ISO-10303-21;
HEADER;
FILE_DESCRIPTION(('FreeCAD Model'),'2;1');
FILE_NAME('Open CASCADE Shape Model','2026-10-02T10:43:00',('FreeCAD'),(
    'FreeCAD'),'Open CASCADE STEP processor 7.8','FreeCAD','Unknown');
FILE_SCHEMA(('AUTOMOTIVE_DESIGN { 1 0 10303 214 1 1 1 1 }'));
ENDSEC;
DATA;
#1 = APPLICATION_PROTOCOL_DEFINITION('international standard',
  'automotive_design',2000,#2);
#2 = APPLICATION_CONTEXT(
  'core data for automotive mechanical design processes');
#3 = SHAPE_DEFINITION_REPRESENTATION(#4,#10);
#4 = PRODUCT_DEFINITION_SHAPE('','',#5);
#5 = PRODUCT_DEFINITION('design','',#6,#9);
#6 = PRODUCT_DEFINITION_FORMATION('','',#7);
#7 = PRODUCT('Open CASCADE STEP translator 7.8 1',
  'Open CASCADE STEP translator 7.8 1','',(#8));
#8 = PRODUCT_CONTEXT('',#2,'mechanical');
#9 = PRODUCT_DEFINITION_CONTEXT('part definition',#2,'design');
#10 = ADVANCED_BREP_SHAPE_REPRESENTATION('',(#11,#15),#18315);
#11 = AXIS2_PLACEMENT_3D('',#12,#13,#14);
#12 = CARTESIAN_POINT('',(0.,0.,0.));
#13 = DIRECTION('',(0.,0.,1.));
#14 = DIRECTION('',(1.,0.,-0.));
#15 = MANIFOLD_SOLID_BREP('',#16);
#16 = CLOSED_SHELL('',(#17,#50,#2585,#2610,#2635,#2660,#2685,#2710,#2735
    ,#2760,#2785,#2810,#2841,#2866,#2890,#2915,#2939,#2964,#2988,#3006,
    #3038,#3062,#3087,#3111,#3142,#3167,#3191,#3216,#3240,#3265,#3289,
    #3307,#3339,#3363,#3388,#3412,#3443,#3468,#3492,#3517,#3541,#3566,
    #3590,#3608,#3640,#3664,#3689,#3713,#3744,#3769,#3793,#3818,#3842,
    #3867,#3891,#3909,#3941,#3965,#3990,#4014,#4045,#4070,#4094,#4119,
    #4143,#4168,#4192,#4210,#4242,#4266,#4291,#4315,#4346,#4371,#4395,
    #4420,#4444,#4469,#4493,#4511,#4543,#4567,#4592,#4616,#4647,#4672,
    #4696,#4721,#4745,#4770,#4794,#4812,#4844,#4868,#4893,#4917,#4948,
    #4973,#4997,#5022,#5046,#5071,#5095,#5113,#5145,#5169,#5194,#5218,
    #5249,#5274,#5298,#5323,#5347,#5372,#5396,#5414,#5446,#5470,#5495,
    #5519,#5550,#5575,#5599,#5624,#5648,#5673,#5697,#5715,#5747,#5771,
    #5796,#5820,#5851,#5876,#5900,#5925,#5949,#5974,#5998,#6016,#6048,
    #6072,#6097,#6121,#6152,#6177,#6201,#6226,#6250,#6275,#6299,#6317,
    #6349,#6373,#6398,#6422,#6453,#6478,#6502,#6527,#6551,#6576,#6600,
    #6618,#6650,#6674,#6699,#6723,#6754,#6779,#6803,#6828,#6852,#6877,
    #6901,#6919,#6951,#6975,#7000,#7024,#7055,#7080,#7104,#7129,#7153,
    #7178,#7202,#7220,#7252,#7276,#7301,#7325,#7356,#7381,#7405,#7430,
    #7454,#7479,#7503,#7521,#7553,#7577,#7602,#7626,#7657,#7682,#7706,
    #7731,#7755,#7780,#7804,#7822,#7854,#7878,#7903,#7927,#7958,#7983,
    #8007,#8032,#8056,#8081,#8105,#8123,#8155,#8179,#8204,#8228,#8259,
    #8284,#8308,#8333,#8357,#8382,#8406,#8424,#8456,#8480,#8505,#8529,
    #8560,#8585,#8609,#8634,#8658,#8683,#8707,#8725,#8757,#8781,#8806,
    #8830,#8861,#8886,#8910,#8935,#8959,#8984,#9008,#9026,#9058,#9082,
    #9107,#9131,#9162,#9187,#9211,#9236,#9260,#9285,#9309,#9327,#9359,
    #9383,#9408,#9432,#9463,#9488,#9512,#9537,#9561,#9586,#9610,#9628,
    #9660,#9684,#9709,#9733,#9764,#9789,#9813,#9838,#9862,#9887,#9911,
    #9929,#9961,#9985,#10010,#10034,#10065,#10090,#10114,#10139,#10163,
    #10188,#10212,#10230,#10262,#10286,#10311,#10335,#10366,#10390,
    #10414,#10431,#10462,#10486,#10528,#10559,#10601,#10632,#10674,
    #10832,#10856,#10881,#10923,#11064,#11088,#11130,#11271,#11295,
    #11327,#11351,#11376,#11401,#11426,#11451,#11476,#11493,#11524,
    #11541,#11572,#11589,#11620,#11637,#11668,#11685,#11716,#11733,
    #11764,#13037,#13069,#13227,#13244,#13261,#13283,#13300,#13317,
    #13329,#13360,#13372,#13403,#13425,#13450,#13474,#13497,#13514,
    #13539,#13563,#13581,#13598,#13615,#13627,#13649,#13674,#13698,
    #13721,#13738,#13763,#13787,#13805,#13822,#13839,#13851,#13873,
    #13898,#13922,#13945,#13962,#13987,#14011,#14029,#14046,#14063,
    #14075,#14097,#14122,#14146,#14169,#14186,#14211,#14235,#14253,
    #14270,#14287,#14299,#14330,#14355,#14379,#14404,#14428,#14453,
    #14477,#14495,#14517,#14534,#14551,#14568,#14599,#14624,#14648,
    #14673,#14697,#14732,#14756,#14774,#14806,#14830,#14855,#14879,
    #14906,#14937,#14962,#14986,#15011,#15035,#15070,#15094,#15112,
    #15144,#15168,#15193,#15217,#15244,#15261,#15278,#15295,#15312,
    #15329,#15346,#15363,#15380,#15397,#15414,#15431,#15448,#15465,
    #15477,#15494,#15506,#15523,#15535,#15552,#15564,#15581,#15598,
    #15615,#15627,#15659,#15683,#15708,#15923,#15940,#15957,#15977,
    #16002,#16022,#16047,#16067,#16092,#16112,#16137,#16157,#16177,
    #16202,#16222,#16247,#16267,#16284,#16301,#16318,#16330,#16352,
    #16364,#16381,#16398,#16415,#16432,#16449,#16466,#16483,#16500,
    #16517,#16534,#16551,#16568,#16585,#16602,#16619,#16636,#16653,
    #16670,#16687,#16704,#16721,#16738,#16755,#16772,#16789,#16806,
    #16823,#16840,#16857,#16874,#16891,#16908,#16925,#16942,#16959,
    #16976,#16993,#17005,#17022,#17039,#17051,#17068,#17085,#17097,
    #17114,#17131,#17143,#17160,#17177,#17189,#17206,#17223,#17235,
    #17252,#17269,#17281,#17298,#17315,#17327,#17344,#17361,#17373,
    #17390,#17407,#17419,#17436,#17453,#17465,#17482,#17499,#17511,
    #17528,#17545,#17557,#17574,#17591,#17603,#17620,#17637,#17649,
    #17666,#17683,#17695,#17712,#17729,#17741,#17758,#17775,#17787,
    #17804,#17821,#17833,#17850,#17867,#17879,#17896,#17913,#17925,
    #17942,#17959,#17971,#17988,#18005,#18017,#18034,#18051,#18063,
    #18080,#18097,#18109,#18126,#18143,#18155,#18172,#18189,#18206,
    #18223,#18240,#18257,#18274,#18291,#18303));
#17 = ADVANCED_FACE('',(#18),#45,.F.);
#18 = FACE_BOUND('',#19,.F.);
#19 = EDGE_LOOP('',(#20,#30,#37,#38));
#20 = ORIENTED_EDGE('',*,*,#21,.T.);
#21 = EDGE_CURVE('',#22,#24,#26,.T.);
#22 = VERTEX_POINT('',#23);
#23 = CARTESIAN_POINT('',(50.446356856598,-151.8443824536,
    133.90296697168));
#24 = VERTEX_POINT('',#25);
#25 = CARTESIAN_POINT('',(48.696356856598,-153.5943824536,
    133.90296697168));
#26 = LINE('',#27,#28);
#27 = CARTESIAN_POINT('',(49.571356856598,-152.7193824536,
    133.90296697168));
#28 = VECTOR('',#29,1.);
#29 = DIRECTION('',(-0.707106781187,-0.707106781186,3.674188561901E-14)
  );
#30 = ORIENTED_EDGE('',*,*,#31,.F.);
#31 = EDGE_CURVE('',#24,#24,#32,.T.);
#32 = CIRCLE('',#33,4.);
#33 = AXIS2_PLACEMENT_3D('',#34,#35,#36);
#34 = CARTESIAN_POINT('',(52.696356856598,-153.5943824536,
    133.90296697168));
#35 = DIRECTION('',(1.852075225885E-29,-1.,5.200354036283E-14));
#36 = DIRECTION('',(1.,1.202550606141E-29,-1.249000770354E-16));
#37 = ORIENTED_EDGE('',*,*,#21,.F.);
#38 = ORIENTED_EDGE('',*,*,#39,.F.);
#39 = EDGE_CURVE('',#22,#22,#40,.T.);
#40 = CIRCLE('',#41,2.25);
#41 = AXIS2_PLACEMENT_3D('',#42,#43,#44);
#42 = CARTESIAN_POINT('',(52.696356856598,-151.8443824536,
    133.90296697168));
#43 = DIRECTION('',(-1.852075225885E-29,1.,-5.200354036283E-14));
#44 = DIRECTION('',(1.,1.202550606141E-29,-1.249000770354E-16));
#45 = CONICAL_SURFACE('',#46,3.125,0.785398163398);
#46 = AXIS2_PLACEMENT_3D('',#47,#48,#49);
#47 = CARTESIAN_POINT('',(52.696356856598,-152.7193824536,
    133.90296697168));
#48 = DIRECTION('',(-5.756219417785E-30,-1.,5.195843755246E-14));
#49 = DIRECTION('',(1.,-1.224583227073E-29,-1.249000770354E-16));
#50 = ADVANCED_FACE('',(#51,#85,#96,#107,#177,#247,#317,#387,#457,#527,
    #597,#667,#737,#807,#877,#947,#1017,#1087,#1157,#1227,#1324,#1421,
    #1432,#1443,#1454,#1465,#1476,#1487,#1498,#1509,#1520,#1531,#1542,
    #1553,#1564,#1575,#1645,#1715,#1785,#1855,#1925,#1995,#2065,#2135,
    #2205,#2275,#2345,#2415,#2485,#2555,#2566,#2577),#2580,.T.);
#51 = FACE_BOUND('',#52,.T.);
#52 = EDGE_LOOP('',(#53,#63,#71,#79));
#53 = ORIENTED_EDGE('',*,*,#54,.F.);
#54 = EDGE_CURVE('',#55,#57,#59,.T.);
#55 = VERTEX_POINT('',#56);
#56 = CARTESIAN_POINT('',(512.19634038579,-153.5943824537,
    -461.5970093097));
#57 = VERTEX_POINT('',#58);
#58 = CARTESIAN_POINT('',(16.196395427781,-153.5943824537,
    -461.5970093097));
#59 = LINE('',#60,#61);
#60 = CARTESIAN_POINT('',(268.69633007514,-153.5943824537,
    -461.5970093097));
#61 = VECTOR('',#62,1.);
#62 = DIRECTION('',(-1.,4.57075656873E-28,9.145462132262E-15));
#63 = ORIENTED_EDGE('',*,*,#64,.F.);
#64 = EDGE_CURVE('',#65,#55,#67,.T.);
#65 = VERTEX_POINT('',#66);
#66 = CARTESIAN_POINT('',(512.19634038579,-153.5943824536,
    142.90296816979));
#67 = LINE('',#68,#69);
#68 = CARTESIAN_POINT('',(512.19634038579,-153.5943824537,
    -377.5721952648));
#69 = VECTOR('',#70,1.);
#70 = DIRECTION('',(4.924291309876E-17,-5.200354036283E-14,-1.));
#71 = ORIENTED_EDGE('',*,*,#72,.F.);
#72 = EDGE_CURVE('',#73,#65,#75,.T.);
#73 = VERTEX_POINT('',#74);
#74 = CARTESIAN_POINT('',(16.196395427787,-153.5943824536,
    142.90296816979));
#75 = LINE('',#76,#77);
#76 = CARTESIAN_POINT('',(273.96588243019,-153.5943824536,
    142.90296816979));
#77 = VECTOR('',#78,1.);
#78 = DIRECTION('',(1.,-2.916404945827E-28,-5.96423329407E-15));
#79 = ORIENTED_EDGE('',*,*,#80,.F.);
#80 = EDGE_CURVE('',#57,#73,#81,.T.);
#81 = LINE('',#82,#83);
#82 = CARTESIAN_POINT('',(16.196395427782,-153.5943824537,-357.447352992
    ));
#83 = VECTOR('',#84,1.);
#84 = DIRECTION('',(1.04499741862E-14,5.200354036283E-14,1.));
#85 = FACE_BOUND('',#86,.T.);
#86 = EDGE_LOOP('',(#87));
#87 = ORIENTED_EDGE('',*,*,#88,.F.);
#88 = EDGE_CURVE('',#89,#89,#91,.T.);
#89 = VERTEX_POINT('',#90);
#90 = CARTESIAN_POINT('',(471.69690466302,-153.5943824536,
    133.90296727223));
#91 = CIRCLE('',#92,4.);
#92 = AXIS2_PLACEMENT_3D('',#93,#94,#95);
#93 = CARTESIAN_POINT('',(475.69690466302,-153.5943824536,
    133.90296727223));
#94 = DIRECTION('',(1.852075225885E-29,-1.,5.200354036283E-14));
#95 = DIRECTION('',(1.,1.202550606141E-29,-1.249000770354E-16));
#96 = FACE_BOUND('',#97,.T.);
#97 = EDGE_LOOP('',(#98));
#98 = ORIENTED_EDGE('',*,*,#99,.F.);
#99 = EDGE_CURVE('',#100,#100,#102,.T.);
#100 = VERTEX_POINT('',#101);
#101 = CARTESIAN_POINT('',(48.696646968094,-153.5943824537,
    -452.5970367556));
#102 = CIRCLE('',#103,4.);
#103 = AXIS2_PLACEMENT_3D('',#104,#105,#106);
#104 = CARTESIAN_POINT('',(52.696646968094,-153.5943824537,
    -452.5970367556));
#105 = DIRECTION('',(1.852075225885E-29,-1.,5.200354036283E-14));
#106 = DIRECTION('',(1.,1.202550606141E-29,-1.249000770354E-16));
#107 = FACE_BOUND('',#108,.T.);
#108 = EDGE_LOOP('',(#109,#119,#128,#136,#145,#153,#162,#170));
#109 = ORIENTED_EDGE('',*,*,#110,.F.);
#110 = EDGE_CURVE('',#111,#113,#115,.T.);
#111 = VERTEX_POINT('',#112);
#112 = CARTESIAN_POINT('',(475.19636790678,-153.5943824536,
    111.90296816252));
#113 = VERTEX_POINT('',#114);
#114 = CARTESIAN_POINT('',(475.19636790678,-153.5943824536,
    -272.0970318374));
#115 = LINE('',#116,#117);
#116 = CARTESIAN_POINT('',(475.19636790678,-153.5943824537,
    -356.3221924147));
#117 = VECTOR('',#118,1.);
#118 = DIRECTION('',(-1.249000770354E-16,-5.200354036283E-14,-1.));
#119 = ORIENTED_EDGE('',*,*,#120,.F.);
#120 = EDGE_CURVE('',#121,#111,#123,.T.);
#121 = VERTEX_POINT('',#122);
#122 = CARTESIAN_POINT('',(478.19636790678,-153.5943824536,
    114.90296816252));
#123 = CIRCLE('',#124,3.);
#124 = AXIS2_PLACEMENT_3D('',#125,#126,#127);
#125 = CARTESIAN_POINT('',(478.19636790678,-153.5943824536,
    111.90296816252));
#126 = DIRECTION('',(1.478095660195E-29,-1.,5.200354036283E-14));
#127 = DIRECTION('',(-0.707106781187,3.677205603627E-14,0.707106781187)
  );
#128 = ORIENTED_EDGE('',*,*,#129,.F.);
#129 = EDGE_CURVE('',#130,#121,#132,.T.);
#130 = VERTEX_POINT('',#131);
#131 = CARTESIAN_POINT('',(482.19636790678,-153.5943824536,
    114.90296816252));
#132 = LINE('',#133,#134);
#133 = CARTESIAN_POINT('',(375.44657543042,-153.5943824536,
    114.90296816252));
#134 = VECTOR('',#135,1.);
#135 = DIRECTION('',(-1.,-1.202550606141E-29,1.249000770354E-16));
#136 = ORIENTED_EDGE('',*,*,#137,.F.);
#137 = EDGE_CURVE('',#138,#130,#140,.T.);
#138 = VERTEX_POINT('',#139);
#139 = CARTESIAN_POINT('',(485.19636790678,-153.5943824536,
    111.90296816252));
#140 = CIRCLE('',#141,3.);
#141 = AXIS2_PLACEMENT_3D('',#142,#143,#144);
#142 = CARTESIAN_POINT('',(482.19636790678,-153.5943824536,
    111.90296816252));
#143 = DIRECTION('',(1.51435806674E-29,-1.,5.200354036283E-14));
#144 = DIRECTION('',(0.707106781187,3.677205603627E-14,0.707106781187));
#145 = ORIENTED_EDGE('',*,*,#146,.F.);
#146 = EDGE_CURVE('',#147,#138,#149,.T.);
#147 = VERTEX_POINT('',#148);
#148 = CARTESIAN_POINT('',(485.19636790678,-153.5943824536,
    -272.0970318374));
#149 = LINE('',#150,#151);
#150 = CARTESIAN_POINT('',(485.19636790678,-153.5943824536,
    -159.3221924147));
#151 = VECTOR('',#152,1.);
#152 = DIRECTION('',(1.249000770354E-16,5.200354036283E-14,1.));
#153 = ORIENTED_EDGE('',*,*,#154,.F.);
#154 = EDGE_CURVE('',#155,#147,#157,.T.);
#155 = VERTEX_POINT('',#156);
#156 = CARTESIAN_POINT('',(482.19636790678,-153.5943824536,
    -275.0970318374));
#157 = CIRCLE('',#158,3.);
#158 = AXIS2_PLACEMENT_3D('',#159,#160,#161);
#159 = CARTESIAN_POINT('',(482.19636790678,-153.5943824536,
    -272.0970318374));
#160 = DIRECTION('',(1.852075225885E-29,-1.,5.200354036283E-14));
#161 = DIRECTION('',(-1.249000770354E-16,-5.200354036283E-14,-1.));
#162 = ORIENTED_EDGE('',*,*,#163,.F.);
#163 = EDGE_CURVE('',#164,#155,#166,.T.);
#164 = VERTEX_POINT('',#165);
#165 = CARTESIAN_POINT('',(478.19636790678,-153.5943824536,
    -275.0970318374));
#166 = LINE('',#167,#168);
#167 = CARTESIAN_POINT('',(377.44657543042,-153.5943824536,
    -275.0970318374));
#168 = VECTOR('',#169,1.);
#169 = DIRECTION('',(1.,1.202550606142E-29,-1.249000770353E-16));
#170 = ORIENTED_EDGE('',*,*,#171,.F.);
#171 = EDGE_CURVE('',#113,#164,#172,.T.);
#172 = CIRCLE('',#173,3.);
#173 = AXIS2_PLACEMENT_3D('',#174,#175,#176);
#174 = CARTESIAN_POINT('',(478.19636790678,-153.5943824536,
    -272.0970318374));
#175 = DIRECTION('',(1.852075225885E-29,-1.,5.200354036283E-14));
#176 = DIRECTION('',(-1.,-1.859562397992E-27,-3.540223671097E-14));
#177 = FACE_BOUND('',#178,.T.);
#178 = EDGE_LOOP('',(#179,#189,#198,#206,#215,#223,#232,#240));
#179 = ORIENTED_EDGE('',*,*,#180,.F.);
#180 = EDGE_CURVE('',#181,#183,#185,.T.);
#181 = VERTEX_POINT('',#182);
#182 = CARTESIAN_POINT('',(439.19636790678,-153.5943824536,
    111.90296816252));
#183 = VERTEX_POINT('',#184);
#184 = CARTESIAN_POINT('',(439.19636790678,-153.5943824536,
    -272.0970318374));
#185 = LINE('',#186,#187);
#186 = CARTESIAN_POINT('',(439.19636790678,-153.5943824537,
    -356.3221924147));
#187 = VECTOR('',#188,1.);
#188 = DIRECTION('',(-1.249000770354E-16,-5.200354036283E-14,-1.));
#189 = ORIENTED_EDGE('',*,*,#190,.F.);
#190 = EDGE_CURVE('',#191,#181,#193,.T.);
#191 = VERTEX_POINT('',#192);
#192 = CARTESIAN_POINT('',(442.19636790678,-153.5943824536,
    114.90296816252));
#193 = CIRCLE('',#194,3.);
#194 = AXIS2_PLACEMENT_3D('',#195,#196,#197);
#195 = CARTESIAN_POINT('',(442.19636790678,-153.5943824536,
    111.90296816252));
#196 = DIRECTION('',(1.4227713268E-29,-1.,5.200354036283E-14));
#197 = DIRECTION('',(-0.707106781187,3.677205603627E-14,0.707106781187)
  );
#198 = ORIENTED_EDGE('',*,*,#199,.F.);
#199 = EDGE_CURVE('',#200,#191,#202,.T.);
#200 = VERTEX_POINT('',#201);
#201 = CARTESIAN_POINT('',(446.19636790678,-153.5943824536,
    114.90296816252));
#202 = LINE('',#203,#204);
#203 = CARTESIAN_POINT('',(357.44657543042,-153.5943824536,
    114.90296816252));
#204 = VECTOR('',#205,1.);
#205 = DIRECTION('',(-1.,-1.202550606141E-29,1.249000770354E-16));
#206 = ORIENTED_EDGE('',*,*,#207,.F.);
#207 = EDGE_CURVE('',#208,#200,#210,.T.);
#208 = VERTEX_POINT('',#209);
#209 = CARTESIAN_POINT('',(449.19636790678,-153.5943824536,
    111.90296816252));
#210 = CIRCLE('',#211,3.);
#211 = AXIS2_PLACEMENT_3D('',#212,#213,#214);
#212 = CARTESIAN_POINT('',(446.19636790678,-153.5943824536,
    111.90296816252));
#213 = DIRECTION('',(1.254138038047E-29,-1.,5.200354036283E-14));
#214 = DIRECTION('',(0.707106781187,3.677205603627E-14,0.707106781187));
#215 = ORIENTED_EDGE('',*,*,#216,.F.);
#216 = EDGE_CURVE('',#217,#208,#219,.T.);
#217 = VERTEX_POINT('',#218);
#218 = CARTESIAN_POINT('',(449.19636790678,-153.5943824536,
    -272.0970318374));
#219 = LINE('',#220,#221);
#220 = CARTESIAN_POINT('',(449.19636790678,-153.5943824536,
    -159.3221924147));
#221 = VECTOR('',#222,1.);
#222 = DIRECTION('',(1.249000770354E-16,5.200354036283E-14,1.));
#223 = ORIENTED_EDGE('',*,*,#224,.F.);
#224 = EDGE_CURVE('',#225,#217,#227,.T.);
#225 = VERTEX_POINT('',#226);
#226 = CARTESIAN_POINT('',(446.19636790678,-153.5943824536,
    -275.0970318374));
#227 = CIRCLE('',#228,3.);
#228 = AXIS2_PLACEMENT_3D('',#229,#230,#231);
#229 = CARTESIAN_POINT('',(446.19636790678,-153.5943824536,
    -272.0970318374));
#230 = DIRECTION('',(1.852075225885E-29,-1.,5.200354036283E-14));
#231 = DIRECTION('',(-1.249000770354E-16,-5.200354036283E-14,-1.));
#232 = ORIENTED_EDGE('',*,*,#233,.F.);
#233 = EDGE_CURVE('',#234,#225,#236,.T.);
#234 = VERTEX_POINT('',#235);
#235 = CARTESIAN_POINT('',(442.19636790678,-153.5943824536,
    -275.0970318374));
#236 = LINE('',#237,#238);
#237 = CARTESIAN_POINT('',(359.44657543042,-153.5943824536,
    -275.0970318374));
#238 = VECTOR('',#239,1.);
#239 = DIRECTION('',(1.,1.202550606142E-29,-1.249000770353E-16));
#240 = ORIENTED_EDGE('',*,*,#241,.F.);
#241 = EDGE_CURVE('',#183,#234,#242,.T.);
#242 = CIRCLE('',#243,3.);
#243 = AXIS2_PLACEMENT_3D('',#244,#245,#246);
#244 = CARTESIAN_POINT('',(442.19636790678,-153.5943824536,
    -272.0970318374));
#245 = DIRECTION('',(1.852075225885E-29,-1.,5.200354036283E-14));
#246 = DIRECTION('',(-1.,-1.859562397992E-27,-3.540223671097E-14));
#247 = FACE_BOUND('',#248,.T.);
#248 = EDGE_LOOP('',(#249,#259,#268,#276,#285,#293,#302,#310));
#249 = ORIENTED_EDGE('',*,*,#250,.F.);
#250 = EDGE_CURVE('',#251,#253,#255,.T.);
#251 = VERTEX_POINT('',#252);
#252 = CARTESIAN_POINT('',(403.19636790678,-153.5943824536,
    111.90296816252));
#253 = VERTEX_POINT('',#254);
#254 = CARTESIAN_POINT('',(403.19636790678,-153.5943824536,
    -272.0970318374));
#255 = LINE('',#256,#257);
#256 = CARTESIAN_POINT('',(403.19636790678,-153.5943824537,
    -356.3221924147));
#257 = VECTOR('',#258,1.);
#258 = DIRECTION('',(-1.249000770354E-16,-5.200354036283E-14,-1.));
#259 = ORIENTED_EDGE('',*,*,#260,.F.);
#260 = EDGE_CURVE('',#261,#251,#263,.T.);
#261 = VERTEX_POINT('',#262);
#262 = CARTESIAN_POINT('',(406.19636790678,-153.5943824536,
    114.90296816252));
#263 = CIRCLE('',#264,3.);
#264 = AXIS2_PLACEMENT_3D('',#265,#266,#267);
#265 = CARTESIAN_POINT('',(406.19636790678,-153.5943824536,
    111.90296816252));
#266 = DIRECTION('',(1.478095660195E-29,-1.,5.200354036283E-14));
#267 = DIRECTION('',(-0.707106781187,3.677205603627E-14,0.707106781187)
  );
#268 = ORIENTED_EDGE('',*,*,#269,.F.);
#269 = EDGE_CURVE('',#270,#261,#272,.T.);
#270 = VERTEX_POINT('',#271);
#271 = CARTESIAN_POINT('',(410.19636790678,-153.5943824536,
    114.90296816252));
#272 = LINE('',#273,#274);
#273 = CARTESIAN_POINT('',(339.44657543042,-153.5943824536,
    114.90296816252));
#274 = VECTOR('',#275,1.);
#275 = DIRECTION('',(-1.,-1.202550606141E-29,1.249000770354E-16));
#276 = ORIENTED_EDGE('',*,*,#277,.F.);
#277 = EDGE_CURVE('',#278,#270,#280,.T.);
#278 = VERTEX_POINT('',#279);
#279 = CARTESIAN_POINT('',(413.19636790678,-153.5943824536,
    111.90296816252));
#280 = CIRCLE('',#281,3.);
#281 = AXIS2_PLACEMENT_3D('',#282,#283,#284);
#282 = CARTESIAN_POINT('',(410.19636790678,-153.5943824536,
    111.90296816252));
#283 = DIRECTION('',(1.307358671927E-29,-1.,5.200354036283E-14));
#284 = DIRECTION('',(0.707106781187,3.677205603627E-14,0.707106781187));
#285 = ORIENTED_EDGE('',*,*,#286,.F.);
#286 = EDGE_CURVE('',#287,#278,#289,.T.);
#287 = VERTEX_POINT('',#288);
#288 = CARTESIAN_POINT('',(413.19636790678,-153.5943824536,
    -272.0970318374));
#289 = LINE('',#290,#291);
#290 = CARTESIAN_POINT('',(413.19636790678,-153.5943824536,
    -159.3221924147));
#291 = VECTOR('',#292,1.);
#292 = DIRECTION('',(1.249000770354E-16,5.200354036283E-14,1.));
#293 = ORIENTED_EDGE('',*,*,#294,.F.);
#294 = EDGE_CURVE('',#295,#287,#297,.T.);
#295 = VERTEX_POINT('',#296);
#296 = CARTESIAN_POINT('',(410.19636790678,-153.5943824536,
    -275.0970318374));
#297 = CIRCLE('',#298,3.);
#298 = AXIS2_PLACEMENT_3D('',#299,#300,#301);
#299 = CARTESIAN_POINT('',(410.19636790678,-153.5943824536,
    -272.0970318374));
#300 = DIRECTION('',(1.852075225885E-29,-1.,5.200354036283E-14));
#301 = DIRECTION('',(-1.249000770354E-16,-5.200354036283E-14,-1.));
#302 = ORIENTED_EDGE('',*,*,#303,.F.);
#303 = EDGE_CURVE('',#304,#295,#306,.T.);
#304 = VERTEX_POINT('',#305);
#305 = CARTESIAN_POINT('',(406.19636790678,-153.5943824536,
    -275.0970318374));
#306 = LINE('',#307,#308);
#307 = CARTESIAN_POINT('',(341.44657543042,-153.5943824536,
    -275.0970318374));
#308 = VECTOR('',#309,1.);
#309 = DIRECTION('',(1.,1.202550606142E-29,-1.249000770353E-16));
#310 = ORIENTED_EDGE('',*,*,#311,.F.);
#311 = EDGE_CURVE('',#253,#304,#312,.T.);
#312 = CIRCLE('',#313,3.);
#313 = AXIS2_PLACEMENT_3D('',#314,#315,#316);
#314 = CARTESIAN_POINT('',(406.19636790678,-153.5943824536,
    -272.0970318374));
#315 = DIRECTION('',(1.852075225885E-29,-1.,5.200354036283E-14));
#316 = DIRECTION('',(-1.,-1.859562397992E-27,-3.540223671097E-14));
#317 = FACE_BOUND('',#318,.T.);
#318 = EDGE_LOOP('',(#319,#329,#338,#346,#355,#363,#372,#380));
#319 = ORIENTED_EDGE('',*,*,#320,.F.);
#320 = EDGE_CURVE('',#321,#323,#325,.T.);
#321 = VERTEX_POINT('',#322);
#322 = CARTESIAN_POINT('',(367.19636790678,-153.5943824536,
    111.90296816252));
#323 = VERTEX_POINT('',#324);
#324 = CARTESIAN_POINT('',(367.19636790678,-153.5943824536,
    -272.0970318374));
#325 = LINE('',#326,#327);
#326 = CARTESIAN_POINT('',(367.19636790678,-153.5943824537,
    -356.3221924147));
#327 = VECTOR('',#328,1.);
#328 = DIRECTION('',(-1.249000770354E-16,-5.200354036283E-14,-1.));
#329 = ORIENTED_EDGE('',*,*,#330,.F.);
#330 = EDGE_CURVE('',#331,#321,#333,.T.);
#331 = VERTEX_POINT('',#332);
#332 = CARTESIAN_POINT('',(370.19636790678,-153.5943824536,
    114.90296816252));
#333 = CIRCLE('',#334,3.);
#334 = AXIS2_PLACEMENT_3D('',#335,#336,#337);
#335 = CARTESIAN_POINT('',(370.19636790678,-153.5943824536,
    111.90296816252));
#336 = DIRECTION('',(1.4227713268E-29,-1.,5.200354036283E-14));
#337 = DIRECTION('',(-0.707106781187,3.677205603627E-14,0.707106781187)
  );
#338 = ORIENTED_EDGE('',*,*,#339,.F.);
#339 = EDGE_CURVE('',#340,#331,#342,.T.);
#340 = VERTEX_POINT('',#341);
#341 = CARTESIAN_POINT('',(374.19636790678,-153.5943824536,
    114.90296816252));
#342 = LINE('',#343,#344);
#343 = CARTESIAN_POINT('',(321.44657543042,-153.5943824536,
    114.90296816252));
#344 = VECTOR('',#345,1.);
#345 = DIRECTION('',(-1.,-1.202550606141E-29,1.249000770354E-16));
#346 = ORIENTED_EDGE('',*,*,#347,.F.);
#347 = EDGE_CURVE('',#348,#340,#350,.T.);
#348 = VERTEX_POINT('',#349);
#349 = CARTESIAN_POINT('',(377.19636790678,-153.5943824536,
    111.90296816252));
#350 = CIRCLE('',#351,3.);
#351 = AXIS2_PLACEMENT_3D('',#352,#353,#354);
#352 = CARTESIAN_POINT('',(374.19636790678,-153.5943824536,
    111.90296816252));
#353 = DIRECTION('',(1.906199069333E-29,-1.,5.200354036283E-14));
#354 = DIRECTION('',(0.707106781187,3.677205603627E-14,0.707106781187));
#355 = ORIENTED_EDGE('',*,*,#356,.F.);
#356 = EDGE_CURVE('',#357,#348,#359,.T.);
#357 = VERTEX_POINT('',#358);
#358 = CARTESIAN_POINT('',(377.19636790678,-153.5943824536,
    -272.0970318374));
#359 = LINE('',#360,#361);
#360 = CARTESIAN_POINT('',(377.19636790678,-153.5943824536,
    -159.3221924147));
#361 = VECTOR('',#362,1.);
#362 = DIRECTION('',(1.249000770354E-16,5.200354036283E-14,1.));
#363 = ORIENTED_EDGE('',*,*,#364,.F.);
#364 = EDGE_CURVE('',#365,#357,#367,.T.);
#365 = VERTEX_POINT('',#366);
#366 = CARTESIAN_POINT('',(374.19636790678,-153.5943824536,
    -275.0970318374));
#367 = CIRCLE('',#368,3.);
#368 = AXIS2_PLACEMENT_3D('',#369,#370,#371);
#369 = CARTESIAN_POINT('',(374.19636790678,-153.5943824536,
    -272.0970318374));
#370 = DIRECTION('',(1.852075225885E-29,-1.,5.200354036283E-14));
#371 = DIRECTION('',(-1.249000770354E-16,-5.200354036283E-14,-1.));
#372 = ORIENTED_EDGE('',*,*,#373,.F.);
#373 = EDGE_CURVE('',#374,#365,#376,.T.);
#374 = VERTEX_POINT('',#375);
#375 = CARTESIAN_POINT('',(370.19636790678,-153.5943824536,
    -275.0970318374));
#376 = LINE('',#377,#378);
#377 = CARTESIAN_POINT('',(323.44657543042,-153.5943824536,
    -275.0970318374));
#378 = VECTOR('',#379,1.);
#379 = DIRECTION('',(1.,1.202550606142E-29,-1.249000770353E-16));
#380 = ORIENTED_EDGE('',*,*,#381,.F.);
#381 = EDGE_CURVE('',#323,#374,#382,.T.);
#382 = CIRCLE('',#383,3.);
#383 = AXIS2_PLACEMENT_3D('',#384,#385,#386);
#384 = CARTESIAN_POINT('',(370.19636790678,-153.5943824536,
    -272.0970318374));
#385 = DIRECTION('',(1.852075225885E-29,-1.,5.200354036283E-14));
#386 = DIRECTION('',(-1.,-1.859562397992E-27,-3.540223671097E-14));
#387 = FACE_BOUND('',#388,.T.);
#388 = EDGE_LOOP('',(#389,#399,#408,#416,#425,#433,#442,#450));
#389 = ORIENTED_EDGE('',*,*,#390,.F.);
#390 = EDGE_CURVE('',#391,#393,#395,.T.);
#391 = VERTEX_POINT('',#392);
#392 = CARTESIAN_POINT('',(331.19636790678,-153.5943824536,
    111.90296816252));
#393 = VERTEX_POINT('',#394);
#394 = CARTESIAN_POINT('',(331.19636790678,-153.5943824536,
    -272.0970318374));
#395 = LINE('',#396,#397);
#396 = CARTESIAN_POINT('',(331.19636790678,-153.5943824537,
    -356.3221924147));
#397 = VECTOR('',#398,1.);
#398 = DIRECTION('',(-1.249000770354E-16,-5.200354036283E-14,-1.));
#399 = ORIENTED_EDGE('',*,*,#400,.F.);
#400 = EDGE_CURVE('',#401,#391,#403,.T.);
#401 = VERTEX_POINT('',#402);
#402 = CARTESIAN_POINT('',(334.19636790678,-153.5943824536,
    114.90296816252));
#403 = CIRCLE('',#404,3.);
#404 = AXIS2_PLACEMENT_3D('',#405,#406,#407);
#405 = CARTESIAN_POINT('',(334.19636790678,-153.5943824536,
    111.90296816252));
#406 = DIRECTION('',(1.478095660195E-29,-1.,5.200354036283E-14));
#407 = DIRECTION('',(-0.707106781187,3.677205603627E-14,0.707106781187)
  );
#408 = ORIENTED_EDGE('',*,*,#409,.F.);
#409 = EDGE_CURVE('',#410,#401,#412,.T.);
#410 = VERTEX_POINT('',#411);
#411 = CARTESIAN_POINT('',(338.19636790678,-153.5943824536,
    114.90296816252));
#412 = LINE('',#413,#414);
#413 = CARTESIAN_POINT('',(303.44657543042,-153.5943824536,
    114.90296816252));
#414 = VECTOR('',#415,1.);
#415 = DIRECTION('',(-1.,-1.202550606141E-29,1.249000770354E-16));
#416 = ORIENTED_EDGE('',*,*,#417,.F.);
#417 = EDGE_CURVE('',#418,#410,#420,.T.);
#418 = VERTEX_POINT('',#419);
#419 = CARTESIAN_POINT('',(341.19636790678,-153.5943824536,
    111.90296816252));
#420 = CIRCLE('',#421,3.);
#421 = AXIS2_PLACEMENT_3D('',#422,#423,#424);
#422 = CARTESIAN_POINT('',(338.19636790678,-153.5943824536,
    111.90296816252));
#423 = DIRECTION('',(1.307358671927E-29,-1.,5.200354036283E-14));
#424 = DIRECTION('',(0.707106781187,3.677205603627E-14,0.707106781187));
#425 = ORIENTED_EDGE('',*,*,#426,.F.);
#426 = EDGE_CURVE('',#427,#418,#429,.T.);
#427 = VERTEX_POINT('',#428);
#428 = CARTESIAN_POINT('',(341.19636790678,-153.5943824536,
    -272.0970318374));
#429 = LINE('',#430,#431);
#430 = CARTESIAN_POINT('',(341.19636790678,-153.5943824536,
    -159.3221924147));
#431 = VECTOR('',#432,1.);
#432 = DIRECTION('',(1.249000770354E-16,5.200354036283E-14,1.));
#433 = ORIENTED_EDGE('',*,*,#434,.F.);
#434 = EDGE_CURVE('',#435,#427,#437,.T.);
#435 = VERTEX_POINT('',#436);
#436 = CARTESIAN_POINT('',(338.19636790678,-153.5943824536,
    -275.0970318374));
#437 = CIRCLE('',#438,3.);
#438 = AXIS2_PLACEMENT_3D('',#439,#440,#441);
#439 = CARTESIAN_POINT('',(338.19636790678,-153.5943824536,
    -272.0970318374));
#440 = DIRECTION('',(1.852075225885E-29,-1.,5.200354036283E-14));
#441 = DIRECTION('',(-1.249000770354E-16,-5.200354036283E-14,-1.));
#442 = ORIENTED_EDGE('',*,*,#443,.F.);
#443 = EDGE_CURVE('',#444,#435,#446,.T.);
#444 = VERTEX_POINT('',#445);
#445 = CARTESIAN_POINT('',(334.19636790678,-153.5943824536,
    -275.0970318374));
#446 = LINE('',#447,#448);
#447 = CARTESIAN_POINT('',(305.44657543042,-153.5943824536,
    -275.0970318374));
#448 = VECTOR('',#449,1.);
#449 = DIRECTION('',(1.,1.202550606142E-29,-1.249000770353E-16));
#450 = ORIENTED_EDGE('',*,*,#451,.F.);
#451 = EDGE_CURVE('',#393,#444,#452,.T.);
#452 = CIRCLE('',#453,3.);
#453 = AXIS2_PLACEMENT_3D('',#454,#455,#456);
#454 = CARTESIAN_POINT('',(334.19636790678,-153.5943824536,
    -272.0970318374));
#455 = DIRECTION('',(1.852075225885E-29,-1.,5.200354036283E-14));
#456 = DIRECTION('',(-1.,-1.859562397992E-27,-3.540223671097E-14));
#457 = FACE_BOUND('',#458,.T.);
#458 = EDGE_LOOP('',(#459,#469,#478,#486,#495,#503,#512,#520));
#459 = ORIENTED_EDGE('',*,*,#460,.F.);
#460 = EDGE_CURVE('',#461,#463,#465,.T.);
#461 = VERTEX_POINT('',#462);
#462 = CARTESIAN_POINT('',(295.19636790678,-153.5943824536,
    111.90296816252));
#463 = VERTEX_POINT('',#464);
#464 = CARTESIAN_POINT('',(295.19636790678,-153.5943824536,
    -272.0970318374));
#465 = LINE('',#466,#467);
#466 = CARTESIAN_POINT('',(295.19636790678,-153.5943824537,
    -356.3221924147));
#467 = VECTOR('',#468,1.);
#468 = DIRECTION('',(-1.249000770354E-16,-5.200354036283E-14,-1.));
#469 = ORIENTED_EDGE('',*,*,#470,.F.);
#470 = EDGE_CURVE('',#471,#461,#473,.T.);
#471 = VERTEX_POINT('',#472);
#472 = CARTESIAN_POINT('',(298.19636790678,-153.5943824536,
    114.90296816252));
#473 = CIRCLE('',#474,3.);
#474 = AXIS2_PLACEMENT_3D('',#475,#476,#477);
#475 = CARTESIAN_POINT('',(298.19636790678,-153.5943824536,
    111.90296816252));
#476 = DIRECTION('',(1.401799019691E-29,-1.,5.200354036283E-14));
#477 = DIRECTION('',(-0.707106781187,3.677205603627E-14,0.707106781187)
  );
#478 = ORIENTED_EDGE('',*,*,#479,.F.);
#479 = EDGE_CURVE('',#480,#471,#482,.T.);
#480 = VERTEX_POINT('',#481);
#481 = CARTESIAN_POINT('',(302.19636790678,-153.5943824536,
    114.90296816252));
#482 = LINE('',#483,#484);
#483 = CARTESIAN_POINT('',(285.44657543042,-153.5943824536,
    114.90296816252));
#484 = VECTOR('',#485,1.);
#485 = DIRECTION('',(-1.,-1.202550606141E-29,1.249000770354E-16));
#486 = ORIENTED_EDGE('',*,*,#487,.F.);
#487 = EDGE_CURVE('',#488,#480,#490,.T.);
#488 = VERTEX_POINT('',#489);
#489 = CARTESIAN_POINT('',(305.19636790678,-153.5943824536,
    111.90296816252));
#490 = CIRCLE('',#491,3.);
#491 = AXIS2_PLACEMENT_3D('',#492,#493,#494);
#492 = CARTESIAN_POINT('',(302.19636790678,-153.5943824536,
    111.90296816252));
#493 = DIRECTION('',(1.254138038047E-29,-1.,5.200354036283E-14));
#494 = DIRECTION('',(0.707106781187,3.677205603627E-14,0.707106781187));
#495 = ORIENTED_EDGE('',*,*,#496,.F.);
#496 = EDGE_CURVE('',#497,#488,#499,.T.);
#497 = VERTEX_POINT('',#498);
#498 = CARTESIAN_POINT('',(305.19636790678,-153.5943824536,
    -272.0970318374));
#499 = LINE('',#500,#501);
#500 = CARTESIAN_POINT('',(305.19636790678,-153.5943824536,
    -159.3221924147));
#501 = VECTOR('',#502,1.);
#502 = DIRECTION('',(1.249000770354E-16,5.200354036283E-14,1.));
#503 = ORIENTED_EDGE('',*,*,#504,.F.);
#504 = EDGE_CURVE('',#505,#497,#507,.T.);
#505 = VERTEX_POINT('',#506);
#506 = CARTESIAN_POINT('',(302.19636790678,-153.5943824536,
    -275.0970318374));
#507 = CIRCLE('',#508,3.);
#508 = AXIS2_PLACEMENT_3D('',#509,#510,#511);
#509 = CARTESIAN_POINT('',(302.19636790678,-153.5943824536,
    -272.0970318374));
#510 = DIRECTION('',(1.852075225885E-29,-1.,5.200354036283E-14));
#511 = DIRECTION('',(-1.249000770354E-16,-5.200354036283E-14,-1.));
#512 = ORIENTED_EDGE('',*,*,#513,.F.);
#513 = EDGE_CURVE('',#514,#505,#516,.T.);
#514 = VERTEX_POINT('',#515);
#515 = CARTESIAN_POINT('',(298.19636790678,-153.5943824536,
    -275.0970318374));
#516 = LINE('',#517,#518);
#517 = CARTESIAN_POINT('',(287.44657543042,-153.5943824536,
    -275.0970318374));
#518 = VECTOR('',#519,1.);
#519 = DIRECTION('',(1.,1.202550606142E-29,-1.249000770353E-16));
#520 = ORIENTED_EDGE('',*,*,#521,.F.);
#521 = EDGE_CURVE('',#463,#514,#522,.T.);
#522 = CIRCLE('',#523,3.);
#523 = AXIS2_PLACEMENT_3D('',#524,#525,#526);
#524 = CARTESIAN_POINT('',(298.19636790678,-153.5943824536,
    -272.0970318374));
#525 = DIRECTION('',(1.852075225885E-29,-1.,5.200354036283E-14));
#526 = DIRECTION('',(-1.,-1.859562397992E-27,-3.540223671097E-14));
#527 = FACE_BOUND('',#528,.T.);
#528 = EDGE_LOOP('',(#529,#539,#548,#556,#565,#573,#582,#590));
#529 = ORIENTED_EDGE('',*,*,#530,.F.);
#530 = EDGE_CURVE('',#531,#533,#535,.T.);
#531 = VERTEX_POINT('',#532);
#532 = CARTESIAN_POINT('',(259.19636790678,-153.5943824536,
    111.90296816252));
#533 = VERTEX_POINT('',#534);
#534 = CARTESIAN_POINT('',(259.19636790678,-153.5943824536,
    -272.0970318374));
#535 = LINE('',#536,#537);
#536 = CARTESIAN_POINT('',(259.19636790678,-153.5943824537,
    -356.3221924147));
#537 = VECTOR('',#538,1.);
#538 = DIRECTION('',(-1.249000770354E-16,-5.200354036283E-14,-1.));
#539 = ORIENTED_EDGE('',*,*,#540,.F.);
#540 = EDGE_CURVE('',#541,#531,#543,.T.);
#541 = VERTEX_POINT('',#542);
#542 = CARTESIAN_POINT('',(262.19636790678,-153.5943824536,
    114.90296816252));
#543 = CIRCLE('',#544,3.);
#544 = AXIS2_PLACEMENT_3D('',#545,#546,#547);
#545 = CARTESIAN_POINT('',(262.19636790678,-153.5943824536,
    111.90296816252));
#546 = DIRECTION('',(1.777802525663E-29,-1.,5.200354036283E-14));
#547 = DIRECTION('',(-0.707106781187,3.677205603627E-14,0.707106781187)
  );
#548 = ORIENTED_EDGE('',*,*,#549,.F.);
#549 = EDGE_CURVE('',#550,#541,#552,.T.);
#550 = VERTEX_POINT('',#551);
#551 = CARTESIAN_POINT('',(266.19636790678,-153.5943824536,
    114.90296816252));
#552 = LINE('',#553,#554);
#553 = CARTESIAN_POINT('',(267.44657543042,-153.5943824536,
    114.90296816252));
#554 = VECTOR('',#555,1.);
#555 = DIRECTION('',(-1.,-1.202550606141E-29,1.249000770354E-16));
#556 = ORIENTED_EDGE('',*,*,#557,.F.);
#557 = EDGE_CURVE('',#558,#550,#560,.T.);
#558 = VERTEX_POINT('',#559);
#559 = CARTESIAN_POINT('',(269.19636790678,-153.5943824536,
    111.90296816252));
#560 = CIRCLE('',#561,3.);
#561 = AXIS2_PLACEMENT_3D('',#562,#563,#564);
#562 = CARTESIAN_POINT('',(266.19636790678,-153.5943824536,
    111.90296816252));
#563 = DIRECTION('',(1.51435806674E-29,-1.,5.200354036283E-14));
#564 = DIRECTION('',(0.707106781187,3.677205603627E-14,0.707106781187));
#565 = ORIENTED_EDGE('',*,*,#566,.F.);
#566 = EDGE_CURVE('',#567,#558,#569,.T.);
#567 = VERTEX_POINT('',#568);
#568 = CARTESIAN_POINT('',(269.19636790678,-153.5943824536,
    -272.0970318374));
#569 = LINE('',#570,#571);
#570 = CARTESIAN_POINT('',(269.19636790678,-153.5943824536,
    -159.3221924147));
#571 = VECTOR('',#572,1.);
#572 = DIRECTION('',(1.249000770354E-16,5.200354036283E-14,1.));
#573 = ORIENTED_EDGE('',*,*,#574,.F.);
#574 = EDGE_CURVE('',#575,#567,#577,.T.);
#575 = VERTEX_POINT('',#576);
#576 = CARTESIAN_POINT('',(266.19636790678,-153.5943824536,
    -275.0970318374));
#577 = CIRCLE('',#578,3.);
#578 = AXIS2_PLACEMENT_3D('',#579,#580,#581);
#579 = CARTESIAN_POINT('',(266.19636790678,-153.5943824536,
    -272.0970318374));
#580 = DIRECTION('',(1.852075225885E-29,-1.,5.200354036283E-14));
#581 = DIRECTION('',(-1.249000770354E-16,-5.200354036283E-14,-1.));
#582 = ORIENTED_EDGE('',*,*,#583,.F.);
#583 = EDGE_CURVE('',#584,#575,#586,.T.);
#584 = VERTEX_POINT('',#585);
#585 = CARTESIAN_POINT('',(262.19636790678,-153.5943824536,
    -275.0970318374));
#586 = LINE('',#587,#588);
#587 = CARTESIAN_POINT('',(269.44657543042,-153.5943824536,
    -275.0970318374));
#588 = VECTOR('',#589,1.);
#589 = DIRECTION('',(1.,1.202550606142E-29,-1.249000770353E-16));
#590 = ORIENTED_EDGE('',*,*,#591,.F.);
#591 = EDGE_CURVE('',#533,#584,#592,.T.);
#592 = CIRCLE('',#593,3.);
#593 = AXIS2_PLACEMENT_3D('',#594,#595,#596);
#594 = CARTESIAN_POINT('',(262.19636790678,-153.5943824536,
    -272.0970318374));
#595 = DIRECTION('',(1.852075225885E-29,-1.,5.200354036283E-14));
#596 = DIRECTION('',(-1.,-1.859562397992E-27,-3.540223671097E-14));
#597 = FACE_BOUND('',#598,.T.);
#598 = EDGE_LOOP('',(#599,#609,#618,#626,#635,#643,#652,#660));
#599 = ORIENTED_EDGE('',*,*,#600,.F.);
#600 = EDGE_CURVE('',#601,#603,#605,.T.);
#601 = VERTEX_POINT('',#602);
#602 = CARTESIAN_POINT('',(223.19636790678,-153.5943824536,
    111.90296816252));
#603 = VERTEX_POINT('',#604);
#604 = CARTESIAN_POINT('',(223.19636790678,-153.5943824536,
    -272.0970318374));
#605 = LINE('',#606,#607);
#606 = CARTESIAN_POINT('',(223.19636790678,-153.5943824537,
    -356.3221924147));
#607 = VECTOR('',#608,1.);
#608 = DIRECTION('',(-1.249000770354E-16,-5.200354036283E-14,-1.));
#609 = ORIENTED_EDGE('',*,*,#610,.F.);
#610 = EDGE_CURVE('',#611,#601,#613,.T.);
#611 = VERTEX_POINT('',#612);
#612 = CARTESIAN_POINT('',(226.19636790678,-153.5943824536,
    114.90296816252));
#613 = CIRCLE('',#614,3.);
#614 = AXIS2_PLACEMENT_3D('',#615,#616,#617);
#615 = CARTESIAN_POINT('',(226.19636790678,-153.5943824536,
    111.90296816252));
#616 = DIRECTION('',(1.575848400721E-29,-1.,5.200354036283E-14));
#617 = DIRECTION('',(-0.707106781187,3.677205603627E-14,0.707106781187)
  );
#618 = ORIENTED_EDGE('',*,*,#619,.F.);
#619 = EDGE_CURVE('',#620,#611,#622,.T.);
#620 = VERTEX_POINT('',#621);
#621 = CARTESIAN_POINT('',(230.19636790678,-153.5943824536,
    114.90296816252));
#622 = LINE('',#623,#624);
#623 = CARTESIAN_POINT('',(249.44657543042,-153.5943824536,
    114.90296816252));
#624 = VECTOR('',#625,1.);
#625 = DIRECTION('',(-1.,-1.202550606141E-29,1.249000770354E-16));
#626 = ORIENTED_EDGE('',*,*,#627,.F.);
#627 = EDGE_CURVE('',#628,#620,#630,.T.);
#628 = VERTEX_POINT('',#629);
#629 = CARTESIAN_POINT('',(233.19636790678,-153.5943824536,
    111.90296816252));
#630 = CIRCLE('',#631,3.);
#631 = AXIS2_PLACEMENT_3D('',#632,#633,#634);
#632 = CARTESIAN_POINT('',(230.19636790678,-153.5943824536,
    111.90296816252));
#633 = DIRECTION('',(2.178396804699E-29,-1.,5.200354036283E-14));
#634 = DIRECTION('',(0.707106781187,3.677205603627E-14,0.707106781187));
#635 = ORIENTED_EDGE('',*,*,#636,.F.);
#636 = EDGE_CURVE('',#637,#628,#639,.T.);
#637 = VERTEX_POINT('',#638);
#638 = CARTESIAN_POINT('',(233.19636790678,-153.5943824536,
    -272.0970318374));
#639 = LINE('',#640,#641);
#640 = CARTESIAN_POINT('',(233.19636790678,-153.5943824536,
    -159.3221924147));
#641 = VECTOR('',#642,1.);
#642 = DIRECTION('',(1.249000770354E-16,5.200354036283E-14,1.));
#643 = ORIENTED_EDGE('',*,*,#644,.F.);
#644 = EDGE_CURVE('',#645,#637,#647,.T.);
#645 = VERTEX_POINT('',#646);
#646 = CARTESIAN_POINT('',(230.19636790678,-153.5943824536,
    -275.0970318374));
#647 = CIRCLE('',#648,3.);
#648 = AXIS2_PLACEMENT_3D('',#649,#650,#651);
#649 = CARTESIAN_POINT('',(230.19636790678,-153.5943824536,
    -272.0970318374));
#650 = DIRECTION('',(1.852075225885E-29,-1.,5.200354036283E-14));
#651 = DIRECTION('',(-1.249000770354E-16,-5.200354036283E-14,-1.));
#652 = ORIENTED_EDGE('',*,*,#653,.F.);
#653 = EDGE_CURVE('',#654,#645,#656,.T.);
#654 = VERTEX_POINT('',#655);
#655 = CARTESIAN_POINT('',(226.19636790678,-153.5943824536,
    -275.0970318374));
#656 = LINE('',#657,#658);
#657 = CARTESIAN_POINT('',(251.44657543042,-153.5943824536,
    -275.0970318374));
#658 = VECTOR('',#659,1.);
#659 = DIRECTION('',(1.,1.202550606142E-29,-1.249000770353E-16));
#660 = ORIENTED_EDGE('',*,*,#661,.F.);
#661 = EDGE_CURVE('',#603,#654,#662,.T.);
#662 = CIRCLE('',#663,3.);
#663 = AXIS2_PLACEMENT_3D('',#664,#665,#666);
#664 = CARTESIAN_POINT('',(226.19636790678,-153.5943824536,
    -272.0970318374));
#665 = DIRECTION('',(1.852075225885E-29,-1.,5.200354036283E-14));
#666 = DIRECTION('',(-1.,-1.859562397992E-27,-3.540223671097E-14));
#667 = FACE_BOUND('',#668,.T.);
#668 = EDGE_LOOP('',(#669,#679,#688,#696,#705,#713,#722,#730));
#669 = ORIENTED_EDGE('',*,*,#670,.F.);
#670 = EDGE_CURVE('',#671,#673,#675,.T.);
#671 = VERTEX_POINT('',#672);
#672 = CARTESIAN_POINT('',(187.19636790678,-153.5943824536,
    111.90296816252));
#673 = VERTEX_POINT('',#674);
#674 = CARTESIAN_POINT('',(187.19636790678,-153.5943824536,
    -272.0970318374));
#675 = LINE('',#676,#677);
#676 = CARTESIAN_POINT('',(187.19636790678,-153.5943824537,
    -356.3221924147));
#677 = VECTOR('',#678,1.);
#678 = DIRECTION('',(-1.249000770354E-16,-5.200354036283E-14,-1.));
#679 = ORIENTED_EDGE('',*,*,#680,.F.);
#680 = EDGE_CURVE('',#681,#671,#683,.T.);
#681 = VERTEX_POINT('',#682);
#682 = CARTESIAN_POINT('',(190.19636790678,-153.5943824536,
    114.90296816252));
#683 = CIRCLE('',#684,3.);
#684 = AXIS2_PLACEMENT_3D('',#685,#686,#687);
#685 = CARTESIAN_POINT('',(190.19636790678,-153.5943824536,
    111.90296816252));
#686 = DIRECTION('',(1.282767898861E-29,-1.,5.200354036283E-14));
#687 = DIRECTION('',(-0.707106781187,3.677205603627E-14,0.707106781187)
  );
#688 = ORIENTED_EDGE('',*,*,#689,.F.);
#689 = EDGE_CURVE('',#690,#681,#692,.T.);
#690 = VERTEX_POINT('',#691);
#691 = CARTESIAN_POINT('',(194.19636790678,-153.5943824536,
    114.90296816252));
#692 = LINE('',#693,#694);
#693 = CARTESIAN_POINT('',(231.44657543042,-153.5943824536,
    114.90296816252));
#694 = VECTOR('',#695,1.);
#695 = DIRECTION('',(-1.,-1.202550606141E-29,1.249000770354E-16));
#696 = ORIENTED_EDGE('',*,*,#697,.F.);
#697 = EDGE_CURVE('',#698,#690,#700,.T.);
#698 = VERTEX_POINT('',#699);
#699 = CARTESIAN_POINT('',(197.19636790678,-153.5943824536,
    111.90296816252));
#700 = CIRCLE('',#701,3.);
#701 = AXIS2_PLACEMENT_3D('',#702,#703,#704);
#702 = CARTESIAN_POINT('',(194.19636790678,-153.5943824536,
    111.90296816252));
#703 = DIRECTION('',(1.394141465986E-29,-1.,5.200354036283E-14));
#704 = DIRECTION('',(0.707106781187,3.677205603627E-14,0.707106781187));
#705 = ORIENTED_EDGE('',*,*,#706,.F.);
#706 = EDGE_CURVE('',#707,#698,#709,.T.);
#707 = VERTEX_POINT('',#708);
#708 = CARTESIAN_POINT('',(197.19636790678,-153.5943824536,
    -272.0970318374));
#709 = LINE('',#710,#711);
#710 = CARTESIAN_POINT('',(197.19636790678,-153.5943824536,
    -159.3221924147));
#711 = VECTOR('',#712,1.);
#712 = DIRECTION('',(1.249000770354E-16,5.200354036283E-14,1.));
#713 = ORIENTED_EDGE('',*,*,#714,.F.);
#714 = EDGE_CURVE('',#715,#707,#717,.T.);
#715 = VERTEX_POINT('',#716);
#716 = CARTESIAN_POINT('',(194.19636790678,-153.5943824536,
    -275.0970318374));
#717 = CIRCLE('',#718,3.);
#718 = AXIS2_PLACEMENT_3D('',#719,#720,#721);
#719 = CARTESIAN_POINT('',(194.19636790678,-153.5943824536,
    -272.0970318374));
#720 = DIRECTION('',(1.852075225885E-29,-1.,5.200354036283E-14));
#721 = DIRECTION('',(-1.249000770354E-16,-5.200354036283E-14,-1.));
#722 = ORIENTED_EDGE('',*,*,#723,.F.);
#723 = EDGE_CURVE('',#724,#715,#726,.T.);
#724 = VERTEX_POINT('',#725);
#725 = CARTESIAN_POINT('',(190.19636790678,-153.5943824536,
    -275.0970318374));
#726 = LINE('',#727,#728);
#727 = CARTESIAN_POINT('',(233.44657543042,-153.5943824536,
    -275.0970318374));
#728 = VECTOR('',#729,1.);
#729 = DIRECTION('',(1.,1.202550606142E-29,-1.249000770353E-16));
#730 = ORIENTED_EDGE('',*,*,#731,.F.);
#731 = EDGE_CURVE('',#673,#724,#732,.T.);
#732 = CIRCLE('',#733,3.);
#733 = AXIS2_PLACEMENT_3D('',#734,#735,#736);
#734 = CARTESIAN_POINT('',(190.19636790678,-153.5943824536,
    -272.0970318374));
#735 = DIRECTION('',(1.852075225885E-29,-1.,5.200354036283E-14));
#736 = DIRECTION('',(-1.,-1.859562397992E-27,-3.540223671097E-14));
#737 = FACE_BOUND('',#738,.T.);
#738 = EDGE_LOOP('',(#739,#749,#758,#766,#775,#783,#792,#800));
#739 = ORIENTED_EDGE('',*,*,#740,.F.);
#740 = EDGE_CURVE('',#741,#743,#745,.T.);
#741 = VERTEX_POINT('',#742);
#742 = CARTESIAN_POINT('',(151.19636790678,-153.5943824536,
    111.90296816252));
#743 = VERTEX_POINT('',#744);
#744 = CARTESIAN_POINT('',(151.19636790678,-153.5943824536,
    -272.0970318374));
#745 = LINE('',#746,#747);
#746 = CARTESIAN_POINT('',(151.19636790678,-153.5943824537,
    -356.3221924147));
#747 = VECTOR('',#748,1.);
#748 = DIRECTION('',(-1.249000770354E-16,-5.200354036283E-14,-1.));
#749 = ORIENTED_EDGE('',*,*,#750,.F.);
#750 = EDGE_CURVE('',#751,#741,#753,.T.);
#751 = VERTEX_POINT('',#752);
#752 = CARTESIAN_POINT('',(154.19636790678,-153.5943824536,
    114.90296816252));
#753 = CIRCLE('',#754,3.);
#754 = AXIS2_PLACEMENT_3D('',#755,#756,#757);
#755 = CARTESIAN_POINT('',(154.19636790678,-153.5943824536,
    111.90296816252));
#756 = DIRECTION('',(1.575848400721E-29,-1.,5.200354036283E-14));
#757 = DIRECTION('',(-0.707106781187,3.677205603627E-14,0.707106781187)
  );
#758 = ORIENTED_EDGE('',*,*,#759,.F.);
#759 = EDGE_CURVE('',#760,#751,#762,.T.);
#760 = VERTEX_POINT('',#761);
#761 = CARTESIAN_POINT('',(158.19636790678,-153.5943824536,
    114.90296816252));
#762 = LINE('',#763,#764);
#763 = CARTESIAN_POINT('',(213.44657543042,-153.5943824536,
    114.90296816252));
#764 = VECTOR('',#765,1.);
#765 = DIRECTION('',(-1.,-1.202550606141E-29,1.249000770354E-16));
#766 = ORIENTED_EDGE('',*,*,#767,.F.);
#767 = EDGE_CURVE('',#768,#760,#770,.T.);
#768 = VERTEX_POINT('',#769);
#769 = CARTESIAN_POINT('',(161.19636790678,-153.5943824536,
    111.90296816252));
#770 = CIRCLE('',#771,3.);
#771 = AXIS2_PLACEMENT_3D('',#772,#773,#774);
#772 = CARTESIAN_POINT('',(158.19636790678,-153.5943824536,
    111.90296816252));
#773 = DIRECTION('',(2.178396804699E-29,-1.,5.200354036283E-14));
#774 = DIRECTION('',(0.707106781187,3.677205603627E-14,0.707106781187));
#775 = ORIENTED_EDGE('',*,*,#776,.F.);
#776 = EDGE_CURVE('',#777,#768,#779,.T.);
#777 = VERTEX_POINT('',#778);
#778 = CARTESIAN_POINT('',(161.19636790678,-153.5943824536,
    -272.0970318374));
#779 = LINE('',#780,#781);
#780 = CARTESIAN_POINT('',(161.19636790678,-153.5943824536,
    -159.3221924147));
#781 = VECTOR('',#782,1.);
#782 = DIRECTION('',(1.249000770354E-16,5.200354036283E-14,1.));
#783 = ORIENTED_EDGE('',*,*,#784,.F.);
#784 = EDGE_CURVE('',#785,#777,#787,.T.);
#785 = VERTEX_POINT('',#786);
#786 = CARTESIAN_POINT('',(158.19636790678,-153.5943824536,
    -275.0970318374));
#787 = CIRCLE('',#788,3.);
#788 = AXIS2_PLACEMENT_3D('',#789,#790,#791);
#789 = CARTESIAN_POINT('',(158.19636790678,-153.5943824536,
    -272.0970318374));
#790 = DIRECTION('',(1.852075225885E-29,-1.,5.200354036283E-14));
#791 = DIRECTION('',(-1.249000770354E-16,-5.200354036283E-14,-1.));
#792 = ORIENTED_EDGE('',*,*,#793,.F.);
#793 = EDGE_CURVE('',#794,#785,#796,.T.);
#794 = VERTEX_POINT('',#795);
#795 = CARTESIAN_POINT('',(154.19636790678,-153.5943824536,
    -275.0970318374));
#796 = LINE('',#797,#798);
#797 = CARTESIAN_POINT('',(215.44657543042,-153.5943824536,
    -275.0970318374));
#798 = VECTOR('',#799,1.);
#799 = DIRECTION('',(1.,1.202550606142E-29,-1.249000770353E-16));
#800 = ORIENTED_EDGE('',*,*,#801,.F.);
#801 = EDGE_CURVE('',#743,#794,#802,.T.);
#802 = CIRCLE('',#803,3.);
#803 = AXIS2_PLACEMENT_3D('',#804,#805,#806);
#804 = CARTESIAN_POINT('',(154.19636790678,-153.5943824536,
    -272.0970318374));
#805 = DIRECTION('',(1.852075225885E-29,-1.,5.200354036283E-14));
#806 = DIRECTION('',(-1.,-1.859562397992E-27,-3.540223671097E-14));
#807 = FACE_BOUND('',#808,.T.);
#808 = EDGE_LOOP('',(#809,#819,#828,#836,#845,#853,#862,#870));
#809 = ORIENTED_EDGE('',*,*,#810,.F.);
#810 = EDGE_CURVE('',#811,#813,#815,.T.);
#811 = VERTEX_POINT('',#812);
#812 = CARTESIAN_POINT('',(115.19636790678,-153.5943824536,
    111.90296816252));
#813 = VERTEX_POINT('',#814);
#814 = CARTESIAN_POINT('',(115.19636790678,-153.5943824536,
    -272.0970318374));
#815 = LINE('',#816,#817);
#816 = CARTESIAN_POINT('',(115.19636790678,-153.5943824537,
    -356.3221924147));
#817 = VECTOR('',#818,1.);
#818 = DIRECTION('',(-1.249000770354E-16,-5.200354036283E-14,-1.));
#819 = ORIENTED_EDGE('',*,*,#820,.F.);
#820 = EDGE_CURVE('',#821,#811,#823,.T.);
#821 = VERTEX_POINT('',#822);
#822 = CARTESIAN_POINT('',(118.19636790678,-153.5943824536,
    114.90296816252));
#823 = CIRCLE('',#824,3.);
#824 = AXIS2_PLACEMENT_3D('',#825,#826,#827);
#825 = CARTESIAN_POINT('',(118.19636790678,-153.5943824536,
    111.90296816252));
#826 = DIRECTION('',(1.282767898861E-29,-1.,5.200354036283E-14));
#827 = DIRECTION('',(-0.707106781187,3.677205603627E-14,0.707106781187)
  );
#828 = ORIENTED_EDGE('',*,*,#829,.F.);
#829 = EDGE_CURVE('',#830,#821,#832,.T.);
#830 = VERTEX_POINT('',#831);
#831 = CARTESIAN_POINT('',(122.19636790678,-153.5943824536,
    114.90296816252));
#832 = LINE('',#833,#834);
#833 = CARTESIAN_POINT('',(195.44657543042,-153.5943824536,
    114.90296816252));
#834 = VECTOR('',#835,1.);
#835 = DIRECTION('',(-1.,-1.202550606141E-29,1.249000770354E-16));
#836 = ORIENTED_EDGE('',*,*,#837,.F.);
#837 = EDGE_CURVE('',#838,#830,#840,.T.);
#838 = VERTEX_POINT('',#839);
#839 = CARTESIAN_POINT('',(125.19636790678,-153.5943824536,
    111.90296816252));
#840 = CIRCLE('',#841,3.);
#841 = AXIS2_PLACEMENT_3D('',#842,#843,#844);
#842 = CARTESIAN_POINT('',(122.19636790678,-153.5943824536,
    111.90296816252));
#843 = DIRECTION('',(1.394141465986E-29,-1.,5.200354036283E-14));
#844 = DIRECTION('',(0.707106781187,3.677205603627E-14,0.707106781187));
#845 = ORIENTED_EDGE('',*,*,#846,.F.);
#846 = EDGE_CURVE('',#847,#838,#849,.T.);
#847 = VERTEX_POINT('',#848);
#848 = CARTESIAN_POINT('',(125.19636790678,-153.5943824536,
    -272.0970318374));
#849 = LINE('',#850,#851);
#850 = CARTESIAN_POINT('',(125.19636790678,-153.5943824536,
    -159.3221924147));
#851 = VECTOR('',#852,1.);
#852 = DIRECTION('',(1.249000770354E-16,5.200354036283E-14,1.));
#853 = ORIENTED_EDGE('',*,*,#854,.F.);
#854 = EDGE_CURVE('',#855,#847,#857,.T.);
#855 = VERTEX_POINT('',#856);
#856 = CARTESIAN_POINT('',(122.19636790678,-153.5943824536,
    -275.0970318374));
#857 = CIRCLE('',#858,3.);
#858 = AXIS2_PLACEMENT_3D('',#859,#860,#861);
#859 = CARTESIAN_POINT('',(122.19636790678,-153.5943824536,
    -272.0970318374));
#860 = DIRECTION('',(1.852075225885E-29,-1.,5.200354036283E-14));
#861 = DIRECTION('',(-1.249000770354E-16,-5.200354036283E-14,-1.));
#862 = ORIENTED_EDGE('',*,*,#863,.F.);
#863 = EDGE_CURVE('',#864,#855,#866,.T.);
#864 = VERTEX_POINT('',#865);
#865 = CARTESIAN_POINT('',(118.19636790678,-153.5943824536,
    -275.0970318374));
#866 = LINE('',#867,#868);
#867 = CARTESIAN_POINT('',(197.44657543042,-153.5943824536,
    -275.0970318374));
#868 = VECTOR('',#869,1.);
#869 = DIRECTION('',(1.,1.202550606142E-29,-1.249000770353E-16));
#870 = ORIENTED_EDGE('',*,*,#871,.F.);
#871 = EDGE_CURVE('',#813,#864,#872,.T.);
#872 = CIRCLE('',#873,3.);
#873 = AXIS2_PLACEMENT_3D('',#874,#875,#876);
#874 = CARTESIAN_POINT('',(118.19636790678,-153.5943824536,
    -272.0970318374));
#875 = DIRECTION('',(1.852075225885E-29,-1.,5.200354036283E-14));
#876 = DIRECTION('',(-1.,-1.859562397992E-27,-3.540223671097E-14));
#877 = FACE_BOUND('',#878,.T.);
#878 = EDGE_LOOP('',(#879,#889,#898,#906,#915,#923,#932,#940));
#879 = ORIENTED_EDGE('',*,*,#880,.F.);
#880 = EDGE_CURVE('',#881,#883,#885,.T.);
#881 = VERTEX_POINT('',#882);
#882 = CARTESIAN_POINT('',(79.196367906788,-153.5943824536,
    111.90296816252));
#883 = VERTEX_POINT('',#884);
#884 = CARTESIAN_POINT('',(79.196367906788,-153.5943824536,
    -272.0970318374));
#885 = LINE('',#886,#887);
#886 = CARTESIAN_POINT('',(79.196367906788,-153.5943824537,
    -356.3221924147));
#887 = VECTOR('',#888,1.);
#888 = DIRECTION('',(-1.249000770354E-16,-5.200354036283E-14,-1.));
#889 = ORIENTED_EDGE('',*,*,#890,.F.);
#890 = EDGE_CURVE('',#891,#881,#893,.T.);
#891 = VERTEX_POINT('',#892);
#892 = CARTESIAN_POINT('',(82.196367906788,-153.5943824536,
    114.90296816252));
#893 = CIRCLE('',#894,3.);
#894 = AXIS2_PLACEMENT_3D('',#895,#896,#897);
#895 = CARTESIAN_POINT('',(82.196367906788,-153.5943824536,
    111.90296816252));
#896 = DIRECTION('',(1.575848400721E-29,-1.,5.200354036283E-14));
#897 = DIRECTION('',(-0.707106781187,3.677205603627E-14,0.707106781187)
  );
#898 = ORIENTED_EDGE('',*,*,#899,.F.);
#899 = EDGE_CURVE('',#900,#891,#902,.T.);
#900 = VERTEX_POINT('',#901);
#901 = CARTESIAN_POINT('',(86.196367906789,-153.5943824536,
    114.90296816252));
#902 = LINE('',#903,#904);
#903 = CARTESIAN_POINT('',(177.44657543043,-153.5943824536,
    114.90296816252));
#904 = VECTOR('',#905,1.);
#905 = DIRECTION('',(-1.,-1.202550606141E-29,1.249000770354E-16));
#906 = ORIENTED_EDGE('',*,*,#907,.F.);
#907 = EDGE_CURVE('',#908,#900,#910,.T.);
#908 = VERTEX_POINT('',#909);
#909 = CARTESIAN_POINT('',(89.196367906789,-153.5943824536,
    111.90296816252));
#910 = CIRCLE('',#911,3.);
#911 = AXIS2_PLACEMENT_3D('',#912,#913,#914);
#912 = CARTESIAN_POINT('',(86.196367906789,-153.5943824536,
    111.90296816252));
#913 = DIRECTION('',(2.178396804699E-29,-1.,5.200354036283E-14));
#914 = DIRECTION('',(0.707106781187,3.677205603627E-14,0.707106781187));
#915 = ORIENTED_EDGE('',*,*,#916,.F.);
#916 = EDGE_CURVE('',#917,#908,#919,.T.);
#917 = VERTEX_POINT('',#918);
#918 = CARTESIAN_POINT('',(89.196367906788,-153.5943824536,
    -272.0970318374));
#919 = LINE('',#920,#921);
#920 = CARTESIAN_POINT('',(89.196367906788,-153.5943824536,
    -159.3221924147));
#921 = VECTOR('',#922,1.);
#922 = DIRECTION('',(1.249000770354E-16,5.200354036283E-14,1.));
#923 = ORIENTED_EDGE('',*,*,#924,.F.);
#924 = EDGE_CURVE('',#925,#917,#927,.T.);
#925 = VERTEX_POINT('',#926);
#926 = CARTESIAN_POINT('',(86.196367906788,-153.5943824536,
    -275.0970318374));
#927 = CIRCLE('',#928,3.);
#928 = AXIS2_PLACEMENT_3D('',#929,#930,#931);
#929 = CARTESIAN_POINT('',(86.196367906788,-153.5943824536,
    -272.0970318374));
#930 = DIRECTION('',(1.852075225885E-29,-1.,5.200354036283E-14));
#931 = DIRECTION('',(-1.249000770354E-16,-5.200354036283E-14,-1.));
#932 = ORIENTED_EDGE('',*,*,#933,.F.);
#933 = EDGE_CURVE('',#934,#925,#936,.T.);
#934 = VERTEX_POINT('',#935);
#935 = CARTESIAN_POINT('',(82.196367906788,-153.5943824536,
    -275.0970318374));
#936 = LINE('',#937,#938);
#937 = CARTESIAN_POINT('',(179.44657543043,-153.5943824536,
    -275.0970318374));
#938 = VECTOR('',#939,1.);
#939 = DIRECTION('',(1.,1.202550606142E-29,-1.249000770353E-16));
#940 = ORIENTED_EDGE('',*,*,#941,.F.);
#941 = EDGE_CURVE('',#883,#934,#942,.T.);
#942 = CIRCLE('',#943,3.);
#943 = AXIS2_PLACEMENT_3D('',#944,#945,#946);
#944 = CARTESIAN_POINT('',(82.196367906788,-153.5943824536,
    -272.0970318374));
#945 = DIRECTION('',(1.852075225885E-29,-1.,5.200354036283E-14));
#946 = DIRECTION('',(-1.,-1.859562397992E-27,-3.540223671097E-14));
#947 = FACE_BOUND('',#948,.T.);
#948 = EDGE_LOOP('',(#949,#959,#968,#976,#985,#993,#1002,#1010));
#949 = ORIENTED_EDGE('',*,*,#950,.F.);
#950 = EDGE_CURVE('',#951,#953,#955,.T.);
#951 = VERTEX_POINT('',#952);
#952 = CARTESIAN_POINT('',(43.196367906788,-153.5943824536,
    111.90296816252));
#953 = VERTEX_POINT('',#954);
#954 = CARTESIAN_POINT('',(43.196367906788,-153.5943824536,
    -272.0970318374));
#955 = LINE('',#956,#957);
#956 = CARTESIAN_POINT('',(43.196367906788,-153.5943824537,
    -356.3221924147));
#957 = VECTOR('',#958,1.);
#958 = DIRECTION('',(-1.249000770354E-16,-5.200354036283E-14,-1.));
#959 = ORIENTED_EDGE('',*,*,#960,.F.);
#960 = EDGE_CURVE('',#961,#951,#963,.T.);
#961 = VERTEX_POINT('',#962);
#962 = CARTESIAN_POINT('',(46.196367906788,-153.5943824536,
    114.90296816252));
#963 = CIRCLE('',#964,3.);
#964 = AXIS2_PLACEMENT_3D('',#965,#966,#967);
#965 = CARTESIAN_POINT('',(46.196367906788,-153.5943824536,
    111.90296816252));
#966 = DIRECTION('',(1.282767898861E-29,-1.,5.200354036283E-14));
#967 = DIRECTION('',(-0.707106781187,3.677205603627E-14,0.707106781187)
  );
#968 = ORIENTED_EDGE('',*,*,#969,.F.);
#969 = EDGE_CURVE('',#970,#961,#972,.T.);
#970 = VERTEX_POINT('',#971);
#971 = CARTESIAN_POINT('',(50.196367906789,-153.5943824536,
    114.90296816252));
#972 = LINE('',#973,#974);
#973 = CARTESIAN_POINT('',(159.44657543043,-153.5943824536,
    114.90296816252));
#974 = VECTOR('',#975,1.);
#975 = DIRECTION('',(-1.,-1.202550606141E-29,1.249000770354E-16));
#976 = ORIENTED_EDGE('',*,*,#977,.F.);
#977 = EDGE_CURVE('',#978,#970,#980,.T.);
#978 = VERTEX_POINT('',#979);
#979 = CARTESIAN_POINT('',(53.196367906788,-153.5943824536,
    111.90296816252));
#980 = CIRCLE('',#981,3.);
#981 = AXIS2_PLACEMENT_3D('',#982,#983,#984);
#982 = CARTESIAN_POINT('',(50.196367906789,-153.5943824536,
    111.90296816252));
#983 = DIRECTION('',(1.394141465986E-29,-1.,5.200354036283E-14));
#984 = DIRECTION('',(0.707106781187,3.677205603627E-14,0.707106781187));
#985 = ORIENTED_EDGE('',*,*,#986,.F.);
#986 = EDGE_CURVE('',#987,#978,#989,.T.);
#987 = VERTEX_POINT('',#988);
#988 = CARTESIAN_POINT('',(53.196367906788,-153.5943824536,
    -272.0970318374));
#989 = LINE('',#990,#991);
#990 = CARTESIAN_POINT('',(53.196367906788,-153.5943824536,
    -159.3221924147));
#991 = VECTOR('',#992,1.);
#992 = DIRECTION('',(1.249000770354E-16,5.200354036283E-14,1.));
#993 = ORIENTED_EDGE('',*,*,#994,.F.);
#994 = EDGE_CURVE('',#995,#987,#997,.T.);
#995 = VERTEX_POINT('',#996);
#996 = CARTESIAN_POINT('',(50.196367906788,-153.5943824536,
    -275.0970318374));
#997 = CIRCLE('',#998,3.);
#998 = AXIS2_PLACEMENT_3D('',#999,#1000,#1001);
#999 = CARTESIAN_POINT('',(50.196367906788,-153.5943824536,
    -272.0970318374));
#1000 = DIRECTION('',(1.852075225885E-29,-1.,5.200354036283E-14));
#1001 = DIRECTION('',(-1.249000770354E-16,-5.200354036283E-14,-1.));
#1002 = ORIENTED_EDGE('',*,*,#1003,.F.);
#1003 = EDGE_CURVE('',#1004,#995,#1006,.T.);
#1004 = VERTEX_POINT('',#1005);
#1005 = CARTESIAN_POINT('',(46.196367906788,-153.5943824536,
    -275.0970318374));
#1006 = LINE('',#1007,#1008);
#1007 = CARTESIAN_POINT('',(161.44657543043,-153.5943824536,
    -275.0970318374));
#1008 = VECTOR('',#1009,1.);
#1009 = DIRECTION('',(1.,1.202550606142E-29,-1.249000770353E-16));
#1010 = ORIENTED_EDGE('',*,*,#1011,.F.);
#1011 = EDGE_CURVE('',#953,#1004,#1012,.T.);
#1012 = CIRCLE('',#1013,3.);
#1013 = AXIS2_PLACEMENT_3D('',#1014,#1015,#1016);
#1014 = CARTESIAN_POINT('',(46.196367906788,-153.5943824536,
    -272.0970318374));
#1015 = DIRECTION('',(1.852075225885E-29,-1.,5.200354036283E-14));
#1016 = DIRECTION('',(-1.,-1.859562397992E-27,-3.540223671097E-14));
#1017 = FACE_BOUND('',#1018,.T.);
#1018 = EDGE_LOOP('',(#1019,#1029,#1038,#1046,#1055,#1063,#1072,#1080));
#1019 = ORIENTED_EDGE('',*,*,#1020,.F.);
#1020 = EDGE_CURVE('',#1021,#1023,#1025,.T.);
#1021 = VERTEX_POINT('',#1022);
#1022 = CARTESIAN_POINT('',(84.984551580639,-153.5943824537,
    -427.4226602656));
#1023 = VERTEX_POINT('',#1024);
#1024 = CARTESIAN_POINT('',(66.484551580639,-153.5943824537,
    -427.4226602656));
#1025 = LINE('',#1026,#1027);
#1026 = CARTESIAN_POINT('',(169.59066726735,-153.5943824537,
    -427.4226602656));
#1027 = VECTOR('',#1028,1.);
#1028 = DIRECTION('',(-1.,-1.202550606141E-29,1.249000770354E-16));
#1029 = ORIENTED_EDGE('',*,*,#1030,.F.);
#1030 = EDGE_CURVE('',#1031,#1021,#1033,.T.);
#1031 = VERTEX_POINT('',#1032);
#1032 = CARTESIAN_POINT('',(87.484551580639,-153.5943824537,
    -429.9226602656));
#1033 = CIRCLE('',#1034,2.5);
#1034 = AXIS2_PLACEMENT_3D('',#1035,#1036,#1037);
#1035 = CARTESIAN_POINT('',(84.984551580639,-153.5943824537,
    -429.9226602656));
#1036 = DIRECTION('',(1.51435806674E-29,-1.,5.200354036283E-14));
#1037 = DIRECTION('',(0.707106781187,3.677205603627E-14,0.707106781187)
  );
#1038 = ORIENTED_EDGE('',*,*,#1039,.F.);
#1039 = EDGE_CURVE('',#1040,#1031,#1042,.T.);
#1040 = VERTEX_POINT('',#1041);
#1041 = CARTESIAN_POINT('',(87.484551580639,-153.5943824537,
    -436.7226602656));
#1042 = LINE('',#1043,#1044);
#1043 = CARTESIAN_POINT('',(87.484551580639,-153.5943824537,
    -396.9225066288));
#1044 = VECTOR('',#1045,1.);
#1045 = DIRECTION('',(3.659938563404E-15,5.200354036283E-14,1.));
#1046 = ORIENTED_EDGE('',*,*,#1047,.F.);
#1047 = EDGE_CURVE('',#1048,#1040,#1050,.T.);
#1048 = VERTEX_POINT('',#1049);
#1049 = CARTESIAN_POINT('',(84.984551580639,-153.5943824537,
    -439.2226602656));
#1050 = CIRCLE('',#1051,2.5);
#1051 = AXIS2_PLACEMENT_3D('',#1052,#1053,#1054);
#1052 = CARTESIAN_POINT('',(84.984551580639,-153.5943824537,
    -436.7226602656));
#1053 = DIRECTION('',(1.478095660195E-29,-1.,5.200354036283E-14));
#1054 = DIRECTION('',(0.707106781187,-3.677205603627E-14,-0.707106781187
    ));
#1055 = ORIENTED_EDGE('',*,*,#1056,.F.);
#1056 = EDGE_CURVE('',#1057,#1048,#1059,.T.);
#1057 = VERTEX_POINT('',#1058);
#1058 = CARTESIAN_POINT('',(66.484551580639,-153.5943824537,
    -439.2226602656));
#1059 = LINE('',#1060,#1061);
#1060 = CARTESIAN_POINT('',(178.84066726735,-153.5943824537,
    -439.2226602656));
#1061 = VECTOR('',#1062,1.);
#1062 = DIRECTION('',(1.,1.202550606141E-29,-1.249000770354E-16));
#1063 = ORIENTED_EDGE('',*,*,#1064,.F.);
#1064 = EDGE_CURVE('',#1065,#1057,#1067,.T.);
#1065 = VERTEX_POINT('',#1066);
#1066 = CARTESIAN_POINT('',(63.984551580639,-153.5943824537,
    -436.7226602656));
#1067 = CIRCLE('',#1068,2.5);
#1068 = AXIS2_PLACEMENT_3D('',#1069,#1070,#1071);
#1069 = CARTESIAN_POINT('',(66.484551580639,-153.5943824537,
    -436.7226602656));
#1070 = DIRECTION('',(1.51435806674E-29,-1.,5.200354036283E-14));
#1071 = DIRECTION('',(-0.707106781187,-3.677205603627E-14,
    -0.707106781187));
#1072 = ORIENTED_EDGE('',*,*,#1073,.F.);
#1073 = EDGE_CURVE('',#1074,#1065,#1076,.T.);
#1074 = VERTEX_POINT('',#1075);
#1075 = CARTESIAN_POINT('',(63.984551580639,-153.5943824537,
    -429.9226602656));
#1076 = LINE('',#1077,#1078);
#1077 = CARTESIAN_POINT('',(63.984551580639,-153.5943824537,
    -401.9475066288));
#1078 = VECTOR('',#1079,1.);
#1079 = DIRECTION('',(3.410138409333E-15,-5.200354036283E-14,-1.));
#1080 = ORIENTED_EDGE('',*,*,#1081,.F.);
#1081 = EDGE_CURVE('',#1023,#1074,#1082,.T.);
#1082 = CIRCLE('',#1083,2.5);
#1083 = AXIS2_PLACEMENT_3D('',#1084,#1085,#1086);
#1084 = CARTESIAN_POINT('',(66.484551580639,-153.5943824537,
    -429.9226602656));
#1085 = DIRECTION('',(1.478095660195E-29,-1.,5.200354036283E-14));
#1086 = DIRECTION('',(-0.707106781187,3.677205603627E-14,0.707106781187)
  );
#1087 = FACE_BOUND('',#1088,.T.);
#1088 = EDGE_LOOP('',(#1089,#1099,#1108,#1116,#1125,#1133,#1142,#1150));
#1089 = ORIENTED_EDGE('',*,*,#1090,.F.);
#1090 = EDGE_CURVE('',#1091,#1093,#1095,.T.);
#1091 = VERTEX_POINT('',#1092);
#1092 = CARTESIAN_POINT('',(84.984551580639,-153.5943824537,
    -377.4226602656));
#1093 = VERTEX_POINT('',#1094);
#1094 = CARTESIAN_POINT('',(66.484551580639,-153.5943824537,
    -377.4226602656));
#1095 = LINE('',#1096,#1097);
#1096 = CARTESIAN_POINT('',(169.59066726735,-153.5943824537,
    -377.4226602656));
#1097 = VECTOR('',#1098,1.);
#1098 = DIRECTION('',(-1.,-1.202550606141E-29,1.249000770354E-16));
#1099 = ORIENTED_EDGE('',*,*,#1100,.F.);
#1100 = EDGE_CURVE('',#1101,#1091,#1103,.T.);
#1101 = VERTEX_POINT('',#1102);
#1102 = CARTESIAN_POINT('',(87.484551580639,-153.5943824537,
    -379.9226602656));
#1103 = CIRCLE('',#1104,2.5);
#1104 = AXIS2_PLACEMENT_3D('',#1105,#1106,#1107);
#1105 = CARTESIAN_POINT('',(84.984551580639,-153.5943824537,
    -379.9226602656));
#1106 = DIRECTION('',(1.637250339029E-29,-1.,5.200354036283E-14));
#1107 = DIRECTION('',(0.707106781187,3.677205603627E-14,0.707106781187)
  );
#1108 = ORIENTED_EDGE('',*,*,#1109,.F.);
#1109 = EDGE_CURVE('',#1110,#1101,#1112,.T.);
#1110 = VERTEX_POINT('',#1111);
#1111 = CARTESIAN_POINT('',(87.484551580639,-153.5943824537,
    -386.7226602656));
#1112 = LINE('',#1113,#1114);
#1113 = CARTESIAN_POINT('',(87.484551580639,-153.5943824537,
    -396.9225066288));
#1114 = VECTOR('',#1115,1.);
#1115 = DIRECTION('',(3.659938563404E-15,5.200354036283E-14,1.));
#1116 = ORIENTED_EDGE('',*,*,#1117,.F.);
#1117 = EDGE_CURVE('',#1118,#1110,#1120,.T.);
#1118 = VERTEX_POINT('',#1119);
#1119 = CARTESIAN_POINT('',(84.984551580639,-153.5943824537,
    -389.2226602656));
#1120 = CIRCLE('',#1121,2.5);
#1121 = AXIS2_PLACEMENT_3D('',#1122,#1123,#1124);
#1122 = CARTESIAN_POINT('',(84.984551580639,-153.5943824537,
    -386.7226602656));
#1123 = DIRECTION('',(1.478095660195E-29,-1.,5.200354036283E-14));
#1124 = DIRECTION('',(0.707106781187,-3.677205603627E-14,-0.707106781187
    ));
#1125 = ORIENTED_EDGE('',*,*,#1126,.F.);
#1126 = EDGE_CURVE('',#1127,#1118,#1129,.T.);
#1127 = VERTEX_POINT('',#1128);
#1128 = CARTESIAN_POINT('',(66.484551580639,-153.5943824537,
    -389.2226602656));
#1129 = LINE('',#1130,#1131);
#1130 = CARTESIAN_POINT('',(178.84066726735,-153.5943824537,
    -389.2226602656));
#1131 = VECTOR('',#1132,1.);
#1132 = DIRECTION('',(1.,1.202550606141E-29,-1.249000770354E-16));
#1133 = ORIENTED_EDGE('',*,*,#1134,.F.);
#1134 = EDGE_CURVE('',#1135,#1127,#1137,.T.);
#1135 = VERTEX_POINT('',#1136);
#1136 = CARTESIAN_POINT('',(63.984551580639,-153.5943824537,
    -386.7226602656));
#1137 = CIRCLE('',#1138,2.5);
#1138 = AXIS2_PLACEMENT_3D('',#1139,#1140,#1141);
#1139 = CARTESIAN_POINT('',(66.484551580639,-153.5943824537,
    -386.7226602656));
#1140 = DIRECTION('',(1.51435806674E-29,-1.,5.200354036283E-14));
#1141 = DIRECTION('',(-0.707106781187,-3.677205603627E-14,
    -0.707106781187));
#1142 = ORIENTED_EDGE('',*,*,#1143,.F.);
#1143 = EDGE_CURVE('',#1144,#1135,#1146,.T.);
#1144 = VERTEX_POINT('',#1145);
#1145 = CARTESIAN_POINT('',(63.984551580639,-153.5943824537,
    -379.9226602656));
#1146 = LINE('',#1147,#1148);
#1147 = CARTESIAN_POINT('',(63.984551580639,-153.5943824537,
    -401.9475066288));
#1148 = VECTOR('',#1149,1.);
#1149 = DIRECTION('',(3.410138409333E-15,-5.200354036283E-14,-1.));
#1150 = ORIENTED_EDGE('',*,*,#1151,.F.);
#1151 = EDGE_CURVE('',#1093,#1144,#1152,.T.);
#1152 = CIRCLE('',#1153,2.5);
#1153 = AXIS2_PLACEMENT_3D('',#1154,#1155,#1156);
#1154 = CARTESIAN_POINT('',(66.484551580639,-153.5943824537,
    -379.9226602656));
#1155 = DIRECTION('',(1.478095660195E-29,-1.,5.200354036283E-14));
#1156 = DIRECTION('',(-0.707106781187,3.677205603627E-14,0.707106781187)
  );
#1157 = FACE_BOUND('',#1158,.T.);
#1158 = EDGE_LOOP('',(#1159,#1169,#1178,#1186,#1195,#1203,#1212,#1220));
#1159 = ORIENTED_EDGE('',*,*,#1160,.F.);
#1160 = EDGE_CURVE('',#1161,#1163,#1165,.T.);
#1161 = VERTEX_POINT('',#1162);
#1162 = CARTESIAN_POINT('',(288.43978295406,-153.5943824537,
    -337.3970407982));
#1163 = VERTEX_POINT('',#1164);
#1164 = CARTESIAN_POINT('',(444.43978295406,-153.5943824537,
    -337.3970407982));
#1165 = LINE('',#1166,#1167);
#1166 = CARTESIAN_POINT('',(354.58628295406,-153.5943824537,
    -337.3970407982));
#1167 = VECTOR('',#1168,1.);
#1168 = DIRECTION('',(1.,2.108155807776E-29,4.924291309876E-17));
#1169 = ORIENTED_EDGE('',*,*,#1170,.F.);
#1170 = EDGE_CURVE('',#1171,#1161,#1173,.T.);
#1171 = VERTEX_POINT('',#1172);
#1172 = CARTESIAN_POINT('',(285.43978295406,-153.5943824536,
    -334.3970407982));
#1173 = CIRCLE('',#1174,3.);
#1174 = AXIS2_PLACEMENT_3D('',#1175,#1176,#1177);
#1175 = CARTESIAN_POINT('',(288.43978295406,-153.5943824536,
    -334.3970407982));
#1176 = DIRECTION('',(1.753121995411E-29,-1.,5.200354036283E-14));
#1177 = DIRECTION('',(-0.707106781187,-3.677205603627E-14,
    -0.707106781187));
#1178 = ORIENTED_EDGE('',*,*,#1179,.F.);
#1179 = EDGE_CURVE('',#1180,#1171,#1182,.T.);
#1180 = VERTEX_POINT('',#1181);
#1181 = CARTESIAN_POINT('',(285.43978295406,-153.5943824536,
    -292.0970407982));
#1182 = LINE('',#1183,#1184);
#1183 = CARTESIAN_POINT('',(285.43978295406,-153.5943824537,
    -382.5701968951));
#1184 = VECTOR('',#1185,1.);
#1185 = DIRECTION('',(4.924291309876E-17,-5.200354036283E-14,-1.));
#1186 = ORIENTED_EDGE('',*,*,#1187,.F.);
#1187 = EDGE_CURVE('',#1188,#1180,#1190,.T.);
#1188 = VERTEX_POINT('',#1189);
#1189 = CARTESIAN_POINT('',(288.43978295406,-153.5943824536,
    -289.0970407982));
#1190 = CIRCLE('',#1191,3.);
#1191 = AXIS2_PLACEMENT_3D('',#1192,#1193,#1194);
#1192 = CARTESIAN_POINT('',(288.43978295406,-153.5943824536,
    -292.0970407982));
#1193 = DIRECTION('',(1.265744922315E-29,-1.,5.200354036283E-14));
#1194 = DIRECTION('',(-0.707106781187,3.677205603627E-14,0.707106781187)
  );
#1195 = ORIENTED_EDGE('',*,*,#1196,.F.);
#1196 = EDGE_CURVE('',#1197,#1188,#1199,.T.);
#1197 = VERTEX_POINT('',#1198);
#1198 = CARTESIAN_POINT('',(444.43978295406,-153.5943824536,
    -289.0970407982));
#1199 = LINE('',#1200,#1201);
#1200 = CARTESIAN_POINT('',(274.58628295406,-153.5943824536,
    -289.0970407982));
#1201 = VECTOR('',#1202,1.);
#1202 = DIRECTION('',(-1.,-2.108155807776E-29,-4.924291309876E-17));
#1203 = ORIENTED_EDGE('',*,*,#1204,.F.);
#1204 = EDGE_CURVE('',#1205,#1197,#1207,.T.);
#1205 = VERTEX_POINT('',#1206);
#1206 = CARTESIAN_POINT('',(447.43978295406,-153.5943824536,
    -292.0970407982));
#1207 = CIRCLE('',#1208,3.);
#1208 = AXIS2_PLACEMENT_3D('',#1209,#1210,#1211);
#1209 = CARTESIAN_POINT('',(444.43978295406,-153.5943824536,
    -292.0970407982));
#1210 = DIRECTION('',(1.637250339029E-29,-1.,5.200354036283E-14));
#1211 = DIRECTION('',(0.707106781187,3.677205603627E-14,0.707106781187)
  );
#1212 = ORIENTED_EDGE('',*,*,#1213,.F.);
#1213 = EDGE_CURVE('',#1214,#1205,#1216,.T.);
#1214 = VERTEX_POINT('',#1215);
#1215 = CARTESIAN_POINT('',(447.43978295406,-153.5943824536,
    -334.3970407982));
#1216 = LINE('',#1217,#1218);
#1217 = CARTESIAN_POINT('',(447.43978295406,-153.5943824537,
    -387.0701968951));
#1218 = VECTOR('',#1219,1.);
#1219 = DIRECTION('',(-4.924291309876E-17,5.200354036283E-14,1.));
#1220 = ORIENTED_EDGE('',*,*,#1221,.F.);
#1221 = EDGE_CURVE('',#1163,#1214,#1222,.T.);
#1222 = CIRCLE('',#1223,3.);
#1223 = AXIS2_PLACEMENT_3D('',#1224,#1225,#1226);
#1224 = CARTESIAN_POINT('',(444.43978295406,-153.5943824536,
    -334.3970407982));
#1225 = DIRECTION('',(1.554876093613E-29,-1.,5.200354036283E-14));
#1226 = DIRECTION('',(0.707106781187,-3.677205603627E-14,-0.707106781187
    ));
#1227 = FACE_BOUND('',#1228,.T.);
#1228 = EDGE_LOOP('',(#1229,#1240,#1249,#1258,#1267,#1275,#1284,#1292,
    #1301,#1309,#1318));
#1229 = ORIENTED_EDGE('',*,*,#1230,.F.);
#1230 = EDGE_CURVE('',#1231,#1233,#1235,.T.);
#1231 = VERTEX_POINT('',#1232);
#1232 = CARTESIAN_POINT('',(276.79507819055,-153.5943824537,
    -440.4291322044));
#1233 = VERTEX_POINT('',#1234);
#1234 = CARTESIAN_POINT('',(282.69680831362,-153.5943824537,
    -445.3476602656));
#1235 = CIRCLE('',#1236,6.);
#1236 = AXIS2_PLACEMENT_3D('',#1237,#1238,#1239);
#1237 = CARTESIAN_POINT('',(282.69680831362,-153.5943824537,
    -439.3476602656));
#1238 = DIRECTION('',(1.906199069333E-29,-1.,5.200354036283E-14));
#1239 = DIRECTION('',(-0.707106781187,-3.677205603627E-14,
    -0.707106781187));
#1240 = ORIENTED_EDGE('',*,*,#1241,.T.);
#1241 = EDGE_CURVE('',#1231,#1242,#1244,.T.);
#1242 = VERTEX_POINT('',#1243);
#1243 = CARTESIAN_POINT('',(268.59678295407,-153.5943824537,
    -440.547352992));
#1244 = CIRCLE('',#1245,4.1);
#1245 = AXIS2_PLACEMENT_3D('',#1246,#1247,#1248);
#1246 = CARTESIAN_POINT('',(272.69678295407,-153.5943824537,
    -440.547352992));
#1247 = DIRECTION('',(-1.852075225885E-29,1.,-5.200354036283E-14));
#1248 = DIRECTION('',(1.,1.202550606141E-29,-1.249000770354E-16));
#1249 = ORIENTED_EDGE('',*,*,#1250,.T.);
#1250 = EDGE_CURVE('',#1242,#1251,#1253,.T.);
#1251 = VERTEX_POINT('',#1252);
#1252 = CARTESIAN_POINT('',(276.70674531217,-153.5943824537,
    -439.6928344805));
#1253 = CIRCLE('',#1254,4.1);
#1254 = AXIS2_PLACEMENT_3D('',#1255,#1256,#1257);
#1255 = CARTESIAN_POINT('',(272.69678295407,-153.5943824537,
    -440.547352992));
#1256 = DIRECTION('',(-1.852075225885E-29,1.,-5.200354036283E-14));
#1257 = DIRECTION('',(1.,1.202550606141E-29,-1.249000770354E-16));
#1258 = ORIENTED_EDGE('',*,*,#1259,.F.);
#1259 = EDGE_CURVE('',#1260,#1251,#1262,.T.);
#1260 = VERTEX_POINT('',#1261);
#1261 = CARTESIAN_POINT('',(276.69680831362,-153.5943824537,
    -439.3476602656));
#1262 = CIRCLE('',#1263,6.);
#1263 = AXIS2_PLACEMENT_3D('',#1264,#1265,#1266);
#1264 = CARTESIAN_POINT('',(282.69680831362,-153.5943824537,
    -439.3476602656));
#1265 = DIRECTION('',(1.906199069333E-29,-1.,5.200354036283E-14));
#1266 = DIRECTION('',(-0.707106781187,-3.677205603627E-14,
    -0.707106781187));
#1267 = ORIENTED_EDGE('',*,*,#1268,.F.);
#1268 = EDGE_CURVE('',#1269,#1260,#1271,.T.);
#1269 = VERTEX_POINT('',#1270);
#1270 = CARTESIAN_POINT('',(276.69680831362,-153.5943824537,
    -387.3476602656));
#1271 = LINE('',#1272,#1273);
#1272 = CARTESIAN_POINT('',(276.69680831362,-153.5943824537,
    -450.2140066288));
#1273 = VECTOR('',#1274,1.);
#1274 = DIRECTION('',(-1.79086145036E-14,-5.200354036283E-14,-1.));
#1275 = ORIENTED_EDGE('',*,*,#1276,.F.);
#1276 = EDGE_CURVE('',#1277,#1269,#1279,.T.);
#1277 = VERTEX_POINT('',#1278);
#1278 = CARTESIAN_POINT('',(282.69680831362,-153.5943824537,
    -381.3476602656));
#1279 = CIRCLE('',#1280,6.);
#1280 = AXIS2_PLACEMENT_3D('',#1281,#1282,#1283);
#1281 = CARTESIAN_POINT('',(282.69680831362,-153.5943824537,
    -387.3476602656));
#1282 = DIRECTION('',(1.777802525663E-29,-1.,5.200354036283E-14));
#1283 = DIRECTION('',(-0.707106781187,3.677205603627E-14,0.707106781187)
  );
#1284 = ORIENTED_EDGE('',*,*,#1285,.F.);
#1285 = EDGE_CURVE('',#1286,#1277,#1288,.T.);
#1286 = VERTEX_POINT('',#1287);
#1287 = CARTESIAN_POINT('',(406.69680831362,-153.5943824537,
    -381.3476602656));
#1288 = LINE('',#1289,#1290);
#1289 = CARTESIAN_POINT('',(269.07629563385,-153.5943824537,
    -381.3476602656));
#1290 = VECTOR('',#1291,1.);
#1291 = DIRECTION('',(-1.,9.127906049213E-28,1.79086145036E-14));
#1292 = ORIENTED_EDGE('',*,*,#1293,.F.);
#1293 = EDGE_CURVE('',#1294,#1286,#1296,.T.);
#1294 = VERTEX_POINT('',#1295);
#1295 = CARTESIAN_POINT('',(412.69680831362,-153.5943824537,
    -387.3476602656));
#1296 = CIRCLE('',#1297,6.);
#1297 = AXIS2_PLACEMENT_3D('',#1298,#1299,#1300);
#1298 = CARTESIAN_POINT('',(406.69680831362,-153.5943824537,
    -387.3476602656));
#1299 = DIRECTION('',(1.742635841857E-29,-1.,5.200354036283E-14));
#1300 = DIRECTION('',(0.707106781187,3.677205603627E-14,0.707106781187)
  );
#1301 = ORIENTED_EDGE('',*,*,#1302,.F.);
#1302 = EDGE_CURVE('',#1303,#1294,#1305,.T.);
#1303 = VERTEX_POINT('',#1304);
#1304 = CARTESIAN_POINT('',(412.69680831362,-153.5943824537,
    -439.3476602656));
#1305 = LINE('',#1306,#1307);
#1306 = CARTESIAN_POINT('',(412.69680831362,-153.5943824537,
    -405.2140066288));
#1307 = VECTOR('',#1308,1.);
#1308 = DIRECTION('',(1.79086145036E-14,5.200354036283E-14,1.));
#1309 = ORIENTED_EDGE('',*,*,#1310,.F.);
#1310 = EDGE_CURVE('',#1311,#1303,#1313,.T.);
#1311 = VERTEX_POINT('',#1312);
#1312 = CARTESIAN_POINT('',(406.69680831362,-153.5943824537,
    -445.3476602656));
#1313 = CIRCLE('',#1314,6.);
#1314 = AXIS2_PLACEMENT_3D('',#1315,#1316,#1317);
#1315 = CARTESIAN_POINT('',(406.69680831362,-153.5943824537,
    -439.3476602656));
#1316 = DIRECTION('',(1.777802525663E-29,-1.,5.200354036283E-14));
#1317 = DIRECTION('',(0.707106781187,-3.677205603627E-14,-0.707106781187
    ));
#1318 = ORIENTED_EDGE('',*,*,#1319,.F.);
#1319 = EDGE_CURVE('',#1233,#1311,#1320,.T.);
#1320 = LINE('',#1321,#1322);
#1321 = CARTESIAN_POINT('',(346.57629563384,-153.5943824537,
    -445.3476602656));
#1322 = VECTOR('',#1323,1.);
#1323 = DIRECTION('',(1.,-9.127906049213E-28,-1.79086145036E-14));
#1324 = FACE_BOUND('',#1325,.T.);
#1325 = EDGE_LOOP('',(#1326,#1337,#1346,#1355,#1364,#1372,#1381,#1389,
    #1398,#1406,#1415));
#1326 = ORIENTED_EDGE('',*,*,#1327,.F.);
#1327 = EDGE_CURVE('',#1328,#1330,#1332,.T.);
#1328 = VERTEX_POINT('',#1329);
#1329 = CARTESIAN_POINT('',(121.79507819054,-153.5943824537,
    -440.4291322044));
#1330 = VERTEX_POINT('',#1331);
#1331 = CARTESIAN_POINT('',(127.69680831362,-153.5943824537,
    -445.3476602656));
#1332 = CIRCLE('',#1333,6.);
#1333 = AXIS2_PLACEMENT_3D('',#1334,#1335,#1336);
#1334 = CARTESIAN_POINT('',(127.69680831362,-153.5943824537,
    -439.3476602656));
#1335 = DIRECTION('',(2.141191387158E-29,-1.,5.200354036283E-14));
#1336 = DIRECTION('',(-0.707106781187,-3.677205603627E-14,
    -0.707106781187));
#1337 = ORIENTED_EDGE('',*,*,#1338,.T.);
#1338 = EDGE_CURVE('',#1328,#1339,#1341,.T.);
#1339 = VERTEX_POINT('',#1340);
#1340 = CARTESIAN_POINT('',(113.59678295406,-153.5943824537,
    -440.547352992));
#1341 = CIRCLE('',#1342,4.1);
#1342 = AXIS2_PLACEMENT_3D('',#1343,#1344,#1345);
#1343 = CARTESIAN_POINT('',(117.69678295406,-153.5943824537,
    -440.547352992));
#1344 = DIRECTION('',(-1.852075225885E-29,1.,-5.200354036283E-14));
#1345 = DIRECTION('',(1.,1.202550606141E-29,-1.249000770354E-16));
#1346 = ORIENTED_EDGE('',*,*,#1347,.T.);
#1347 = EDGE_CURVE('',#1339,#1348,#1350,.T.);
#1348 = VERTEX_POINT('',#1349);
#1349 = CARTESIAN_POINT('',(121.70674531217,-153.5943824537,
    -439.6928344805));
#1350 = CIRCLE('',#1351,4.1);
#1351 = AXIS2_PLACEMENT_3D('',#1352,#1353,#1354);
#1352 = CARTESIAN_POINT('',(117.69678295406,-153.5943824537,
    -440.547352992));
#1353 = DIRECTION('',(-1.852075225885E-29,1.,-5.200354036283E-14));
#1354 = DIRECTION('',(1.,1.202550606141E-29,-1.249000770354E-16));
#1355 = ORIENTED_EDGE('',*,*,#1356,.F.);
#1356 = EDGE_CURVE('',#1357,#1348,#1359,.T.);
#1357 = VERTEX_POINT('',#1358);
#1358 = CARTESIAN_POINT('',(121.69680831362,-153.5943824537,
    -439.3476602656));
#1359 = CIRCLE('',#1360,6.);
#1360 = AXIS2_PLACEMENT_3D('',#1361,#1362,#1363);
#1361 = CARTESIAN_POINT('',(127.69680831362,-153.5943824537,
    -439.3476602656));
#1362 = DIRECTION('',(2.141191387158E-29,-1.,5.200354036283E-14));
#1363 = DIRECTION('',(-0.707106781187,-3.677205603627E-14,
    -0.707106781187));
#1364 = ORIENTED_EDGE('',*,*,#1365,.F.);
#1365 = EDGE_CURVE('',#1366,#1357,#1368,.T.);
#1366 = VERTEX_POINT('',#1367);
#1367 = CARTESIAN_POINT('',(121.69680831362,-153.5943824537,
    -387.3476602656));
#1368 = LINE('',#1369,#1370);
#1369 = CARTESIAN_POINT('',(121.69680831362,-153.5943824537,
    -450.2140066288));
#1370 = VECTOR('',#1371,1.);
#1371 = DIRECTION('',(-1.921312655753E-14,-5.200354036283E-14,-1.));
#1372 = ORIENTED_EDGE('',*,*,#1373,.F.);
#1373 = EDGE_CURVE('',#1374,#1366,#1376,.T.);
#1374 = VERTEX_POINT('',#1375);
#1375 = CARTESIAN_POINT('',(127.69680831362,-153.5943824537,
    -381.3476602656));
#1376 = CIRCLE('',#1377,6.);
#1377 = AXIS2_PLACEMENT_3D('',#1378,#1379,#1380);
#1378 = CARTESIAN_POINT('',(127.69680831362,-153.5943824537,
    -387.3476602656));
#1379 = DIRECTION('',(2.104928980615E-29,-1.,5.200354036283E-14));
#1380 = DIRECTION('',(-0.707106781187,3.677205603627E-14,0.707106781187)
  );
#1381 = ORIENTED_EDGE('',*,*,#1382,.F.);
#1382 = EDGE_CURVE('',#1383,#1374,#1385,.T.);
#1383 = VERTEX_POINT('',#1384);
#1384 = CARTESIAN_POINT('',(251.69680831362,-153.5943824537,
    -381.3476602656));
#1385 = LINE('',#1386,#1387);
#1386 = CARTESIAN_POINT('',(191.57629563384,-153.5943824537,
    -381.3476602656));
#1387 = VECTOR('',#1388,1.);
#1388 = DIRECTION('',(-1.,9.806298501719E-28,1.921312655753E-14));
#1389 = ORIENTED_EDGE('',*,*,#1390,.F.);
#1390 = EDGE_CURVE('',#1391,#1383,#1393,.T.);
#1391 = VERTEX_POINT('',#1392);
#1392 = CARTESIAN_POINT('',(257.69680831362,-153.5943824537,
    -387.3476602656));
#1393 = CIRCLE('',#1394,6.);
#1394 = AXIS2_PLACEMENT_3D('',#1395,#1396,#1397);
#1395 = CARTESIAN_POINT('',(251.69680831362,-153.5943824537,
    -387.3476602656));
#1396 = DIRECTION('',(1.906199069333E-29,-1.,5.200354036283E-14));
#1397 = DIRECTION('',(0.707106781187,3.677205603627E-14,0.707106781187)
  );
#1398 = ORIENTED_EDGE('',*,*,#1399,.F.);
#1399 = EDGE_CURVE('',#1400,#1391,#1402,.T.);
#1400 = VERTEX_POINT('',#1401);
#1401 = CARTESIAN_POINT('',(257.69680831362,-153.5943824537,
    -439.3476602656));
#1402 = LINE('',#1403,#1404);
#1403 = CARTESIAN_POINT('',(257.69680831362,-153.5943824537,
    -405.2140066288));
#1404 = VECTOR('',#1405,1.);
#1405 = DIRECTION('',(1.921312655753E-14,5.200354036283E-14,1.));
#1406 = ORIENTED_EDGE('',*,*,#1407,.F.);
#1407 = EDGE_CURVE('',#1408,#1400,#1410,.T.);
#1408 = VERTEX_POINT('',#1409);
#1409 = CARTESIAN_POINT('',(251.69680831362,-153.5943824537,
    -445.3476602656));
#1410 = CIRCLE('',#1411,6.);
#1411 = AXIS2_PLACEMENT_3D('',#1412,#1413,#1414);
#1412 = CARTESIAN_POINT('',(251.69680831362,-153.5943824537,
    -439.3476602656));
#1413 = DIRECTION('',(2.104928980615E-29,-1.,5.200354036283E-14));
#1414 = DIRECTION('',(0.707106781187,-3.677205603627E-14,-0.707106781187
    ));
#1415 = ORIENTED_EDGE('',*,*,#1416,.F.);
#1416 = EDGE_CURVE('',#1330,#1408,#1417,.T.);
#1417 = LINE('',#1418,#1419);
#1418 = CARTESIAN_POINT('',(269.07629563384,-153.5943824537,
    -445.3476602656));
#1419 = VECTOR('',#1420,1.);
#1420 = DIRECTION('',(1.,-9.806298501719E-28,-1.921312655753E-14));
#1421 = FACE_BOUND('',#1422,.T.);
#1422 = EDGE_LOOP('',(#1423));
#1423 = ORIENTED_EDGE('',*,*,#1424,.T.);
#1424 = EDGE_CURVE('',#1425,#1425,#1427,.T.);
#1425 = VERTEX_POINT('',#1426);
#1426 = CARTESIAN_POINT('',(87.734551580639,-153.5943824537,
    -383.3226602656));
#1427 = CIRCLE('',#1428,1.5);
#1428 = AXIS2_PLACEMENT_3D('',#1429,#1430,#1431);
#1429 = CARTESIAN_POINT('',(89.234551580639,-153.5943824537,
    -383.3226602656));
#1430 = DIRECTION('',(5.76238404885E-30,1.,-5.195843755246E-14));
#1431 = DIRECTION('',(1.,-1.225199690179E-29,-1.249000770354E-16));
#1432 = FACE_BOUND('',#1433,.T.);
#1433 = EDGE_LOOP('',(#1434));
#1434 = ORIENTED_EDGE('',*,*,#1435,.T.);
#1435 = EDGE_CURVE('',#1436,#1436,#1438,.T.);
#1436 = VERTEX_POINT('',#1437);
#1437 = CARTESIAN_POINT('',(60.734551580639,-153.5943824537,
    -383.3226602656));
#1438 = CIRCLE('',#1439,1.5);
#1439 = AXIS2_PLACEMENT_3D('',#1440,#1441,#1442);
#1440 = CARTESIAN_POINT('',(62.234551580639,-153.5943824537,
    -383.3226602656));
#1441 = DIRECTION('',(5.76238404885E-30,1.,-5.195843755246E-14));
#1442 = DIRECTION('',(1.,-1.225199690179E-29,-1.249000770354E-16));
#1443 = FACE_BOUND('',#1444,.T.);
#1444 = EDGE_LOOP('',(#1445));
#1445 = ORIENTED_EDGE('',*,*,#1446,.T.);
#1446 = EDGE_CURVE('',#1447,#1447,#1449,.T.);
#1447 = VERTEX_POINT('',#1448);
#1448 = CARTESIAN_POINT('',(87.734551580639,-153.5943824537,
    -358.3226602656));
#1449 = CIRCLE('',#1450,1.5);
#1450 = AXIS2_PLACEMENT_3D('',#1451,#1452,#1453);
#1451 = CARTESIAN_POINT('',(89.234551580639,-153.5943824537,
    -358.3226602656));
#1452 = DIRECTION('',(5.76238404885E-30,1.,-5.195843755246E-14));
#1453 = DIRECTION('',(1.,-1.225199690179E-29,-1.249000770354E-16));
#1454 = FACE_BOUND('',#1455,.T.);
#1455 = EDGE_LOOP('',(#1456));
#1456 = ORIENTED_EDGE('',*,*,#1457,.T.);
#1457 = EDGE_CURVE('',#1458,#1458,#1460,.T.);
#1458 = VERTEX_POINT('',#1459);
#1459 = CARTESIAN_POINT('',(87.734551580639,-153.5943824537,
    -408.3226602656));
#1460 = CIRCLE('',#1461,1.5);
#1461 = AXIS2_PLACEMENT_3D('',#1462,#1463,#1464);
#1462 = CARTESIAN_POINT('',(89.234551580639,-153.5943824537,
    -408.3226602656));
#1463 = DIRECTION('',(5.76238404885E-30,1.,-5.195843755246E-14));
#1464 = DIRECTION('',(1.,-1.225199690179E-29,-1.249000770354E-16));
#1465 = FACE_BOUND('',#1466,.T.);
#1466 = EDGE_LOOP('',(#1467));
#1467 = ORIENTED_EDGE('',*,*,#1468,.T.);
#1468 = EDGE_CURVE('',#1469,#1469,#1471,.T.);
#1469 = VERTEX_POINT('',#1470);
#1470 = CARTESIAN_POINT('',(60.734551580639,-153.5943824537,
    -408.3226602656));
#1471 = CIRCLE('',#1472,1.5);
#1472 = AXIS2_PLACEMENT_3D('',#1473,#1474,#1475);
#1473 = CARTESIAN_POINT('',(62.234551580639,-153.5943824537,
    -408.3226602656));
#1474 = DIRECTION('',(5.76238404885E-30,1.,-5.195843755246E-14));
#1475 = DIRECTION('',(1.,-1.225199690179E-29,-1.249000770354E-16));
#1476 = FACE_BOUND('',#1477,.T.);
#1477 = EDGE_LOOP('',(#1478));
#1478 = ORIENTED_EDGE('',*,*,#1479,.T.);
#1479 = EDGE_CURVE('',#1480,#1480,#1482,.T.);
#1480 = VERTEX_POINT('',#1481);
#1481 = CARTESIAN_POINT('',(60.734551580639,-153.5943824537,
    -358.3226602656));
#1482 = CIRCLE('',#1483,1.5);
#1483 = AXIS2_PLACEMENT_3D('',#1484,#1485,#1486);
#1484 = CARTESIAN_POINT('',(62.234551580639,-153.5943824537,
    -358.3226602656));
#1485 = DIRECTION('',(5.76238404885E-30,1.,-5.195843755246E-14));
#1486 = DIRECTION('',(1.,-1.225199690179E-29,-1.249000770354E-16));
#1487 = FACE_BOUND('',#1488,.T.);
#1488 = EDGE_LOOP('',(#1489));
#1489 = ORIENTED_EDGE('',*,*,#1490,.T.);
#1490 = EDGE_CURVE('',#1491,#1491,#1493,.T.);
#1491 = VERTEX_POINT('',#1492);
#1492 = CARTESIAN_POINT('',(60.734551580639,-153.5943824537,
    -433.3226602656));
#1493 = CIRCLE('',#1494,1.5);
#1494 = AXIS2_PLACEMENT_3D('',#1495,#1496,#1497);
#1495 = CARTESIAN_POINT('',(62.234551580639,-153.5943824537,
    -433.3226602656));
#1496 = DIRECTION('',(5.753139698258E-30,1.,-5.195843755246E-14));
#1497 = DIRECTION('',(1.,-1.22427525512E-29,-1.249000770354E-16));
#1498 = FACE_BOUND('',#1499,.T.);
#1499 = EDGE_LOOP('',(#1500));
#1500 = ORIENTED_EDGE('',*,*,#1501,.T.);
#1501 = EDGE_CURVE('',#1502,#1502,#1504,.T.);
#1502 = VERTEX_POINT('',#1503);
#1503 = CARTESIAN_POINT('',(87.734551580639,-153.5943824537,
    -433.3226602656));
#1504 = CIRCLE('',#1505,1.5);
#1505 = AXIS2_PLACEMENT_3D('',#1506,#1507,#1508);
#1506 = CARTESIAN_POINT('',(89.234551580639,-153.5943824537,
    -433.3226602656));
#1507 = DIRECTION('',(5.753139698258E-30,1.,-5.195843755246E-14));
#1508 = DIRECTION('',(1.,-1.22427525512E-29,-1.249000770354E-16));
#1509 = FACE_BOUND('',#1510,.T.);
#1510 = EDGE_LOOP('',(#1511));
#1511 = ORIENTED_EDGE('',*,*,#1512,.T.);
#1512 = EDGE_CURVE('',#1513,#1513,#1515,.T.);
#1513 = VERTEX_POINT('',#1514);
#1514 = CARTESIAN_POINT('',(406.59678295407,-153.5943824537,
    -376.647352992));
#1515 = CIRCLE('',#1516,4.1);
#1516 = AXIS2_PLACEMENT_3D('',#1517,#1518,#1519);
#1517 = CARTESIAN_POINT('',(410.69678295407,-153.5943824537,
    -376.647352992));
#1518 = DIRECTION('',(-1.852075225885E-29,1.,-5.200354036283E-14));
#1519 = DIRECTION('',(1.,1.202550606141E-29,-1.249000770354E-16));
#1520 = FACE_BOUND('',#1521,.T.);
#1521 = EDGE_LOOP('',(#1522));
#1522 = ORIENTED_EDGE('',*,*,#1523,.T.);
#1523 = EDGE_CURVE('',#1524,#1524,#1526,.T.);
#1524 = VERTEX_POINT('',#1525);
#1525 = CARTESIAN_POINT('',(227.5967627683,-153.5943824537,
    -450.347352992));
#1526 = CIRCLE('',#1527,4.1);
#1527 = AXIS2_PLACEMENT_3D('',#1528,#1529,#1530);
#1528 = CARTESIAN_POINT('',(231.6967627683,-153.5943824537,
    -450.347352992));
#1529 = DIRECTION('',(-1.852075225885E-29,1.,-5.200354036283E-14));
#1530 = DIRECTION('',(1.,1.202550606141E-29,-1.249000770354E-16));
#1531 = FACE_BOUND('',#1532,.T.);
#1532 = EDGE_LOOP('',(#1533));
#1533 = ORIENTED_EDGE('',*,*,#1534,.T.);
#1534 = EDGE_CURVE('',#1535,#1535,#1537,.T.);
#1535 = VERTEX_POINT('',#1536);
#1536 = CARTESIAN_POINT('',(268.59678295407,-153.5943824537,
    -376.647352992));
#1537 = CIRCLE('',#1538,4.1);
#1538 = AXIS2_PLACEMENT_3D('',#1539,#1540,#1541);
#1539 = CARTESIAN_POINT('',(272.69678295407,-153.5943824537,
    -376.647352992));
#1540 = DIRECTION('',(-1.852075225885E-29,1.,-5.200354036283E-14));
#1541 = DIRECTION('',(1.,1.202550606141E-29,-1.249000770354E-16));
#1542 = FACE_BOUND('',#1543,.T.);
#1543 = EDGE_LOOP('',(#1544));
#1544 = ORIENTED_EDGE('',*,*,#1545,.T.);
#1545 = EDGE_CURVE('',#1546,#1546,#1548,.T.);
#1546 = VERTEX_POINT('',#1547);
#1547 = CARTESIAN_POINT('',(382.5967627683,-153.5943824537,
    -450.347352992));
#1548 = CIRCLE('',#1549,4.1);
#1549 = AXIS2_PLACEMENT_3D('',#1550,#1551,#1552);
#1550 = CARTESIAN_POINT('',(386.6967627683,-153.5943824537,
    -450.347352992));
#1551 = DIRECTION('',(-1.852075225885E-29,1.,-5.200354036283E-14));
#1552 = DIRECTION('',(1.,1.202550606141E-29,-1.249000770354E-16));
#1553 = FACE_BOUND('',#1554,.T.);
#1554 = EDGE_LOOP('',(#1555));
#1555 = ORIENTED_EDGE('',*,*,#1556,.T.);
#1556 = EDGE_CURVE('',#1557,#1557,#1559,.T.);
#1557 = VERTEX_POINT('',#1558);
#1558 = CARTESIAN_POINT('',(251.59678295406,-153.5943824537,
    -376.647352992));
#1559 = CIRCLE('',#1560,4.1);
#1560 = AXIS2_PLACEMENT_3D('',#1561,#1562,#1563);
#1561 = CARTESIAN_POINT('',(255.69678295406,-153.5943824537,
    -376.647352992));
#1562 = DIRECTION('',(-1.852075225885E-29,1.,-5.200354036283E-14));
#1563 = DIRECTION('',(1.,1.202550606141E-29,-1.249000770354E-16));
#1564 = FACE_BOUND('',#1565,.T.);
#1565 = EDGE_LOOP('',(#1566));
#1566 = ORIENTED_EDGE('',*,*,#1567,.T.);
#1567 = EDGE_CURVE('',#1568,#1568,#1570,.T.);
#1568 = VERTEX_POINT('',#1569);
#1569 = CARTESIAN_POINT('',(113.59678295406,-153.5943824537,
    -376.647352992));
#1570 = CIRCLE('',#1571,4.1);
#1571 = AXIS2_PLACEMENT_3D('',#1572,#1573,#1574);
#1572 = CARTESIAN_POINT('',(117.69678295406,-153.5943824537,
    -376.647352992));
#1573 = DIRECTION('',(-1.852075225885E-29,1.,-5.200354036283E-14));
#1574 = DIRECTION('',(1.,1.202550606141E-29,-1.249000770354E-16));
#1575 = FACE_BOUND('',#1576,.T.);
#1576 = EDGE_LOOP('',(#1577,#1587,#1596,#1604,#1613,#1621,#1630,#1638));
#1577 = ORIENTED_EDGE('',*,*,#1578,.F.);
#1578 = EDGE_CURVE('',#1579,#1581,#1583,.T.);
#1579 = VERTEX_POINT('',#1580);
#1580 = CARTESIAN_POINT('',(84.984551580639,-153.5943824537,
    -352.4226602656));
#1581 = VERTEX_POINT('',#1582);
#1582 = CARTESIAN_POINT('',(66.484551580639,-153.5943824537,
    -352.4226602656));
#1583 = LINE('',#1584,#1585);
#1584 = CARTESIAN_POINT('',(169.59066726735,-153.5943824537,
    -352.4226602656));
#1585 = VECTOR('',#1586,1.);
#1586 = DIRECTION('',(-1.,-1.202550606141E-29,1.249000770354E-16));
#1587 = ORIENTED_EDGE('',*,*,#1588,.F.);
#1588 = EDGE_CURVE('',#1589,#1579,#1591,.T.);
#1589 = VERTEX_POINT('',#1590);
#1590 = CARTESIAN_POINT('',(87.484551580639,-153.5943824537,
    -354.9226602656));
#1591 = CIRCLE('',#1592,2.5);
#1592 = AXIS2_PLACEMENT_3D('',#1593,#1594,#1595);
#1593 = CARTESIAN_POINT('',(84.984551580639,-153.5943824537,
    -354.9226602656));
#1594 = DIRECTION('',(1.651508103427E-29,-1.,5.200354036283E-14));
#1595 = DIRECTION('',(0.707106781187,3.677205603627E-14,0.707106781187)
  );
#1596 = ORIENTED_EDGE('',*,*,#1597,.F.);
#1597 = EDGE_CURVE('',#1598,#1589,#1600,.T.);
#1598 = VERTEX_POINT('',#1599);
#1599 = CARTESIAN_POINT('',(87.484551580639,-153.5943824537,
    -361.7226602656));
#1600 = LINE('',#1601,#1602);
#1601 = CARTESIAN_POINT('',(87.484551580639,-153.5943824537,
    -396.9225066288));
#1602 = VECTOR('',#1603,1.);
#1603 = DIRECTION('',(3.659938563404E-15,5.200354036283E-14,1.));
#1604 = ORIENTED_EDGE('',*,*,#1605,.F.);
#1605 = EDGE_CURVE('',#1606,#1598,#1608,.T.);
#1606 = VERTEX_POINT('',#1607);
#1607 = CARTESIAN_POINT('',(84.984551580639,-153.5943824537,
    -364.2226602656));
#1608 = CIRCLE('',#1609,2.5);
#1609 = AXIS2_PLACEMENT_3D('',#1610,#1611,#1612);
#1610 = CARTESIAN_POINT('',(84.984551580639,-153.5943824537,
    -361.7226602656));
#1611 = DIRECTION('',(1.653814314063E-29,-1.,5.200354036283E-14));
#1612 = DIRECTION('',(0.707106781187,-3.677205603627E-14,-0.707106781187
    ));
#1613 = ORIENTED_EDGE('',*,*,#1614,.F.);
#1614 = EDGE_CURVE('',#1615,#1606,#1617,.T.);
#1615 = VERTEX_POINT('',#1616);
#1616 = CARTESIAN_POINT('',(66.484551580639,-153.5943824537,
    -364.2226602656));
#1617 = LINE('',#1618,#1619);
#1618 = CARTESIAN_POINT('',(178.84066726735,-153.5943824537,
    -364.2226602656));
#1619 = VECTOR('',#1620,1.);
#1620 = DIRECTION('',(1.,1.202550606141E-29,-1.249000770354E-16));
#1621 = ORIENTED_EDGE('',*,*,#1622,.F.);
#1622 = EDGE_CURVE('',#1623,#1615,#1625,.T.);
#1623 = VERTEX_POINT('',#1624);
#1624 = CARTESIAN_POINT('',(63.984551580639,-153.5943824537,
    -361.7226602656));
#1625 = CIRCLE('',#1626,2.5);
#1626 = AXIS2_PLACEMENT_3D('',#1627,#1628,#1629);
#1627 = CARTESIAN_POINT('',(66.484551580639,-153.5943824537,
    -361.7226602656));
#1628 = DIRECTION('',(1.562049637835E-29,-1.,5.200354036283E-14));
#1629 = DIRECTION('',(-0.707106781187,-3.677205603627E-14,
    -0.707106781187));
#1630 = ORIENTED_EDGE('',*,*,#1631,.F.);
#1631 = EDGE_CURVE('',#1632,#1623,#1634,.T.);
#1632 = VERTEX_POINT('',#1633);
#1633 = CARTESIAN_POINT('',(63.984551580639,-153.5943824537,
    -354.9226602656));
#1634 = LINE('',#1635,#1636);
#1635 = CARTESIAN_POINT('',(63.984551580639,-153.5943824537,
    -401.9475066288));
#1636 = VECTOR('',#1637,1.);
#1637 = DIRECTION('',(3.410138409333E-15,-5.200354036283E-14,-1.));
#1638 = ORIENTED_EDGE('',*,*,#1639,.F.);
#1639 = EDGE_CURVE('',#1581,#1632,#1640,.T.);
#1640 = CIRCLE('',#1641,2.5);
#1641 = AXIS2_PLACEMENT_3D('',#1642,#1643,#1644);
#1642 = CARTESIAN_POINT('',(66.484551580639,-153.5943824537,
    -354.9226602656));
#1643 = DIRECTION('',(1.52578723129E-29,-1.,5.200354036283E-14));
#1644 = DIRECTION('',(-0.707106781187,3.677205603627E-14,0.707106781187)
  );
#1645 = FACE_BOUND('',#1646,.T.);
#1646 = EDGE_LOOP('',(#1647,#1657,#1666,#1674,#1683,#1691,#1700,#1708));
#1647 = ORIENTED_EDGE('',*,*,#1648,.F.);
#1648 = EDGE_CURVE('',#1649,#1651,#1653,.T.);
#1649 = VERTEX_POINT('',#1650);
#1650 = CARTESIAN_POINT('',(84.984551580639,-153.5943824537,
    -402.4226602656));
#1651 = VERTEX_POINT('',#1652);
#1652 = CARTESIAN_POINT('',(66.484551580639,-153.5943824537,
    -402.4226602656));
#1653 = LINE('',#1654,#1655);
#1654 = CARTESIAN_POINT('',(169.59066726735,-153.5943824537,
    -402.4226602656));
#1655 = VECTOR('',#1656,1.);
#1656 = DIRECTION('',(-1.,-1.202550606141E-29,1.249000770354E-16));
#1657 = ORIENTED_EDGE('',*,*,#1658,.F.);
#1658 = EDGE_CURVE('',#1659,#1649,#1661,.T.);
#1659 = VERTEX_POINT('',#1660);
#1660 = CARTESIAN_POINT('',(87.484551580639,-153.5943824537,
    -404.9226602656));
#1661 = CIRCLE('',#1662,2.5);
#1662 = AXIS2_PLACEMENT_3D('',#1663,#1664,#1665);
#1663 = CARTESIAN_POINT('',(84.984551580639,-153.5943824537,
    -404.9226602656));
#1664 = DIRECTION('',(1.51435806674E-29,-1.,5.200354036283E-14));
#1665 = DIRECTION('',(0.707106781187,3.677205603627E-14,0.707106781187)
  );
#1666 = ORIENTED_EDGE('',*,*,#1667,.F.);
#1667 = EDGE_CURVE('',#1668,#1659,#1670,.T.);
#1668 = VERTEX_POINT('',#1669);
#1669 = CARTESIAN_POINT('',(87.484551580639,-153.5943824537,
    -411.7226602656));
#1670 = LINE('',#1671,#1672);
#1671 = CARTESIAN_POINT('',(87.484551580639,-153.5943824537,
    -396.9225066288));
#1672 = VECTOR('',#1673,1.);
#1673 = DIRECTION('',(3.659938563404E-15,5.200354036283E-14,1.));
#1674 = ORIENTED_EDGE('',*,*,#1675,.F.);
#1675 = EDGE_CURVE('',#1676,#1668,#1678,.T.);
#1676 = VERTEX_POINT('',#1677);
#1677 = CARTESIAN_POINT('',(84.984551580639,-153.5943824537,
    -414.2226602656));
#1678 = CIRCLE('',#1679,2.5);
#1679 = AXIS2_PLACEMENT_3D('',#1680,#1681,#1682);
#1680 = CARTESIAN_POINT('',(84.984551580639,-153.5943824537,
    -411.7226602656));
#1681 = DIRECTION('',(1.478095660195E-29,-1.,5.200354036283E-14));
#1682 = DIRECTION('',(0.707106781187,-3.677205603627E-14,-0.707106781187
    ));
#1683 = ORIENTED_EDGE('',*,*,#1684,.F.);
#1684 = EDGE_CURVE('',#1685,#1676,#1687,.T.);
#1685 = VERTEX_POINT('',#1686);
#1686 = CARTESIAN_POINT('',(66.484551580639,-153.5943824537,
    -414.2226602656));
#1687 = LINE('',#1688,#1689);
#1688 = CARTESIAN_POINT('',(178.84066726735,-153.5943824537,
    -414.2226602656));
#1689 = VECTOR('',#1690,1.);
#1690 = DIRECTION('',(1.,1.202550606141E-29,-1.249000770354E-16));
#1691 = ORIENTED_EDGE('',*,*,#1692,.F.);
#1692 = EDGE_CURVE('',#1693,#1685,#1695,.T.);
#1693 = VERTEX_POINT('',#1694);
#1694 = CARTESIAN_POINT('',(63.984551580639,-153.5943824537,
    -411.7226602656));
#1695 = CIRCLE('',#1696,2.5);
#1696 = AXIS2_PLACEMENT_3D('',#1697,#1698,#1699);
#1697 = CARTESIAN_POINT('',(66.484551580639,-153.5943824537,
    -411.7226602656));
#1698 = DIRECTION('',(1.51435806674E-29,-1.,5.200354036283E-14));
#1699 = DIRECTION('',(-0.707106781187,-3.677205603627E-14,
    -0.707106781187));
#1700 = ORIENTED_EDGE('',*,*,#1701,.F.);
#1701 = EDGE_CURVE('',#1702,#1693,#1704,.T.);
#1702 = VERTEX_POINT('',#1703);
#1703 = CARTESIAN_POINT('',(63.984551580639,-153.5943824537,
    -404.9226602656));
#1704 = LINE('',#1705,#1706);
#1705 = CARTESIAN_POINT('',(63.984551580639,-153.5943824537,
    -401.9475066288));
#1706 = VECTOR('',#1707,1.);
#1707 = DIRECTION('',(3.410138409333E-15,-5.200354036283E-14,-1.));
#1708 = ORIENTED_EDGE('',*,*,#1709,.F.);
#1709 = EDGE_CURVE('',#1651,#1702,#1710,.T.);
#1710 = CIRCLE('',#1711,2.5);
#1711 = AXIS2_PLACEMENT_3D('',#1712,#1713,#1714);
#1712 = CARTESIAN_POINT('',(66.484551580639,-153.5943824537,
    -404.9226602656));
#1713 = DIRECTION('',(1.478095660195E-29,-1.,5.200354036283E-14));
#1714 = DIRECTION('',(-0.707106781187,3.677205603627E-14,0.707106781187)
  );
#1715 = FACE_BOUND('',#1716,.T.);
#1716 = EDGE_LOOP('',(#1717,#1727,#1736,#1744,#1753,#1761,#1770,#1778));
#1717 = ORIENTED_EDGE('',*,*,#1718,.F.);
#1718 = EDGE_CURVE('',#1719,#1721,#1723,.T.);
#1719 = VERTEX_POINT('',#1720);
#1720 = CARTESIAN_POINT('',(61.196367906789,-153.5943824536,
    111.90296816252));
#1721 = VERTEX_POINT('',#1722);
#1722 = CARTESIAN_POINT('',(61.196367906788,-153.5943824536,
    -272.0970318374));
#1723 = LINE('',#1724,#1725);
#1724 = CARTESIAN_POINT('',(61.196367906788,-153.5943824537,
    -356.3221924147));
#1725 = VECTOR('',#1726,1.);
#1726 = DIRECTION('',(-1.249000770354E-16,-5.200354036283E-14,-1.));
#1727 = ORIENTED_EDGE('',*,*,#1728,.F.);
#1728 = EDGE_CURVE('',#1729,#1719,#1731,.T.);
#1729 = VERTEX_POINT('',#1730);
#1730 = CARTESIAN_POINT('',(64.196367906788,-153.5943824536,
    114.90296816252));
#1731 = CIRCLE('',#1732,3.);
#1732 = AXIS2_PLACEMENT_3D('',#1733,#1734,#1735);
#1733 = CARTESIAN_POINT('',(64.196367906788,-153.5943824536,
    111.90296816252));
#1734 = DIRECTION('',(1.575848400721E-29,-1.,5.200354036283E-14));
#1735 = DIRECTION('',(-0.707106781187,3.677205603627E-14,0.707106781187)
  );
#1736 = ORIENTED_EDGE('',*,*,#1737,.F.);
#1737 = EDGE_CURVE('',#1738,#1729,#1740,.T.);
#1738 = VERTEX_POINT('',#1739);
#1739 = CARTESIAN_POINT('',(68.196367906789,-153.5943824536,
    114.90296816252));
#1740 = LINE('',#1741,#1742);
#1741 = CARTESIAN_POINT('',(168.44657543043,-153.5943824536,
    114.90296816252));
#1742 = VECTOR('',#1743,1.);
#1743 = DIRECTION('',(-1.,-1.202550606141E-29,1.249000770354E-16));
#1744 = ORIENTED_EDGE('',*,*,#1745,.F.);
#1745 = EDGE_CURVE('',#1746,#1738,#1748,.T.);
#1746 = VERTEX_POINT('',#1747);
#1747 = CARTESIAN_POINT('',(71.196367906789,-153.5943824536,
    111.90296816252));
#1748 = CIRCLE('',#1749,3.);
#1749 = AXIS2_PLACEMENT_3D('',#1750,#1751,#1752);
#1750 = CARTESIAN_POINT('',(68.196367906789,-153.5943824536,
    111.90296816252));
#1751 = DIRECTION('',(2.178396804699E-29,-1.,5.200354036283E-14));
#1752 = DIRECTION('',(0.707106781187,3.677205603627E-14,0.707106781187)
  );
#1753 = ORIENTED_EDGE('',*,*,#1754,.F.);
#1754 = EDGE_CURVE('',#1755,#1746,#1757,.T.);
#1755 = VERTEX_POINT('',#1756);
#1756 = CARTESIAN_POINT('',(71.196367906788,-153.5943824536,
    -272.0970318374));
#1757 = LINE('',#1758,#1759);
#1758 = CARTESIAN_POINT('',(71.196367906788,-153.5943824536,
    -159.3221924147));
#1759 = VECTOR('',#1760,1.);
#1760 = DIRECTION('',(1.249000770354E-16,5.200354036283E-14,1.));
#1761 = ORIENTED_EDGE('',*,*,#1762,.F.);
#1762 = EDGE_CURVE('',#1763,#1755,#1765,.T.);
#1763 = VERTEX_POINT('',#1764);
#1764 = CARTESIAN_POINT('',(68.196367906788,-153.5943824536,
    -275.0970318374));
#1765 = CIRCLE('',#1766,3.);
#1766 = AXIS2_PLACEMENT_3D('',#1767,#1768,#1769);
#1767 = CARTESIAN_POINT('',(68.196367906788,-153.5943824536,
    -272.0970318374));
#1768 = DIRECTION('',(1.852075225885E-29,-1.,5.200354036283E-14));
#1769 = DIRECTION('',(-1.249000770354E-16,-5.200354036283E-14,-1.));
#1770 = ORIENTED_EDGE('',*,*,#1771,.F.);
#1771 = EDGE_CURVE('',#1772,#1763,#1774,.T.);
#1772 = VERTEX_POINT('',#1773);
#1773 = CARTESIAN_POINT('',(64.196367906788,-153.5943824536,
    -275.0970318374));
#1774 = LINE('',#1775,#1776);
#1775 = CARTESIAN_POINT('',(170.44657543043,-153.5943824536,
    -275.0970318374));
#1776 = VECTOR('',#1777,1.);
#1777 = DIRECTION('',(1.,1.202550606142E-29,-1.249000770353E-16));
#1778 = ORIENTED_EDGE('',*,*,#1779,.F.);
#1779 = EDGE_CURVE('',#1721,#1772,#1780,.T.);
#1780 = CIRCLE('',#1781,3.);
#1781 = AXIS2_PLACEMENT_3D('',#1782,#1783,#1784);
#1782 = CARTESIAN_POINT('',(64.196367906788,-153.5943824536,
    -272.0970318374));
#1783 = DIRECTION('',(1.852075225885E-29,-1.,5.200354036283E-14));
#1784 = DIRECTION('',(-1.,-1.859562397992E-27,-3.540223671097E-14));
#1785 = FACE_BOUND('',#1786,.T.);
#1786 = EDGE_LOOP('',(#1787,#1797,#1806,#1814,#1823,#1831,#1840,#1848));
#1787 = ORIENTED_EDGE('',*,*,#1788,.F.);
#1788 = EDGE_CURVE('',#1789,#1791,#1793,.T.);
#1789 = VERTEX_POINT('',#1790);
#1790 = CARTESIAN_POINT('',(97.196367906788,-153.5943824536,
    111.90296816252));
#1791 = VERTEX_POINT('',#1792);
#1792 = CARTESIAN_POINT('',(97.196367906788,-153.5943824536,
    -272.0970318374));
#1793 = LINE('',#1794,#1795);
#1794 = CARTESIAN_POINT('',(97.196367906788,-153.5943824537,
    -356.3221924147));
#1795 = VECTOR('',#1796,1.);
#1796 = DIRECTION('',(-1.249000770354E-16,-5.200354036283E-14,-1.));
#1797 = ORIENTED_EDGE('',*,*,#1798,.F.);
#1798 = EDGE_CURVE('',#1799,#1789,#1801,.T.);
#1799 = VERTEX_POINT('',#1800);
#1800 = CARTESIAN_POINT('',(100.19636790678,-153.5943824536,
    114.90296816252));
#1801 = CIRCLE('',#1802,3.);
#1802 = AXIS2_PLACEMENT_3D('',#1803,#1804,#1805);
#1803 = CARTESIAN_POINT('',(100.19636790678,-153.5943824536,
    111.90296816252));
#1804 = DIRECTION('',(1.282767898861E-29,-1.,5.200354036283E-14));
#1805 = DIRECTION('',(-0.707106781187,3.677205603627E-14,0.707106781187)
  );
#1806 = ORIENTED_EDGE('',*,*,#1807,.F.);
#1807 = EDGE_CURVE('',#1808,#1799,#1810,.T.);
#1808 = VERTEX_POINT('',#1809);
#1809 = CARTESIAN_POINT('',(104.19636790678,-153.5943824536,
    114.90296816252));
#1810 = LINE('',#1811,#1812);
#1811 = CARTESIAN_POINT('',(186.44657543043,-153.5943824536,
    114.90296816252));
#1812 = VECTOR('',#1813,1.);
#1813 = DIRECTION('',(-1.,-1.202550606141E-29,1.249000770354E-16));
#1814 = ORIENTED_EDGE('',*,*,#1815,.F.);
#1815 = EDGE_CURVE('',#1816,#1808,#1818,.T.);
#1816 = VERTEX_POINT('',#1817);
#1817 = CARTESIAN_POINT('',(107.19636790678,-153.5943824536,
    111.90296816252));
#1818 = CIRCLE('',#1819,3.);
#1819 = AXIS2_PLACEMENT_3D('',#1820,#1821,#1822);
#1820 = CARTESIAN_POINT('',(104.19636790678,-153.5943824536,
    111.90296816252));
#1821 = DIRECTION('',(1.394141465986E-29,-1.,5.200354036283E-14));
#1822 = DIRECTION('',(0.707106781187,3.677205603627E-14,0.707106781187)
  );
#1823 = ORIENTED_EDGE('',*,*,#1824,.F.);
#1824 = EDGE_CURVE('',#1825,#1816,#1827,.T.);
#1825 = VERTEX_POINT('',#1826);
#1826 = CARTESIAN_POINT('',(107.19636790678,-153.5943824536,
    -272.0970318374));
#1827 = LINE('',#1828,#1829);
#1828 = CARTESIAN_POINT('',(107.19636790678,-153.5943824536,
    -159.3221924147));
#1829 = VECTOR('',#1830,1.);
#1830 = DIRECTION('',(1.249000770354E-16,5.200354036283E-14,1.));
#1831 = ORIENTED_EDGE('',*,*,#1832,.F.);
#1832 = EDGE_CURVE('',#1833,#1825,#1835,.T.);
#1833 = VERTEX_POINT('',#1834);
#1834 = CARTESIAN_POINT('',(104.19636790678,-153.5943824536,
    -275.0970318374));
#1835 = CIRCLE('',#1836,3.);
#1836 = AXIS2_PLACEMENT_3D('',#1837,#1838,#1839);
#1837 = CARTESIAN_POINT('',(104.19636790678,-153.5943824536,
    -272.0970318374));
#1838 = DIRECTION('',(1.852075225885E-29,-1.,5.200354036283E-14));
#1839 = DIRECTION('',(-1.249000770354E-16,-5.200354036283E-14,-1.));
#1840 = ORIENTED_EDGE('',*,*,#1841,.F.);
#1841 = EDGE_CURVE('',#1842,#1833,#1844,.T.);
#1842 = VERTEX_POINT('',#1843);
#1843 = CARTESIAN_POINT('',(100.19636790678,-153.5943824536,
    -275.0970318374));
#1844 = LINE('',#1845,#1846);
#1845 = CARTESIAN_POINT('',(188.44657543043,-153.5943824536,
    -275.0970318374));
#1846 = VECTOR('',#1847,1.);
#1847 = DIRECTION('',(1.,1.202550606142E-29,-1.249000770353E-16));
#1848 = ORIENTED_EDGE('',*,*,#1849,.F.);
#1849 = EDGE_CURVE('',#1791,#1842,#1850,.T.);
#1850 = CIRCLE('',#1851,3.);
#1851 = AXIS2_PLACEMENT_3D('',#1852,#1853,#1854);
#1852 = CARTESIAN_POINT('',(100.19636790678,-153.5943824536,
    -272.0970318374));
#1853 = DIRECTION('',(1.852075225885E-29,-1.,5.200354036283E-14));
#1854 = DIRECTION('',(-1.,-1.859562397992E-27,-3.540223671097E-14));
#1855 = FACE_BOUND('',#1856,.T.);
#1856 = EDGE_LOOP('',(#1857,#1867,#1876,#1884,#1893,#1901,#1910,#1918));
#1857 = ORIENTED_EDGE('',*,*,#1858,.F.);
#1858 = EDGE_CURVE('',#1859,#1861,#1863,.T.);
#1859 = VERTEX_POINT('',#1860);
#1860 = CARTESIAN_POINT('',(133.19636790678,-153.5943824536,
    111.90296816252));
#1861 = VERTEX_POINT('',#1862);
#1862 = CARTESIAN_POINT('',(133.19636790678,-153.5943824536,
    -272.0970318374));
#1863 = LINE('',#1864,#1865);
#1864 = CARTESIAN_POINT('',(133.19636790678,-153.5943824537,
    -356.3221924147));
#1865 = VECTOR('',#1866,1.);
#1866 = DIRECTION('',(-1.249000770354E-16,-5.200354036283E-14,-1.));
#1867 = ORIENTED_EDGE('',*,*,#1868,.F.);
#1868 = EDGE_CURVE('',#1869,#1859,#1871,.T.);
#1869 = VERTEX_POINT('',#1870);
#1870 = CARTESIAN_POINT('',(136.19636790678,-153.5943824536,
    114.90296816252));
#1871 = CIRCLE('',#1872,3.);
#1872 = AXIS2_PLACEMENT_3D('',#1873,#1874,#1875);
#1873 = CARTESIAN_POINT('',(136.19636790678,-153.5943824536,
    111.90296816252));
#1874 = DIRECTION('',(1.575848400721E-29,-1.,5.200354036283E-14));
#1875 = DIRECTION('',(-0.707106781187,3.677205603627E-14,0.707106781187)
  );
#1876 = ORIENTED_EDGE('',*,*,#1877,.F.);
#1877 = EDGE_CURVE('',#1878,#1869,#1880,.T.);
#1878 = VERTEX_POINT('',#1879);
#1879 = CARTESIAN_POINT('',(140.19636790678,-153.5943824536,
    114.90296816252));
#1880 = LINE('',#1881,#1882);
#1881 = CARTESIAN_POINT('',(204.44657543042,-153.5943824536,
    114.90296816252));
#1882 = VECTOR('',#1883,1.);
#1883 = DIRECTION('',(-1.,-1.202550606141E-29,1.249000770354E-16));
#1884 = ORIENTED_EDGE('',*,*,#1885,.F.);
#1885 = EDGE_CURVE('',#1886,#1878,#1888,.T.);
#1886 = VERTEX_POINT('',#1887);
#1887 = CARTESIAN_POINT('',(143.19636790678,-153.5943824536,
    111.90296816252));
#1888 = CIRCLE('',#1889,3.);
#1889 = AXIS2_PLACEMENT_3D('',#1890,#1891,#1892);
#1890 = CARTESIAN_POINT('',(140.19636790678,-153.5943824536,
    111.90296816252));
#1891 = DIRECTION('',(2.178396804699E-29,-1.,5.200354036283E-14));
#1892 = DIRECTION('',(0.707106781187,3.677205603627E-14,0.707106781187)
  );
#1893 = ORIENTED_EDGE('',*,*,#1894,.F.);
#1894 = EDGE_CURVE('',#1895,#1886,#1897,.T.);
#1895 = VERTEX_POINT('',#1896);
#1896 = CARTESIAN_POINT('',(143.19636790678,-153.5943824536,
    -272.0970318374));
#1897 = LINE('',#1898,#1899);
#1898 = CARTESIAN_POINT('',(143.19636790678,-153.5943824536,
    -159.3221924147));
#1899 = VECTOR('',#1900,1.);
#1900 = DIRECTION('',(1.249000770354E-16,5.200354036283E-14,1.));
#1901 = ORIENTED_EDGE('',*,*,#1902,.F.);
#1902 = EDGE_CURVE('',#1903,#1895,#1905,.T.);
#1903 = VERTEX_POINT('',#1904);
#1904 = CARTESIAN_POINT('',(140.19636790678,-153.5943824536,
    -275.0970318374));
#1905 = CIRCLE('',#1906,3.);
#1906 = AXIS2_PLACEMENT_3D('',#1907,#1908,#1909);
#1907 = CARTESIAN_POINT('',(140.19636790678,-153.5943824536,
    -272.0970318374));
#1908 = DIRECTION('',(1.852075225885E-29,-1.,5.200354036283E-14));
#1909 = DIRECTION('',(-1.249000770354E-16,-5.200354036283E-14,-1.));
#1910 = ORIENTED_EDGE('',*,*,#1911,.F.);
#1911 = EDGE_CURVE('',#1912,#1903,#1914,.T.);
#1912 = VERTEX_POINT('',#1913);
#1913 = CARTESIAN_POINT('',(136.19636790678,-153.5943824536,
    -275.0970318374));
#1914 = LINE('',#1915,#1916);
#1915 = CARTESIAN_POINT('',(206.44657543042,-153.5943824536,
    -275.0970318374));
#1916 = VECTOR('',#1917,1.);
#1917 = DIRECTION('',(1.,1.202550606142E-29,-1.249000770353E-16));
#1918 = ORIENTED_EDGE('',*,*,#1919,.F.);
#1919 = EDGE_CURVE('',#1861,#1912,#1920,.T.);
#1920 = CIRCLE('',#1921,3.);
#1921 = AXIS2_PLACEMENT_3D('',#1922,#1923,#1924);
#1922 = CARTESIAN_POINT('',(136.19636790678,-153.5943824536,
    -272.0970318374));
#1923 = DIRECTION('',(1.852075225885E-29,-1.,5.200354036283E-14));
#1924 = DIRECTION('',(-1.,-1.859562397992E-27,-3.540223671097E-14));
#1925 = FACE_BOUND('',#1926,.T.);
#1926 = EDGE_LOOP('',(#1927,#1937,#1946,#1954,#1963,#1971,#1980,#1988));
#1927 = ORIENTED_EDGE('',*,*,#1928,.F.);
#1928 = EDGE_CURVE('',#1929,#1931,#1933,.T.);
#1929 = VERTEX_POINT('',#1930);
#1930 = CARTESIAN_POINT('',(169.19636790678,-153.5943824536,
    111.90296816252));
#1931 = VERTEX_POINT('',#1932);
#1932 = CARTESIAN_POINT('',(169.19636790678,-153.5943824536,
    -272.0970318374));
#1933 = LINE('',#1934,#1935);
#1934 = CARTESIAN_POINT('',(169.19636790678,-153.5943824537,
    -356.3221924147));
#1935 = VECTOR('',#1936,1.);
#1936 = DIRECTION('',(-1.249000770354E-16,-5.200354036283E-14,-1.));
#1937 = ORIENTED_EDGE('',*,*,#1938,.F.);
#1938 = EDGE_CURVE('',#1939,#1929,#1941,.T.);
#1939 = VERTEX_POINT('',#1940);
#1940 = CARTESIAN_POINT('',(172.19636790678,-153.5943824536,
    114.90296816252));
#1941 = CIRCLE('',#1942,3.);
#1942 = AXIS2_PLACEMENT_3D('',#1943,#1944,#1945);
#1943 = CARTESIAN_POINT('',(172.19636790678,-153.5943824536,
    111.90296816252));
#1944 = DIRECTION('',(1.282767898861E-29,-1.,5.200354036283E-14));
#1945 = DIRECTION('',(-0.707106781187,3.677205603627E-14,0.707106781187)
  );
#1946 = ORIENTED_EDGE('',*,*,#1947,.F.);
#1947 = EDGE_CURVE('',#1948,#1939,#1950,.T.);
#1948 = VERTEX_POINT('',#1949);
#1949 = CARTESIAN_POINT('',(176.19636790678,-153.5943824536,
    114.90296816252));
#1950 = LINE('',#1951,#1952);
#1951 = CARTESIAN_POINT('',(222.44657543042,-153.5943824536,
    114.90296816252));
#1952 = VECTOR('',#1953,1.);
#1953 = DIRECTION('',(-1.,-1.202550606141E-29,1.249000770354E-16));
#1954 = ORIENTED_EDGE('',*,*,#1955,.F.);
#1955 = EDGE_CURVE('',#1956,#1948,#1958,.T.);
#1956 = VERTEX_POINT('',#1957);
#1957 = CARTESIAN_POINT('',(179.19636790678,-153.5943824536,
    111.90296816252));
#1958 = CIRCLE('',#1959,3.);
#1959 = AXIS2_PLACEMENT_3D('',#1960,#1961,#1962);
#1960 = CARTESIAN_POINT('',(176.19636790678,-153.5943824536,
    111.90296816252));
#1961 = DIRECTION('',(1.394141465986E-29,-1.,5.200354036283E-14));
#1962 = DIRECTION('',(0.707106781187,3.677205603627E-14,0.707106781187)
  );
#1963 = ORIENTED_EDGE('',*,*,#1964,.F.);
#1964 = EDGE_CURVE('',#1965,#1956,#1967,.T.);
#1965 = VERTEX_POINT('',#1966);
#1966 = CARTESIAN_POINT('',(179.19636790678,-153.5943824536,
    -272.0970318374));
#1967 = LINE('',#1968,#1969);
#1968 = CARTESIAN_POINT('',(179.19636790678,-153.5943824536,
    -159.3221924147));
#1969 = VECTOR('',#1970,1.);
#1970 = DIRECTION('',(1.249000770354E-16,5.200354036283E-14,1.));
#1971 = ORIENTED_EDGE('',*,*,#1972,.F.);
#1972 = EDGE_CURVE('',#1973,#1965,#1975,.T.);
#1973 = VERTEX_POINT('',#1974);
#1974 = CARTESIAN_POINT('',(176.19636790678,-153.5943824536,
    -275.0970318374));
#1975 = CIRCLE('',#1976,3.);
#1976 = AXIS2_PLACEMENT_3D('',#1977,#1978,#1979);
#1977 = CARTESIAN_POINT('',(176.19636790678,-153.5943824536,
    -272.0970318374));
#1978 = DIRECTION('',(1.852075225885E-29,-1.,5.200354036283E-14));
#1979 = DIRECTION('',(-1.249000770354E-16,-5.200354036283E-14,-1.));
#1980 = ORIENTED_EDGE('',*,*,#1981,.F.);
#1981 = EDGE_CURVE('',#1982,#1973,#1984,.T.);
#1982 = VERTEX_POINT('',#1983);
#1983 = CARTESIAN_POINT('',(172.19636790678,-153.5943824536,
    -275.0970318374));
#1984 = LINE('',#1985,#1986);
#1985 = CARTESIAN_POINT('',(224.44657543042,-153.5943824536,
    -275.0970318374));
#1986 = VECTOR('',#1987,1.);
#1987 = DIRECTION('',(1.,1.202550606142E-29,-1.249000770353E-16));
#1988 = ORIENTED_EDGE('',*,*,#1989,.F.);
#1989 = EDGE_CURVE('',#1931,#1982,#1990,.T.);
#1990 = CIRCLE('',#1991,3.);
#1991 = AXIS2_PLACEMENT_3D('',#1992,#1993,#1994);
#1992 = CARTESIAN_POINT('',(172.19636790678,-153.5943824536,
    -272.0970318374));
#1993 = DIRECTION('',(1.852075225885E-29,-1.,5.200354036283E-14));
#1994 = DIRECTION('',(-1.,-1.859562397992E-27,-3.540223671097E-14));
#1995 = FACE_BOUND('',#1996,.T.);
#1996 = EDGE_LOOP('',(#1997,#2007,#2016,#2024,#2033,#2041,#2050,#2058));
#1997 = ORIENTED_EDGE('',*,*,#1998,.F.);
#1998 = EDGE_CURVE('',#1999,#2001,#2003,.T.);
#1999 = VERTEX_POINT('',#2000);
#2000 = CARTESIAN_POINT('',(205.19636790678,-153.5943824536,
    111.90296816252));
#2001 = VERTEX_POINT('',#2002);
#2002 = CARTESIAN_POINT('',(205.19636790678,-153.5943824536,
    -272.0970318374));
#2003 = LINE('',#2004,#2005);
#2004 = CARTESIAN_POINT('',(205.19636790678,-153.5943824537,
    -356.3221924147));
#2005 = VECTOR('',#2006,1.);
#2006 = DIRECTION('',(-1.249000770354E-16,-5.200354036283E-14,-1.));
#2007 = ORIENTED_EDGE('',*,*,#2008,.F.);
#2008 = EDGE_CURVE('',#2009,#1999,#2011,.T.);
#2009 = VERTEX_POINT('',#2010);
#2010 = CARTESIAN_POINT('',(208.19636790678,-153.5943824536,
    114.90296816252));
#2011 = CIRCLE('',#2012,3.);
#2012 = AXIS2_PLACEMENT_3D('',#2013,#2014,#2015);
#2013 = CARTESIAN_POINT('',(208.19636790678,-153.5943824536,
    111.90296816252));
#2014 = DIRECTION('',(1.575848400721E-29,-1.,5.200354036283E-14));
#2015 = DIRECTION('',(-0.707106781187,3.677205603627E-14,0.707106781187)
  );
#2016 = ORIENTED_EDGE('',*,*,#2017,.F.);
#2017 = EDGE_CURVE('',#2018,#2009,#2020,.T.);
#2018 = VERTEX_POINT('',#2019);
#2019 = CARTESIAN_POINT('',(212.19636790678,-153.5943824536,
    114.90296816252));
#2020 = LINE('',#2021,#2022);
#2021 = CARTESIAN_POINT('',(240.44657543042,-153.5943824536,
    114.90296816252));
#2022 = VECTOR('',#2023,1.);
#2023 = DIRECTION('',(-1.,-1.202550606141E-29,1.249000770354E-16));
#2024 = ORIENTED_EDGE('',*,*,#2025,.F.);
#2025 = EDGE_CURVE('',#2026,#2018,#2028,.T.);
#2026 = VERTEX_POINT('',#2027);
#2027 = CARTESIAN_POINT('',(215.19636790678,-153.5943824536,
    111.90296816252));
#2028 = CIRCLE('',#2029,3.);
#2029 = AXIS2_PLACEMENT_3D('',#2030,#2031,#2032);
#2030 = CARTESIAN_POINT('',(212.19636790678,-153.5943824536,
    111.90296816252));
#2031 = DIRECTION('',(2.178396804699E-29,-1.,5.200354036283E-14));
#2032 = DIRECTION('',(0.707106781187,3.677205603627E-14,0.707106781187)
  );
#2033 = ORIENTED_EDGE('',*,*,#2034,.F.);
#2034 = EDGE_CURVE('',#2035,#2026,#2037,.T.);
#2035 = VERTEX_POINT('',#2036);
#2036 = CARTESIAN_POINT('',(215.19636790678,-153.5943824536,
    -272.0970318374));
#2037 = LINE('',#2038,#2039);
#2038 = CARTESIAN_POINT('',(215.19636790678,-153.5943824536,
    -159.3221924147));
#2039 = VECTOR('',#2040,1.);
#2040 = DIRECTION('',(1.249000770354E-16,5.200354036283E-14,1.));
#2041 = ORIENTED_EDGE('',*,*,#2042,.F.);
#2042 = EDGE_CURVE('',#2043,#2035,#2045,.T.);
#2043 = VERTEX_POINT('',#2044);
#2044 = CARTESIAN_POINT('',(212.19636790678,-153.5943824536,
    -275.0970318374));
#2045 = CIRCLE('',#2046,3.);
#2046 = AXIS2_PLACEMENT_3D('',#2047,#2048,#2049);
#2047 = CARTESIAN_POINT('',(212.19636790678,-153.5943824536,
    -272.0970318374));
#2048 = DIRECTION('',(1.852075225885E-29,-1.,5.200354036283E-14));
#2049 = DIRECTION('',(-1.249000770354E-16,-5.200354036283E-14,-1.));
#2050 = ORIENTED_EDGE('',*,*,#2051,.F.);
#2051 = EDGE_CURVE('',#2052,#2043,#2054,.T.);
#2052 = VERTEX_POINT('',#2053);
#2053 = CARTESIAN_POINT('',(208.19636790678,-153.5943824536,
    -275.0970318374));
#2054 = LINE('',#2055,#2056);
#2055 = CARTESIAN_POINT('',(242.44657543042,-153.5943824536,
    -275.0970318374));
#2056 = VECTOR('',#2057,1.);
#2057 = DIRECTION('',(1.,1.202550606142E-29,-1.249000770353E-16));
#2058 = ORIENTED_EDGE('',*,*,#2059,.F.);
#2059 = EDGE_CURVE('',#2001,#2052,#2060,.T.);
#2060 = CIRCLE('',#2061,3.);
#2061 = AXIS2_PLACEMENT_3D('',#2062,#2063,#2064);
#2062 = CARTESIAN_POINT('',(208.19636790678,-153.5943824536,
    -272.0970318374));
#2063 = DIRECTION('',(1.852075225885E-29,-1.,5.200354036283E-14));
#2064 = DIRECTION('',(-1.,-1.859562397992E-27,-3.540223671097E-14));
#2065 = FACE_BOUND('',#2066,.T.);
#2066 = EDGE_LOOP('',(#2067,#2077,#2086,#2094,#2103,#2111,#2120,#2128));
#2067 = ORIENTED_EDGE('',*,*,#2068,.F.);
#2068 = EDGE_CURVE('',#2069,#2071,#2073,.T.);
#2069 = VERTEX_POINT('',#2070);
#2070 = CARTESIAN_POINT('',(241.19636790678,-153.5943824536,
    111.90296816252));
#2071 = VERTEX_POINT('',#2072);
#2072 = CARTESIAN_POINT('',(241.19636790678,-153.5943824536,
    -272.0970318374));
#2073 = LINE('',#2074,#2075);
#2074 = CARTESIAN_POINT('',(241.19636790678,-153.5943824537,
    -356.3221924147));
#2075 = VECTOR('',#2076,1.);
#2076 = DIRECTION('',(-1.249000770354E-16,-5.200354036283E-14,-1.));
#2077 = ORIENTED_EDGE('',*,*,#2078,.F.);
#2078 = EDGE_CURVE('',#2079,#2069,#2081,.T.);
#2079 = VERTEX_POINT('',#2080);
#2080 = CARTESIAN_POINT('',(244.19636790678,-153.5943824536,
    114.90296816252));
#2081 = CIRCLE('',#2082,3.);
#2082 = AXIS2_PLACEMENT_3D('',#2083,#2084,#2085);
#2083 = CARTESIAN_POINT('',(244.19636790678,-153.5943824536,
    111.90296816252));
#2084 = DIRECTION('',(1.282767898861E-29,-1.,5.200354036283E-14));
#2085 = DIRECTION('',(-0.707106781187,3.677205603627E-14,0.707106781187)
  );
#2086 = ORIENTED_EDGE('',*,*,#2087,.F.);
#2087 = EDGE_CURVE('',#2088,#2079,#2090,.T.);
#2088 = VERTEX_POINT('',#2089);
#2089 = CARTESIAN_POINT('',(248.19636790678,-153.5943824536,
    114.90296816252));
#2090 = LINE('',#2091,#2092);
#2091 = CARTESIAN_POINT('',(258.44657543042,-153.5943824536,
    114.90296816252));
#2092 = VECTOR('',#2093,1.);
#2093 = DIRECTION('',(-1.,-1.202550606141E-29,1.249000770354E-16));
#2094 = ORIENTED_EDGE('',*,*,#2095,.F.);
#2095 = EDGE_CURVE('',#2096,#2088,#2098,.T.);
#2096 = VERTEX_POINT('',#2097);
#2097 = CARTESIAN_POINT('',(251.19636790678,-153.5943824536,
    111.90296816252));
#2098 = CIRCLE('',#2099,3.);
#2099 = AXIS2_PLACEMENT_3D('',#2100,#2101,#2102);
#2100 = CARTESIAN_POINT('',(248.19636790678,-153.5943824536,
    111.90296816252));
#2101 = DIRECTION('',(1.394141465986E-29,-1.,5.200354036283E-14));
#2102 = DIRECTION('',(0.707106781187,3.677205603627E-14,0.707106781187)
  );
#2103 = ORIENTED_EDGE('',*,*,#2104,.F.);
#2104 = EDGE_CURVE('',#2105,#2096,#2107,.T.);
#2105 = VERTEX_POINT('',#2106);
#2106 = CARTESIAN_POINT('',(251.19636790678,-153.5943824536,
    -272.0970318374));
#2107 = LINE('',#2108,#2109);
#2108 = CARTESIAN_POINT('',(251.19636790678,-153.5943824536,
    -159.3221924147));
#2109 = VECTOR('',#2110,1.);
#2110 = DIRECTION('',(1.249000770354E-16,5.200354036283E-14,1.));
#2111 = ORIENTED_EDGE('',*,*,#2112,.F.);
#2112 = EDGE_CURVE('',#2113,#2105,#2115,.T.);
#2113 = VERTEX_POINT('',#2114);
#2114 = CARTESIAN_POINT('',(248.19636790678,-153.5943824536,
    -275.0970318374));
#2115 = CIRCLE('',#2116,3.);
#2116 = AXIS2_PLACEMENT_3D('',#2117,#2118,#2119);
#2117 = CARTESIAN_POINT('',(248.19636790678,-153.5943824536,
    -272.0970318374));
#2118 = DIRECTION('',(1.852075225885E-29,-1.,5.200354036283E-14));
#2119 = DIRECTION('',(-1.249000770354E-16,-5.200354036283E-14,-1.));
#2120 = ORIENTED_EDGE('',*,*,#2121,.F.);
#2121 = EDGE_CURVE('',#2122,#2113,#2124,.T.);
#2122 = VERTEX_POINT('',#2123);
#2123 = CARTESIAN_POINT('',(244.19636790678,-153.5943824536,
    -275.0970318374));
#2124 = LINE('',#2125,#2126);
#2125 = CARTESIAN_POINT('',(260.44657543042,-153.5943824536,
    -275.0970318374));
#2126 = VECTOR('',#2127,1.);
#2127 = DIRECTION('',(1.,1.202550606142E-29,-1.249000770353E-16));
#2128 = ORIENTED_EDGE('',*,*,#2129,.F.);
#2129 = EDGE_CURVE('',#2071,#2122,#2130,.T.);
#2130 = CIRCLE('',#2131,3.);
#2131 = AXIS2_PLACEMENT_3D('',#2132,#2133,#2134);
#2132 = CARTESIAN_POINT('',(244.19636790678,-153.5943824536,
    -272.0970318374));
#2133 = DIRECTION('',(1.852075225885E-29,-1.,5.200354036283E-14));
#2134 = DIRECTION('',(-1.,-1.859562397992E-27,-3.540223671097E-14));
#2135 = FACE_BOUND('',#2136,.T.);
#2136 = EDGE_LOOP('',(#2137,#2147,#2156,#2164,#2173,#2181,#2190,#2198));
#2137 = ORIENTED_EDGE('',*,*,#2138,.F.);
#2138 = EDGE_CURVE('',#2139,#2141,#2143,.T.);
#2139 = VERTEX_POINT('',#2140);
#2140 = CARTESIAN_POINT('',(277.19636790678,-153.5943824536,
    111.90296816252));
#2141 = VERTEX_POINT('',#2142);
#2142 = CARTESIAN_POINT('',(277.19636790678,-153.5943824536,
    -272.0970318374));
#2143 = LINE('',#2144,#2145);
#2144 = CARTESIAN_POINT('',(277.19636790678,-153.5943824537,
    -356.3221924147));
#2145 = VECTOR('',#2146,1.);
#2146 = DIRECTION('',(-1.249000770354E-16,-5.200354036283E-14,-1.));
#2147 = ORIENTED_EDGE('',*,*,#2148,.F.);
#2148 = EDGE_CURVE('',#2149,#2139,#2151,.T.);
#2149 = VERTEX_POINT('',#2150);
#2150 = CARTESIAN_POINT('',(280.19636790678,-153.5943824536,
    114.90296816252));
#2151 = CIRCLE('',#2152,3.);
#2152 = AXIS2_PLACEMENT_3D('',#2153,#2154,#2155);
#2153 = CARTESIAN_POINT('',(280.19636790678,-153.5943824536,
    111.90296816252));
#2154 = DIRECTION('',(1.478095660195E-29,-1.,5.200354036283E-14));
#2155 = DIRECTION('',(-0.707106781187,3.677205603627E-14,0.707106781187)
  );
#2156 = ORIENTED_EDGE('',*,*,#2157,.F.);
#2157 = EDGE_CURVE('',#2158,#2149,#2160,.T.);
#2158 = VERTEX_POINT('',#2159);
#2159 = CARTESIAN_POINT('',(284.19636790678,-153.5943824536,
    114.90296816252));
#2160 = LINE('',#2161,#2162);
#2161 = CARTESIAN_POINT('',(276.44657543042,-153.5943824536,
    114.90296816252));
#2162 = VECTOR('',#2163,1.);
#2163 = DIRECTION('',(-1.,-1.202550606141E-29,1.249000770354E-16));
#2164 = ORIENTED_EDGE('',*,*,#2165,.F.);
#2165 = EDGE_CURVE('',#2166,#2158,#2168,.T.);
#2166 = VERTEX_POINT('',#2167);
#2167 = CARTESIAN_POINT('',(287.19636790678,-153.5943824536,
    111.90296816252));
#2168 = CIRCLE('',#2169,3.);
#2169 = AXIS2_PLACEMENT_3D('',#2170,#2171,#2172);
#2170 = CARTESIAN_POINT('',(284.19636790678,-153.5943824536,
    111.90296816252));
#2171 = DIRECTION('',(1.307358671927E-29,-1.,5.200354036283E-14));
#2172 = DIRECTION('',(0.707106781187,3.677205603627E-14,0.707106781187)
  );
#2173 = ORIENTED_EDGE('',*,*,#2174,.F.);
#2174 = EDGE_CURVE('',#2175,#2166,#2177,.T.);
#2175 = VERTEX_POINT('',#2176);
#2176 = CARTESIAN_POINT('',(287.19636790678,-153.5943824536,
    -272.0970318374));
#2177 = LINE('',#2178,#2179);
#2178 = CARTESIAN_POINT('',(287.19636790678,-153.5943824536,
    -159.3221924147));
#2179 = VECTOR('',#2180,1.);
#2180 = DIRECTION('',(1.249000770354E-16,5.200354036283E-14,1.));
#2181 = ORIENTED_EDGE('',*,*,#2182,.F.);
#2182 = EDGE_CURVE('',#2183,#2175,#2185,.T.);
#2183 = VERTEX_POINT('',#2184);
#2184 = CARTESIAN_POINT('',(284.19636790678,-153.5943824536,
    -275.0970318374));
#2185 = CIRCLE('',#2186,3.);
#2186 = AXIS2_PLACEMENT_3D('',#2187,#2188,#2189);
#2187 = CARTESIAN_POINT('',(284.19636790678,-153.5943824536,
    -272.0970318374));
#2188 = DIRECTION('',(1.852075225885E-29,-1.,5.200354036283E-14));
#2189 = DIRECTION('',(-1.249000770354E-16,-5.200354036283E-14,-1.));
#2190 = ORIENTED_EDGE('',*,*,#2191,.F.);
#2191 = EDGE_CURVE('',#2192,#2183,#2194,.T.);
#2192 = VERTEX_POINT('',#2193);
#2193 = CARTESIAN_POINT('',(280.19636790678,-153.5943824536,
    -275.0970318374));
#2194 = LINE('',#2195,#2196);
#2195 = CARTESIAN_POINT('',(278.44657543042,-153.5943824536,
    -275.0970318374));
#2196 = VECTOR('',#2197,1.);
#2197 = DIRECTION('',(1.,1.202550606142E-29,-1.249000770353E-16));
#2198 = ORIENTED_EDGE('',*,*,#2199,.F.);
#2199 = EDGE_CURVE('',#2141,#2192,#2200,.T.);
#2200 = CIRCLE('',#2201,3.);
#2201 = AXIS2_PLACEMENT_3D('',#2202,#2203,#2204);
#2202 = CARTESIAN_POINT('',(280.19636790678,-153.5943824536,
    -272.0970318374));
#2203 = DIRECTION('',(1.852075225885E-29,-1.,5.200354036283E-14));
#2204 = DIRECTION('',(-1.,-1.859562397992E-27,-3.540223671097E-14));
#2205 = FACE_BOUND('',#2206,.T.);
#2206 = EDGE_LOOP('',(#2207,#2217,#2226,#2234,#2243,#2251,#2260,#2268));
#2207 = ORIENTED_EDGE('',*,*,#2208,.F.);
#2208 = EDGE_CURVE('',#2209,#2211,#2213,.T.);
#2209 = VERTEX_POINT('',#2210);
#2210 = CARTESIAN_POINT('',(313.19636790678,-153.5943824536,
    111.90296816252));
#2211 = VERTEX_POINT('',#2212);
#2212 = CARTESIAN_POINT('',(313.19636790678,-153.5943824536,
    -272.0970318374));
#2213 = LINE('',#2214,#2215);
#2214 = CARTESIAN_POINT('',(313.19636790678,-153.5943824537,
    -356.3221924147));
#2215 = VECTOR('',#2216,1.);
#2216 = DIRECTION('',(-1.249000770354E-16,-5.200354036283E-14,-1.));
#2217 = ORIENTED_EDGE('',*,*,#2218,.F.);
#2218 = EDGE_CURVE('',#2219,#2209,#2221,.T.);
#2219 = VERTEX_POINT('',#2220);
#2220 = CARTESIAN_POINT('',(316.19636790678,-153.5943824536,
    114.90296816252));
#2221 = CIRCLE('',#2222,3.);
#2222 = AXIS2_PLACEMENT_3D('',#2223,#2224,#2225);
#2223 = CARTESIAN_POINT('',(316.19636790678,-153.5943824536,
    111.90296816252));
#2224 = DIRECTION('',(1.4227713268E-29,-1.,5.200354036283E-14));
#2225 = DIRECTION('',(-0.707106781187,3.677205603627E-14,0.707106781187)
  );
#2226 = ORIENTED_EDGE('',*,*,#2227,.F.);
#2227 = EDGE_CURVE('',#2228,#2219,#2230,.T.);
#2228 = VERTEX_POINT('',#2229);
#2229 = CARTESIAN_POINT('',(320.19636790678,-153.5943824536,
    114.90296816252));
#2230 = LINE('',#2231,#2232);
#2231 = CARTESIAN_POINT('',(294.44657543042,-153.5943824536,
    114.90296816252));
#2232 = VECTOR('',#2233,1.);
#2233 = DIRECTION('',(-1.,-1.202550606141E-29,1.249000770354E-16));
#2234 = ORIENTED_EDGE('',*,*,#2235,.F.);
#2235 = EDGE_CURVE('',#2236,#2228,#2238,.T.);
#2236 = VERTEX_POINT('',#2237);
#2237 = CARTESIAN_POINT('',(323.19636790678,-153.5943824536,
    111.90296816252));
#2238 = CIRCLE('',#2239,3.);
#2239 = AXIS2_PLACEMENT_3D('',#2240,#2241,#2242);
#2240 = CARTESIAN_POINT('',(320.19636790678,-153.5943824536,
    111.90296816252));
#2241 = DIRECTION('',(1.906199069333E-29,-1.,5.200354036283E-14));
#2242 = DIRECTION('',(0.707106781187,3.677205603627E-14,0.707106781187)
  );
#2243 = ORIENTED_EDGE('',*,*,#2244,.F.);
#2244 = EDGE_CURVE('',#2245,#2236,#2247,.T.);
#2245 = VERTEX_POINT('',#2246);
#2246 = CARTESIAN_POINT('',(323.19636790678,-153.5943824536,
    -272.0970318374));
#2247 = LINE('',#2248,#2249);
#2248 = CARTESIAN_POINT('',(323.19636790678,-153.5943824536,
    -159.3221924147));
#2249 = VECTOR('',#2250,1.);
#2250 = DIRECTION('',(1.249000770354E-16,5.200354036283E-14,1.));
#2251 = ORIENTED_EDGE('',*,*,#2252,.F.);
#2252 = EDGE_CURVE('',#2253,#2245,#2255,.T.);
#2253 = VERTEX_POINT('',#2254);
#2254 = CARTESIAN_POINT('',(320.19636790678,-153.5943824536,
    -275.0970318374));
#2255 = CIRCLE('',#2256,3.);
#2256 = AXIS2_PLACEMENT_3D('',#2257,#2258,#2259);
#2257 = CARTESIAN_POINT('',(320.19636790678,-153.5943824536,
    -272.0970318374));
#2258 = DIRECTION('',(1.852075225885E-29,-1.,5.200354036283E-14));
#2259 = DIRECTION('',(-1.249000770354E-16,-5.200354036283E-14,-1.));
#2260 = ORIENTED_EDGE('',*,*,#2261,.F.);
#2261 = EDGE_CURVE('',#2262,#2253,#2264,.T.);
#2262 = VERTEX_POINT('',#2263);
#2263 = CARTESIAN_POINT('',(316.19636790678,-153.5943824536,
    -275.0970318374));
#2264 = LINE('',#2265,#2266);
#2265 = CARTESIAN_POINT('',(296.44657543042,-153.5943824536,
    -275.0970318374));
#2266 = VECTOR('',#2267,1.);
#2267 = DIRECTION('',(1.,1.202550606142E-29,-1.249000770353E-16));
#2268 = ORIENTED_EDGE('',*,*,#2269,.F.);
#2269 = EDGE_CURVE('',#2211,#2262,#2270,.T.);
#2270 = CIRCLE('',#2271,3.);
#2271 = AXIS2_PLACEMENT_3D('',#2272,#2273,#2274);
#2272 = CARTESIAN_POINT('',(316.19636790678,-153.5943824536,
    -272.0970318374));
#2273 = DIRECTION('',(1.852075225885E-29,-1.,5.200354036283E-14));
#2274 = DIRECTION('',(-1.,-1.859562397992E-27,-3.540223671097E-14));
#2275 = FACE_BOUND('',#2276,.T.);
#2276 = EDGE_LOOP('',(#2277,#2287,#2296,#2304,#2313,#2321,#2330,#2338));
#2277 = ORIENTED_EDGE('',*,*,#2278,.F.);
#2278 = EDGE_CURVE('',#2279,#2281,#2283,.T.);
#2279 = VERTEX_POINT('',#2280);
#2280 = CARTESIAN_POINT('',(349.19636790678,-153.5943824536,
    111.90296816252));
#2281 = VERTEX_POINT('',#2282);
#2282 = CARTESIAN_POINT('',(349.19636790678,-153.5943824536,
    -272.0970318374));
#2283 = LINE('',#2284,#2285);
#2284 = CARTESIAN_POINT('',(349.19636790678,-153.5943824537,
    -356.3221924147));
#2285 = VECTOR('',#2286,1.);
#2286 = DIRECTION('',(-1.249000770354E-16,-5.200354036283E-14,-1.));
#2287 = ORIENTED_EDGE('',*,*,#2288,.F.);
#2288 = EDGE_CURVE('',#2289,#2279,#2291,.T.);
#2289 = VERTEX_POINT('',#2290);
#2290 = CARTESIAN_POINT('',(352.19636790678,-153.5943824536,
    114.90296816252));
#2291 = CIRCLE('',#2292,3.);
#2292 = AXIS2_PLACEMENT_3D('',#2293,#2294,#2295);
#2293 = CARTESIAN_POINT('',(352.19636790678,-153.5943824536,
    111.90296816252));
#2294 = DIRECTION('',(1.777802525663E-29,-1.,5.200354036283E-14));
#2295 = DIRECTION('',(-0.707106781187,3.677205603627E-14,0.707106781187)
  );
#2296 = ORIENTED_EDGE('',*,*,#2297,.F.);
#2297 = EDGE_CURVE('',#2298,#2289,#2300,.T.);
#2298 = VERTEX_POINT('',#2299);
#2299 = CARTESIAN_POINT('',(356.19636790678,-153.5943824536,
    114.90296816252));
#2300 = LINE('',#2301,#2302);
#2301 = CARTESIAN_POINT('',(312.44657543042,-153.5943824536,
    114.90296816252));
#2302 = VECTOR('',#2303,1.);
#2303 = DIRECTION('',(-1.,-1.202550606141E-29,1.249000770354E-16));
#2304 = ORIENTED_EDGE('',*,*,#2305,.F.);
#2305 = EDGE_CURVE('',#2306,#2298,#2308,.T.);
#2306 = VERTEX_POINT('',#2307);
#2307 = CARTESIAN_POINT('',(359.19636790678,-153.5943824536,
    111.90296816252));
#2308 = CIRCLE('',#2309,3.);
#2309 = AXIS2_PLACEMENT_3D('',#2310,#2311,#2312);
#2310 = CARTESIAN_POINT('',(356.19636790678,-153.5943824536,
    111.90296816252));
#2311 = DIRECTION('',(1.51435806674E-29,-1.,5.200354036283E-14));
#2312 = DIRECTION('',(0.707106781187,3.677205603627E-14,0.707106781187)
  );
#2313 = ORIENTED_EDGE('',*,*,#2314,.F.);
#2314 = EDGE_CURVE('',#2315,#2306,#2317,.T.);
#2315 = VERTEX_POINT('',#2316);
#2316 = CARTESIAN_POINT('',(359.19636790678,-153.5943824536,
    -272.0970318374));
#2317 = LINE('',#2318,#2319);
#2318 = CARTESIAN_POINT('',(359.19636790678,-153.5943824536,
    -159.3221924147));
#2319 = VECTOR('',#2320,1.);
#2320 = DIRECTION('',(1.249000770354E-16,5.200354036283E-14,1.));
#2321 = ORIENTED_EDGE('',*,*,#2322,.F.);
#2322 = EDGE_CURVE('',#2323,#2315,#2325,.T.);
#2323 = VERTEX_POINT('',#2324);
#2324 = CARTESIAN_POINT('',(356.19636790678,-153.5943824536,
    -275.0970318374));
#2325 = CIRCLE('',#2326,3.);
#2326 = AXIS2_PLACEMENT_3D('',#2327,#2328,#2329);
#2327 = CARTESIAN_POINT('',(356.19636790678,-153.5943824536,
    -272.0970318374));
#2328 = DIRECTION('',(1.852075225885E-29,-1.,5.200354036283E-14));
#2329 = DIRECTION('',(-1.249000770354E-16,-5.200354036283E-14,-1.));
#2330 = ORIENTED_EDGE('',*,*,#2331,.F.);
#2331 = EDGE_CURVE('',#2332,#2323,#2334,.T.);
#2332 = VERTEX_POINT('',#2333);
#2333 = CARTESIAN_POINT('',(352.19636790678,-153.5943824536,
    -275.0970318374));
#2334 = LINE('',#2335,#2336);
#2335 = CARTESIAN_POINT('',(314.44657543042,-153.5943824536,
    -275.0970318374));
#2336 = VECTOR('',#2337,1.);
#2337 = DIRECTION('',(1.,1.202550606142E-29,-1.249000770353E-16));
#2338 = ORIENTED_EDGE('',*,*,#2339,.F.);
#2339 = EDGE_CURVE('',#2281,#2332,#2340,.T.);
#2340 = CIRCLE('',#2341,3.);
#2341 = AXIS2_PLACEMENT_3D('',#2342,#2343,#2344);
#2342 = CARTESIAN_POINT('',(352.19636790678,-153.5943824536,
    -272.0970318374));
#2343 = DIRECTION('',(1.852075225885E-29,-1.,5.200354036283E-14));
#2344 = DIRECTION('',(-1.,-1.859562397992E-27,-3.540223671097E-14));
#2345 = FACE_BOUND('',#2346,.T.);
#2346 = EDGE_LOOP('',(#2347,#2357,#2366,#2374,#2383,#2391,#2400,#2408));
#2347 = ORIENTED_EDGE('',*,*,#2348,.F.);
#2348 = EDGE_CURVE('',#2349,#2351,#2353,.T.);
#2349 = VERTEX_POINT('',#2350);
#2350 = CARTESIAN_POINT('',(385.19636790678,-153.5943824536,
    111.90296816252));
#2351 = VERTEX_POINT('',#2352);
#2352 = CARTESIAN_POINT('',(385.19636790678,-153.5943824536,
    -272.0970318374));
#2353 = LINE('',#2354,#2355);
#2354 = CARTESIAN_POINT('',(385.19636790678,-153.5943824537,
    -356.3221924147));
#2355 = VECTOR('',#2356,1.);
#2356 = DIRECTION('',(-1.249000770354E-16,-5.200354036283E-14,-1.));
#2357 = ORIENTED_EDGE('',*,*,#2358,.F.);
#2358 = EDGE_CURVE('',#2359,#2349,#2361,.T.);
#2359 = VERTEX_POINT('',#2360);
#2360 = CARTESIAN_POINT('',(388.19636790678,-153.5943824536,
    114.90296816252));
#2361 = CIRCLE('',#2362,3.);
#2362 = AXIS2_PLACEMENT_3D('',#2363,#2364,#2365);
#2363 = CARTESIAN_POINT('',(388.19636790678,-153.5943824536,
    111.90296816252));
#2364 = DIRECTION('',(1.4227713268E-29,-1.,5.200354036283E-14));
#2365 = DIRECTION('',(-0.707106781187,3.677205603627E-14,0.707106781187)
  );
#2366 = ORIENTED_EDGE('',*,*,#2367,.F.);
#2367 = EDGE_CURVE('',#2368,#2359,#2370,.T.);
#2368 = VERTEX_POINT('',#2369);
#2369 = CARTESIAN_POINT('',(392.19636790678,-153.5943824536,
    114.90296816252));
#2370 = LINE('',#2371,#2372);
#2371 = CARTESIAN_POINT('',(330.44657543042,-153.5943824536,
    114.90296816252));
#2372 = VECTOR('',#2373,1.);
#2373 = DIRECTION('',(-1.,-1.202550606141E-29,1.249000770354E-16));
#2374 = ORIENTED_EDGE('',*,*,#2375,.F.);
#2375 = EDGE_CURVE('',#2376,#2368,#2378,.T.);
#2376 = VERTEX_POINT('',#2377);
#2377 = CARTESIAN_POINT('',(395.19636790678,-153.5943824536,
    111.90296816252));
#2378 = CIRCLE('',#2379,3.);
#2379 = AXIS2_PLACEMENT_3D('',#2380,#2381,#2382);
#2380 = CARTESIAN_POINT('',(392.19636790678,-153.5943824536,
    111.90296816252));
#2381 = DIRECTION('',(1.906199069333E-29,-1.,5.200354036283E-14));
#2382 = DIRECTION('',(0.707106781187,3.677205603627E-14,0.707106781187)
  );
#2383 = ORIENTED_EDGE('',*,*,#2384,.F.);
#2384 = EDGE_CURVE('',#2385,#2376,#2387,.T.);
#2385 = VERTEX_POINT('',#2386);
#2386 = CARTESIAN_POINT('',(395.19636790678,-153.5943824536,
    -272.0970318374));
#2387 = LINE('',#2388,#2389);
#2388 = CARTESIAN_POINT('',(395.19636790678,-153.5943824536,
    -159.3221924147));
#2389 = VECTOR('',#2390,1.);
#2390 = DIRECTION('',(1.249000770354E-16,5.200354036283E-14,1.));
#2391 = ORIENTED_EDGE('',*,*,#2392,.F.);
#2392 = EDGE_CURVE('',#2393,#2385,#2395,.T.);
#2393 = VERTEX_POINT('',#2394);
#2394 = CARTESIAN_POINT('',(392.19636790678,-153.5943824536,
    -275.0970318374));
#2395 = CIRCLE('',#2396,3.);
#2396 = AXIS2_PLACEMENT_3D('',#2397,#2398,#2399);
#2397 = CARTESIAN_POINT('',(392.19636790678,-153.5943824536,
    -272.0970318374));
#2398 = DIRECTION('',(1.852075225885E-29,-1.,5.200354036283E-14));
#2399 = DIRECTION('',(-1.249000770354E-16,-5.200354036283E-14,-1.));
#2400 = ORIENTED_EDGE('',*,*,#2401,.F.);
#2401 = EDGE_CURVE('',#2402,#2393,#2404,.T.);
#2402 = VERTEX_POINT('',#2403);
#2403 = CARTESIAN_POINT('',(388.19636790678,-153.5943824536,
    -275.0970318374));
#2404 = LINE('',#2405,#2406);
#2405 = CARTESIAN_POINT('',(332.44657543042,-153.5943824536,
    -275.0970318374));
#2406 = VECTOR('',#2407,1.);
#2407 = DIRECTION('',(1.,1.202550606142E-29,-1.249000770353E-16));
#2408 = ORIENTED_EDGE('',*,*,#2409,.F.);
#2409 = EDGE_CURVE('',#2351,#2402,#2410,.T.);
#2410 = CIRCLE('',#2411,3.);
#2411 = AXIS2_PLACEMENT_3D('',#2412,#2413,#2414);
#2412 = CARTESIAN_POINT('',(388.19636790678,-153.5943824536,
    -272.0970318374));
#2413 = DIRECTION('',(1.852075225885E-29,-1.,5.200354036283E-14));
#2414 = DIRECTION('',(-1.,-1.859562397992E-27,-3.540223671097E-14));
#2415 = FACE_BOUND('',#2416,.T.);
#2416 = EDGE_LOOP('',(#2417,#2427,#2436,#2444,#2453,#2461,#2470,#2478));
#2417 = ORIENTED_EDGE('',*,*,#2418,.F.);
#2418 = EDGE_CURVE('',#2419,#2421,#2423,.T.);
#2419 = VERTEX_POINT('',#2420);
#2420 = CARTESIAN_POINT('',(421.19636790678,-153.5943824536,
    111.90296816252));
#2421 = VERTEX_POINT('',#2422);
#2422 = CARTESIAN_POINT('',(421.19636790678,-153.5943824536,
    -272.0970318374));
#2423 = LINE('',#2424,#2425);
#2424 = CARTESIAN_POINT('',(421.19636790678,-153.5943824537,
    -356.3221924147));
#2425 = VECTOR('',#2426,1.);
#2426 = DIRECTION('',(-1.249000770354E-16,-5.200354036283E-14,-1.));
#2427 = ORIENTED_EDGE('',*,*,#2428,.F.);
#2428 = EDGE_CURVE('',#2429,#2419,#2431,.T.);
#2429 = VERTEX_POINT('',#2430);
#2430 = CARTESIAN_POINT('',(424.19636790678,-153.5943824536,
    114.90296816252));
#2431 = CIRCLE('',#2432,3.);
#2432 = AXIS2_PLACEMENT_3D('',#2433,#2434,#2435);
#2433 = CARTESIAN_POINT('',(424.19636790678,-153.5943824536,
    111.90296816252));
#2434 = DIRECTION('',(1.478095660195E-29,-1.,5.200354036283E-14));
#2435 = DIRECTION('',(-0.707106781187,3.677205603627E-14,0.707106781187)
  );
#2436 = ORIENTED_EDGE('',*,*,#2437,.F.);
#2437 = EDGE_CURVE('',#2438,#2429,#2440,.T.);
#2438 = VERTEX_POINT('',#2439);
#2439 = CARTESIAN_POINT('',(428.19636790678,-153.5943824536,
    114.90296816252));
#2440 = LINE('',#2441,#2442);
#2441 = CARTESIAN_POINT('',(348.44657543042,-153.5943824536,
    114.90296816252));
#2442 = VECTOR('',#2443,1.);
#2443 = DIRECTION('',(-1.,-1.202550606141E-29,1.249000770354E-16));
#2444 = ORIENTED_EDGE('',*,*,#2445,.F.);
#2445 = EDGE_CURVE('',#2446,#2438,#2448,.T.);
#2446 = VERTEX_POINT('',#2447);
#2447 = CARTESIAN_POINT('',(431.19636790678,-153.5943824536,
    111.90296816252));
#2448 = CIRCLE('',#2449,3.);
#2449 = AXIS2_PLACEMENT_3D('',#2450,#2451,#2452);
#2450 = CARTESIAN_POINT('',(428.19636790678,-153.5943824536,
    111.90296816252));
#2451 = DIRECTION('',(1.421038449685E-29,-1.,5.200354036283E-14));
#2452 = DIRECTION('',(0.707106781187,3.677205603627E-14,0.707106781187)
  );
#2453 = ORIENTED_EDGE('',*,*,#2454,.F.);
#2454 = EDGE_CURVE('',#2455,#2446,#2457,.T.);
#2455 = VERTEX_POINT('',#2456);
#2456 = CARTESIAN_POINT('',(431.19636790678,-153.5943824536,
    -272.0970318374));
#2457 = LINE('',#2458,#2459);
#2458 = CARTESIAN_POINT('',(431.19636790678,-153.5943824536,
    -159.3221924147));
#2459 = VECTOR('',#2460,1.);
#2460 = DIRECTION('',(1.249000770354E-16,5.200354036283E-14,1.));
#2461 = ORIENTED_EDGE('',*,*,#2462,.F.);
#2462 = EDGE_CURVE('',#2463,#2455,#2465,.T.);
#2463 = VERTEX_POINT('',#2464);
#2464 = CARTESIAN_POINT('',(428.19636790678,-153.5943824536,
    -275.0970318374));
#2465 = CIRCLE('',#2466,3.);
#2466 = AXIS2_PLACEMENT_3D('',#2467,#2468,#2469);
#2467 = CARTESIAN_POINT('',(428.19636790678,-153.5943824536,
    -272.0970318374));
#2468 = DIRECTION('',(1.852075225885E-29,-1.,5.200354036283E-14));
#2469 = DIRECTION('',(-1.249000770354E-16,-5.200354036283E-14,-1.));
#2470 = ORIENTED_EDGE('',*,*,#2471,.F.);
#2471 = EDGE_CURVE('',#2472,#2463,#2474,.T.);
#2472 = VERTEX_POINT('',#2473);
#2473 = CARTESIAN_POINT('',(424.19636790678,-153.5943824536,
    -275.0970318374));
#2474 = LINE('',#2475,#2476);
#2475 = CARTESIAN_POINT('',(350.44657543042,-153.5943824536,
    -275.0970318374));
#2476 = VECTOR('',#2477,1.);
#2477 = DIRECTION('',(1.,1.202550606142E-29,-1.249000770353E-16));
#2478 = ORIENTED_EDGE('',*,*,#2479,.F.);
#2479 = EDGE_CURVE('',#2421,#2472,#2480,.T.);
#2480 = CIRCLE('',#2481,3.);
#2481 = AXIS2_PLACEMENT_3D('',#2482,#2483,#2484);
#2482 = CARTESIAN_POINT('',(424.19636790678,-153.5943824536,
    -272.0970318374));
#2483 = DIRECTION('',(1.852075225885E-29,-1.,5.200354036283E-14));
#2484 = DIRECTION('',(-1.,-1.859562397992E-27,-3.540223671097E-14));
#2485 = FACE_BOUND('',#2486,.T.);
#2486 = EDGE_LOOP('',(#2487,#2497,#2506,#2514,#2523,#2531,#2540,#2548));
#2487 = ORIENTED_EDGE('',*,*,#2488,.F.);
#2488 = EDGE_CURVE('',#2489,#2491,#2493,.T.);
#2489 = VERTEX_POINT('',#2490);
#2490 = CARTESIAN_POINT('',(457.19636790678,-153.5943824536,
    111.90296816252));
#2491 = VERTEX_POINT('',#2492);
#2492 = CARTESIAN_POINT('',(457.19636790678,-153.5943824536,
    -272.0970318374));
#2493 = LINE('',#2494,#2495);
#2494 = CARTESIAN_POINT('',(457.19636790678,-153.5943824537,
    -356.3221924147));
#2495 = VECTOR('',#2496,1.);
#2496 = DIRECTION('',(-1.249000770354E-16,-5.200354036283E-14,-1.));
#2497 = ORIENTED_EDGE('',*,*,#2498,.F.);
#2498 = EDGE_CURVE('',#2499,#2489,#2501,.T.);
#2499 = VERTEX_POINT('',#2500);
#2500 = CARTESIAN_POINT('',(460.19636790678,-153.5943824536,
    114.90296816252));
#2501 = CIRCLE('',#2502,3.);
#2502 = AXIS2_PLACEMENT_3D('',#2503,#2504,#2505);
#2503 = CARTESIAN_POINT('',(460.19636790678,-153.5943824536,
    111.90296816252));
#2504 = DIRECTION('',(1.4227713268E-29,-1.,5.200354036283E-14));
#2505 = DIRECTION('',(-0.707106781187,3.677205603627E-14,0.707106781187)
  );
#2506 = ORIENTED_EDGE('',*,*,#2507,.F.);
#2507 = EDGE_CURVE('',#2508,#2499,#2510,.T.);
#2508 = VERTEX_POINT('',#2509);
#2509 = CARTESIAN_POINT('',(464.19636790678,-153.5943824536,
    114.90296816252));
#2510 = LINE('',#2511,#2512);
#2511 = CARTESIAN_POINT('',(366.44657543042,-153.5943824536,
    114.90296816252));
#2512 = VECTOR('',#2513,1.);
#2513 = DIRECTION('',(-1.,-1.202550606141E-29,1.249000770354E-16));
#2514 = ORIENTED_EDGE('',*,*,#2515,.F.);
#2515 = EDGE_CURVE('',#2516,#2508,#2518,.T.);
#2516 = VERTEX_POINT('',#2517);
#2517 = CARTESIAN_POINT('',(467.19636790678,-153.5943824536,
    111.90296816252));
#2518 = CIRCLE('',#2519,3.);
#2519 = AXIS2_PLACEMENT_3D('',#2520,#2521,#2522);
#2520 = CARTESIAN_POINT('',(464.19636790678,-153.5943824536,
    111.90296816252));
#2521 = DIRECTION('',(1.254138038047E-29,-1.,5.200354036283E-14));
#2522 = DIRECTION('',(0.707106781187,3.677205603627E-14,0.707106781187)
  );
#2523 = ORIENTED_EDGE('',*,*,#2524,.F.);
#2524 = EDGE_CURVE('',#2525,#2516,#2527,.T.);
#2525 = VERTEX_POINT('',#2526);
#2526 = CARTESIAN_POINT('',(467.19636790678,-153.5943824536,
    -272.0970318374));
#2527 = LINE('',#2528,#2529);
#2528 = CARTESIAN_POINT('',(467.19636790678,-153.5943824536,
    -159.3221924147));
#2529 = VECTOR('',#2530,1.);
#2530 = DIRECTION('',(1.249000770354E-16,5.200354036283E-14,1.));
#2531 = ORIENTED_EDGE('',*,*,#2532,.F.);
#2532 = EDGE_CURVE('',#2533,#2525,#2535,.T.);
#2533 = VERTEX_POINT('',#2534);
#2534 = CARTESIAN_POINT('',(464.19636790678,-153.5943824536,
    -275.0970318374));
#2535 = CIRCLE('',#2536,3.);
#2536 = AXIS2_PLACEMENT_3D('',#2537,#2538,#2539);
#2537 = CARTESIAN_POINT('',(464.19636790678,-153.5943824536,
    -272.0970318374));
#2538 = DIRECTION('',(1.852075225885E-29,-1.,5.200354036283E-14));
#2539 = DIRECTION('',(-1.249000770354E-16,-5.200354036283E-14,-1.));
#2540 = ORIENTED_EDGE('',*,*,#2541,.F.);
#2541 = EDGE_CURVE('',#2542,#2533,#2544,.T.);
#2542 = VERTEX_POINT('',#2543);
#2543 = CARTESIAN_POINT('',(460.19636790678,-153.5943824536,
    -275.0970318374));
#2544 = LINE('',#2545,#2546);
#2545 = CARTESIAN_POINT('',(368.44657543042,-153.5943824536,
    -275.0970318374));
#2546 = VECTOR('',#2547,1.);
#2547 = DIRECTION('',(1.,1.202550606142E-29,-1.249000770353E-16));
#2548 = ORIENTED_EDGE('',*,*,#2549,.F.);
#2549 = EDGE_CURVE('',#2491,#2542,#2550,.T.);
#2550 = CIRCLE('',#2551,3.);
#2551 = AXIS2_PLACEMENT_3D('',#2552,#2553,#2554);
#2552 = CARTESIAN_POINT('',(460.19636790678,-153.5943824536,
    -272.0970318374));
#2553 = DIRECTION('',(1.852075225885E-29,-1.,5.200354036283E-14));
#2554 = DIRECTION('',(-1.,-1.859562397992E-27,-3.540223671097E-14));
#2555 = FACE_BOUND('',#2556,.T.);
#2556 = EDGE_LOOP('',(#2557));
#2557 = ORIENTED_EDGE('',*,*,#2558,.F.);
#2558 = EDGE_CURVE('',#2559,#2559,#2561,.T.);
#2559 = VERTEX_POINT('',#2560);
#2560 = CARTESIAN_POINT('',(75.73455158064,-153.5943824536,
    -305.0930407982));
#2561 = CIRCLE('',#2562,8.5);
#2562 = AXIS2_PLACEMENT_3D('',#2563,#2564,#2565);
#2563 = CARTESIAN_POINT('',(75.73455158064,-153.5943824536,
    -313.5930407982));
#2564 = DIRECTION('',(1.852075225885E-29,-1.,5.200354036283E-14));
#2565 = DIRECTION('',(4.924291309876E-17,-5.200354036283E-14,-1.));
#2566 = FACE_BOUND('',#2567,.T.);
#2567 = EDGE_LOOP('',(#2568));
#2568 = ORIENTED_EDGE('',*,*,#2569,.F.);
#2569 = EDGE_CURVE('',#2570,#2570,#2572,.T.);
#2570 = VERTEX_POINT('',#2571);
#2571 = CARTESIAN_POINT('',(471.69609468894,-153.5943824537,
    -452.5970350452));
#2572 = CIRCLE('',#2573,4.);
#2573 = AXIS2_PLACEMENT_3D('',#2574,#2575,#2576);
#2574 = CARTESIAN_POINT('',(475.69609468894,-153.5943824537,
    -452.5970350452));
#2575 = DIRECTION('',(1.852075225885E-29,-1.,5.200354036283E-14));
#2576 = DIRECTION('',(1.,1.202550606141E-29,-1.249000770354E-16));
#2577 = FACE_BOUND('',#2578,.T.);
#2578 = EDGE_LOOP('',(#2579));
#2579 = ORIENTED_EDGE('',*,*,#31,.F.);
#2580 = PLANE('',#2581);
#2581 = AXIS2_PLACEMENT_3D('',#2582,#2583,#2584);
#2582 = CARTESIAN_POINT('',(272.69678295407,-153.5943824537,
    -440.547352992));
#2583 = DIRECTION('',(1.852075225885E-29,-1.,5.200354036283E-14));
#2584 = DIRECTION('',(1.79086145036E-14,5.200354036283E-14,1.));
#2585 = ADVANCED_FACE('',(#2586),#2605,.F.);
#2586 = FACE_BOUND('',#2587,.F.);
#2587 = EDGE_LOOP('',(#2588,#2596,#2603,#2604));
#2588 = ORIENTED_EDGE('',*,*,#2589,.T.);
#2589 = EDGE_CURVE('',#22,#2590,#2592,.T.);
#2590 = VERTEX_POINT('',#2591);
#2591 = CARTESIAN_POINT('',(50.446356856598,-149.5943824536,
    133.90296697168));
#2592 = LINE('',#2593,#2594);
#2593 = CARTESIAN_POINT('',(50.446356856598,-153.5943824536,
    133.90296697168));
#2594 = VECTOR('',#2595,1.);
#2595 = DIRECTION('',(-1.110214554296E-16,1.,-5.142799935698E-14));
#2596 = ORIENTED_EDGE('',*,*,#2597,.T.);
#2597 = EDGE_CURVE('',#2590,#2590,#2598,.T.);
#2598 = CIRCLE('',#2599,2.25);
#2599 = AXIS2_PLACEMENT_3D('',#2600,#2601,#2602);
#2600 = CARTESIAN_POINT('',(52.696356856598,-149.5943824536,
    133.90296697168));
#2601 = DIRECTION('',(-5.756219417785E-30,-1.,5.195843755246E-14));
#2602 = DIRECTION('',(1.,-1.224583227073E-29,-1.249000770354E-16));
#2603 = ORIENTED_EDGE('',*,*,#2589,.F.);
#2604 = ORIENTED_EDGE('',*,*,#39,.T.);
#2605 = CYLINDRICAL_SURFACE('',#2606,2.25);
#2606 = AXIS2_PLACEMENT_3D('',#2607,#2608,#2609);
#2607 = CARTESIAN_POINT('',(52.696356856598,-153.5943824536,
    133.90296697168));
#2608 = DIRECTION('',(-1.110214554296E-16,1.,-5.142799935698E-14));
#2609 = DIRECTION('',(1.,1.110214554296E-16,-1.249000770354E-16));
#2610 = ADVANCED_FACE('',(#2611),#2630,.F.);
#2611 = FACE_BOUND('',#2612,.F.);
#2612 = EDGE_LOOP('',(#2613,#2621,#2622,#2623));
#2613 = ORIENTED_EDGE('',*,*,#2614,.T.);
#2614 = EDGE_CURVE('',#2615,#89,#2617,.T.);
#2615 = VERTEX_POINT('',#2616);
#2616 = CARTESIAN_POINT('',(473.44690466302,-151.8443824536,
    133.90296727223));
#2617 = LINE('',#2618,#2619);
#2618 = CARTESIAN_POINT('',(472.57190466302,-152.7193824536,
    133.90296727223));
#2619 = VECTOR('',#2620,1.);
#2620 = DIRECTION('',(-0.707106781187,-0.707106781186,3.674188561901E-14
    ));
#2621 = ORIENTED_EDGE('',*,*,#88,.F.);
#2622 = ORIENTED_EDGE('',*,*,#2614,.F.);
#2623 = ORIENTED_EDGE('',*,*,#2624,.F.);
#2624 = EDGE_CURVE('',#2615,#2615,#2625,.T.);
#2625 = CIRCLE('',#2626,2.25);
#2626 = AXIS2_PLACEMENT_3D('',#2627,#2628,#2629);
#2627 = CARTESIAN_POINT('',(475.69690466302,-151.8443824536,
    133.90296727223));
#2628 = DIRECTION('',(-1.852075225885E-29,1.,-5.200354036283E-14));
#2629 = DIRECTION('',(1.,1.202550606141E-29,-1.249000770354E-16));
#2630 = CONICAL_SURFACE('',#2631,3.125,0.785398163398);
#2631 = AXIS2_PLACEMENT_3D('',#2632,#2633,#2634);
#2632 = CARTESIAN_POINT('',(475.69690466302,-152.7193824536,
    133.90296727223));
#2633 = DIRECTION('',(-5.756219417785E-30,-1.,5.195843755246E-14));
#2634 = DIRECTION('',(1.,-1.224583227073E-29,-1.249000770354E-16));
#2635 = ADVANCED_FACE('',(#2636),#2655,.F.);
#2636 = FACE_BOUND('',#2637,.F.);
#2637 = EDGE_LOOP('',(#2638,#2646,#2653,#2654));
#2638 = ORIENTED_EDGE('',*,*,#2639,.T.);
#2639 = EDGE_CURVE('',#2615,#2640,#2642,.T.);
#2640 = VERTEX_POINT('',#2641);
#2641 = CARTESIAN_POINT('',(473.44690466302,-149.5943824536,
    133.90296727223));
#2642 = LINE('',#2643,#2644);
#2643 = CARTESIAN_POINT('',(473.44690466302,-153.5943824536,
    133.90296727223));
#2644 = VECTOR('',#2645,1.);
#2645 = DIRECTION('',(-1.110214554296E-16,1.,-5.142799935698E-14));
#2646 = ORIENTED_EDGE('',*,*,#2647,.T.);
#2647 = EDGE_CURVE('',#2640,#2640,#2648,.T.);
#2648 = CIRCLE('',#2649,2.25);
#2649 = AXIS2_PLACEMENT_3D('',#2650,#2651,#2652);
#2650 = CARTESIAN_POINT('',(475.69690466302,-149.5943824536,
    133.90296727223));
#2651 = DIRECTION('',(-5.756219417785E-30,-1.,5.195843755246E-14));
#2652 = DIRECTION('',(1.,-1.224583227073E-29,-1.249000770354E-16));
#2653 = ORIENTED_EDGE('',*,*,#2639,.F.);
#2654 = ORIENTED_EDGE('',*,*,#2624,.T.);
#2655 = CYLINDRICAL_SURFACE('',#2656,2.25);
#2656 = AXIS2_PLACEMENT_3D('',#2657,#2658,#2659);
#2657 = CARTESIAN_POINT('',(475.69690466302,-153.5943824536,
    133.90296727223));
#2658 = DIRECTION('',(-1.110214554296E-16,1.,-5.142799935698E-14));
#2659 = DIRECTION('',(1.,1.110214554296E-16,-1.249000770354E-16));
#2660 = ADVANCED_FACE('',(#2661),#2680,.F.);
#2661 = FACE_BOUND('',#2662,.F.);
#2662 = EDGE_LOOP('',(#2663,#2671,#2672,#2673));
#2663 = ORIENTED_EDGE('',*,*,#2664,.T.);
#2664 = EDGE_CURVE('',#2665,#2570,#2667,.T.);
#2665 = VERTEX_POINT('',#2666);
#2666 = CARTESIAN_POINT('',(473.44609468894,-151.8443824537,
    -452.5970350452));
#2667 = LINE('',#2668,#2669);
#2668 = CARTESIAN_POINT('',(472.57109468894,-152.7193824537,
    -452.5970350452));
#2669 = VECTOR('',#2670,1.);
#2670 = DIRECTION('',(-0.707106781187,-0.707106781187,3.674188561902E-14
    ));
#2671 = ORIENTED_EDGE('',*,*,#2569,.F.);
#2672 = ORIENTED_EDGE('',*,*,#2664,.F.);
#2673 = ORIENTED_EDGE('',*,*,#2674,.F.);
#2674 = EDGE_CURVE('',#2665,#2665,#2675,.T.);
#2675 = CIRCLE('',#2676,2.25);
#2676 = AXIS2_PLACEMENT_3D('',#2677,#2678,#2679);
#2677 = CARTESIAN_POINT('',(475.69609468894,-151.8443824537,
    -452.5970350452));
#2678 = DIRECTION('',(-1.852075225885E-29,1.,-5.200354036283E-14));
#2679 = DIRECTION('',(1.,1.202550606141E-29,-1.249000770354E-16));
#2680 = CONICAL_SURFACE('',#2681,3.125,0.785398163397);
#2681 = AXIS2_PLACEMENT_3D('',#2682,#2683,#2684);
#2682 = CARTESIAN_POINT('',(475.69609468894,-152.7193824537,
    -452.5970350452));
#2683 = DIRECTION('',(-5.756219417785E-30,-1.,5.195843755246E-14));
#2684 = DIRECTION('',(1.,-1.224583227073E-29,-1.249000770354E-16));
#2685 = ADVANCED_FACE('',(#2686),#2705,.F.);
#2686 = FACE_BOUND('',#2687,.F.);
#2687 = EDGE_LOOP('',(#2688,#2696,#2703,#2704));
#2688 = ORIENTED_EDGE('',*,*,#2689,.T.);
#2689 = EDGE_CURVE('',#2665,#2690,#2692,.T.);
#2690 = VERTEX_POINT('',#2691);
#2691 = CARTESIAN_POINT('',(473.44609468894,-149.5943824537,
    -452.5970350452));
#2692 = LINE('',#2693,#2694);
#2693 = CARTESIAN_POINT('',(473.44609468894,-153.5943824537,
    -452.5970350452));
#2694 = VECTOR('',#2695,1.);
#2695 = DIRECTION('',(-1.110214554296E-16,1.,-5.274381923802E-14));
#2696 = ORIENTED_EDGE('',*,*,#2697,.T.);
#2697 = EDGE_CURVE('',#2690,#2690,#2698,.T.);
#2698 = CIRCLE('',#2699,2.25);
#2699 = AXIS2_PLACEMENT_3D('',#2700,#2701,#2702);
#2700 = CARTESIAN_POINT('',(475.69609468894,-149.5943824537,
    -452.5970350452));
#2701 = DIRECTION('',(-5.756219417785E-30,-1.,5.195843755246E-14));
#2702 = DIRECTION('',(1.,-1.224583227073E-29,-1.249000770354E-16));
#2703 = ORIENTED_EDGE('',*,*,#2689,.F.);
#2704 = ORIENTED_EDGE('',*,*,#2674,.T.);
#2705 = CYLINDRICAL_SURFACE('',#2706,2.25);
#2706 = AXIS2_PLACEMENT_3D('',#2707,#2708,#2709);
#2707 = CARTESIAN_POINT('',(475.69609468894,-153.5943824537,
    -452.5970350452));
#2708 = DIRECTION('',(-1.110214554296E-16,1.,-5.274381923802E-14));
#2709 = DIRECTION('',(1.,1.110214554296E-16,-1.249000770354E-16));
#2710 = ADVANCED_FACE('',(#2711),#2730,.F.);
#2711 = FACE_BOUND('',#2712,.F.);
#2712 = EDGE_LOOP('',(#2713,#2721,#2722,#2723));
#2713 = ORIENTED_EDGE('',*,*,#2714,.T.);
#2714 = EDGE_CURVE('',#2715,#100,#2717,.T.);
#2715 = VERTEX_POINT('',#2716);
#2716 = CARTESIAN_POINT('',(50.446646968094,-151.8443824537,
    -452.5970367556));
#2717 = LINE('',#2718,#2719);
#2718 = CARTESIAN_POINT('',(49.571646968094,-152.7193824537,
    -452.5970367556));
#2719 = VECTOR('',#2720,1.);
#2720 = DIRECTION('',(-0.707106781187,-0.707106781187,3.674188561902E-14
    ));
#2721 = ORIENTED_EDGE('',*,*,#99,.F.);
#2722 = ORIENTED_EDGE('',*,*,#2714,.F.);
#2723 = ORIENTED_EDGE('',*,*,#2724,.F.);
#2724 = EDGE_CURVE('',#2715,#2715,#2725,.T.);
#2725 = CIRCLE('',#2726,2.25);
#2726 = AXIS2_PLACEMENT_3D('',#2727,#2728,#2729);
#2727 = CARTESIAN_POINT('',(52.696646968094,-151.8443824537,
    -452.5970367556));
#2728 = DIRECTION('',(-1.852075225885E-29,1.,-5.200354036283E-14));
#2729 = DIRECTION('',(1.,1.202550606141E-29,-1.249000770354E-16));
#2730 = CONICAL_SURFACE('',#2731,3.125,0.785398163397);
#2731 = AXIS2_PLACEMENT_3D('',#2732,#2733,#2734);
#2732 = CARTESIAN_POINT('',(52.696646968094,-152.7193824537,
    -452.5970367556));
#2733 = DIRECTION('',(-5.756219417785E-30,-1.,5.195843755246E-14));
#2734 = DIRECTION('',(1.,-1.224583227073E-29,-1.249000770354E-16));
#2735 = ADVANCED_FACE('',(#2736),#2755,.F.);
#2736 = FACE_BOUND('',#2737,.F.);
#2737 = EDGE_LOOP('',(#2738,#2746,#2753,#2754));
#2738 = ORIENTED_EDGE('',*,*,#2739,.T.);
#2739 = EDGE_CURVE('',#2715,#2740,#2742,.T.);
#2740 = VERTEX_POINT('',#2741);
#2741 = CARTESIAN_POINT('',(50.446646968094,-149.5943824537,
    -452.5970367556));
#2742 = LINE('',#2743,#2744);
#2743 = CARTESIAN_POINT('',(50.446646968094,-153.5943824537,
    -452.5970367556));
#2744 = VECTOR('',#2745,1.);
#2745 = DIRECTION('',(-1.110214554296E-16,1.,-5.274381923802E-14));
#2746 = ORIENTED_EDGE('',*,*,#2747,.T.);
#2747 = EDGE_CURVE('',#2740,#2740,#2748,.T.);
#2748 = CIRCLE('',#2749,2.25);
#2749 = AXIS2_PLACEMENT_3D('',#2750,#2751,#2752);
#2750 = CARTESIAN_POINT('',(52.696646968094,-149.5943824537,
    -452.5970367556));
#2751 = DIRECTION('',(-5.756219417785E-30,-1.,5.195843755246E-14));
#2752 = DIRECTION('',(1.,-1.224583227073E-29,-1.249000770354E-16));
#2753 = ORIENTED_EDGE('',*,*,#2739,.F.);
#2754 = ORIENTED_EDGE('',*,*,#2724,.T.);
#2755 = CYLINDRICAL_SURFACE('',#2756,2.25);
#2756 = AXIS2_PLACEMENT_3D('',#2757,#2758,#2759);
#2757 = CARTESIAN_POINT('',(52.696646968094,-153.5943824537,
    -452.5970367556));
#2758 = DIRECTION('',(-1.110214554296E-16,1.,-5.274381923802E-14));
#2759 = DIRECTION('',(1.,1.110214554296E-16,-1.249000770354E-16));
#2760 = ADVANCED_FACE('',(#2761),#2780,.F.);
#2761 = FACE_BOUND('',#2762,.F.);
#2762 = EDGE_LOOP('',(#2763,#2771,#2772,#2773));
#2763 = ORIENTED_EDGE('',*,*,#2764,.T.);
#2764 = EDGE_CURVE('',#2765,#2559,#2767,.T.);
#2765 = VERTEX_POINT('',#2766);
#2766 = CARTESIAN_POINT('',(75.73455158064,-153.0943824537,
    -305.5930407982));
#2767 = LINE('',#2768,#2769);
#2768 = CARTESIAN_POINT('',(75.73455158064,-153.3443824536,
    -305.3430407982));
#2769 = VECTOR('',#2770,1.);
#2770 = DIRECTION('',(-1.214156034012E-16,-0.707106781186,0.707106781187
    ));
#2771 = ORIENTED_EDGE('',*,*,#2558,.F.);
#2772 = ORIENTED_EDGE('',*,*,#2764,.F.);
#2773 = ORIENTED_EDGE('',*,*,#2774,.F.);
#2774 = EDGE_CURVE('',#2765,#2765,#2775,.T.);
#2775 = CIRCLE('',#2776,8.);
#2776 = AXIS2_PLACEMENT_3D('',#2777,#2778,#2779);
#2777 = CARTESIAN_POINT('',(75.73455158064,-153.0943824537,
    -313.5930407982));
#2778 = DIRECTION('',(-1.852075225885E-29,1.,-5.200354036283E-14));
#2779 = DIRECTION('',(4.924291309876E-17,-5.200354036283E-14,-1.));
#2780 = CONICAL_SURFACE('',#2781,8.25,0.785398163399);
#2781 = AXIS2_PLACEMENT_3D('',#2782,#2783,#2784);
#2782 = CARTESIAN_POINT('',(75.73455158064,-153.3443824536,
    -313.5930407982));
#2783 = DIRECTION('',(-5.756219417785E-30,-1.,5.195843755246E-14));
#2784 = DIRECTION('',(4.924291309876E-17,-5.195843755246E-14,-1.));
#2785 = ADVANCED_FACE('',(#2786),#2805,.F.);
#2786 = FACE_BOUND('',#2787,.F.);
#2787 = EDGE_LOOP('',(#2788,#2796,#2803,#2804));
#2788 = ORIENTED_EDGE('',*,*,#2789,.T.);
#2789 = EDGE_CURVE('',#2765,#2790,#2792,.T.);
#2790 = VERTEX_POINT('',#2791);
#2791 = CARTESIAN_POINT('',(75.73455158064,-149.5943824536,
    -305.5930407982));
#2792 = LINE('',#2793,#2794);
#2793 = CARTESIAN_POINT('',(75.73455158064,-159.5943824536,
    -305.5930407982));
#2794 = VECTOR('',#2795,1.);
#2795 = DIRECTION('',(5.733109284071E-30,1.,-5.195843755246E-14));
#2796 = ORIENTED_EDGE('',*,*,#2797,.T.);
#2797 = EDGE_CURVE('',#2790,#2790,#2798,.T.);
#2798 = CIRCLE('',#2799,8.);
#2799 = AXIS2_PLACEMENT_3D('',#2800,#2801,#2802);
#2800 = CARTESIAN_POINT('',(75.73455158064,-149.5943824536,
    -313.5930407982));
#2801 = DIRECTION('',(-5.733109284071E-30,-1.,5.195843755246E-14));
#2802 = DIRECTION('',(4.924291309876E-17,-5.195843755246E-14,-1.));
#2803 = ORIENTED_EDGE('',*,*,#2789,.F.);
#2804 = ORIENTED_EDGE('',*,*,#2774,.T.);
#2805 = CYLINDRICAL_SURFACE('',#2806,8.);
#2806 = AXIS2_PLACEMENT_3D('',#2807,#2808,#2809);
#2807 = CARTESIAN_POINT('',(75.73455158064,-159.5943824536,
    -313.5930407982));
#2808 = DIRECTION('',(5.733109284071E-30,1.,-5.195843755246E-14));
#2809 = DIRECTION('',(4.924291309876E-17,-5.195843755246E-14,-1.));
#2810 = ADVANCED_FACE('',(#2811),#2836,.T.);
#2811 = FACE_BOUND('',#2812,.T.);
#2812 = EDGE_LOOP('',(#2813,#2821,#2822,#2830));
#2813 = ORIENTED_EDGE('',*,*,#2814,.T.);
#2814 = EDGE_CURVE('',#2815,#111,#2817,.T.);
#2815 = VERTEX_POINT('',#2816);
#2816 = CARTESIAN_POINT('',(476.19636790678,-152.5943824536,
    111.90296816252));
#2817 = LINE('',#2818,#2819);
#2818 = CARTESIAN_POINT('',(476.19636790678,-152.5943824536,
    111.90296816252));
#2819 = VECTOR('',#2820,1.);
#2820 = DIRECTION('',(-0.707106781187,-0.707106781186,3.666165891025E-14
    ));
#2821 = ORIENTED_EDGE('',*,*,#110,.T.);
#2822 = ORIENTED_EDGE('',*,*,#2823,.T.);
#2823 = EDGE_CURVE('',#113,#2824,#2826,.T.);
#2824 = VERTEX_POINT('',#2825);
#2825 = CARTESIAN_POINT('',(476.19636790678,-152.5943824536,
    -272.0970318374));
#2826 = LINE('',#2827,#2828);
#2827 = CARTESIAN_POINT('',(475.19636790678,-153.5943824536,
    -272.0970318374));
#2828 = VECTOR('',#2829,1.);
#2829 = DIRECTION('',(0.707106781187,0.707106781186,-3.038128907551E-14)
  );
#2830 = ORIENTED_EDGE('',*,*,#2831,.T.);
#2831 = EDGE_CURVE('',#2824,#2815,#2832,.T.);
#2832 = LINE('',#2833,#2834);
#2833 = CARTESIAN_POINT('',(476.19636790678,-152.5943824537,
    -356.3221924147));
#2834 = VECTOR('',#2835,1.);
#2835 = DIRECTION('',(1.249000770354E-16,5.200354036283E-14,1.));
#2836 = PLANE('',#2837);
#2837 = AXIS2_PLACEMENT_3D('',#2838,#2839,#2840);
#2838 = CARTESIAN_POINT('',(475.69636790678,-153.0943824537,
    -356.3221924147));
#2839 = DIRECTION('',(0.707106781186,-0.707106781187,3.668373834485E-14)
  );
#2840 = DIRECTION('',(-0.707106781187,-0.707106781186,3.666165891025E-14
    ));
#2841 = ADVANCED_FACE('',(#2842),#2861,.F.);
#2842 = FACE_BOUND('',#2843,.F.);
#2843 = EDGE_LOOP('',(#2844,#2845,#2853,#2860));
#2844 = ORIENTED_EDGE('',*,*,#120,.F.);
#2845 = ORIENTED_EDGE('',*,*,#2846,.F.);
#2846 = EDGE_CURVE('',#2847,#121,#2849,.T.);
#2847 = VERTEX_POINT('',#2848);
#2848 = CARTESIAN_POINT('',(478.19636790678,-152.5943824536,
    113.90296816252));
#2849 = LINE('',#2850,#2851);
#2850 = CARTESIAN_POINT('',(478.19636790678,-152.5943824536,
    113.90296816252));
#2851 = VECTOR('',#2852,1.);
#2852 = DIRECTION('',(-7.850462293416E-17,-0.707106781187,0.707106781186
    ));
#2853 = ORIENTED_EDGE('',*,*,#2854,.F.);
#2854 = EDGE_CURVE('',#2815,#2847,#2855,.T.);
#2855 = CIRCLE('',#2856,2.);
#2856 = AXIS2_PLACEMENT_3D('',#2857,#2858,#2859);
#2857 = CARTESIAN_POINT('',(478.19636790678,-152.5943824536,
    111.90296816252));
#2858 = DIRECTION('',(-1.478095660195E-29,1.,-5.200354036283E-14));
#2859 = DIRECTION('',(-0.707106781187,3.677205603627E-14,0.707106781187)
  );
#2860 = ORIENTED_EDGE('',*,*,#2814,.T.);
#2861 = CONICAL_SURFACE('',#2862,2.5,0.785398163397);
#2862 = AXIS2_PLACEMENT_3D('',#2863,#2864,#2865);
#2863 = CARTESIAN_POINT('',(478.19636790678,-153.0943824536,
    111.90296816252));
#2864 = DIRECTION('',(-5.756219417785E-30,-1.,5.195843755246E-14));
#2865 = DIRECTION('',(-0.707106781187,3.67401635332E-14,0.707106781187)
  );
#2866 = ADVANCED_FACE('',(#2867),#2885,.T.);
#2867 = FACE_BOUND('',#2868,.T.);
#2868 = EDGE_LOOP('',(#2869,#2877,#2878,#2879));
#2869 = ORIENTED_EDGE('',*,*,#2870,.T.);
#2870 = EDGE_CURVE('',#2871,#130,#2873,.T.);
#2871 = VERTEX_POINT('',#2872);
#2872 = CARTESIAN_POINT('',(482.19636790678,-152.5943824536,
    113.90296816252));
#2873 = LINE('',#2874,#2875);
#2874 = CARTESIAN_POINT('',(482.19636790678,-152.5943824536,
    113.90296816252));
#2875 = VECTOR('',#2876,1.);
#2876 = DIRECTION('',(-7.850462293424E-17,-0.707106781186,0.707106781187
    ));
#2877 = ORIENTED_EDGE('',*,*,#129,.T.);
#2878 = ORIENTED_EDGE('',*,*,#2846,.F.);
#2879 = ORIENTED_EDGE('',*,*,#2880,.T.);
#2880 = EDGE_CURVE('',#2847,#2871,#2881,.T.);
#2881 = LINE('',#2882,#2883);
#2882 = CARTESIAN_POINT('',(375.44657543042,-152.5943824536,
    113.90296816252));
#2883 = VECTOR('',#2884,1.);
#2884 = DIRECTION('',(1.,1.202550606141E-29,-1.249000770354E-16));
#2885 = PLANE('',#2886);
#2886 = AXIS2_PLACEMENT_3D('',#2887,#2888,#2889);
#2887 = CARTESIAN_POINT('',(375.44657543042,-153.0943824536,
    114.40296816252));
#2888 = DIRECTION('',(-8.831769144241E-17,-0.707106781187,
    -0.707106781186));
#2889 = DIRECTION('',(-1.,2.359223794976E-16,-1.110223024625E-16));
#2890 = ADVANCED_FACE('',(#2891),#2910,.F.);
#2891 = FACE_BOUND('',#2892,.F.);
#2892 = EDGE_LOOP('',(#2893,#2894,#2902,#2909));
#2893 = ORIENTED_EDGE('',*,*,#137,.F.);
#2894 = ORIENTED_EDGE('',*,*,#2895,.F.);
#2895 = EDGE_CURVE('',#2896,#138,#2898,.T.);
#2896 = VERTEX_POINT('',#2897);
#2897 = CARTESIAN_POINT('',(484.19636790678,-152.5943824536,
    111.90296816252));
#2898 = LINE('',#2899,#2900);
#2899 = CARTESIAN_POINT('',(484.19636790678,-152.5943824536,
    111.90296816252));
#2900 = VECTOR('',#2901,1.);
#2901 = DIRECTION('',(0.707106781186,-0.707106781187,3.681866815615E-14)
  );
#2902 = ORIENTED_EDGE('',*,*,#2903,.F.);
#2903 = EDGE_CURVE('',#2871,#2896,#2904,.T.);
#2904 = CIRCLE('',#2905,2.);
#2905 = AXIS2_PLACEMENT_3D('',#2906,#2907,#2908);
#2906 = CARTESIAN_POINT('',(482.19636790678,-152.5943824536,
    111.90296816252));
#2907 = DIRECTION('',(-1.51435806674E-29,1.,-5.200354036283E-14));
#2908 = DIRECTION('',(0.707106781187,3.677205603627E-14,0.707106781187)
  );
#2909 = ORIENTED_EDGE('',*,*,#2870,.T.);
#2910 = CONICAL_SURFACE('',#2911,2.5,0.785398163397);
#2911 = AXIS2_PLACEMENT_3D('',#2912,#2913,#2914);
#2912 = CARTESIAN_POINT('',(482.19636790678,-153.0943824536,
    111.90296816252));
#2913 = DIRECTION('',(-5.756219417785E-30,-1.,5.195843755246E-14));
#2914 = DIRECTION('',(0.707106781187,3.67401635332E-14,0.707106781187));
#2915 = ADVANCED_FACE('',(#2916),#2934,.T.);
#2916 = FACE_BOUND('',#2917,.T.);
#2917 = EDGE_LOOP('',(#2918,#2926,#2927,#2928));
#2918 = ORIENTED_EDGE('',*,*,#2919,.T.);
#2919 = EDGE_CURVE('',#2920,#147,#2922,.T.);
#2920 = VERTEX_POINT('',#2921);
#2921 = CARTESIAN_POINT('',(484.19636790678,-152.5943824536,
    -272.0970318374));
#2922 = LINE('',#2923,#2924);
#2923 = CARTESIAN_POINT('',(484.19636790678,-152.5943824536,
    -272.0970318374));
#2924 = VECTOR('',#2925,1.);
#2925 = DIRECTION('',(0.707106781187,-0.707106781186,3.053829832138E-14)
  );
#2926 = ORIENTED_EDGE('',*,*,#146,.T.);
#2927 = ORIENTED_EDGE('',*,*,#2895,.F.);
#2928 = ORIENTED_EDGE('',*,*,#2929,.T.);
#2929 = EDGE_CURVE('',#2896,#2920,#2930,.T.);
#2930 = LINE('',#2931,#2932);
#2931 = CARTESIAN_POINT('',(484.19636790678,-152.5943824536,
    -159.3221924147));
#2932 = VECTOR('',#2933,1.);
#2933 = DIRECTION('',(-1.249000770354E-16,-5.200354036283E-14,-1.));
#2934 = PLANE('',#2935);
#2935 = AXIS2_PLACEMENT_3D('',#2936,#2937,#2938);
#2936 = CARTESIAN_POINT('',(484.69636790678,-153.0943824536,
    -159.3221924147));
#2937 = DIRECTION('',(-0.707106781186,-0.707106781187,3.686037372773E-14
    ));
#2938 = DIRECTION('',(-0.707106781187,0.707106781186,-3.681866815611E-14
    ));
#2939 = ADVANCED_FACE('',(#2940),#2959,.F.);
#2940 = FACE_BOUND('',#2941,.F.);
#2941 = EDGE_LOOP('',(#2942,#2951,#2952,#2953));
#2942 = ORIENTED_EDGE('',*,*,#2943,.F.);
#2943 = EDGE_CURVE('',#2920,#2944,#2946,.T.);
#2944 = VERTEX_POINT('',#2945);
#2945 = CARTESIAN_POINT('',(482.19636790678,-152.5943824536,
    -274.0970318374));
#2946 = CIRCLE('',#2947,2.);
#2947 = AXIS2_PLACEMENT_3D('',#2948,#2949,#2950);
#2948 = CARTESIAN_POINT('',(482.19636790678,-152.5943824536,
    -272.0970318374));
#2949 = DIRECTION('',(-1.852075225885E-29,1.,-5.200354036283E-14));
#2950 = DIRECTION('',(-1.249000770354E-16,-5.200354036283E-14,-1.));
#2951 = ORIENTED_EDGE('',*,*,#2919,.T.);
#2952 = ORIENTED_EDGE('',*,*,#154,.F.);
#2953 = ORIENTED_EDGE('',*,*,#2954,.F.);
#2954 = EDGE_CURVE('',#2944,#155,#2955,.T.);
#2955 = LINE('',#2956,#2957);
#2956 = CARTESIAN_POINT('',(482.19636790678,-152.5943824536,
    -274.0970318374));
#2957 = VECTOR('',#2958,1.);
#2958 = DIRECTION('',(7.850462293421E-17,-0.707106781186,-0.707106781187
    ));
#2959 = CONICAL_SURFACE('',#2960,2.5,0.785398163398);
#2960 = AXIS2_PLACEMENT_3D('',#2961,#2962,#2963);
#2961 = CARTESIAN_POINT('',(482.19636790678,-153.0943824536,
    -272.0970318374));
#2962 = DIRECTION('',(-5.756219417785E-30,-1.,5.195843755246E-14));
#2963 = DIRECTION('',(-1.249000770354E-16,-5.195843755246E-14,-1.));
#2964 = ADVANCED_FACE('',(#2965),#2983,.T.);
#2965 = FACE_BOUND('',#2966,.T.);
#2966 = EDGE_LOOP('',(#2967,#2975,#2976,#2977));
#2967 = ORIENTED_EDGE('',*,*,#2968,.T.);
#2968 = EDGE_CURVE('',#2969,#164,#2971,.T.);
#2969 = VERTEX_POINT('',#2970);
#2970 = CARTESIAN_POINT('',(478.19636790678,-152.5943824536,
    -274.0970318374));
#2971 = LINE('',#2972,#2973);
#2972 = CARTESIAN_POINT('',(478.19636790678,-152.5943824536,
    -274.0970318374));
#2973 = VECTOR('',#2974,1.);
#2974 = DIRECTION('',(7.850462293423E-17,-0.707106781186,-0.707106781187
    ));
#2975 = ORIENTED_EDGE('',*,*,#163,.T.);
#2976 = ORIENTED_EDGE('',*,*,#2954,.F.);
#2977 = ORIENTED_EDGE('',*,*,#2978,.T.);
#2978 = EDGE_CURVE('',#2944,#2969,#2979,.T.);
#2979 = LINE('',#2980,#2981);
#2980 = CARTESIAN_POINT('',(377.44657543042,-152.5943824536,
    -274.0970318374));
#2981 = VECTOR('',#2982,1.);
#2982 = DIRECTION('',(-1.,-1.202550606142E-29,1.249000770353E-16));
#2983 = PLANE('',#2984);
#2984 = AXIS2_PLACEMENT_3D('',#2985,#2986,#2987);
#2985 = CARTESIAN_POINT('',(377.44657543042,-153.0943824536,
    -274.5970318374));
#2986 = DIRECTION('',(8.831769144236E-17,-0.707106781187,0.707106781186)
  );
#2987 = DIRECTION('',(-1.,-2.359223794976E-16,-1.110223024625E-16));
#2988 = ADVANCED_FACE('',(#2989),#3001,.F.);
#2989 = FACE_BOUND('',#2990,.F.);
#2990 = EDGE_LOOP('',(#2991,#2998,#2999,#3000));
#2991 = ORIENTED_EDGE('',*,*,#2992,.F.);
#2992 = EDGE_CURVE('',#2969,#2824,#2993,.T.);
#2993 = CIRCLE('',#2994,2.);
#2994 = AXIS2_PLACEMENT_3D('',#2995,#2996,#2997);
#2995 = CARTESIAN_POINT('',(478.19636790678,-152.5943824536,
    -272.0970318374));
#2996 = DIRECTION('',(-1.852075225885E-29,1.,-5.200354036283E-14));
#2997 = DIRECTION('',(-1.,-1.859562397992E-27,-3.540223671097E-14));
#2998 = ORIENTED_EDGE('',*,*,#2968,.T.);
#2999 = ORIENTED_EDGE('',*,*,#171,.F.);
#3000 = ORIENTED_EDGE('',*,*,#2823,.T.);
#3001 = CONICAL_SURFACE('',#3002,2.5,0.785398163398);
#3002 = AXIS2_PLACEMENT_3D('',#3003,#3004,#3005);
#3003 = CARTESIAN_POINT('',(478.19636790678,-153.0943824536,
    -272.0970318374));
#3004 = DIRECTION('',(-5.756219417785E-30,-1.,5.195843755246E-14));
#3005 = DIRECTION('',(-1.,-1.833688685946E-27,-3.540223671097E-14));
#3006 = ADVANCED_FACE('',(#3007),#3033,.F.);
#3007 = FACE_BOUND('',#3008,.F.);
#3008 = EDGE_LOOP('',(#3009,#3017,#3026,#3032));
#3009 = ORIENTED_EDGE('',*,*,#3010,.F.);
#3010 = EDGE_CURVE('',#3011,#2896,#3013,.T.);
#3011 = VERTEX_POINT('',#3012);
#3012 = CARTESIAN_POINT('',(484.19636790678,-149.5943824536,
    111.90296816252));
#3013 = LINE('',#3014,#3015);
#3014 = CARTESIAN_POINT('',(484.19636790678,-159.5943824536,
    111.90296816252));
#3015 = VECTOR('',#3016,1.);
#3016 = DIRECTION('',(-5.95343464409E-30,-1.,5.373479439186E-14));
#3017 = ORIENTED_EDGE('',*,*,#3018,.F.);
#3018 = EDGE_CURVE('',#3019,#3011,#3021,.T.);
#3019 = VERTEX_POINT('',#3020);
#3020 = CARTESIAN_POINT('',(482.19636790678,-149.5943824536,
    113.90296816252));
#3021 = CIRCLE('',#3022,2.);
#3022 = AXIS2_PLACEMENT_3D('',#3023,#3024,#3025);
#3023 = CARTESIAN_POINT('',(482.19636790678,-149.5943824536,
    111.90296816252));
#3024 = DIRECTION('',(6.697959082119E-30,1.,-5.195843755246E-14));
#3025 = DIRECTION('',(0.707106781187,3.67401635332E-14,0.707106781187));
#3026 = ORIENTED_EDGE('',*,*,#3027,.F.);
#3027 = EDGE_CURVE('',#2871,#3019,#3028,.T.);
#3028 = LINE('',#3029,#3030);
#3029 = CARTESIAN_POINT('',(482.19636790678,-159.5943824536,
    113.90296816252));
#3030 = VECTOR('',#3031,1.);
#3031 = DIRECTION('',(5.95343464409E-30,1.,-5.373479439186E-14));
#3032 = ORIENTED_EDGE('',*,*,#2903,.T.);
#3033 = CYLINDRICAL_SURFACE('',#3034,2.);
#3034 = AXIS2_PLACEMENT_3D('',#3035,#3036,#3037);
#3035 = CARTESIAN_POINT('',(482.19636790678,-159.5943824536,
    111.90296816252));
#3036 = DIRECTION('',(5.95343464409E-30,1.,-5.373479439186E-14));
#3037 = DIRECTION('',(0.707106781187,3.799623750015E-14,0.707106781187)
  );
#3038 = ADVANCED_FACE('',(#3039),#3057,.F.);
#3039 = FACE_BOUND('',#3040,.T.);
#3040 = EDGE_LOOP('',(#3041,#3042,#3050,#3056));
#3041 = ORIENTED_EDGE('',*,*,#2880,.F.);
#3042 = ORIENTED_EDGE('',*,*,#3043,.F.);
#3043 = EDGE_CURVE('',#3044,#2847,#3046,.T.);
#3044 = VERTEX_POINT('',#3045);
#3045 = CARTESIAN_POINT('',(478.19636790678,-149.5943824536,
    113.90296816252));
#3046 = LINE('',#3047,#3048);
#3047 = CARTESIAN_POINT('',(478.19636790678,-159.5943824536,
    113.90296816252));
#3048 = VECTOR('',#3049,1.);
#3049 = DIRECTION('',(-5.95343464409E-30,-1.,5.373479439186E-14));
#3050 = ORIENTED_EDGE('',*,*,#3051,.F.);
#3051 = EDGE_CURVE('',#3019,#3044,#3052,.T.);
#3052 = LINE('',#3053,#3054);
#3053 = CARTESIAN_POINT('',(271.96545974371,-149.5943824536,
    113.90296816252));
#3054 = VECTOR('',#3055,1.);
#3055 = DIRECTION('',(-1.,1.223658792014E-29,1.249000770354E-16));
#3056 = ORIENTED_EDGE('',*,*,#3027,.F.);
#3057 = PLANE('',#3058);
#3058 = AXIS2_PLACEMENT_3D('',#3059,#3060,#3061);
#3059 = CARTESIAN_POINT('',(478.19636790678,-159.5943824536,
    113.90296816252));
#3060 = DIRECTION('',(1.249000770354E-16,5.373479439186E-14,1.));
#3061 = DIRECTION('',(1.,-1.218728411356E-29,-1.249000770354E-16));
#3062 = ADVANCED_FACE('',(#3063),#3082,.F.);
#3063 = FACE_BOUND('',#3064,.F.);
#3064 = EDGE_LOOP('',(#3065,#3066,#3075,#3081));
#3065 = ORIENTED_EDGE('',*,*,#3043,.F.);
#3066 = ORIENTED_EDGE('',*,*,#3067,.F.);
#3067 = EDGE_CURVE('',#3068,#3044,#3070,.T.);
#3068 = VERTEX_POINT('',#3069);
#3069 = CARTESIAN_POINT('',(476.19636790678,-149.5943824536,
    111.90296816252));
#3070 = CIRCLE('',#3071,2.);
#3071 = AXIS2_PLACEMENT_3D('',#3072,#3073,#3074);
#3072 = CARTESIAN_POINT('',(478.19636790678,-149.5943824536,
    111.90296816252));
#3073 = DIRECTION('',(7.77088325626E-30,1.,-5.195843755246E-14));
#3074 = DIRECTION('',(-0.707106781187,3.67401635332E-14,0.707106781187)
  );
#3075 = ORIENTED_EDGE('',*,*,#3076,.F.);
#3076 = EDGE_CURVE('',#2815,#3068,#3077,.T.);
#3077 = LINE('',#3078,#3079);
#3078 = CARTESIAN_POINT('',(476.19636790678,-159.5943824536,
    111.90296816252));
#3079 = VECTOR('',#3080,1.);
#3080 = DIRECTION('',(5.95343464409E-30,1.,-5.373479439186E-14));
#3081 = ORIENTED_EDGE('',*,*,#2854,.T.);
#3082 = CYLINDRICAL_SURFACE('',#3083,2.);
#3083 = AXIS2_PLACEMENT_3D('',#3084,#3085,#3086);
#3084 = CARTESIAN_POINT('',(478.19636790678,-159.5943824536,
    111.90296816252));
#3085 = DIRECTION('',(5.95343464409E-30,1.,-5.373479439186E-14));
#3086 = DIRECTION('',(-0.707106781187,3.799623750015E-14,0.707106781187)
  );
#3087 = ADVANCED_FACE('',(#3088),#3106,.F.);
#3088 = FACE_BOUND('',#3089,.T.);
#3089 = EDGE_LOOP('',(#3090,#3091,#3099,#3105));
#3090 = ORIENTED_EDGE('',*,*,#2831,.F.);
#3091 = ORIENTED_EDGE('',*,*,#3092,.T.);
#3092 = EDGE_CURVE('',#2824,#3093,#3095,.T.);
#3093 = VERTEX_POINT('',#3094);
#3094 = CARTESIAN_POINT('',(476.19636790678,-149.5943824536,
    -272.0970318374));
#3095 = LINE('',#3096,#3097);
#3096 = CARTESIAN_POINT('',(476.19636790678,-159.5943824536,
    -272.0970318374));
#3097 = VECTOR('',#3098,1.);
#3098 = DIRECTION('',(5.95343464409E-30,1.,-5.373479439186E-14));
#3099 = ORIENTED_EDGE('',*,*,#3100,.F.);
#3100 = EDGE_CURVE('',#3068,#3093,#3101,.T.);
#3101 = LINE('',#3102,#3103);
#3102 = CARTESIAN_POINT('',(476.19636790678,-149.5943824537,
    -362.3471362745));
#3103 = VECTOR('',#3104,1.);
#3104 = DIRECTION('',(-1.249000770354E-16,-5.195843755246E-14,-1.));
#3105 = ORIENTED_EDGE('',*,*,#3076,.F.);
#3106 = PLANE('',#3107);
#3107 = AXIS2_PLACEMENT_3D('',#3108,#3109,#3110);
#3108 = CARTESIAN_POINT('',(476.19636790678,-159.5943824536,
    -272.0970318374));
#3109 = DIRECTION('',(-1.,1.266491460312E-29,1.249000770354E-16));
#3110 = DIRECTION('',(1.249000770354E-16,5.335546213084E-14,1.));
#3111 = ADVANCED_FACE('',(#3112),#3137,.T.);
#3112 = FACE_BOUND('',#3113,.T.);
#3113 = EDGE_LOOP('',(#3114,#3122,#3123,#3131));
#3114 = ORIENTED_EDGE('',*,*,#3115,.T.);
#3115 = EDGE_CURVE('',#3116,#2489,#3118,.T.);
#3116 = VERTEX_POINT('',#3117);
#3117 = CARTESIAN_POINT('',(458.19636790678,-152.5943824536,
    111.90296816252));
#3118 = LINE('',#3119,#3120);
#3119 = CARTESIAN_POINT('',(458.19636790678,-152.5943824536,
    111.90296816252));
#3120 = VECTOR('',#3121,1.);
#3121 = DIRECTION('',(-0.707106781187,-0.707106781186,3.666165891025E-14
    ));
#3122 = ORIENTED_EDGE('',*,*,#2488,.T.);
#3123 = ORIENTED_EDGE('',*,*,#3124,.T.);
#3124 = EDGE_CURVE('',#2491,#3125,#3127,.T.);
#3125 = VERTEX_POINT('',#3126);
#3126 = CARTESIAN_POINT('',(458.19636790678,-152.5943824536,
    -272.0970318374));
#3127 = LINE('',#3128,#3129);
#3128 = CARTESIAN_POINT('',(457.19636790678,-153.5943824536,
    -272.0970318374));
#3129 = VECTOR('',#3130,1.);
#3130 = DIRECTION('',(0.707106781187,0.707106781186,-3.038128907551E-14)
  );
#3131 = ORIENTED_EDGE('',*,*,#3132,.T.);
#3132 = EDGE_CURVE('',#3125,#3116,#3133,.T.);
#3133 = LINE('',#3134,#3135);
#3134 = CARTESIAN_POINT('',(458.19636790678,-152.5943824537,
    -356.3221924147));
#3135 = VECTOR('',#3136,1.);
#3136 = DIRECTION('',(1.249000770354E-16,5.200354036283E-14,1.));
#3137 = PLANE('',#3138);
#3138 = AXIS2_PLACEMENT_3D('',#3139,#3140,#3141);
#3139 = CARTESIAN_POINT('',(457.69636790678,-153.0943824537,
    -356.3221924147));
#3140 = DIRECTION('',(0.707106781186,-0.707106781187,3.668373834485E-14)
  );
#3141 = DIRECTION('',(-0.707106781187,-0.707106781186,3.666165891025E-14
    ));
#3142 = ADVANCED_FACE('',(#3143),#3162,.F.);
#3143 = FACE_BOUND('',#3144,.F.);
#3144 = EDGE_LOOP('',(#3145,#3146,#3154,#3161));
#3145 = ORIENTED_EDGE('',*,*,#2498,.F.);
#3146 = ORIENTED_EDGE('',*,*,#3147,.F.);
#3147 = EDGE_CURVE('',#3148,#2499,#3150,.T.);
#3148 = VERTEX_POINT('',#3149);
#3149 = CARTESIAN_POINT('',(460.19636790678,-152.5943824536,
    113.90296816252));
#3150 = LINE('',#3151,#3152);
#3151 = CARTESIAN_POINT('',(460.19636790678,-152.5943824536,
    113.90296816252));
#3152 = VECTOR('',#3153,1.);
#3153 = DIRECTION('',(-7.850462293417E-17,-0.707106781187,0.707106781186
    ));
#3154 = ORIENTED_EDGE('',*,*,#3155,.F.);
#3155 = EDGE_CURVE('',#3116,#3148,#3156,.T.);
#3156 = CIRCLE('',#3157,2.);
#3157 = AXIS2_PLACEMENT_3D('',#3158,#3159,#3160);
#3158 = CARTESIAN_POINT('',(460.19636790678,-152.5943824536,
    111.90296816252));
#3159 = DIRECTION('',(-1.4227713268E-29,1.,-5.200354036283E-14));
#3160 = DIRECTION('',(-0.707106781187,3.677205603627E-14,0.707106781187)
  );
#3161 = ORIENTED_EDGE('',*,*,#3115,.T.);
#3162 = CONICAL_SURFACE('',#3163,2.5,0.785398163397);
#3163 = AXIS2_PLACEMENT_3D('',#3164,#3165,#3166);
#3164 = CARTESIAN_POINT('',(460.19636790678,-153.0943824536,
    111.90296816252));
#3165 = DIRECTION('',(-5.756219417785E-30,-1.,5.195843755246E-14));
#3166 = DIRECTION('',(-0.707106781187,3.67401635332E-14,0.707106781187)
  );
#3167 = ADVANCED_FACE('',(#3168),#3186,.T.);
#3168 = FACE_BOUND('',#3169,.T.);
#3169 = EDGE_LOOP('',(#3170,#3178,#3179,#3180));
#3170 = ORIENTED_EDGE('',*,*,#3171,.T.);
#3171 = EDGE_CURVE('',#3172,#2508,#3174,.T.);
#3172 = VERTEX_POINT('',#3173);
#3173 = CARTESIAN_POINT('',(464.19636790678,-152.5943824536,
    113.90296816252));
#3174 = LINE('',#3175,#3176);
#3175 = CARTESIAN_POINT('',(464.19636790678,-152.5943824536,
    113.90296816252));
#3176 = VECTOR('',#3177,1.);
#3177 = DIRECTION('',(-7.850462293425E-17,-0.707106781186,0.707106781187
    ));
#3178 = ORIENTED_EDGE('',*,*,#2507,.T.);
#3179 = ORIENTED_EDGE('',*,*,#3147,.F.);
#3180 = ORIENTED_EDGE('',*,*,#3181,.T.);
#3181 = EDGE_CURVE('',#3148,#3172,#3182,.T.);
#3182 = LINE('',#3183,#3184);
#3183 = CARTESIAN_POINT('',(366.44657543042,-152.5943824536,
    113.90296816252));
#3184 = VECTOR('',#3185,1.);
#3185 = DIRECTION('',(1.,1.202550606141E-29,-1.249000770354E-16));
#3186 = PLANE('',#3187);
#3187 = AXIS2_PLACEMENT_3D('',#3188,#3189,#3190);
#3188 = CARTESIAN_POINT('',(366.44657543042,-153.0943824536,
    114.40296816252));
#3189 = DIRECTION('',(-8.831769144241E-17,-0.707106781187,
    -0.707106781186));
#3190 = DIRECTION('',(-1.,2.359223794976E-16,-1.110223024625E-16));
#3191 = ADVANCED_FACE('',(#3192),#3211,.F.);
#3192 = FACE_BOUND('',#3193,.F.);
#3193 = EDGE_LOOP('',(#3194,#3195,#3203,#3210));
#3194 = ORIENTED_EDGE('',*,*,#2515,.F.);
#3195 = ORIENTED_EDGE('',*,*,#3196,.F.);
#3196 = EDGE_CURVE('',#3197,#2516,#3199,.T.);
#3197 = VERTEX_POINT('',#3198);
#3198 = CARTESIAN_POINT('',(466.19636790678,-152.5943824536,
    111.90296816252));
#3199 = LINE('',#3200,#3201);
#3200 = CARTESIAN_POINT('',(466.19636790678,-152.5943824536,
    111.90296816252));
#3201 = VECTOR('',#3202,1.);
#3202 = DIRECTION('',(0.707106781186,-0.707106781187,3.681866815615E-14)
  );
#3203 = ORIENTED_EDGE('',*,*,#3204,.F.);
#3204 = EDGE_CURVE('',#3172,#3197,#3205,.T.);
#3205 = CIRCLE('',#3206,2.);
#3206 = AXIS2_PLACEMENT_3D('',#3207,#3208,#3209);
#3207 = CARTESIAN_POINT('',(464.19636790678,-152.5943824536,
    111.90296816252));
#3208 = DIRECTION('',(-1.254138038047E-29,1.,-5.200354036283E-14));
#3209 = DIRECTION('',(0.707106781187,3.677205603627E-14,0.707106781187)
  );
#3210 = ORIENTED_EDGE('',*,*,#3171,.T.);
#3211 = CONICAL_SURFACE('',#3212,2.5,0.785398163397);
#3212 = AXIS2_PLACEMENT_3D('',#3213,#3214,#3215);
#3213 = CARTESIAN_POINT('',(464.19636790678,-153.0943824536,
    111.90296816252));
#3214 = DIRECTION('',(-5.756219417785E-30,-1.,5.195843755246E-14));
#3215 = DIRECTION('',(0.707106781187,3.67401635332E-14,0.707106781187));
#3216 = ADVANCED_FACE('',(#3217),#3235,.T.);
#3217 = FACE_BOUND('',#3218,.T.);
#3218 = EDGE_LOOP('',(#3219,#3227,#3228,#3229));
#3219 = ORIENTED_EDGE('',*,*,#3220,.T.);
#3220 = EDGE_CURVE('',#3221,#2525,#3223,.T.);
#3221 = VERTEX_POINT('',#3222);
#3222 = CARTESIAN_POINT('',(466.19636790678,-152.5943824536,
    -272.0970318374));
#3223 = LINE('',#3224,#3225);
#3224 = CARTESIAN_POINT('',(466.19636790678,-152.5943824536,
    -272.0970318374));
#3225 = VECTOR('',#3226,1.);
#3226 = DIRECTION('',(0.707106781187,-0.707106781186,3.053829832137E-14)
  );
#3227 = ORIENTED_EDGE('',*,*,#2524,.T.);
#3228 = ORIENTED_EDGE('',*,*,#3196,.F.);
#3229 = ORIENTED_EDGE('',*,*,#3230,.T.);
#3230 = EDGE_CURVE('',#3197,#3221,#3231,.T.);
#3231 = LINE('',#3232,#3233);
#3232 = CARTESIAN_POINT('',(466.19636790678,-152.5943824536,
    -159.3221924147));
#3233 = VECTOR('',#3234,1.);
#3234 = DIRECTION('',(-1.249000770354E-16,-5.200354036283E-14,-1.));
#3235 = PLANE('',#3236);
#3236 = AXIS2_PLACEMENT_3D('',#3237,#3238,#3239);
#3237 = CARTESIAN_POINT('',(466.69636790678,-153.0943824536,
    -159.3221924147));
#3238 = DIRECTION('',(-0.707106781186,-0.707106781187,3.686037372773E-14
    ));
#3239 = DIRECTION('',(-0.707106781187,0.707106781186,-3.681866815611E-14
    ));
#3240 = ADVANCED_FACE('',(#3241),#3260,.F.);
#3241 = FACE_BOUND('',#3242,.F.);
#3242 = EDGE_LOOP('',(#3243,#3252,#3253,#3254));
#3243 = ORIENTED_EDGE('',*,*,#3244,.F.);
#3244 = EDGE_CURVE('',#3221,#3245,#3247,.T.);
#3245 = VERTEX_POINT('',#3246);
#3246 = CARTESIAN_POINT('',(464.19636790678,-152.5943824536,
    -274.0970318374));
#3247 = CIRCLE('',#3248,2.);
#3248 = AXIS2_PLACEMENT_3D('',#3249,#3250,#3251);
#3249 = CARTESIAN_POINT('',(464.19636790678,-152.5943824536,
    -272.0970318374));
#3250 = DIRECTION('',(-1.852075225885E-29,1.,-5.200354036283E-14));
#3251 = DIRECTION('',(-1.249000770354E-16,-5.200354036283E-14,-1.));
#3252 = ORIENTED_EDGE('',*,*,#3220,.T.);
#3253 = ORIENTED_EDGE('',*,*,#2532,.F.);
#3254 = ORIENTED_EDGE('',*,*,#3255,.F.);
#3255 = EDGE_CURVE('',#3245,#2533,#3256,.T.);
#3256 = LINE('',#3257,#3258);
#3257 = CARTESIAN_POINT('',(464.19636790678,-152.5943824536,
    -274.0970318374));
#3258 = VECTOR('',#3259,1.);
#3259 = DIRECTION('',(7.850462293421E-17,-0.707106781186,-0.707106781187
    ));
#3260 = CONICAL_SURFACE('',#3261,2.5,0.785398163398);
#3261 = AXIS2_PLACEMENT_3D('',#3262,#3263,#3264);
#3262 = CARTESIAN_POINT('',(464.19636790678,-153.0943824536,
    -272.0970318374));
#3263 = DIRECTION('',(-5.756219417785E-30,-1.,5.195843755246E-14));
#3264 = DIRECTION('',(-1.249000770354E-16,-5.195843755246E-14,-1.));
#3265 = ADVANCED_FACE('',(#3266),#3284,.T.);
#3266 = FACE_BOUND('',#3267,.T.);
#3267 = EDGE_LOOP('',(#3268,#3276,#3277,#3278));
#3268 = ORIENTED_EDGE('',*,*,#3269,.T.);
#3269 = EDGE_CURVE('',#3270,#2542,#3272,.T.);
#3270 = VERTEX_POINT('',#3271);
#3271 = CARTESIAN_POINT('',(460.19636790678,-152.5943824536,
    -274.0970318374));
#3272 = LINE('',#3273,#3274);
#3273 = CARTESIAN_POINT('',(460.19636790678,-152.5943824536,
    -274.0970318374));
#3274 = VECTOR('',#3275,1.);
#3275 = DIRECTION('',(7.850462293423E-17,-0.707106781186,-0.707106781187
    ));
#3276 = ORIENTED_EDGE('',*,*,#2541,.T.);
#3277 = ORIENTED_EDGE('',*,*,#3255,.F.);
#3278 = ORIENTED_EDGE('',*,*,#3279,.T.);
#3279 = EDGE_CURVE('',#3245,#3270,#3280,.T.);
#3280 = LINE('',#3281,#3282);
#3281 = CARTESIAN_POINT('',(368.44657543042,-152.5943824536,
    -274.0970318374));
#3282 = VECTOR('',#3283,1.);
#3283 = DIRECTION('',(-1.,-1.202550606142E-29,1.249000770353E-16));
#3284 = PLANE('',#3285);
#3285 = AXIS2_PLACEMENT_3D('',#3286,#3287,#3288);
#3286 = CARTESIAN_POINT('',(368.44657543042,-153.0943824536,
    -274.5970318374));
#3287 = DIRECTION('',(8.831769144236E-17,-0.707106781187,0.707106781186)
  );
#3288 = DIRECTION('',(-1.,-2.359223794976E-16,-1.110223024625E-16));
#3289 = ADVANCED_FACE('',(#3290),#3302,.F.);
#3290 = FACE_BOUND('',#3291,.F.);
#3291 = EDGE_LOOP('',(#3292,#3299,#3300,#3301));
#3292 = ORIENTED_EDGE('',*,*,#3293,.F.);
#3293 = EDGE_CURVE('',#3270,#3125,#3294,.T.);
#3294 = CIRCLE('',#3295,2.);
#3295 = AXIS2_PLACEMENT_3D('',#3296,#3297,#3298);
#3296 = CARTESIAN_POINT('',(460.19636790678,-152.5943824536,
    -272.0970318374));
#3297 = DIRECTION('',(-1.852075225885E-29,1.,-5.200354036283E-14));
#3298 = DIRECTION('',(-1.,-1.859562397992E-27,-3.540223671097E-14));
#3299 = ORIENTED_EDGE('',*,*,#3269,.T.);
#3300 = ORIENTED_EDGE('',*,*,#2549,.F.);
#3301 = ORIENTED_EDGE('',*,*,#3124,.T.);
#3302 = CONICAL_SURFACE('',#3303,2.5,0.785398163398);
#3303 = AXIS2_PLACEMENT_3D('',#3304,#3305,#3306);
#3304 = CARTESIAN_POINT('',(460.19636790678,-153.0943824536,
    -272.0970318374));
#3305 = DIRECTION('',(-5.756219417785E-30,-1.,5.195843755246E-14));
#3306 = DIRECTION('',(-1.,-1.833688685946E-27,-3.540223671097E-14));
#3307 = ADVANCED_FACE('',(#3308),#3334,.F.);
#3308 = FACE_BOUND('',#3309,.F.);
#3309 = EDGE_LOOP('',(#3310,#3318,#3327,#3333));
#3310 = ORIENTED_EDGE('',*,*,#3311,.F.);
#3311 = EDGE_CURVE('',#3312,#3197,#3314,.T.);
#3312 = VERTEX_POINT('',#3313);
#3313 = CARTESIAN_POINT('',(466.19636790678,-149.5943824536,
    111.90296816252));
#3314 = LINE('',#3315,#3316);
#3315 = CARTESIAN_POINT('',(466.19636790678,-159.5943824536,
    111.90296816252));
#3316 = VECTOR('',#3317,1.);
#3317 = DIRECTION('',(-5.95343464409E-30,-1.,5.373479439186E-14));
#3318 = ORIENTED_EDGE('',*,*,#3319,.F.);
#3319 = EDGE_CURVE('',#3320,#3312,#3322,.T.);
#3320 = VERTEX_POINT('',#3321);
#3321 = CARTESIAN_POINT('',(464.19636790678,-149.5943824536,
    113.90296816252));
#3322 = CIRCLE('',#3323,2.);
#3323 = AXIS2_PLACEMENT_3D('',#3324,#3325,#3326);
#3324 = CARTESIAN_POINT('',(464.19636790678,-149.5943824536,
    111.90296816252));
#3325 = DIRECTION('',(1.011453856706E-29,1.,-5.195843755246E-14));
#3326 = DIRECTION('',(0.707106781187,3.67401635332E-14,0.707106781187));
#3327 = ORIENTED_EDGE('',*,*,#3328,.F.);
#3328 = EDGE_CURVE('',#3172,#3320,#3329,.T.);
#3329 = LINE('',#3330,#3331);
#3330 = CARTESIAN_POINT('',(464.19636790678,-159.5943824536,
    113.90296816252));
#3331 = VECTOR('',#3332,1.);
#3332 = DIRECTION('',(5.95343464409E-30,1.,-5.373479439186E-14));
#3333 = ORIENTED_EDGE('',*,*,#3204,.T.);
#3334 = CYLINDRICAL_SURFACE('',#3335,2.);
#3335 = AXIS2_PLACEMENT_3D('',#3336,#3337,#3338);
#3336 = CARTESIAN_POINT('',(464.19636790678,-159.5943824536,
    111.90296816252));
#3337 = DIRECTION('',(5.95343464409E-30,1.,-5.373479439186E-14));
#3338 = DIRECTION('',(0.707106781187,3.799623750015E-14,0.707106781187)
  );
#3339 = ADVANCED_FACE('',(#3340),#3358,.F.);
#3340 = FACE_BOUND('',#3341,.T.);
#3341 = EDGE_LOOP('',(#3342,#3343,#3351,#3357));
#3342 = ORIENTED_EDGE('',*,*,#3181,.F.);
#3343 = ORIENTED_EDGE('',*,*,#3344,.F.);
#3344 = EDGE_CURVE('',#3345,#3148,#3347,.T.);
#3345 = VERTEX_POINT('',#3346);
#3346 = CARTESIAN_POINT('',(460.19636790678,-149.5943824536,
    113.90296816252));
#3347 = LINE('',#3348,#3349);
#3348 = CARTESIAN_POINT('',(460.19636790678,-159.5943824536,
    113.90296816252));
#3349 = VECTOR('',#3350,1.);
#3350 = DIRECTION('',(-5.95343464409E-30,-1.,5.373479439186E-14));
#3351 = ORIENTED_EDGE('',*,*,#3352,.F.);
#3352 = EDGE_CURVE('',#3320,#3345,#3353,.T.);
#3353 = LINE('',#3354,#3355);
#3354 = CARTESIAN_POINT('',(262.96545974371,-149.5943824536,
    113.90296816252));
#3355 = VECTOR('',#3356,1.);
#3356 = DIRECTION('',(-1.,1.223658792014E-29,1.249000770354E-16));
#3357 = ORIENTED_EDGE('',*,*,#3328,.F.);
#3358 = PLANE('',#3359);
#3359 = AXIS2_PLACEMENT_3D('',#3360,#3361,#3362);
#3360 = CARTESIAN_POINT('',(460.19636790678,-159.5943824536,
    113.90296816252));
#3361 = DIRECTION('',(1.249000770354E-16,5.373479439186E-14,1.));
#3362 = DIRECTION('',(1.,-1.218728411356E-29,-1.249000770354E-16));
#3363 = ADVANCED_FACE('',(#3364),#3383,.F.);
#3364 = FACE_BOUND('',#3365,.F.);
#3365 = EDGE_LOOP('',(#3366,#3367,#3376,#3382));
#3366 = ORIENTED_EDGE('',*,*,#3344,.F.);
#3367 = ORIENTED_EDGE('',*,*,#3368,.F.);
#3368 = EDGE_CURVE('',#3369,#3345,#3371,.T.);
#3369 = VERTEX_POINT('',#3370);
#3370 = CARTESIAN_POINT('',(458.19636790678,-149.5943824536,
    111.90296816252));
#3371 = CIRCLE('',#3372,2.);
#3372 = AXIS2_PLACEMENT_3D('',#3373,#3374,#3375);
#3373 = CARTESIAN_POINT('',(460.19636790678,-149.5943824536,
    111.90296816252));
#3374 = DIRECTION('',(4.35430377132E-30,1.,-5.195843755246E-14));
#3375 = DIRECTION('',(-0.707106781187,3.67401635332E-14,0.707106781187)
  );
#3376 = ORIENTED_EDGE('',*,*,#3377,.F.);
#3377 = EDGE_CURVE('',#3116,#3369,#3378,.T.);
#3378 = LINE('',#3379,#3380);
#3379 = CARTESIAN_POINT('',(458.19636790678,-159.5943824536,
    111.90296816252));
#3380 = VECTOR('',#3381,1.);
#3381 = DIRECTION('',(5.95343464409E-30,1.,-5.373479439186E-14));
#3382 = ORIENTED_EDGE('',*,*,#3155,.T.);
#3383 = CYLINDRICAL_SURFACE('',#3384,2.);
#3384 = AXIS2_PLACEMENT_3D('',#3385,#3386,#3387);
#3385 = CARTESIAN_POINT('',(460.19636790678,-159.5943824536,
    111.90296816252));
#3386 = DIRECTION('',(5.95343464409E-30,1.,-5.373479439186E-14));
#3387 = DIRECTION('',(-0.707106781187,3.799623750015E-14,0.707106781187)
  );
#3388 = ADVANCED_FACE('',(#3389),#3407,.F.);
#3389 = FACE_BOUND('',#3390,.T.);
#3390 = EDGE_LOOP('',(#3391,#3392,#3400,#3406));
#3391 = ORIENTED_EDGE('',*,*,#3132,.F.);
#3392 = ORIENTED_EDGE('',*,*,#3393,.T.);
#3393 = EDGE_CURVE('',#3125,#3394,#3396,.T.);
#3394 = VERTEX_POINT('',#3395);
#3395 = CARTESIAN_POINT('',(458.19636790678,-149.5943824536,
    -272.0970318374));
#3396 = LINE('',#3397,#3398);
#3397 = CARTESIAN_POINT('',(458.19636790678,-159.5943824536,
    -272.0970318374));
#3398 = VECTOR('',#3399,1.);
#3399 = DIRECTION('',(5.95343464409E-30,1.,-5.373479439186E-14));
#3400 = ORIENTED_EDGE('',*,*,#3401,.F.);
#3401 = EDGE_CURVE('',#3369,#3394,#3402,.T.);
#3402 = LINE('',#3403,#3404);
#3403 = CARTESIAN_POINT('',(458.19636790678,-149.5943824537,
    -362.3471362745));
#3404 = VECTOR('',#3405,1.);
#3405 = DIRECTION('',(-1.249000770354E-16,-5.195843755246E-14,-1.));
#3406 = ORIENTED_EDGE('',*,*,#3377,.F.);
#3407 = PLANE('',#3408);
#3408 = AXIS2_PLACEMENT_3D('',#3409,#3410,#3411);
#3409 = CARTESIAN_POINT('',(458.19636790678,-159.5943824536,
    -272.0970318374));
#3410 = DIRECTION('',(-1.,1.266491460312E-29,1.249000770354E-16));
#3411 = DIRECTION('',(1.249000770354E-16,5.335546213084E-14,1.));
#3412 = ADVANCED_FACE('',(#3413),#3438,.T.);
#3413 = FACE_BOUND('',#3414,.T.);
#3414 = EDGE_LOOP('',(#3415,#3423,#3424,#3432));
#3415 = ORIENTED_EDGE('',*,*,#3416,.T.);
#3416 = EDGE_CURVE('',#3417,#181,#3419,.T.);
#3417 = VERTEX_POINT('',#3418);
#3418 = CARTESIAN_POINT('',(440.19636790678,-152.5943824536,
    111.90296816252));
#3419 = LINE('',#3420,#3421);
#3420 = CARTESIAN_POINT('',(440.19636790678,-152.5943824536,
    111.90296816252));
#3421 = VECTOR('',#3422,1.);
#3422 = DIRECTION('',(-0.707106781187,-0.707106781186,3.666165891025E-14
    ));
#3423 = ORIENTED_EDGE('',*,*,#180,.T.);
#3424 = ORIENTED_EDGE('',*,*,#3425,.T.);
#3425 = EDGE_CURVE('',#183,#3426,#3428,.T.);
#3426 = VERTEX_POINT('',#3427);
#3427 = CARTESIAN_POINT('',(440.19636790678,-152.5943824536,
    -272.0970318374));
#3428 = LINE('',#3429,#3430);
#3429 = CARTESIAN_POINT('',(439.19636790678,-153.5943824536,
    -272.0970318374));
#3430 = VECTOR('',#3431,1.);
#3431 = DIRECTION('',(0.707106781187,0.707106781186,-3.038128907551E-14)
  );
#3432 = ORIENTED_EDGE('',*,*,#3433,.T.);
#3433 = EDGE_CURVE('',#3426,#3417,#3434,.T.);
#3434 = LINE('',#3435,#3436);
#3435 = CARTESIAN_POINT('',(440.19636790678,-152.5943824537,
    -356.3221924147));
#3436 = VECTOR('',#3437,1.);
#3437 = DIRECTION('',(1.249000770354E-16,5.200354036283E-14,1.));
#3438 = PLANE('',#3439);
#3439 = AXIS2_PLACEMENT_3D('',#3440,#3441,#3442);
#3440 = CARTESIAN_POINT('',(439.69636790678,-153.0943824537,
    -356.3221924147));
#3441 = DIRECTION('',(0.707106781186,-0.707106781187,3.668373834485E-14)
  );
#3442 = DIRECTION('',(-0.707106781187,-0.707106781186,3.666165891025E-14
    ));
#3443 = ADVANCED_FACE('',(#3444),#3463,.F.);
#3444 = FACE_BOUND('',#3445,.F.);
#3445 = EDGE_LOOP('',(#3446,#3447,#3455,#3462));
#3446 = ORIENTED_EDGE('',*,*,#190,.F.);
#3447 = ORIENTED_EDGE('',*,*,#3448,.F.);
#3448 = EDGE_CURVE('',#3449,#191,#3451,.T.);
#3449 = VERTEX_POINT('',#3450);
#3450 = CARTESIAN_POINT('',(442.19636790678,-152.5943824536,
    113.90296816252));
#3451 = LINE('',#3452,#3453);
#3452 = CARTESIAN_POINT('',(442.19636790678,-152.5943824536,
    113.90296816252));
#3453 = VECTOR('',#3454,1.);
#3454 = DIRECTION('',(-7.850462293417E-17,-0.707106781187,0.707106781186
    ));
#3455 = ORIENTED_EDGE('',*,*,#3456,.F.);
#3456 = EDGE_CURVE('',#3417,#3449,#3457,.T.);
#3457 = CIRCLE('',#3458,2.);
#3458 = AXIS2_PLACEMENT_3D('',#3459,#3460,#3461);
#3459 = CARTESIAN_POINT('',(442.19636790678,-152.5943824536,
    111.90296816252));
#3460 = DIRECTION('',(-1.4227713268E-29,1.,-5.200354036283E-14));
#3461 = DIRECTION('',(-0.707106781187,3.677205603627E-14,0.707106781187)
  );
#3462 = ORIENTED_EDGE('',*,*,#3416,.T.);
#3463 = CONICAL_SURFACE('',#3464,2.5,0.785398163397);
#3464 = AXIS2_PLACEMENT_3D('',#3465,#3466,#3467);
#3465 = CARTESIAN_POINT('',(442.19636790678,-153.0943824536,
    111.90296816252));
#3466 = DIRECTION('',(-5.756219417785E-30,-1.,5.195843755246E-14));
#3467 = DIRECTION('',(-0.707106781187,3.67401635332E-14,0.707106781187)
  );
#3468 = ADVANCED_FACE('',(#3469),#3487,.T.);
#3469 = FACE_BOUND('',#3470,.T.);
#3470 = EDGE_LOOP('',(#3471,#3479,#3480,#3481));
#3471 = ORIENTED_EDGE('',*,*,#3472,.T.);
#3472 = EDGE_CURVE('',#3473,#200,#3475,.T.);
#3473 = VERTEX_POINT('',#3474);
#3474 = CARTESIAN_POINT('',(446.19636790678,-152.5943824536,
    113.90296816252));
#3475 = LINE('',#3476,#3477);
#3476 = CARTESIAN_POINT('',(446.19636790678,-152.5943824536,
    113.90296816252));
#3477 = VECTOR('',#3478,1.);
#3478 = DIRECTION('',(-7.850462293425E-17,-0.707106781186,0.707106781187
    ));
#3479 = ORIENTED_EDGE('',*,*,#199,.T.);
#3480 = ORIENTED_EDGE('',*,*,#3448,.F.);
#3481 = ORIENTED_EDGE('',*,*,#3482,.T.);
#3482 = EDGE_CURVE('',#3449,#3473,#3483,.T.);
#3483 = LINE('',#3484,#3485);
#3484 = CARTESIAN_POINT('',(357.44657543042,-152.5943824536,
    113.90296816252));
#3485 = VECTOR('',#3486,1.);
#3486 = DIRECTION('',(1.,1.202550606141E-29,-1.249000770354E-16));
#3487 = PLANE('',#3488);
#3488 = AXIS2_PLACEMENT_3D('',#3489,#3490,#3491);
#3489 = CARTESIAN_POINT('',(357.44657543042,-153.0943824536,
    114.40296816252));
#3490 = DIRECTION('',(-8.831769144241E-17,-0.707106781187,
    -0.707106781186));
#3491 = DIRECTION('',(-1.,2.359223794976E-16,-1.110223024625E-16));
#3492 = ADVANCED_FACE('',(#3493),#3512,.F.);
#3493 = FACE_BOUND('',#3494,.F.);
#3494 = EDGE_LOOP('',(#3495,#3496,#3504,#3511));
#3495 = ORIENTED_EDGE('',*,*,#207,.F.);
#3496 = ORIENTED_EDGE('',*,*,#3497,.F.);
#3497 = EDGE_CURVE('',#3498,#208,#3500,.T.);
#3498 = VERTEX_POINT('',#3499);
#3499 = CARTESIAN_POINT('',(448.19636790678,-152.5943824536,
    111.90296816252));
#3500 = LINE('',#3501,#3502);
#3501 = CARTESIAN_POINT('',(448.19636790678,-152.5943824536,
    111.90296816252));
#3502 = VECTOR('',#3503,1.);
#3503 = DIRECTION('',(0.707106781186,-0.707106781187,3.681866815615E-14)
  );
#3504 = ORIENTED_EDGE('',*,*,#3505,.F.);
#3505 = EDGE_CURVE('',#3473,#3498,#3506,.T.);
#3506 = CIRCLE('',#3507,2.);
#3507 = AXIS2_PLACEMENT_3D('',#3508,#3509,#3510);
#3508 = CARTESIAN_POINT('',(446.19636790678,-152.5943824536,
    111.90296816252));
#3509 = DIRECTION('',(-1.254138038047E-29,1.,-5.200354036283E-14));
#3510 = DIRECTION('',(0.707106781187,3.677205603627E-14,0.707106781187)
  );
#3511 = ORIENTED_EDGE('',*,*,#3472,.T.);
#3512 = CONICAL_SURFACE('',#3513,2.5,0.785398163397);
#3513 = AXIS2_PLACEMENT_3D('',#3514,#3515,#3516);
#3514 = CARTESIAN_POINT('',(446.19636790678,-153.0943824536,
    111.90296816252));
#3515 = DIRECTION('',(-5.756219417785E-30,-1.,5.195843755246E-14));
#3516 = DIRECTION('',(0.707106781187,3.67401635332E-14,0.707106781187));
#3517 = ADVANCED_FACE('',(#3518),#3536,.T.);
#3518 = FACE_BOUND('',#3519,.T.);
#3519 = EDGE_LOOP('',(#3520,#3528,#3529,#3530));
#3520 = ORIENTED_EDGE('',*,*,#3521,.T.);
#3521 = EDGE_CURVE('',#3522,#217,#3524,.T.);
#3522 = VERTEX_POINT('',#3523);
#3523 = CARTESIAN_POINT('',(448.19636790678,-152.5943824536,
    -272.0970318374));
#3524 = LINE('',#3525,#3526);
#3525 = CARTESIAN_POINT('',(448.19636790678,-152.5943824536,
    -272.0970318374));
#3526 = VECTOR('',#3527,1.);
#3527 = DIRECTION('',(0.707106781187,-0.707106781186,3.681866815611E-14)
  );
#3528 = ORIENTED_EDGE('',*,*,#216,.T.);
#3529 = ORIENTED_EDGE('',*,*,#3497,.F.);
#3530 = ORIENTED_EDGE('',*,*,#3531,.T.);
#3531 = EDGE_CURVE('',#3498,#3522,#3532,.T.);
#3532 = LINE('',#3533,#3534);
#3533 = CARTESIAN_POINT('',(448.19636790678,-152.5943824536,
    -159.3221924147));
#3534 = VECTOR('',#3535,1.);
#3535 = DIRECTION('',(-1.249000770354E-16,-5.200354036283E-14,-1.));
#3536 = PLANE('',#3537);
#3537 = AXIS2_PLACEMENT_3D('',#3538,#3539,#3540);
#3538 = CARTESIAN_POINT('',(448.69636790678,-153.0943824536,
    -159.3221924147));
#3539 = DIRECTION('',(-0.707106781186,-0.707106781187,3.686037372773E-14
    ));
#3540 = DIRECTION('',(-0.707106781187,0.707106781186,-3.681866815611E-14
    ));
#3541 = ADVANCED_FACE('',(#3542),#3561,.F.);
#3542 = FACE_BOUND('',#3543,.F.);
#3543 = EDGE_LOOP('',(#3544,#3553,#3554,#3555));
#3544 = ORIENTED_EDGE('',*,*,#3545,.F.);
#3545 = EDGE_CURVE('',#3522,#3546,#3548,.T.);
#3546 = VERTEX_POINT('',#3547);
#3547 = CARTESIAN_POINT('',(446.19636790678,-152.5943824536,
    -274.0970318374));
#3548 = CIRCLE('',#3549,2.);
#3549 = AXIS2_PLACEMENT_3D('',#3550,#3551,#3552);
#3550 = CARTESIAN_POINT('',(446.19636790678,-152.5943824536,
    -272.0970318374));
#3551 = DIRECTION('',(-1.852075225885E-29,1.,-5.200354036283E-14));
#3552 = DIRECTION('',(-1.249000770354E-16,-5.200354036283E-14,-1.));
#3553 = ORIENTED_EDGE('',*,*,#3521,.T.);
#3554 = ORIENTED_EDGE('',*,*,#224,.F.);
#3555 = ORIENTED_EDGE('',*,*,#3556,.F.);
#3556 = EDGE_CURVE('',#3546,#225,#3557,.T.);
#3557 = LINE('',#3558,#3559);
#3558 = CARTESIAN_POINT('',(446.19636790678,-152.5943824536,
    -274.0970318374));
#3559 = VECTOR('',#3560,1.);
#3560 = DIRECTION('',(7.850462293421E-17,-0.707106781186,-0.707106781187
    ));
#3561 = CONICAL_SURFACE('',#3562,2.5,0.785398163398);
#3562 = AXIS2_PLACEMENT_3D('',#3563,#3564,#3565);
#3563 = CARTESIAN_POINT('',(446.19636790678,-153.0943824536,
    -272.0970318374));
#3564 = DIRECTION('',(-5.756219417785E-30,-1.,5.195843755246E-14));
#3565 = DIRECTION('',(-1.249000770354E-16,-5.195843755246E-14,-1.));
#3566 = ADVANCED_FACE('',(#3567),#3585,.T.);
#3567 = FACE_BOUND('',#3568,.T.);
#3568 = EDGE_LOOP('',(#3569,#3577,#3578,#3579));
#3569 = ORIENTED_EDGE('',*,*,#3570,.T.);
#3570 = EDGE_CURVE('',#3571,#234,#3573,.T.);
#3571 = VERTEX_POINT('',#3572);
#3572 = CARTESIAN_POINT('',(442.19636790678,-152.5943824536,
    -274.0970318374));
#3573 = LINE('',#3574,#3575);
#3574 = CARTESIAN_POINT('',(442.19636790678,-152.5943824536,
    -274.0970318374));
#3575 = VECTOR('',#3576,1.);
#3576 = DIRECTION('',(7.850462293423E-17,-0.707106781186,-0.707106781187
    ));
#3577 = ORIENTED_EDGE('',*,*,#233,.T.);
#3578 = ORIENTED_EDGE('',*,*,#3556,.F.);
#3579 = ORIENTED_EDGE('',*,*,#3580,.T.);
#3580 = EDGE_CURVE('',#3546,#3571,#3581,.T.);
#3581 = LINE('',#3582,#3583);
#3582 = CARTESIAN_POINT('',(359.44657543042,-152.5943824536,
    -274.0970318374));
#3583 = VECTOR('',#3584,1.);
#3584 = DIRECTION('',(-1.,-1.202550606142E-29,1.249000770353E-16));
#3585 = PLANE('',#3586);
#3586 = AXIS2_PLACEMENT_3D('',#3587,#3588,#3589);
#3587 = CARTESIAN_POINT('',(359.44657543042,-153.0943824536,
    -274.5970318374));
#3588 = DIRECTION('',(8.831769144236E-17,-0.707106781187,0.707106781186)
  );
#3589 = DIRECTION('',(-1.,-2.359223794976E-16,-1.110223024625E-16));
#3590 = ADVANCED_FACE('',(#3591),#3603,.F.);
#3591 = FACE_BOUND('',#3592,.F.);
#3592 = EDGE_LOOP('',(#3593,#3600,#3601,#3602));
#3593 = ORIENTED_EDGE('',*,*,#3594,.F.);
#3594 = EDGE_CURVE('',#3571,#3426,#3595,.T.);
#3595 = CIRCLE('',#3596,2.);
#3596 = AXIS2_PLACEMENT_3D('',#3597,#3598,#3599);
#3597 = CARTESIAN_POINT('',(442.19636790678,-152.5943824536,
    -272.0970318374));
#3598 = DIRECTION('',(-1.852075225885E-29,1.,-5.200354036283E-14));
#3599 = DIRECTION('',(-1.,-1.859562397992E-27,-3.540223671097E-14));
#3600 = ORIENTED_EDGE('',*,*,#3570,.T.);
#3601 = ORIENTED_EDGE('',*,*,#241,.F.);
#3602 = ORIENTED_EDGE('',*,*,#3425,.T.);
#3603 = CONICAL_SURFACE('',#3604,2.5,0.785398163398);
#3604 = AXIS2_PLACEMENT_3D('',#3605,#3606,#3607);
#3605 = CARTESIAN_POINT('',(442.19636790678,-153.0943824536,
    -272.0970318374));
#3606 = DIRECTION('',(-5.756219417785E-30,-1.,5.195843755246E-14));
#3607 = DIRECTION('',(-1.,-1.833688685946E-27,-3.540223671097E-14));
#3608 = ADVANCED_FACE('',(#3609),#3635,.F.);
#3609 = FACE_BOUND('',#3610,.F.);
#3610 = EDGE_LOOP('',(#3611,#3619,#3628,#3634));
#3611 = ORIENTED_EDGE('',*,*,#3612,.F.);
#3612 = EDGE_CURVE('',#3613,#3498,#3615,.T.);
#3613 = VERTEX_POINT('',#3614);
#3614 = CARTESIAN_POINT('',(448.19636790678,-149.5943824536,
    111.90296816252));
#3615 = LINE('',#3616,#3617);
#3616 = CARTESIAN_POINT('',(448.19636790678,-159.5943824536,
    111.90296816252));
#3617 = VECTOR('',#3618,1.);
#3618 = DIRECTION('',(-5.95343464409E-30,-1.,5.373479439186E-14));
#3619 = ORIENTED_EDGE('',*,*,#3620,.F.);
#3620 = EDGE_CURVE('',#3621,#3613,#3623,.T.);
#3621 = VERTEX_POINT('',#3622);
#3622 = CARTESIAN_POINT('',(446.19636790678,-149.5943824536,
    113.90296816252));
#3623 = CIRCLE('',#3624,2.);
#3624 = AXIS2_PLACEMENT_3D('',#3625,#3626,#3627);
#3625 = CARTESIAN_POINT('',(446.19636790678,-149.5943824536,
    111.90296816252));
#3626 = DIRECTION('',(1.011453856706E-29,1.,-5.195843755246E-14));
#3627 = DIRECTION('',(0.707106781187,3.67401635332E-14,0.707106781187));
#3628 = ORIENTED_EDGE('',*,*,#3629,.F.);
#3629 = EDGE_CURVE('',#3473,#3621,#3630,.T.);
#3630 = LINE('',#3631,#3632);
#3631 = CARTESIAN_POINT('',(446.19636790678,-159.5943824536,
    113.90296816252));
#3632 = VECTOR('',#3633,1.);
#3633 = DIRECTION('',(5.95343464409E-30,1.,-5.373479439186E-14));
#3634 = ORIENTED_EDGE('',*,*,#3505,.T.);
#3635 = CYLINDRICAL_SURFACE('',#3636,2.);
#3636 = AXIS2_PLACEMENT_3D('',#3637,#3638,#3639);
#3637 = CARTESIAN_POINT('',(446.19636790678,-159.5943824536,
    111.90296816252));
#3638 = DIRECTION('',(5.95343464409E-30,1.,-5.373479439186E-14));
#3639 = DIRECTION('',(0.707106781187,3.799623750015E-14,0.707106781187)
  );
#3640 = ADVANCED_FACE('',(#3641),#3659,.F.);
#3641 = FACE_BOUND('',#3642,.T.);
#3642 = EDGE_LOOP('',(#3643,#3644,#3652,#3658));
#3643 = ORIENTED_EDGE('',*,*,#3482,.F.);
#3644 = ORIENTED_EDGE('',*,*,#3645,.F.);
#3645 = EDGE_CURVE('',#3646,#3449,#3648,.T.);
#3646 = VERTEX_POINT('',#3647);
#3647 = CARTESIAN_POINT('',(442.19636790678,-149.5943824536,
    113.90296816252));
#3648 = LINE('',#3649,#3650);
#3649 = CARTESIAN_POINT('',(442.19636790678,-159.5943824536,
    113.90296816252));
#3650 = VECTOR('',#3651,1.);
#3651 = DIRECTION('',(-5.95343464409E-30,-1.,5.373479439186E-14));
#3652 = ORIENTED_EDGE('',*,*,#3653,.F.);
#3653 = EDGE_CURVE('',#3621,#3646,#3654,.T.);
#3654 = LINE('',#3655,#3656);
#3655 = CARTESIAN_POINT('',(253.96545974371,-149.5943824536,
    113.90296816252));
#3656 = VECTOR('',#3657,1.);
#3657 = DIRECTION('',(-1.,1.223658792014E-29,1.249000770354E-16));
#3658 = ORIENTED_EDGE('',*,*,#3629,.F.);
#3659 = PLANE('',#3660);
#3660 = AXIS2_PLACEMENT_3D('',#3661,#3662,#3663);
#3661 = CARTESIAN_POINT('',(442.19636790678,-159.5943824536,
    113.90296816252));
#3662 = DIRECTION('',(1.249000770354E-16,5.373479439186E-14,1.));
#3663 = DIRECTION('',(1.,-1.218728411356E-29,-1.249000770354E-16));
#3664 = ADVANCED_FACE('',(#3665),#3684,.F.);
#3665 = FACE_BOUND('',#3666,.F.);
#3666 = EDGE_LOOP('',(#3667,#3668,#3677,#3683));
#3667 = ORIENTED_EDGE('',*,*,#3645,.F.);
#3668 = ORIENTED_EDGE('',*,*,#3669,.F.);
#3669 = EDGE_CURVE('',#3670,#3646,#3672,.T.);
#3670 = VERTEX_POINT('',#3671);
#3671 = CARTESIAN_POINT('',(440.19636790678,-149.5943824536,
    111.90296816252));
#3672 = CIRCLE('',#3673,2.);
#3673 = AXIS2_PLACEMENT_3D('',#3674,#3675,#3676);
#3674 = CARTESIAN_POINT('',(442.19636790678,-149.5943824536,
    111.90296816252));
#3675 = DIRECTION('',(4.35430377132E-30,1.,-5.195843755246E-14));
#3676 = DIRECTION('',(-0.707106781187,3.67401635332E-14,0.707106781187)
  );
#3677 = ORIENTED_EDGE('',*,*,#3678,.F.);
#3678 = EDGE_CURVE('',#3417,#3670,#3679,.T.);
#3679 = LINE('',#3680,#3681);
#3680 = CARTESIAN_POINT('',(440.19636790678,-159.5943824536,
    111.90296816252));
#3681 = VECTOR('',#3682,1.);
#3682 = DIRECTION('',(5.95343464409E-30,1.,-5.373479439186E-14));
#3683 = ORIENTED_EDGE('',*,*,#3456,.T.);
#3684 = CYLINDRICAL_SURFACE('',#3685,2.);
#3685 = AXIS2_PLACEMENT_3D('',#3686,#3687,#3688);
#3686 = CARTESIAN_POINT('',(442.19636790678,-159.5943824536,
    111.90296816252));
#3687 = DIRECTION('',(5.95343464409E-30,1.,-5.373479439186E-14));
#3688 = DIRECTION('',(-0.707106781187,3.799623750015E-14,0.707106781187)
  );
#3689 = ADVANCED_FACE('',(#3690),#3708,.F.);
#3690 = FACE_BOUND('',#3691,.T.);
#3691 = EDGE_LOOP('',(#3692,#3693,#3701,#3707));
#3692 = ORIENTED_EDGE('',*,*,#3433,.F.);
#3693 = ORIENTED_EDGE('',*,*,#3694,.T.);
#3694 = EDGE_CURVE('',#3426,#3695,#3697,.T.);
#3695 = VERTEX_POINT('',#3696);
#3696 = CARTESIAN_POINT('',(440.19636790678,-149.5943824536,
    -272.0970318374));
#3697 = LINE('',#3698,#3699);
#3698 = CARTESIAN_POINT('',(440.19636790678,-159.5943824536,
    -272.0970318374));
#3699 = VECTOR('',#3700,1.);
#3700 = DIRECTION('',(5.95343464409E-30,1.,-5.373479439186E-14));
#3701 = ORIENTED_EDGE('',*,*,#3702,.F.);
#3702 = EDGE_CURVE('',#3670,#3695,#3703,.T.);
#3703 = LINE('',#3704,#3705);
#3704 = CARTESIAN_POINT('',(440.19636790678,-149.5943824537,
    -362.3471362745));
#3705 = VECTOR('',#3706,1.);
#3706 = DIRECTION('',(-1.249000770354E-16,-5.195843755246E-14,-1.));
#3707 = ORIENTED_EDGE('',*,*,#3678,.F.);
#3708 = PLANE('',#3709);
#3709 = AXIS2_PLACEMENT_3D('',#3710,#3711,#3712);
#3710 = CARTESIAN_POINT('',(440.19636790678,-159.5943824536,
    -272.0970318374));
#3711 = DIRECTION('',(-1.,1.266491460312E-29,1.249000770354E-16));
#3712 = DIRECTION('',(1.249000770354E-16,5.335546213084E-14,1.));
#3713 = ADVANCED_FACE('',(#3714),#3739,.T.);
#3714 = FACE_BOUND('',#3715,.T.);
#3715 = EDGE_LOOP('',(#3716,#3724,#3725,#3733));
#3716 = ORIENTED_EDGE('',*,*,#3717,.T.);
#3717 = EDGE_CURVE('',#3718,#2419,#3720,.T.);
#3718 = VERTEX_POINT('',#3719);
#3719 = CARTESIAN_POINT('',(422.19636790678,-152.5943824536,
    111.90296816252));
#3720 = LINE('',#3721,#3722);
#3721 = CARTESIAN_POINT('',(422.19636790678,-152.5943824536,
    111.90296816252));
#3722 = VECTOR('',#3723,1.);
#3723 = DIRECTION('',(-0.707106781187,-0.707106781186,3.666165891025E-14
    ));
#3724 = ORIENTED_EDGE('',*,*,#2418,.T.);
#3725 = ORIENTED_EDGE('',*,*,#3726,.T.);
#3726 = EDGE_CURVE('',#2421,#3727,#3729,.T.);
#3727 = VERTEX_POINT('',#3728);
#3728 = CARTESIAN_POINT('',(422.19636790678,-152.5943824536,
    -272.0970318374));
#3729 = LINE('',#3730,#3731);
#3730 = CARTESIAN_POINT('',(421.19636790678,-153.5943824536,
    -272.0970318374));
#3731 = VECTOR('',#3732,1.);
#3732 = DIRECTION('',(0.707106781187,0.707106781186,-3.666165891025E-14)
  );
#3733 = ORIENTED_EDGE('',*,*,#3734,.T.);
#3734 = EDGE_CURVE('',#3727,#3718,#3735,.T.);
#3735 = LINE('',#3736,#3737);
#3736 = CARTESIAN_POINT('',(422.19636790678,-152.5943824537,
    -356.3221924147));
#3737 = VECTOR('',#3738,1.);
#3738 = DIRECTION('',(1.249000770354E-16,5.200354036283E-14,1.));
#3739 = PLANE('',#3740);
#3740 = AXIS2_PLACEMENT_3D('',#3741,#3742,#3743);
#3741 = CARTESIAN_POINT('',(421.69636790678,-153.0943824537,
    -356.3221924147));
#3742 = DIRECTION('',(0.707106781186,-0.707106781187,3.668373834485E-14)
  );
#3743 = DIRECTION('',(-0.707106781187,-0.707106781186,3.666165891025E-14
    ));
#3744 = ADVANCED_FACE('',(#3745),#3764,.F.);
#3745 = FACE_BOUND('',#3746,.F.);
#3746 = EDGE_LOOP('',(#3747,#3748,#3756,#3763));
#3747 = ORIENTED_EDGE('',*,*,#2428,.F.);
#3748 = ORIENTED_EDGE('',*,*,#3749,.F.);
#3749 = EDGE_CURVE('',#3750,#2429,#3752,.T.);
#3750 = VERTEX_POINT('',#3751);
#3751 = CARTESIAN_POINT('',(424.19636790678,-152.5943824536,
    113.90296816252));
#3752 = LINE('',#3753,#3754);
#3753 = CARTESIAN_POINT('',(424.19636790678,-152.5943824536,
    113.90296816252));
#3754 = VECTOR('',#3755,1.);
#3755 = DIRECTION('',(-7.850462293416E-17,-0.707106781187,0.707106781186
    ));
#3756 = ORIENTED_EDGE('',*,*,#3757,.F.);
#3757 = EDGE_CURVE('',#3718,#3750,#3758,.T.);
#3758 = CIRCLE('',#3759,2.);
#3759 = AXIS2_PLACEMENT_3D('',#3760,#3761,#3762);
#3760 = CARTESIAN_POINT('',(424.19636790678,-152.5943824536,
    111.90296816252));
#3761 = DIRECTION('',(-1.478095660195E-29,1.,-5.200354036283E-14));
#3762 = DIRECTION('',(-0.707106781187,3.677205603627E-14,0.707106781187)
  );
#3763 = ORIENTED_EDGE('',*,*,#3717,.T.);
#3764 = CONICAL_SURFACE('',#3765,2.5,0.785398163397);
#3765 = AXIS2_PLACEMENT_3D('',#3766,#3767,#3768);
#3766 = CARTESIAN_POINT('',(424.19636790678,-153.0943824536,
    111.90296816252));
#3767 = DIRECTION('',(-5.756219417785E-30,-1.,5.195843755246E-14));
#3768 = DIRECTION('',(-0.707106781187,3.67401635332E-14,0.707106781187)
  );
#3769 = ADVANCED_FACE('',(#3770),#3788,.T.);
#3770 = FACE_BOUND('',#3771,.T.);
#3771 = EDGE_LOOP('',(#3772,#3780,#3781,#3782));
#3772 = ORIENTED_EDGE('',*,*,#3773,.T.);
#3773 = EDGE_CURVE('',#3774,#2438,#3776,.T.);
#3774 = VERTEX_POINT('',#3775);
#3775 = CARTESIAN_POINT('',(428.19636790678,-152.5943824536,
    113.90296816252));
#3776 = LINE('',#3777,#3778);
#3777 = CARTESIAN_POINT('',(428.19636790678,-152.5943824536,
    113.90296816252));
#3778 = VECTOR('',#3779,1.);
#3779 = DIRECTION('',(-7.850462293424E-17,-0.707106781186,0.707106781187
    ));
#3780 = ORIENTED_EDGE('',*,*,#2437,.T.);
#3781 = ORIENTED_EDGE('',*,*,#3749,.F.);
#3782 = ORIENTED_EDGE('',*,*,#3783,.T.);
#3783 = EDGE_CURVE('',#3750,#3774,#3784,.T.);
#3784 = LINE('',#3785,#3786);
#3785 = CARTESIAN_POINT('',(348.44657543042,-152.5943824536,
    113.90296816252));
#3786 = VECTOR('',#3787,1.);
#3787 = DIRECTION('',(1.,1.202550606141E-29,-1.249000770354E-16));
#3788 = PLANE('',#3789);
#3789 = AXIS2_PLACEMENT_3D('',#3790,#3791,#3792);
#3790 = CARTESIAN_POINT('',(348.44657543042,-153.0943824536,
    114.40296816252));
#3791 = DIRECTION('',(-8.831769144241E-17,-0.707106781187,
    -0.707106781186));
#3792 = DIRECTION('',(-1.,2.359223794976E-16,-1.110223024625E-16));
#3793 = ADVANCED_FACE('',(#3794),#3813,.F.);
#3794 = FACE_BOUND('',#3795,.F.);
#3795 = EDGE_LOOP('',(#3796,#3797,#3805,#3812));
#3796 = ORIENTED_EDGE('',*,*,#2445,.F.);
#3797 = ORIENTED_EDGE('',*,*,#3798,.F.);
#3798 = EDGE_CURVE('',#3799,#2446,#3801,.T.);
#3799 = VERTEX_POINT('',#3800);
#3800 = CARTESIAN_POINT('',(430.19636790678,-152.5943824536,
    111.90296816252));
#3801 = LINE('',#3802,#3803);
#3802 = CARTESIAN_POINT('',(430.19636790678,-152.5943824536,
    111.90296816252));
#3803 = VECTOR('',#3804,1.);
#3804 = DIRECTION('',(0.707106781186,-0.707106781187,3.681866815614E-14)
  );
#3805 = ORIENTED_EDGE('',*,*,#3806,.F.);
#3806 = EDGE_CURVE('',#3774,#3799,#3807,.T.);
#3807 = CIRCLE('',#3808,2.);
#3808 = AXIS2_PLACEMENT_3D('',#3809,#3810,#3811);
#3809 = CARTESIAN_POINT('',(428.19636790678,-152.5943824536,
    111.90296816252));
#3810 = DIRECTION('',(-1.421038449685E-29,1.,-5.200354036283E-14));
#3811 = DIRECTION('',(0.707106781187,3.677205603627E-14,0.707106781187)
  );
#3812 = ORIENTED_EDGE('',*,*,#3773,.T.);
#3813 = CONICAL_SURFACE('',#3814,2.5,0.785398163397);
#3814 = AXIS2_PLACEMENT_3D('',#3815,#3816,#3817);
#3815 = CARTESIAN_POINT('',(428.19636790678,-153.0943824536,
    111.90296816252));
#3816 = DIRECTION('',(-5.756219417785E-30,-1.,5.195843755246E-14));
#3817 = DIRECTION('',(0.707106781187,3.67401635332E-14,0.707106781187));
#3818 = ADVANCED_FACE('',(#3819),#3837,.T.);
#3819 = FACE_BOUND('',#3820,.T.);
#3820 = EDGE_LOOP('',(#3821,#3829,#3830,#3831));
#3821 = ORIENTED_EDGE('',*,*,#3822,.T.);
#3822 = EDGE_CURVE('',#3823,#2455,#3825,.T.);
#3823 = VERTEX_POINT('',#3824);
#3824 = CARTESIAN_POINT('',(430.19636790678,-152.5943824536,
    -272.0970318374));
#3825 = LINE('',#3826,#3827);
#3826 = CARTESIAN_POINT('',(430.19636790678,-152.5943824536,
    -272.0970318374));
#3827 = VECTOR('',#3828,1.);
#3828 = DIRECTION('',(0.707106781187,-0.707106781186,3.681866815611E-14)
  );
#3829 = ORIENTED_EDGE('',*,*,#2454,.T.);
#3830 = ORIENTED_EDGE('',*,*,#3798,.F.);
#3831 = ORIENTED_EDGE('',*,*,#3832,.T.);
#3832 = EDGE_CURVE('',#3799,#3823,#3833,.T.);
#3833 = LINE('',#3834,#3835);
#3834 = CARTESIAN_POINT('',(430.19636790678,-152.5943824536,
    -159.3221924147));
#3835 = VECTOR('',#3836,1.);
#3836 = DIRECTION('',(-1.249000770354E-16,-5.200354036283E-14,-1.));
#3837 = PLANE('',#3838);
#3838 = AXIS2_PLACEMENT_3D('',#3839,#3840,#3841);
#3839 = CARTESIAN_POINT('',(430.69636790678,-153.0943824536,
    -159.3221924147));
#3840 = DIRECTION('',(-0.707106781186,-0.707106781187,3.686037372773E-14
    ));
#3841 = DIRECTION('',(-0.707106781187,0.707106781186,-3.681866815611E-14
    ));
#3842 = ADVANCED_FACE('',(#3843),#3862,.F.);
#3843 = FACE_BOUND('',#3844,.F.);
#3844 = EDGE_LOOP('',(#3845,#3854,#3855,#3856));
#3845 = ORIENTED_EDGE('',*,*,#3846,.F.);
#3846 = EDGE_CURVE('',#3823,#3847,#3849,.T.);
#3847 = VERTEX_POINT('',#3848);
#3848 = CARTESIAN_POINT('',(428.19636790678,-152.5943824536,
    -274.0970318374));
#3849 = CIRCLE('',#3850,2.);
#3850 = AXIS2_PLACEMENT_3D('',#3851,#3852,#3853);
#3851 = CARTESIAN_POINT('',(428.19636790678,-152.5943824536,
    -272.0970318374));
#3852 = DIRECTION('',(-1.852075225885E-29,1.,-5.200354036283E-14));
#3853 = DIRECTION('',(-1.249000770354E-16,-5.200354036283E-14,-1.));
#3854 = ORIENTED_EDGE('',*,*,#3822,.T.);
#3855 = ORIENTED_EDGE('',*,*,#2462,.F.);
#3856 = ORIENTED_EDGE('',*,*,#3857,.F.);
#3857 = EDGE_CURVE('',#3847,#2463,#3858,.T.);
#3858 = LINE('',#3859,#3860);
#3859 = CARTESIAN_POINT('',(428.19636790678,-152.5943824536,
    -274.0970318374));
#3860 = VECTOR('',#3861,1.);
#3861 = DIRECTION('',(7.850462293421E-17,-0.707106781186,-0.707106781187
    ));
#3862 = CONICAL_SURFACE('',#3863,2.5,0.785398163398);
#3863 = AXIS2_PLACEMENT_3D('',#3864,#3865,#3866);
#3864 = CARTESIAN_POINT('',(428.19636790678,-153.0943824536,
    -272.0970318374));
#3865 = DIRECTION('',(-5.756219417785E-30,-1.,5.195843755246E-14));
#3866 = DIRECTION('',(-1.249000770354E-16,-5.195843755246E-14,-1.));
#3867 = ADVANCED_FACE('',(#3868),#3886,.T.);
#3868 = FACE_BOUND('',#3869,.T.);
#3869 = EDGE_LOOP('',(#3870,#3878,#3879,#3880));
#3870 = ORIENTED_EDGE('',*,*,#3871,.T.);
#3871 = EDGE_CURVE('',#3872,#2472,#3874,.T.);
#3872 = VERTEX_POINT('',#3873);
#3873 = CARTESIAN_POINT('',(424.19636790678,-152.5943824536,
    -274.0970318374));
#3874 = LINE('',#3875,#3876);
#3875 = CARTESIAN_POINT('',(424.19636790678,-152.5943824536,
    -274.0970318374));
#3876 = VECTOR('',#3877,1.);
#3877 = DIRECTION('',(7.850462293423E-17,-0.707106781186,-0.707106781187
    ));
#3878 = ORIENTED_EDGE('',*,*,#2471,.T.);
#3879 = ORIENTED_EDGE('',*,*,#3857,.F.);
#3880 = ORIENTED_EDGE('',*,*,#3881,.T.);
#3881 = EDGE_CURVE('',#3847,#3872,#3882,.T.);
#3882 = LINE('',#3883,#3884);
#3883 = CARTESIAN_POINT('',(350.44657543042,-152.5943824536,
    -274.0970318374));
#3884 = VECTOR('',#3885,1.);
#3885 = DIRECTION('',(-1.,-1.202550606142E-29,1.249000770353E-16));
#3886 = PLANE('',#3887);
#3887 = AXIS2_PLACEMENT_3D('',#3888,#3889,#3890);
#3888 = CARTESIAN_POINT('',(350.44657543042,-153.0943824536,
    -274.5970318374));
#3889 = DIRECTION('',(8.831769144236E-17,-0.707106781187,0.707106781186)
  );
#3890 = DIRECTION('',(-1.,-2.359223794976E-16,-1.110223024625E-16));
#3891 = ADVANCED_FACE('',(#3892),#3904,.F.);
#3892 = FACE_BOUND('',#3893,.F.);
#3893 = EDGE_LOOP('',(#3894,#3901,#3902,#3903));
#3894 = ORIENTED_EDGE('',*,*,#3895,.F.);
#3895 = EDGE_CURVE('',#3872,#3727,#3896,.T.);
#3896 = CIRCLE('',#3897,2.);
#3897 = AXIS2_PLACEMENT_3D('',#3898,#3899,#3900);
#3898 = CARTESIAN_POINT('',(424.19636790678,-152.5943824536,
    -272.0970318374));
#3899 = DIRECTION('',(-1.852075225885E-29,1.,-5.200354036283E-14));
#3900 = DIRECTION('',(-1.,-1.859562397992E-27,-3.540223671097E-14));
#3901 = ORIENTED_EDGE('',*,*,#3871,.T.);
#3902 = ORIENTED_EDGE('',*,*,#2479,.F.);
#3903 = ORIENTED_EDGE('',*,*,#3726,.T.);
#3904 = CONICAL_SURFACE('',#3905,2.5,0.785398163398);
#3905 = AXIS2_PLACEMENT_3D('',#3906,#3907,#3908);
#3906 = CARTESIAN_POINT('',(424.19636790678,-153.0943824536,
    -272.0970318374));
#3907 = DIRECTION('',(-5.756219417785E-30,-1.,5.195843755246E-14));
#3908 = DIRECTION('',(-1.,-1.833688685946E-27,-3.540223671097E-14));
#3909 = ADVANCED_FACE('',(#3910),#3936,.F.);
#3910 = FACE_BOUND('',#3911,.F.);
#3911 = EDGE_LOOP('',(#3912,#3920,#3929,#3935));
#3912 = ORIENTED_EDGE('',*,*,#3913,.F.);
#3913 = EDGE_CURVE('',#3914,#3799,#3916,.T.);
#3914 = VERTEX_POINT('',#3915);
#3915 = CARTESIAN_POINT('',(430.19636790678,-149.5943824536,
    111.90296816252));
#3916 = LINE('',#3917,#3918);
#3917 = CARTESIAN_POINT('',(430.19636790678,-159.5943824536,
    111.90296816252));
#3918 = VECTOR('',#3919,1.);
#3919 = DIRECTION('',(-5.95343464409E-30,-1.,5.373479439186E-14));
#3920 = ORIENTED_EDGE('',*,*,#3921,.F.);
#3921 = EDGE_CURVE('',#3922,#3914,#3924,.T.);
#3922 = VERTEX_POINT('',#3923);
#3923 = CARTESIAN_POINT('',(428.19636790678,-149.5943824536,
    113.90296816252));
#3924 = CIRCLE('',#3925,2.);
#3925 = AXIS2_PLACEMENT_3D('',#3926,#3927,#3928);
#3926 = CARTESIAN_POINT('',(428.19636790678,-149.5943824536,
    111.90296816252));
#3927 = DIRECTION('',(6.820316833784E-30,1.,-5.195843755246E-14));
#3928 = DIRECTION('',(0.707106781187,3.67401635332E-14,0.707106781187));
#3929 = ORIENTED_EDGE('',*,*,#3930,.F.);
#3930 = EDGE_CURVE('',#3774,#3922,#3931,.T.);
#3931 = LINE('',#3932,#3933);
#3932 = CARTESIAN_POINT('',(428.19636790678,-159.5943824536,
    113.90296816252));
#3933 = VECTOR('',#3934,1.);
#3934 = DIRECTION('',(5.95343464409E-30,1.,-5.373479439186E-14));
#3935 = ORIENTED_EDGE('',*,*,#3806,.T.);
#3936 = CYLINDRICAL_SURFACE('',#3937,2.);
#3937 = AXIS2_PLACEMENT_3D('',#3938,#3939,#3940);
#3938 = CARTESIAN_POINT('',(428.19636790678,-159.5943824536,
    111.90296816252));
#3939 = DIRECTION('',(5.95343464409E-30,1.,-5.373479439186E-14));
#3940 = DIRECTION('',(0.707106781187,3.799623750015E-14,0.707106781187)
  );
#3941 = ADVANCED_FACE('',(#3942),#3960,.F.);
#3942 = FACE_BOUND('',#3943,.T.);
#3943 = EDGE_LOOP('',(#3944,#3945,#3953,#3959));
#3944 = ORIENTED_EDGE('',*,*,#3783,.F.);
#3945 = ORIENTED_EDGE('',*,*,#3946,.F.);
#3946 = EDGE_CURVE('',#3947,#3750,#3949,.T.);
#3947 = VERTEX_POINT('',#3948);
#3948 = CARTESIAN_POINT('',(424.19636790678,-149.5943824536,
    113.90296816252));
#3949 = LINE('',#3950,#3951);
#3950 = CARTESIAN_POINT('',(424.19636790678,-159.5943824536,
    113.90296816252));
#3951 = VECTOR('',#3952,1.);
#3952 = DIRECTION('',(-5.95343464409E-30,-1.,5.373479439186E-14));
#3953 = ORIENTED_EDGE('',*,*,#3954,.F.);
#3954 = EDGE_CURVE('',#3922,#3947,#3955,.T.);
#3955 = LINE('',#3956,#3957);
#3956 = CARTESIAN_POINT('',(244.96545974371,-149.5943824536,
    113.90296816252));
#3957 = VECTOR('',#3958,1.);
#3958 = DIRECTION('',(-1.,1.223658792014E-29,1.249000770354E-16));
#3959 = ORIENTED_EDGE('',*,*,#3930,.F.);
#3960 = PLANE('',#3961);
#3961 = AXIS2_PLACEMENT_3D('',#3962,#3963,#3964);
#3962 = CARTESIAN_POINT('',(424.19636790678,-159.5943824536,
    113.90296816252));
#3963 = DIRECTION('',(1.249000770354E-16,5.373479439186E-14,1.));
#3964 = DIRECTION('',(1.,-1.218728411356E-29,-1.249000770354E-16));
#3965 = ADVANCED_FACE('',(#3966),#3985,.F.);
#3966 = FACE_BOUND('',#3967,.F.);
#3967 = EDGE_LOOP('',(#3968,#3969,#3978,#3984));
#3968 = ORIENTED_EDGE('',*,*,#3946,.F.);
#3969 = ORIENTED_EDGE('',*,*,#3970,.F.);
#3970 = EDGE_CURVE('',#3971,#3947,#3973,.T.);
#3971 = VERTEX_POINT('',#3972);
#3972 = CARTESIAN_POINT('',(422.19636790678,-149.5943824536,
    111.90296816252));
#3973 = CIRCLE('',#3974,2.);
#3974 = AXIS2_PLACEMENT_3D('',#3975,#3976,#3977);
#3975 = CARTESIAN_POINT('',(424.19636790678,-149.5943824536,
    111.90296816252));
#3976 = DIRECTION('',(7.77088325626E-30,1.,-5.195843755246E-14));
#3977 = DIRECTION('',(-0.707106781187,3.67401635332E-14,0.707106781187)
  );
#3978 = ORIENTED_EDGE('',*,*,#3979,.F.);
#3979 = EDGE_CURVE('',#3718,#3971,#3980,.T.);
#3980 = LINE('',#3981,#3982);
#3981 = CARTESIAN_POINT('',(422.19636790678,-159.5943824536,
    111.90296816252));
#3982 = VECTOR('',#3983,1.);
#3983 = DIRECTION('',(5.95343464409E-30,1.,-5.373479439186E-14));
#3984 = ORIENTED_EDGE('',*,*,#3757,.T.);
#3985 = CYLINDRICAL_SURFACE('',#3986,2.);
#3986 = AXIS2_PLACEMENT_3D('',#3987,#3988,#3989);
#3987 = CARTESIAN_POINT('',(424.19636790678,-159.5943824536,
    111.90296816252));
#3988 = DIRECTION('',(5.95343464409E-30,1.,-5.373479439186E-14));
#3989 = DIRECTION('',(-0.707106781187,3.799623750015E-14,0.707106781187)
  );
#3990 = ADVANCED_FACE('',(#3991),#4009,.F.);
#3991 = FACE_BOUND('',#3992,.T.);
#3992 = EDGE_LOOP('',(#3993,#3994,#4002,#4008));
#3993 = ORIENTED_EDGE('',*,*,#3734,.F.);
#3994 = ORIENTED_EDGE('',*,*,#3995,.T.);
#3995 = EDGE_CURVE('',#3727,#3996,#3998,.T.);
#3996 = VERTEX_POINT('',#3997);
#3997 = CARTESIAN_POINT('',(422.19636790678,-149.5943824536,
    -272.0970318374));
#3998 = LINE('',#3999,#4000);
#3999 = CARTESIAN_POINT('',(422.19636790678,-159.5943824536,
    -272.0970318374));
#4000 = VECTOR('',#4001,1.);
#4001 = DIRECTION('',(5.95343464409E-30,1.,-5.373479439186E-14));
#4002 = ORIENTED_EDGE('',*,*,#4003,.F.);
#4003 = EDGE_CURVE('',#3971,#3996,#4004,.T.);
#4004 = LINE('',#4005,#4006);
#4005 = CARTESIAN_POINT('',(422.19636790678,-149.5943824537,
    -362.3471362745));
#4006 = VECTOR('',#4007,1.);
#4007 = DIRECTION('',(-1.249000770354E-16,-5.195843755246E-14,-1.));
#4008 = ORIENTED_EDGE('',*,*,#3979,.F.);
#4009 = PLANE('',#4010);
#4010 = AXIS2_PLACEMENT_3D('',#4011,#4012,#4013);
#4011 = CARTESIAN_POINT('',(422.19636790678,-159.5943824536,
    -272.0970318374));
#4012 = DIRECTION('',(-1.,1.266491460312E-29,1.249000770354E-16));
#4013 = DIRECTION('',(1.249000770354E-16,5.335546213084E-14,1.));
#4014 = ADVANCED_FACE('',(#4015),#4040,.T.);
#4015 = FACE_BOUND('',#4016,.T.);
#4016 = EDGE_LOOP('',(#4017,#4025,#4026,#4034));
#4017 = ORIENTED_EDGE('',*,*,#4018,.T.);
#4018 = EDGE_CURVE('',#4019,#251,#4021,.T.);
#4019 = VERTEX_POINT('',#4020);
#4020 = CARTESIAN_POINT('',(404.19636790678,-152.5943824536,
    111.90296816252));
#4021 = LINE('',#4022,#4023);
#4022 = CARTESIAN_POINT('',(404.19636790678,-152.5943824536,
    111.90296816252));
#4023 = VECTOR('',#4024,1.);
#4024 = DIRECTION('',(-0.707106781187,-0.707106781186,3.666165891025E-14
    ));
#4025 = ORIENTED_EDGE('',*,*,#250,.T.);
#4026 = ORIENTED_EDGE('',*,*,#4027,.T.);
#4027 = EDGE_CURVE('',#253,#4028,#4030,.T.);
#4028 = VERTEX_POINT('',#4029);
#4029 = CARTESIAN_POINT('',(404.19636790678,-152.5943824536,
    -272.0970318374));
#4030 = LINE('',#4031,#4032);
#4031 = CARTESIAN_POINT('',(403.19636790678,-153.5943824536,
    -272.0970318374));
#4032 = VECTOR('',#4033,1.);
#4033 = DIRECTION('',(0.707106781187,0.707106781186,-3.666165891025E-14)
  );
#4034 = ORIENTED_EDGE('',*,*,#4035,.T.);
#4035 = EDGE_CURVE('',#4028,#4019,#4036,.T.);
#4036 = LINE('',#4037,#4038);
#4037 = CARTESIAN_POINT('',(404.19636790678,-152.5943824537,
    -356.3221924147));
#4038 = VECTOR('',#4039,1.);
#4039 = DIRECTION('',(1.249000770354E-16,5.200354036283E-14,1.));
#4040 = PLANE('',#4041);
#4041 = AXIS2_PLACEMENT_3D('',#4042,#4043,#4044);
#4042 = CARTESIAN_POINT('',(403.69636790678,-153.0943824537,
    -356.3221924147));
#4043 = DIRECTION('',(0.707106781186,-0.707106781187,3.668373834485E-14)
  );
#4044 = DIRECTION('',(-0.707106781187,-0.707106781186,3.666165891025E-14
    ));
#4045 = ADVANCED_FACE('',(#4046),#4065,.F.);
#4046 = FACE_BOUND('',#4047,.F.);
#4047 = EDGE_LOOP('',(#4048,#4049,#4057,#4064));
#4048 = ORIENTED_EDGE('',*,*,#260,.F.);
#4049 = ORIENTED_EDGE('',*,*,#4050,.F.);
#4050 = EDGE_CURVE('',#4051,#261,#4053,.T.);
#4051 = VERTEX_POINT('',#4052);
#4052 = CARTESIAN_POINT('',(406.19636790678,-152.5943824536,
    113.90296816252));
#4053 = LINE('',#4054,#4055);
#4054 = CARTESIAN_POINT('',(406.19636790678,-152.5943824536,
    113.90296816252));
#4055 = VECTOR('',#4056,1.);
#4056 = DIRECTION('',(-7.850462293416E-17,-0.707106781187,0.707106781186
    ));
#4057 = ORIENTED_EDGE('',*,*,#4058,.F.);
#4058 = EDGE_CURVE('',#4019,#4051,#4059,.T.);
#4059 = CIRCLE('',#4060,2.);
#4060 = AXIS2_PLACEMENT_3D('',#4061,#4062,#4063);
#4061 = CARTESIAN_POINT('',(406.19636790678,-152.5943824536,
    111.90296816252));
#4062 = DIRECTION('',(-1.478095660195E-29,1.,-5.200354036283E-14));
#4063 = DIRECTION('',(-0.707106781187,3.677205603627E-14,0.707106781187)
  );
#4064 = ORIENTED_EDGE('',*,*,#4018,.T.);
#4065 = CONICAL_SURFACE('',#4066,2.5,0.785398163397);
#4066 = AXIS2_PLACEMENT_3D('',#4067,#4068,#4069);
#4067 = CARTESIAN_POINT('',(406.19636790678,-153.0943824536,
    111.90296816252));
#4068 = DIRECTION('',(-5.756219417785E-30,-1.,5.195843755246E-14));
#4069 = DIRECTION('',(-0.707106781187,3.67401635332E-14,0.707106781187)
  );
#4070 = ADVANCED_FACE('',(#4071),#4089,.T.);
#4071 = FACE_BOUND('',#4072,.T.);
#4072 = EDGE_LOOP('',(#4073,#4081,#4082,#4083));
#4073 = ORIENTED_EDGE('',*,*,#4074,.T.);
#4074 = EDGE_CURVE('',#4075,#270,#4077,.T.);
#4075 = VERTEX_POINT('',#4076);
#4076 = CARTESIAN_POINT('',(410.19636790678,-152.5943824536,
    113.90296816252));
#4077 = LINE('',#4078,#4079);
#4078 = CARTESIAN_POINT('',(410.19636790678,-152.5943824536,
    113.90296816252));
#4079 = VECTOR('',#4080,1.);
#4080 = DIRECTION('',(-7.850462293424E-17,-0.707106781186,0.707106781187
    ));
#4081 = ORIENTED_EDGE('',*,*,#269,.T.);
#4082 = ORIENTED_EDGE('',*,*,#4050,.F.);
#4083 = ORIENTED_EDGE('',*,*,#4084,.T.);
#4084 = EDGE_CURVE('',#4051,#4075,#4085,.T.);
#4085 = LINE('',#4086,#4087);
#4086 = CARTESIAN_POINT('',(339.44657543042,-152.5943824536,
    113.90296816252));
#4087 = VECTOR('',#4088,1.);
#4088 = DIRECTION('',(1.,1.202550606141E-29,-1.249000770354E-16));
#4089 = PLANE('',#4090);
#4090 = AXIS2_PLACEMENT_3D('',#4091,#4092,#4093);
#4091 = CARTESIAN_POINT('',(339.44657543042,-153.0943824536,
    114.40296816252));
#4092 = DIRECTION('',(-8.831769144242E-17,-0.707106781187,
    -0.707106781186));
#4093 = DIRECTION('',(-1.,2.359223794976E-16,-1.110223024625E-16));
#4094 = ADVANCED_FACE('',(#4095),#4114,.F.);
#4095 = FACE_BOUND('',#4096,.F.);
#4096 = EDGE_LOOP('',(#4097,#4098,#4106,#4113));
#4097 = ORIENTED_EDGE('',*,*,#277,.F.);
#4098 = ORIENTED_EDGE('',*,*,#4099,.F.);
#4099 = EDGE_CURVE('',#4100,#278,#4102,.T.);
#4100 = VERTEX_POINT('',#4101);
#4101 = CARTESIAN_POINT('',(412.19636790678,-152.5943824536,
    111.90296816252));
#4102 = LINE('',#4103,#4104);
#4103 = CARTESIAN_POINT('',(412.19636790678,-152.5943824536,
    111.90296816252));
#4104 = VECTOR('',#4105,1.);
#4105 = DIRECTION('',(0.707106781186,-0.707106781187,3.681866815615E-14)
  );
#4106 = ORIENTED_EDGE('',*,*,#4107,.F.);
#4107 = EDGE_CURVE('',#4075,#4100,#4108,.T.);
#4108 = CIRCLE('',#4109,2.);
#4109 = AXIS2_PLACEMENT_3D('',#4110,#4111,#4112);
#4110 = CARTESIAN_POINT('',(410.19636790678,-152.5943824536,
    111.90296816252));
#4111 = DIRECTION('',(-1.307358671927E-29,1.,-5.200354036283E-14));
#4112 = DIRECTION('',(0.707106781187,3.677205603627E-14,0.707106781187)
  );
#4113 = ORIENTED_EDGE('',*,*,#4074,.T.);
#4114 = CONICAL_SURFACE('',#4115,2.5,0.785398163397);
#4115 = AXIS2_PLACEMENT_3D('',#4116,#4117,#4118);
#4116 = CARTESIAN_POINT('',(410.19636790678,-153.0943824536,
    111.90296816252));
#4117 = DIRECTION('',(-5.756219417785E-30,-1.,5.195843755246E-14));
#4118 = DIRECTION('',(0.707106781187,3.67401635332E-14,0.707106781187));
#4119 = ADVANCED_FACE('',(#4120),#4138,.T.);
#4120 = FACE_BOUND('',#4121,.T.);
#4121 = EDGE_LOOP('',(#4122,#4130,#4131,#4132));
#4122 = ORIENTED_EDGE('',*,*,#4123,.T.);
#4123 = EDGE_CURVE('',#4124,#287,#4126,.T.);
#4124 = VERTEX_POINT('',#4125);
#4125 = CARTESIAN_POINT('',(412.19636790678,-152.5943824536,
    -272.0970318374));
#4126 = LINE('',#4127,#4128);
#4127 = CARTESIAN_POINT('',(412.19636790678,-152.5943824536,
    -272.0970318374));
#4128 = VECTOR('',#4129,1.);
#4129 = DIRECTION('',(0.707106781187,-0.707106781186,3.681866815611E-14)
  );
#4130 = ORIENTED_EDGE('',*,*,#286,.T.);
#4131 = ORIENTED_EDGE('',*,*,#4099,.F.);
#4132 = ORIENTED_EDGE('',*,*,#4133,.T.);
#4133 = EDGE_CURVE('',#4100,#4124,#4134,.T.);
#4134 = LINE('',#4135,#4136);
#4135 = CARTESIAN_POINT('',(412.19636790678,-152.5943824536,
    -159.3221924147));
#4136 = VECTOR('',#4137,1.);
#4137 = DIRECTION('',(-1.249000770354E-16,-5.200354036283E-14,-1.));
#4138 = PLANE('',#4139);
#4139 = AXIS2_PLACEMENT_3D('',#4140,#4141,#4142);
#4140 = CARTESIAN_POINT('',(412.69636790678,-153.0943824536,
    -159.3221924147));
#4141 = DIRECTION('',(-0.707106781186,-0.707106781187,3.686037372773E-14
    ));
#4142 = DIRECTION('',(-0.707106781187,0.707106781186,-3.681866815611E-14
    ));
#4143 = ADVANCED_FACE('',(#4144),#4163,.F.);
#4144 = FACE_BOUND('',#4145,.F.);
#4145 = EDGE_LOOP('',(#4146,#4155,#4156,#4157));
#4146 = ORIENTED_EDGE('',*,*,#4147,.F.);
#4147 = EDGE_CURVE('',#4124,#4148,#4150,.T.);
#4148 = VERTEX_POINT('',#4149);
#4149 = CARTESIAN_POINT('',(410.19636790678,-152.5943824536,
    -274.0970318374));
#4150 = CIRCLE('',#4151,2.);
#4151 = AXIS2_PLACEMENT_3D('',#4152,#4153,#4154);
#4152 = CARTESIAN_POINT('',(410.19636790678,-152.5943824536,
    -272.0970318374));
#4153 = DIRECTION('',(-1.852075225885E-29,1.,-5.200354036283E-14));
#4154 = DIRECTION('',(-1.249000770354E-16,-5.200354036283E-14,-1.));
#4155 = ORIENTED_EDGE('',*,*,#4123,.T.);
#4156 = ORIENTED_EDGE('',*,*,#294,.F.);
#4157 = ORIENTED_EDGE('',*,*,#4158,.F.);
#4158 = EDGE_CURVE('',#4148,#295,#4159,.T.);
#4159 = LINE('',#4160,#4161);
#4160 = CARTESIAN_POINT('',(410.19636790678,-152.5943824536,
    -274.0970318374));
#4161 = VECTOR('',#4162,1.);
#4162 = DIRECTION('',(7.850462293421E-17,-0.707106781186,-0.707106781187
    ));
#4163 = CONICAL_SURFACE('',#4164,2.5,0.785398163398);
#4164 = AXIS2_PLACEMENT_3D('',#4165,#4166,#4167);
#4165 = CARTESIAN_POINT('',(410.19636790678,-153.0943824536,
    -272.0970318374));
#4166 = DIRECTION('',(-5.756219417785E-30,-1.,5.195843755246E-14));
#4167 = DIRECTION('',(-1.249000770354E-16,-5.195843755246E-14,-1.));
#4168 = ADVANCED_FACE('',(#4169),#4187,.T.);
#4169 = FACE_BOUND('',#4170,.T.);
#4170 = EDGE_LOOP('',(#4171,#4179,#4180,#4181));
#4171 = ORIENTED_EDGE('',*,*,#4172,.T.);
#4172 = EDGE_CURVE('',#4173,#304,#4175,.T.);
#4173 = VERTEX_POINT('',#4174);
#4174 = CARTESIAN_POINT('',(406.19636790678,-152.5943824536,
    -274.0970318374));
#4175 = LINE('',#4176,#4177);
#4176 = CARTESIAN_POINT('',(406.19636790678,-152.5943824536,
    -274.0970318374));
#4177 = VECTOR('',#4178,1.);
#4178 = DIRECTION('',(7.850462293423E-17,-0.707106781186,-0.707106781187
    ));
#4179 = ORIENTED_EDGE('',*,*,#303,.T.);
#4180 = ORIENTED_EDGE('',*,*,#4158,.F.);
#4181 = ORIENTED_EDGE('',*,*,#4182,.T.);
#4182 = EDGE_CURVE('',#4148,#4173,#4183,.T.);
#4183 = LINE('',#4184,#4185);
#4184 = CARTESIAN_POINT('',(341.44657543042,-152.5943824536,
    -274.0970318374));
#4185 = VECTOR('',#4186,1.);
#4186 = DIRECTION('',(-1.,-1.202550606142E-29,1.249000770353E-16));
#4187 = PLANE('',#4188);
#4188 = AXIS2_PLACEMENT_3D('',#4189,#4190,#4191);
#4189 = CARTESIAN_POINT('',(341.44657543042,-153.0943824536,
    -274.5970318374));
#4190 = DIRECTION('',(8.831769144236E-17,-0.707106781187,0.707106781186)
  );
#4191 = DIRECTION('',(-1.,-2.359223794976E-16,-1.110223024625E-16));
#4192 = ADVANCED_FACE('',(#4193),#4205,.F.);
#4193 = FACE_BOUND('',#4194,.F.);
#4194 = EDGE_LOOP('',(#4195,#4202,#4203,#4204));
#4195 = ORIENTED_EDGE('',*,*,#4196,.F.);
#4196 = EDGE_CURVE('',#4173,#4028,#4197,.T.);
#4197 = CIRCLE('',#4198,2.);
#4198 = AXIS2_PLACEMENT_3D('',#4199,#4200,#4201);
#4199 = CARTESIAN_POINT('',(406.19636790678,-152.5943824536,
    -272.0970318374));
#4200 = DIRECTION('',(-1.852075225885E-29,1.,-5.200354036283E-14));
#4201 = DIRECTION('',(-1.,-1.859562397992E-27,-3.540223671097E-14));
#4202 = ORIENTED_EDGE('',*,*,#4172,.T.);
#4203 = ORIENTED_EDGE('',*,*,#311,.F.);
#4204 = ORIENTED_EDGE('',*,*,#4027,.T.);
#4205 = CONICAL_SURFACE('',#4206,2.5,0.785398163398);
#4206 = AXIS2_PLACEMENT_3D('',#4207,#4208,#4209);
#4207 = CARTESIAN_POINT('',(406.19636790678,-153.0943824536,
    -272.0970318374));
#4208 = DIRECTION('',(-5.756219417785E-30,-1.,5.195843755246E-14));
#4209 = DIRECTION('',(-1.,-1.833688685946E-27,-3.540223671097E-14));
#4210 = ADVANCED_FACE('',(#4211),#4237,.F.);
#4211 = FACE_BOUND('',#4212,.F.);
#4212 = EDGE_LOOP('',(#4213,#4221,#4230,#4236));
#4213 = ORIENTED_EDGE('',*,*,#4214,.F.);
#4214 = EDGE_CURVE('',#4215,#4100,#4217,.T.);
#4215 = VERTEX_POINT('',#4216);
#4216 = CARTESIAN_POINT('',(412.19636790678,-149.5943824536,
    111.90296816252));
#4217 = LINE('',#4218,#4219);
#4218 = CARTESIAN_POINT('',(412.19636790678,-159.5943824536,
    111.90296816252));
#4219 = VECTOR('',#4220,1.);
#4220 = DIRECTION('',(-5.95343464409E-30,-1.,5.373479439186E-14));
#4221 = ORIENTED_EDGE('',*,*,#4222,.F.);
#4222 = EDGE_CURVE('',#4223,#4215,#4225,.T.);
#4223 = VERTEX_POINT('',#4224);
#4224 = CARTESIAN_POINT('',(410.19636790678,-149.5943824536,
    113.90296816252));
#4225 = CIRCLE('',#4226,2.);
#4226 = AXIS2_PLACEMENT_3D('',#4227,#4228,#4229);
#4227 = CARTESIAN_POINT('',(410.19636790678,-149.5943824536,
    111.90296816252));
#4228 = DIRECTION('',(1.15268293895E-29,1.,-5.195843755246E-14));
#4229 = DIRECTION('',(0.707106781187,3.67401635332E-14,0.707106781187));
#4230 = ORIENTED_EDGE('',*,*,#4231,.F.);
#4231 = EDGE_CURVE('',#4075,#4223,#4232,.T.);
#4232 = LINE('',#4233,#4234);
#4233 = CARTESIAN_POINT('',(410.19636790678,-159.5943824536,
    113.90296816252));
#4234 = VECTOR('',#4235,1.);
#4235 = DIRECTION('',(5.95343464409E-30,1.,-5.373479439186E-14));
#4236 = ORIENTED_EDGE('',*,*,#4107,.T.);
#4237 = CYLINDRICAL_SURFACE('',#4238,2.);
#4238 = AXIS2_PLACEMENT_3D('',#4239,#4240,#4241);
#4239 = CARTESIAN_POINT('',(410.19636790678,-159.5943824536,
    111.90296816252));
#4240 = DIRECTION('',(5.95343464409E-30,1.,-5.373479439186E-14));
#4241 = DIRECTION('',(0.707106781187,3.799623750015E-14,0.707106781187)
  );
#4242 = ADVANCED_FACE('',(#4243),#4261,.F.);
#4243 = FACE_BOUND('',#4244,.T.);
#4244 = EDGE_LOOP('',(#4245,#4246,#4254,#4260));
#4245 = ORIENTED_EDGE('',*,*,#4084,.F.);
#4246 = ORIENTED_EDGE('',*,*,#4247,.F.);
#4247 = EDGE_CURVE('',#4248,#4051,#4250,.T.);
#4248 = VERTEX_POINT('',#4249);
#4249 = CARTESIAN_POINT('',(406.19636790678,-149.5943824536,
    113.90296816252));
#4250 = LINE('',#4251,#4252);
#4251 = CARTESIAN_POINT('',(406.19636790678,-159.5943824536,
    113.90296816252));
#4252 = VECTOR('',#4253,1.);
#4253 = DIRECTION('',(-5.95343464409E-30,-1.,5.373479439186E-14));
#4254 = ORIENTED_EDGE('',*,*,#4255,.F.);
#4255 = EDGE_CURVE('',#4223,#4248,#4256,.T.);
#4256 = LINE('',#4257,#4258);
#4257 = CARTESIAN_POINT('',(235.96545974371,-149.5943824536,
    113.90296816252));
#4258 = VECTOR('',#4259,1.);
#4259 = DIRECTION('',(-1.,1.223658792014E-29,1.249000770354E-16));
#4260 = ORIENTED_EDGE('',*,*,#4231,.F.);
#4261 = PLANE('',#4262);
#4262 = AXIS2_PLACEMENT_3D('',#4263,#4264,#4265);
#4263 = CARTESIAN_POINT('',(406.19636790678,-159.5943824536,
    113.90296816252));
#4264 = DIRECTION('',(1.249000770354E-16,5.373479439186E-14,1.));
#4265 = DIRECTION('',(1.,-1.218728411356E-29,-1.249000770354E-16));
#4266 = ADVANCED_FACE('',(#4267),#4286,.F.);
#4267 = FACE_BOUND('',#4268,.F.);
#4268 = EDGE_LOOP('',(#4269,#4270,#4279,#4285));
#4269 = ORIENTED_EDGE('',*,*,#4247,.F.);
#4270 = ORIENTED_EDGE('',*,*,#4271,.F.);
#4271 = EDGE_CURVE('',#4272,#4248,#4274,.T.);
#4272 = VERTEX_POINT('',#4273);
#4273 = CARTESIAN_POINT('',(404.19636790678,-149.5943824536,
    111.90296816252));
#4274 = CIRCLE('',#4275,2.);
#4275 = AXIS2_PLACEMENT_3D('',#4276,#4277,#4278);
#4276 = CARTESIAN_POINT('',(406.19636790678,-149.5943824536,
    111.90296816252));
#4277 = DIRECTION('',(7.77088325626E-30,1.,-5.195843755246E-14));
#4278 = DIRECTION('',(-0.707106781187,3.67401635332E-14,0.707106781187)
  );
#4279 = ORIENTED_EDGE('',*,*,#4280,.F.);
#4280 = EDGE_CURVE('',#4019,#4272,#4281,.T.);
#4281 = LINE('',#4282,#4283);
#4282 = CARTESIAN_POINT('',(404.19636790678,-159.5943824536,
    111.90296816252));
#4283 = VECTOR('',#4284,1.);
#4284 = DIRECTION('',(5.95343464409E-30,1.,-5.373479439186E-14));
#4285 = ORIENTED_EDGE('',*,*,#4058,.T.);
#4286 = CYLINDRICAL_SURFACE('',#4287,2.);
#4287 = AXIS2_PLACEMENT_3D('',#4288,#4289,#4290);
#4288 = CARTESIAN_POINT('',(406.19636790678,-159.5943824536,
    111.90296816252));
#4289 = DIRECTION('',(5.95343464409E-30,1.,-5.373479439186E-14));
#4290 = DIRECTION('',(-0.707106781187,3.799623750015E-14,0.707106781187)
  );
#4291 = ADVANCED_FACE('',(#4292),#4310,.F.);
#4292 = FACE_BOUND('',#4293,.T.);
#4293 = EDGE_LOOP('',(#4294,#4295,#4303,#4309));
#4294 = ORIENTED_EDGE('',*,*,#4035,.F.);
#4295 = ORIENTED_EDGE('',*,*,#4296,.T.);
#4296 = EDGE_CURVE('',#4028,#4297,#4299,.T.);
#4297 = VERTEX_POINT('',#4298);
#4298 = CARTESIAN_POINT('',(404.19636790678,-149.5943824536,
    -272.0970318374));
#4299 = LINE('',#4300,#4301);
#4300 = CARTESIAN_POINT('',(404.19636790678,-159.5943824536,
    -272.0970318374));
#4301 = VECTOR('',#4302,1.);
#4302 = DIRECTION('',(5.95343464409E-30,1.,-5.373479439186E-14));
#4303 = ORIENTED_EDGE('',*,*,#4304,.F.);
#4304 = EDGE_CURVE('',#4272,#4297,#4305,.T.);
#4305 = LINE('',#4306,#4307);
#4306 = CARTESIAN_POINT('',(404.19636790678,-149.5943824537,
    -362.3471362745));
#4307 = VECTOR('',#4308,1.);
#4308 = DIRECTION('',(-1.249000770354E-16,-5.195843755246E-14,-1.));
#4309 = ORIENTED_EDGE('',*,*,#4280,.F.);
#4310 = PLANE('',#4311);
#4311 = AXIS2_PLACEMENT_3D('',#4312,#4313,#4314);
#4312 = CARTESIAN_POINT('',(404.19636790678,-159.5943824536,
    -272.0970318374));
#4313 = DIRECTION('',(-1.,1.266491460312E-29,1.249000770354E-16));
#4314 = DIRECTION('',(1.249000770354E-16,5.335546213084E-14,1.));
#4315 = ADVANCED_FACE('',(#4316),#4341,.T.);
#4316 = FACE_BOUND('',#4317,.T.);
#4317 = EDGE_LOOP('',(#4318,#4326,#4327,#4335));
#4318 = ORIENTED_EDGE('',*,*,#4319,.T.);
#4319 = EDGE_CURVE('',#4320,#2349,#4322,.T.);
#4320 = VERTEX_POINT('',#4321);
#4321 = CARTESIAN_POINT('',(386.19636790678,-152.5943824536,
    111.90296816252));
#4322 = LINE('',#4323,#4324);
#4323 = CARTESIAN_POINT('',(386.19636790678,-152.5943824536,
    111.90296816252));
#4324 = VECTOR('',#4325,1.);
#4325 = DIRECTION('',(-0.707106781187,-0.707106781186,3.666165891025E-14
    ));
#4326 = ORIENTED_EDGE('',*,*,#2348,.T.);
#4327 = ORIENTED_EDGE('',*,*,#4328,.T.);
#4328 = EDGE_CURVE('',#2351,#4329,#4331,.T.);
#4329 = VERTEX_POINT('',#4330);
#4330 = CARTESIAN_POINT('',(386.19636790678,-152.5943824536,
    -272.0970318374));
#4331 = LINE('',#4332,#4333);
#4332 = CARTESIAN_POINT('',(385.19636790678,-153.5943824536,
    -272.0970318374));
#4333 = VECTOR('',#4334,1.);
#4334 = DIRECTION('',(0.707106781187,0.707106781186,-3.666165891025E-14)
  );
#4335 = ORIENTED_EDGE('',*,*,#4336,.T.);
#4336 = EDGE_CURVE('',#4329,#4320,#4337,.T.);
#4337 = LINE('',#4338,#4339);
#4338 = CARTESIAN_POINT('',(386.19636790678,-152.5943824537,
    -356.3221924147));
#4339 = VECTOR('',#4340,1.);
#4340 = DIRECTION('',(1.249000770354E-16,5.200354036283E-14,1.));
#4341 = PLANE('',#4342);
#4342 = AXIS2_PLACEMENT_3D('',#4343,#4344,#4345);
#4343 = CARTESIAN_POINT('',(385.69636790678,-153.0943824537,
    -356.3221924147));
#4344 = DIRECTION('',(0.707106781186,-0.707106781187,3.668373834485E-14)
  );
#4345 = DIRECTION('',(-0.707106781187,-0.707106781186,3.666165891025E-14
    ));
#4346 = ADVANCED_FACE('',(#4347),#4366,.F.);
#4347 = FACE_BOUND('',#4348,.F.);
#4348 = EDGE_LOOP('',(#4349,#4350,#4358,#4365));
#4349 = ORIENTED_EDGE('',*,*,#2358,.F.);
#4350 = ORIENTED_EDGE('',*,*,#4351,.F.);
#4351 = EDGE_CURVE('',#4352,#2359,#4354,.T.);
#4352 = VERTEX_POINT('',#4353);
#4353 = CARTESIAN_POINT('',(388.19636790678,-152.5943824536,
    113.90296816252));
#4354 = LINE('',#4355,#4356);
#4355 = CARTESIAN_POINT('',(388.19636790678,-152.5943824536,
    113.90296816252));
#4356 = VECTOR('',#4357,1.);
#4357 = DIRECTION('',(-7.850462293417E-17,-0.707106781187,0.707106781186
    ));
#4358 = ORIENTED_EDGE('',*,*,#4359,.F.);
#4359 = EDGE_CURVE('',#4320,#4352,#4360,.T.);
#4360 = CIRCLE('',#4361,2.);
#4361 = AXIS2_PLACEMENT_3D('',#4362,#4363,#4364);
#4362 = CARTESIAN_POINT('',(388.19636790678,-152.5943824536,
    111.90296816252));
#4363 = DIRECTION('',(-1.4227713268E-29,1.,-5.200354036283E-14));
#4364 = DIRECTION('',(-0.707106781187,3.677205603627E-14,0.707106781187)
  );
#4365 = ORIENTED_EDGE('',*,*,#4319,.T.);
#4366 = CONICAL_SURFACE('',#4367,2.5,0.785398163397);
#4367 = AXIS2_PLACEMENT_3D('',#4368,#4369,#4370);
#4368 = CARTESIAN_POINT('',(388.19636790678,-153.0943824536,
    111.90296816252));
#4369 = DIRECTION('',(-5.756219417785E-30,-1.,5.195843755246E-14));
#4370 = DIRECTION('',(-0.707106781187,3.67401635332E-14,0.707106781187)
  );
#4371 = ADVANCED_FACE('',(#4372),#4390,.T.);
#4372 = FACE_BOUND('',#4373,.T.);
#4373 = EDGE_LOOP('',(#4374,#4382,#4383,#4384));
#4374 = ORIENTED_EDGE('',*,*,#4375,.T.);
#4375 = EDGE_CURVE('',#4376,#2368,#4378,.T.);
#4376 = VERTEX_POINT('',#4377);
#4377 = CARTESIAN_POINT('',(392.19636790678,-152.5943824536,
    113.90296816252));
#4378 = LINE('',#4379,#4380);
#4379 = CARTESIAN_POINT('',(392.19636790678,-152.5943824536,
    113.90296816252));
#4380 = VECTOR('',#4381,1.);
#4381 = DIRECTION('',(-7.850462293424E-17,-0.707106781186,0.707106781187
    ));
#4382 = ORIENTED_EDGE('',*,*,#2367,.T.);
#4383 = ORIENTED_EDGE('',*,*,#4351,.F.);
#4384 = ORIENTED_EDGE('',*,*,#4385,.T.);
#4385 = EDGE_CURVE('',#4352,#4376,#4386,.T.);
#4386 = LINE('',#4387,#4388);
#4387 = CARTESIAN_POINT('',(330.44657543042,-152.5943824536,
    113.90296816252));
#4388 = VECTOR('',#4389,1.);
#4389 = DIRECTION('',(1.,1.202550606141E-29,-1.249000770354E-16));
#4390 = PLANE('',#4391);
#4391 = AXIS2_PLACEMENT_3D('',#4392,#4393,#4394);
#4392 = CARTESIAN_POINT('',(330.44657543042,-153.0943824536,
    114.40296816252));
#4393 = DIRECTION('',(-8.831769144242E-17,-0.707106781187,
    -0.707106781186));
#4394 = DIRECTION('',(-1.,2.359223794976E-16,-1.110223024625E-16));
#4395 = ADVANCED_FACE('',(#4396),#4415,.F.);
#4396 = FACE_BOUND('',#4397,.F.);
#4397 = EDGE_LOOP('',(#4398,#4399,#4407,#4414));
#4398 = ORIENTED_EDGE('',*,*,#2375,.F.);
#4399 = ORIENTED_EDGE('',*,*,#4400,.F.);
#4400 = EDGE_CURVE('',#4401,#2376,#4403,.T.);
#4401 = VERTEX_POINT('',#4402);
#4402 = CARTESIAN_POINT('',(394.19636790678,-152.5943824536,
    111.90296816252));
#4403 = LINE('',#4404,#4405);
#4404 = CARTESIAN_POINT('',(394.19636790678,-152.5943824536,
    111.90296816252));
#4405 = VECTOR('',#4406,1.);
#4406 = DIRECTION('',(0.707106781186,-0.707106781187,3.681866815615E-14)
  );
#4407 = ORIENTED_EDGE('',*,*,#4408,.F.);
#4408 = EDGE_CURVE('',#4376,#4401,#4409,.T.);
#4409 = CIRCLE('',#4410,2.);
#4410 = AXIS2_PLACEMENT_3D('',#4411,#4412,#4413);
#4411 = CARTESIAN_POINT('',(392.19636790678,-152.5943824536,
    111.90296816252));
#4412 = DIRECTION('',(-1.906199069333E-29,1.,-5.200354036283E-14));
#4413 = DIRECTION('',(0.707106781187,3.677205603627E-14,0.707106781187)
  );
#4414 = ORIENTED_EDGE('',*,*,#4375,.T.);
#4415 = CONICAL_SURFACE('',#4416,2.5,0.785398163397);
#4416 = AXIS2_PLACEMENT_3D('',#4417,#4418,#4419);
#4417 = CARTESIAN_POINT('',(392.19636790678,-153.0943824536,
    111.90296816252));
#4418 = DIRECTION('',(-5.756219417785E-30,-1.,5.195843755246E-14));
#4419 = DIRECTION('',(0.707106781187,3.67401635332E-14,0.707106781187));
#4420 = ADVANCED_FACE('',(#4421),#4439,.T.);
#4421 = FACE_BOUND('',#4422,.T.);
#4422 = EDGE_LOOP('',(#4423,#4431,#4432,#4433));
#4423 = ORIENTED_EDGE('',*,*,#4424,.T.);
#4424 = EDGE_CURVE('',#4425,#2385,#4427,.T.);
#4425 = VERTEX_POINT('',#4426);
#4426 = CARTESIAN_POINT('',(394.19636790678,-152.5943824536,
    -272.0970318374));
#4427 = LINE('',#4428,#4429);
#4428 = CARTESIAN_POINT('',(394.19636790678,-152.5943824536,
    -272.0970318374));
#4429 = VECTOR('',#4430,1.);
#4430 = DIRECTION('',(0.707106781187,-0.707106781186,3.681866815612E-14)
  );
#4431 = ORIENTED_EDGE('',*,*,#2384,.T.);
#4432 = ORIENTED_EDGE('',*,*,#4400,.F.);
#4433 = ORIENTED_EDGE('',*,*,#4434,.T.);
#4434 = EDGE_CURVE('',#4401,#4425,#4435,.T.);
#4435 = LINE('',#4436,#4437);
#4436 = CARTESIAN_POINT('',(394.19636790678,-152.5943824536,
    -159.3221924147));
#4437 = VECTOR('',#4438,1.);
#4438 = DIRECTION('',(-1.249000770354E-16,-5.200354036283E-14,-1.));
#4439 = PLANE('',#4440);
#4440 = AXIS2_PLACEMENT_3D('',#4441,#4442,#4443);
#4441 = CARTESIAN_POINT('',(394.69636790678,-153.0943824536,
    -159.3221924147));
#4442 = DIRECTION('',(-0.707106781186,-0.707106781187,3.686037372773E-14
    ));
#4443 = DIRECTION('',(-0.707106781187,0.707106781186,-3.681866815611E-14
    ));
#4444 = ADVANCED_FACE('',(#4445),#4464,.F.);
#4445 = FACE_BOUND('',#4446,.F.);
#4446 = EDGE_LOOP('',(#4447,#4456,#4457,#4458));
#4447 = ORIENTED_EDGE('',*,*,#4448,.F.);
#4448 = EDGE_CURVE('',#4425,#4449,#4451,.T.);
#4449 = VERTEX_POINT('',#4450);
#4450 = CARTESIAN_POINT('',(392.19636790678,-152.5943824536,
    -274.0970318374));
#4451 = CIRCLE('',#4452,2.);
#4452 = AXIS2_PLACEMENT_3D('',#4453,#4454,#4455);
#4453 = CARTESIAN_POINT('',(392.19636790678,-152.5943824536,
    -272.0970318374));
#4454 = DIRECTION('',(-1.852075225885E-29,1.,-5.200354036283E-14));
#4455 = DIRECTION('',(-1.249000770354E-16,-5.200354036283E-14,-1.));
#4456 = ORIENTED_EDGE('',*,*,#4424,.T.);
#4457 = ORIENTED_EDGE('',*,*,#2392,.F.);
#4458 = ORIENTED_EDGE('',*,*,#4459,.F.);
#4459 = EDGE_CURVE('',#4449,#2393,#4460,.T.);
#4460 = LINE('',#4461,#4462);
#4461 = CARTESIAN_POINT('',(392.19636790678,-152.5943824536,
    -274.0970318374));
#4462 = VECTOR('',#4463,1.);
#4463 = DIRECTION('',(7.850462293421E-17,-0.707106781186,-0.707106781187
    ));
#4464 = CONICAL_SURFACE('',#4465,2.5,0.785398163398);
#4465 = AXIS2_PLACEMENT_3D('',#4466,#4467,#4468);
#4466 = CARTESIAN_POINT('',(392.19636790678,-153.0943824536,
    -272.0970318374));
#4467 = DIRECTION('',(-5.756219417785E-30,-1.,5.195843755246E-14));
#4468 = DIRECTION('',(-1.249000770354E-16,-5.195843755246E-14,-1.));
#4469 = ADVANCED_FACE('',(#4470),#4488,.T.);
#4470 = FACE_BOUND('',#4471,.T.);
#4471 = EDGE_LOOP('',(#4472,#4480,#4481,#4482));
#4472 = ORIENTED_EDGE('',*,*,#4473,.T.);
#4473 = EDGE_CURVE('',#4474,#2402,#4476,.T.);
#4474 = VERTEX_POINT('',#4475);
#4475 = CARTESIAN_POINT('',(388.19636790678,-152.5943824536,
    -274.0970318374));
#4476 = LINE('',#4477,#4478);
#4477 = CARTESIAN_POINT('',(388.19636790678,-152.5943824536,
    -274.0970318374));
#4478 = VECTOR('',#4479,1.);
#4479 = DIRECTION('',(7.850462293423E-17,-0.707106781186,-0.707106781187
    ));
#4480 = ORIENTED_EDGE('',*,*,#2401,.T.);
#4481 = ORIENTED_EDGE('',*,*,#4459,.F.);
#4482 = ORIENTED_EDGE('',*,*,#4483,.T.);
#4483 = EDGE_CURVE('',#4449,#4474,#4484,.T.);
#4484 = LINE('',#4485,#4486);
#4485 = CARTESIAN_POINT('',(332.44657543042,-152.5943824536,
    -274.0970318374));
#4486 = VECTOR('',#4487,1.);
#4487 = DIRECTION('',(-1.,-1.202550606142E-29,1.249000770353E-16));
#4488 = PLANE('',#4489);
#4489 = AXIS2_PLACEMENT_3D('',#4490,#4491,#4492);
#4490 = CARTESIAN_POINT('',(332.44657543042,-153.0943824536,
    -274.5970318374));
#4491 = DIRECTION('',(8.831769144236E-17,-0.707106781187,0.707106781186)
  );
#4492 = DIRECTION('',(-1.,-2.359223794976E-16,-1.110223024625E-16));
#4493 = ADVANCED_FACE('',(#4494),#4506,.F.);
#4494 = FACE_BOUND('',#4495,.F.);
#4495 = EDGE_LOOP('',(#4496,#4503,#4504,#4505));
#4496 = ORIENTED_EDGE('',*,*,#4497,.F.);
#4497 = EDGE_CURVE('',#4474,#4329,#4498,.T.);
#4498 = CIRCLE('',#4499,2.);
#4499 = AXIS2_PLACEMENT_3D('',#4500,#4501,#4502);
#4500 = CARTESIAN_POINT('',(388.19636790678,-152.5943824536,
    -272.0970318374));
#4501 = DIRECTION('',(-1.852075225885E-29,1.,-5.200354036283E-14));
#4502 = DIRECTION('',(-1.,-1.859562397992E-27,-3.540223671097E-14));
#4503 = ORIENTED_EDGE('',*,*,#4473,.T.);
#4504 = ORIENTED_EDGE('',*,*,#2409,.F.);
#4505 = ORIENTED_EDGE('',*,*,#4328,.T.);
#4506 = CONICAL_SURFACE('',#4507,2.5,0.785398163398);
#4507 = AXIS2_PLACEMENT_3D('',#4508,#4509,#4510);
#4508 = CARTESIAN_POINT('',(388.19636790678,-153.0943824536,
    -272.0970318374));
#4509 = DIRECTION('',(-5.756219417785E-30,-1.,5.195843755246E-14));
#4510 = DIRECTION('',(-1.,-1.833688685946E-27,-3.540223671097E-14));
#4511 = ADVANCED_FACE('',(#4512),#4538,.F.);
#4512 = FACE_BOUND('',#4513,.F.);
#4513 = EDGE_LOOP('',(#4514,#4522,#4531,#4537));
#4514 = ORIENTED_EDGE('',*,*,#4515,.F.);
#4515 = EDGE_CURVE('',#4516,#4401,#4518,.T.);
#4516 = VERTEX_POINT('',#4517);
#4517 = CARTESIAN_POINT('',(394.19636790678,-149.5943824536,
    111.90296816252));
#4518 = LINE('',#4519,#4520);
#4519 = CARTESIAN_POINT('',(394.19636790678,-159.5943824536,
    111.90296816252));
#4520 = VECTOR('',#4521,1.);
#4521 = DIRECTION('',(-5.95343464409E-30,-1.,5.373479439186E-14));
#4522 = ORIENTED_EDGE('',*,*,#4523,.F.);
#4523 = EDGE_CURVE('',#4524,#4516,#4526,.T.);
#4524 = VERTEX_POINT('',#4525);
#4525 = CARTESIAN_POINT('',(392.19636790678,-149.5943824536,
    113.90296816252));
#4526 = CIRCLE('',#4527,2.);
#4527 = AXIS2_PLACEMENT_3D('',#4528,#4529,#4530);
#4528 = CARTESIAN_POINT('',(392.19636790678,-149.5943824536,
    111.90296816252));
#4529 = DIRECTION('',(6.331559938717E-30,1.,-5.195843755246E-14));
#4530 = DIRECTION('',(0.707106781187,3.67401635332E-14,0.707106781187));
#4531 = ORIENTED_EDGE('',*,*,#4532,.F.);
#4532 = EDGE_CURVE('',#4376,#4524,#4533,.T.);
#4533 = LINE('',#4534,#4535);
#4534 = CARTESIAN_POINT('',(392.19636790678,-159.5943824536,
    113.90296816252));
#4535 = VECTOR('',#4536,1.);
#4536 = DIRECTION('',(5.95343464409E-30,1.,-5.373479439186E-14));
#4537 = ORIENTED_EDGE('',*,*,#4408,.T.);
#4538 = CYLINDRICAL_SURFACE('',#4539,2.);
#4539 = AXIS2_PLACEMENT_3D('',#4540,#4541,#4542);
#4540 = CARTESIAN_POINT('',(392.19636790678,-159.5943824536,
    111.90296816252));
#4541 = DIRECTION('',(5.95343464409E-30,1.,-5.373479439186E-14));
#4542 = DIRECTION('',(0.707106781187,3.799623750015E-14,0.707106781187)
  );
#4543 = ADVANCED_FACE('',(#4544),#4562,.F.);
#4544 = FACE_BOUND('',#4545,.T.);
#4545 = EDGE_LOOP('',(#4546,#4547,#4555,#4561));
#4546 = ORIENTED_EDGE('',*,*,#4385,.F.);
#4547 = ORIENTED_EDGE('',*,*,#4548,.F.);
#4548 = EDGE_CURVE('',#4549,#4352,#4551,.T.);
#4549 = VERTEX_POINT('',#4550);
#4550 = CARTESIAN_POINT('',(388.19636790678,-149.5943824536,
    113.90296816252));
#4551 = LINE('',#4552,#4553);
#4552 = CARTESIAN_POINT('',(388.19636790678,-159.5943824536,
    113.90296816252));
#4553 = VECTOR('',#4554,1.);
#4554 = DIRECTION('',(-5.95343464409E-30,-1.,5.373479439186E-14));
#4555 = ORIENTED_EDGE('',*,*,#4556,.F.);
#4556 = EDGE_CURVE('',#4524,#4549,#4557,.T.);
#4557 = LINE('',#4558,#4559);
#4558 = CARTESIAN_POINT('',(226.96545974371,-149.5943824536,
    113.90296816252));
#4559 = VECTOR('',#4560,1.);
#4560 = DIRECTION('',(-1.,1.223658792014E-29,1.249000770354E-16));
#4561 = ORIENTED_EDGE('',*,*,#4532,.F.);
#4562 = PLANE('',#4563);
#4563 = AXIS2_PLACEMENT_3D('',#4564,#4565,#4566);
#4564 = CARTESIAN_POINT('',(388.19636790678,-159.5943824536,
    113.90296816252));
#4565 = DIRECTION('',(1.249000770354E-16,5.373479439186E-14,1.));
#4566 = DIRECTION('',(1.,-1.218728411356E-29,-1.249000770354E-16));
#4567 = ADVANCED_FACE('',(#4568),#4587,.F.);
#4568 = FACE_BOUND('',#4569,.F.);
#4569 = EDGE_LOOP('',(#4570,#4571,#4580,#4586));
#4570 = ORIENTED_EDGE('',*,*,#4548,.F.);
#4571 = ORIENTED_EDGE('',*,*,#4572,.F.);
#4572 = EDGE_CURVE('',#4573,#4549,#4575,.T.);
#4573 = VERTEX_POINT('',#4574);
#4574 = CARTESIAN_POINT('',(386.19636790678,-149.5943824536,
    111.90296816252));
#4575 = CIRCLE('',#4576,2.);
#4576 = AXIS2_PLACEMENT_3D('',#4577,#4578,#4579);
#4577 = CARTESIAN_POINT('',(388.19636790678,-149.5943824536,
    111.90296816252));
#4578 = DIRECTION('',(4.35430377132E-30,1.,-5.195843755246E-14));
#4579 = DIRECTION('',(-0.707106781187,3.67401635332E-14,0.707106781187)
  );
#4580 = ORIENTED_EDGE('',*,*,#4581,.F.);
#4581 = EDGE_CURVE('',#4320,#4573,#4582,.T.);
#4582 = LINE('',#4583,#4584);
#4583 = CARTESIAN_POINT('',(386.19636790678,-159.5943824536,
    111.90296816252));
#4584 = VECTOR('',#4585,1.);
#4585 = DIRECTION('',(5.95343464409E-30,1.,-5.373479439186E-14));
#4586 = ORIENTED_EDGE('',*,*,#4359,.T.);
#4587 = CYLINDRICAL_SURFACE('',#4588,2.);
#4588 = AXIS2_PLACEMENT_3D('',#4589,#4590,#4591);
#4589 = CARTESIAN_POINT('',(388.19636790678,-159.5943824536,
    111.90296816252));
#4590 = DIRECTION('',(5.95343464409E-30,1.,-5.373479439186E-14));
#4591 = DIRECTION('',(-0.707106781187,3.799623750015E-14,0.707106781187)
  );
#4592 = ADVANCED_FACE('',(#4593),#4611,.F.);
#4593 = FACE_BOUND('',#4594,.T.);
#4594 = EDGE_LOOP('',(#4595,#4596,#4604,#4610));
#4595 = ORIENTED_EDGE('',*,*,#4336,.F.);
#4596 = ORIENTED_EDGE('',*,*,#4597,.T.);
#4597 = EDGE_CURVE('',#4329,#4598,#4600,.T.);
#4598 = VERTEX_POINT('',#4599);
#4599 = CARTESIAN_POINT('',(386.19636790678,-149.5943824536,
    -272.0970318374));
#4600 = LINE('',#4601,#4602);
#4601 = CARTESIAN_POINT('',(386.19636790678,-159.5943824536,
    -272.0970318374));
#4602 = VECTOR('',#4603,1.);
#4603 = DIRECTION('',(5.95343464409E-30,1.,-5.373479439186E-14));
#4604 = ORIENTED_EDGE('',*,*,#4605,.F.);
#4605 = EDGE_CURVE('',#4573,#4598,#4606,.T.);
#4606 = LINE('',#4607,#4608);
#4607 = CARTESIAN_POINT('',(386.19636790678,-149.5943824537,
    -362.3471362745));
#4608 = VECTOR('',#4609,1.);
#4609 = DIRECTION('',(-1.249000770354E-16,-5.195843755246E-14,-1.));
#4610 = ORIENTED_EDGE('',*,*,#4581,.F.);
#4611 = PLANE('',#4612);
#4612 = AXIS2_PLACEMENT_3D('',#4613,#4614,#4615);
#4613 = CARTESIAN_POINT('',(386.19636790678,-159.5943824536,
    -272.0970318374));
#4614 = DIRECTION('',(-1.,1.266491460312E-29,1.249000770354E-16));
#4615 = DIRECTION('',(1.249000770354E-16,5.335546213084E-14,1.));
#4616 = ADVANCED_FACE('',(#4617),#4642,.T.);
#4617 = FACE_BOUND('',#4618,.T.);
#4618 = EDGE_LOOP('',(#4619,#4627,#4628,#4636));
#4619 = ORIENTED_EDGE('',*,*,#4620,.T.);
#4620 = EDGE_CURVE('',#4621,#321,#4623,.T.);
#4621 = VERTEX_POINT('',#4622);
#4622 = CARTESIAN_POINT('',(368.19636790678,-152.5943824536,
    111.90296816252));
#4623 = LINE('',#4624,#4625);
#4624 = CARTESIAN_POINT('',(368.19636790678,-152.5943824536,
    111.90296816252));
#4625 = VECTOR('',#4626,1.);
#4626 = DIRECTION('',(-0.707106781187,-0.707106781186,3.666165891025E-14
    ));
#4627 = ORIENTED_EDGE('',*,*,#320,.T.);
#4628 = ORIENTED_EDGE('',*,*,#4629,.T.);
#4629 = EDGE_CURVE('',#323,#4630,#4632,.T.);
#4630 = VERTEX_POINT('',#4631);
#4631 = CARTESIAN_POINT('',(368.19636790678,-152.5943824536,
    -272.0970318374));
#4632 = LINE('',#4633,#4634);
#4633 = CARTESIAN_POINT('',(367.19636790678,-153.5943824536,
    -272.0970318374));
#4634 = VECTOR('',#4635,1.);
#4635 = DIRECTION('',(0.707106781187,0.707106781186,-3.666165891025E-14)
  );
#4636 = ORIENTED_EDGE('',*,*,#4637,.T.);
#4637 = EDGE_CURVE('',#4630,#4621,#4638,.T.);
#4638 = LINE('',#4639,#4640);
#4639 = CARTESIAN_POINT('',(368.19636790678,-152.5943824537,
    -356.3221924147));
#4640 = VECTOR('',#4641,1.);
#4641 = DIRECTION('',(1.249000770354E-16,5.200354036283E-14,1.));
#4642 = PLANE('',#4643);
#4643 = AXIS2_PLACEMENT_3D('',#4644,#4645,#4646);
#4644 = CARTESIAN_POINT('',(367.69636790678,-153.0943824537,
    -356.3221924147));
#4645 = DIRECTION('',(0.707106781186,-0.707106781187,3.668373834485E-14)
  );
#4646 = DIRECTION('',(-0.707106781187,-0.707106781186,3.666165891025E-14
    ));
#4647 = ADVANCED_FACE('',(#4648),#4667,.F.);
#4648 = FACE_BOUND('',#4649,.F.);
#4649 = EDGE_LOOP('',(#4650,#4651,#4659,#4666));
#4650 = ORIENTED_EDGE('',*,*,#330,.F.);
#4651 = ORIENTED_EDGE('',*,*,#4652,.F.);
#4652 = EDGE_CURVE('',#4653,#331,#4655,.T.);
#4653 = VERTEX_POINT('',#4654);
#4654 = CARTESIAN_POINT('',(370.19636790678,-152.5943824536,
    113.90296816252));
#4655 = LINE('',#4656,#4657);
#4656 = CARTESIAN_POINT('',(370.19636790678,-152.5943824536,
    113.90296816252));
#4657 = VECTOR('',#4658,1.);
#4658 = DIRECTION('',(-7.850462293417E-17,-0.707106781187,0.707106781186
    ));
#4659 = ORIENTED_EDGE('',*,*,#4660,.F.);
#4660 = EDGE_CURVE('',#4621,#4653,#4661,.T.);
#4661 = CIRCLE('',#4662,2.);
#4662 = AXIS2_PLACEMENT_3D('',#4663,#4664,#4665);
#4663 = CARTESIAN_POINT('',(370.19636790678,-152.5943824536,
    111.90296816252));
#4664 = DIRECTION('',(-1.4227713268E-29,1.,-5.200354036283E-14));
#4665 = DIRECTION('',(-0.707106781187,3.677205603627E-14,0.707106781187)
  );
#4666 = ORIENTED_EDGE('',*,*,#4620,.T.);
#4667 = CONICAL_SURFACE('',#4668,2.5,0.785398163397);
#4668 = AXIS2_PLACEMENT_3D('',#4669,#4670,#4671);
#4669 = CARTESIAN_POINT('',(370.19636790678,-153.0943824536,
    111.90296816252));
#4670 = DIRECTION('',(-5.756219417785E-30,-1.,5.195843755246E-14));
#4671 = DIRECTION('',(-0.707106781187,3.67401635332E-14,0.707106781187)
  );
#4672 = ADVANCED_FACE('',(#4673),#4691,.T.);
#4673 = FACE_BOUND('',#4674,.T.);
#4674 = EDGE_LOOP('',(#4675,#4683,#4684,#4685));
#4675 = ORIENTED_EDGE('',*,*,#4676,.T.);
#4676 = EDGE_CURVE('',#4677,#340,#4679,.T.);
#4677 = VERTEX_POINT('',#4678);
#4678 = CARTESIAN_POINT('',(374.19636790678,-152.5943824536,
    113.90296816252));
#4679 = LINE('',#4680,#4681);
#4680 = CARTESIAN_POINT('',(374.19636790678,-152.5943824536,
    113.90296816252));
#4681 = VECTOR('',#4682,1.);
#4682 = DIRECTION('',(-7.850462293424E-17,-0.707106781186,0.707106781187
    ));
#4683 = ORIENTED_EDGE('',*,*,#339,.T.);
#4684 = ORIENTED_EDGE('',*,*,#4652,.F.);
#4685 = ORIENTED_EDGE('',*,*,#4686,.T.);
#4686 = EDGE_CURVE('',#4653,#4677,#4687,.T.);
#4687 = LINE('',#4688,#4689);
#4688 = CARTESIAN_POINT('',(321.44657543042,-152.5943824536,
    113.90296816252));
#4689 = VECTOR('',#4690,1.);
#4690 = DIRECTION('',(1.,1.202550606141E-29,-1.249000770354E-16));
#4691 = PLANE('',#4692);
#4692 = AXIS2_PLACEMENT_3D('',#4693,#4694,#4695);
#4693 = CARTESIAN_POINT('',(321.44657543042,-153.0943824536,
    114.40296816252));
#4694 = DIRECTION('',(-8.831769144242E-17,-0.707106781187,
    -0.707106781186));
#4695 = DIRECTION('',(-1.,2.359223794976E-16,-1.110223024625E-16));
#4696 = ADVANCED_FACE('',(#4697),#4716,.F.);
#4697 = FACE_BOUND('',#4698,.F.);
#4698 = EDGE_LOOP('',(#4699,#4700,#4708,#4715));
#4699 = ORIENTED_EDGE('',*,*,#347,.F.);
#4700 = ORIENTED_EDGE('',*,*,#4701,.F.);
#4701 = EDGE_CURVE('',#4702,#348,#4704,.T.);
#4702 = VERTEX_POINT('',#4703);
#4703 = CARTESIAN_POINT('',(376.19636790678,-152.5943824536,
    111.90296816252));
#4704 = LINE('',#4705,#4706);
#4705 = CARTESIAN_POINT('',(376.19636790678,-152.5943824536,
    111.90296816252));
#4706 = VECTOR('',#4707,1.);
#4707 = DIRECTION('',(0.707106781186,-0.707106781187,3.681866815615E-14)
  );
#4708 = ORIENTED_EDGE('',*,*,#4709,.F.);
#4709 = EDGE_CURVE('',#4677,#4702,#4710,.T.);
#4710 = CIRCLE('',#4711,2.);
#4711 = AXIS2_PLACEMENT_3D('',#4712,#4713,#4714);
#4712 = CARTESIAN_POINT('',(374.19636790678,-152.5943824536,
    111.90296816252));
#4713 = DIRECTION('',(-1.906199069333E-29,1.,-5.200354036283E-14));
#4714 = DIRECTION('',(0.707106781187,3.677205603627E-14,0.707106781187)
  );
#4715 = ORIENTED_EDGE('',*,*,#4676,.T.);
#4716 = CONICAL_SURFACE('',#4717,2.5,0.785398163397);
#4717 = AXIS2_PLACEMENT_3D('',#4718,#4719,#4720);
#4718 = CARTESIAN_POINT('',(374.19636790678,-153.0943824536,
    111.90296816252));
#4719 = DIRECTION('',(-5.756219417785E-30,-1.,5.195843755246E-14));
#4720 = DIRECTION('',(0.707106781187,3.67401635332E-14,0.707106781187));
#4721 = ADVANCED_FACE('',(#4722),#4740,.T.);
#4722 = FACE_BOUND('',#4723,.T.);
#4723 = EDGE_LOOP('',(#4724,#4732,#4733,#4734));
#4724 = ORIENTED_EDGE('',*,*,#4725,.T.);
#4725 = EDGE_CURVE('',#4726,#357,#4728,.T.);
#4726 = VERTEX_POINT('',#4727);
#4727 = CARTESIAN_POINT('',(376.19636790678,-152.5943824536,
    -272.0970318374));
#4728 = LINE('',#4729,#4730);
#4729 = CARTESIAN_POINT('',(376.19636790678,-152.5943824536,
    -272.0970318374));
#4730 = VECTOR('',#4731,1.);
#4731 = DIRECTION('',(0.707106781187,-0.707106781186,3.681866815611E-14)
  );
#4732 = ORIENTED_EDGE('',*,*,#356,.T.);
#4733 = ORIENTED_EDGE('',*,*,#4701,.F.);
#4734 = ORIENTED_EDGE('',*,*,#4735,.T.);
#4735 = EDGE_CURVE('',#4702,#4726,#4736,.T.);
#4736 = LINE('',#4737,#4738);
#4737 = CARTESIAN_POINT('',(376.19636790678,-152.5943824536,
    -159.3221924147));
#4738 = VECTOR('',#4739,1.);
#4739 = DIRECTION('',(-1.249000770354E-16,-5.200354036283E-14,-1.));
#4740 = PLANE('',#4741);
#4741 = AXIS2_PLACEMENT_3D('',#4742,#4743,#4744);
#4742 = CARTESIAN_POINT('',(376.69636790678,-153.0943824536,
    -159.3221924147));
#4743 = DIRECTION('',(-0.707106781186,-0.707106781187,3.686037372773E-14
    ));
#4744 = DIRECTION('',(-0.707106781187,0.707106781186,-3.681866815611E-14
    ));
#4745 = ADVANCED_FACE('',(#4746),#4765,.F.);
#4746 = FACE_BOUND('',#4747,.F.);
#4747 = EDGE_LOOP('',(#4748,#4757,#4758,#4759));
#4748 = ORIENTED_EDGE('',*,*,#4749,.F.);
#4749 = EDGE_CURVE('',#4726,#4750,#4752,.T.);
#4750 = VERTEX_POINT('',#4751);
#4751 = CARTESIAN_POINT('',(374.19636790678,-152.5943824536,
    -274.0970318374));
#4752 = CIRCLE('',#4753,2.);
#4753 = AXIS2_PLACEMENT_3D('',#4754,#4755,#4756);
#4754 = CARTESIAN_POINT('',(374.19636790678,-152.5943824536,
    -272.0970318374));
#4755 = DIRECTION('',(-1.852075225885E-29,1.,-5.200354036283E-14));
#4756 = DIRECTION('',(-1.249000770354E-16,-5.200354036283E-14,-1.));
#4757 = ORIENTED_EDGE('',*,*,#4725,.T.);
#4758 = ORIENTED_EDGE('',*,*,#364,.F.);
#4759 = ORIENTED_EDGE('',*,*,#4760,.F.);
#4760 = EDGE_CURVE('',#4750,#365,#4761,.T.);
#4761 = LINE('',#4762,#4763);
#4762 = CARTESIAN_POINT('',(374.19636790678,-152.5943824536,
    -274.0970318374));
#4763 = VECTOR('',#4764,1.);
#4764 = DIRECTION('',(7.850462293421E-17,-0.707106781186,-0.707106781187
    ));
#4765 = CONICAL_SURFACE('',#4766,2.5,0.785398163398);
#4766 = AXIS2_PLACEMENT_3D('',#4767,#4768,#4769);
#4767 = CARTESIAN_POINT('',(374.19636790678,-153.0943824536,
    -272.0970318374));
#4768 = DIRECTION('',(-5.756219417785E-30,-1.,5.195843755246E-14));
#4769 = DIRECTION('',(-1.249000770354E-16,-5.195843755246E-14,-1.));
#4770 = ADVANCED_FACE('',(#4771),#4789,.T.);
#4771 = FACE_BOUND('',#4772,.T.);
#4772 = EDGE_LOOP('',(#4773,#4781,#4782,#4783));
#4773 = ORIENTED_EDGE('',*,*,#4774,.T.);
#4774 = EDGE_CURVE('',#4775,#374,#4777,.T.);
#4775 = VERTEX_POINT('',#4776);
#4776 = CARTESIAN_POINT('',(370.19636790678,-152.5943824536,
    -274.0970318374));
#4777 = LINE('',#4778,#4779);
#4778 = CARTESIAN_POINT('',(370.19636790678,-152.5943824536,
    -274.0970318374));
#4779 = VECTOR('',#4780,1.);
#4780 = DIRECTION('',(7.850462293423E-17,-0.707106781186,-0.707106781187
    ));
#4781 = ORIENTED_EDGE('',*,*,#373,.T.);
#4782 = ORIENTED_EDGE('',*,*,#4760,.F.);
#4783 = ORIENTED_EDGE('',*,*,#4784,.T.);
#4784 = EDGE_CURVE('',#4750,#4775,#4785,.T.);
#4785 = LINE('',#4786,#4787);
#4786 = CARTESIAN_POINT('',(323.44657543042,-152.5943824536,
    -274.0970318374));
#4787 = VECTOR('',#4788,1.);
#4788 = DIRECTION('',(-1.,-1.202550606142E-29,1.249000770353E-16));
#4789 = PLANE('',#4790);
#4790 = AXIS2_PLACEMENT_3D('',#4791,#4792,#4793);
#4791 = CARTESIAN_POINT('',(323.44657543042,-153.0943824536,
    -274.5970318374));
#4792 = DIRECTION('',(8.831769144236E-17,-0.707106781187,0.707106781186)
  );
#4793 = DIRECTION('',(-1.,-2.359223794976E-16,-1.110223024625E-16));
#4794 = ADVANCED_FACE('',(#4795),#4807,.F.);
#4795 = FACE_BOUND('',#4796,.F.);
#4796 = EDGE_LOOP('',(#4797,#4804,#4805,#4806));
#4797 = ORIENTED_EDGE('',*,*,#4798,.F.);
#4798 = EDGE_CURVE('',#4775,#4630,#4799,.T.);
#4799 = CIRCLE('',#4800,2.);
#4800 = AXIS2_PLACEMENT_3D('',#4801,#4802,#4803);
#4801 = CARTESIAN_POINT('',(370.19636790678,-152.5943824536,
    -272.0970318374));
#4802 = DIRECTION('',(-1.852075225885E-29,1.,-5.200354036283E-14));
#4803 = DIRECTION('',(-1.,-1.859562397992E-27,-3.540223671097E-14));
#4804 = ORIENTED_EDGE('',*,*,#4774,.T.);
#4805 = ORIENTED_EDGE('',*,*,#381,.F.);
#4806 = ORIENTED_EDGE('',*,*,#4629,.T.);
#4807 = CONICAL_SURFACE('',#4808,2.5,0.785398163398);
#4808 = AXIS2_PLACEMENT_3D('',#4809,#4810,#4811);
#4809 = CARTESIAN_POINT('',(370.19636790678,-153.0943824536,
    -272.0970318374));
#4810 = DIRECTION('',(-5.756219417785E-30,-1.,5.195843755246E-14));
#4811 = DIRECTION('',(-1.,-1.833688685946E-27,-3.540223671097E-14));
#4812 = ADVANCED_FACE('',(#4813),#4839,.F.);
#4813 = FACE_BOUND('',#4814,.F.);
#4814 = EDGE_LOOP('',(#4815,#4823,#4832,#4838));
#4815 = ORIENTED_EDGE('',*,*,#4816,.F.);
#4816 = EDGE_CURVE('',#4817,#4702,#4819,.T.);
#4817 = VERTEX_POINT('',#4818);
#4818 = CARTESIAN_POINT('',(376.19636790678,-149.5943824536,
    111.90296816252));
#4819 = LINE('',#4820,#4821);
#4820 = CARTESIAN_POINT('',(376.19636790678,-159.5943824536,
    111.90296816252));
#4821 = VECTOR('',#4822,1.);
#4822 = DIRECTION('',(-5.95343464409E-30,-1.,5.373479439186E-14));
#4823 = ORIENTED_EDGE('',*,*,#4824,.F.);
#4824 = EDGE_CURVE('',#4825,#4817,#4827,.T.);
#4825 = VERTEX_POINT('',#4826);
#4826 = CARTESIAN_POINT('',(374.19636790678,-149.5943824536,
    113.90296816252));
#4827 = CIRCLE('',#4828,2.);
#4828 = AXIS2_PLACEMENT_3D('',#4829,#4830,#4831);
#4829 = CARTESIAN_POINT('',(374.19636790678,-149.5943824536,
    111.90296816252));
#4830 = DIRECTION('',(6.331559938717E-30,1.,-5.195843755246E-14));
#4831 = DIRECTION('',(0.707106781187,3.67401635332E-14,0.707106781187));
#4832 = ORIENTED_EDGE('',*,*,#4833,.F.);
#4833 = EDGE_CURVE('',#4677,#4825,#4834,.T.);
#4834 = LINE('',#4835,#4836);
#4835 = CARTESIAN_POINT('',(374.19636790678,-159.5943824536,
    113.90296816252));
#4836 = VECTOR('',#4837,1.);
#4837 = DIRECTION('',(5.95343464409E-30,1.,-5.373479439186E-14));
#4838 = ORIENTED_EDGE('',*,*,#4709,.T.);
#4839 = CYLINDRICAL_SURFACE('',#4840,2.);
#4840 = AXIS2_PLACEMENT_3D('',#4841,#4842,#4843);
#4841 = CARTESIAN_POINT('',(374.19636790678,-159.5943824536,
    111.90296816252));
#4842 = DIRECTION('',(5.95343464409E-30,1.,-5.373479439186E-14));
#4843 = DIRECTION('',(0.707106781187,3.799623750015E-14,0.707106781187)
  );
#4844 = ADVANCED_FACE('',(#4845),#4863,.F.);
#4845 = FACE_BOUND('',#4846,.T.);
#4846 = EDGE_LOOP('',(#4847,#4848,#4856,#4862));
#4847 = ORIENTED_EDGE('',*,*,#4686,.F.);
#4848 = ORIENTED_EDGE('',*,*,#4849,.F.);
#4849 = EDGE_CURVE('',#4850,#4653,#4852,.T.);
#4850 = VERTEX_POINT('',#4851);
#4851 = CARTESIAN_POINT('',(370.19636790678,-149.5943824536,
    113.90296816252));
#4852 = LINE('',#4853,#4854);
#4853 = CARTESIAN_POINT('',(370.19636790678,-159.5943824536,
    113.90296816252));
#4854 = VECTOR('',#4855,1.);
#4855 = DIRECTION('',(-5.95343464409E-30,-1.,5.373479439186E-14));
#4856 = ORIENTED_EDGE('',*,*,#4857,.F.);
#4857 = EDGE_CURVE('',#4825,#4850,#4858,.T.);
#4858 = LINE('',#4859,#4860);
#4859 = CARTESIAN_POINT('',(217.96545974371,-149.5943824536,
    113.90296816252));
#4860 = VECTOR('',#4861,1.);
#4861 = DIRECTION('',(-1.,1.223658792014E-29,1.249000770354E-16));
#4862 = ORIENTED_EDGE('',*,*,#4833,.F.);
#4863 = PLANE('',#4864);
#4864 = AXIS2_PLACEMENT_3D('',#4865,#4866,#4867);
#4865 = CARTESIAN_POINT('',(370.19636790678,-159.5943824536,
    113.90296816252));
#4866 = DIRECTION('',(1.249000770354E-16,5.373479439186E-14,1.));
#4867 = DIRECTION('',(1.,-1.218728411356E-29,-1.249000770354E-16));
#4868 = ADVANCED_FACE('',(#4869),#4888,.F.);
#4869 = FACE_BOUND('',#4870,.F.);
#4870 = EDGE_LOOP('',(#4871,#4872,#4881,#4887));
#4871 = ORIENTED_EDGE('',*,*,#4849,.F.);
#4872 = ORIENTED_EDGE('',*,*,#4873,.F.);
#4873 = EDGE_CURVE('',#4874,#4850,#4876,.T.);
#4874 = VERTEX_POINT('',#4875);
#4875 = CARTESIAN_POINT('',(368.19636790678,-149.5943824536,
    111.90296816252));
#4876 = CIRCLE('',#4877,2.);
#4877 = AXIS2_PLACEMENT_3D('',#4878,#4879,#4880);
#4878 = CARTESIAN_POINT('',(370.19636790678,-149.5943824536,
    111.90296816252));
#4879 = DIRECTION('',(4.35430377132E-30,1.,-5.195843755246E-14));
#4880 = DIRECTION('',(-0.707106781187,3.67401635332E-14,0.707106781187)
  );
#4881 = ORIENTED_EDGE('',*,*,#4882,.F.);
#4882 = EDGE_CURVE('',#4621,#4874,#4883,.T.);
#4883 = LINE('',#4884,#4885);
#4884 = CARTESIAN_POINT('',(368.19636790678,-159.5943824536,
    111.90296816252));
#4885 = VECTOR('',#4886,1.);
#4886 = DIRECTION('',(5.95343464409E-30,1.,-5.373479439186E-14));
#4887 = ORIENTED_EDGE('',*,*,#4660,.T.);
#4888 = CYLINDRICAL_SURFACE('',#4889,2.);
#4889 = AXIS2_PLACEMENT_3D('',#4890,#4891,#4892);
#4890 = CARTESIAN_POINT('',(370.19636790678,-159.5943824536,
    111.90296816252));
#4891 = DIRECTION('',(5.95343464409E-30,1.,-5.373479439186E-14));
#4892 = DIRECTION('',(-0.707106781187,3.799623750015E-14,0.707106781187)
  );
#4893 = ADVANCED_FACE('',(#4894),#4912,.F.);
#4894 = FACE_BOUND('',#4895,.T.);
#4895 = EDGE_LOOP('',(#4896,#4897,#4905,#4911));
#4896 = ORIENTED_EDGE('',*,*,#4637,.F.);
#4897 = ORIENTED_EDGE('',*,*,#4898,.T.);
#4898 = EDGE_CURVE('',#4630,#4899,#4901,.T.);
#4899 = VERTEX_POINT('',#4900);
#4900 = CARTESIAN_POINT('',(368.19636790678,-149.5943824536,
    -272.0970318374));
#4901 = LINE('',#4902,#4903);
#4902 = CARTESIAN_POINT('',(368.19636790678,-159.5943824536,
    -272.0970318374));
#4903 = VECTOR('',#4904,1.);
#4904 = DIRECTION('',(5.95343464409E-30,1.,-5.373479439186E-14));
#4905 = ORIENTED_EDGE('',*,*,#4906,.F.);
#4906 = EDGE_CURVE('',#4874,#4899,#4907,.T.);
#4907 = LINE('',#4908,#4909);
#4908 = CARTESIAN_POINT('',(368.19636790678,-149.5943824537,
    -362.3471362745));
#4909 = VECTOR('',#4910,1.);
#4910 = DIRECTION('',(-1.249000770354E-16,-5.195843755246E-14,-1.));
#4911 = ORIENTED_EDGE('',*,*,#4882,.F.);
#4912 = PLANE('',#4913);
#4913 = AXIS2_PLACEMENT_3D('',#4914,#4915,#4916);
#4914 = CARTESIAN_POINT('',(368.19636790678,-159.5943824536,
    -272.0970318374));
#4915 = DIRECTION('',(-1.,1.266491460312E-29,1.249000770354E-16));
#4916 = DIRECTION('',(1.249000770354E-16,5.335546213084E-14,1.));
#4917 = ADVANCED_FACE('',(#4918),#4943,.T.);
#4918 = FACE_BOUND('',#4919,.T.);
#4919 = EDGE_LOOP('',(#4920,#4928,#4929,#4937));
#4920 = ORIENTED_EDGE('',*,*,#4921,.T.);
#4921 = EDGE_CURVE('',#4922,#2279,#4924,.T.);
#4922 = VERTEX_POINT('',#4923);
#4923 = CARTESIAN_POINT('',(350.19636790678,-152.5943824536,
    111.90296816252));
#4924 = LINE('',#4925,#4926);
#4925 = CARTESIAN_POINT('',(350.19636790678,-152.5943824536,
    111.90296816252));
#4926 = VECTOR('',#4927,1.);
#4927 = DIRECTION('',(-0.707106781187,-0.707106781186,3.666165891024E-14
    ));
#4928 = ORIENTED_EDGE('',*,*,#2278,.T.);
#4929 = ORIENTED_EDGE('',*,*,#4930,.T.);
#4930 = EDGE_CURVE('',#2281,#4931,#4933,.T.);
#4931 = VERTEX_POINT('',#4932);
#4932 = CARTESIAN_POINT('',(350.19636790678,-152.5943824536,
    -272.0970318374));
#4933 = LINE('',#4934,#4935);
#4934 = CARTESIAN_POINT('',(349.19636790678,-153.5943824536,
    -272.0970318374));
#4935 = VECTOR('',#4936,1.);
#4936 = DIRECTION('',(0.707106781187,0.707106781186,-3.666165891025E-14)
  );
#4937 = ORIENTED_EDGE('',*,*,#4938,.T.);
#4938 = EDGE_CURVE('',#4931,#4922,#4939,.T.);
#4939 = LINE('',#4940,#4941);
#4940 = CARTESIAN_POINT('',(350.19636790678,-152.5943824537,
    -356.3221924147));
#4941 = VECTOR('',#4942,1.);
#4942 = DIRECTION('',(1.249000770354E-16,5.200354036283E-14,1.));
#4943 = PLANE('',#4944);
#4944 = AXIS2_PLACEMENT_3D('',#4945,#4946,#4947);
#4945 = CARTESIAN_POINT('',(349.69636790678,-153.0943824537,
    -356.3221924147));
#4946 = DIRECTION('',(0.707106781186,-0.707106781187,3.668373834485E-14)
  );
#4947 = DIRECTION('',(-0.707106781187,-0.707106781186,3.666165891025E-14
    ));
#4948 = ADVANCED_FACE('',(#4949),#4968,.F.);
#4949 = FACE_BOUND('',#4950,.F.);
#4950 = EDGE_LOOP('',(#4951,#4952,#4960,#4967));
#4951 = ORIENTED_EDGE('',*,*,#2288,.F.);
#4952 = ORIENTED_EDGE('',*,*,#4953,.F.);
#4953 = EDGE_CURVE('',#4954,#2289,#4956,.T.);
#4954 = VERTEX_POINT('',#4955);
#4955 = CARTESIAN_POINT('',(352.19636790678,-152.5943824536,
    113.90296816252));
#4956 = LINE('',#4957,#4958);
#4957 = CARTESIAN_POINT('',(352.19636790678,-152.5943824536,
    113.90296816252));
#4958 = VECTOR('',#4959,1.);
#4959 = DIRECTION('',(-7.850462293417E-17,-0.707106781187,0.707106781186
    ));
#4960 = ORIENTED_EDGE('',*,*,#4961,.F.);
#4961 = EDGE_CURVE('',#4922,#4954,#4962,.T.);
#4962 = CIRCLE('',#4963,2.);
#4963 = AXIS2_PLACEMENT_3D('',#4964,#4965,#4966);
#4964 = CARTESIAN_POINT('',(352.19636790678,-152.5943824536,
    111.90296816252));
#4965 = DIRECTION('',(-1.777802525663E-29,1.,-5.200354036283E-14));
#4966 = DIRECTION('',(-0.707106781187,3.677205603627E-14,0.707106781187)
  );
#4967 = ORIENTED_EDGE('',*,*,#4921,.T.);
#4968 = CONICAL_SURFACE('',#4969,2.5,0.785398163397);
#4969 = AXIS2_PLACEMENT_3D('',#4970,#4971,#4972);
#4970 = CARTESIAN_POINT('',(352.19636790678,-153.0943824536,
    111.90296816252));
#4971 = DIRECTION('',(-5.756219417785E-30,-1.,5.195843755246E-14));
#4972 = DIRECTION('',(-0.707106781187,3.67401635332E-14,0.707106781187)
  );
#4973 = ADVANCED_FACE('',(#4974),#4992,.T.);
#4974 = FACE_BOUND('',#4975,.T.);
#4975 = EDGE_LOOP('',(#4976,#4984,#4985,#4986));
#4976 = ORIENTED_EDGE('',*,*,#4977,.T.);
#4977 = EDGE_CURVE('',#4978,#2298,#4980,.T.);
#4978 = VERTEX_POINT('',#4979);
#4979 = CARTESIAN_POINT('',(356.19636790678,-152.5943824536,
    113.90296816252));
#4980 = LINE('',#4981,#4982);
#4981 = CARTESIAN_POINT('',(356.19636790678,-152.5943824536,
    113.90296816252));
#4982 = VECTOR('',#4983,1.);
#4983 = DIRECTION('',(-7.850462293424E-17,-0.707106781186,0.707106781187
    ));
#4984 = ORIENTED_EDGE('',*,*,#2297,.T.);
#4985 = ORIENTED_EDGE('',*,*,#4953,.F.);
#4986 = ORIENTED_EDGE('',*,*,#4987,.T.);
#4987 = EDGE_CURVE('',#4954,#4978,#4988,.T.);
#4988 = LINE('',#4989,#4990);
#4989 = CARTESIAN_POINT('',(312.44657543042,-152.5943824536,
    113.90296816252));
#4990 = VECTOR('',#4991,1.);
#4991 = DIRECTION('',(1.,1.202550606141E-29,-1.249000770354E-16));
#4992 = PLANE('',#4993);
#4993 = AXIS2_PLACEMENT_3D('',#4994,#4995,#4996);
#4994 = CARTESIAN_POINT('',(312.44657543042,-153.0943824536,
    114.40296816252));
#4995 = DIRECTION('',(-8.831769144242E-17,-0.707106781187,
    -0.707106781186));
#4996 = DIRECTION('',(-1.,2.359223794976E-16,-1.110223024625E-16));
#4997 = ADVANCED_FACE('',(#4998),#5017,.F.);
#4998 = FACE_BOUND('',#4999,.F.);
#4999 = EDGE_LOOP('',(#5000,#5001,#5009,#5016));
#5000 = ORIENTED_EDGE('',*,*,#2305,.F.);
#5001 = ORIENTED_EDGE('',*,*,#5002,.F.);
#5002 = EDGE_CURVE('',#5003,#2306,#5005,.T.);
#5003 = VERTEX_POINT('',#5004);
#5004 = CARTESIAN_POINT('',(358.19636790678,-152.5943824536,
    111.90296816252));
#5005 = LINE('',#5006,#5007);
#5006 = CARTESIAN_POINT('',(358.19636790678,-152.5943824536,
    111.90296816252));
#5007 = VECTOR('',#5008,1.);
#5008 = DIRECTION('',(0.707106781186,-0.707106781187,3.681866815615E-14)
  );
#5009 = ORIENTED_EDGE('',*,*,#5010,.F.);
#5010 = EDGE_CURVE('',#4978,#5003,#5011,.T.);
#5011 = CIRCLE('',#5012,2.);
#5012 = AXIS2_PLACEMENT_3D('',#5013,#5014,#5015);
#5013 = CARTESIAN_POINT('',(356.19636790678,-152.5943824536,
    111.90296816252));
#5014 = DIRECTION('',(-1.51435806674E-29,1.,-5.200354036283E-14));
#5015 = DIRECTION('',(0.707106781187,3.677205603627E-14,0.707106781187)
  );
#5016 = ORIENTED_EDGE('',*,*,#4977,.T.);
#5017 = CONICAL_SURFACE('',#5018,2.5,0.785398163397);
#5018 = AXIS2_PLACEMENT_3D('',#5019,#5020,#5021);
#5019 = CARTESIAN_POINT('',(356.19636790678,-153.0943824536,
    111.90296816252));
#5020 = DIRECTION('',(-5.756219417785E-30,-1.,5.195843755246E-14));
#5021 = DIRECTION('',(0.707106781187,3.67401635332E-14,0.707106781187));
#5022 = ADVANCED_FACE('',(#5023),#5041,.T.);
#5023 = FACE_BOUND('',#5024,.T.);
#5024 = EDGE_LOOP('',(#5025,#5033,#5034,#5035));
#5025 = ORIENTED_EDGE('',*,*,#5026,.T.);
#5026 = EDGE_CURVE('',#5027,#2315,#5029,.T.);
#5027 = VERTEX_POINT('',#5028);
#5028 = CARTESIAN_POINT('',(358.19636790678,-152.5943824536,
    -272.0970318374));
#5029 = LINE('',#5030,#5031);
#5030 = CARTESIAN_POINT('',(358.19636790678,-152.5943824536,
    -272.0970318374));
#5031 = VECTOR('',#5032,1.);
#5032 = DIRECTION('',(0.707106781187,-0.707106781186,3.681866815611E-14)
  );
#5033 = ORIENTED_EDGE('',*,*,#2314,.T.);
#5034 = ORIENTED_EDGE('',*,*,#5002,.F.);
#5035 = ORIENTED_EDGE('',*,*,#5036,.T.);
#5036 = EDGE_CURVE('',#5003,#5027,#5037,.T.);
#5037 = LINE('',#5038,#5039);
#5038 = CARTESIAN_POINT('',(358.19636790678,-152.5943824536,
    -159.3221924147));
#5039 = VECTOR('',#5040,1.);
#5040 = DIRECTION('',(-1.249000770354E-16,-5.200354036283E-14,-1.));
#5041 = PLANE('',#5042);
#5042 = AXIS2_PLACEMENT_3D('',#5043,#5044,#5045);
#5043 = CARTESIAN_POINT('',(358.69636790678,-153.0943824536,
    -159.3221924147));
#5044 = DIRECTION('',(-0.707106781186,-0.707106781187,3.686037372773E-14
    ));
#5045 = DIRECTION('',(-0.707106781187,0.707106781186,-3.681866815611E-14
    ));
#5046 = ADVANCED_FACE('',(#5047),#5066,.F.);
#5047 = FACE_BOUND('',#5048,.F.);
#5048 = EDGE_LOOP('',(#5049,#5058,#5059,#5060));
#5049 = ORIENTED_EDGE('',*,*,#5050,.F.);
#5050 = EDGE_CURVE('',#5027,#5051,#5053,.T.);
#5051 = VERTEX_POINT('',#5052);
#5052 = CARTESIAN_POINT('',(356.19636790678,-152.5943824536,
    -274.0970318374));
#5053 = CIRCLE('',#5054,2.);
#5054 = AXIS2_PLACEMENT_3D('',#5055,#5056,#5057);
#5055 = CARTESIAN_POINT('',(356.19636790678,-152.5943824536,
    -272.0970318374));
#5056 = DIRECTION('',(-1.852075225885E-29,1.,-5.200354036283E-14));
#5057 = DIRECTION('',(-1.249000770354E-16,-5.200354036283E-14,-1.));
#5058 = ORIENTED_EDGE('',*,*,#5026,.T.);
#5059 = ORIENTED_EDGE('',*,*,#2322,.F.);
#5060 = ORIENTED_EDGE('',*,*,#5061,.F.);
#5061 = EDGE_CURVE('',#5051,#2323,#5062,.T.);
#5062 = LINE('',#5063,#5064);
#5063 = CARTESIAN_POINT('',(356.19636790678,-152.5943824536,
    -274.0970318374));
#5064 = VECTOR('',#5065,1.);
#5065 = DIRECTION('',(7.850462293421E-17,-0.707106781186,-0.707106781187
    ));
#5066 = CONICAL_SURFACE('',#5067,2.5,0.785398163398);
#5067 = AXIS2_PLACEMENT_3D('',#5068,#5069,#5070);
#5068 = CARTESIAN_POINT('',(356.19636790678,-153.0943824536,
    -272.0970318374));
#5069 = DIRECTION('',(-5.756219417785E-30,-1.,5.195843755246E-14));
#5070 = DIRECTION('',(-1.249000770354E-16,-5.195843755246E-14,-1.));
#5071 = ADVANCED_FACE('',(#5072),#5090,.T.);
#5072 = FACE_BOUND('',#5073,.T.);
#5073 = EDGE_LOOP('',(#5074,#5082,#5083,#5084));
#5074 = ORIENTED_EDGE('',*,*,#5075,.T.);
#5075 = EDGE_CURVE('',#5076,#2332,#5078,.T.);
#5076 = VERTEX_POINT('',#5077);
#5077 = CARTESIAN_POINT('',(352.19636790678,-152.5943824536,
    -274.0970318374));
#5078 = LINE('',#5079,#5080);
#5079 = CARTESIAN_POINT('',(352.19636790678,-152.5943824536,
    -274.0970318374));
#5080 = VECTOR('',#5081,1.);
#5081 = DIRECTION('',(7.850462293423E-17,-0.707106781186,-0.707106781187
    ));
#5082 = ORIENTED_EDGE('',*,*,#2331,.T.);
#5083 = ORIENTED_EDGE('',*,*,#5061,.F.);
#5084 = ORIENTED_EDGE('',*,*,#5085,.T.);
#5085 = EDGE_CURVE('',#5051,#5076,#5086,.T.);
#5086 = LINE('',#5087,#5088);
#5087 = CARTESIAN_POINT('',(314.44657543042,-152.5943824536,
    -274.0970318374));
#5088 = VECTOR('',#5089,1.);
#5089 = DIRECTION('',(-1.,-1.202550606142E-29,1.249000770353E-16));
#5090 = PLANE('',#5091);
#5091 = AXIS2_PLACEMENT_3D('',#5092,#5093,#5094);
#5092 = CARTESIAN_POINT('',(314.44657543042,-153.0943824536,
    -274.5970318374));
#5093 = DIRECTION('',(8.831769144236E-17,-0.707106781187,0.707106781186)
  );
#5094 = DIRECTION('',(-1.,-2.359223794976E-16,-1.110223024625E-16));
#5095 = ADVANCED_FACE('',(#5096),#5108,.F.);
#5096 = FACE_BOUND('',#5097,.F.);
#5097 = EDGE_LOOP('',(#5098,#5105,#5106,#5107));
#5098 = ORIENTED_EDGE('',*,*,#5099,.F.);
#5099 = EDGE_CURVE('',#5076,#4931,#5100,.T.);
#5100 = CIRCLE('',#5101,2.);
#5101 = AXIS2_PLACEMENT_3D('',#5102,#5103,#5104);
#5102 = CARTESIAN_POINT('',(352.19636790678,-152.5943824536,
    -272.0970318374));
#5103 = DIRECTION('',(-1.852075225885E-29,1.,-5.200354036283E-14));
#5104 = DIRECTION('',(-1.,-1.859562397992E-27,-3.540223671097E-14));
#5105 = ORIENTED_EDGE('',*,*,#5075,.T.);
#5106 = ORIENTED_EDGE('',*,*,#2339,.F.);
#5107 = ORIENTED_EDGE('',*,*,#4930,.T.);
#5108 = CONICAL_SURFACE('',#5109,2.5,0.785398163398);
#5109 = AXIS2_PLACEMENT_3D('',#5110,#5111,#5112);
#5110 = CARTESIAN_POINT('',(352.19636790678,-153.0943824536,
    -272.0970318374));
#5111 = DIRECTION('',(-5.756219417785E-30,-1.,5.195843755246E-14));
#5112 = DIRECTION('',(-1.,-1.833688685946E-27,-3.540223671097E-14));
#5113 = ADVANCED_FACE('',(#5114),#5140,.F.);
#5114 = FACE_BOUND('',#5115,.F.);
#5115 = EDGE_LOOP('',(#5116,#5124,#5133,#5139));
#5116 = ORIENTED_EDGE('',*,*,#5117,.F.);
#5117 = EDGE_CURVE('',#5118,#5003,#5120,.T.);
#5118 = VERTEX_POINT('',#5119);
#5119 = CARTESIAN_POINT('',(358.19636790678,-149.5943824536,
    111.90296816252));
#5120 = LINE('',#5121,#5122);
#5121 = CARTESIAN_POINT('',(358.19636790678,-159.5943824536,
    111.90296816252));
#5122 = VECTOR('',#5123,1.);
#5123 = DIRECTION('',(-5.95343464409E-30,-1.,5.373479439186E-14));
#5124 = ORIENTED_EDGE('',*,*,#5125,.F.);
#5125 = EDGE_CURVE('',#5126,#5118,#5128,.T.);
#5126 = VERTEX_POINT('',#5127);
#5127 = CARTESIAN_POINT('',(356.19636790678,-149.5943824536,
    113.90296816252));
#5128 = CIRCLE('',#5129,2.);
#5129 = AXIS2_PLACEMENT_3D('',#5130,#5131,#5132);
#5130 = CARTESIAN_POINT('',(356.19636790678,-149.5943824536,
    111.90296816252));
#5131 = DIRECTION('',(6.697959082119E-30,1.,-5.195843755246E-14));
#5132 = DIRECTION('',(0.707106781187,3.67401635332E-14,0.707106781187));
#5133 = ORIENTED_EDGE('',*,*,#5134,.F.);
#5134 = EDGE_CURVE('',#4978,#5126,#5135,.T.);
#5135 = LINE('',#5136,#5137);
#5136 = CARTESIAN_POINT('',(356.19636790678,-159.5943824536,
    113.90296816252));
#5137 = VECTOR('',#5138,1.);
#5138 = DIRECTION('',(5.95343464409E-30,1.,-5.373479439186E-14));
#5139 = ORIENTED_EDGE('',*,*,#5010,.T.);
#5140 = CYLINDRICAL_SURFACE('',#5141,2.);
#5141 = AXIS2_PLACEMENT_3D('',#5142,#5143,#5144);
#5142 = CARTESIAN_POINT('',(356.19636790678,-159.5943824536,
    111.90296816252));
#5143 = DIRECTION('',(5.95343464409E-30,1.,-5.373479439186E-14));
#5144 = DIRECTION('',(0.707106781187,3.799623750015E-14,0.707106781187)
  );
#5145 = ADVANCED_FACE('',(#5146),#5164,.F.);
#5146 = FACE_BOUND('',#5147,.T.);
#5147 = EDGE_LOOP('',(#5148,#5149,#5157,#5163));
#5148 = ORIENTED_EDGE('',*,*,#4987,.F.);
#5149 = ORIENTED_EDGE('',*,*,#5150,.F.);
#5150 = EDGE_CURVE('',#5151,#4954,#5153,.T.);
#5151 = VERTEX_POINT('',#5152);
#5152 = CARTESIAN_POINT('',(352.19636790678,-149.5943824536,
    113.90296816252));
#5153 = LINE('',#5154,#5155);
#5154 = CARTESIAN_POINT('',(352.19636790678,-159.5943824536,
    113.90296816252));
#5155 = VECTOR('',#5156,1.);
#5156 = DIRECTION('',(-5.95343464409E-30,-1.,5.373479439186E-14));
#5157 = ORIENTED_EDGE('',*,*,#5158,.F.);
#5158 = EDGE_CURVE('',#5126,#5151,#5159,.T.);
#5159 = LINE('',#5160,#5161);
#5160 = CARTESIAN_POINT('',(208.96545974371,-149.5943824536,
    113.90296816252));
#5161 = VECTOR('',#5162,1.);
#5162 = DIRECTION('',(-1.,1.223658792014E-29,1.249000770354E-16));
#5163 = ORIENTED_EDGE('',*,*,#5134,.F.);
#5164 = PLANE('',#5165);
#5165 = AXIS2_PLACEMENT_3D('',#5166,#5167,#5168);
#5166 = CARTESIAN_POINT('',(352.19636790678,-159.5943824536,
    113.90296816252));
#5167 = DIRECTION('',(1.249000770354E-16,5.373479439186E-14,1.));
#5168 = DIRECTION('',(1.,-1.218728411356E-29,-1.249000770354E-16));
#5169 = ADVANCED_FACE('',(#5170),#5189,.F.);
#5170 = FACE_BOUND('',#5171,.F.);
#5171 = EDGE_LOOP('',(#5172,#5173,#5182,#5188));
#5172 = ORIENTED_EDGE('',*,*,#5150,.F.);
#5173 = ORIENTED_EDGE('',*,*,#5174,.F.);
#5174 = EDGE_CURVE('',#5175,#5151,#5177,.T.);
#5175 = VERTEX_POINT('',#5176);
#5176 = CARTESIAN_POINT('',(350.19636790678,-149.5943824536,
    111.90296816252));
#5177 = CIRCLE('',#5178,2.);
#5178 = AXIS2_PLACEMENT_3D('',#5179,#5180,#5181);
#5179 = CARTESIAN_POINT('',(352.19636790678,-149.5943824536,
    111.90296816252));
#5180 = DIRECTION('',(5.173922642346E-30,1.,-5.195843755246E-14));
#5181 = DIRECTION('',(-0.707106781187,3.67401635332E-14,0.707106781187)
  );
#5182 = ORIENTED_EDGE('',*,*,#5183,.F.);
#5183 = EDGE_CURVE('',#4922,#5175,#5184,.T.);
#5184 = LINE('',#5185,#5186);
#5185 = CARTESIAN_POINT('',(350.19636790678,-159.5943824536,
    111.90296816252));
#5186 = VECTOR('',#5187,1.);
#5187 = DIRECTION('',(5.95343464409E-30,1.,-5.373479439186E-14));
#5188 = ORIENTED_EDGE('',*,*,#4961,.T.);
#5189 = CYLINDRICAL_SURFACE('',#5190,2.);
#5190 = AXIS2_PLACEMENT_3D('',#5191,#5192,#5193);
#5191 = CARTESIAN_POINT('',(352.19636790678,-159.5943824536,
    111.90296816252));
#5192 = DIRECTION('',(5.95343464409E-30,1.,-5.373479439186E-14));
#5193 = DIRECTION('',(-0.707106781187,3.799623750015E-14,0.707106781187)
  );
#5194 = ADVANCED_FACE('',(#5195),#5213,.F.);
#5195 = FACE_BOUND('',#5196,.T.);
#5196 = EDGE_LOOP('',(#5197,#5198,#5206,#5212));
#5197 = ORIENTED_EDGE('',*,*,#4938,.F.);
#5198 = ORIENTED_EDGE('',*,*,#5199,.T.);
#5199 = EDGE_CURVE('',#4931,#5200,#5202,.T.);
#5200 = VERTEX_POINT('',#5201);
#5201 = CARTESIAN_POINT('',(350.19636790678,-149.5943824536,
    -272.0970318374));
#5202 = LINE('',#5203,#5204);
#5203 = CARTESIAN_POINT('',(350.19636790678,-159.5943824536,
    -272.0970318374));
#5204 = VECTOR('',#5205,1.);
#5205 = DIRECTION('',(5.95343464409E-30,1.,-5.373479439186E-14));
#5206 = ORIENTED_EDGE('',*,*,#5207,.F.);
#5207 = EDGE_CURVE('',#5175,#5200,#5208,.T.);
#5208 = LINE('',#5209,#5210);
#5209 = CARTESIAN_POINT('',(350.19636790678,-149.5943824537,
    -362.3471362745));
#5210 = VECTOR('',#5211,1.);
#5211 = DIRECTION('',(-1.249000770354E-16,-5.195843755246E-14,-1.));
#5212 = ORIENTED_EDGE('',*,*,#5183,.F.);
#5213 = PLANE('',#5214);
#5214 = AXIS2_PLACEMENT_3D('',#5215,#5216,#5217);
#5215 = CARTESIAN_POINT('',(350.19636790678,-159.5943824536,
    -272.0970318374));
#5216 = DIRECTION('',(-1.,1.266491460312E-29,1.249000770354E-16));
#5217 = DIRECTION('',(1.249000770354E-16,5.335546213084E-14,1.));
#5218 = ADVANCED_FACE('',(#5219),#5244,.T.);
#5219 = FACE_BOUND('',#5220,.T.);
#5220 = EDGE_LOOP('',(#5221,#5229,#5230,#5238));
#5221 = ORIENTED_EDGE('',*,*,#5222,.T.);
#5222 = EDGE_CURVE('',#5223,#391,#5225,.T.);
#5223 = VERTEX_POINT('',#5224);
#5224 = CARTESIAN_POINT('',(332.19636790678,-152.5943824536,
    111.90296816252));
#5225 = LINE('',#5226,#5227);
#5226 = CARTESIAN_POINT('',(332.19636790678,-152.5943824536,
    111.90296816252));
#5227 = VECTOR('',#5228,1.);
#5228 = DIRECTION('',(-0.707106781187,-0.707106781186,3.666165891025E-14
    ));
#5229 = ORIENTED_EDGE('',*,*,#390,.T.);
#5230 = ORIENTED_EDGE('',*,*,#5231,.T.);
#5231 = EDGE_CURVE('',#393,#5232,#5234,.T.);
#5232 = VERTEX_POINT('',#5233);
#5233 = CARTESIAN_POINT('',(332.19636790678,-152.5943824536,
    -272.0970318374));
#5234 = LINE('',#5235,#5236);
#5235 = CARTESIAN_POINT('',(331.19636790678,-153.5943824536,
    -272.0970318374));
#5236 = VECTOR('',#5237,1.);
#5237 = DIRECTION('',(0.707106781187,0.707106781186,-4.294202874499E-14)
  );
#5238 = ORIENTED_EDGE('',*,*,#5239,.T.);
#5239 = EDGE_CURVE('',#5232,#5223,#5240,.T.);
#5240 = LINE('',#5241,#5242);
#5241 = CARTESIAN_POINT('',(332.19636790678,-152.5943824537,
    -356.3221924147));
#5242 = VECTOR('',#5243,1.);
#5243 = DIRECTION('',(1.249000770354E-16,5.200354036283E-14,1.));
#5244 = PLANE('',#5245);
#5245 = AXIS2_PLACEMENT_3D('',#5246,#5247,#5248);
#5246 = CARTESIAN_POINT('',(331.69636790678,-153.0943824537,
    -356.3221924147));
#5247 = DIRECTION('',(0.707106781186,-0.707106781187,3.668373834485E-14)
  );
#5248 = DIRECTION('',(-0.707106781187,-0.707106781186,3.666165891025E-14
    ));
#5249 = ADVANCED_FACE('',(#5250),#5269,.F.);
#5250 = FACE_BOUND('',#5251,.F.);
#5251 = EDGE_LOOP('',(#5252,#5253,#5261,#5268));
#5252 = ORIENTED_EDGE('',*,*,#400,.F.);
#5253 = ORIENTED_EDGE('',*,*,#5254,.F.);
#5254 = EDGE_CURVE('',#5255,#401,#5257,.T.);
#5255 = VERTEX_POINT('',#5256);
#5256 = CARTESIAN_POINT('',(334.19636790678,-152.5943824536,
    113.90296816252));
#5257 = LINE('',#5258,#5259);
#5258 = CARTESIAN_POINT('',(334.19636790678,-152.5943824536,
    113.90296816252));
#5259 = VECTOR('',#5260,1.);
#5260 = DIRECTION('',(-7.850462293416E-17,-0.707106781187,0.707106781186
    ));
#5261 = ORIENTED_EDGE('',*,*,#5262,.F.);
#5262 = EDGE_CURVE('',#5223,#5255,#5263,.T.);
#5263 = CIRCLE('',#5264,2.);
#5264 = AXIS2_PLACEMENT_3D('',#5265,#5266,#5267);
#5265 = CARTESIAN_POINT('',(334.19636790678,-152.5943824536,
    111.90296816252));
#5266 = DIRECTION('',(-1.478095660195E-29,1.,-5.200354036283E-14));
#5267 = DIRECTION('',(-0.707106781187,3.677205603627E-14,0.707106781187)
  );
#5268 = ORIENTED_EDGE('',*,*,#5222,.T.);
#5269 = CONICAL_SURFACE('',#5270,2.5,0.785398163397);
#5270 = AXIS2_PLACEMENT_3D('',#5271,#5272,#5273);
#5271 = CARTESIAN_POINT('',(334.19636790678,-153.0943824536,
    111.90296816252));
#5272 = DIRECTION('',(-5.756219417785E-30,-1.,5.195843755246E-14));
#5273 = DIRECTION('',(-0.707106781187,3.67401635332E-14,0.707106781187)
  );
#5274 = ADVANCED_FACE('',(#5275),#5293,.T.);
#5275 = FACE_BOUND('',#5276,.T.);
#5276 = EDGE_LOOP('',(#5277,#5285,#5286,#5287));
#5277 = ORIENTED_EDGE('',*,*,#5278,.T.);
#5278 = EDGE_CURVE('',#5279,#410,#5281,.T.);
#5279 = VERTEX_POINT('',#5280);
#5280 = CARTESIAN_POINT('',(338.19636790678,-152.5943824536,
    113.90296816252));
#5281 = LINE('',#5282,#5283);
#5282 = CARTESIAN_POINT('',(338.19636790678,-152.5943824536,
    113.90296816252));
#5283 = VECTOR('',#5284,1.);
#5284 = DIRECTION('',(-7.850462293424E-17,-0.707106781186,0.707106781187
    ));
#5285 = ORIENTED_EDGE('',*,*,#409,.T.);
#5286 = ORIENTED_EDGE('',*,*,#5254,.F.);
#5287 = ORIENTED_EDGE('',*,*,#5288,.T.);
#5288 = EDGE_CURVE('',#5255,#5279,#5289,.T.);
#5289 = LINE('',#5290,#5291);
#5290 = CARTESIAN_POINT('',(303.44657543042,-152.5943824536,
    113.90296816252));
#5291 = VECTOR('',#5292,1.);
#5292 = DIRECTION('',(1.,1.202550606141E-29,-1.249000770354E-16));
#5293 = PLANE('',#5294);
#5294 = AXIS2_PLACEMENT_3D('',#5295,#5296,#5297);
#5295 = CARTESIAN_POINT('',(303.44657543042,-153.0943824536,
    114.40296816252));
#5296 = DIRECTION('',(-8.831769144242E-17,-0.707106781187,
    -0.707106781186));
#5297 = DIRECTION('',(-1.,2.359223794976E-16,-1.110223024625E-16));
#5298 = ADVANCED_FACE('',(#5299),#5318,.F.);
#5299 = FACE_BOUND('',#5300,.F.);
#5300 = EDGE_LOOP('',(#5301,#5302,#5310,#5317));
#5301 = ORIENTED_EDGE('',*,*,#417,.F.);
#5302 = ORIENTED_EDGE('',*,*,#5303,.F.);
#5303 = EDGE_CURVE('',#5304,#418,#5306,.T.);
#5304 = VERTEX_POINT('',#5305);
#5305 = CARTESIAN_POINT('',(340.19636790678,-152.5943824536,
    111.90296816252));
#5306 = LINE('',#5307,#5308);
#5307 = CARTESIAN_POINT('',(340.19636790678,-152.5943824536,
    111.90296816252));
#5308 = VECTOR('',#5309,1.);
#5309 = DIRECTION('',(0.707106781186,-0.707106781187,3.681866815615E-14)
  );
#5310 = ORIENTED_EDGE('',*,*,#5311,.F.);
#5311 = EDGE_CURVE('',#5279,#5304,#5312,.T.);
#5312 = CIRCLE('',#5313,2.);
#5313 = AXIS2_PLACEMENT_3D('',#5314,#5315,#5316);
#5314 = CARTESIAN_POINT('',(338.19636790678,-152.5943824536,
    111.90296816252));
#5315 = DIRECTION('',(-1.307358671927E-29,1.,-5.200354036283E-14));
#5316 = DIRECTION('',(0.707106781187,3.677205603627E-14,0.707106781187)
  );
#5317 = ORIENTED_EDGE('',*,*,#5278,.T.);
#5318 = CONICAL_SURFACE('',#5319,2.5,0.785398163397);
#5319 = AXIS2_PLACEMENT_3D('',#5320,#5321,#5322);
#5320 = CARTESIAN_POINT('',(338.19636790678,-153.0943824536,
    111.90296816252));
#5321 = DIRECTION('',(-5.756219417785E-30,-1.,5.195843755246E-14));
#5322 = DIRECTION('',(0.707106781187,3.67401635332E-14,0.707106781187));
#5323 = ADVANCED_FACE('',(#5324),#5342,.T.);
#5324 = FACE_BOUND('',#5325,.T.);
#5325 = EDGE_LOOP('',(#5326,#5334,#5335,#5336));
#5326 = ORIENTED_EDGE('',*,*,#5327,.T.);
#5327 = EDGE_CURVE('',#5328,#427,#5330,.T.);
#5328 = VERTEX_POINT('',#5329);
#5329 = CARTESIAN_POINT('',(340.19636790678,-152.5943824536,
    -272.0970318374));
#5330 = LINE('',#5331,#5332);
#5331 = CARTESIAN_POINT('',(340.19636790678,-152.5943824536,
    -272.0970318374));
#5332 = VECTOR('',#5333,1.);
#5333 = DIRECTION('',(0.707106781187,-0.707106781186,3.681866815611E-14)
  );
#5334 = ORIENTED_EDGE('',*,*,#426,.T.);
#5335 = ORIENTED_EDGE('',*,*,#5303,.F.);
#5336 = ORIENTED_EDGE('',*,*,#5337,.T.);
#5337 = EDGE_CURVE('',#5304,#5328,#5338,.T.);
#5338 = LINE('',#5339,#5340);
#5339 = CARTESIAN_POINT('',(340.19636790678,-152.5943824536,
    -159.3221924147));
#5340 = VECTOR('',#5341,1.);
#5341 = DIRECTION('',(-1.249000770354E-16,-5.200354036283E-14,-1.));
#5342 = PLANE('',#5343);
#5343 = AXIS2_PLACEMENT_3D('',#5344,#5345,#5346);
#5344 = CARTESIAN_POINT('',(340.69636790678,-153.0943824536,
    -159.3221924147));
#5345 = DIRECTION('',(-0.707106781186,-0.707106781187,3.686037372773E-14
    ));
#5346 = DIRECTION('',(-0.707106781187,0.707106781186,-3.681866815611E-14
    ));
#5347 = ADVANCED_FACE('',(#5348),#5367,.F.);
#5348 = FACE_BOUND('',#5349,.F.);
#5349 = EDGE_LOOP('',(#5350,#5359,#5360,#5361));
#5350 = ORIENTED_EDGE('',*,*,#5351,.F.);
#5351 = EDGE_CURVE('',#5328,#5352,#5354,.T.);
#5352 = VERTEX_POINT('',#5353);
#5353 = CARTESIAN_POINT('',(338.19636790678,-152.5943824536,
    -274.0970318374));
#5354 = CIRCLE('',#5355,2.);
#5355 = AXIS2_PLACEMENT_3D('',#5356,#5357,#5358);
#5356 = CARTESIAN_POINT('',(338.19636790678,-152.5943824536,
    -272.0970318374));
#5357 = DIRECTION('',(-1.852075225885E-29,1.,-5.200354036283E-14));
#5358 = DIRECTION('',(-1.249000770354E-16,-5.200354036283E-14,-1.));
#5359 = ORIENTED_EDGE('',*,*,#5327,.T.);
#5360 = ORIENTED_EDGE('',*,*,#434,.F.);
#5361 = ORIENTED_EDGE('',*,*,#5362,.F.);
#5362 = EDGE_CURVE('',#5352,#435,#5363,.T.);
#5363 = LINE('',#5364,#5365);
#5364 = CARTESIAN_POINT('',(338.19636790678,-152.5943824536,
    -274.0970318374));
#5365 = VECTOR('',#5366,1.);
#5366 = DIRECTION('',(7.850462293421E-17,-0.707106781186,-0.707106781187
    ));
#5367 = CONICAL_SURFACE('',#5368,2.5,0.785398163398);
#5368 = AXIS2_PLACEMENT_3D('',#5369,#5370,#5371);
#5369 = CARTESIAN_POINT('',(338.19636790678,-153.0943824536,
    -272.0970318374));
#5370 = DIRECTION('',(-5.756219417785E-30,-1.,5.195843755246E-14));
#5371 = DIRECTION('',(-1.249000770354E-16,-5.195843755246E-14,-1.));
#5372 = ADVANCED_FACE('',(#5373),#5391,.T.);
#5373 = FACE_BOUND('',#5374,.T.);
#5374 = EDGE_LOOP('',(#5375,#5383,#5384,#5385));
#5375 = ORIENTED_EDGE('',*,*,#5376,.T.);
#5376 = EDGE_CURVE('',#5377,#444,#5379,.T.);
#5377 = VERTEX_POINT('',#5378);
#5378 = CARTESIAN_POINT('',(334.19636790678,-152.5943824536,
    -274.0970318374));
#5379 = LINE('',#5380,#5381);
#5380 = CARTESIAN_POINT('',(334.19636790678,-152.5943824536,
    -274.0970318374));
#5381 = VECTOR('',#5382,1.);
#5382 = DIRECTION('',(7.850462293423E-17,-0.707106781186,-0.707106781187
    ));
#5383 = ORIENTED_EDGE('',*,*,#443,.T.);
#5384 = ORIENTED_EDGE('',*,*,#5362,.F.);
#5385 = ORIENTED_EDGE('',*,*,#5386,.T.);
#5386 = EDGE_CURVE('',#5352,#5377,#5387,.T.);
#5387 = LINE('',#5388,#5389);
#5388 = CARTESIAN_POINT('',(305.44657543042,-152.5943824536,
    -274.0970318374));
#5389 = VECTOR('',#5390,1.);
#5390 = DIRECTION('',(-1.,-1.202550606142E-29,1.249000770353E-16));
#5391 = PLANE('',#5392);
#5392 = AXIS2_PLACEMENT_3D('',#5393,#5394,#5395);
#5393 = CARTESIAN_POINT('',(305.44657543042,-153.0943824536,
    -274.5970318374));
#5394 = DIRECTION('',(8.831769144236E-17,-0.707106781187,0.707106781186)
  );
#5395 = DIRECTION('',(-1.,-2.359223794976E-16,-1.110223024625E-16));
#5396 = ADVANCED_FACE('',(#5397),#5409,.F.);
#5397 = FACE_BOUND('',#5398,.F.);
#5398 = EDGE_LOOP('',(#5399,#5406,#5407,#5408));
#5399 = ORIENTED_EDGE('',*,*,#5400,.F.);
#5400 = EDGE_CURVE('',#5377,#5232,#5401,.T.);
#5401 = CIRCLE('',#5402,2.);
#5402 = AXIS2_PLACEMENT_3D('',#5403,#5404,#5405);
#5403 = CARTESIAN_POINT('',(334.19636790678,-152.5943824536,
    -272.0970318374));
#5404 = DIRECTION('',(-1.852075225885E-29,1.,-5.200354036283E-14));
#5405 = DIRECTION('',(-1.,-1.859562397992E-27,-3.540223671097E-14));
#5406 = ORIENTED_EDGE('',*,*,#5376,.T.);
#5407 = ORIENTED_EDGE('',*,*,#451,.F.);
#5408 = ORIENTED_EDGE('',*,*,#5231,.T.);
#5409 = CONICAL_SURFACE('',#5410,2.5,0.785398163398);
#5410 = AXIS2_PLACEMENT_3D('',#5411,#5412,#5413);
#5411 = CARTESIAN_POINT('',(334.19636790678,-153.0943824536,
    -272.0970318374));
#5412 = DIRECTION('',(-5.756219417785E-30,-1.,5.195843755246E-14));
#5413 = DIRECTION('',(-1.,-1.833688685946E-27,-3.540223671097E-14));
#5414 = ADVANCED_FACE('',(#5415),#5441,.F.);
#5415 = FACE_BOUND('',#5416,.F.);
#5416 = EDGE_LOOP('',(#5417,#5425,#5434,#5440));
#5417 = ORIENTED_EDGE('',*,*,#5418,.F.);
#5418 = EDGE_CURVE('',#5419,#5304,#5421,.T.);
#5419 = VERTEX_POINT('',#5420);
#5420 = CARTESIAN_POINT('',(340.19636790678,-149.5943824536,
    111.90296816252));
#5421 = LINE('',#5422,#5423);
#5422 = CARTESIAN_POINT('',(340.19636790678,-159.5943824536,
    111.90296816252));
#5423 = VECTOR('',#5424,1.);
#5424 = DIRECTION('',(-5.95343464409E-30,-1.,5.373479439186E-14));
#5425 = ORIENTED_EDGE('',*,*,#5426,.F.);
#5426 = EDGE_CURVE('',#5427,#5419,#5429,.T.);
#5427 = VERTEX_POINT('',#5428);
#5428 = CARTESIAN_POINT('',(338.19636790678,-149.5943824536,
    113.90296816252));
#5429 = CIRCLE('',#5430,2.);
#5430 = AXIS2_PLACEMENT_3D('',#5431,#5432,#5433);
#5431 = CARTESIAN_POINT('',(338.19636790678,-149.5943824536,
    111.90296816252));
#5432 = DIRECTION('',(1.15268293895E-29,1.,-5.195843755246E-14));
#5433 = DIRECTION('',(0.707106781187,3.67401635332E-14,0.707106781187));
#5434 = ORIENTED_EDGE('',*,*,#5435,.F.);
#5435 = EDGE_CURVE('',#5279,#5427,#5436,.T.);
#5436 = LINE('',#5437,#5438);
#5437 = CARTESIAN_POINT('',(338.19636790678,-159.5943824536,
    113.90296816252));
#5438 = VECTOR('',#5439,1.);
#5439 = DIRECTION('',(5.95343464409E-30,1.,-5.373479439186E-14));
#5440 = ORIENTED_EDGE('',*,*,#5311,.T.);
#5441 = CYLINDRICAL_SURFACE('',#5442,2.);
#5442 = AXIS2_PLACEMENT_3D('',#5443,#5444,#5445);
#5443 = CARTESIAN_POINT('',(338.19636790678,-159.5943824536,
    111.90296816252));
#5444 = DIRECTION('',(5.95343464409E-30,1.,-5.373479439186E-14));
#5445 = DIRECTION('',(0.707106781187,3.799623750015E-14,0.707106781187)
  );
#5446 = ADVANCED_FACE('',(#5447),#5465,.F.);
#5447 = FACE_BOUND('',#5448,.T.);
#5448 = EDGE_LOOP('',(#5449,#5450,#5458,#5464));
#5449 = ORIENTED_EDGE('',*,*,#5288,.F.);
#5450 = ORIENTED_EDGE('',*,*,#5451,.F.);
#5451 = EDGE_CURVE('',#5452,#5255,#5454,.T.);
#5452 = VERTEX_POINT('',#5453);
#5453 = CARTESIAN_POINT('',(334.19636790678,-149.5943824536,
    113.90296816252));
#5454 = LINE('',#5455,#5456);
#5455 = CARTESIAN_POINT('',(334.19636790678,-159.5943824536,
    113.90296816252));
#5456 = VECTOR('',#5457,1.);
#5457 = DIRECTION('',(-5.95343464409E-30,-1.,5.373479439186E-14));
#5458 = ORIENTED_EDGE('',*,*,#5459,.F.);
#5459 = EDGE_CURVE('',#5427,#5452,#5460,.T.);
#5460 = LINE('',#5461,#5462);
#5461 = CARTESIAN_POINT('',(199.96545974371,-149.5943824536,
    113.90296816252));
#5462 = VECTOR('',#5463,1.);
#5463 = DIRECTION('',(-1.,1.223658792014E-29,1.249000770354E-16));
#5464 = ORIENTED_EDGE('',*,*,#5435,.F.);
#5465 = PLANE('',#5466);
#5466 = AXIS2_PLACEMENT_3D('',#5467,#5468,#5469);
#5467 = CARTESIAN_POINT('',(334.19636790678,-159.5943824536,
    113.90296816252));
#5468 = DIRECTION('',(1.249000770354E-16,5.373479439186E-14,1.));
#5469 = DIRECTION('',(1.,-1.218728411356E-29,-1.249000770354E-16));
#5470 = ADVANCED_FACE('',(#5471),#5490,.F.);
#5471 = FACE_BOUND('',#5472,.F.);
#5472 = EDGE_LOOP('',(#5473,#5474,#5483,#5489));
#5473 = ORIENTED_EDGE('',*,*,#5451,.F.);
#5474 = ORIENTED_EDGE('',*,*,#5475,.F.);
#5475 = EDGE_CURVE('',#5476,#5452,#5478,.T.);
#5476 = VERTEX_POINT('',#5477);
#5477 = CARTESIAN_POINT('',(332.19636790678,-149.5943824536,
    111.90296816252));
#5478 = CIRCLE('',#5479,2.);
#5479 = AXIS2_PLACEMENT_3D('',#5480,#5481,#5482);
#5480 = CARTESIAN_POINT('',(334.19636790678,-149.5943824536,
    111.90296816252));
#5481 = DIRECTION('',(7.77088325626E-30,1.,-5.195843755246E-14));
#5482 = DIRECTION('',(-0.707106781187,3.67401635332E-14,0.707106781187)
  );
#5483 = ORIENTED_EDGE('',*,*,#5484,.F.);
#5484 = EDGE_CURVE('',#5223,#5476,#5485,.T.);
#5485 = LINE('',#5486,#5487);
#5486 = CARTESIAN_POINT('',(332.19636790678,-159.5943824536,
    111.90296816252));
#5487 = VECTOR('',#5488,1.);
#5488 = DIRECTION('',(5.95343464409E-30,1.,-5.373479439186E-14));
#5489 = ORIENTED_EDGE('',*,*,#5262,.T.);
#5490 = CYLINDRICAL_SURFACE('',#5491,2.);
#5491 = AXIS2_PLACEMENT_3D('',#5492,#5493,#5494);
#5492 = CARTESIAN_POINT('',(334.19636790678,-159.5943824536,
    111.90296816252));
#5493 = DIRECTION('',(5.95343464409E-30,1.,-5.373479439186E-14));
#5494 = DIRECTION('',(-0.707106781187,3.799623750015E-14,0.707106781187)
  );
#5495 = ADVANCED_FACE('',(#5496),#5514,.F.);
#5496 = FACE_BOUND('',#5497,.T.);
#5497 = EDGE_LOOP('',(#5498,#5499,#5507,#5513));
#5498 = ORIENTED_EDGE('',*,*,#5239,.F.);
#5499 = ORIENTED_EDGE('',*,*,#5500,.T.);
#5500 = EDGE_CURVE('',#5232,#5501,#5503,.T.);
#5501 = VERTEX_POINT('',#5502);
#5502 = CARTESIAN_POINT('',(332.19636790678,-149.5943824536,
    -272.0970318374));
#5503 = LINE('',#5504,#5505);
#5504 = CARTESIAN_POINT('',(332.19636790678,-159.5943824536,
    -272.0970318374));
#5505 = VECTOR('',#5506,1.);
#5506 = DIRECTION('',(5.95343464409E-30,1.,-5.373479439186E-14));
#5507 = ORIENTED_EDGE('',*,*,#5508,.F.);
#5508 = EDGE_CURVE('',#5476,#5501,#5509,.T.);
#5509 = LINE('',#5510,#5511);
#5510 = CARTESIAN_POINT('',(332.19636790678,-149.5943824537,
    -362.3471362745));
#5511 = VECTOR('',#5512,1.);
#5512 = DIRECTION('',(-1.249000770354E-16,-5.195843755246E-14,-1.));
#5513 = ORIENTED_EDGE('',*,*,#5484,.F.);
#5514 = PLANE('',#5515);
#5515 = AXIS2_PLACEMENT_3D('',#5516,#5517,#5518);
#5516 = CARTESIAN_POINT('',(332.19636790678,-159.5943824536,
    -272.0970318374));
#5517 = DIRECTION('',(-1.,1.266491460312E-29,1.249000770354E-16));
#5518 = DIRECTION('',(1.249000770354E-16,5.335546213084E-14,1.));
#5519 = ADVANCED_FACE('',(#5520),#5545,.T.);
#5520 = FACE_BOUND('',#5521,.T.);
#5521 = EDGE_LOOP('',(#5522,#5530,#5531,#5539));
#5522 = ORIENTED_EDGE('',*,*,#5523,.T.);
#5523 = EDGE_CURVE('',#5524,#2209,#5526,.T.);
#5524 = VERTEX_POINT('',#5525);
#5525 = CARTESIAN_POINT('',(314.19636790678,-152.5943824536,
    111.90296816252));
#5526 = LINE('',#5527,#5528);
#5527 = CARTESIAN_POINT('',(314.19636790678,-152.5943824536,
    111.90296816252));
#5528 = VECTOR('',#5529,1.);
#5529 = DIRECTION('',(-0.707106781187,-0.707106781186,3.666165891025E-14
    ));
#5530 = ORIENTED_EDGE('',*,*,#2208,.T.);
#5531 = ORIENTED_EDGE('',*,*,#5532,.T.);
#5532 = EDGE_CURVE('',#2211,#5533,#5535,.T.);
#5533 = VERTEX_POINT('',#5534);
#5534 = CARTESIAN_POINT('',(314.19636790678,-152.5943824536,
    -272.0970318374));
#5535 = LINE('',#5536,#5537);
#5536 = CARTESIAN_POINT('',(313.19636790678,-153.5943824536,
    -272.0970318374));
#5537 = VECTOR('',#5538,1.);
#5538 = DIRECTION('',(0.707106781187,0.707106781186,-4.294202874499E-14)
  );
#5539 = ORIENTED_EDGE('',*,*,#5540,.T.);
#5540 = EDGE_CURVE('',#5533,#5524,#5541,.T.);
#5541 = LINE('',#5542,#5543);
#5542 = CARTESIAN_POINT('',(314.19636790678,-152.5943824537,
    -356.3221924147));
#5543 = VECTOR('',#5544,1.);
#5544 = DIRECTION('',(1.249000770354E-16,5.200354036283E-14,1.));
#5545 = PLANE('',#5546);
#5546 = AXIS2_PLACEMENT_3D('',#5547,#5548,#5549);
#5547 = CARTESIAN_POINT('',(313.69636790678,-153.0943824537,
    -356.3221924147));
#5548 = DIRECTION('',(0.707106781186,-0.707106781187,3.668373834485E-14)
  );
#5549 = DIRECTION('',(-0.707106781187,-0.707106781186,3.666165891025E-14
    ));
#5550 = ADVANCED_FACE('',(#5551),#5570,.F.);
#5551 = FACE_BOUND('',#5552,.F.);
#5552 = EDGE_LOOP('',(#5553,#5554,#5562,#5569));
#5553 = ORIENTED_EDGE('',*,*,#2218,.F.);
#5554 = ORIENTED_EDGE('',*,*,#5555,.F.);
#5555 = EDGE_CURVE('',#5556,#2219,#5558,.T.);
#5556 = VERTEX_POINT('',#5557);
#5557 = CARTESIAN_POINT('',(316.19636790678,-152.5943824536,
    113.90296816252));
#5558 = LINE('',#5559,#5560);
#5559 = CARTESIAN_POINT('',(316.19636790678,-152.5943824536,
    113.90296816252));
#5560 = VECTOR('',#5561,1.);
#5561 = DIRECTION('',(-7.850462293417E-17,-0.707106781187,0.707106781186
    ));
#5562 = ORIENTED_EDGE('',*,*,#5563,.F.);
#5563 = EDGE_CURVE('',#5524,#5556,#5564,.T.);
#5564 = CIRCLE('',#5565,2.);
#5565 = AXIS2_PLACEMENT_3D('',#5566,#5567,#5568);
#5566 = CARTESIAN_POINT('',(316.19636790678,-152.5943824536,
    111.90296816252));
#5567 = DIRECTION('',(-1.4227713268E-29,1.,-5.200354036283E-14));
#5568 = DIRECTION('',(-0.707106781187,3.677205603627E-14,0.707106781187)
  );
#5569 = ORIENTED_EDGE('',*,*,#5523,.T.);
#5570 = CONICAL_SURFACE('',#5571,2.5,0.785398163397);
#5571 = AXIS2_PLACEMENT_3D('',#5572,#5573,#5574);
#5572 = CARTESIAN_POINT('',(316.19636790678,-153.0943824536,
    111.90296816252));
#5573 = DIRECTION('',(-5.756219417785E-30,-1.,5.195843755246E-14));
#5574 = DIRECTION('',(-0.707106781187,3.67401635332E-14,0.707106781187)
  );
#5575 = ADVANCED_FACE('',(#5576),#5594,.T.);
#5576 = FACE_BOUND('',#5577,.T.);
#5577 = EDGE_LOOP('',(#5578,#5586,#5587,#5588));
#5578 = ORIENTED_EDGE('',*,*,#5579,.T.);
#5579 = EDGE_CURVE('',#5580,#2228,#5582,.T.);
#5580 = VERTEX_POINT('',#5581);
#5581 = CARTESIAN_POINT('',(320.19636790678,-152.5943824536,
    113.90296816252));
#5582 = LINE('',#5583,#5584);
#5583 = CARTESIAN_POINT('',(320.19636790678,-152.5943824536,
    113.90296816252));
#5584 = VECTOR('',#5585,1.);
#5585 = DIRECTION('',(-7.850462293424E-17,-0.707106781186,0.707106781187
    ));
#5586 = ORIENTED_EDGE('',*,*,#2227,.T.);
#5587 = ORIENTED_EDGE('',*,*,#5555,.F.);
#5588 = ORIENTED_EDGE('',*,*,#5589,.T.);
#5589 = EDGE_CURVE('',#5556,#5580,#5590,.T.);
#5590 = LINE('',#5591,#5592);
#5591 = CARTESIAN_POINT('',(294.44657543042,-152.5943824536,
    113.90296816252));
#5592 = VECTOR('',#5593,1.);
#5593 = DIRECTION('',(1.,1.202550606141E-29,-1.249000770354E-16));
#5594 = PLANE('',#5595);
#5595 = AXIS2_PLACEMENT_3D('',#5596,#5597,#5598);
#5596 = CARTESIAN_POINT('',(294.44657543042,-153.0943824536,
    114.40296816252));
#5597 = DIRECTION('',(-8.831769144242E-17,-0.707106781187,
    -0.707106781186));
#5598 = DIRECTION('',(-1.,2.359223794976E-16,-1.110223024625E-16));
#5599 = ADVANCED_FACE('',(#5600),#5619,.F.);
#5600 = FACE_BOUND('',#5601,.F.);
#5601 = EDGE_LOOP('',(#5602,#5603,#5611,#5618));
#5602 = ORIENTED_EDGE('',*,*,#2235,.F.);
#5603 = ORIENTED_EDGE('',*,*,#5604,.F.);
#5604 = EDGE_CURVE('',#5605,#2236,#5607,.T.);
#5605 = VERTEX_POINT('',#5606);
#5606 = CARTESIAN_POINT('',(322.19636790678,-152.5943824536,
    111.90296816252));
#5607 = LINE('',#5608,#5609);
#5608 = CARTESIAN_POINT('',(322.19636790678,-152.5943824536,
    111.90296816252));
#5609 = VECTOR('',#5610,1.);
#5610 = DIRECTION('',(0.707106781186,-0.707106781187,3.681866815615E-14)
  );
#5611 = ORIENTED_EDGE('',*,*,#5612,.F.);
#5612 = EDGE_CURVE('',#5580,#5605,#5613,.T.);
#5613 = CIRCLE('',#5614,2.);
#5614 = AXIS2_PLACEMENT_3D('',#5615,#5616,#5617);
#5615 = CARTESIAN_POINT('',(320.19636790678,-152.5943824536,
    111.90296816252));
#5616 = DIRECTION('',(-1.906199069333E-29,1.,-5.200354036283E-14));
#5617 = DIRECTION('',(0.707106781187,3.677205603627E-14,0.707106781187)
  );
#5618 = ORIENTED_EDGE('',*,*,#5579,.T.);
#5619 = CONICAL_SURFACE('',#5620,2.5,0.785398163397);
#5620 = AXIS2_PLACEMENT_3D('',#5621,#5622,#5623);
#5621 = CARTESIAN_POINT('',(320.19636790678,-153.0943824536,
    111.90296816252));
#5622 = DIRECTION('',(-5.756219417785E-30,-1.,5.195843755246E-14));
#5623 = DIRECTION('',(0.707106781187,3.67401635332E-14,0.707106781187));
#5624 = ADVANCED_FACE('',(#5625),#5643,.T.);
#5625 = FACE_BOUND('',#5626,.T.);
#5626 = EDGE_LOOP('',(#5627,#5635,#5636,#5637));
#5627 = ORIENTED_EDGE('',*,*,#5628,.T.);
#5628 = EDGE_CURVE('',#5629,#2245,#5631,.T.);
#5629 = VERTEX_POINT('',#5630);
#5630 = CARTESIAN_POINT('',(322.19636790678,-152.5943824536,
    -272.0970318374));
#5631 = LINE('',#5632,#5633);
#5632 = CARTESIAN_POINT('',(322.19636790678,-152.5943824536,
    -272.0970318374));
#5633 = VECTOR('',#5634,1.);
#5634 = DIRECTION('',(0.707106781187,-0.707106781186,4.309903799085E-14)
  );
#5635 = ORIENTED_EDGE('',*,*,#2244,.T.);
#5636 = ORIENTED_EDGE('',*,*,#5604,.F.);
#5637 = ORIENTED_EDGE('',*,*,#5638,.T.);
#5638 = EDGE_CURVE('',#5605,#5629,#5639,.T.);
#5639 = LINE('',#5640,#5641);
#5640 = CARTESIAN_POINT('',(322.19636790678,-152.5943824536,
    -159.3221924147));
#5641 = VECTOR('',#5642,1.);
#5642 = DIRECTION('',(-1.249000770354E-16,-5.200354036283E-14,-1.));
#5643 = PLANE('',#5644);
#5644 = AXIS2_PLACEMENT_3D('',#5645,#5646,#5647);
#5645 = CARTESIAN_POINT('',(322.69636790678,-153.0943824536,
    -159.3221924147));
#5646 = DIRECTION('',(-0.707106781186,-0.707106781187,3.686037372773E-14
    ));
#5647 = DIRECTION('',(-0.707106781187,0.707106781186,-3.681866815611E-14
    ));
#5648 = ADVANCED_FACE('',(#5649),#5668,.F.);
#5649 = FACE_BOUND('',#5650,.F.);
#5650 = EDGE_LOOP('',(#5651,#5660,#5661,#5662));
#5651 = ORIENTED_EDGE('',*,*,#5652,.F.);
#5652 = EDGE_CURVE('',#5629,#5653,#5655,.T.);
#5653 = VERTEX_POINT('',#5654);
#5654 = CARTESIAN_POINT('',(320.19636790678,-152.5943824536,
    -274.0970318374));
#5655 = CIRCLE('',#5656,2.);
#5656 = AXIS2_PLACEMENT_3D('',#5657,#5658,#5659);
#5657 = CARTESIAN_POINT('',(320.19636790678,-152.5943824536,
    -272.0970318374));
#5658 = DIRECTION('',(-1.852075225885E-29,1.,-5.200354036283E-14));
#5659 = DIRECTION('',(-1.249000770354E-16,-5.200354036283E-14,-1.));
#5660 = ORIENTED_EDGE('',*,*,#5628,.T.);
#5661 = ORIENTED_EDGE('',*,*,#2252,.F.);
#5662 = ORIENTED_EDGE('',*,*,#5663,.F.);
#5663 = EDGE_CURVE('',#5653,#2253,#5664,.T.);
#5664 = LINE('',#5665,#5666);
#5665 = CARTESIAN_POINT('',(320.19636790678,-152.5943824536,
    -274.0970318374));
#5666 = VECTOR('',#5667,1.);
#5667 = DIRECTION('',(7.850462293421E-17,-0.707106781186,-0.707106781187
    ));
#5668 = CONICAL_SURFACE('',#5669,2.5,0.785398163398);
#5669 = AXIS2_PLACEMENT_3D('',#5670,#5671,#5672);
#5670 = CARTESIAN_POINT('',(320.19636790678,-153.0943824536,
    -272.0970318374));
#5671 = DIRECTION('',(-5.756219417785E-30,-1.,5.195843755246E-14));
#5672 = DIRECTION('',(-1.249000770354E-16,-5.195843755246E-14,-1.));
#5673 = ADVANCED_FACE('',(#5674),#5692,.T.);
#5674 = FACE_BOUND('',#5675,.T.);
#5675 = EDGE_LOOP('',(#5676,#5684,#5685,#5686));
#5676 = ORIENTED_EDGE('',*,*,#5677,.T.);
#5677 = EDGE_CURVE('',#5678,#2262,#5680,.T.);
#5678 = VERTEX_POINT('',#5679);
#5679 = CARTESIAN_POINT('',(316.19636790678,-152.5943824536,
    -274.0970318374));
#5680 = LINE('',#5681,#5682);
#5681 = CARTESIAN_POINT('',(316.19636790678,-152.5943824536,
    -274.0970318374));
#5682 = VECTOR('',#5683,1.);
#5683 = DIRECTION('',(7.850462293423E-17,-0.707106781186,-0.707106781187
    ));
#5684 = ORIENTED_EDGE('',*,*,#2261,.T.);
#5685 = ORIENTED_EDGE('',*,*,#5663,.F.);
#5686 = ORIENTED_EDGE('',*,*,#5687,.T.);
#5687 = EDGE_CURVE('',#5653,#5678,#5688,.T.);
#5688 = LINE('',#5689,#5690);
#5689 = CARTESIAN_POINT('',(296.44657543042,-152.5943824536,
    -274.0970318374));
#5690 = VECTOR('',#5691,1.);
#5691 = DIRECTION('',(-1.,-1.202550606142E-29,1.249000770353E-16));
#5692 = PLANE('',#5693);
#5693 = AXIS2_PLACEMENT_3D('',#5694,#5695,#5696);
#5694 = CARTESIAN_POINT('',(296.44657543042,-153.0943824536,
    -274.5970318374));
#5695 = DIRECTION('',(8.831769144236E-17,-0.707106781187,0.707106781186)
  );
#5696 = DIRECTION('',(-1.,-2.359223794976E-16,-1.110223024625E-16));
#5697 = ADVANCED_FACE('',(#5698),#5710,.F.);
#5698 = FACE_BOUND('',#5699,.F.);
#5699 = EDGE_LOOP('',(#5700,#5707,#5708,#5709));
#5700 = ORIENTED_EDGE('',*,*,#5701,.F.);
#5701 = EDGE_CURVE('',#5678,#5533,#5702,.T.);
#5702 = CIRCLE('',#5703,2.);
#5703 = AXIS2_PLACEMENT_3D('',#5704,#5705,#5706);
#5704 = CARTESIAN_POINT('',(316.19636790678,-152.5943824536,
    -272.0970318374));
#5705 = DIRECTION('',(-1.852075225885E-29,1.,-5.200354036283E-14));
#5706 = DIRECTION('',(-1.,-1.859562397992E-27,-3.540223671097E-14));
#5707 = ORIENTED_EDGE('',*,*,#5677,.T.);
#5708 = ORIENTED_EDGE('',*,*,#2269,.F.);
#5709 = ORIENTED_EDGE('',*,*,#5532,.T.);
#5710 = CONICAL_SURFACE('',#5711,2.5,0.785398163398);
#5711 = AXIS2_PLACEMENT_3D('',#5712,#5713,#5714);
#5712 = CARTESIAN_POINT('',(316.19636790678,-153.0943824536,
    -272.0970318374));
#5713 = DIRECTION('',(-5.756219417785E-30,-1.,5.195843755246E-14));
#5714 = DIRECTION('',(-1.,-1.833688685946E-27,-3.540223671097E-14));
#5715 = ADVANCED_FACE('',(#5716),#5742,.F.);
#5716 = FACE_BOUND('',#5717,.F.);
#5717 = EDGE_LOOP('',(#5718,#5726,#5735,#5741));
#5718 = ORIENTED_EDGE('',*,*,#5719,.F.);
#5719 = EDGE_CURVE('',#5720,#5605,#5722,.T.);
#5720 = VERTEX_POINT('',#5721);
#5721 = CARTESIAN_POINT('',(322.19636790678,-149.5943824536,
    111.90296816252));
#5722 = LINE('',#5723,#5724);
#5723 = CARTESIAN_POINT('',(322.19636790678,-159.5943824536,
    111.90296816252));
#5724 = VECTOR('',#5725,1.);
#5725 = DIRECTION('',(-5.95343464409E-30,-1.,5.373479439186E-14));
#5726 = ORIENTED_EDGE('',*,*,#5727,.F.);
#5727 = EDGE_CURVE('',#5728,#5720,#5730,.T.);
#5728 = VERTEX_POINT('',#5729);
#5729 = CARTESIAN_POINT('',(320.19636790678,-149.5943824536,
    113.90296816252));
#5730 = CIRCLE('',#5731,2.);
#5731 = AXIS2_PLACEMENT_3D('',#5732,#5733,#5734);
#5732 = CARTESIAN_POINT('',(320.19636790678,-149.5943824536,
    111.90296816252));
#5733 = DIRECTION('',(6.331559938717E-30,1.,-5.195843755246E-14));
#5734 = DIRECTION('',(0.707106781187,3.67401635332E-14,0.707106781187));
#5735 = ORIENTED_EDGE('',*,*,#5736,.F.);
#5736 = EDGE_CURVE('',#5580,#5728,#5737,.T.);
#5737 = LINE('',#5738,#5739);
#5738 = CARTESIAN_POINT('',(320.19636790678,-159.5943824536,
    113.90296816252));
#5739 = VECTOR('',#5740,1.);
#5740 = DIRECTION('',(5.95343464409E-30,1.,-5.373479439186E-14));
#5741 = ORIENTED_EDGE('',*,*,#5612,.T.);
#5742 = CYLINDRICAL_SURFACE('',#5743,2.);
#5743 = AXIS2_PLACEMENT_3D('',#5744,#5745,#5746);
#5744 = CARTESIAN_POINT('',(320.19636790678,-159.5943824536,
    111.90296816252));
#5745 = DIRECTION('',(5.95343464409E-30,1.,-5.373479439186E-14));
#5746 = DIRECTION('',(0.707106781187,3.799623750015E-14,0.707106781187)
  );
#5747 = ADVANCED_FACE('',(#5748),#5766,.F.);
#5748 = FACE_BOUND('',#5749,.T.);
#5749 = EDGE_LOOP('',(#5750,#5751,#5759,#5765));
#5750 = ORIENTED_EDGE('',*,*,#5589,.F.);
#5751 = ORIENTED_EDGE('',*,*,#5752,.F.);
#5752 = EDGE_CURVE('',#5753,#5556,#5755,.T.);
#5753 = VERTEX_POINT('',#5754);
#5754 = CARTESIAN_POINT('',(316.19636790678,-149.5943824536,
    113.90296816252));
#5755 = LINE('',#5756,#5757);
#5756 = CARTESIAN_POINT('',(316.19636790678,-159.5943824536,
    113.90296816252));
#5757 = VECTOR('',#5758,1.);
#5758 = DIRECTION('',(-5.95343464409E-30,-1.,5.373479439186E-14));
#5759 = ORIENTED_EDGE('',*,*,#5760,.F.);
#5760 = EDGE_CURVE('',#5728,#5753,#5761,.T.);
#5761 = LINE('',#5762,#5763);
#5762 = CARTESIAN_POINT('',(190.96545974371,-149.5943824536,
    113.90296816252));
#5763 = VECTOR('',#5764,1.);
#5764 = DIRECTION('',(-1.,1.223658792014E-29,1.249000770354E-16));
#5765 = ORIENTED_EDGE('',*,*,#5736,.F.);
#5766 = PLANE('',#5767);
#5767 = AXIS2_PLACEMENT_3D('',#5768,#5769,#5770);
#5768 = CARTESIAN_POINT('',(316.19636790678,-159.5943824536,
    113.90296816252));
#5769 = DIRECTION('',(1.249000770354E-16,5.373479439186E-14,1.));
#5770 = DIRECTION('',(1.,-1.218728411356E-29,-1.249000770354E-16));
#5771 = ADVANCED_FACE('',(#5772),#5791,.F.);
#5772 = FACE_BOUND('',#5773,.F.);
#5773 = EDGE_LOOP('',(#5774,#5775,#5784,#5790));
#5774 = ORIENTED_EDGE('',*,*,#5752,.F.);
#5775 = ORIENTED_EDGE('',*,*,#5776,.F.);
#5776 = EDGE_CURVE('',#5777,#5753,#5779,.T.);
#5777 = VERTEX_POINT('',#5778);
#5778 = CARTESIAN_POINT('',(314.19636790678,-149.5943824536,
    111.90296816252));
#5779 = CIRCLE('',#5780,2.);
#5780 = AXIS2_PLACEMENT_3D('',#5781,#5782,#5783);
#5781 = CARTESIAN_POINT('',(316.19636790678,-149.5943824536,
    111.90296816252));
#5782 = DIRECTION('',(4.35430377132E-30,1.,-5.195843755246E-14));
#5783 = DIRECTION('',(-0.707106781187,3.67401635332E-14,0.707106781187)
  );
#5784 = ORIENTED_EDGE('',*,*,#5785,.F.);
#5785 = EDGE_CURVE('',#5524,#5777,#5786,.T.);
#5786 = LINE('',#5787,#5788);
#5787 = CARTESIAN_POINT('',(314.19636790678,-159.5943824536,
    111.90296816252));
#5788 = VECTOR('',#5789,1.);
#5789 = DIRECTION('',(5.95343464409E-30,1.,-5.373479439186E-14));
#5790 = ORIENTED_EDGE('',*,*,#5563,.T.);
#5791 = CYLINDRICAL_SURFACE('',#5792,2.);
#5792 = AXIS2_PLACEMENT_3D('',#5793,#5794,#5795);
#5793 = CARTESIAN_POINT('',(316.19636790678,-159.5943824536,
    111.90296816252));
#5794 = DIRECTION('',(5.95343464409E-30,1.,-5.373479439186E-14));
#5795 = DIRECTION('',(-0.707106781187,3.799623750015E-14,0.707106781187)
  );
#5796 = ADVANCED_FACE('',(#5797),#5815,.F.);
#5797 = FACE_BOUND('',#5798,.T.);
#5798 = EDGE_LOOP('',(#5799,#5800,#5808,#5814));
#5799 = ORIENTED_EDGE('',*,*,#5540,.F.);
#5800 = ORIENTED_EDGE('',*,*,#5801,.T.);
#5801 = EDGE_CURVE('',#5533,#5802,#5804,.T.);
#5802 = VERTEX_POINT('',#5803);
#5803 = CARTESIAN_POINT('',(314.19636790678,-149.5943824536,
    -272.0970318374));
#5804 = LINE('',#5805,#5806);
#5805 = CARTESIAN_POINT('',(314.19636790678,-159.5943824536,
    -272.0970318374));
#5806 = VECTOR('',#5807,1.);
#5807 = DIRECTION('',(5.95343464409E-30,1.,-5.373479439186E-14));
#5808 = ORIENTED_EDGE('',*,*,#5809,.F.);
#5809 = EDGE_CURVE('',#5777,#5802,#5810,.T.);
#5810 = LINE('',#5811,#5812);
#5811 = CARTESIAN_POINT('',(314.19636790678,-149.5943824537,
    -362.3471362745));
#5812 = VECTOR('',#5813,1.);
#5813 = DIRECTION('',(-1.249000770354E-16,-5.195843755246E-14,-1.));
#5814 = ORIENTED_EDGE('',*,*,#5785,.F.);
#5815 = PLANE('',#5816);
#5816 = AXIS2_PLACEMENT_3D('',#5817,#5818,#5819);
#5817 = CARTESIAN_POINT('',(314.19636790678,-159.5943824536,
    -272.0970318374));
#5818 = DIRECTION('',(-1.,1.266491460312E-29,1.249000770354E-16));
#5819 = DIRECTION('',(1.249000770354E-16,5.335546213084E-14,1.));
#5820 = ADVANCED_FACE('',(#5821),#5846,.T.);
#5821 = FACE_BOUND('',#5822,.T.);
#5822 = EDGE_LOOP('',(#5823,#5831,#5832,#5840));
#5823 = ORIENTED_EDGE('',*,*,#5824,.T.);
#5824 = EDGE_CURVE('',#5825,#461,#5827,.T.);
#5825 = VERTEX_POINT('',#5826);
#5826 = CARTESIAN_POINT('',(296.19636790678,-152.5943824536,
    111.90296816252));
#5827 = LINE('',#5828,#5829);
#5828 = CARTESIAN_POINT('',(296.19636790678,-152.5943824536,
    111.90296816252));
#5829 = VECTOR('',#5830,1.);
#5830 = DIRECTION('',(-0.707106781187,-0.707106781186,3.666165891025E-14
    ));
#5831 = ORIENTED_EDGE('',*,*,#460,.T.);
#5832 = ORIENTED_EDGE('',*,*,#5833,.T.);
#5833 = EDGE_CURVE('',#463,#5834,#5836,.T.);
#5834 = VERTEX_POINT('',#5835);
#5835 = CARTESIAN_POINT('',(296.19636790678,-152.5943824536,
    -272.0970318374));
#5836 = LINE('',#5837,#5838);
#5837 = CARTESIAN_POINT('',(295.19636790678,-153.5943824536,
    -272.0970318374));
#5838 = VECTOR('',#5839,1.);
#5839 = DIRECTION('',(0.707106781187,0.707106781186,-4.294202874499E-14)
  );
#5840 = ORIENTED_EDGE('',*,*,#5841,.T.);
#5841 = EDGE_CURVE('',#5834,#5825,#5842,.T.);
#5842 = LINE('',#5843,#5844);
#5843 = CARTESIAN_POINT('',(296.19636790678,-152.5943824537,
    -356.3221924147));
#5844 = VECTOR('',#5845,1.);
#5845 = DIRECTION('',(1.249000770354E-16,5.200354036283E-14,1.));
#5846 = PLANE('',#5847);
#5847 = AXIS2_PLACEMENT_3D('',#5848,#5849,#5850);
#5848 = CARTESIAN_POINT('',(295.69636790678,-153.0943824537,
    -356.3221924147));
#5849 = DIRECTION('',(0.707106781186,-0.707106781187,3.668373834485E-14)
  );
#5850 = DIRECTION('',(-0.707106781187,-0.707106781186,3.666165891025E-14
    ));
#5851 = ADVANCED_FACE('',(#5852),#5871,.F.);
#5852 = FACE_BOUND('',#5853,.F.);
#5853 = EDGE_LOOP('',(#5854,#5855,#5863,#5870));
#5854 = ORIENTED_EDGE('',*,*,#470,.F.);
#5855 = ORIENTED_EDGE('',*,*,#5856,.F.);
#5856 = EDGE_CURVE('',#5857,#471,#5859,.T.);
#5857 = VERTEX_POINT('',#5858);
#5858 = CARTESIAN_POINT('',(298.19636790678,-152.5943824536,
    113.90296816252));
#5859 = LINE('',#5860,#5861);
#5860 = CARTESIAN_POINT('',(298.19636790678,-152.5943824536,
    113.90296816252));
#5861 = VECTOR('',#5862,1.);
#5862 = DIRECTION('',(-7.850462293417E-17,-0.707106781187,0.707106781186
    ));
#5863 = ORIENTED_EDGE('',*,*,#5864,.F.);
#5864 = EDGE_CURVE('',#5825,#5857,#5865,.T.);
#5865 = CIRCLE('',#5866,2.);
#5866 = AXIS2_PLACEMENT_3D('',#5867,#5868,#5869);
#5867 = CARTESIAN_POINT('',(298.19636790678,-152.5943824536,
    111.90296816252));
#5868 = DIRECTION('',(-1.401799019691E-29,1.,-5.200354036283E-14));
#5869 = DIRECTION('',(-0.707106781187,3.677205603627E-14,0.707106781187)
  );
#5870 = ORIENTED_EDGE('',*,*,#5824,.T.);
#5871 = CONICAL_SURFACE('',#5872,2.5,0.785398163397);
#5872 = AXIS2_PLACEMENT_3D('',#5873,#5874,#5875);
#5873 = CARTESIAN_POINT('',(298.19636790678,-153.0943824536,
    111.90296816252));
#5874 = DIRECTION('',(-5.756219417785E-30,-1.,5.195843755246E-14));
#5875 = DIRECTION('',(-0.707106781187,3.67401635332E-14,0.707106781187)
  );
#5876 = ADVANCED_FACE('',(#5877),#5895,.T.);
#5877 = FACE_BOUND('',#5878,.T.);
#5878 = EDGE_LOOP('',(#5879,#5887,#5888,#5889));
#5879 = ORIENTED_EDGE('',*,*,#5880,.T.);
#5880 = EDGE_CURVE('',#5881,#480,#5883,.T.);
#5881 = VERTEX_POINT('',#5882);
#5882 = CARTESIAN_POINT('',(302.19636790678,-152.5943824536,
    113.90296816252));
#5883 = LINE('',#5884,#5885);
#5884 = CARTESIAN_POINT('',(302.19636790678,-152.5943824536,
    113.90296816252));
#5885 = VECTOR('',#5886,1.);
#5886 = DIRECTION('',(-7.850462293424E-17,-0.707106781186,0.707106781187
    ));
#5887 = ORIENTED_EDGE('',*,*,#479,.T.);
#5888 = ORIENTED_EDGE('',*,*,#5856,.F.);
#5889 = ORIENTED_EDGE('',*,*,#5890,.T.);
#5890 = EDGE_CURVE('',#5857,#5881,#5891,.T.);
#5891 = LINE('',#5892,#5893);
#5892 = CARTESIAN_POINT('',(285.44657543042,-152.5943824536,
    113.90296816252));
#5893 = VECTOR('',#5894,1.);
#5894 = DIRECTION('',(1.,1.202550606141E-29,-1.249000770354E-16));
#5895 = PLANE('',#5896);
#5896 = AXIS2_PLACEMENT_3D('',#5897,#5898,#5899);
#5897 = CARTESIAN_POINT('',(285.44657543042,-153.0943824536,
    114.40296816252));
#5898 = DIRECTION('',(-8.831769144242E-17,-0.707106781187,
    -0.707106781186));
#5899 = DIRECTION('',(-1.,2.359223794976E-16,-1.110223024625E-16));
#5900 = ADVANCED_FACE('',(#5901),#5920,.F.);
#5901 = FACE_BOUND('',#5902,.F.);
#5902 = EDGE_LOOP('',(#5903,#5904,#5912,#5919));
#5903 = ORIENTED_EDGE('',*,*,#487,.F.);
#5904 = ORIENTED_EDGE('',*,*,#5905,.F.);
#5905 = EDGE_CURVE('',#5906,#488,#5908,.T.);
#5906 = VERTEX_POINT('',#5907);
#5907 = CARTESIAN_POINT('',(304.19636790678,-152.5943824536,
    111.90296816252));
#5908 = LINE('',#5909,#5910);
#5909 = CARTESIAN_POINT('',(304.19636790678,-152.5943824536,
    111.90296816252));
#5910 = VECTOR('',#5911,1.);
#5911 = DIRECTION('',(0.707106781186,-0.707106781187,3.681866815615E-14)
  );
#5912 = ORIENTED_EDGE('',*,*,#5913,.F.);
#5913 = EDGE_CURVE('',#5881,#5906,#5914,.T.);
#5914 = CIRCLE('',#5915,2.);
#5915 = AXIS2_PLACEMENT_3D('',#5916,#5917,#5918);
#5916 = CARTESIAN_POINT('',(302.19636790678,-152.5943824536,
    111.90296816252));
#5917 = DIRECTION('',(-1.254138038047E-29,1.,-5.200354036283E-14));
#5918 = DIRECTION('',(0.707106781187,3.677205603627E-14,0.707106781187)
  );
#5919 = ORIENTED_EDGE('',*,*,#5880,.T.);
#5920 = CONICAL_SURFACE('',#5921,2.5,0.785398163397);
#5921 = AXIS2_PLACEMENT_3D('',#5922,#5923,#5924);
#5922 = CARTESIAN_POINT('',(302.19636790678,-153.0943824536,
    111.90296816252));
#5923 = DIRECTION('',(-5.756219417785E-30,-1.,5.195843755246E-14));
#5924 = DIRECTION('',(0.707106781187,3.67401635332E-14,0.707106781187));
#5925 = ADVANCED_FACE('',(#5926),#5944,.T.);
#5926 = FACE_BOUND('',#5927,.T.);
#5927 = EDGE_LOOP('',(#5928,#5936,#5937,#5938));
#5928 = ORIENTED_EDGE('',*,*,#5929,.T.);
#5929 = EDGE_CURVE('',#5930,#497,#5932,.T.);
#5930 = VERTEX_POINT('',#5931);
#5931 = CARTESIAN_POINT('',(304.19636790678,-152.5943824536,
    -272.0970318374));
#5932 = LINE('',#5933,#5934);
#5933 = CARTESIAN_POINT('',(304.19636790678,-152.5943824536,
    -272.0970318374));
#5934 = VECTOR('',#5935,1.);
#5935 = DIRECTION('',(0.707106781187,-0.707106781186,4.309903799085E-14)
  );
#5936 = ORIENTED_EDGE('',*,*,#496,.T.);
#5937 = ORIENTED_EDGE('',*,*,#5905,.F.);
#5938 = ORIENTED_EDGE('',*,*,#5939,.T.);
#5939 = EDGE_CURVE('',#5906,#5930,#5940,.T.);
#5940 = LINE('',#5941,#5942);
#5941 = CARTESIAN_POINT('',(304.19636790678,-152.5943824536,
    -159.3221924147));
#5942 = VECTOR('',#5943,1.);
#5943 = DIRECTION('',(-1.249000770354E-16,-5.200354036283E-14,-1.));
#5944 = PLANE('',#5945);
#5945 = AXIS2_PLACEMENT_3D('',#5946,#5947,#5948);
#5946 = CARTESIAN_POINT('',(304.69636790678,-153.0943824536,
    -159.3221924147));
#5947 = DIRECTION('',(-0.707106781186,-0.707106781187,3.686037372773E-14
    ));
#5948 = DIRECTION('',(-0.707106781187,0.707106781186,-3.681866815611E-14
    ));
#5949 = ADVANCED_FACE('',(#5950),#5969,.F.);
#5950 = FACE_BOUND('',#5951,.F.);
#5951 = EDGE_LOOP('',(#5952,#5961,#5962,#5963));
#5952 = ORIENTED_EDGE('',*,*,#5953,.F.);
#5953 = EDGE_CURVE('',#5930,#5954,#5956,.T.);
#5954 = VERTEX_POINT('',#5955);
#5955 = CARTESIAN_POINT('',(302.19636790678,-152.5943824536,
    -274.0970318374));
#5956 = CIRCLE('',#5957,2.);
#5957 = AXIS2_PLACEMENT_3D('',#5958,#5959,#5960);
#5958 = CARTESIAN_POINT('',(302.19636790678,-152.5943824536,
    -272.0970318374));
#5959 = DIRECTION('',(-1.852075225885E-29,1.,-5.200354036283E-14));
#5960 = DIRECTION('',(-1.249000770354E-16,-5.200354036283E-14,-1.));
#5961 = ORIENTED_EDGE('',*,*,#5929,.T.);
#5962 = ORIENTED_EDGE('',*,*,#504,.F.);
#5963 = ORIENTED_EDGE('',*,*,#5964,.F.);
#5964 = EDGE_CURVE('',#5954,#505,#5965,.T.);
#5965 = LINE('',#5966,#5967);
#5966 = CARTESIAN_POINT('',(302.19636790678,-152.5943824536,
    -274.0970318374));
#5967 = VECTOR('',#5968,1.);
#5968 = DIRECTION('',(7.850462293421E-17,-0.707106781186,-0.707106781187
    ));
#5969 = CONICAL_SURFACE('',#5970,2.5,0.785398163398);
#5970 = AXIS2_PLACEMENT_3D('',#5971,#5972,#5973);
#5971 = CARTESIAN_POINT('',(302.19636790678,-153.0943824536,
    -272.0970318374));
#5972 = DIRECTION('',(-5.756219417785E-30,-1.,5.195843755246E-14));
#5973 = DIRECTION('',(-1.249000770354E-16,-5.195843755246E-14,-1.));
#5974 = ADVANCED_FACE('',(#5975),#5993,.T.);
#5975 = FACE_BOUND('',#5976,.T.);
#5976 = EDGE_LOOP('',(#5977,#5985,#5986,#5987));
#5977 = ORIENTED_EDGE('',*,*,#5978,.T.);
#5978 = EDGE_CURVE('',#5979,#514,#5981,.T.);
#5979 = VERTEX_POINT('',#5980);
#5980 = CARTESIAN_POINT('',(298.19636790678,-152.5943824536,
    -274.0970318374));
#5981 = LINE('',#5982,#5983);
#5982 = CARTESIAN_POINT('',(298.19636790678,-152.5943824536,
    -274.0970318374));
#5983 = VECTOR('',#5984,1.);
#5984 = DIRECTION('',(7.850462293423E-17,-0.707106781186,-0.707106781187
    ));
#5985 = ORIENTED_EDGE('',*,*,#513,.T.);
#5986 = ORIENTED_EDGE('',*,*,#5964,.F.);
#5987 = ORIENTED_EDGE('',*,*,#5988,.T.);
#5988 = EDGE_CURVE('',#5954,#5979,#5989,.T.);
#5989 = LINE('',#5990,#5991);
#5990 = CARTESIAN_POINT('',(287.44657543042,-152.5943824536,
    -274.0970318374));
#5991 = VECTOR('',#5992,1.);
#5992 = DIRECTION('',(-1.,-1.202550606142E-29,1.249000770353E-16));
#5993 = PLANE('',#5994);
#5994 = AXIS2_PLACEMENT_3D('',#5995,#5996,#5997);
#5995 = CARTESIAN_POINT('',(287.44657543042,-153.0943824536,
    -274.5970318374));
#5996 = DIRECTION('',(8.831769144236E-17,-0.707106781187,0.707106781186)
  );
#5997 = DIRECTION('',(-1.,-2.359223794976E-16,-1.110223024625E-16));
#5998 = ADVANCED_FACE('',(#5999),#6011,.F.);
#5999 = FACE_BOUND('',#6000,.F.);
#6000 = EDGE_LOOP('',(#6001,#6008,#6009,#6010));
#6001 = ORIENTED_EDGE('',*,*,#6002,.F.);
#6002 = EDGE_CURVE('',#5979,#5834,#6003,.T.);
#6003 = CIRCLE('',#6004,2.);
#6004 = AXIS2_PLACEMENT_3D('',#6005,#6006,#6007);
#6005 = CARTESIAN_POINT('',(298.19636790678,-152.5943824536,
    -272.0970318374));
#6006 = DIRECTION('',(-1.852075225885E-29,1.,-5.200354036283E-14));
#6007 = DIRECTION('',(-1.,-1.859562397992E-27,-3.540223671097E-14));
#6008 = ORIENTED_EDGE('',*,*,#5978,.T.);
#6009 = ORIENTED_EDGE('',*,*,#521,.F.);
#6010 = ORIENTED_EDGE('',*,*,#5833,.T.);
#6011 = CONICAL_SURFACE('',#6012,2.5,0.785398163398);
#6012 = AXIS2_PLACEMENT_3D('',#6013,#6014,#6015);
#6013 = CARTESIAN_POINT('',(298.19636790678,-153.0943824536,
    -272.0970318374));
#6014 = DIRECTION('',(-5.756219417785E-30,-1.,5.195843755246E-14));
#6015 = DIRECTION('',(-1.,-1.833688685946E-27,-3.540223671097E-14));
#6016 = ADVANCED_FACE('',(#6017),#6043,.F.);
#6017 = FACE_BOUND('',#6018,.F.);
#6018 = EDGE_LOOP('',(#6019,#6027,#6036,#6042));
#6019 = ORIENTED_EDGE('',*,*,#6020,.F.);
#6020 = EDGE_CURVE('',#6021,#5906,#6023,.T.);
#6021 = VERTEX_POINT('',#6022);
#6022 = CARTESIAN_POINT('',(304.19636790678,-149.5943824536,
    111.90296816252));
#6023 = LINE('',#6024,#6025);
#6024 = CARTESIAN_POINT('',(304.19636790678,-159.5943824536,
    111.90296816252));
#6025 = VECTOR('',#6026,1.);
#6026 = DIRECTION('',(-5.95343464409E-30,-1.,5.373479439186E-14));
#6027 = ORIENTED_EDGE('',*,*,#6028,.F.);
#6028 = EDGE_CURVE('',#6029,#6021,#6031,.T.);
#6029 = VERTEX_POINT('',#6030);
#6030 = CARTESIAN_POINT('',(302.19636790678,-149.5943824536,
    113.90296816252));
#6031 = CIRCLE('',#6032,2.);
#6032 = AXIS2_PLACEMENT_3D('',#6033,#6034,#6035);
#6033 = CARTESIAN_POINT('',(302.19636790678,-149.5943824536,
    111.90296816252));
#6034 = DIRECTION('',(1.011453856706E-29,1.,-5.195843755246E-14));
#6035 = DIRECTION('',(0.707106781187,3.67401635332E-14,0.707106781187));
#6036 = ORIENTED_EDGE('',*,*,#6037,.F.);
#6037 = EDGE_CURVE('',#5881,#6029,#6038,.T.);
#6038 = LINE('',#6039,#6040);
#6039 = CARTESIAN_POINT('',(302.19636790678,-159.5943824536,
    113.90296816252));
#6040 = VECTOR('',#6041,1.);
#6041 = DIRECTION('',(5.95343464409E-30,1.,-5.373479439186E-14));
#6042 = ORIENTED_EDGE('',*,*,#5913,.T.);
#6043 = CYLINDRICAL_SURFACE('',#6044,2.);
#6044 = AXIS2_PLACEMENT_3D('',#6045,#6046,#6047);
#6045 = CARTESIAN_POINT('',(302.19636790678,-159.5943824536,
    111.90296816252));
#6046 = DIRECTION('',(5.95343464409E-30,1.,-5.373479439186E-14));
#6047 = DIRECTION('',(0.707106781187,3.799623750015E-14,0.707106781187)
  );
#6048 = ADVANCED_FACE('',(#6049),#6067,.F.);
#6049 = FACE_BOUND('',#6050,.T.);
#6050 = EDGE_LOOP('',(#6051,#6052,#6060,#6066));
#6051 = ORIENTED_EDGE('',*,*,#5890,.F.);
#6052 = ORIENTED_EDGE('',*,*,#6053,.F.);
#6053 = EDGE_CURVE('',#6054,#5857,#6056,.T.);
#6054 = VERTEX_POINT('',#6055);
#6055 = CARTESIAN_POINT('',(298.19636790678,-149.5943824536,
    113.90296816252));
#6056 = LINE('',#6057,#6058);
#6057 = CARTESIAN_POINT('',(298.19636790678,-159.5943824536,
    113.90296816252));
#6058 = VECTOR('',#6059,1.);
#6059 = DIRECTION('',(-5.95343464409E-30,-1.,5.373479439186E-14));
#6060 = ORIENTED_EDGE('',*,*,#6061,.F.);
#6061 = EDGE_CURVE('',#6029,#6054,#6062,.T.);
#6062 = LINE('',#6063,#6064);
#6063 = CARTESIAN_POINT('',(181.96545974371,-149.5943824536,
    113.90296816252));
#6064 = VECTOR('',#6065,1.);
#6065 = DIRECTION('',(-1.,1.223658792014E-29,1.249000770354E-16));
#6066 = ORIENTED_EDGE('',*,*,#6037,.F.);
#6067 = PLANE('',#6068);
#6068 = AXIS2_PLACEMENT_3D('',#6069,#6070,#6071);
#6069 = CARTESIAN_POINT('',(298.19636790678,-159.5943824536,
    113.90296816252));
#6070 = DIRECTION('',(1.249000770354E-16,5.373479439186E-14,1.));
#6071 = DIRECTION('',(1.,-1.218728411356E-29,-1.249000770354E-16));
#6072 = ADVANCED_FACE('',(#6073),#6092,.F.);
#6073 = FACE_BOUND('',#6074,.F.);
#6074 = EDGE_LOOP('',(#6075,#6076,#6085,#6091));
#6075 = ORIENTED_EDGE('',*,*,#6053,.F.);
#6076 = ORIENTED_EDGE('',*,*,#6077,.F.);
#6077 = EDGE_CURVE('',#6078,#6054,#6080,.T.);
#6078 = VERTEX_POINT('',#6079);
#6079 = CARTESIAN_POINT('',(296.19636790678,-149.5943824536,
    111.90296816252));
#6080 = CIRCLE('',#6081,2.);
#6081 = AXIS2_PLACEMENT_3D('',#6082,#6083,#6084);
#6082 = CARTESIAN_POINT('',(298.19636790678,-149.5943824536,
    111.90296816252));
#6083 = DIRECTION('',(1.259975356362E-29,1.,-5.195843755246E-14));
#6084 = DIRECTION('',(-0.707106781187,3.67401635332E-14,0.707106781187)
  );
#6085 = ORIENTED_EDGE('',*,*,#6086,.F.);
#6086 = EDGE_CURVE('',#5825,#6078,#6087,.T.);
#6087 = LINE('',#6088,#6089);
#6088 = CARTESIAN_POINT('',(296.19636790678,-159.5943824536,
    111.90296816252));
#6089 = VECTOR('',#6090,1.);
#6090 = DIRECTION('',(5.95343464409E-30,1.,-5.373479439186E-14));
#6091 = ORIENTED_EDGE('',*,*,#5864,.T.);
#6092 = CYLINDRICAL_SURFACE('',#6093,2.);
#6093 = AXIS2_PLACEMENT_3D('',#6094,#6095,#6096);
#6094 = CARTESIAN_POINT('',(298.19636790678,-159.5943824536,
    111.90296816252));
#6095 = DIRECTION('',(5.95343464409E-30,1.,-5.373479439186E-14));
#6096 = DIRECTION('',(-0.707106781187,3.799623750015E-14,0.707106781187)
  );
#6097 = ADVANCED_FACE('',(#6098),#6116,.F.);
#6098 = FACE_BOUND('',#6099,.T.);
#6099 = EDGE_LOOP('',(#6100,#6101,#6109,#6115));
#6100 = ORIENTED_EDGE('',*,*,#5841,.F.);
#6101 = ORIENTED_EDGE('',*,*,#6102,.T.);
#6102 = EDGE_CURVE('',#5834,#6103,#6105,.T.);
#6103 = VERTEX_POINT('',#6104);
#6104 = CARTESIAN_POINT('',(296.19636790678,-149.5943824536,
    -272.0970318374));
#6105 = LINE('',#6106,#6107);
#6106 = CARTESIAN_POINT('',(296.19636790678,-159.5943824536,
    -272.0970318374));
#6107 = VECTOR('',#6108,1.);
#6108 = DIRECTION('',(5.95343464409E-30,1.,-5.373479439186E-14));
#6109 = ORIENTED_EDGE('',*,*,#6110,.F.);
#6110 = EDGE_CURVE('',#6078,#6103,#6111,.T.);
#6111 = LINE('',#6112,#6113);
#6112 = CARTESIAN_POINT('',(296.19636790678,-149.5943824537,
    -362.3471362745));
#6113 = VECTOR('',#6114,1.);
#6114 = DIRECTION('',(-1.249000770354E-16,-5.195843755246E-14,-1.));
#6115 = ORIENTED_EDGE('',*,*,#6086,.F.);
#6116 = PLANE('',#6117);
#6117 = AXIS2_PLACEMENT_3D('',#6118,#6119,#6120);
#6118 = CARTESIAN_POINT('',(296.19636790678,-159.5943824536,
    -272.0970318374));
#6119 = DIRECTION('',(-1.,1.266491460312E-29,1.249000770354E-16));
#6120 = DIRECTION('',(1.249000770354E-16,5.335546213084E-14,1.));
#6121 = ADVANCED_FACE('',(#6122),#6147,.T.);
#6122 = FACE_BOUND('',#6123,.T.);
#6123 = EDGE_LOOP('',(#6124,#6132,#6133,#6141));
#6124 = ORIENTED_EDGE('',*,*,#6125,.T.);
#6125 = EDGE_CURVE('',#6126,#2139,#6128,.T.);
#6126 = VERTEX_POINT('',#6127);
#6127 = CARTESIAN_POINT('',(278.19636790678,-152.5943824536,
    111.90296816252));
#6128 = LINE('',#6129,#6130);
#6129 = CARTESIAN_POINT('',(278.19636790678,-152.5943824536,
    111.90296816252));
#6130 = VECTOR('',#6131,1.);
#6131 = DIRECTION('',(-0.707106781187,-0.707106781186,3.666165891025E-14
    ));
#6132 = ORIENTED_EDGE('',*,*,#2138,.T.);
#6133 = ORIENTED_EDGE('',*,*,#6134,.T.);
#6134 = EDGE_CURVE('',#2141,#6135,#6137,.T.);
#6135 = VERTEX_POINT('',#6136);
#6136 = CARTESIAN_POINT('',(278.19636790678,-152.5943824536,
    -272.0970318374));
#6137 = LINE('',#6138,#6139);
#6138 = CARTESIAN_POINT('',(277.19636790678,-153.5943824536,
    -272.0970318374));
#6139 = VECTOR('',#6140,1.);
#6140 = DIRECTION('',(0.707106781187,0.707106781186,-3.038128907551E-14)
  );
#6141 = ORIENTED_EDGE('',*,*,#6142,.T.);
#6142 = EDGE_CURVE('',#6135,#6126,#6143,.T.);
#6143 = LINE('',#6144,#6145);
#6144 = CARTESIAN_POINT('',(278.19636790678,-152.5943824537,
    -356.3221924147));
#6145 = VECTOR('',#6146,1.);
#6146 = DIRECTION('',(1.249000770354E-16,5.200354036283E-14,1.));
#6147 = PLANE('',#6148);
#6148 = AXIS2_PLACEMENT_3D('',#6149,#6150,#6151);
#6149 = CARTESIAN_POINT('',(277.69636790678,-153.0943824537,
    -356.3221924147));
#6150 = DIRECTION('',(0.707106781186,-0.707106781187,3.668373834485E-14)
  );
#6151 = DIRECTION('',(-0.707106781187,-0.707106781186,3.666165891025E-14
    ));
#6152 = ADVANCED_FACE('',(#6153),#6172,.F.);
#6153 = FACE_BOUND('',#6154,.F.);
#6154 = EDGE_LOOP('',(#6155,#6156,#6164,#6171));
#6155 = ORIENTED_EDGE('',*,*,#2148,.F.);
#6156 = ORIENTED_EDGE('',*,*,#6157,.F.);
#6157 = EDGE_CURVE('',#6158,#2149,#6160,.T.);
#6158 = VERTEX_POINT('',#6159);
#6159 = CARTESIAN_POINT('',(280.19636790678,-152.5943824536,
    113.90296816252));
#6160 = LINE('',#6161,#6162);
#6161 = CARTESIAN_POINT('',(280.19636790678,-152.5943824536,
    113.90296816252));
#6162 = VECTOR('',#6163,1.);
#6163 = DIRECTION('',(-7.850462293416E-17,-0.707106781187,0.707106781186
    ));
#6164 = ORIENTED_EDGE('',*,*,#6165,.F.);
#6165 = EDGE_CURVE('',#6126,#6158,#6166,.T.);
#6166 = CIRCLE('',#6167,2.);
#6167 = AXIS2_PLACEMENT_3D('',#6168,#6169,#6170);
#6168 = CARTESIAN_POINT('',(280.19636790678,-152.5943824536,
    111.90296816252));
#6169 = DIRECTION('',(-1.478095660195E-29,1.,-5.200354036283E-14));
#6170 = DIRECTION('',(-0.707106781187,3.677205603627E-14,0.707106781187)
  );
#6171 = ORIENTED_EDGE('',*,*,#6125,.T.);
#6172 = CONICAL_SURFACE('',#6173,2.5,0.785398163397);
#6173 = AXIS2_PLACEMENT_3D('',#6174,#6175,#6176);
#6174 = CARTESIAN_POINT('',(280.19636790678,-153.0943824536,
    111.90296816252));
#6175 = DIRECTION('',(-5.756219417785E-30,-1.,5.195843755246E-14));
#6176 = DIRECTION('',(-0.707106781187,3.67401635332E-14,0.707106781187)
  );
#6177 = ADVANCED_FACE('',(#6178),#6196,.T.);
#6178 = FACE_BOUND('',#6179,.T.);
#6179 = EDGE_LOOP('',(#6180,#6188,#6189,#6190));
#6180 = ORIENTED_EDGE('',*,*,#6181,.T.);
#6181 = EDGE_CURVE('',#6182,#2158,#6184,.T.);
#6182 = VERTEX_POINT('',#6183);
#6183 = CARTESIAN_POINT('',(284.19636790678,-152.5943824536,
    113.90296816252));
#6184 = LINE('',#6185,#6186);
#6185 = CARTESIAN_POINT('',(284.19636790678,-152.5943824536,
    113.90296816252));
#6186 = VECTOR('',#6187,1.);
#6187 = DIRECTION('',(-7.850462293424E-17,-0.707106781186,0.707106781187
    ));
#6188 = ORIENTED_EDGE('',*,*,#2157,.T.);
#6189 = ORIENTED_EDGE('',*,*,#6157,.F.);
#6190 = ORIENTED_EDGE('',*,*,#6191,.T.);
#6191 = EDGE_CURVE('',#6158,#6182,#6192,.T.);
#6192 = LINE('',#6193,#6194);
#6193 = CARTESIAN_POINT('',(276.44657543042,-152.5943824536,
    113.90296816252));
#6194 = VECTOR('',#6195,1.);
#6195 = DIRECTION('',(1.,1.202550606141E-29,-1.249000770354E-16));
#6196 = PLANE('',#6197);
#6197 = AXIS2_PLACEMENT_3D('',#6198,#6199,#6200);
#6198 = CARTESIAN_POINT('',(276.44657543042,-153.0943824536,
    114.40296816252));
#6199 = DIRECTION('',(-8.831769144242E-17,-0.707106781187,
    -0.707106781186));
#6200 = DIRECTION('',(-1.,2.359223794976E-16,-1.110223024625E-16));
#6201 = ADVANCED_FACE('',(#6202),#6221,.F.);
#6202 = FACE_BOUND('',#6203,.F.);
#6203 = EDGE_LOOP('',(#6204,#6205,#6213,#6220));
#6204 = ORIENTED_EDGE('',*,*,#2165,.F.);
#6205 = ORIENTED_EDGE('',*,*,#6206,.F.);
#6206 = EDGE_CURVE('',#6207,#2166,#6209,.T.);
#6207 = VERTEX_POINT('',#6208);
#6208 = CARTESIAN_POINT('',(286.19636790678,-152.5943824536,
    111.90296816252));
#6209 = LINE('',#6210,#6211);
#6210 = CARTESIAN_POINT('',(286.19636790678,-152.5943824536,
    111.90296816252));
#6211 = VECTOR('',#6212,1.);
#6212 = DIRECTION('',(0.707106781186,-0.707106781187,3.681866815615E-14)
  );
#6213 = ORIENTED_EDGE('',*,*,#6214,.F.);
#6214 = EDGE_CURVE('',#6182,#6207,#6215,.T.);
#6215 = CIRCLE('',#6216,2.);
#6216 = AXIS2_PLACEMENT_3D('',#6217,#6218,#6219);
#6217 = CARTESIAN_POINT('',(284.19636790678,-152.5943824536,
    111.90296816252));
#6218 = DIRECTION('',(-1.307358671927E-29,1.,-5.200354036283E-14));
#6219 = DIRECTION('',(0.707106781187,3.677205603627E-14,0.707106781187)
  );
#6220 = ORIENTED_EDGE('',*,*,#6181,.T.);
#6221 = CONICAL_SURFACE('',#6222,2.5,0.785398163397);
#6222 = AXIS2_PLACEMENT_3D('',#6223,#6224,#6225);
#6223 = CARTESIAN_POINT('',(284.19636790678,-153.0943824536,
    111.90296816252));
#6224 = DIRECTION('',(-5.756219417785E-30,-1.,5.195843755246E-14));
#6225 = DIRECTION('',(0.707106781187,3.67401635332E-14,0.707106781187));
#6226 = ADVANCED_FACE('',(#6227),#6245,.T.);
#6227 = FACE_BOUND('',#6228,.T.);
#6228 = EDGE_LOOP('',(#6229,#6237,#6238,#6239));
#6229 = ORIENTED_EDGE('',*,*,#6230,.T.);
#6230 = EDGE_CURVE('',#6231,#2175,#6233,.T.);
#6231 = VERTEX_POINT('',#6232);
#6232 = CARTESIAN_POINT('',(286.19636790678,-152.5943824536,
    -272.0970318374));
#6233 = LINE('',#6234,#6235);
#6234 = CARTESIAN_POINT('',(286.19636790678,-152.5943824536,
    -272.0970318374));
#6235 = VECTOR('',#6236,1.);
#6236 = DIRECTION('',(0.707106781187,-0.707106781186,4.309903799085E-14)
  );
#6237 = ORIENTED_EDGE('',*,*,#2174,.T.);
#6238 = ORIENTED_EDGE('',*,*,#6206,.F.);
#6239 = ORIENTED_EDGE('',*,*,#6240,.T.);
#6240 = EDGE_CURVE('',#6207,#6231,#6241,.T.);
#6241 = LINE('',#6242,#6243);
#6242 = CARTESIAN_POINT('',(286.19636790678,-152.5943824536,
    -159.3221924147));
#6243 = VECTOR('',#6244,1.);
#6244 = DIRECTION('',(-1.249000770354E-16,-5.200354036283E-14,-1.));
#6245 = PLANE('',#6246);
#6246 = AXIS2_PLACEMENT_3D('',#6247,#6248,#6249);
#6247 = CARTESIAN_POINT('',(286.69636790678,-153.0943824536,
    -159.3221924147));
#6248 = DIRECTION('',(-0.707106781186,-0.707106781187,3.686037372773E-14
    ));
#6249 = DIRECTION('',(-0.707106781187,0.707106781186,-3.681866815611E-14
    ));
#6250 = ADVANCED_FACE('',(#6251),#6270,.F.);
#6251 = FACE_BOUND('',#6252,.F.);
#6252 = EDGE_LOOP('',(#6253,#6262,#6263,#6264));
#6253 = ORIENTED_EDGE('',*,*,#6254,.F.);
#6254 = EDGE_CURVE('',#6231,#6255,#6257,.T.);
#6255 = VERTEX_POINT('',#6256);
#6256 = CARTESIAN_POINT('',(284.19636790678,-152.5943824536,
    -274.0970318374));
#6257 = CIRCLE('',#6258,2.);
#6258 = AXIS2_PLACEMENT_3D('',#6259,#6260,#6261);
#6259 = CARTESIAN_POINT('',(284.19636790678,-152.5943824536,
    -272.0970318374));
#6260 = DIRECTION('',(-1.852075225885E-29,1.,-5.200354036283E-14));
#6261 = DIRECTION('',(-1.249000770354E-16,-5.200354036283E-14,-1.));
#6262 = ORIENTED_EDGE('',*,*,#6230,.T.);
#6263 = ORIENTED_EDGE('',*,*,#2182,.F.);
#6264 = ORIENTED_EDGE('',*,*,#6265,.F.);
#6265 = EDGE_CURVE('',#6255,#2183,#6266,.T.);
#6266 = LINE('',#6267,#6268);
#6267 = CARTESIAN_POINT('',(284.19636790678,-152.5943824536,
    -274.0970318374));
#6268 = VECTOR('',#6269,1.);
#6269 = DIRECTION('',(7.850462293421E-17,-0.707106781186,-0.707106781187
    ));
#6270 = CONICAL_SURFACE('',#6271,2.5,0.785398163398);
#6271 = AXIS2_PLACEMENT_3D('',#6272,#6273,#6274);
#6272 = CARTESIAN_POINT('',(284.19636790678,-153.0943824536,
    -272.0970318374));
#6273 = DIRECTION('',(-5.756219417785E-30,-1.,5.195843755246E-14));
#6274 = DIRECTION('',(-1.249000770354E-16,-5.195843755246E-14,-1.));
#6275 = ADVANCED_FACE('',(#6276),#6294,.T.);
#6276 = FACE_BOUND('',#6277,.T.);
#6277 = EDGE_LOOP('',(#6278,#6286,#6287,#6288));
#6278 = ORIENTED_EDGE('',*,*,#6279,.T.);
#6279 = EDGE_CURVE('',#6280,#2192,#6282,.T.);
#6280 = VERTEX_POINT('',#6281);
#6281 = CARTESIAN_POINT('',(280.19636790678,-152.5943824536,
    -274.0970318374));
#6282 = LINE('',#6283,#6284);
#6283 = CARTESIAN_POINT('',(280.19636790678,-152.5943824536,
    -274.0970318374));
#6284 = VECTOR('',#6285,1.);
#6285 = DIRECTION('',(7.850462293423E-17,-0.707106781186,-0.707106781187
    ));
#6286 = ORIENTED_EDGE('',*,*,#2191,.T.);
#6287 = ORIENTED_EDGE('',*,*,#6265,.F.);
#6288 = ORIENTED_EDGE('',*,*,#6289,.T.);
#6289 = EDGE_CURVE('',#6255,#6280,#6290,.T.);
#6290 = LINE('',#6291,#6292);
#6291 = CARTESIAN_POINT('',(278.44657543042,-152.5943824536,
    -274.0970318374));
#6292 = VECTOR('',#6293,1.);
#6293 = DIRECTION('',(-1.,-1.202550606142E-29,1.249000770353E-16));
#6294 = PLANE('',#6295);
#6295 = AXIS2_PLACEMENT_3D('',#6296,#6297,#6298);
#6296 = CARTESIAN_POINT('',(278.44657543042,-153.0943824536,
    -274.5970318374));
#6297 = DIRECTION('',(8.831769144236E-17,-0.707106781187,0.707106781186)
  );
#6298 = DIRECTION('',(-1.,-2.359223794976E-16,-1.110223024625E-16));
#6299 = ADVANCED_FACE('',(#6300),#6312,.F.);
#6300 = FACE_BOUND('',#6301,.F.);
#6301 = EDGE_LOOP('',(#6302,#6309,#6310,#6311));
#6302 = ORIENTED_EDGE('',*,*,#6303,.F.);
#6303 = EDGE_CURVE('',#6280,#6135,#6304,.T.);
#6304 = CIRCLE('',#6305,2.);
#6305 = AXIS2_PLACEMENT_3D('',#6306,#6307,#6308);
#6306 = CARTESIAN_POINT('',(280.19636790678,-152.5943824536,
    -272.0970318374));
#6307 = DIRECTION('',(-1.852075225885E-29,1.,-5.200354036283E-14));
#6308 = DIRECTION('',(-1.,-1.859562397992E-27,-3.540223671097E-14));
#6309 = ORIENTED_EDGE('',*,*,#6279,.T.);
#6310 = ORIENTED_EDGE('',*,*,#2199,.F.);
#6311 = ORIENTED_EDGE('',*,*,#6134,.T.);
#6312 = CONICAL_SURFACE('',#6313,2.5,0.785398163398);
#6313 = AXIS2_PLACEMENT_3D('',#6314,#6315,#6316);
#6314 = CARTESIAN_POINT('',(280.19636790678,-153.0943824536,
    -272.0970318374));
#6315 = DIRECTION('',(-5.756219417785E-30,-1.,5.195843755246E-14));
#6316 = DIRECTION('',(-1.,-1.833688685946E-27,-3.540223671097E-14));
#6317 = ADVANCED_FACE('',(#6318),#6344,.F.);
#6318 = FACE_BOUND('',#6319,.F.);
#6319 = EDGE_LOOP('',(#6320,#6328,#6337,#6343));
#6320 = ORIENTED_EDGE('',*,*,#6321,.F.);
#6321 = EDGE_CURVE('',#6322,#6207,#6324,.T.);
#6322 = VERTEX_POINT('',#6323);
#6323 = CARTESIAN_POINT('',(286.19636790678,-149.5943824536,
    111.90296816252));
#6324 = LINE('',#6325,#6326);
#6325 = CARTESIAN_POINT('',(286.19636790678,-159.5943824536,
    111.90296816252));
#6326 = VECTOR('',#6327,1.);
#6327 = DIRECTION('',(-5.95343464409E-30,-1.,5.373479439186E-14));
#6328 = ORIENTED_EDGE('',*,*,#6329,.F.);
#6329 = EDGE_CURVE('',#6330,#6322,#6332,.T.);
#6330 = VERTEX_POINT('',#6331);
#6331 = CARTESIAN_POINT('',(284.19636790678,-149.5943824536,
    113.90296816252));
#6332 = CIRCLE('',#6333,2.);
#6333 = AXIS2_PLACEMENT_3D('',#6334,#6335,#6336);
#6334 = CARTESIAN_POINT('',(284.19636790678,-149.5943824536,
    111.90296816252));
#6335 = DIRECTION('',(1.15268293895E-29,1.,-5.195843755246E-14));
#6336 = DIRECTION('',(0.707106781187,3.67401635332E-14,0.707106781187));
#6337 = ORIENTED_EDGE('',*,*,#6338,.F.);
#6338 = EDGE_CURVE('',#6182,#6330,#6339,.T.);
#6339 = LINE('',#6340,#6341);
#6340 = CARTESIAN_POINT('',(284.19636790678,-159.5943824536,
    113.90296816252));
#6341 = VECTOR('',#6342,1.);
#6342 = DIRECTION('',(5.95343464409E-30,1.,-5.373479439186E-14));
#6343 = ORIENTED_EDGE('',*,*,#6214,.T.);
#6344 = CYLINDRICAL_SURFACE('',#6345,2.);
#6345 = AXIS2_PLACEMENT_3D('',#6346,#6347,#6348);
#6346 = CARTESIAN_POINT('',(284.19636790678,-159.5943824536,
    111.90296816252));
#6347 = DIRECTION('',(5.95343464409E-30,1.,-5.373479439186E-14));
#6348 = DIRECTION('',(0.707106781187,3.799623750015E-14,0.707106781187)
  );
#6349 = ADVANCED_FACE('',(#6350),#6368,.F.);
#6350 = FACE_BOUND('',#6351,.T.);
#6351 = EDGE_LOOP('',(#6352,#6353,#6361,#6367));
#6352 = ORIENTED_EDGE('',*,*,#6191,.F.);
#6353 = ORIENTED_EDGE('',*,*,#6354,.F.);
#6354 = EDGE_CURVE('',#6355,#6158,#6357,.T.);
#6355 = VERTEX_POINT('',#6356);
#6356 = CARTESIAN_POINT('',(280.19636790678,-149.5943824536,
    113.90296816252));
#6357 = LINE('',#6358,#6359);
#6358 = CARTESIAN_POINT('',(280.19636790678,-159.5943824536,
    113.90296816252));
#6359 = VECTOR('',#6360,1.);
#6360 = DIRECTION('',(-5.95343464409E-30,-1.,5.373479439186E-14));
#6361 = ORIENTED_EDGE('',*,*,#6362,.F.);
#6362 = EDGE_CURVE('',#6330,#6355,#6363,.T.);
#6363 = LINE('',#6364,#6365);
#6364 = CARTESIAN_POINT('',(172.96545974371,-149.5943824536,
    113.90296816252));
#6365 = VECTOR('',#6366,1.);
#6366 = DIRECTION('',(-1.,1.223658792014E-29,1.249000770354E-16));
#6367 = ORIENTED_EDGE('',*,*,#6338,.F.);
#6368 = PLANE('',#6369);
#6369 = AXIS2_PLACEMENT_3D('',#6370,#6371,#6372);
#6370 = CARTESIAN_POINT('',(280.19636790678,-159.5943824536,
    113.90296816252));
#6371 = DIRECTION('',(1.249000770354E-16,5.373479439186E-14,1.));
#6372 = DIRECTION('',(1.,-1.218728411356E-29,-1.249000770354E-16));
#6373 = ADVANCED_FACE('',(#6374),#6393,.F.);
#6374 = FACE_BOUND('',#6375,.F.);
#6375 = EDGE_LOOP('',(#6376,#6377,#6386,#6392));
#6376 = ORIENTED_EDGE('',*,*,#6354,.F.);
#6377 = ORIENTED_EDGE('',*,*,#6378,.F.);
#6378 = EDGE_CURVE('',#6379,#6355,#6381,.T.);
#6379 = VERTEX_POINT('',#6380);
#6380 = CARTESIAN_POINT('',(278.19636790678,-149.5943824536,
    111.90296816252));
#6381 = CIRCLE('',#6382,2.);
#6382 = AXIS2_PLACEMENT_3D('',#6383,#6384,#6385);
#6383 = CARTESIAN_POINT('',(280.19636790678,-149.5943824536,
    111.90296816252));
#6384 = DIRECTION('',(7.77088325626E-30,1.,-5.195843755246E-14));
#6385 = DIRECTION('',(-0.707106781187,3.67401635332E-14,0.707106781187)
  );
#6386 = ORIENTED_EDGE('',*,*,#6387,.F.);
#6387 = EDGE_CURVE('',#6126,#6379,#6388,.T.);
#6388 = LINE('',#6389,#6390);
#6389 = CARTESIAN_POINT('',(278.19636790678,-159.5943824536,
    111.90296816252));
#6390 = VECTOR('',#6391,1.);
#6391 = DIRECTION('',(5.95343464409E-30,1.,-5.373479439186E-14));
#6392 = ORIENTED_EDGE('',*,*,#6165,.T.);
#6393 = CYLINDRICAL_SURFACE('',#6394,2.);
#6394 = AXIS2_PLACEMENT_3D('',#6395,#6396,#6397);
#6395 = CARTESIAN_POINT('',(280.19636790678,-159.5943824536,
    111.90296816252));
#6396 = DIRECTION('',(5.95343464409E-30,1.,-5.373479439186E-14));
#6397 = DIRECTION('',(-0.707106781187,3.799623750015E-14,0.707106781187)
  );
#6398 = ADVANCED_FACE('',(#6399),#6417,.F.);
#6399 = FACE_BOUND('',#6400,.T.);
#6400 = EDGE_LOOP('',(#6401,#6402,#6410,#6416));
#6401 = ORIENTED_EDGE('',*,*,#6142,.F.);
#6402 = ORIENTED_EDGE('',*,*,#6403,.T.);
#6403 = EDGE_CURVE('',#6135,#6404,#6406,.T.);
#6404 = VERTEX_POINT('',#6405);
#6405 = CARTESIAN_POINT('',(278.19636790678,-149.5943824536,
    -272.0970318374));
#6406 = LINE('',#6407,#6408);
#6407 = CARTESIAN_POINT('',(278.19636790678,-159.5943824536,
    -272.0970318374));
#6408 = VECTOR('',#6409,1.);
#6409 = DIRECTION('',(5.95343464409E-30,1.,-5.373479439186E-14));
#6410 = ORIENTED_EDGE('',*,*,#6411,.F.);
#6411 = EDGE_CURVE('',#6379,#6404,#6412,.T.);
#6412 = LINE('',#6413,#6414);
#6413 = CARTESIAN_POINT('',(278.19636790678,-149.5943824537,
    -362.3471362745));
#6414 = VECTOR('',#6415,1.);
#6415 = DIRECTION('',(-1.249000770354E-16,-5.195843755246E-14,-1.));
#6416 = ORIENTED_EDGE('',*,*,#6387,.F.);
#6417 = PLANE('',#6418);
#6418 = AXIS2_PLACEMENT_3D('',#6419,#6420,#6421);
#6419 = CARTESIAN_POINT('',(278.19636790678,-159.5943824536,
    -272.0970318374));
#6420 = DIRECTION('',(-1.,1.266491460312E-29,1.249000770354E-16));
#6421 = DIRECTION('',(1.249000770354E-16,5.335546213084E-14,1.));
#6422 = ADVANCED_FACE('',(#6423),#6448,.T.);
#6423 = FACE_BOUND('',#6424,.T.);
#6424 = EDGE_LOOP('',(#6425,#6433,#6434,#6442));
#6425 = ORIENTED_EDGE('',*,*,#6426,.T.);
#6426 = EDGE_CURVE('',#6427,#531,#6429,.T.);
#6427 = VERTEX_POINT('',#6428);
#6428 = CARTESIAN_POINT('',(260.19636790678,-152.5943824536,
    111.90296816252));
#6429 = LINE('',#6430,#6431);
#6430 = CARTESIAN_POINT('',(260.19636790678,-152.5943824536,
    111.90296816252));
#6431 = VECTOR('',#6432,1.);
#6432 = DIRECTION('',(-0.707106781187,-0.707106781186,3.666165891024E-14
    ));
#6433 = ORIENTED_EDGE('',*,*,#530,.T.);
#6434 = ORIENTED_EDGE('',*,*,#6435,.T.);
#6435 = EDGE_CURVE('',#533,#6436,#6438,.T.);
#6436 = VERTEX_POINT('',#6437);
#6437 = CARTESIAN_POINT('',(260.19636790678,-152.5943824536,
    -272.0970318374));
#6438 = LINE('',#6439,#6440);
#6439 = CARTESIAN_POINT('',(259.19636790678,-153.5943824536,
    -272.0970318374));
#6440 = VECTOR('',#6441,1.);
#6441 = DIRECTION('',(0.707106781187,0.707106781186,-3.038128907551E-14)
  );
#6442 = ORIENTED_EDGE('',*,*,#6443,.T.);
#6443 = EDGE_CURVE('',#6436,#6427,#6444,.T.);
#6444 = LINE('',#6445,#6446);
#6445 = CARTESIAN_POINT('',(260.19636790678,-152.5943824537,
    -356.3221924147));
#6446 = VECTOR('',#6447,1.);
#6447 = DIRECTION('',(1.249000770354E-16,5.200354036283E-14,1.));
#6448 = PLANE('',#6449);
#6449 = AXIS2_PLACEMENT_3D('',#6450,#6451,#6452);
#6450 = CARTESIAN_POINT('',(259.69636790678,-153.0943824537,
    -356.3221924147));
#6451 = DIRECTION('',(0.707106781186,-0.707106781187,3.668373834485E-14)
  );
#6452 = DIRECTION('',(-0.707106781187,-0.707106781186,3.666165891025E-14
    ));
#6453 = ADVANCED_FACE('',(#6454),#6473,.F.);
#6454 = FACE_BOUND('',#6455,.F.);
#6455 = EDGE_LOOP('',(#6456,#6457,#6465,#6472));
#6456 = ORIENTED_EDGE('',*,*,#540,.F.);
#6457 = ORIENTED_EDGE('',*,*,#6458,.F.);
#6458 = EDGE_CURVE('',#6459,#541,#6461,.T.);
#6459 = VERTEX_POINT('',#6460);
#6460 = CARTESIAN_POINT('',(262.19636790678,-152.5943824536,
    113.90296816252));
#6461 = LINE('',#6462,#6463);
#6462 = CARTESIAN_POINT('',(262.19636790678,-152.5943824536,
    113.90296816252));
#6463 = VECTOR('',#6464,1.);
#6464 = DIRECTION('',(-7.850462293417E-17,-0.707106781187,0.707106781186
    ));
#6465 = ORIENTED_EDGE('',*,*,#6466,.F.);
#6466 = EDGE_CURVE('',#6427,#6459,#6467,.T.);
#6467 = CIRCLE('',#6468,2.);
#6468 = AXIS2_PLACEMENT_3D('',#6469,#6470,#6471);
#6469 = CARTESIAN_POINT('',(262.19636790678,-152.5943824536,
    111.90296816252));
#6470 = DIRECTION('',(-1.777802525663E-29,1.,-5.200354036283E-14));
#6471 = DIRECTION('',(-0.707106781187,3.677205603627E-14,0.707106781187)
  );
#6472 = ORIENTED_EDGE('',*,*,#6426,.T.);
#6473 = CONICAL_SURFACE('',#6474,2.5,0.785398163397);
#6474 = AXIS2_PLACEMENT_3D('',#6475,#6476,#6477);
#6475 = CARTESIAN_POINT('',(262.19636790678,-153.0943824536,
    111.90296816252));
#6476 = DIRECTION('',(-5.756219417785E-30,-1.,5.195843755246E-14));
#6477 = DIRECTION('',(-0.707106781187,3.67401635332E-14,0.707106781187)
  );
#6478 = ADVANCED_FACE('',(#6479),#6497,.T.);
#6479 = FACE_BOUND('',#6480,.T.);
#6480 = EDGE_LOOP('',(#6481,#6489,#6490,#6491));
#6481 = ORIENTED_EDGE('',*,*,#6482,.T.);
#6482 = EDGE_CURVE('',#6483,#550,#6485,.T.);
#6483 = VERTEX_POINT('',#6484);
#6484 = CARTESIAN_POINT('',(266.19636790678,-152.5943824536,
    113.90296816252));
#6485 = LINE('',#6486,#6487);
#6486 = CARTESIAN_POINT('',(266.19636790678,-152.5943824536,
    113.90296816252));
#6487 = VECTOR('',#6488,1.);
#6488 = DIRECTION('',(-7.850462293424E-17,-0.707106781186,0.707106781187
    ));
#6489 = ORIENTED_EDGE('',*,*,#549,.T.);
#6490 = ORIENTED_EDGE('',*,*,#6458,.F.);
#6491 = ORIENTED_EDGE('',*,*,#6492,.T.);
#6492 = EDGE_CURVE('',#6459,#6483,#6493,.T.);
#6493 = LINE('',#6494,#6495);
#6494 = CARTESIAN_POINT('',(267.44657543042,-152.5943824536,
    113.90296816252));
#6495 = VECTOR('',#6496,1.);
#6496 = DIRECTION('',(1.,1.202550606141E-29,-1.249000770354E-16));
#6497 = PLANE('',#6498);
#6498 = AXIS2_PLACEMENT_3D('',#6499,#6500,#6501);
#6499 = CARTESIAN_POINT('',(267.44657543042,-153.0943824536,
    114.40296816252));
#6500 = DIRECTION('',(-8.831769144242E-17,-0.707106781187,
    -0.707106781186));
#6501 = DIRECTION('',(-1.,2.359223794976E-16,-1.110223024625E-16));
#6502 = ADVANCED_FACE('',(#6503),#6522,.F.);
#6503 = FACE_BOUND('',#6504,.F.);
#6504 = EDGE_LOOP('',(#6505,#6506,#6514,#6521));
#6505 = ORIENTED_EDGE('',*,*,#557,.F.);
#6506 = ORIENTED_EDGE('',*,*,#6507,.F.);
#6507 = EDGE_CURVE('',#6508,#558,#6510,.T.);
#6508 = VERTEX_POINT('',#6509);
#6509 = CARTESIAN_POINT('',(268.19636790678,-152.5943824536,
    111.90296816252));
#6510 = LINE('',#6511,#6512);
#6511 = CARTESIAN_POINT('',(268.19636790678,-152.5943824536,
    111.90296816252));
#6512 = VECTOR('',#6513,1.);
#6513 = DIRECTION('',(0.707106781186,-0.707106781187,3.681866815615E-14)
  );
#6514 = ORIENTED_EDGE('',*,*,#6515,.F.);
#6515 = EDGE_CURVE('',#6483,#6508,#6516,.T.);
#6516 = CIRCLE('',#6517,2.);
#6517 = AXIS2_PLACEMENT_3D('',#6518,#6519,#6520);
#6518 = CARTESIAN_POINT('',(266.19636790678,-152.5943824536,
    111.90296816252));
#6519 = DIRECTION('',(-1.51435806674E-29,1.,-5.200354036283E-14));
#6520 = DIRECTION('',(0.707106781187,3.677205603627E-14,0.707106781187)
  );
#6521 = ORIENTED_EDGE('',*,*,#6482,.T.);
#6522 = CONICAL_SURFACE('',#6523,2.5,0.785398163397);
#6523 = AXIS2_PLACEMENT_3D('',#6524,#6525,#6526);
#6524 = CARTESIAN_POINT('',(266.19636790678,-153.0943824536,
    111.90296816252));
#6525 = DIRECTION('',(-5.756219417785E-30,-1.,5.195843755246E-14));
#6526 = DIRECTION('',(0.707106781187,3.67401635332E-14,0.707106781187));
#6527 = ADVANCED_FACE('',(#6528),#6546,.T.);
#6528 = FACE_BOUND('',#6529,.T.);
#6529 = EDGE_LOOP('',(#6530,#6538,#6539,#6540));
#6530 = ORIENTED_EDGE('',*,*,#6531,.T.);
#6531 = EDGE_CURVE('',#6532,#567,#6534,.T.);
#6532 = VERTEX_POINT('',#6533);
#6533 = CARTESIAN_POINT('',(268.19636790678,-152.5943824536,
    -272.0970318374));
#6534 = LINE('',#6535,#6536);
#6535 = CARTESIAN_POINT('',(268.19636790678,-152.5943824536,
    -272.0970318374));
#6536 = VECTOR('',#6537,1.);
#6537 = DIRECTION('',(0.707106781187,-0.707106781186,4.309903799085E-14)
  );
#6538 = ORIENTED_EDGE('',*,*,#566,.T.);
#6539 = ORIENTED_EDGE('',*,*,#6507,.F.);
#6540 = ORIENTED_EDGE('',*,*,#6541,.T.);
#6541 = EDGE_CURVE('',#6508,#6532,#6542,.T.);
#6542 = LINE('',#6543,#6544);
#6543 = CARTESIAN_POINT('',(268.19636790678,-152.5943824536,
    -159.3221924147));
#6544 = VECTOR('',#6545,1.);
#6545 = DIRECTION('',(-1.249000770354E-16,-5.200354036283E-14,-1.));
#6546 = PLANE('',#6547);
#6547 = AXIS2_PLACEMENT_3D('',#6548,#6549,#6550);
#6548 = CARTESIAN_POINT('',(268.69636790678,-153.0943824536,
    -159.3221924147));
#6549 = DIRECTION('',(-0.707106781186,-0.707106781187,3.686037372773E-14
    ));
#6550 = DIRECTION('',(-0.707106781187,0.707106781186,-3.681866815611E-14
    ));
#6551 = ADVANCED_FACE('',(#6552),#6571,.F.);
#6552 = FACE_BOUND('',#6553,.F.);
#6553 = EDGE_LOOP('',(#6554,#6563,#6564,#6565));
#6554 = ORIENTED_EDGE('',*,*,#6555,.F.);
#6555 = EDGE_CURVE('',#6532,#6556,#6558,.T.);
#6556 = VERTEX_POINT('',#6557);
#6557 = CARTESIAN_POINT('',(266.19636790678,-152.5943824536,
    -274.0970318374));
#6558 = CIRCLE('',#6559,2.);
#6559 = AXIS2_PLACEMENT_3D('',#6560,#6561,#6562);
#6560 = CARTESIAN_POINT('',(266.19636790678,-152.5943824536,
    -272.0970318374));
#6561 = DIRECTION('',(-1.852075225885E-29,1.,-5.200354036283E-14));
#6562 = DIRECTION('',(-1.249000770354E-16,-5.200354036283E-14,-1.));
#6563 = ORIENTED_EDGE('',*,*,#6531,.T.);
#6564 = ORIENTED_EDGE('',*,*,#574,.F.);
#6565 = ORIENTED_EDGE('',*,*,#6566,.F.);
#6566 = EDGE_CURVE('',#6556,#575,#6567,.T.);
#6567 = LINE('',#6568,#6569);
#6568 = CARTESIAN_POINT('',(266.19636790678,-152.5943824536,
    -274.0970318374));
#6569 = VECTOR('',#6570,1.);
#6570 = DIRECTION('',(7.850462293421E-17,-0.707106781186,-0.707106781187
    ));
#6571 = CONICAL_SURFACE('',#6572,2.5,0.785398163398);
#6572 = AXIS2_PLACEMENT_3D('',#6573,#6574,#6575);
#6573 = CARTESIAN_POINT('',(266.19636790678,-153.0943824536,
    -272.0970318374));
#6574 = DIRECTION('',(-5.756219417785E-30,-1.,5.195843755246E-14));
#6575 = DIRECTION('',(-1.249000770354E-16,-5.195843755246E-14,-1.));
#6576 = ADVANCED_FACE('',(#6577),#6595,.T.);
#6577 = FACE_BOUND('',#6578,.T.);
#6578 = EDGE_LOOP('',(#6579,#6587,#6588,#6589));
#6579 = ORIENTED_EDGE('',*,*,#6580,.T.);
#6580 = EDGE_CURVE('',#6581,#584,#6583,.T.);
#6581 = VERTEX_POINT('',#6582);
#6582 = CARTESIAN_POINT('',(262.19636790678,-152.5943824536,
    -274.0970318374));
#6583 = LINE('',#6584,#6585);
#6584 = CARTESIAN_POINT('',(262.19636790678,-152.5943824536,
    -274.0970318374));
#6585 = VECTOR('',#6586,1.);
#6586 = DIRECTION('',(7.850462293423E-17,-0.707106781186,-0.707106781187
    ));
#6587 = ORIENTED_EDGE('',*,*,#583,.T.);
#6588 = ORIENTED_EDGE('',*,*,#6566,.F.);
#6589 = ORIENTED_EDGE('',*,*,#6590,.T.);
#6590 = EDGE_CURVE('',#6556,#6581,#6591,.T.);
#6591 = LINE('',#6592,#6593);
#6592 = CARTESIAN_POINT('',(269.44657543042,-152.5943824536,
    -274.0970318374));
#6593 = VECTOR('',#6594,1.);
#6594 = DIRECTION('',(-1.,-1.202550606142E-29,1.249000770353E-16));
#6595 = PLANE('',#6596);
#6596 = AXIS2_PLACEMENT_3D('',#6597,#6598,#6599);
#6597 = CARTESIAN_POINT('',(269.44657543042,-153.0943824536,
    -274.5970318374));
#6598 = DIRECTION('',(8.831769144236E-17,-0.707106781187,0.707106781186)
  );
#6599 = DIRECTION('',(-1.,-2.359223794976E-16,-1.110223024625E-16));
#6600 = ADVANCED_FACE('',(#6601),#6613,.F.);
#6601 = FACE_BOUND('',#6602,.F.);
#6602 = EDGE_LOOP('',(#6603,#6610,#6611,#6612));
#6603 = ORIENTED_EDGE('',*,*,#6604,.F.);
#6604 = EDGE_CURVE('',#6581,#6436,#6605,.T.);
#6605 = CIRCLE('',#6606,2.);
#6606 = AXIS2_PLACEMENT_3D('',#6607,#6608,#6609);
#6607 = CARTESIAN_POINT('',(262.19636790678,-152.5943824536,
    -272.0970318374));
#6608 = DIRECTION('',(-1.852075225885E-29,1.,-5.200354036283E-14));
#6609 = DIRECTION('',(-1.,-1.859562397992E-27,-3.540223671097E-14));
#6610 = ORIENTED_EDGE('',*,*,#6580,.T.);
#6611 = ORIENTED_EDGE('',*,*,#591,.F.);
#6612 = ORIENTED_EDGE('',*,*,#6435,.T.);
#6613 = CONICAL_SURFACE('',#6614,2.5,0.785398163398);
#6614 = AXIS2_PLACEMENT_3D('',#6615,#6616,#6617);
#6615 = CARTESIAN_POINT('',(262.19636790678,-153.0943824536,
    -272.0970318374));
#6616 = DIRECTION('',(-5.756219417785E-30,-1.,5.195843755246E-14));
#6617 = DIRECTION('',(-1.,-1.833688685946E-27,-3.540223671097E-14));
#6618 = ADVANCED_FACE('',(#6619),#6645,.F.);
#6619 = FACE_BOUND('',#6620,.F.);
#6620 = EDGE_LOOP('',(#6621,#6629,#6638,#6644));
#6621 = ORIENTED_EDGE('',*,*,#6622,.F.);
#6622 = EDGE_CURVE('',#6623,#6508,#6625,.T.);
#6623 = VERTEX_POINT('',#6624);
#6624 = CARTESIAN_POINT('',(268.19636790678,-149.5943824536,
    111.90296816252));
#6625 = LINE('',#6626,#6627);
#6626 = CARTESIAN_POINT('',(268.19636790678,-159.5943824536,
    111.90296816252));
#6627 = VECTOR('',#6628,1.);
#6628 = DIRECTION('',(-5.95343464409E-30,-1.,5.373479439186E-14));
#6629 = ORIENTED_EDGE('',*,*,#6630,.F.);
#6630 = EDGE_CURVE('',#6631,#6623,#6633,.T.);
#6631 = VERTEX_POINT('',#6632);
#6632 = CARTESIAN_POINT('',(266.19636790678,-149.5943824536,
    113.90296816252));
#6633 = CIRCLE('',#6634,2.);
#6634 = AXIS2_PLACEMENT_3D('',#6635,#6636,#6637);
#6635 = CARTESIAN_POINT('',(266.19636790678,-149.5943824536,
    111.90296816252));
#6636 = DIRECTION('',(6.697959082119E-30,1.,-5.195843755246E-14));
#6637 = DIRECTION('',(0.707106781187,3.67401635332E-14,0.707106781187));
#6638 = ORIENTED_EDGE('',*,*,#6639,.F.);
#6639 = EDGE_CURVE('',#6483,#6631,#6640,.T.);
#6640 = LINE('',#6641,#6642);
#6641 = CARTESIAN_POINT('',(266.19636790678,-159.5943824536,
    113.90296816252));
#6642 = VECTOR('',#6643,1.);
#6643 = DIRECTION('',(5.95343464409E-30,1.,-5.373479439186E-14));
#6644 = ORIENTED_EDGE('',*,*,#6515,.T.);
#6645 = CYLINDRICAL_SURFACE('',#6646,2.);
#6646 = AXIS2_PLACEMENT_3D('',#6647,#6648,#6649);
#6647 = CARTESIAN_POINT('',(266.19636790678,-159.5943824536,
    111.90296816252));
#6648 = DIRECTION('',(5.95343464409E-30,1.,-5.373479439186E-14));
#6649 = DIRECTION('',(0.707106781187,3.799623750015E-14,0.707106781187)
  );
#6650 = ADVANCED_FACE('',(#6651),#6669,.F.);
#6651 = FACE_BOUND('',#6652,.T.);
#6652 = EDGE_LOOP('',(#6653,#6654,#6662,#6668));
#6653 = ORIENTED_EDGE('',*,*,#6492,.F.);
#6654 = ORIENTED_EDGE('',*,*,#6655,.F.);
#6655 = EDGE_CURVE('',#6656,#6459,#6658,.T.);
#6656 = VERTEX_POINT('',#6657);
#6657 = CARTESIAN_POINT('',(262.19636790678,-149.5943824536,
    113.90296816252));
#6658 = LINE('',#6659,#6660);
#6659 = CARTESIAN_POINT('',(262.19636790678,-159.5943824536,
    113.90296816252));
#6660 = VECTOR('',#6661,1.);
#6661 = DIRECTION('',(-5.95343464409E-30,-1.,5.373479439186E-14));
#6662 = ORIENTED_EDGE('',*,*,#6663,.F.);
#6663 = EDGE_CURVE('',#6631,#6656,#6664,.T.);
#6664 = LINE('',#6665,#6666);
#6665 = CARTESIAN_POINT('',(163.96545974371,-149.5943824536,
    113.90296816252));
#6666 = VECTOR('',#6667,1.);
#6667 = DIRECTION('',(-1.,1.223658792014E-29,1.249000770354E-16));
#6668 = ORIENTED_EDGE('',*,*,#6639,.F.);
#6669 = PLANE('',#6670);
#6670 = AXIS2_PLACEMENT_3D('',#6671,#6672,#6673);
#6671 = CARTESIAN_POINT('',(262.19636790678,-159.5943824536,
    113.90296816252));
#6672 = DIRECTION('',(1.249000770354E-16,5.373479439186E-14,1.));
#6673 = DIRECTION('',(1.,-1.218728411356E-29,-1.249000770354E-16));
#6674 = ADVANCED_FACE('',(#6675),#6694,.F.);
#6675 = FACE_BOUND('',#6676,.F.);
#6676 = EDGE_LOOP('',(#6677,#6678,#6687,#6693));
#6677 = ORIENTED_EDGE('',*,*,#6655,.F.);
#6678 = ORIENTED_EDGE('',*,*,#6679,.F.);
#6679 = EDGE_CURVE('',#6680,#6656,#6682,.T.);
#6680 = VERTEX_POINT('',#6681);
#6681 = CARTESIAN_POINT('',(260.19636790678,-149.5943824536,
    111.90296816252));
#6682 = CIRCLE('',#6683,2.);
#6683 = AXIS2_PLACEMENT_3D('',#6684,#6685,#6686);
#6684 = CARTESIAN_POINT('',(262.19636790678,-149.5943824536,
    111.90296816252));
#6685 = DIRECTION('',(5.173922642346E-30,1.,-5.195843755246E-14));
#6686 = DIRECTION('',(-0.707106781187,3.67401635332E-14,0.707106781187)
  );
#6687 = ORIENTED_EDGE('',*,*,#6688,.F.);
#6688 = EDGE_CURVE('',#6427,#6680,#6689,.T.);
#6689 = LINE('',#6690,#6691);
#6690 = CARTESIAN_POINT('',(260.19636790678,-159.5943824536,
    111.90296816252));
#6691 = VECTOR('',#6692,1.);
#6692 = DIRECTION('',(5.95343464409E-30,1.,-5.373479439186E-14));
#6693 = ORIENTED_EDGE('',*,*,#6466,.T.);
#6694 = CYLINDRICAL_SURFACE('',#6695,2.);
#6695 = AXIS2_PLACEMENT_3D('',#6696,#6697,#6698);
#6696 = CARTESIAN_POINT('',(262.19636790678,-159.5943824536,
    111.90296816252));
#6697 = DIRECTION('',(5.95343464409E-30,1.,-5.373479439186E-14));
#6698 = DIRECTION('',(-0.707106781187,3.799623750015E-14,0.707106781187)
  );
#6699 = ADVANCED_FACE('',(#6700),#6718,.F.);
#6700 = FACE_BOUND('',#6701,.T.);
#6701 = EDGE_LOOP('',(#6702,#6703,#6711,#6717));
#6702 = ORIENTED_EDGE('',*,*,#6443,.F.);
#6703 = ORIENTED_EDGE('',*,*,#6704,.T.);
#6704 = EDGE_CURVE('',#6436,#6705,#6707,.T.);
#6705 = VERTEX_POINT('',#6706);
#6706 = CARTESIAN_POINT('',(260.19636790678,-149.5943824536,
    -272.0970318374));
#6707 = LINE('',#6708,#6709);
#6708 = CARTESIAN_POINT('',(260.19636790678,-159.5943824536,
    -272.0970318374));
#6709 = VECTOR('',#6710,1.);
#6710 = DIRECTION('',(5.95343464409E-30,1.,-5.373479439186E-14));
#6711 = ORIENTED_EDGE('',*,*,#6712,.F.);
#6712 = EDGE_CURVE('',#6680,#6705,#6713,.T.);
#6713 = LINE('',#6714,#6715);
#6714 = CARTESIAN_POINT('',(260.19636790678,-149.5943824537,
    -362.3471362745));
#6715 = VECTOR('',#6716,1.);
#6716 = DIRECTION('',(-1.249000770354E-16,-5.195843755246E-14,-1.));
#6717 = ORIENTED_EDGE('',*,*,#6688,.F.);
#6718 = PLANE('',#6719);
#6719 = AXIS2_PLACEMENT_3D('',#6720,#6721,#6722);
#6720 = CARTESIAN_POINT('',(260.19636790678,-159.5943824536,
    -272.0970318374));
#6721 = DIRECTION('',(-1.,1.266491460312E-29,1.249000770354E-16));
#6722 = DIRECTION('',(1.249000770354E-16,5.335546213084E-14,1.));
#6723 = ADVANCED_FACE('',(#6724),#6749,.T.);
#6724 = FACE_BOUND('',#6725,.T.);
#6725 = EDGE_LOOP('',(#6726,#6734,#6735,#6743));
#6726 = ORIENTED_EDGE('',*,*,#6727,.T.);
#6727 = EDGE_CURVE('',#6728,#2069,#6730,.T.);
#6728 = VERTEX_POINT('',#6729);
#6729 = CARTESIAN_POINT('',(242.19636790678,-152.5943824536,
    111.90296816252));
#6730 = LINE('',#6731,#6732);
#6731 = CARTESIAN_POINT('',(242.19636790678,-152.5943824536,
    111.90296816252));
#6732 = VECTOR('',#6733,1.);
#6733 = DIRECTION('',(-0.707106781187,-0.707106781186,3.666165891025E-14
    ));
#6734 = ORIENTED_EDGE('',*,*,#2068,.T.);
#6735 = ORIENTED_EDGE('',*,*,#6736,.T.);
#6736 = EDGE_CURVE('',#2071,#6737,#6739,.T.);
#6737 = VERTEX_POINT('',#6738);
#6738 = CARTESIAN_POINT('',(242.19636790678,-152.5943824536,
    -272.0970318374));
#6739 = LINE('',#6740,#6741);
#6740 = CARTESIAN_POINT('',(241.19636790678,-153.5943824536,
    -272.0970318374));
#6741 = VECTOR('',#6742,1.);
#6742 = DIRECTION('',(0.707106781187,0.707106781186,-3.038128907551E-14)
  );
#6743 = ORIENTED_EDGE('',*,*,#6744,.T.);
#6744 = EDGE_CURVE('',#6737,#6728,#6745,.T.);
#6745 = LINE('',#6746,#6747);
#6746 = CARTESIAN_POINT('',(242.19636790678,-152.5943824537,
    -356.3221924147));
#6747 = VECTOR('',#6748,1.);
#6748 = DIRECTION('',(1.249000770354E-16,5.200354036283E-14,1.));
#6749 = PLANE('',#6750);
#6750 = AXIS2_PLACEMENT_3D('',#6751,#6752,#6753);
#6751 = CARTESIAN_POINT('',(241.69636790678,-153.0943824537,
    -356.3221924147));
#6752 = DIRECTION('',(0.707106781186,-0.707106781187,3.668373834485E-14)
  );
#6753 = DIRECTION('',(-0.707106781187,-0.707106781186,3.666165891025E-14
    ));
#6754 = ADVANCED_FACE('',(#6755),#6774,.F.);
#6755 = FACE_BOUND('',#6756,.F.);
#6756 = EDGE_LOOP('',(#6757,#6758,#6766,#6773));
#6757 = ORIENTED_EDGE('',*,*,#2078,.F.);
#6758 = ORIENTED_EDGE('',*,*,#6759,.F.);
#6759 = EDGE_CURVE('',#6760,#2079,#6762,.T.);
#6760 = VERTEX_POINT('',#6761);
#6761 = CARTESIAN_POINT('',(244.19636790678,-152.5943824536,
    113.90296816252));
#6762 = LINE('',#6763,#6764);
#6763 = CARTESIAN_POINT('',(244.19636790678,-152.5943824536,
    113.90296816252));
#6764 = VECTOR('',#6765,1.);
#6765 = DIRECTION('',(-7.850462293417E-17,-0.707106781187,0.707106781186
    ));
#6766 = ORIENTED_EDGE('',*,*,#6767,.F.);
#6767 = EDGE_CURVE('',#6728,#6760,#6768,.T.);
#6768 = CIRCLE('',#6769,2.);
#6769 = AXIS2_PLACEMENT_3D('',#6770,#6771,#6772);
#6770 = CARTESIAN_POINT('',(244.19636790678,-152.5943824536,
    111.90296816252));
#6771 = DIRECTION('',(-1.282767898861E-29,1.,-5.200354036283E-14));
#6772 = DIRECTION('',(-0.707106781187,3.677205603627E-14,0.707106781187)
  );
#6773 = ORIENTED_EDGE('',*,*,#6727,.T.);
#6774 = CONICAL_SURFACE('',#6775,2.5,0.785398163397);
#6775 = AXIS2_PLACEMENT_3D('',#6776,#6777,#6778);
#6776 = CARTESIAN_POINT('',(244.19636790678,-153.0943824536,
    111.90296816252));
#6777 = DIRECTION('',(-5.756219417785E-30,-1.,5.195843755246E-14));
#6778 = DIRECTION('',(-0.707106781187,3.67401635332E-14,0.707106781187)
  );
#6779 = ADVANCED_FACE('',(#6780),#6798,.T.);
#6780 = FACE_BOUND('',#6781,.T.);
#6781 = EDGE_LOOP('',(#6782,#6790,#6791,#6792));
#6782 = ORIENTED_EDGE('',*,*,#6783,.T.);
#6783 = EDGE_CURVE('',#6784,#2088,#6786,.T.);
#6784 = VERTEX_POINT('',#6785);
#6785 = CARTESIAN_POINT('',(248.19636790678,-152.5943824536,
    113.90296816252));
#6786 = LINE('',#6787,#6788);
#6787 = CARTESIAN_POINT('',(248.19636790678,-152.5943824536,
    113.90296816252));
#6788 = VECTOR('',#6789,1.);
#6789 = DIRECTION('',(-7.850462293424E-17,-0.707106781186,0.707106781187
    ));
#6790 = ORIENTED_EDGE('',*,*,#2087,.T.);
#6791 = ORIENTED_EDGE('',*,*,#6759,.F.);
#6792 = ORIENTED_EDGE('',*,*,#6793,.T.);
#6793 = EDGE_CURVE('',#6760,#6784,#6794,.T.);
#6794 = LINE('',#6795,#6796);
#6795 = CARTESIAN_POINT('',(258.44657543042,-152.5943824536,
    113.90296816252));
#6796 = VECTOR('',#6797,1.);
#6797 = DIRECTION('',(1.,1.202550606141E-29,-1.249000770354E-16));
#6798 = PLANE('',#6799);
#6799 = AXIS2_PLACEMENT_3D('',#6800,#6801,#6802);
#6800 = CARTESIAN_POINT('',(258.44657543042,-153.0943824536,
    114.40296816252));
#6801 = DIRECTION('',(-8.831769144242E-17,-0.707106781187,
    -0.707106781186));
#6802 = DIRECTION('',(-1.,2.359223794976E-16,-1.110223024625E-16));
#6803 = ADVANCED_FACE('',(#6804),#6823,.F.);
#6804 = FACE_BOUND('',#6805,.F.);
#6805 = EDGE_LOOP('',(#6806,#6807,#6815,#6822));
#6806 = ORIENTED_EDGE('',*,*,#2095,.F.);
#6807 = ORIENTED_EDGE('',*,*,#6808,.F.);
#6808 = EDGE_CURVE('',#6809,#2096,#6811,.T.);
#6809 = VERTEX_POINT('',#6810);
#6810 = CARTESIAN_POINT('',(250.19636790678,-152.5943824536,
    111.90296816252));
#6811 = LINE('',#6812,#6813);
#6812 = CARTESIAN_POINT('',(250.19636790678,-152.5943824536,
    111.90296816252));
#6813 = VECTOR('',#6814,1.);
#6814 = DIRECTION('',(0.707106781186,-0.707106781187,3.681866815615E-14)
  );
#6815 = ORIENTED_EDGE('',*,*,#6816,.F.);
#6816 = EDGE_CURVE('',#6784,#6809,#6817,.T.);
#6817 = CIRCLE('',#6818,2.);
#6818 = AXIS2_PLACEMENT_3D('',#6819,#6820,#6821);
#6819 = CARTESIAN_POINT('',(248.19636790678,-152.5943824536,
    111.90296816252));
#6820 = DIRECTION('',(-1.394141465986E-29,1.,-5.200354036283E-14));
#6821 = DIRECTION('',(0.707106781187,3.677205603627E-14,0.707106781187)
  );
#6822 = ORIENTED_EDGE('',*,*,#6783,.T.);
#6823 = CONICAL_SURFACE('',#6824,2.5,0.785398163397);
#6824 = AXIS2_PLACEMENT_3D('',#6825,#6826,#6827);
#6825 = CARTESIAN_POINT('',(248.19636790678,-153.0943824536,
    111.90296816252));
#6826 = DIRECTION('',(-5.756219417785E-30,-1.,5.195843755246E-14));
#6827 = DIRECTION('',(0.707106781187,3.67401635332E-14,0.707106781187));
#6828 = ADVANCED_FACE('',(#6829),#6847,.T.);
#6829 = FACE_BOUND('',#6830,.T.);
#6830 = EDGE_LOOP('',(#6831,#6839,#6840,#6841));
#6831 = ORIENTED_EDGE('',*,*,#6832,.T.);
#6832 = EDGE_CURVE('',#6833,#2105,#6835,.T.);
#6833 = VERTEX_POINT('',#6834);
#6834 = CARTESIAN_POINT('',(250.19636790678,-152.5943824536,
    -272.0970318374));
#6835 = LINE('',#6836,#6837);
#6836 = CARTESIAN_POINT('',(250.19636790678,-152.5943824536,
    -272.0970318374));
#6837 = VECTOR('',#6838,1.);
#6838 = DIRECTION('',(0.707106781187,-0.707106781186,4.309903799085E-14)
  );
#6839 = ORIENTED_EDGE('',*,*,#2104,.T.);
#6840 = ORIENTED_EDGE('',*,*,#6808,.F.);
#6841 = ORIENTED_EDGE('',*,*,#6842,.T.);
#6842 = EDGE_CURVE('',#6809,#6833,#6843,.T.);
#6843 = LINE('',#6844,#6845);
#6844 = CARTESIAN_POINT('',(250.19636790678,-152.5943824536,
    -159.3221924147));
#6845 = VECTOR('',#6846,1.);
#6846 = DIRECTION('',(-1.249000770354E-16,-5.200354036283E-14,-1.));
#6847 = PLANE('',#6848);
#6848 = AXIS2_PLACEMENT_3D('',#6849,#6850,#6851);
#6849 = CARTESIAN_POINT('',(250.69636790678,-153.0943824536,
    -159.3221924147));
#6850 = DIRECTION('',(-0.707106781186,-0.707106781187,3.686037372773E-14
    ));
#6851 = DIRECTION('',(-0.707106781187,0.707106781186,-3.681866815611E-14
    ));
#6852 = ADVANCED_FACE('',(#6853),#6872,.F.);
#6853 = FACE_BOUND('',#6854,.F.);
#6854 = EDGE_LOOP('',(#6855,#6864,#6865,#6866));
#6855 = ORIENTED_EDGE('',*,*,#6856,.F.);
#6856 = EDGE_CURVE('',#6833,#6857,#6859,.T.);
#6857 = VERTEX_POINT('',#6858);
#6858 = CARTESIAN_POINT('',(248.19636790678,-152.5943824536,
    -274.0970318374));
#6859 = CIRCLE('',#6860,2.);
#6860 = AXIS2_PLACEMENT_3D('',#6861,#6862,#6863);
#6861 = CARTESIAN_POINT('',(248.19636790678,-152.5943824536,
    -272.0970318374));
#6862 = DIRECTION('',(-1.852075225885E-29,1.,-5.200354036283E-14));
#6863 = DIRECTION('',(-1.249000770354E-16,-5.200354036283E-14,-1.));
#6864 = ORIENTED_EDGE('',*,*,#6832,.T.);
#6865 = ORIENTED_EDGE('',*,*,#2112,.F.);
#6866 = ORIENTED_EDGE('',*,*,#6867,.F.);
#6867 = EDGE_CURVE('',#6857,#2113,#6868,.T.);
#6868 = LINE('',#6869,#6870);
#6869 = CARTESIAN_POINT('',(248.19636790678,-152.5943824536,
    -274.0970318374));
#6870 = VECTOR('',#6871,1.);
#6871 = DIRECTION('',(7.850462293421E-17,-0.707106781186,-0.707106781187
    ));
#6872 = CONICAL_SURFACE('',#6873,2.5,0.785398163398);
#6873 = AXIS2_PLACEMENT_3D('',#6874,#6875,#6876);
#6874 = CARTESIAN_POINT('',(248.19636790678,-153.0943824536,
    -272.0970318374));
#6875 = DIRECTION('',(-5.756219417785E-30,-1.,5.195843755246E-14));
#6876 = DIRECTION('',(-1.249000770354E-16,-5.195843755246E-14,-1.));
#6877 = ADVANCED_FACE('',(#6878),#6896,.T.);
#6878 = FACE_BOUND('',#6879,.T.);
#6879 = EDGE_LOOP('',(#6880,#6888,#6889,#6890));
#6880 = ORIENTED_EDGE('',*,*,#6881,.T.);
#6881 = EDGE_CURVE('',#6882,#2122,#6884,.T.);
#6882 = VERTEX_POINT('',#6883);
#6883 = CARTESIAN_POINT('',(244.19636790678,-152.5943824536,
    -274.0970318374));
#6884 = LINE('',#6885,#6886);
#6885 = CARTESIAN_POINT('',(244.19636790678,-152.5943824536,
    -274.0970318374));
#6886 = VECTOR('',#6887,1.);
#6887 = DIRECTION('',(7.850462293423E-17,-0.707106781186,-0.707106781187
    ));
#6888 = ORIENTED_EDGE('',*,*,#2121,.T.);
#6889 = ORIENTED_EDGE('',*,*,#6867,.F.);
#6890 = ORIENTED_EDGE('',*,*,#6891,.T.);
#6891 = EDGE_CURVE('',#6857,#6882,#6892,.T.);
#6892 = LINE('',#6893,#6894);
#6893 = CARTESIAN_POINT('',(260.44657543042,-152.5943824536,
    -274.0970318374));
#6894 = VECTOR('',#6895,1.);
#6895 = DIRECTION('',(-1.,-1.202550606142E-29,1.249000770353E-16));
#6896 = PLANE('',#6897);
#6897 = AXIS2_PLACEMENT_3D('',#6898,#6899,#6900);
#6898 = CARTESIAN_POINT('',(260.44657543042,-153.0943824536,
    -274.5970318374));
#6899 = DIRECTION('',(8.831769144236E-17,-0.707106781187,0.707106781186)
  );
#6900 = DIRECTION('',(-1.,-2.359223794976E-16,-1.110223024625E-16));
#6901 = ADVANCED_FACE('',(#6902),#6914,.F.);
#6902 = FACE_BOUND('',#6903,.F.);
#6903 = EDGE_LOOP('',(#6904,#6911,#6912,#6913));
#6904 = ORIENTED_EDGE('',*,*,#6905,.F.);
#6905 = EDGE_CURVE('',#6882,#6737,#6906,.T.);
#6906 = CIRCLE('',#6907,2.);
#6907 = AXIS2_PLACEMENT_3D('',#6908,#6909,#6910);
#6908 = CARTESIAN_POINT('',(244.19636790678,-152.5943824536,
    -272.0970318374));
#6909 = DIRECTION('',(-1.852075225885E-29,1.,-5.200354036283E-14));
#6910 = DIRECTION('',(-1.,-1.859562397992E-27,-3.540223671097E-14));
#6911 = ORIENTED_EDGE('',*,*,#6881,.T.);
#6912 = ORIENTED_EDGE('',*,*,#2129,.F.);
#6913 = ORIENTED_EDGE('',*,*,#6736,.T.);
#6914 = CONICAL_SURFACE('',#6915,2.5,0.785398163398);
#6915 = AXIS2_PLACEMENT_3D('',#6916,#6917,#6918);
#6916 = CARTESIAN_POINT('',(244.19636790678,-153.0943824536,
    -272.0970318374));
#6917 = DIRECTION('',(-5.756219417785E-30,-1.,5.195843755246E-14));
#6918 = DIRECTION('',(-1.,-1.833688685946E-27,-3.540223671097E-14));
#6919 = ADVANCED_FACE('',(#6920),#6946,.F.);
#6920 = FACE_BOUND('',#6921,.F.);
#6921 = EDGE_LOOP('',(#6922,#6930,#6939,#6945));
#6922 = ORIENTED_EDGE('',*,*,#6923,.F.);
#6923 = EDGE_CURVE('',#6924,#6809,#6926,.T.);
#6924 = VERTEX_POINT('',#6925);
#6925 = CARTESIAN_POINT('',(250.19636790678,-149.5943824536,
    111.90296816252));
#6926 = LINE('',#6927,#6928);
#6927 = CARTESIAN_POINT('',(250.19636790678,-159.5943824536,
    111.90296816252));
#6928 = VECTOR('',#6929,1.);
#6929 = DIRECTION('',(-5.95343464409E-30,-1.,5.373479439186E-14));
#6930 = ORIENTED_EDGE('',*,*,#6931,.F.);
#6931 = EDGE_CURVE('',#6932,#6924,#6934,.T.);
#6932 = VERTEX_POINT('',#6933);
#6933 = CARTESIAN_POINT('',(248.19636790678,-149.5943824536,
    113.90296816252));
#6934 = CIRCLE('',#6935,2.);
#6935 = AXIS2_PLACEMENT_3D('',#6936,#6937,#6938);
#6936 = CARTESIAN_POINT('',(248.19636790678,-149.5943824536,
    111.90296816252));
#6937 = DIRECTION('',(7.691219121479E-30,1.,-5.195843755246E-14));
#6938 = DIRECTION('',(0.707106781187,3.67401635332E-14,0.707106781187));
#6939 = ORIENTED_EDGE('',*,*,#6940,.F.);
#6940 = EDGE_CURVE('',#6784,#6932,#6941,.T.);
#6941 = LINE('',#6942,#6943);
#6942 = CARTESIAN_POINT('',(248.19636790678,-159.5943824536,
    113.90296816252));
#6943 = VECTOR('',#6944,1.);
#6944 = DIRECTION('',(5.95343464409E-30,1.,-5.373479439186E-14));
#6945 = ORIENTED_EDGE('',*,*,#6816,.T.);
#6946 = CYLINDRICAL_SURFACE('',#6947,2.);
#6947 = AXIS2_PLACEMENT_3D('',#6948,#6949,#6950);
#6948 = CARTESIAN_POINT('',(248.19636790678,-159.5943824536,
    111.90296816252));
#6949 = DIRECTION('',(5.95343464409E-30,1.,-5.373479439186E-14));
#6950 = DIRECTION('',(0.707106781187,3.799623750015E-14,0.707106781187)
  );
#6951 = ADVANCED_FACE('',(#6952),#6970,.F.);
#6952 = FACE_BOUND('',#6953,.T.);
#6953 = EDGE_LOOP('',(#6954,#6955,#6963,#6969));
#6954 = ORIENTED_EDGE('',*,*,#6793,.F.);
#6955 = ORIENTED_EDGE('',*,*,#6956,.F.);
#6956 = EDGE_CURVE('',#6957,#6760,#6959,.T.);
#6957 = VERTEX_POINT('',#6958);
#6958 = CARTESIAN_POINT('',(244.19636790678,-149.5943824536,
    113.90296816252));
#6959 = LINE('',#6960,#6961);
#6960 = CARTESIAN_POINT('',(244.19636790678,-159.5943824536,
    113.90296816252));
#6961 = VECTOR('',#6962,1.);
#6962 = DIRECTION('',(-5.95343464409E-30,-1.,5.373479439186E-14));
#6963 = ORIENTED_EDGE('',*,*,#6964,.F.);
#6964 = EDGE_CURVE('',#6932,#6957,#6965,.T.);
#6965 = LINE('',#6966,#6967);
#6966 = CARTESIAN_POINT('',(154.96545974371,-149.5943824536,
    113.90296816252));
#6967 = VECTOR('',#6968,1.);
#6968 = DIRECTION('',(-1.,1.223658792014E-29,1.249000770354E-16));
#6969 = ORIENTED_EDGE('',*,*,#6940,.F.);
#6970 = PLANE('',#6971);
#6971 = AXIS2_PLACEMENT_3D('',#6972,#6973,#6974);
#6972 = CARTESIAN_POINT('',(244.19636790678,-159.5943824536,
    113.90296816252));
#6973 = DIRECTION('',(1.249000770354E-16,5.373479439186E-14,1.));
#6974 = DIRECTION('',(1.,-1.218728411356E-29,-1.249000770354E-16));
#6975 = ADVANCED_FACE('',(#6976),#6995,.F.);
#6976 = FACE_BOUND('',#6977,.F.);
#6977 = EDGE_LOOP('',(#6978,#6979,#6988,#6994));
#6978 = ORIENTED_EDGE('',*,*,#6956,.F.);
#6979 = ORIENTED_EDGE('',*,*,#6980,.F.);
#6980 = EDGE_CURVE('',#6981,#6957,#6983,.T.);
#6981 = VERTEX_POINT('',#6982);
#6982 = CARTESIAN_POINT('',(242.19636790678,-149.5943824536,
    111.90296816252));
#6983 = CIRCLE('',#6984,2.);
#6984 = AXIS2_PLACEMENT_3D('',#6985,#6986,#6987);
#6985 = CARTESIAN_POINT('',(244.19636790678,-149.5943824536,
    111.90296816252));
#6986 = DIRECTION('',(9.933066837783E-30,1.,-5.195843755246E-14));
#6987 = DIRECTION('',(-0.707106781187,3.67401635332E-14,0.707106781187)
  );
#6988 = ORIENTED_EDGE('',*,*,#6989,.F.);
#6989 = EDGE_CURVE('',#6728,#6981,#6990,.T.);
#6990 = LINE('',#6991,#6992);
#6991 = CARTESIAN_POINT('',(242.19636790678,-159.5943824536,
    111.90296816252));
#6992 = VECTOR('',#6993,1.);
#6993 = DIRECTION('',(5.95343464409E-30,1.,-5.373479439186E-14));
#6994 = ORIENTED_EDGE('',*,*,#6767,.T.);
#6995 = CYLINDRICAL_SURFACE('',#6996,2.);
#6996 = AXIS2_PLACEMENT_3D('',#6997,#6998,#6999);
#6997 = CARTESIAN_POINT('',(244.19636790678,-159.5943824536,
    111.90296816252));
#6998 = DIRECTION('',(5.95343464409E-30,1.,-5.373479439186E-14));
#6999 = DIRECTION('',(-0.707106781187,3.799623750015E-14,0.707106781187)
  );
#7000 = ADVANCED_FACE('',(#7001),#7019,.F.);
#7001 = FACE_BOUND('',#7002,.T.);
#7002 = EDGE_LOOP('',(#7003,#7004,#7012,#7018));
#7003 = ORIENTED_EDGE('',*,*,#6744,.F.);
#7004 = ORIENTED_EDGE('',*,*,#7005,.T.);
#7005 = EDGE_CURVE('',#6737,#7006,#7008,.T.);
#7006 = VERTEX_POINT('',#7007);
#7007 = CARTESIAN_POINT('',(242.19636790678,-149.5943824536,
    -272.0970318374));
#7008 = LINE('',#7009,#7010);
#7009 = CARTESIAN_POINT('',(242.19636790678,-159.5943824536,
    -272.0970318374));
#7010 = VECTOR('',#7011,1.);
#7011 = DIRECTION('',(5.95343464409E-30,1.,-5.373479439186E-14));
#7012 = ORIENTED_EDGE('',*,*,#7013,.F.);
#7013 = EDGE_CURVE('',#6981,#7006,#7014,.T.);
#7014 = LINE('',#7015,#7016);
#7015 = CARTESIAN_POINT('',(242.19636790678,-149.5943824537,
    -362.3471362745));
#7016 = VECTOR('',#7017,1.);
#7017 = DIRECTION('',(-1.249000770354E-16,-5.195843755246E-14,-1.));
#7018 = ORIENTED_EDGE('',*,*,#6989,.F.);
#7019 = PLANE('',#7020);
#7020 = AXIS2_PLACEMENT_3D('',#7021,#7022,#7023);
#7021 = CARTESIAN_POINT('',(242.19636790678,-159.5943824536,
    -272.0970318374));
#7022 = DIRECTION('',(-1.,1.266491460312E-29,1.249000770354E-16));
#7023 = DIRECTION('',(1.249000770354E-16,5.335546213084E-14,1.));
#7024 = ADVANCED_FACE('',(#7025),#7050,.T.);
#7025 = FACE_BOUND('',#7026,.T.);
#7026 = EDGE_LOOP('',(#7027,#7035,#7036,#7044));
#7027 = ORIENTED_EDGE('',*,*,#7028,.T.);
#7028 = EDGE_CURVE('',#7029,#601,#7031,.T.);
#7029 = VERTEX_POINT('',#7030);
#7030 = CARTESIAN_POINT('',(224.19636790678,-152.5943824536,
    111.90296816252));
#7031 = LINE('',#7032,#7033);
#7032 = CARTESIAN_POINT('',(224.19636790678,-152.5943824536,
    111.90296816252));
#7033 = VECTOR('',#7034,1.);
#7034 = DIRECTION('',(-0.707106781187,-0.707106781186,3.666165891025E-14
    ));
#7035 = ORIENTED_EDGE('',*,*,#600,.T.);
#7036 = ORIENTED_EDGE('',*,*,#7037,.T.);
#7037 = EDGE_CURVE('',#603,#7038,#7040,.T.);
#7038 = VERTEX_POINT('',#7039);
#7039 = CARTESIAN_POINT('',(224.19636790678,-152.5943824536,
    -272.0970318374));
#7040 = LINE('',#7041,#7042);
#7041 = CARTESIAN_POINT('',(223.19636790678,-153.5943824536,
    -272.0970318374));
#7042 = VECTOR('',#7043,1.);
#7043 = DIRECTION('',(0.707106781187,0.707106781186,-3.666165891025E-14)
  );
#7044 = ORIENTED_EDGE('',*,*,#7045,.T.);
#7045 = EDGE_CURVE('',#7038,#7029,#7046,.T.);
#7046 = LINE('',#7047,#7048);
#7047 = CARTESIAN_POINT('',(224.19636790678,-152.5943824537,
    -356.3221924147));
#7048 = VECTOR('',#7049,1.);
#7049 = DIRECTION('',(1.249000770354E-16,5.200354036283E-14,1.));
#7050 = PLANE('',#7051);
#7051 = AXIS2_PLACEMENT_3D('',#7052,#7053,#7054);
#7052 = CARTESIAN_POINT('',(223.69636790678,-153.0943824537,
    -356.3221924147));
#7053 = DIRECTION('',(0.707106781186,-0.707106781187,3.668373834485E-14)
  );
#7054 = DIRECTION('',(-0.707106781187,-0.707106781186,3.666165891025E-14
    ));
#7055 = ADVANCED_FACE('',(#7056),#7075,.F.);
#7056 = FACE_BOUND('',#7057,.F.);
#7057 = EDGE_LOOP('',(#7058,#7059,#7067,#7074));
#7058 = ORIENTED_EDGE('',*,*,#610,.F.);
#7059 = ORIENTED_EDGE('',*,*,#7060,.F.);
#7060 = EDGE_CURVE('',#7061,#611,#7063,.T.);
#7061 = VERTEX_POINT('',#7062);
#7062 = CARTESIAN_POINT('',(226.19636790678,-152.5943824536,
    113.90296816252));
#7063 = LINE('',#7064,#7065);
#7064 = CARTESIAN_POINT('',(226.19636790678,-152.5943824536,
    113.90296816252));
#7065 = VECTOR('',#7066,1.);
#7066 = DIRECTION('',(-7.850462293417E-17,-0.707106781187,0.707106781186
    ));
#7067 = ORIENTED_EDGE('',*,*,#7068,.F.);
#7068 = EDGE_CURVE('',#7029,#7061,#7069,.T.);
#7069 = CIRCLE('',#7070,2.);
#7070 = AXIS2_PLACEMENT_3D('',#7071,#7072,#7073);
#7071 = CARTESIAN_POINT('',(226.19636790678,-152.5943824536,
    111.90296816252));
#7072 = DIRECTION('',(-1.575848400721E-29,1.,-5.200354036283E-14));
#7073 = DIRECTION('',(-0.707106781187,3.677205603627E-14,0.707106781187)
  );
#7074 = ORIENTED_EDGE('',*,*,#7028,.T.);
#7075 = CONICAL_SURFACE('',#7076,2.5,0.785398163397);
#7076 = AXIS2_PLACEMENT_3D('',#7077,#7078,#7079);
#7077 = CARTESIAN_POINT('',(226.19636790678,-153.0943824536,
    111.90296816252));
#7078 = DIRECTION('',(-5.756219417785E-30,-1.,5.195843755246E-14));
#7079 = DIRECTION('',(-0.707106781187,3.67401635332E-14,0.707106781187)
  );
#7080 = ADVANCED_FACE('',(#7081),#7099,.T.);
#7081 = FACE_BOUND('',#7082,.T.);
#7082 = EDGE_LOOP('',(#7083,#7091,#7092,#7093));
#7083 = ORIENTED_EDGE('',*,*,#7084,.T.);
#7084 = EDGE_CURVE('',#7085,#620,#7087,.T.);
#7085 = VERTEX_POINT('',#7086);
#7086 = CARTESIAN_POINT('',(230.19636790678,-152.5943824536,
    113.90296816252));
#7087 = LINE('',#7088,#7089);
#7088 = CARTESIAN_POINT('',(230.19636790678,-152.5943824536,
    113.90296816252));
#7089 = VECTOR('',#7090,1.);
#7090 = DIRECTION('',(-7.850462293424E-17,-0.707106781186,0.707106781187
    ));
#7091 = ORIENTED_EDGE('',*,*,#619,.T.);
#7092 = ORIENTED_EDGE('',*,*,#7060,.F.);
#7093 = ORIENTED_EDGE('',*,*,#7094,.T.);
#7094 = EDGE_CURVE('',#7061,#7085,#7095,.T.);
#7095 = LINE('',#7096,#7097);
#7096 = CARTESIAN_POINT('',(249.44657543042,-152.5943824536,
    113.90296816252));
#7097 = VECTOR('',#7098,1.);
#7098 = DIRECTION('',(1.,1.202550606141E-29,-1.249000770354E-16));
#7099 = PLANE('',#7100);
#7100 = AXIS2_PLACEMENT_3D('',#7101,#7102,#7103);
#7101 = CARTESIAN_POINT('',(249.44657543042,-153.0943824536,
    114.40296816252));
#7102 = DIRECTION('',(-8.831769144242E-17,-0.707106781187,
    -0.707106781186));
#7103 = DIRECTION('',(-1.,2.359223794976E-16,-1.110223024625E-16));
#7104 = ADVANCED_FACE('',(#7105),#7124,.F.);
#7105 = FACE_BOUND('',#7106,.F.);
#7106 = EDGE_LOOP('',(#7107,#7108,#7116,#7123));
#7107 = ORIENTED_EDGE('',*,*,#627,.F.);
#7108 = ORIENTED_EDGE('',*,*,#7109,.F.);
#7109 = EDGE_CURVE('',#7110,#628,#7112,.T.);
#7110 = VERTEX_POINT('',#7111);
#7111 = CARTESIAN_POINT('',(232.19636790678,-152.5943824536,
    111.90296816252));
#7112 = LINE('',#7113,#7114);
#7113 = CARTESIAN_POINT('',(232.19636790678,-152.5943824536,
    111.90296816252));
#7114 = VECTOR('',#7115,1.);
#7115 = DIRECTION('',(0.707106781186,-0.707106781187,3.681866815615E-14)
  );
#7116 = ORIENTED_EDGE('',*,*,#7117,.F.);
#7117 = EDGE_CURVE('',#7085,#7110,#7118,.T.);
#7118 = CIRCLE('',#7119,2.);
#7119 = AXIS2_PLACEMENT_3D('',#7120,#7121,#7122);
#7120 = CARTESIAN_POINT('',(230.19636790678,-152.5943824536,
    111.90296816252));
#7121 = DIRECTION('',(-2.178396804699E-29,1.,-5.200354036283E-14));
#7122 = DIRECTION('',(0.707106781187,3.677205603627E-14,0.707106781187)
  );
#7123 = ORIENTED_EDGE('',*,*,#7084,.T.);
#7124 = CONICAL_SURFACE('',#7125,2.5,0.785398163397);
#7125 = AXIS2_PLACEMENT_3D('',#7126,#7127,#7128);
#7126 = CARTESIAN_POINT('',(230.19636790678,-153.0943824536,
    111.90296816252));
#7127 = DIRECTION('',(-5.756219417785E-30,-1.,5.195843755246E-14));
#7128 = DIRECTION('',(0.707106781187,3.67401635332E-14,0.707106781187));
#7129 = ADVANCED_FACE('',(#7130),#7148,.T.);
#7130 = FACE_BOUND('',#7131,.T.);
#7131 = EDGE_LOOP('',(#7132,#7140,#7141,#7142));
#7132 = ORIENTED_EDGE('',*,*,#7133,.T.);
#7133 = EDGE_CURVE('',#7134,#637,#7136,.T.);
#7134 = VERTEX_POINT('',#7135);
#7135 = CARTESIAN_POINT('',(232.19636790678,-152.5943824536,
    -272.0970318374));
#7136 = LINE('',#7137,#7138);
#7137 = CARTESIAN_POINT('',(232.19636790678,-152.5943824536,
    -272.0970318374));
#7138 = VECTOR('',#7139,1.);
#7139 = DIRECTION('',(0.707106781187,-0.707106781186,4.309903799085E-14)
  );
#7140 = ORIENTED_EDGE('',*,*,#636,.T.);
#7141 = ORIENTED_EDGE('',*,*,#7109,.F.);
#7142 = ORIENTED_EDGE('',*,*,#7143,.T.);
#7143 = EDGE_CURVE('',#7110,#7134,#7144,.T.);
#7144 = LINE('',#7145,#7146);
#7145 = CARTESIAN_POINT('',(232.19636790678,-152.5943824536,
    -159.3221924147));
#7146 = VECTOR('',#7147,1.);
#7147 = DIRECTION('',(-1.249000770354E-16,-5.200354036283E-14,-1.));
#7148 = PLANE('',#7149);
#7149 = AXIS2_PLACEMENT_3D('',#7150,#7151,#7152);
#7150 = CARTESIAN_POINT('',(232.69636790678,-153.0943824536,
    -159.3221924147));
#7151 = DIRECTION('',(-0.707106781186,-0.707106781187,3.686037372773E-14
    ));
#7152 = DIRECTION('',(-0.707106781187,0.707106781186,-3.681866815611E-14
    ));
#7153 = ADVANCED_FACE('',(#7154),#7173,.F.);
#7154 = FACE_BOUND('',#7155,.F.);
#7155 = EDGE_LOOP('',(#7156,#7165,#7166,#7167));
#7156 = ORIENTED_EDGE('',*,*,#7157,.F.);
#7157 = EDGE_CURVE('',#7134,#7158,#7160,.T.);
#7158 = VERTEX_POINT('',#7159);
#7159 = CARTESIAN_POINT('',(230.19636790678,-152.5943824536,
    -274.0970318374));
#7160 = CIRCLE('',#7161,2.);
#7161 = AXIS2_PLACEMENT_3D('',#7162,#7163,#7164);
#7162 = CARTESIAN_POINT('',(230.19636790678,-152.5943824536,
    -272.0970318374));
#7163 = DIRECTION('',(-1.852075225885E-29,1.,-5.200354036283E-14));
#7164 = DIRECTION('',(-1.249000770354E-16,-5.200354036283E-14,-1.));
#7165 = ORIENTED_EDGE('',*,*,#7133,.T.);
#7166 = ORIENTED_EDGE('',*,*,#644,.F.);
#7167 = ORIENTED_EDGE('',*,*,#7168,.F.);
#7168 = EDGE_CURVE('',#7158,#645,#7169,.T.);
#7169 = LINE('',#7170,#7171);
#7170 = CARTESIAN_POINT('',(230.19636790678,-152.5943824536,
    -274.0970318374));
#7171 = VECTOR('',#7172,1.);
#7172 = DIRECTION('',(7.850462293421E-17,-0.707106781186,-0.707106781187
    ));
#7173 = CONICAL_SURFACE('',#7174,2.5,0.785398163398);
#7174 = AXIS2_PLACEMENT_3D('',#7175,#7176,#7177);
#7175 = CARTESIAN_POINT('',(230.19636790678,-153.0943824536,
    -272.0970318374));
#7176 = DIRECTION('',(-5.756219417785E-30,-1.,5.195843755246E-14));
#7177 = DIRECTION('',(-1.249000770354E-16,-5.195843755246E-14,-1.));
#7178 = ADVANCED_FACE('',(#7179),#7197,.T.);
#7179 = FACE_BOUND('',#7180,.T.);
#7180 = EDGE_LOOP('',(#7181,#7189,#7190,#7191));
#7181 = ORIENTED_EDGE('',*,*,#7182,.T.);
#7182 = EDGE_CURVE('',#7183,#654,#7185,.T.);
#7183 = VERTEX_POINT('',#7184);
#7184 = CARTESIAN_POINT('',(226.19636790678,-152.5943824536,
    -274.0970318374));
#7185 = LINE('',#7186,#7187);
#7186 = CARTESIAN_POINT('',(226.19636790678,-152.5943824536,
    -274.0970318374));
#7187 = VECTOR('',#7188,1.);
#7188 = DIRECTION('',(7.850462293423E-17,-0.707106781186,-0.707106781187
    ));
#7189 = ORIENTED_EDGE('',*,*,#653,.T.);
#7190 = ORIENTED_EDGE('',*,*,#7168,.F.);
#7191 = ORIENTED_EDGE('',*,*,#7192,.T.);
#7192 = EDGE_CURVE('',#7158,#7183,#7193,.T.);
#7193 = LINE('',#7194,#7195);
#7194 = CARTESIAN_POINT('',(251.44657543042,-152.5943824536,
    -274.0970318374));
#7195 = VECTOR('',#7196,1.);
#7196 = DIRECTION('',(-1.,-1.202550606142E-29,1.249000770353E-16));
#7197 = PLANE('',#7198);
#7198 = AXIS2_PLACEMENT_3D('',#7199,#7200,#7201);
#7199 = CARTESIAN_POINT('',(251.44657543042,-153.0943824536,
    -274.5970318374));
#7200 = DIRECTION('',(8.831769144236E-17,-0.707106781187,0.707106781186)
  );
#7201 = DIRECTION('',(-1.,-2.359223794976E-16,-1.110223024625E-16));
#7202 = ADVANCED_FACE('',(#7203),#7215,.F.);
#7203 = FACE_BOUND('',#7204,.F.);
#7204 = EDGE_LOOP('',(#7205,#7212,#7213,#7214));
#7205 = ORIENTED_EDGE('',*,*,#7206,.F.);
#7206 = EDGE_CURVE('',#7183,#7038,#7207,.T.);
#7207 = CIRCLE('',#7208,2.);
#7208 = AXIS2_PLACEMENT_3D('',#7209,#7210,#7211);
#7209 = CARTESIAN_POINT('',(226.19636790678,-152.5943824536,
    -272.0970318374));
#7210 = DIRECTION('',(-1.852075225885E-29,1.,-5.200354036283E-14));
#7211 = DIRECTION('',(-1.,-1.859562397992E-27,-3.540223671097E-14));
#7212 = ORIENTED_EDGE('',*,*,#7182,.T.);
#7213 = ORIENTED_EDGE('',*,*,#661,.F.);
#7214 = ORIENTED_EDGE('',*,*,#7037,.T.);
#7215 = CONICAL_SURFACE('',#7216,2.5,0.785398163398);
#7216 = AXIS2_PLACEMENT_3D('',#7217,#7218,#7219);
#7217 = CARTESIAN_POINT('',(226.19636790678,-153.0943824536,
    -272.0970318374));
#7218 = DIRECTION('',(-5.756219417785E-30,-1.,5.195843755246E-14));
#7219 = DIRECTION('',(-1.,-1.833688685946E-27,-3.540223671097E-14));
#7220 = ADVANCED_FACE('',(#7221),#7247,.F.);
#7221 = FACE_BOUND('',#7222,.F.);
#7222 = EDGE_LOOP('',(#7223,#7231,#7240,#7246));
#7223 = ORIENTED_EDGE('',*,*,#7224,.F.);
#7224 = EDGE_CURVE('',#7225,#7110,#7227,.T.);
#7225 = VERTEX_POINT('',#7226);
#7226 = CARTESIAN_POINT('',(232.19636790678,-149.5943824536,
    111.90296816252));
#7227 = LINE('',#7228,#7229);
#7228 = CARTESIAN_POINT('',(232.19636790678,-159.5943824536,
    111.90296816252));
#7229 = VECTOR('',#7230,1.);
#7230 = DIRECTION('',(-5.95343464409E-30,-1.,5.373479439186E-14));
#7231 = ORIENTED_EDGE('',*,*,#7232,.F.);
#7232 = EDGE_CURVE('',#7233,#7225,#7235,.T.);
#7233 = VERTEX_POINT('',#7234);
#7234 = CARTESIAN_POINT('',(230.19636790678,-149.5943824536,
    113.90296816252));
#7235 = CIRCLE('',#7236,2.);
#7236 = AXIS2_PLACEMENT_3D('',#7237,#7238,#7239);
#7237 = CARTESIAN_POINT('',(230.19636790678,-149.5943824536,
    111.90296816252));
#7238 = DIRECTION('',(3.804325436758E-30,1.,-5.195843755246E-14));
#7239 = DIRECTION('',(0.707106781187,3.67401635332E-14,0.707106781187));
#7240 = ORIENTED_EDGE('',*,*,#7241,.F.);
#7241 = EDGE_CURVE('',#7085,#7233,#7242,.T.);
#7242 = LINE('',#7243,#7244);
#7243 = CARTESIAN_POINT('',(230.19636790678,-159.5943824536,
    113.90296816252));
#7244 = VECTOR('',#7245,1.);
#7245 = DIRECTION('',(5.95343464409E-30,1.,-5.373479439186E-14));
#7246 = ORIENTED_EDGE('',*,*,#7117,.T.);
#7247 = CYLINDRICAL_SURFACE('',#7248,2.);
#7248 = AXIS2_PLACEMENT_3D('',#7249,#7250,#7251);
#7249 = CARTESIAN_POINT('',(230.19636790678,-159.5943824536,
    111.90296816252));
#7250 = DIRECTION('',(5.95343464409E-30,1.,-5.373479439186E-14));
#7251 = DIRECTION('',(0.707106781187,3.799623750015E-14,0.707106781187)
  );
#7252 = ADVANCED_FACE('',(#7253),#7271,.F.);
#7253 = FACE_BOUND('',#7254,.T.);
#7254 = EDGE_LOOP('',(#7255,#7256,#7264,#7270));
#7255 = ORIENTED_EDGE('',*,*,#7094,.F.);
#7256 = ORIENTED_EDGE('',*,*,#7257,.F.);
#7257 = EDGE_CURVE('',#7258,#7061,#7260,.T.);
#7258 = VERTEX_POINT('',#7259);
#7259 = CARTESIAN_POINT('',(226.19636790678,-149.5943824536,
    113.90296816252));
#7260 = LINE('',#7261,#7262);
#7261 = CARTESIAN_POINT('',(226.19636790678,-159.5943824536,
    113.90296816252));
#7262 = VECTOR('',#7263,1.);
#7263 = DIRECTION('',(-5.95343464409E-30,-1.,5.373479439186E-14));
#7264 = ORIENTED_EDGE('',*,*,#7265,.F.);
#7265 = EDGE_CURVE('',#7233,#7258,#7266,.T.);
#7266 = LINE('',#7267,#7268);
#7267 = CARTESIAN_POINT('',(145.96545974371,-149.5943824536,
    113.90296816252));
#7268 = VECTOR('',#7269,1.);
#7269 = DIRECTION('',(-1.,1.223658792014E-29,1.249000770354E-16));
#7270 = ORIENTED_EDGE('',*,*,#7241,.F.);
#7271 = PLANE('',#7272);
#7272 = AXIS2_PLACEMENT_3D('',#7273,#7274,#7275);
#7273 = CARTESIAN_POINT('',(226.19636790678,-159.5943824536,
    113.90296816252));
#7274 = DIRECTION('',(1.249000770354E-16,5.373479439186E-14,1.));
#7275 = DIRECTION('',(1.,-1.218728411356E-29,-1.249000770354E-16));
#7276 = ADVANCED_FACE('',(#7277),#7296,.F.);
#7277 = FACE_BOUND('',#7278,.F.);
#7278 = EDGE_LOOP('',(#7279,#7280,#7289,#7295));
#7279 = ORIENTED_EDGE('',*,*,#7257,.F.);
#7280 = ORIENTED_EDGE('',*,*,#7281,.F.);
#7281 = EDGE_CURVE('',#7282,#7258,#7284,.T.);
#7282 = VERTEX_POINT('',#7283);
#7283 = CARTESIAN_POINT('',(224.19636790678,-149.5943824536,
    111.90296816252));
#7284 = CIRCLE('',#7285,2.);
#7285 = AXIS2_PLACEMENT_3D('',#7286,#7287,#7288);
#7286 = CARTESIAN_POINT('',(226.19636790678,-149.5943824536,
    111.90296816252));
#7287 = DIRECTION('',(1.38199605225E-29,1.,-5.195843755246E-14));
#7288 = DIRECTION('',(-0.707106781187,3.67401635332E-14,0.707106781187)
  );
#7289 = ORIENTED_EDGE('',*,*,#7290,.F.);
#7290 = EDGE_CURVE('',#7029,#7282,#7291,.T.);
#7291 = LINE('',#7292,#7293);
#7292 = CARTESIAN_POINT('',(224.19636790678,-159.5943824536,
    111.90296816252));
#7293 = VECTOR('',#7294,1.);
#7294 = DIRECTION('',(5.95343464409E-30,1.,-5.373479439186E-14));
#7295 = ORIENTED_EDGE('',*,*,#7068,.T.);
#7296 = CYLINDRICAL_SURFACE('',#7297,2.);
#7297 = AXIS2_PLACEMENT_3D('',#7298,#7299,#7300);
#7298 = CARTESIAN_POINT('',(226.19636790678,-159.5943824536,
    111.90296816252));
#7299 = DIRECTION('',(5.95343464409E-30,1.,-5.373479439186E-14));
#7300 = DIRECTION('',(-0.707106781187,3.799623750015E-14,0.707106781187)
  );
#7301 = ADVANCED_FACE('',(#7302),#7320,.F.);
#7302 = FACE_BOUND('',#7303,.T.);
#7303 = EDGE_LOOP('',(#7304,#7305,#7313,#7319));
#7304 = ORIENTED_EDGE('',*,*,#7045,.F.);
#7305 = ORIENTED_EDGE('',*,*,#7306,.T.);
#7306 = EDGE_CURVE('',#7038,#7307,#7309,.T.);
#7307 = VERTEX_POINT('',#7308);
#7308 = CARTESIAN_POINT('',(224.19636790678,-149.5943824536,
    -272.0970318374));
#7309 = LINE('',#7310,#7311);
#7310 = CARTESIAN_POINT('',(224.19636790678,-159.5943824536,
    -272.0970318374));
#7311 = VECTOR('',#7312,1.);
#7312 = DIRECTION('',(5.95343464409E-30,1.,-5.373479439186E-14));
#7313 = ORIENTED_EDGE('',*,*,#7314,.F.);
#7314 = EDGE_CURVE('',#7282,#7307,#7315,.T.);
#7315 = LINE('',#7316,#7317);
#7316 = CARTESIAN_POINT('',(224.19636790678,-149.5943824537,
    -362.3471362745));
#7317 = VECTOR('',#7318,1.);
#7318 = DIRECTION('',(-1.249000770354E-16,-5.195843755246E-14,-1.));
#7319 = ORIENTED_EDGE('',*,*,#7290,.F.);
#7320 = PLANE('',#7321);
#7321 = AXIS2_PLACEMENT_3D('',#7322,#7323,#7324);
#7322 = CARTESIAN_POINT('',(224.19636790678,-159.5943824536,
    -272.0970318374));
#7323 = DIRECTION('',(-1.,1.266491460312E-29,1.249000770354E-16));
#7324 = DIRECTION('',(1.249000770354E-16,5.335546213084E-14,1.));
#7325 = ADVANCED_FACE('',(#7326),#7351,.T.);
#7326 = FACE_BOUND('',#7327,.T.);
#7327 = EDGE_LOOP('',(#7328,#7336,#7337,#7345));
#7328 = ORIENTED_EDGE('',*,*,#7329,.T.);
#7329 = EDGE_CURVE('',#7330,#1999,#7332,.T.);
#7330 = VERTEX_POINT('',#7331);
#7331 = CARTESIAN_POINT('',(206.19636790678,-152.5943824536,
    111.90296816252));
#7332 = LINE('',#7333,#7334);
#7333 = CARTESIAN_POINT('',(206.19636790678,-152.5943824536,
    111.90296816252));
#7334 = VECTOR('',#7335,1.);
#7335 = DIRECTION('',(-0.707106781187,-0.707106781186,3.666165891025E-14
    ));
#7336 = ORIENTED_EDGE('',*,*,#1998,.T.);
#7337 = ORIENTED_EDGE('',*,*,#7338,.T.);
#7338 = EDGE_CURVE('',#2001,#7339,#7341,.T.);
#7339 = VERTEX_POINT('',#7340);
#7340 = CARTESIAN_POINT('',(206.19636790678,-152.5943824536,
    -272.0970318374));
#7341 = LINE('',#7342,#7343);
#7342 = CARTESIAN_POINT('',(205.19636790678,-153.5943824536,
    -272.0970318374));
#7343 = VECTOR('',#7344,1.);
#7344 = DIRECTION('',(0.707106781187,0.707106781186,-3.666165891025E-14)
  );
#7345 = ORIENTED_EDGE('',*,*,#7346,.T.);
#7346 = EDGE_CURVE('',#7339,#7330,#7347,.T.);
#7347 = LINE('',#7348,#7349);
#7348 = CARTESIAN_POINT('',(206.19636790678,-152.5943824537,
    -356.3221924147));
#7349 = VECTOR('',#7350,1.);
#7350 = DIRECTION('',(1.249000770354E-16,5.200354036283E-14,1.));
#7351 = PLANE('',#7352);
#7352 = AXIS2_PLACEMENT_3D('',#7353,#7354,#7355);
#7353 = CARTESIAN_POINT('',(205.69636790678,-153.0943824537,
    -356.3221924147));
#7354 = DIRECTION('',(0.707106781186,-0.707106781187,3.668373834485E-14)
  );
#7355 = DIRECTION('',(-0.707106781187,-0.707106781186,3.666165891025E-14
    ));
#7356 = ADVANCED_FACE('',(#7357),#7376,.F.);
#7357 = FACE_BOUND('',#7358,.F.);
#7358 = EDGE_LOOP('',(#7359,#7360,#7368,#7375));
#7359 = ORIENTED_EDGE('',*,*,#2008,.F.);
#7360 = ORIENTED_EDGE('',*,*,#7361,.F.);
#7361 = EDGE_CURVE('',#7362,#2009,#7364,.T.);
#7362 = VERTEX_POINT('',#7363);
#7363 = CARTESIAN_POINT('',(208.19636790678,-152.5943824536,
    113.90296816252));
#7364 = LINE('',#7365,#7366);
#7365 = CARTESIAN_POINT('',(208.19636790678,-152.5943824536,
    113.90296816252));
#7366 = VECTOR('',#7367,1.);
#7367 = DIRECTION('',(-7.850462293417E-17,-0.707106781187,0.707106781186
    ));
#7368 = ORIENTED_EDGE('',*,*,#7369,.F.);
#7369 = EDGE_CURVE('',#7330,#7362,#7370,.T.);
#7370 = CIRCLE('',#7371,2.);
#7371 = AXIS2_PLACEMENT_3D('',#7372,#7373,#7374);
#7372 = CARTESIAN_POINT('',(208.19636790678,-152.5943824536,
    111.90296816252));
#7373 = DIRECTION('',(-1.575848400721E-29,1.,-5.200354036283E-14));
#7374 = DIRECTION('',(-0.707106781187,3.677205603627E-14,0.707106781187)
  );
#7375 = ORIENTED_EDGE('',*,*,#7329,.T.);
#7376 = CONICAL_SURFACE('',#7377,2.5,0.785398163397);
#7377 = AXIS2_PLACEMENT_3D('',#7378,#7379,#7380);
#7378 = CARTESIAN_POINT('',(208.19636790678,-153.0943824536,
    111.90296816252));
#7379 = DIRECTION('',(-5.756219417785E-30,-1.,5.195843755246E-14));
#7380 = DIRECTION('',(-0.707106781187,3.67401635332E-14,0.707106781187)
  );
#7381 = ADVANCED_FACE('',(#7382),#7400,.T.);
#7382 = FACE_BOUND('',#7383,.T.);
#7383 = EDGE_LOOP('',(#7384,#7392,#7393,#7394));
#7384 = ORIENTED_EDGE('',*,*,#7385,.T.);
#7385 = EDGE_CURVE('',#7386,#2018,#7388,.T.);
#7386 = VERTEX_POINT('',#7387);
#7387 = CARTESIAN_POINT('',(212.19636790678,-152.5943824536,
    113.90296816252));
#7388 = LINE('',#7389,#7390);
#7389 = CARTESIAN_POINT('',(212.19636790678,-152.5943824536,
    113.90296816252));
#7390 = VECTOR('',#7391,1.);
#7391 = DIRECTION('',(-7.850462293424E-17,-0.707106781186,0.707106781187
    ));
#7392 = ORIENTED_EDGE('',*,*,#2017,.T.);
#7393 = ORIENTED_EDGE('',*,*,#7361,.F.);
#7394 = ORIENTED_EDGE('',*,*,#7395,.T.);
#7395 = EDGE_CURVE('',#7362,#7386,#7396,.T.);
#7396 = LINE('',#7397,#7398);
#7397 = CARTESIAN_POINT('',(240.44657543042,-152.5943824536,
    113.90296816252));
#7398 = VECTOR('',#7399,1.);
#7399 = DIRECTION('',(1.,1.202550606141E-29,-1.249000770354E-16));
#7400 = PLANE('',#7401);
#7401 = AXIS2_PLACEMENT_3D('',#7402,#7403,#7404);
#7402 = CARTESIAN_POINT('',(240.44657543042,-153.0943824536,
    114.40296816252));
#7403 = DIRECTION('',(-8.831769144242E-17,-0.707106781187,
    -0.707106781186));
#7404 = DIRECTION('',(-1.,2.359223794976E-16,-1.110223024625E-16));
#7405 = ADVANCED_FACE('',(#7406),#7425,.F.);
#7406 = FACE_BOUND('',#7407,.F.);
#7407 = EDGE_LOOP('',(#7408,#7409,#7417,#7424));
#7408 = ORIENTED_EDGE('',*,*,#2025,.F.);
#7409 = ORIENTED_EDGE('',*,*,#7410,.F.);
#7410 = EDGE_CURVE('',#7411,#2026,#7413,.T.);
#7411 = VERTEX_POINT('',#7412);
#7412 = CARTESIAN_POINT('',(214.19636790678,-152.5943824536,
    111.90296816252));
#7413 = LINE('',#7414,#7415);
#7414 = CARTESIAN_POINT('',(214.19636790678,-152.5943824536,
    111.90296816252));
#7415 = VECTOR('',#7416,1.);
#7416 = DIRECTION('',(0.707106781186,-0.707106781187,3.681866815615E-14)
  );
#7417 = ORIENTED_EDGE('',*,*,#7418,.F.);
#7418 = EDGE_CURVE('',#7386,#7411,#7419,.T.);
#7419 = CIRCLE('',#7420,2.);
#7420 = AXIS2_PLACEMENT_3D('',#7421,#7422,#7423);
#7421 = CARTESIAN_POINT('',(212.19636790678,-152.5943824536,
    111.90296816252));
#7422 = DIRECTION('',(-2.178396804699E-29,1.,-5.200354036283E-14));
#7423 = DIRECTION('',(0.707106781187,3.677205603627E-14,0.707106781187)
  );
#7424 = ORIENTED_EDGE('',*,*,#7385,.T.);
#7425 = CONICAL_SURFACE('',#7426,2.5,0.785398163397);
#7426 = AXIS2_PLACEMENT_3D('',#7427,#7428,#7429);
#7427 = CARTESIAN_POINT('',(212.19636790678,-153.0943824536,
    111.90296816252));
#7428 = DIRECTION('',(-5.756219417785E-30,-1.,5.195843755246E-14));
#7429 = DIRECTION('',(0.707106781187,3.67401635332E-14,0.707106781187));
#7430 = ADVANCED_FACE('',(#7431),#7449,.T.);
#7431 = FACE_BOUND('',#7432,.T.);
#7432 = EDGE_LOOP('',(#7433,#7441,#7442,#7443));
#7433 = ORIENTED_EDGE('',*,*,#7434,.T.);
#7434 = EDGE_CURVE('',#7435,#2035,#7437,.T.);
#7435 = VERTEX_POINT('',#7436);
#7436 = CARTESIAN_POINT('',(214.19636790678,-152.5943824536,
    -272.0970318374));
#7437 = LINE('',#7438,#7439);
#7438 = CARTESIAN_POINT('',(214.19636790678,-152.5943824536,
    -272.0970318374));
#7439 = VECTOR('',#7440,1.);
#7440 = DIRECTION('',(0.707106781187,-0.707106781186,4.309903799085E-14)
  );
#7441 = ORIENTED_EDGE('',*,*,#2034,.T.);
#7442 = ORIENTED_EDGE('',*,*,#7410,.F.);
#7443 = ORIENTED_EDGE('',*,*,#7444,.T.);
#7444 = EDGE_CURVE('',#7411,#7435,#7445,.T.);
#7445 = LINE('',#7446,#7447);
#7446 = CARTESIAN_POINT('',(214.19636790678,-152.5943824536,
    -159.3221924147));
#7447 = VECTOR('',#7448,1.);
#7448 = DIRECTION('',(-1.249000770354E-16,-5.200354036283E-14,-1.));
#7449 = PLANE('',#7450);
#7450 = AXIS2_PLACEMENT_3D('',#7451,#7452,#7453);
#7451 = CARTESIAN_POINT('',(214.69636790678,-153.0943824536,
    -159.3221924147));
#7452 = DIRECTION('',(-0.707106781186,-0.707106781187,3.686037372773E-14
    ));
#7453 = DIRECTION('',(-0.707106781187,0.707106781186,-3.681866815611E-14
    ));
#7454 = ADVANCED_FACE('',(#7455),#7474,.F.);
#7455 = FACE_BOUND('',#7456,.F.);
#7456 = EDGE_LOOP('',(#7457,#7466,#7467,#7468));
#7457 = ORIENTED_EDGE('',*,*,#7458,.F.);
#7458 = EDGE_CURVE('',#7435,#7459,#7461,.T.);
#7459 = VERTEX_POINT('',#7460);
#7460 = CARTESIAN_POINT('',(212.19636790678,-152.5943824536,
    -274.0970318374));
#7461 = CIRCLE('',#7462,2.);
#7462 = AXIS2_PLACEMENT_3D('',#7463,#7464,#7465);
#7463 = CARTESIAN_POINT('',(212.19636790678,-152.5943824536,
    -272.0970318374));
#7464 = DIRECTION('',(-1.852075225885E-29,1.,-5.200354036283E-14));
#7465 = DIRECTION('',(-1.249000770354E-16,-5.200354036283E-14,-1.));
#7466 = ORIENTED_EDGE('',*,*,#7434,.T.);
#7467 = ORIENTED_EDGE('',*,*,#2042,.F.);
#7468 = ORIENTED_EDGE('',*,*,#7469,.F.);
#7469 = EDGE_CURVE('',#7459,#2043,#7470,.T.);
#7470 = LINE('',#7471,#7472);
#7471 = CARTESIAN_POINT('',(212.19636790678,-152.5943824536,
    -274.0970318374));
#7472 = VECTOR('',#7473,1.);
#7473 = DIRECTION('',(7.850462293421E-17,-0.707106781186,-0.707106781187
    ));
#7474 = CONICAL_SURFACE('',#7475,2.5,0.785398163398);
#7475 = AXIS2_PLACEMENT_3D('',#7476,#7477,#7478);
#7476 = CARTESIAN_POINT('',(212.19636790678,-153.0943824536,
    -272.0970318374));
#7477 = DIRECTION('',(-5.756219417785E-30,-1.,5.195843755246E-14));
#7478 = DIRECTION('',(-1.249000770354E-16,-5.195843755246E-14,-1.));
#7479 = ADVANCED_FACE('',(#7480),#7498,.T.);
#7480 = FACE_BOUND('',#7481,.T.);
#7481 = EDGE_LOOP('',(#7482,#7490,#7491,#7492));
#7482 = ORIENTED_EDGE('',*,*,#7483,.T.);
#7483 = EDGE_CURVE('',#7484,#2052,#7486,.T.);
#7484 = VERTEX_POINT('',#7485);
#7485 = CARTESIAN_POINT('',(208.19636790678,-152.5943824536,
    -274.0970318374));
#7486 = LINE('',#7487,#7488);
#7487 = CARTESIAN_POINT('',(208.19636790678,-152.5943824536,
    -274.0970318374));
#7488 = VECTOR('',#7489,1.);
#7489 = DIRECTION('',(7.850462293423E-17,-0.707106781186,-0.707106781187
    ));
#7490 = ORIENTED_EDGE('',*,*,#2051,.T.);
#7491 = ORIENTED_EDGE('',*,*,#7469,.F.);
#7492 = ORIENTED_EDGE('',*,*,#7493,.T.);
#7493 = EDGE_CURVE('',#7459,#7484,#7494,.T.);
#7494 = LINE('',#7495,#7496);
#7495 = CARTESIAN_POINT('',(242.44657543042,-152.5943824536,
    -274.0970318374));
#7496 = VECTOR('',#7497,1.);
#7497 = DIRECTION('',(-1.,-1.202550606142E-29,1.249000770353E-16));
#7498 = PLANE('',#7499);
#7499 = AXIS2_PLACEMENT_3D('',#7500,#7501,#7502);
#7500 = CARTESIAN_POINT('',(242.44657543042,-153.0943824536,
    -274.5970318374));
#7501 = DIRECTION('',(8.831769144236E-17,-0.707106781187,0.707106781186)
  );
#7502 = DIRECTION('',(-1.,-2.359223794976E-16,-1.110223024625E-16));
#7503 = ADVANCED_FACE('',(#7504),#7516,.F.);
#7504 = FACE_BOUND('',#7505,.F.);
#7505 = EDGE_LOOP('',(#7506,#7513,#7514,#7515));
#7506 = ORIENTED_EDGE('',*,*,#7507,.F.);
#7507 = EDGE_CURVE('',#7484,#7339,#7508,.T.);
#7508 = CIRCLE('',#7509,2.);
#7509 = AXIS2_PLACEMENT_3D('',#7510,#7511,#7512);
#7510 = CARTESIAN_POINT('',(208.19636790678,-152.5943824536,
    -272.0970318374));
#7511 = DIRECTION('',(-1.852075225885E-29,1.,-5.200354036283E-14));
#7512 = DIRECTION('',(-1.,-1.859562397992E-27,-3.540223671097E-14));
#7513 = ORIENTED_EDGE('',*,*,#7483,.T.);
#7514 = ORIENTED_EDGE('',*,*,#2059,.F.);
#7515 = ORIENTED_EDGE('',*,*,#7338,.T.);
#7516 = CONICAL_SURFACE('',#7517,2.5,0.785398163398);
#7517 = AXIS2_PLACEMENT_3D('',#7518,#7519,#7520);
#7518 = CARTESIAN_POINT('',(208.19636790678,-153.0943824536,
    -272.0970318374));
#7519 = DIRECTION('',(-5.756219417785E-30,-1.,5.195843755246E-14));
#7520 = DIRECTION('',(-1.,-1.833688685946E-27,-3.540223671097E-14));
#7521 = ADVANCED_FACE('',(#7522),#7548,.F.);
#7522 = FACE_BOUND('',#7523,.F.);
#7523 = EDGE_LOOP('',(#7524,#7532,#7541,#7547));
#7524 = ORIENTED_EDGE('',*,*,#7525,.F.);
#7525 = EDGE_CURVE('',#7526,#7411,#7528,.T.);
#7526 = VERTEX_POINT('',#7527);
#7527 = CARTESIAN_POINT('',(214.19636790678,-149.5943824536,
    111.90296816252));
#7528 = LINE('',#7529,#7530);
#7529 = CARTESIAN_POINT('',(214.19636790678,-159.5943824536,
    111.90296816252));
#7530 = VECTOR('',#7531,1.);
#7531 = DIRECTION('',(-5.95343464409E-30,-1.,5.373479439186E-14));
#7532 = ORIENTED_EDGE('',*,*,#7533,.F.);
#7533 = EDGE_CURVE('',#7534,#7526,#7536,.T.);
#7534 = VERTEX_POINT('',#7535);
#7535 = CARTESIAN_POINT('',(212.19636790678,-149.5943824536,
    113.90296816252));
#7536 = CIRCLE('',#7537,2.);
#7537 = AXIS2_PLACEMENT_3D('',#7538,#7539,#7540);
#7538 = CARTESIAN_POINT('',(212.19636790678,-149.5943824536,
    111.90296816252));
#7539 = DIRECTION('',(3.804325436758E-30,1.,-5.195843755246E-14));
#7540 = DIRECTION('',(0.707106781187,3.67401635332E-14,0.707106781187));
#7541 = ORIENTED_EDGE('',*,*,#7542,.F.);
#7542 = EDGE_CURVE('',#7386,#7534,#7543,.T.);
#7543 = LINE('',#7544,#7545);
#7544 = CARTESIAN_POINT('',(212.19636790678,-159.5943824536,
    113.90296816252));
#7545 = VECTOR('',#7546,1.);
#7546 = DIRECTION('',(5.95343464409E-30,1.,-5.373479439186E-14));
#7547 = ORIENTED_EDGE('',*,*,#7418,.T.);
#7548 = CYLINDRICAL_SURFACE('',#7549,2.);
#7549 = AXIS2_PLACEMENT_3D('',#7550,#7551,#7552);
#7550 = CARTESIAN_POINT('',(212.19636790678,-159.5943824536,
    111.90296816252));
#7551 = DIRECTION('',(5.95343464409E-30,1.,-5.373479439186E-14));
#7552 = DIRECTION('',(0.707106781187,3.799623750015E-14,0.707106781187)
  );
#7553 = ADVANCED_FACE('',(#7554),#7572,.F.);
#7554 = FACE_BOUND('',#7555,.T.);
#7555 = EDGE_LOOP('',(#7556,#7557,#7565,#7571));
#7556 = ORIENTED_EDGE('',*,*,#7395,.F.);
#7557 = ORIENTED_EDGE('',*,*,#7558,.F.);
#7558 = EDGE_CURVE('',#7559,#7362,#7561,.T.);
#7559 = VERTEX_POINT('',#7560);
#7560 = CARTESIAN_POINT('',(208.19636790678,-149.5943824536,
    113.90296816252));
#7561 = LINE('',#7562,#7563);
#7562 = CARTESIAN_POINT('',(208.19636790678,-159.5943824536,
    113.90296816252));
#7563 = VECTOR('',#7564,1.);
#7564 = DIRECTION('',(-5.95343464409E-30,-1.,5.373479439186E-14));
#7565 = ORIENTED_EDGE('',*,*,#7566,.F.);
#7566 = EDGE_CURVE('',#7534,#7559,#7567,.T.);
#7567 = LINE('',#7568,#7569);
#7568 = CARTESIAN_POINT('',(136.96545974371,-149.5943824536,
    113.90296816252));
#7569 = VECTOR('',#7570,1.);
#7570 = DIRECTION('',(-1.,1.223658792014E-29,1.249000770354E-16));
#7571 = ORIENTED_EDGE('',*,*,#7542,.F.);
#7572 = PLANE('',#7573);
#7573 = AXIS2_PLACEMENT_3D('',#7574,#7575,#7576);
#7574 = CARTESIAN_POINT('',(208.19636790678,-159.5943824536,
    113.90296816252));
#7575 = DIRECTION('',(1.249000770354E-16,5.373479439186E-14,1.));
#7576 = DIRECTION('',(1.,-1.218728411356E-29,-1.249000770354E-16));
#7577 = ADVANCED_FACE('',(#7578),#7597,.F.);
#7578 = FACE_BOUND('',#7579,.F.);
#7579 = EDGE_LOOP('',(#7580,#7581,#7590,#7596));
#7580 = ORIENTED_EDGE('',*,*,#7558,.F.);
#7581 = ORIENTED_EDGE('',*,*,#7582,.F.);
#7582 = EDGE_CURVE('',#7583,#7559,#7585,.T.);
#7583 = VERTEX_POINT('',#7584);
#7584 = CARTESIAN_POINT('',(206.19636790678,-149.5943824536,
    111.90296816252));
#7585 = CIRCLE('',#7586,2.);
#7586 = AXIS2_PLACEMENT_3D('',#7587,#7588,#7589);
#7587 = CARTESIAN_POINT('',(208.19636790678,-149.5943824536,
    111.90296816252));
#7588 = DIRECTION('',(1.38199605225E-29,1.,-5.195843755246E-14));
#7589 = DIRECTION('',(-0.707106781187,3.67401635332E-14,0.707106781187)
  );
#7590 = ORIENTED_EDGE('',*,*,#7591,.F.);
#7591 = EDGE_CURVE('',#7330,#7583,#7592,.T.);
#7592 = LINE('',#7593,#7594);
#7593 = CARTESIAN_POINT('',(206.19636790678,-159.5943824536,
    111.90296816252));
#7594 = VECTOR('',#7595,1.);
#7595 = DIRECTION('',(5.95343464409E-30,1.,-5.373479439186E-14));
#7596 = ORIENTED_EDGE('',*,*,#7369,.T.);
#7597 = CYLINDRICAL_SURFACE('',#7598,2.);
#7598 = AXIS2_PLACEMENT_3D('',#7599,#7600,#7601);
#7599 = CARTESIAN_POINT('',(208.19636790678,-159.5943824536,
    111.90296816252));
#7600 = DIRECTION('',(5.95343464409E-30,1.,-5.373479439186E-14));
#7601 = DIRECTION('',(-0.707106781187,3.799623750015E-14,0.707106781187)
  );
#7602 = ADVANCED_FACE('',(#7603),#7621,.F.);
#7603 = FACE_BOUND('',#7604,.T.);
#7604 = EDGE_LOOP('',(#7605,#7606,#7614,#7620));
#7605 = ORIENTED_EDGE('',*,*,#7346,.F.);
#7606 = ORIENTED_EDGE('',*,*,#7607,.T.);
#7607 = EDGE_CURVE('',#7339,#7608,#7610,.T.);
#7608 = VERTEX_POINT('',#7609);
#7609 = CARTESIAN_POINT('',(206.19636790678,-149.5943824536,
    -272.0970318374));
#7610 = LINE('',#7611,#7612);
#7611 = CARTESIAN_POINT('',(206.19636790678,-159.5943824536,
    -272.0970318374));
#7612 = VECTOR('',#7613,1.);
#7613 = DIRECTION('',(5.95343464409E-30,1.,-5.373479439186E-14));
#7614 = ORIENTED_EDGE('',*,*,#7615,.F.);
#7615 = EDGE_CURVE('',#7583,#7608,#7616,.T.);
#7616 = LINE('',#7617,#7618);
#7617 = CARTESIAN_POINT('',(206.19636790678,-149.5943824537,
    -362.3471362745));
#7618 = VECTOR('',#7619,1.);
#7619 = DIRECTION('',(-1.249000770354E-16,-5.195843755246E-14,-1.));
#7620 = ORIENTED_EDGE('',*,*,#7591,.F.);
#7621 = PLANE('',#7622);
#7622 = AXIS2_PLACEMENT_3D('',#7623,#7624,#7625);
#7623 = CARTESIAN_POINT('',(206.19636790678,-159.5943824536,
    -272.0970318374));
#7624 = DIRECTION('',(-1.,1.266491460312E-29,1.249000770354E-16));
#7625 = DIRECTION('',(1.249000770354E-16,5.335546213084E-14,1.));
#7626 = ADVANCED_FACE('',(#7627),#7652,.T.);
#7627 = FACE_BOUND('',#7628,.T.);
#7628 = EDGE_LOOP('',(#7629,#7637,#7638,#7646));
#7629 = ORIENTED_EDGE('',*,*,#7630,.T.);
#7630 = EDGE_CURVE('',#7631,#671,#7633,.T.);
#7631 = VERTEX_POINT('',#7632);
#7632 = CARTESIAN_POINT('',(188.19636790678,-152.5943824536,
    111.90296816252));
#7633 = LINE('',#7634,#7635);
#7634 = CARTESIAN_POINT('',(188.19636790678,-152.5943824536,
    111.90296816252));
#7635 = VECTOR('',#7636,1.);
#7636 = DIRECTION('',(-0.707106781187,-0.707106781186,3.666165891025E-14
    ));
#7637 = ORIENTED_EDGE('',*,*,#670,.T.);
#7638 = ORIENTED_EDGE('',*,*,#7639,.T.);
#7639 = EDGE_CURVE('',#673,#7640,#7642,.T.);
#7640 = VERTEX_POINT('',#7641);
#7641 = CARTESIAN_POINT('',(188.19636790678,-152.5943824536,
    -272.0970318374));
#7642 = LINE('',#7643,#7644);
#7643 = CARTESIAN_POINT('',(187.19636790678,-153.5943824536,
    -272.0970318374));
#7644 = VECTOR('',#7645,1.);
#7645 = DIRECTION('',(0.707106781187,0.707106781186,-3.666165891025E-14)
  );
#7646 = ORIENTED_EDGE('',*,*,#7647,.T.);
#7647 = EDGE_CURVE('',#7640,#7631,#7648,.T.);
#7648 = LINE('',#7649,#7650);
#7649 = CARTESIAN_POINT('',(188.19636790678,-152.5943824537,
    -356.3221924147));
#7650 = VECTOR('',#7651,1.);
#7651 = DIRECTION('',(1.249000770354E-16,5.200354036283E-14,1.));
#7652 = PLANE('',#7653);
#7653 = AXIS2_PLACEMENT_3D('',#7654,#7655,#7656);
#7654 = CARTESIAN_POINT('',(187.69636790678,-153.0943824537,
    -356.3221924147));
#7655 = DIRECTION('',(0.707106781186,-0.707106781187,3.668373834485E-14)
  );
#7656 = DIRECTION('',(-0.707106781187,-0.707106781186,3.666165891025E-14
    ));
#7657 = ADVANCED_FACE('',(#7658),#7677,.F.);
#7658 = FACE_BOUND('',#7659,.F.);
#7659 = EDGE_LOOP('',(#7660,#7661,#7669,#7676));
#7660 = ORIENTED_EDGE('',*,*,#680,.F.);
#7661 = ORIENTED_EDGE('',*,*,#7662,.F.);
#7662 = EDGE_CURVE('',#7663,#681,#7665,.T.);
#7663 = VERTEX_POINT('',#7664);
#7664 = CARTESIAN_POINT('',(190.19636790678,-152.5943824536,
    113.90296816252));
#7665 = LINE('',#7666,#7667);
#7666 = CARTESIAN_POINT('',(190.19636790678,-152.5943824536,
    113.90296816252));
#7667 = VECTOR('',#7668,1.);
#7668 = DIRECTION('',(-7.850462293417E-17,-0.707106781187,0.707106781186
    ));
#7669 = ORIENTED_EDGE('',*,*,#7670,.F.);
#7670 = EDGE_CURVE('',#7631,#7663,#7671,.T.);
#7671 = CIRCLE('',#7672,2.);
#7672 = AXIS2_PLACEMENT_3D('',#7673,#7674,#7675);
#7673 = CARTESIAN_POINT('',(190.19636790678,-152.5943824536,
    111.90296816252));
#7674 = DIRECTION('',(-1.282767898861E-29,1.,-5.200354036283E-14));
#7675 = DIRECTION('',(-0.707106781187,3.677205603627E-14,0.707106781187)
  );
#7676 = ORIENTED_EDGE('',*,*,#7630,.T.);
#7677 = CONICAL_SURFACE('',#7678,2.5,0.785398163397);
#7678 = AXIS2_PLACEMENT_3D('',#7679,#7680,#7681);
#7679 = CARTESIAN_POINT('',(190.19636790678,-153.0943824536,
    111.90296816252));
#7680 = DIRECTION('',(-5.756219417785E-30,-1.,5.195843755246E-14));
#7681 = DIRECTION('',(-0.707106781187,3.67401635332E-14,0.707106781187)
  );
#7682 = ADVANCED_FACE('',(#7683),#7701,.T.);
#7683 = FACE_BOUND('',#7684,.T.);
#7684 = EDGE_LOOP('',(#7685,#7693,#7694,#7695));
#7685 = ORIENTED_EDGE('',*,*,#7686,.T.);
#7686 = EDGE_CURVE('',#7687,#690,#7689,.T.);
#7687 = VERTEX_POINT('',#7688);
#7688 = CARTESIAN_POINT('',(194.19636790678,-152.5943824536,
    113.90296816252));
#7689 = LINE('',#7690,#7691);
#7690 = CARTESIAN_POINT('',(194.19636790678,-152.5943824536,
    113.90296816252));
#7691 = VECTOR('',#7692,1.);
#7692 = DIRECTION('',(-7.850462293424E-17,-0.707106781186,0.707106781187
    ));
#7693 = ORIENTED_EDGE('',*,*,#689,.T.);
#7694 = ORIENTED_EDGE('',*,*,#7662,.F.);
#7695 = ORIENTED_EDGE('',*,*,#7696,.T.);
#7696 = EDGE_CURVE('',#7663,#7687,#7697,.T.);
#7697 = LINE('',#7698,#7699);
#7698 = CARTESIAN_POINT('',(231.44657543042,-152.5943824536,
    113.90296816252));
#7699 = VECTOR('',#7700,1.);
#7700 = DIRECTION('',(1.,1.202550606141E-29,-1.249000770354E-16));
#7701 = PLANE('',#7702);
#7702 = AXIS2_PLACEMENT_3D('',#7703,#7704,#7705);
#7703 = CARTESIAN_POINT('',(231.44657543042,-153.0943824536,
    114.40296816252));
#7704 = DIRECTION('',(-8.831769144242E-17,-0.707106781187,
    -0.707106781186));
#7705 = DIRECTION('',(-1.,2.359223794976E-16,-1.110223024625E-16));
#7706 = ADVANCED_FACE('',(#7707),#7726,.F.);
#7707 = FACE_BOUND('',#7708,.F.);
#7708 = EDGE_LOOP('',(#7709,#7710,#7718,#7725));
#7709 = ORIENTED_EDGE('',*,*,#697,.F.);
#7710 = ORIENTED_EDGE('',*,*,#7711,.F.);
#7711 = EDGE_CURVE('',#7712,#698,#7714,.T.);
#7712 = VERTEX_POINT('',#7713);
#7713 = CARTESIAN_POINT('',(196.19636790678,-152.5943824536,
    111.90296816252));
#7714 = LINE('',#7715,#7716);
#7715 = CARTESIAN_POINT('',(196.19636790678,-152.5943824536,
    111.90296816252));
#7716 = VECTOR('',#7717,1.);
#7717 = DIRECTION('',(0.707106781186,-0.707106781187,3.681866815615E-14)
  );
#7718 = ORIENTED_EDGE('',*,*,#7719,.F.);
#7719 = EDGE_CURVE('',#7687,#7712,#7720,.T.);
#7720 = CIRCLE('',#7721,2.);
#7721 = AXIS2_PLACEMENT_3D('',#7722,#7723,#7724);
#7722 = CARTESIAN_POINT('',(194.19636790678,-152.5943824536,
    111.90296816252));
#7723 = DIRECTION('',(-1.394141465986E-29,1.,-5.200354036283E-14));
#7724 = DIRECTION('',(0.707106781187,3.677205603627E-14,0.707106781187)
  );
#7725 = ORIENTED_EDGE('',*,*,#7686,.T.);
#7726 = CONICAL_SURFACE('',#7727,2.5,0.785398163397);
#7727 = AXIS2_PLACEMENT_3D('',#7728,#7729,#7730);
#7728 = CARTESIAN_POINT('',(194.19636790678,-153.0943824536,
    111.90296816252));
#7729 = DIRECTION('',(-5.756219417785E-30,-1.,5.195843755246E-14));
#7730 = DIRECTION('',(0.707106781187,3.67401635332E-14,0.707106781187));
#7731 = ADVANCED_FACE('',(#7732),#7750,.T.);
#7732 = FACE_BOUND('',#7733,.T.);
#7733 = EDGE_LOOP('',(#7734,#7742,#7743,#7744));
#7734 = ORIENTED_EDGE('',*,*,#7735,.T.);
#7735 = EDGE_CURVE('',#7736,#707,#7738,.T.);
#7736 = VERTEX_POINT('',#7737);
#7737 = CARTESIAN_POINT('',(196.19636790678,-152.5943824536,
    -272.0970318374));
#7738 = LINE('',#7739,#7740);
#7739 = CARTESIAN_POINT('',(196.19636790678,-152.5943824536,
    -272.0970318374));
#7740 = VECTOR('',#7741,1.);
#7741 = DIRECTION('',(0.707106781187,-0.707106781186,3.681866815611E-14)
  );
#7742 = ORIENTED_EDGE('',*,*,#706,.T.);
#7743 = ORIENTED_EDGE('',*,*,#7711,.F.);
#7744 = ORIENTED_EDGE('',*,*,#7745,.T.);
#7745 = EDGE_CURVE('',#7712,#7736,#7746,.T.);
#7746 = LINE('',#7747,#7748);
#7747 = CARTESIAN_POINT('',(196.19636790678,-152.5943824536,
    -159.3221924147));
#7748 = VECTOR('',#7749,1.);
#7749 = DIRECTION('',(-1.249000770354E-16,-5.200354036283E-14,-1.));
#7750 = PLANE('',#7751);
#7751 = AXIS2_PLACEMENT_3D('',#7752,#7753,#7754);
#7752 = CARTESIAN_POINT('',(196.69636790678,-153.0943824536,
    -159.3221924147));
#7753 = DIRECTION('',(-0.707106781186,-0.707106781187,3.686037372773E-14
    ));
#7754 = DIRECTION('',(-0.707106781187,0.707106781186,-3.681866815611E-14
    ));
#7755 = ADVANCED_FACE('',(#7756),#7775,.F.);
#7756 = FACE_BOUND('',#7757,.F.);
#7757 = EDGE_LOOP('',(#7758,#7767,#7768,#7769));
#7758 = ORIENTED_EDGE('',*,*,#7759,.F.);
#7759 = EDGE_CURVE('',#7736,#7760,#7762,.T.);
#7760 = VERTEX_POINT('',#7761);
#7761 = CARTESIAN_POINT('',(194.19636790678,-152.5943824536,
    -274.0970318374));
#7762 = CIRCLE('',#7763,2.);
#7763 = AXIS2_PLACEMENT_3D('',#7764,#7765,#7766);
#7764 = CARTESIAN_POINT('',(194.19636790678,-152.5943824536,
    -272.0970318374));
#7765 = DIRECTION('',(-1.852075225885E-29,1.,-5.200354036283E-14));
#7766 = DIRECTION('',(-1.249000770354E-16,-5.200354036283E-14,-1.));
#7767 = ORIENTED_EDGE('',*,*,#7735,.T.);
#7768 = ORIENTED_EDGE('',*,*,#714,.F.);
#7769 = ORIENTED_EDGE('',*,*,#7770,.F.);
#7770 = EDGE_CURVE('',#7760,#715,#7771,.T.);
#7771 = LINE('',#7772,#7773);
#7772 = CARTESIAN_POINT('',(194.19636790678,-152.5943824536,
    -274.0970318374));
#7773 = VECTOR('',#7774,1.);
#7774 = DIRECTION('',(7.850462293421E-17,-0.707106781186,-0.707106781187
    ));
#7775 = CONICAL_SURFACE('',#7776,2.5,0.785398163398);
#7776 = AXIS2_PLACEMENT_3D('',#7777,#7778,#7779);
#7777 = CARTESIAN_POINT('',(194.19636790678,-153.0943824536,
    -272.0970318374));
#7778 = DIRECTION('',(-5.756219417785E-30,-1.,5.195843755246E-14));
#7779 = DIRECTION('',(-1.249000770354E-16,-5.195843755246E-14,-1.));
#7780 = ADVANCED_FACE('',(#7781),#7799,.T.);
#7781 = FACE_BOUND('',#7782,.T.);
#7782 = EDGE_LOOP('',(#7783,#7791,#7792,#7793));
#7783 = ORIENTED_EDGE('',*,*,#7784,.T.);
#7784 = EDGE_CURVE('',#7785,#724,#7787,.T.);
#7785 = VERTEX_POINT('',#7786);
#7786 = CARTESIAN_POINT('',(190.19636790678,-152.5943824536,
    -274.0970318374));
#7787 = LINE('',#7788,#7789);
#7788 = CARTESIAN_POINT('',(190.19636790678,-152.5943824536,
    -274.0970318374));
#7789 = VECTOR('',#7790,1.);
#7790 = DIRECTION('',(7.850462293423E-17,-0.707106781186,-0.707106781187
    ));
#7791 = ORIENTED_EDGE('',*,*,#723,.T.);
#7792 = ORIENTED_EDGE('',*,*,#7770,.F.);
#7793 = ORIENTED_EDGE('',*,*,#7794,.T.);
#7794 = EDGE_CURVE('',#7760,#7785,#7795,.T.);
#7795 = LINE('',#7796,#7797);
#7796 = CARTESIAN_POINT('',(233.44657543042,-152.5943824536,
    -274.0970318374));
#7797 = VECTOR('',#7798,1.);
#7798 = DIRECTION('',(-1.,-1.202550606142E-29,1.249000770353E-16));
#7799 = PLANE('',#7800);
#7800 = AXIS2_PLACEMENT_3D('',#7801,#7802,#7803);
#7801 = CARTESIAN_POINT('',(233.44657543042,-153.0943824536,
    -274.5970318374));
#7802 = DIRECTION('',(8.831769144236E-17,-0.707106781187,0.707106781186)
  );
#7803 = DIRECTION('',(-1.,-2.359223794976E-16,-1.110223024625E-16));
#7804 = ADVANCED_FACE('',(#7805),#7817,.F.);
#7805 = FACE_BOUND('',#7806,.F.);
#7806 = EDGE_LOOP('',(#7807,#7814,#7815,#7816));
#7807 = ORIENTED_EDGE('',*,*,#7808,.F.);
#7808 = EDGE_CURVE('',#7785,#7640,#7809,.T.);
#7809 = CIRCLE('',#7810,2.);
#7810 = AXIS2_PLACEMENT_3D('',#7811,#7812,#7813);
#7811 = CARTESIAN_POINT('',(190.19636790678,-152.5943824536,
    -272.0970318374));
#7812 = DIRECTION('',(-1.852075225885E-29,1.,-5.200354036283E-14));
#7813 = DIRECTION('',(-1.,-1.859562397992E-27,-3.540223671097E-14));
#7814 = ORIENTED_EDGE('',*,*,#7784,.T.);
#7815 = ORIENTED_EDGE('',*,*,#731,.F.);
#7816 = ORIENTED_EDGE('',*,*,#7639,.T.);
#7817 = CONICAL_SURFACE('',#7818,2.5,0.785398163398);
#7818 = AXIS2_PLACEMENT_3D('',#7819,#7820,#7821);
#7819 = CARTESIAN_POINT('',(190.19636790678,-153.0943824536,
    -272.0970318374));
#7820 = DIRECTION('',(-5.756219417785E-30,-1.,5.195843755246E-14));
#7821 = DIRECTION('',(-1.,-1.833688685946E-27,-3.540223671097E-14));
#7822 = ADVANCED_FACE('',(#7823),#7849,.F.);
#7823 = FACE_BOUND('',#7824,.F.);
#7824 = EDGE_LOOP('',(#7825,#7833,#7842,#7848));
#7825 = ORIENTED_EDGE('',*,*,#7826,.F.);
#7826 = EDGE_CURVE('',#7827,#7712,#7829,.T.);
#7827 = VERTEX_POINT('',#7828);
#7828 = CARTESIAN_POINT('',(196.19636790678,-149.5943824536,
    111.90296816252));
#7829 = LINE('',#7830,#7831);
#7830 = CARTESIAN_POINT('',(196.19636790678,-159.5943824536,
    111.90296816252));
#7831 = VECTOR('',#7832,1.);
#7832 = DIRECTION('',(-5.95343464409E-30,-1.,5.373479439186E-14));
#7833 = ORIENTED_EDGE('',*,*,#7834,.F.);
#7834 = EDGE_CURVE('',#7835,#7827,#7837,.T.);
#7835 = VERTEX_POINT('',#7836);
#7836 = CARTESIAN_POINT('',(194.19636790678,-149.5943824536,
    113.90296816252));
#7837 = CIRCLE('',#7838,2.);
#7838 = AXIS2_PLACEMENT_3D('',#7839,#7840,#7841);
#7839 = CARTESIAN_POINT('',(194.19636790678,-149.5943824536,
    111.90296816252));
#7840 = DIRECTION('',(7.691219121479E-30,1.,-5.195843755246E-14));
#7841 = DIRECTION('',(0.707106781187,3.67401635332E-14,0.707106781187));
#7842 = ORIENTED_EDGE('',*,*,#7843,.F.);
#7843 = EDGE_CURVE('',#7687,#7835,#7844,.T.);
#7844 = LINE('',#7845,#7846);
#7845 = CARTESIAN_POINT('',(194.19636790678,-159.5943824536,
    113.90296816252));
#7846 = VECTOR('',#7847,1.);
#7847 = DIRECTION('',(5.95343464409E-30,1.,-5.373479439186E-14));
#7848 = ORIENTED_EDGE('',*,*,#7719,.T.);
#7849 = CYLINDRICAL_SURFACE('',#7850,2.);
#7850 = AXIS2_PLACEMENT_3D('',#7851,#7852,#7853);
#7851 = CARTESIAN_POINT('',(194.19636790678,-159.5943824536,
    111.90296816252));
#7852 = DIRECTION('',(5.95343464409E-30,1.,-5.373479439186E-14));
#7853 = DIRECTION('',(0.707106781187,3.799623750015E-14,0.707106781187)
  );
#7854 = ADVANCED_FACE('',(#7855),#7873,.F.);
#7855 = FACE_BOUND('',#7856,.T.);
#7856 = EDGE_LOOP('',(#7857,#7858,#7866,#7872));
#7857 = ORIENTED_EDGE('',*,*,#7696,.F.);
#7858 = ORIENTED_EDGE('',*,*,#7859,.F.);
#7859 = EDGE_CURVE('',#7860,#7663,#7862,.T.);
#7860 = VERTEX_POINT('',#7861);
#7861 = CARTESIAN_POINT('',(190.19636790678,-149.5943824536,
    113.90296816252));
#7862 = LINE('',#7863,#7864);
#7863 = CARTESIAN_POINT('',(190.19636790678,-159.5943824536,
    113.90296816252));
#7864 = VECTOR('',#7865,1.);
#7865 = DIRECTION('',(-5.95343464409E-30,-1.,5.373479439186E-14));
#7866 = ORIENTED_EDGE('',*,*,#7867,.F.);
#7867 = EDGE_CURVE('',#7835,#7860,#7868,.T.);
#7868 = LINE('',#7869,#7870);
#7869 = CARTESIAN_POINT('',(127.96545974371,-149.5943824536,
    113.90296816252));
#7870 = VECTOR('',#7871,1.);
#7871 = DIRECTION('',(-1.,1.223658792014E-29,1.249000770354E-16));
#7872 = ORIENTED_EDGE('',*,*,#7843,.F.);
#7873 = PLANE('',#7874);
#7874 = AXIS2_PLACEMENT_3D('',#7875,#7876,#7877);
#7875 = CARTESIAN_POINT('',(190.19636790678,-159.5943824536,
    113.90296816252));
#7876 = DIRECTION('',(1.249000770354E-16,5.373479439186E-14,1.));
#7877 = DIRECTION('',(1.,-1.218728411356E-29,-1.249000770354E-16));
#7878 = ADVANCED_FACE('',(#7879),#7898,.F.);
#7879 = FACE_BOUND('',#7880,.F.);
#7880 = EDGE_LOOP('',(#7881,#7882,#7891,#7897));
#7881 = ORIENTED_EDGE('',*,*,#7859,.F.);
#7882 = ORIENTED_EDGE('',*,*,#7883,.F.);
#7883 = EDGE_CURVE('',#7884,#7860,#7886,.T.);
#7884 = VERTEX_POINT('',#7885);
#7885 = CARTESIAN_POINT('',(188.19636790678,-149.5943824536,
    111.90296816252));
#7886 = CIRCLE('',#7887,2.);
#7887 = AXIS2_PLACEMENT_3D('',#7888,#7889,#7890);
#7888 = CARTESIAN_POINT('',(190.19636790678,-149.5943824536,
    111.90296816252));
#7889 = DIRECTION('',(9.933066837783E-30,1.,-5.195843755246E-14));
#7890 = DIRECTION('',(-0.707106781187,3.67401635332E-14,0.707106781187)
  );
#7891 = ORIENTED_EDGE('',*,*,#7892,.F.);
#7892 = EDGE_CURVE('',#7631,#7884,#7893,.T.);
#7893 = LINE('',#7894,#7895);
#7894 = CARTESIAN_POINT('',(188.19636790678,-159.5943824536,
    111.90296816252));
#7895 = VECTOR('',#7896,1.);
#7896 = DIRECTION('',(5.95343464409E-30,1.,-5.373479439186E-14));
#7897 = ORIENTED_EDGE('',*,*,#7670,.T.);
#7898 = CYLINDRICAL_SURFACE('',#7899,2.);
#7899 = AXIS2_PLACEMENT_3D('',#7900,#7901,#7902);
#7900 = CARTESIAN_POINT('',(190.19636790678,-159.5943824536,
    111.90296816252));
#7901 = DIRECTION('',(5.95343464409E-30,1.,-5.373479439186E-14));
#7902 = DIRECTION('',(-0.707106781187,3.799623750015E-14,0.707106781187)
  );
#7903 = ADVANCED_FACE('',(#7904),#7922,.F.);
#7904 = FACE_BOUND('',#7905,.T.);
#7905 = EDGE_LOOP('',(#7906,#7907,#7915,#7921));
#7906 = ORIENTED_EDGE('',*,*,#7647,.F.);
#7907 = ORIENTED_EDGE('',*,*,#7908,.T.);
#7908 = EDGE_CURVE('',#7640,#7909,#7911,.T.);
#7909 = VERTEX_POINT('',#7910);
#7910 = CARTESIAN_POINT('',(188.19636790678,-149.5943824536,
    -272.0970318374));
#7911 = LINE('',#7912,#7913);
#7912 = CARTESIAN_POINT('',(188.19636790678,-159.5943824536,
    -272.0970318374));
#7913 = VECTOR('',#7914,1.);
#7914 = DIRECTION('',(5.95343464409E-30,1.,-5.373479439186E-14));
#7915 = ORIENTED_EDGE('',*,*,#7916,.F.);
#7916 = EDGE_CURVE('',#7884,#7909,#7917,.T.);
#7917 = LINE('',#7918,#7919);
#7918 = CARTESIAN_POINT('',(188.19636790678,-149.5943824537,
    -362.3471362745));
#7919 = VECTOR('',#7920,1.);
#7920 = DIRECTION('',(-1.249000770354E-16,-5.195843755246E-14,-1.));
#7921 = ORIENTED_EDGE('',*,*,#7892,.F.);
#7922 = PLANE('',#7923);
#7923 = AXIS2_PLACEMENT_3D('',#7924,#7925,#7926);
#7924 = CARTESIAN_POINT('',(188.19636790678,-159.5943824536,
    -272.0970318374));
#7925 = DIRECTION('',(-1.,1.266491460312E-29,1.249000770354E-16));
#7926 = DIRECTION('',(1.249000770354E-16,5.335546213084E-14,1.));
#7927 = ADVANCED_FACE('',(#7928),#7953,.T.);
#7928 = FACE_BOUND('',#7929,.T.);
#7929 = EDGE_LOOP('',(#7930,#7938,#7939,#7947));
#7930 = ORIENTED_EDGE('',*,*,#7931,.T.);
#7931 = EDGE_CURVE('',#7932,#1929,#7934,.T.);
#7932 = VERTEX_POINT('',#7933);
#7933 = CARTESIAN_POINT('',(170.19636790678,-152.5943824536,
    111.90296816252));
#7934 = LINE('',#7935,#7936);
#7935 = CARTESIAN_POINT('',(170.19636790678,-152.5943824536,
    111.90296816252));
#7936 = VECTOR('',#7937,1.);
#7937 = DIRECTION('',(-0.707106781187,-0.707106781186,3.666165891025E-14
    ));
#7938 = ORIENTED_EDGE('',*,*,#1928,.T.);
#7939 = ORIENTED_EDGE('',*,*,#7940,.T.);
#7940 = EDGE_CURVE('',#1931,#7941,#7943,.T.);
#7941 = VERTEX_POINT('',#7942);
#7942 = CARTESIAN_POINT('',(170.19636790678,-152.5943824536,
    -272.0970318374));
#7943 = LINE('',#7944,#7945);
#7944 = CARTESIAN_POINT('',(169.19636790678,-153.5943824536,
    -272.0970318374));
#7945 = VECTOR('',#7946,1.);
#7946 = DIRECTION('',(0.707106781187,0.707106781186,-3.666165891025E-14)
  );
#7947 = ORIENTED_EDGE('',*,*,#7948,.T.);
#7948 = EDGE_CURVE('',#7941,#7932,#7949,.T.);
#7949 = LINE('',#7950,#7951);
#7950 = CARTESIAN_POINT('',(170.19636790678,-152.5943824537,
    -356.3221924147));
#7951 = VECTOR('',#7952,1.);
#7952 = DIRECTION('',(1.249000770354E-16,5.200354036283E-14,1.));
#7953 = PLANE('',#7954);
#7954 = AXIS2_PLACEMENT_3D('',#7955,#7956,#7957);
#7955 = CARTESIAN_POINT('',(169.69636790678,-153.0943824537,
    -356.3221924147));
#7956 = DIRECTION('',(0.707106781186,-0.707106781187,3.668373834485E-14)
  );
#7957 = DIRECTION('',(-0.707106781187,-0.707106781186,3.666165891025E-14
    ));
#7958 = ADVANCED_FACE('',(#7959),#7978,.F.);
#7959 = FACE_BOUND('',#7960,.F.);
#7960 = EDGE_LOOP('',(#7961,#7962,#7970,#7977));
#7961 = ORIENTED_EDGE('',*,*,#1938,.F.);
#7962 = ORIENTED_EDGE('',*,*,#7963,.F.);
#7963 = EDGE_CURVE('',#7964,#1939,#7966,.T.);
#7964 = VERTEX_POINT('',#7965);
#7965 = CARTESIAN_POINT('',(172.19636790678,-152.5943824536,
    113.90296816252));
#7966 = LINE('',#7967,#7968);
#7967 = CARTESIAN_POINT('',(172.19636790678,-152.5943824536,
    113.90296816252));
#7968 = VECTOR('',#7969,1.);
#7969 = DIRECTION('',(-7.850462293417E-17,-0.707106781187,0.707106781186
    ));
#7970 = ORIENTED_EDGE('',*,*,#7971,.F.);
#7971 = EDGE_CURVE('',#7932,#7964,#7972,.T.);
#7972 = CIRCLE('',#7973,2.);
#7973 = AXIS2_PLACEMENT_3D('',#7974,#7975,#7976);
#7974 = CARTESIAN_POINT('',(172.19636790678,-152.5943824536,
    111.90296816252));
#7975 = DIRECTION('',(-1.282767898861E-29,1.,-5.200354036283E-14));
#7976 = DIRECTION('',(-0.707106781187,3.677205603627E-14,0.707106781187)
  );
#7977 = ORIENTED_EDGE('',*,*,#7931,.T.);
#7978 = CONICAL_SURFACE('',#7979,2.5,0.785398163397);
#7979 = AXIS2_PLACEMENT_3D('',#7980,#7981,#7982);
#7980 = CARTESIAN_POINT('',(172.19636790678,-153.0943824536,
    111.90296816252));
#7981 = DIRECTION('',(-5.756219417785E-30,-1.,5.195843755246E-14));
#7982 = DIRECTION('',(-0.707106781187,3.67401635332E-14,0.707106781187)
  );
#7983 = ADVANCED_FACE('',(#7984),#8002,.T.);
#7984 = FACE_BOUND('',#7985,.T.);
#7985 = EDGE_LOOP('',(#7986,#7994,#7995,#7996));
#7986 = ORIENTED_EDGE('',*,*,#7987,.T.);
#7987 = EDGE_CURVE('',#7988,#1948,#7990,.T.);
#7988 = VERTEX_POINT('',#7989);
#7989 = CARTESIAN_POINT('',(176.19636790678,-152.5943824536,
    113.90296816252));
#7990 = LINE('',#7991,#7992);
#7991 = CARTESIAN_POINT('',(176.19636790678,-152.5943824536,
    113.90296816252));
#7992 = VECTOR('',#7993,1.);
#7993 = DIRECTION('',(-7.850462293424E-17,-0.707106781186,0.707106781187
    ));
#7994 = ORIENTED_EDGE('',*,*,#1947,.T.);
#7995 = ORIENTED_EDGE('',*,*,#7963,.F.);
#7996 = ORIENTED_EDGE('',*,*,#7997,.T.);
#7997 = EDGE_CURVE('',#7964,#7988,#7998,.T.);
#7998 = LINE('',#7999,#8000);
#7999 = CARTESIAN_POINT('',(222.44657543042,-152.5943824536,
    113.90296816252));
#8000 = VECTOR('',#8001,1.);
#8001 = DIRECTION('',(1.,1.202550606141E-29,-1.249000770354E-16));
#8002 = PLANE('',#8003);
#8003 = AXIS2_PLACEMENT_3D('',#8004,#8005,#8006);
#8004 = CARTESIAN_POINT('',(222.44657543042,-153.0943824536,
    114.40296816252));
#8005 = DIRECTION('',(-8.831769144242E-17,-0.707106781187,
    -0.707106781186));
#8006 = DIRECTION('',(-1.,2.359223794976E-16,-1.110223024625E-16));
#8007 = ADVANCED_FACE('',(#8008),#8027,.F.);
#8008 = FACE_BOUND('',#8009,.F.);
#8009 = EDGE_LOOP('',(#8010,#8011,#8019,#8026));
#8010 = ORIENTED_EDGE('',*,*,#1955,.F.);
#8011 = ORIENTED_EDGE('',*,*,#8012,.F.);
#8012 = EDGE_CURVE('',#8013,#1956,#8015,.T.);
#8013 = VERTEX_POINT('',#8014);
#8014 = CARTESIAN_POINT('',(178.19636790678,-152.5943824536,
    111.90296816252));
#8015 = LINE('',#8016,#8017);
#8016 = CARTESIAN_POINT('',(178.19636790678,-152.5943824536,
    111.90296816252));
#8017 = VECTOR('',#8018,1.);
#8018 = DIRECTION('',(0.707106781186,-0.707106781187,3.681866815615E-14)
  );
#8019 = ORIENTED_EDGE('',*,*,#8020,.F.);
#8020 = EDGE_CURVE('',#7988,#8013,#8021,.T.);
#8021 = CIRCLE('',#8022,2.);
#8022 = AXIS2_PLACEMENT_3D('',#8023,#8024,#8025);
#8023 = CARTESIAN_POINT('',(176.19636790678,-152.5943824536,
    111.90296816252));
#8024 = DIRECTION('',(-1.394141465986E-29,1.,-5.200354036283E-14));
#8025 = DIRECTION('',(0.707106781187,3.677205603627E-14,0.707106781187)
  );
#8026 = ORIENTED_EDGE('',*,*,#7987,.T.);
#8027 = CONICAL_SURFACE('',#8028,2.5,0.785398163397);
#8028 = AXIS2_PLACEMENT_3D('',#8029,#8030,#8031);
#8029 = CARTESIAN_POINT('',(176.19636790678,-153.0943824536,
    111.90296816252));
#8030 = DIRECTION('',(-5.756219417785E-30,-1.,5.195843755246E-14));
#8031 = DIRECTION('',(0.707106781187,3.67401635332E-14,0.707106781187));
#8032 = ADVANCED_FACE('',(#8033),#8051,.T.);
#8033 = FACE_BOUND('',#8034,.T.);
#8034 = EDGE_LOOP('',(#8035,#8043,#8044,#8045));
#8035 = ORIENTED_EDGE('',*,*,#8036,.T.);
#8036 = EDGE_CURVE('',#8037,#1965,#8039,.T.);
#8037 = VERTEX_POINT('',#8038);
#8038 = CARTESIAN_POINT('',(178.19636790678,-152.5943824536,
    -272.0970318374));
#8039 = LINE('',#8040,#8041);
#8040 = CARTESIAN_POINT('',(178.19636790678,-152.5943824536,
    -272.0970318374));
#8041 = VECTOR('',#8042,1.);
#8042 = DIRECTION('',(0.707106781187,-0.707106781186,3.681866815611E-14)
  );
#8043 = ORIENTED_EDGE('',*,*,#1964,.T.);
#8044 = ORIENTED_EDGE('',*,*,#8012,.F.);
#8045 = ORIENTED_EDGE('',*,*,#8046,.T.);
#8046 = EDGE_CURVE('',#8013,#8037,#8047,.T.);
#8047 = LINE('',#8048,#8049);
#8048 = CARTESIAN_POINT('',(178.19636790678,-152.5943824536,
    -159.3221924147));
#8049 = VECTOR('',#8050,1.);
#8050 = DIRECTION('',(-1.249000770354E-16,-5.200354036283E-14,-1.));
#8051 = PLANE('',#8052);
#8052 = AXIS2_PLACEMENT_3D('',#8053,#8054,#8055);
#8053 = CARTESIAN_POINT('',(178.69636790678,-153.0943824536,
    -159.3221924147));
#8054 = DIRECTION('',(-0.707106781186,-0.707106781187,3.686037372773E-14
    ));
#8055 = DIRECTION('',(-0.707106781187,0.707106781186,-3.681866815611E-14
    ));
#8056 = ADVANCED_FACE('',(#8057),#8076,.F.);
#8057 = FACE_BOUND('',#8058,.F.);
#8058 = EDGE_LOOP('',(#8059,#8068,#8069,#8070));
#8059 = ORIENTED_EDGE('',*,*,#8060,.F.);
#8060 = EDGE_CURVE('',#8037,#8061,#8063,.T.);
#8061 = VERTEX_POINT('',#8062);
#8062 = CARTESIAN_POINT('',(176.19636790678,-152.5943824536,
    -274.0970318374));
#8063 = CIRCLE('',#8064,2.);
#8064 = AXIS2_PLACEMENT_3D('',#8065,#8066,#8067);
#8065 = CARTESIAN_POINT('',(176.19636790678,-152.5943824536,
    -272.0970318374));
#8066 = DIRECTION('',(-1.852075225885E-29,1.,-5.200354036283E-14));
#8067 = DIRECTION('',(-1.249000770354E-16,-5.200354036283E-14,-1.));
#8068 = ORIENTED_EDGE('',*,*,#8036,.T.);
#8069 = ORIENTED_EDGE('',*,*,#1972,.F.);
#8070 = ORIENTED_EDGE('',*,*,#8071,.F.);
#8071 = EDGE_CURVE('',#8061,#1973,#8072,.T.);
#8072 = LINE('',#8073,#8074);
#8073 = CARTESIAN_POINT('',(176.19636790678,-152.5943824536,
    -274.0970318374));
#8074 = VECTOR('',#8075,1.);
#8075 = DIRECTION('',(7.850462293421E-17,-0.707106781186,-0.707106781187
    ));
#8076 = CONICAL_SURFACE('',#8077,2.5,0.785398163398);
#8077 = AXIS2_PLACEMENT_3D('',#8078,#8079,#8080);
#8078 = CARTESIAN_POINT('',(176.19636790678,-153.0943824536,
    -272.0970318374));
#8079 = DIRECTION('',(-5.756219417785E-30,-1.,5.195843755246E-14));
#8080 = DIRECTION('',(-1.249000770354E-16,-5.195843755246E-14,-1.));
#8081 = ADVANCED_FACE('',(#8082),#8100,.T.);
#8082 = FACE_BOUND('',#8083,.T.);
#8083 = EDGE_LOOP('',(#8084,#8092,#8093,#8094));
#8084 = ORIENTED_EDGE('',*,*,#8085,.T.);
#8085 = EDGE_CURVE('',#8086,#1982,#8088,.T.);
#8086 = VERTEX_POINT('',#8087);
#8087 = CARTESIAN_POINT('',(172.19636790678,-152.5943824536,
    -274.0970318374));
#8088 = LINE('',#8089,#8090);
#8089 = CARTESIAN_POINT('',(172.19636790678,-152.5943824536,
    -274.0970318374));
#8090 = VECTOR('',#8091,1.);
#8091 = DIRECTION('',(7.850462293423E-17,-0.707106781186,-0.707106781187
    ));
#8092 = ORIENTED_EDGE('',*,*,#1981,.T.);
#8093 = ORIENTED_EDGE('',*,*,#8071,.F.);
#8094 = ORIENTED_EDGE('',*,*,#8095,.T.);
#8095 = EDGE_CURVE('',#8061,#8086,#8096,.T.);
#8096 = LINE('',#8097,#8098);
#8097 = CARTESIAN_POINT('',(224.44657543042,-152.5943824536,
    -274.0970318374));
#8098 = VECTOR('',#8099,1.);
#8099 = DIRECTION('',(-1.,-1.202550606142E-29,1.249000770353E-16));
#8100 = PLANE('',#8101);
#8101 = AXIS2_PLACEMENT_3D('',#8102,#8103,#8104);
#8102 = CARTESIAN_POINT('',(224.44657543042,-153.0943824536,
    -274.5970318374));
#8103 = DIRECTION('',(8.831769144236E-17,-0.707106781187,0.707106781186)
  );
#8104 = DIRECTION('',(-1.,-2.359223794976E-16,-1.110223024625E-16));
#8105 = ADVANCED_FACE('',(#8106),#8118,.F.);
#8106 = FACE_BOUND('',#8107,.F.);
#8107 = EDGE_LOOP('',(#8108,#8115,#8116,#8117));
#8108 = ORIENTED_EDGE('',*,*,#8109,.F.);
#8109 = EDGE_CURVE('',#8086,#7941,#8110,.T.);
#8110 = CIRCLE('',#8111,2.);
#8111 = AXIS2_PLACEMENT_3D('',#8112,#8113,#8114);
#8112 = CARTESIAN_POINT('',(172.19636790678,-152.5943824536,
    -272.0970318374));
#8113 = DIRECTION('',(-1.852075225885E-29,1.,-5.200354036283E-14));
#8114 = DIRECTION('',(-1.,-1.859562397992E-27,-3.540223671097E-14));
#8115 = ORIENTED_EDGE('',*,*,#8085,.T.);
#8116 = ORIENTED_EDGE('',*,*,#1989,.F.);
#8117 = ORIENTED_EDGE('',*,*,#7940,.T.);
#8118 = CONICAL_SURFACE('',#8119,2.5,0.785398163398);
#8119 = AXIS2_PLACEMENT_3D('',#8120,#8121,#8122);
#8120 = CARTESIAN_POINT('',(172.19636790678,-153.0943824536,
    -272.0970318374));
#8121 = DIRECTION('',(-5.756219417785E-30,-1.,5.195843755246E-14));
#8122 = DIRECTION('',(-1.,-1.833688685946E-27,-3.540223671097E-14));
#8123 = ADVANCED_FACE('',(#8124),#8150,.F.);
#8124 = FACE_BOUND('',#8125,.F.);
#8125 = EDGE_LOOP('',(#8126,#8134,#8143,#8149));
#8126 = ORIENTED_EDGE('',*,*,#8127,.F.);
#8127 = EDGE_CURVE('',#8128,#8013,#8130,.T.);
#8128 = VERTEX_POINT('',#8129);
#8129 = CARTESIAN_POINT('',(178.19636790678,-149.5943824536,
    111.90296816252));
#8130 = LINE('',#8131,#8132);
#8131 = CARTESIAN_POINT('',(178.19636790678,-159.5943824536,
    111.90296816252));
#8132 = VECTOR('',#8133,1.);
#8133 = DIRECTION('',(-5.95343464409E-30,-1.,5.373479439186E-14));
#8134 = ORIENTED_EDGE('',*,*,#8135,.F.);
#8135 = EDGE_CURVE('',#8136,#8128,#8138,.T.);
#8136 = VERTEX_POINT('',#8137);
#8137 = CARTESIAN_POINT('',(176.19636790678,-149.5943824536,
    113.90296816252));
#8138 = CIRCLE('',#8139,2.);
#8139 = AXIS2_PLACEMENT_3D('',#8140,#8141,#8142);
#8140 = CARTESIAN_POINT('',(176.19636790678,-149.5943824536,
    111.90296816252));
#8141 = DIRECTION('',(7.691219121479E-30,1.,-5.195843755246E-14));
#8142 = DIRECTION('',(0.707106781187,3.67401635332E-14,0.707106781187));
#8143 = ORIENTED_EDGE('',*,*,#8144,.F.);
#8144 = EDGE_CURVE('',#7988,#8136,#8145,.T.);
#8145 = LINE('',#8146,#8147);
#8146 = CARTESIAN_POINT('',(176.19636790678,-159.5943824536,
    113.90296816252));
#8147 = VECTOR('',#8148,1.);
#8148 = DIRECTION('',(5.95343464409E-30,1.,-5.373479439186E-14));
#8149 = ORIENTED_EDGE('',*,*,#8020,.T.);
#8150 = CYLINDRICAL_SURFACE('',#8151,2.);
#8151 = AXIS2_PLACEMENT_3D('',#8152,#8153,#8154);
#8152 = CARTESIAN_POINT('',(176.19636790678,-159.5943824536,
    111.90296816252));
#8153 = DIRECTION('',(5.95343464409E-30,1.,-5.373479439186E-14));
#8154 = DIRECTION('',(0.707106781187,3.799623750015E-14,0.707106781187)
  );
#8155 = ADVANCED_FACE('',(#8156),#8174,.F.);
#8156 = FACE_BOUND('',#8157,.T.);
#8157 = EDGE_LOOP('',(#8158,#8159,#8167,#8173));
#8158 = ORIENTED_EDGE('',*,*,#7997,.F.);
#8159 = ORIENTED_EDGE('',*,*,#8160,.F.);
#8160 = EDGE_CURVE('',#8161,#7964,#8163,.T.);
#8161 = VERTEX_POINT('',#8162);
#8162 = CARTESIAN_POINT('',(172.19636790678,-149.5943824536,
    113.90296816252));
#8163 = LINE('',#8164,#8165);
#8164 = CARTESIAN_POINT('',(172.19636790678,-159.5943824536,
    113.90296816252));
#8165 = VECTOR('',#8166,1.);
#8166 = DIRECTION('',(-5.95343464409E-30,-1.,5.373479439186E-14));
#8167 = ORIENTED_EDGE('',*,*,#8168,.F.);
#8168 = EDGE_CURVE('',#8136,#8161,#8169,.T.);
#8169 = LINE('',#8170,#8171);
#8170 = CARTESIAN_POINT('',(118.96545974371,-149.5943824536,
    113.90296816252));
#8171 = VECTOR('',#8172,1.);
#8172 = DIRECTION('',(-1.,1.223658792014E-29,1.249000770354E-16));
#8173 = ORIENTED_EDGE('',*,*,#8144,.F.);
#8174 = PLANE('',#8175);
#8175 = AXIS2_PLACEMENT_3D('',#8176,#8177,#8178);
#8176 = CARTESIAN_POINT('',(172.19636790678,-159.5943824536,
    113.90296816252));
#8177 = DIRECTION('',(1.249000770354E-16,5.373479439186E-14,1.));
#8178 = DIRECTION('',(1.,-1.218728411356E-29,-1.249000770354E-16));
#8179 = ADVANCED_FACE('',(#8180),#8199,.F.);
#8180 = FACE_BOUND('',#8181,.F.);
#8181 = EDGE_LOOP('',(#8182,#8183,#8192,#8198));
#8182 = ORIENTED_EDGE('',*,*,#8160,.F.);
#8183 = ORIENTED_EDGE('',*,*,#8184,.F.);
#8184 = EDGE_CURVE('',#8185,#8161,#8187,.T.);
#8185 = VERTEX_POINT('',#8186);
#8186 = CARTESIAN_POINT('',(170.19636790678,-149.5943824536,
    111.90296816252));
#8187 = CIRCLE('',#8188,2.);
#8188 = AXIS2_PLACEMENT_3D('',#8189,#8190,#8191);
#8189 = CARTESIAN_POINT('',(172.19636790678,-149.5943824536,
    111.90296816252));
#8190 = DIRECTION('',(9.933066837783E-30,1.,-5.195843755246E-14));
#8191 = DIRECTION('',(-0.707106781187,3.67401635332E-14,0.707106781187)
  );
#8192 = ORIENTED_EDGE('',*,*,#8193,.F.);
#8193 = EDGE_CURVE('',#7932,#8185,#8194,.T.);
#8194 = LINE('',#8195,#8196);
#8195 = CARTESIAN_POINT('',(170.19636790678,-159.5943824536,
    111.90296816252));
#8196 = VECTOR('',#8197,1.);
#8197 = DIRECTION('',(5.95343464409E-30,1.,-5.373479439186E-14));
#8198 = ORIENTED_EDGE('',*,*,#7971,.T.);
#8199 = CYLINDRICAL_SURFACE('',#8200,2.);
#8200 = AXIS2_PLACEMENT_3D('',#8201,#8202,#8203);
#8201 = CARTESIAN_POINT('',(172.19636790678,-159.5943824536,
    111.90296816252));
#8202 = DIRECTION('',(5.95343464409E-30,1.,-5.373479439186E-14));
#8203 = DIRECTION('',(-0.707106781187,3.799623750015E-14,0.707106781187)
  );
#8204 = ADVANCED_FACE('',(#8205),#8223,.F.);
#8205 = FACE_BOUND('',#8206,.T.);
#8206 = EDGE_LOOP('',(#8207,#8208,#8216,#8222));
#8207 = ORIENTED_EDGE('',*,*,#7948,.F.);
#8208 = ORIENTED_EDGE('',*,*,#8209,.T.);
#8209 = EDGE_CURVE('',#7941,#8210,#8212,.T.);
#8210 = VERTEX_POINT('',#8211);
#8211 = CARTESIAN_POINT('',(170.19636790678,-149.5943824536,
    -272.0970318374));
#8212 = LINE('',#8213,#8214);
#8213 = CARTESIAN_POINT('',(170.19636790678,-159.5943824536,
    -272.0970318374));
#8214 = VECTOR('',#8215,1.);
#8215 = DIRECTION('',(5.95343464409E-30,1.,-5.373479439186E-14));
#8216 = ORIENTED_EDGE('',*,*,#8217,.F.);
#8217 = EDGE_CURVE('',#8185,#8210,#8218,.T.);
#8218 = LINE('',#8219,#8220);
#8219 = CARTESIAN_POINT('',(170.19636790678,-149.5943824537,
    -362.3471362745));
#8220 = VECTOR('',#8221,1.);
#8221 = DIRECTION('',(-1.249000770354E-16,-5.195843755246E-14,-1.));
#8222 = ORIENTED_EDGE('',*,*,#8193,.F.);
#8223 = PLANE('',#8224);
#8224 = AXIS2_PLACEMENT_3D('',#8225,#8226,#8227);
#8225 = CARTESIAN_POINT('',(170.19636790678,-159.5943824536,
    -272.0970318374));
#8226 = DIRECTION('',(-1.,1.266491460312E-29,1.249000770354E-16));
#8227 = DIRECTION('',(1.249000770354E-16,5.335546213084E-14,1.));
#8228 = ADVANCED_FACE('',(#8229),#8254,.T.);
#8229 = FACE_BOUND('',#8230,.T.);
#8230 = EDGE_LOOP('',(#8231,#8239,#8240,#8248));
#8231 = ORIENTED_EDGE('',*,*,#8232,.T.);
#8232 = EDGE_CURVE('',#8233,#741,#8235,.T.);
#8233 = VERTEX_POINT('',#8234);
#8234 = CARTESIAN_POINT('',(152.19636790678,-152.5943824536,
    111.90296816252));
#8235 = LINE('',#8236,#8237);
#8236 = CARTESIAN_POINT('',(152.19636790678,-152.5943824536,
    111.90296816252));
#8237 = VECTOR('',#8238,1.);
#8238 = DIRECTION('',(-0.707106781187,-0.707106781186,3.666165891025E-14
    ));
#8239 = ORIENTED_EDGE('',*,*,#740,.T.);
#8240 = ORIENTED_EDGE('',*,*,#8241,.T.);
#8241 = EDGE_CURVE('',#743,#8242,#8244,.T.);
#8242 = VERTEX_POINT('',#8243);
#8243 = CARTESIAN_POINT('',(152.19636790678,-152.5943824536,
    -272.0970318374));
#8244 = LINE('',#8245,#8246);
#8245 = CARTESIAN_POINT('',(151.19636790678,-153.5943824536,
    -272.0970318374));
#8246 = VECTOR('',#8247,1.);
#8247 = DIRECTION('',(0.707106781187,0.707106781186,-3.666165891025E-14)
  );
#8248 = ORIENTED_EDGE('',*,*,#8249,.T.);
#8249 = EDGE_CURVE('',#8242,#8233,#8250,.T.);
#8250 = LINE('',#8251,#8252);
#8251 = CARTESIAN_POINT('',(152.19636790678,-152.5943824537,
    -356.3221924147));
#8252 = VECTOR('',#8253,1.);
#8253 = DIRECTION('',(1.249000770354E-16,5.200354036283E-14,1.));
#8254 = PLANE('',#8255);
#8255 = AXIS2_PLACEMENT_3D('',#8256,#8257,#8258);
#8256 = CARTESIAN_POINT('',(151.69636790678,-153.0943824537,
    -356.3221924147));
#8257 = DIRECTION('',(0.707106781186,-0.707106781187,3.668373834485E-14)
  );
#8258 = DIRECTION('',(-0.707106781187,-0.707106781186,3.666165891025E-14
    ));
#8259 = ADVANCED_FACE('',(#8260),#8279,.F.);
#8260 = FACE_BOUND('',#8261,.F.);
#8261 = EDGE_LOOP('',(#8262,#8263,#8271,#8278));
#8262 = ORIENTED_EDGE('',*,*,#750,.F.);
#8263 = ORIENTED_EDGE('',*,*,#8264,.F.);
#8264 = EDGE_CURVE('',#8265,#751,#8267,.T.);
#8265 = VERTEX_POINT('',#8266);
#8266 = CARTESIAN_POINT('',(154.19636790678,-152.5943824536,
    113.90296816252));
#8267 = LINE('',#8268,#8269);
#8268 = CARTESIAN_POINT('',(154.19636790678,-152.5943824536,
    113.90296816252));
#8269 = VECTOR('',#8270,1.);
#8270 = DIRECTION('',(-7.850462293417E-17,-0.707106781187,0.707106781186
    ));
#8271 = ORIENTED_EDGE('',*,*,#8272,.F.);
#8272 = EDGE_CURVE('',#8233,#8265,#8273,.T.);
#8273 = CIRCLE('',#8274,2.);
#8274 = AXIS2_PLACEMENT_3D('',#8275,#8276,#8277);
#8275 = CARTESIAN_POINT('',(154.19636790678,-152.5943824536,
    111.90296816252));
#8276 = DIRECTION('',(-1.575848400721E-29,1.,-5.200354036283E-14));
#8277 = DIRECTION('',(-0.707106781187,3.677205603627E-14,0.707106781187)
  );
#8278 = ORIENTED_EDGE('',*,*,#8232,.T.);
#8279 = CONICAL_SURFACE('',#8280,2.5,0.785398163397);
#8280 = AXIS2_PLACEMENT_3D('',#8281,#8282,#8283);
#8281 = CARTESIAN_POINT('',(154.19636790678,-153.0943824536,
    111.90296816252));
#8282 = DIRECTION('',(-5.756219417785E-30,-1.,5.195843755246E-14));
#8283 = DIRECTION('',(-0.707106781187,3.67401635332E-14,0.707106781187)
  );
#8284 = ADVANCED_FACE('',(#8285),#8303,.T.);
#8285 = FACE_BOUND('',#8286,.T.);
#8286 = EDGE_LOOP('',(#8287,#8295,#8296,#8297));
#8287 = ORIENTED_EDGE('',*,*,#8288,.T.);
#8288 = EDGE_CURVE('',#8289,#760,#8291,.T.);
#8289 = VERTEX_POINT('',#8290);
#8290 = CARTESIAN_POINT('',(158.19636790678,-152.5943824536,
    113.90296816252));
#8291 = LINE('',#8292,#8293);
#8292 = CARTESIAN_POINT('',(158.19636790678,-152.5943824536,
    113.90296816252));
#8293 = VECTOR('',#8294,1.);
#8294 = DIRECTION('',(-7.850462293424E-17,-0.707106781186,0.707106781187
    ));
#8295 = ORIENTED_EDGE('',*,*,#759,.T.);
#8296 = ORIENTED_EDGE('',*,*,#8264,.F.);
#8297 = ORIENTED_EDGE('',*,*,#8298,.T.);
#8298 = EDGE_CURVE('',#8265,#8289,#8299,.T.);
#8299 = LINE('',#8300,#8301);
#8300 = CARTESIAN_POINT('',(213.44657543042,-152.5943824536,
    113.90296816252));
#8301 = VECTOR('',#8302,1.);
#8302 = DIRECTION('',(1.,1.202550606141E-29,-1.249000770354E-16));
#8303 = PLANE('',#8304);
#8304 = AXIS2_PLACEMENT_3D('',#8305,#8306,#8307);
#8305 = CARTESIAN_POINT('',(213.44657543042,-153.0943824536,
    114.40296816252));
#8306 = DIRECTION('',(-8.831769144242E-17,-0.707106781187,
    -0.707106781186));
#8307 = DIRECTION('',(-1.,2.359223794976E-16,-1.110223024625E-16));
#8308 = ADVANCED_FACE('',(#8309),#8328,.F.);
#8309 = FACE_BOUND('',#8310,.F.);
#8310 = EDGE_LOOP('',(#8311,#8312,#8320,#8327));
#8311 = ORIENTED_EDGE('',*,*,#767,.F.);
#8312 = ORIENTED_EDGE('',*,*,#8313,.F.);
#8313 = EDGE_CURVE('',#8314,#768,#8316,.T.);
#8314 = VERTEX_POINT('',#8315);
#8315 = CARTESIAN_POINT('',(160.19636790678,-152.5943824536,
    111.90296816252));
#8316 = LINE('',#8317,#8318);
#8317 = CARTESIAN_POINT('',(160.19636790678,-152.5943824536,
    111.90296816252));
#8318 = VECTOR('',#8319,1.);
#8319 = DIRECTION('',(0.707106781186,-0.707106781187,3.681866815615E-14)
  );
#8320 = ORIENTED_EDGE('',*,*,#8321,.F.);
#8321 = EDGE_CURVE('',#8289,#8314,#8322,.T.);
#8322 = CIRCLE('',#8323,2.);
#8323 = AXIS2_PLACEMENT_3D('',#8324,#8325,#8326);
#8324 = CARTESIAN_POINT('',(158.19636790678,-152.5943824536,
    111.90296816252));
#8325 = DIRECTION('',(-2.178396804699E-29,1.,-5.200354036283E-14));
#8326 = DIRECTION('',(0.707106781187,3.677205603627E-14,0.707106781187)
  );
#8327 = ORIENTED_EDGE('',*,*,#8288,.T.);
#8328 = CONICAL_SURFACE('',#8329,2.5,0.785398163397);
#8329 = AXIS2_PLACEMENT_3D('',#8330,#8331,#8332);
#8330 = CARTESIAN_POINT('',(158.19636790678,-153.0943824536,
    111.90296816252));
#8331 = DIRECTION('',(-5.756219417785E-30,-1.,5.195843755246E-14));
#8332 = DIRECTION('',(0.707106781187,3.67401635332E-14,0.707106781187));
#8333 = ADVANCED_FACE('',(#8334),#8352,.T.);
#8334 = FACE_BOUND('',#8335,.T.);
#8335 = EDGE_LOOP('',(#8336,#8344,#8345,#8346));
#8336 = ORIENTED_EDGE('',*,*,#8337,.T.);
#8337 = EDGE_CURVE('',#8338,#777,#8340,.T.);
#8338 = VERTEX_POINT('',#8339);
#8339 = CARTESIAN_POINT('',(160.19636790678,-152.5943824536,
    -272.0970318374));
#8340 = LINE('',#8341,#8342);
#8341 = CARTESIAN_POINT('',(160.19636790678,-152.5943824536,
    -272.0970318374));
#8342 = VECTOR('',#8343,1.);
#8343 = DIRECTION('',(0.707106781187,-0.707106781186,3.681866815611E-14)
  );
#8344 = ORIENTED_EDGE('',*,*,#776,.T.);
#8345 = ORIENTED_EDGE('',*,*,#8313,.F.);
#8346 = ORIENTED_EDGE('',*,*,#8347,.T.);
#8347 = EDGE_CURVE('',#8314,#8338,#8348,.T.);
#8348 = LINE('',#8349,#8350);
#8349 = CARTESIAN_POINT('',(160.19636790678,-152.5943824536,
    -159.3221924147));
#8350 = VECTOR('',#8351,1.);
#8351 = DIRECTION('',(-1.249000770354E-16,-5.200354036283E-14,-1.));
#8352 = PLANE('',#8353);
#8353 = AXIS2_PLACEMENT_3D('',#8354,#8355,#8356);
#8354 = CARTESIAN_POINT('',(160.69636790678,-153.0943824536,
    -159.3221924147));
#8355 = DIRECTION('',(-0.707106781186,-0.707106781187,3.686037372773E-14
    ));
#8356 = DIRECTION('',(-0.707106781187,0.707106781186,-3.681866815611E-14
    ));
#8357 = ADVANCED_FACE('',(#8358),#8377,.F.);
#8358 = FACE_BOUND('',#8359,.F.);
#8359 = EDGE_LOOP('',(#8360,#8369,#8370,#8371));
#8360 = ORIENTED_EDGE('',*,*,#8361,.F.);
#8361 = EDGE_CURVE('',#8338,#8362,#8364,.T.);
#8362 = VERTEX_POINT('',#8363);
#8363 = CARTESIAN_POINT('',(158.19636790678,-152.5943824536,
    -274.0970318374));
#8364 = CIRCLE('',#8365,2.);
#8365 = AXIS2_PLACEMENT_3D('',#8366,#8367,#8368);
#8366 = CARTESIAN_POINT('',(158.19636790678,-152.5943824536,
    -272.0970318374));
#8367 = DIRECTION('',(-1.852075225885E-29,1.,-5.200354036283E-14));
#8368 = DIRECTION('',(-1.249000770354E-16,-5.200354036283E-14,-1.));
#8369 = ORIENTED_EDGE('',*,*,#8337,.T.);
#8370 = ORIENTED_EDGE('',*,*,#784,.F.);
#8371 = ORIENTED_EDGE('',*,*,#8372,.F.);
#8372 = EDGE_CURVE('',#8362,#785,#8373,.T.);
#8373 = LINE('',#8374,#8375);
#8374 = CARTESIAN_POINT('',(158.19636790678,-152.5943824536,
    -274.0970318374));
#8375 = VECTOR('',#8376,1.);
#8376 = DIRECTION('',(7.850462293421E-17,-0.707106781186,-0.707106781187
    ));
#8377 = CONICAL_SURFACE('',#8378,2.5,0.785398163398);
#8378 = AXIS2_PLACEMENT_3D('',#8379,#8380,#8381);
#8379 = CARTESIAN_POINT('',(158.19636790678,-153.0943824536,
    -272.0970318374));
#8380 = DIRECTION('',(-5.756219417785E-30,-1.,5.195843755246E-14));
#8381 = DIRECTION('',(-1.249000770354E-16,-5.195843755246E-14,-1.));
#8382 = ADVANCED_FACE('',(#8383),#8401,.T.);
#8383 = FACE_BOUND('',#8384,.T.);
#8384 = EDGE_LOOP('',(#8385,#8393,#8394,#8395));
#8385 = ORIENTED_EDGE('',*,*,#8386,.T.);
#8386 = EDGE_CURVE('',#8387,#794,#8389,.T.);
#8387 = VERTEX_POINT('',#8388);
#8388 = CARTESIAN_POINT('',(154.19636790678,-152.5943824536,
    -274.0970318374));
#8389 = LINE('',#8390,#8391);
#8390 = CARTESIAN_POINT('',(154.19636790678,-152.5943824536,
    -274.0970318374));
#8391 = VECTOR('',#8392,1.);
#8392 = DIRECTION('',(7.850462293423E-17,-0.707106781186,-0.707106781187
    ));
#8393 = ORIENTED_EDGE('',*,*,#793,.T.);
#8394 = ORIENTED_EDGE('',*,*,#8372,.F.);
#8395 = ORIENTED_EDGE('',*,*,#8396,.T.);
#8396 = EDGE_CURVE('',#8362,#8387,#8397,.T.);
#8397 = LINE('',#8398,#8399);
#8398 = CARTESIAN_POINT('',(215.44657543042,-152.5943824536,
    -274.0970318374));
#8399 = VECTOR('',#8400,1.);
#8400 = DIRECTION('',(-1.,-1.202550606142E-29,1.249000770353E-16));
#8401 = PLANE('',#8402);
#8402 = AXIS2_PLACEMENT_3D('',#8403,#8404,#8405);
#8403 = CARTESIAN_POINT('',(215.44657543042,-153.0943824536,
    -274.5970318374));
#8404 = DIRECTION('',(8.831769144236E-17,-0.707106781187,0.707106781186)
  );
#8405 = DIRECTION('',(-1.,-2.359223794976E-16,-1.110223024625E-16));
#8406 = ADVANCED_FACE('',(#8407),#8419,.F.);
#8407 = FACE_BOUND('',#8408,.F.);
#8408 = EDGE_LOOP('',(#8409,#8416,#8417,#8418));
#8409 = ORIENTED_EDGE('',*,*,#8410,.F.);
#8410 = EDGE_CURVE('',#8387,#8242,#8411,.T.);
#8411 = CIRCLE('',#8412,2.);
#8412 = AXIS2_PLACEMENT_3D('',#8413,#8414,#8415);
#8413 = CARTESIAN_POINT('',(154.19636790678,-152.5943824536,
    -272.0970318374));
#8414 = DIRECTION('',(-1.852075225885E-29,1.,-5.200354036283E-14));
#8415 = DIRECTION('',(-1.,-1.859562397992E-27,-3.540223671097E-14));
#8416 = ORIENTED_EDGE('',*,*,#8386,.T.);
#8417 = ORIENTED_EDGE('',*,*,#801,.F.);
#8418 = ORIENTED_EDGE('',*,*,#8241,.T.);
#8419 = CONICAL_SURFACE('',#8420,2.5,0.785398163398);
#8420 = AXIS2_PLACEMENT_3D('',#8421,#8422,#8423);
#8421 = CARTESIAN_POINT('',(154.19636790678,-153.0943824536,
    -272.0970318374));
#8422 = DIRECTION('',(-5.756219417785E-30,-1.,5.195843755246E-14));
#8423 = DIRECTION('',(-1.,-1.833688685946E-27,-3.540223671097E-14));
#8424 = ADVANCED_FACE('',(#8425),#8451,.F.);
#8425 = FACE_BOUND('',#8426,.F.);
#8426 = EDGE_LOOP('',(#8427,#8435,#8444,#8450));
#8427 = ORIENTED_EDGE('',*,*,#8428,.F.);
#8428 = EDGE_CURVE('',#8429,#8314,#8431,.T.);
#8429 = VERTEX_POINT('',#8430);
#8430 = CARTESIAN_POINT('',(160.19636790678,-149.5943824536,
    111.90296816252));
#8431 = LINE('',#8432,#8433);
#8432 = CARTESIAN_POINT('',(160.19636790678,-159.5943824536,
    111.90296816252));
#8433 = VECTOR('',#8434,1.);
#8434 = DIRECTION('',(-5.95343464409E-30,-1.,5.373479439186E-14));
#8435 = ORIENTED_EDGE('',*,*,#8436,.F.);
#8436 = EDGE_CURVE('',#8437,#8429,#8439,.T.);
#8437 = VERTEX_POINT('',#8438);
#8438 = CARTESIAN_POINT('',(158.19636790678,-149.5943824536,
    113.90296816252));
#8439 = CIRCLE('',#8440,2.);
#8440 = AXIS2_PLACEMENT_3D('',#8441,#8442,#8443);
#8441 = CARTESIAN_POINT('',(158.19636790678,-149.5943824536,
    111.90296816252));
#8442 = DIRECTION('',(3.804325436758E-30,1.,-5.195843755246E-14));
#8443 = DIRECTION('',(0.707106781187,3.67401635332E-14,0.707106781187));
#8444 = ORIENTED_EDGE('',*,*,#8445,.F.);
#8445 = EDGE_CURVE('',#8289,#8437,#8446,.T.);
#8446 = LINE('',#8447,#8448);
#8447 = CARTESIAN_POINT('',(158.19636790678,-159.5943824536,
    113.90296816252));
#8448 = VECTOR('',#8449,1.);
#8449 = DIRECTION('',(5.95343464409E-30,1.,-5.373479439186E-14));
#8450 = ORIENTED_EDGE('',*,*,#8321,.T.);
#8451 = CYLINDRICAL_SURFACE('',#8452,2.);
#8452 = AXIS2_PLACEMENT_3D('',#8453,#8454,#8455);
#8453 = CARTESIAN_POINT('',(158.19636790678,-159.5943824536,
    111.90296816252));
#8454 = DIRECTION('',(5.95343464409E-30,1.,-5.373479439186E-14));
#8455 = DIRECTION('',(0.707106781187,3.799623750015E-14,0.707106781187)
  );
#8456 = ADVANCED_FACE('',(#8457),#8475,.F.);
#8457 = FACE_BOUND('',#8458,.T.);
#8458 = EDGE_LOOP('',(#8459,#8460,#8468,#8474));
#8459 = ORIENTED_EDGE('',*,*,#8298,.F.);
#8460 = ORIENTED_EDGE('',*,*,#8461,.F.);
#8461 = EDGE_CURVE('',#8462,#8265,#8464,.T.);
#8462 = VERTEX_POINT('',#8463);
#8463 = CARTESIAN_POINT('',(154.19636790678,-149.5943824536,
    113.90296816252));
#8464 = LINE('',#8465,#8466);
#8465 = CARTESIAN_POINT('',(154.19636790678,-159.5943824536,
    113.90296816252));
#8466 = VECTOR('',#8467,1.);
#8467 = DIRECTION('',(-5.95343464409E-30,-1.,5.373479439186E-14));
#8468 = ORIENTED_EDGE('',*,*,#8469,.F.);
#8469 = EDGE_CURVE('',#8437,#8462,#8470,.T.);
#8470 = LINE('',#8471,#8472);
#8471 = CARTESIAN_POINT('',(109.96545974371,-149.5943824536,
    113.90296816252));
#8472 = VECTOR('',#8473,1.);
#8473 = DIRECTION('',(-1.,1.223658792014E-29,1.249000770354E-16));
#8474 = ORIENTED_EDGE('',*,*,#8445,.F.);
#8475 = PLANE('',#8476);
#8476 = AXIS2_PLACEMENT_3D('',#8477,#8478,#8479);
#8477 = CARTESIAN_POINT('',(154.19636790678,-159.5943824536,
    113.90296816252));
#8478 = DIRECTION('',(1.249000770354E-16,5.373479439186E-14,1.));
#8479 = DIRECTION('',(1.,-1.218728411356E-29,-1.249000770354E-16));
#8480 = ADVANCED_FACE('',(#8481),#8500,.F.);
#8481 = FACE_BOUND('',#8482,.F.);
#8482 = EDGE_LOOP('',(#8483,#8484,#8493,#8499));
#8483 = ORIENTED_EDGE('',*,*,#8461,.F.);
#8484 = ORIENTED_EDGE('',*,*,#8485,.F.);
#8485 = EDGE_CURVE('',#8486,#8462,#8488,.T.);
#8486 = VERTEX_POINT('',#8487);
#8487 = CARTESIAN_POINT('',(152.19636790678,-149.5943824536,
    111.90296816252));
#8488 = CIRCLE('',#8489,2.);
#8489 = AXIS2_PLACEMENT_3D('',#8490,#8491,#8492);
#8490 = CARTESIAN_POINT('',(154.19636790678,-149.5943824536,
    111.90296816252));
#8491 = DIRECTION('',(1.38199605225E-29,1.,-5.195843755246E-14));
#8492 = DIRECTION('',(-0.707106781187,3.67401635332E-14,0.707106781187)
  );
#8493 = ORIENTED_EDGE('',*,*,#8494,.F.);
#8494 = EDGE_CURVE('',#8233,#8486,#8495,.T.);
#8495 = LINE('',#8496,#8497);
#8496 = CARTESIAN_POINT('',(152.19636790678,-159.5943824536,
    111.90296816252));
#8497 = VECTOR('',#8498,1.);
#8498 = DIRECTION('',(5.95343464409E-30,1.,-5.373479439186E-14));
#8499 = ORIENTED_EDGE('',*,*,#8272,.T.);
#8500 = CYLINDRICAL_SURFACE('',#8501,2.);
#8501 = AXIS2_PLACEMENT_3D('',#8502,#8503,#8504);
#8502 = CARTESIAN_POINT('',(154.19636790678,-159.5943824536,
    111.90296816252));
#8503 = DIRECTION('',(5.95343464409E-30,1.,-5.373479439186E-14));
#8504 = DIRECTION('',(-0.707106781187,3.799623750015E-14,0.707106781187)
  );
#8505 = ADVANCED_FACE('',(#8506),#8524,.F.);
#8506 = FACE_BOUND('',#8507,.T.);
#8507 = EDGE_LOOP('',(#8508,#8509,#8517,#8523));
#8508 = ORIENTED_EDGE('',*,*,#8249,.F.);
#8509 = ORIENTED_EDGE('',*,*,#8510,.T.);
#8510 = EDGE_CURVE('',#8242,#8511,#8513,.T.);
#8511 = VERTEX_POINT('',#8512);
#8512 = CARTESIAN_POINT('',(152.19636790678,-149.5943824536,
    -272.0970318374));
#8513 = LINE('',#8514,#8515);
#8514 = CARTESIAN_POINT('',(152.19636790678,-159.5943824536,
    -272.0970318374));
#8515 = VECTOR('',#8516,1.);
#8516 = DIRECTION('',(5.95343464409E-30,1.,-5.373479439186E-14));
#8517 = ORIENTED_EDGE('',*,*,#8518,.F.);
#8518 = EDGE_CURVE('',#8486,#8511,#8519,.T.);
#8519 = LINE('',#8520,#8521);
#8520 = CARTESIAN_POINT('',(152.19636790678,-149.5943824537,
    -362.3471362745));
#8521 = VECTOR('',#8522,1.);
#8522 = DIRECTION('',(-1.249000770354E-16,-5.195843755246E-14,-1.));
#8523 = ORIENTED_EDGE('',*,*,#8494,.F.);
#8524 = PLANE('',#8525);
#8525 = AXIS2_PLACEMENT_3D('',#8526,#8527,#8528);
#8526 = CARTESIAN_POINT('',(152.19636790678,-159.5943824536,
    -272.0970318374));
#8527 = DIRECTION('',(-1.,1.266491460312E-29,1.249000770354E-16));
#8528 = DIRECTION('',(1.249000770354E-16,5.335546213084E-14,1.));
#8529 = ADVANCED_FACE('',(#8530),#8555,.T.);
#8530 = FACE_BOUND('',#8531,.T.);
#8531 = EDGE_LOOP('',(#8532,#8540,#8541,#8549));
#8532 = ORIENTED_EDGE('',*,*,#8533,.T.);
#8533 = EDGE_CURVE('',#8534,#1859,#8536,.T.);
#8534 = VERTEX_POINT('',#8535);
#8535 = CARTESIAN_POINT('',(134.19636790678,-152.5943824536,
    111.90296816252));
#8536 = LINE('',#8537,#8538);
#8537 = CARTESIAN_POINT('',(134.19636790678,-152.5943824536,
    111.90296816252));
#8538 = VECTOR('',#8539,1.);
#8539 = DIRECTION('',(-0.707106781187,-0.707106781186,3.666165891025E-14
    ));
#8540 = ORIENTED_EDGE('',*,*,#1858,.T.);
#8541 = ORIENTED_EDGE('',*,*,#8542,.T.);
#8542 = EDGE_CURVE('',#1861,#8543,#8545,.T.);
#8543 = VERTEX_POINT('',#8544);
#8544 = CARTESIAN_POINT('',(134.19636790678,-152.5943824536,
    -272.0970318374));
#8545 = LINE('',#8546,#8547);
#8546 = CARTESIAN_POINT('',(133.19636790678,-153.5943824536,
    -272.0970318374));
#8547 = VECTOR('',#8548,1.);
#8548 = DIRECTION('',(0.707106781187,0.707106781186,-3.666165891025E-14)
  );
#8549 = ORIENTED_EDGE('',*,*,#8550,.T.);
#8550 = EDGE_CURVE('',#8543,#8534,#8551,.T.);
#8551 = LINE('',#8552,#8553);
#8552 = CARTESIAN_POINT('',(134.19636790678,-152.5943824537,
    -356.3221924147));
#8553 = VECTOR('',#8554,1.);
#8554 = DIRECTION('',(1.249000770354E-16,5.200354036283E-14,1.));
#8555 = PLANE('',#8556);
#8556 = AXIS2_PLACEMENT_3D('',#8557,#8558,#8559);
#8557 = CARTESIAN_POINT('',(133.69636790678,-153.0943824537,
    -356.3221924147));
#8558 = DIRECTION('',(0.707106781186,-0.707106781187,3.668373834485E-14)
  );
#8559 = DIRECTION('',(-0.707106781187,-0.707106781186,3.666165891025E-14
    ));
#8560 = ADVANCED_FACE('',(#8561),#8580,.F.);
#8561 = FACE_BOUND('',#8562,.F.);
#8562 = EDGE_LOOP('',(#8563,#8564,#8572,#8579));
#8563 = ORIENTED_EDGE('',*,*,#1868,.F.);
#8564 = ORIENTED_EDGE('',*,*,#8565,.F.);
#8565 = EDGE_CURVE('',#8566,#1869,#8568,.T.);
#8566 = VERTEX_POINT('',#8567);
#8567 = CARTESIAN_POINT('',(136.19636790678,-152.5943824536,
    113.90296816252));
#8568 = LINE('',#8569,#8570);
#8569 = CARTESIAN_POINT('',(136.19636790678,-152.5943824536,
    113.90296816252));
#8570 = VECTOR('',#8571,1.);
#8571 = DIRECTION('',(-7.850462293417E-17,-0.707106781187,0.707106781186
    ));
#8572 = ORIENTED_EDGE('',*,*,#8573,.F.);
#8573 = EDGE_CURVE('',#8534,#8566,#8574,.T.);
#8574 = CIRCLE('',#8575,2.);
#8575 = AXIS2_PLACEMENT_3D('',#8576,#8577,#8578);
#8576 = CARTESIAN_POINT('',(136.19636790678,-152.5943824536,
    111.90296816252));
#8577 = DIRECTION('',(-1.575848400721E-29,1.,-5.200354036283E-14));
#8578 = DIRECTION('',(-0.707106781187,3.677205603627E-14,0.707106781187)
  );
#8579 = ORIENTED_EDGE('',*,*,#8533,.T.);
#8580 = CONICAL_SURFACE('',#8581,2.5,0.785398163397);
#8581 = AXIS2_PLACEMENT_3D('',#8582,#8583,#8584);
#8582 = CARTESIAN_POINT('',(136.19636790678,-153.0943824536,
    111.90296816252));
#8583 = DIRECTION('',(-5.756219417785E-30,-1.,5.195843755246E-14));
#8584 = DIRECTION('',(-0.707106781187,3.67401635332E-14,0.707106781187)
  );
#8585 = ADVANCED_FACE('',(#8586),#8604,.T.);
#8586 = FACE_BOUND('',#8587,.T.);
#8587 = EDGE_LOOP('',(#8588,#8596,#8597,#8598));
#8588 = ORIENTED_EDGE('',*,*,#8589,.T.);
#8589 = EDGE_CURVE('',#8590,#1878,#8592,.T.);
#8590 = VERTEX_POINT('',#8591);
#8591 = CARTESIAN_POINT('',(140.19636790678,-152.5943824536,
    113.90296816252));
#8592 = LINE('',#8593,#8594);
#8593 = CARTESIAN_POINT('',(140.19636790678,-152.5943824536,
    113.90296816252));
#8594 = VECTOR('',#8595,1.);
#8595 = DIRECTION('',(-7.850462293424E-17,-0.707106781186,0.707106781187
    ));
#8596 = ORIENTED_EDGE('',*,*,#1877,.T.);
#8597 = ORIENTED_EDGE('',*,*,#8565,.F.);
#8598 = ORIENTED_EDGE('',*,*,#8599,.T.);
#8599 = EDGE_CURVE('',#8566,#8590,#8600,.T.);
#8600 = LINE('',#8601,#8602);
#8601 = CARTESIAN_POINT('',(204.44657543042,-152.5943824536,
    113.90296816252));
#8602 = VECTOR('',#8603,1.);
#8603 = DIRECTION('',(1.,1.202550606141E-29,-1.249000770354E-16));
#8604 = PLANE('',#8605);
#8605 = AXIS2_PLACEMENT_3D('',#8606,#8607,#8608);
#8606 = CARTESIAN_POINT('',(204.44657543042,-153.0943824536,
    114.40296816252));
#8607 = DIRECTION('',(-8.831769144242E-17,-0.707106781187,
    -0.707106781186));
#8608 = DIRECTION('',(-1.,2.359223794976E-16,-1.110223024625E-16));
#8609 = ADVANCED_FACE('',(#8610),#8629,.F.);
#8610 = FACE_BOUND('',#8611,.F.);
#8611 = EDGE_LOOP('',(#8612,#8613,#8621,#8628));
#8612 = ORIENTED_EDGE('',*,*,#1885,.F.);
#8613 = ORIENTED_EDGE('',*,*,#8614,.F.);
#8614 = EDGE_CURVE('',#8615,#1886,#8617,.T.);
#8615 = VERTEX_POINT('',#8616);
#8616 = CARTESIAN_POINT('',(142.19636790678,-152.5943824536,
    111.90296816252));
#8617 = LINE('',#8618,#8619);
#8618 = CARTESIAN_POINT('',(142.19636790678,-152.5943824536,
    111.90296816252));
#8619 = VECTOR('',#8620,1.);
#8620 = DIRECTION('',(0.707106781186,-0.707106781187,3.681866815615E-14)
  );
#8621 = ORIENTED_EDGE('',*,*,#8622,.F.);
#8622 = EDGE_CURVE('',#8590,#8615,#8623,.T.);
#8623 = CIRCLE('',#8624,2.);
#8624 = AXIS2_PLACEMENT_3D('',#8625,#8626,#8627);
#8625 = CARTESIAN_POINT('',(140.19636790678,-152.5943824536,
    111.90296816252));
#8626 = DIRECTION('',(-2.178396804699E-29,1.,-5.200354036283E-14));
#8627 = DIRECTION('',(0.707106781187,3.677205603627E-14,0.707106781187)
  );
#8628 = ORIENTED_EDGE('',*,*,#8589,.T.);
#8629 = CONICAL_SURFACE('',#8630,2.5,0.785398163397);
#8630 = AXIS2_PLACEMENT_3D('',#8631,#8632,#8633);
#8631 = CARTESIAN_POINT('',(140.19636790678,-153.0943824536,
    111.90296816252));
#8632 = DIRECTION('',(-5.756219417785E-30,-1.,5.195843755246E-14));
#8633 = DIRECTION('',(0.707106781187,3.67401635332E-14,0.707106781187));
#8634 = ADVANCED_FACE('',(#8635),#8653,.T.);
#8635 = FACE_BOUND('',#8636,.T.);
#8636 = EDGE_LOOP('',(#8637,#8645,#8646,#8647));
#8637 = ORIENTED_EDGE('',*,*,#8638,.T.);
#8638 = EDGE_CURVE('',#8639,#1895,#8641,.T.);
#8639 = VERTEX_POINT('',#8640);
#8640 = CARTESIAN_POINT('',(142.19636790678,-152.5943824536,
    -272.0970318374));
#8641 = LINE('',#8642,#8643);
#8642 = CARTESIAN_POINT('',(142.19636790678,-152.5943824536,
    -272.0970318374));
#8643 = VECTOR('',#8644,1.);
#8644 = DIRECTION('',(0.707106781187,-0.707106781186,3.681866815611E-14)
  );
#8645 = ORIENTED_EDGE('',*,*,#1894,.T.);
#8646 = ORIENTED_EDGE('',*,*,#8614,.F.);
#8647 = ORIENTED_EDGE('',*,*,#8648,.T.);
#8648 = EDGE_CURVE('',#8615,#8639,#8649,.T.);
#8649 = LINE('',#8650,#8651);
#8650 = CARTESIAN_POINT('',(142.19636790678,-152.5943824536,
    -159.3221924147));
#8651 = VECTOR('',#8652,1.);
#8652 = DIRECTION('',(-1.249000770354E-16,-5.200354036283E-14,-1.));
#8653 = PLANE('',#8654);
#8654 = AXIS2_PLACEMENT_3D('',#8655,#8656,#8657);
#8655 = CARTESIAN_POINT('',(142.69636790678,-153.0943824536,
    -159.3221924147));
#8656 = DIRECTION('',(-0.707106781186,-0.707106781187,3.686037372773E-14
    ));
#8657 = DIRECTION('',(-0.707106781187,0.707106781186,-3.681866815611E-14
    ));
#8658 = ADVANCED_FACE('',(#8659),#8678,.F.);
#8659 = FACE_BOUND('',#8660,.F.);
#8660 = EDGE_LOOP('',(#8661,#8670,#8671,#8672));
#8661 = ORIENTED_EDGE('',*,*,#8662,.F.);
#8662 = EDGE_CURVE('',#8639,#8663,#8665,.T.);
#8663 = VERTEX_POINT('',#8664);
#8664 = CARTESIAN_POINT('',(140.19636790678,-152.5943824536,
    -274.0970318374));
#8665 = CIRCLE('',#8666,2.);
#8666 = AXIS2_PLACEMENT_3D('',#8667,#8668,#8669);
#8667 = CARTESIAN_POINT('',(140.19636790678,-152.5943824536,
    -272.0970318374));
#8668 = DIRECTION('',(-1.852075225885E-29,1.,-5.200354036283E-14));
#8669 = DIRECTION('',(-1.249000770354E-16,-5.200354036283E-14,-1.));
#8670 = ORIENTED_EDGE('',*,*,#8638,.T.);
#8671 = ORIENTED_EDGE('',*,*,#1902,.F.);
#8672 = ORIENTED_EDGE('',*,*,#8673,.F.);
#8673 = EDGE_CURVE('',#8663,#1903,#8674,.T.);
#8674 = LINE('',#8675,#8676);
#8675 = CARTESIAN_POINT('',(140.19636790678,-152.5943824536,
    -274.0970318374));
#8676 = VECTOR('',#8677,1.);
#8677 = DIRECTION('',(7.850462293421E-17,-0.707106781186,-0.707106781187
    ));
#8678 = CONICAL_SURFACE('',#8679,2.5,0.785398163398);
#8679 = AXIS2_PLACEMENT_3D('',#8680,#8681,#8682);
#8680 = CARTESIAN_POINT('',(140.19636790678,-153.0943824536,
    -272.0970318374));
#8681 = DIRECTION('',(-5.756219417785E-30,-1.,5.195843755246E-14));
#8682 = DIRECTION('',(-1.249000770354E-16,-5.195843755246E-14,-1.));
#8683 = ADVANCED_FACE('',(#8684),#8702,.T.);
#8684 = FACE_BOUND('',#8685,.T.);
#8685 = EDGE_LOOP('',(#8686,#8694,#8695,#8696));
#8686 = ORIENTED_EDGE('',*,*,#8687,.T.);
#8687 = EDGE_CURVE('',#8688,#1912,#8690,.T.);
#8688 = VERTEX_POINT('',#8689);
#8689 = CARTESIAN_POINT('',(136.19636790678,-152.5943824536,
    -274.0970318374));
#8690 = LINE('',#8691,#8692);
#8691 = CARTESIAN_POINT('',(136.19636790678,-152.5943824536,
    -274.0970318374));
#8692 = VECTOR('',#8693,1.);
#8693 = DIRECTION('',(7.850462293423E-17,-0.707106781186,-0.707106781187
    ));
#8694 = ORIENTED_EDGE('',*,*,#1911,.T.);
#8695 = ORIENTED_EDGE('',*,*,#8673,.F.);
#8696 = ORIENTED_EDGE('',*,*,#8697,.T.);
#8697 = EDGE_CURVE('',#8663,#8688,#8698,.T.);
#8698 = LINE('',#8699,#8700);
#8699 = CARTESIAN_POINT('',(206.44657543042,-152.5943824536,
    -274.0970318374));
#8700 = VECTOR('',#8701,1.);
#8701 = DIRECTION('',(-1.,-1.202550606142E-29,1.249000770353E-16));
#8702 = PLANE('',#8703);
#8703 = AXIS2_PLACEMENT_3D('',#8704,#8705,#8706);
#8704 = CARTESIAN_POINT('',(206.44657543042,-153.0943824536,
    -274.5970318374));
#8705 = DIRECTION('',(8.831769144236E-17,-0.707106781187,0.707106781186)
  );
#8706 = DIRECTION('',(-1.,-2.359223794976E-16,-1.110223024625E-16));
#8707 = ADVANCED_FACE('',(#8708),#8720,.F.);
#8708 = FACE_BOUND('',#8709,.F.);
#8709 = EDGE_LOOP('',(#8710,#8717,#8718,#8719));
#8710 = ORIENTED_EDGE('',*,*,#8711,.F.);
#8711 = EDGE_CURVE('',#8688,#8543,#8712,.T.);
#8712 = CIRCLE('',#8713,2.);
#8713 = AXIS2_PLACEMENT_3D('',#8714,#8715,#8716);
#8714 = CARTESIAN_POINT('',(136.19636790678,-152.5943824536,
    -272.0970318374));
#8715 = DIRECTION('',(-1.852075225885E-29,1.,-5.200354036283E-14));
#8716 = DIRECTION('',(-1.,-1.859562397992E-27,-3.540223671097E-14));
#8717 = ORIENTED_EDGE('',*,*,#8687,.T.);
#8718 = ORIENTED_EDGE('',*,*,#1919,.F.);
#8719 = ORIENTED_EDGE('',*,*,#8542,.T.);
#8720 = CONICAL_SURFACE('',#8721,2.5,0.785398163398);
#8721 = AXIS2_PLACEMENT_3D('',#8722,#8723,#8724);
#8722 = CARTESIAN_POINT('',(136.19636790678,-153.0943824536,
    -272.0970318374));
#8723 = DIRECTION('',(-5.756219417785E-30,-1.,5.195843755246E-14));
#8724 = DIRECTION('',(-1.,-1.833688685946E-27,-3.540223671097E-14));
#8725 = ADVANCED_FACE('',(#8726),#8752,.F.);
#8726 = FACE_BOUND('',#8727,.F.);
#8727 = EDGE_LOOP('',(#8728,#8736,#8745,#8751));
#8728 = ORIENTED_EDGE('',*,*,#8729,.F.);
#8729 = EDGE_CURVE('',#8730,#8615,#8732,.T.);
#8730 = VERTEX_POINT('',#8731);
#8731 = CARTESIAN_POINT('',(142.19636790678,-149.5943824536,
    111.90296816252));
#8732 = LINE('',#8733,#8734);
#8733 = CARTESIAN_POINT('',(142.19636790678,-159.5943824536,
    111.90296816252));
#8734 = VECTOR('',#8735,1.);
#8735 = DIRECTION('',(-5.95343464409E-30,-1.,5.373479439186E-14));
#8736 = ORIENTED_EDGE('',*,*,#8737,.F.);
#8737 = EDGE_CURVE('',#8738,#8730,#8740,.T.);
#8738 = VERTEX_POINT('',#8739);
#8739 = CARTESIAN_POINT('',(140.19636790678,-149.5943824536,
    113.90296816252));
#8740 = CIRCLE('',#8741,2.);
#8741 = AXIS2_PLACEMENT_3D('',#8742,#8743,#8744);
#8742 = CARTESIAN_POINT('',(140.19636790678,-149.5943824536,
    111.90296816252));
#8743 = DIRECTION('',(3.804325436758E-30,1.,-5.195843755246E-14));
#8744 = DIRECTION('',(0.707106781187,3.67401635332E-14,0.707106781187));
#8745 = ORIENTED_EDGE('',*,*,#8746,.F.);
#8746 = EDGE_CURVE('',#8590,#8738,#8747,.T.);
#8747 = LINE('',#8748,#8749);
#8748 = CARTESIAN_POINT('',(140.19636790678,-159.5943824536,
    113.90296816252));
#8749 = VECTOR('',#8750,1.);
#8750 = DIRECTION('',(5.95343464409E-30,1.,-5.373479439186E-14));
#8751 = ORIENTED_EDGE('',*,*,#8622,.T.);
#8752 = CYLINDRICAL_SURFACE('',#8753,2.);
#8753 = AXIS2_PLACEMENT_3D('',#8754,#8755,#8756);
#8754 = CARTESIAN_POINT('',(140.19636790678,-159.5943824536,
    111.90296816252));
#8755 = DIRECTION('',(5.95343464409E-30,1.,-5.373479439186E-14));
#8756 = DIRECTION('',(0.707106781187,3.799623750015E-14,0.707106781187)
  );
#8757 = ADVANCED_FACE('',(#8758),#8776,.F.);
#8758 = FACE_BOUND('',#8759,.T.);
#8759 = EDGE_LOOP('',(#8760,#8761,#8769,#8775));
#8760 = ORIENTED_EDGE('',*,*,#8599,.F.);
#8761 = ORIENTED_EDGE('',*,*,#8762,.F.);
#8762 = EDGE_CURVE('',#8763,#8566,#8765,.T.);
#8763 = VERTEX_POINT('',#8764);
#8764 = CARTESIAN_POINT('',(136.19636790678,-149.5943824536,
    113.90296816252));
#8765 = LINE('',#8766,#8767);
#8766 = CARTESIAN_POINT('',(136.19636790678,-159.5943824536,
    113.90296816252));
#8767 = VECTOR('',#8768,1.);
#8768 = DIRECTION('',(-5.95343464409E-30,-1.,5.373479439186E-14));
#8769 = ORIENTED_EDGE('',*,*,#8770,.F.);
#8770 = EDGE_CURVE('',#8738,#8763,#8771,.T.);
#8771 = LINE('',#8772,#8773);
#8772 = CARTESIAN_POINT('',(100.96545974371,-149.5943824536,
    113.90296816252));
#8773 = VECTOR('',#8774,1.);
#8774 = DIRECTION('',(-1.,1.223658792014E-29,1.249000770354E-16));
#8775 = ORIENTED_EDGE('',*,*,#8746,.F.);
#8776 = PLANE('',#8777);
#8777 = AXIS2_PLACEMENT_3D('',#8778,#8779,#8780);
#8778 = CARTESIAN_POINT('',(136.19636790678,-159.5943824536,
    113.90296816252));
#8779 = DIRECTION('',(1.249000770354E-16,5.373479439186E-14,1.));
#8780 = DIRECTION('',(1.,-1.218728411356E-29,-1.249000770354E-16));
#8781 = ADVANCED_FACE('',(#8782),#8801,.F.);
#8782 = FACE_BOUND('',#8783,.F.);
#8783 = EDGE_LOOP('',(#8784,#8785,#8794,#8800));
#8784 = ORIENTED_EDGE('',*,*,#8762,.F.);
#8785 = ORIENTED_EDGE('',*,*,#8786,.F.);
#8786 = EDGE_CURVE('',#8787,#8763,#8789,.T.);
#8787 = VERTEX_POINT('',#8788);
#8788 = CARTESIAN_POINT('',(134.19636790678,-149.5943824536,
    111.90296816252));
#8789 = CIRCLE('',#8790,2.);
#8790 = AXIS2_PLACEMENT_3D('',#8791,#8792,#8793);
#8791 = CARTESIAN_POINT('',(136.19636790678,-149.5943824536,
    111.90296816252));
#8792 = DIRECTION('',(1.38199605225E-29,1.,-5.195843755246E-14));
#8793 = DIRECTION('',(-0.707106781187,3.67401635332E-14,0.707106781187)
  );
#8794 = ORIENTED_EDGE('',*,*,#8795,.F.);
#8795 = EDGE_CURVE('',#8534,#8787,#8796,.T.);
#8796 = LINE('',#8797,#8798);
#8797 = CARTESIAN_POINT('',(134.19636790678,-159.5943824536,
    111.90296816252));
#8798 = VECTOR('',#8799,1.);
#8799 = DIRECTION('',(5.95343464409E-30,1.,-5.373479439186E-14));
#8800 = ORIENTED_EDGE('',*,*,#8573,.T.);
#8801 = CYLINDRICAL_SURFACE('',#8802,2.);
#8802 = AXIS2_PLACEMENT_3D('',#8803,#8804,#8805);
#8803 = CARTESIAN_POINT('',(136.19636790678,-159.5943824536,
    111.90296816252));
#8804 = DIRECTION('',(5.95343464409E-30,1.,-5.373479439186E-14));
#8805 = DIRECTION('',(-0.707106781187,3.799623750015E-14,0.707106781187)
  );
#8806 = ADVANCED_FACE('',(#8807),#8825,.F.);
#8807 = FACE_BOUND('',#8808,.T.);
#8808 = EDGE_LOOP('',(#8809,#8810,#8818,#8824));
#8809 = ORIENTED_EDGE('',*,*,#8550,.F.);
#8810 = ORIENTED_EDGE('',*,*,#8811,.T.);
#8811 = EDGE_CURVE('',#8543,#8812,#8814,.T.);
#8812 = VERTEX_POINT('',#8813);
#8813 = CARTESIAN_POINT('',(134.19636790678,-149.5943824536,
    -272.0970318374));
#8814 = LINE('',#8815,#8816);
#8815 = CARTESIAN_POINT('',(134.19636790678,-159.5943824536,
    -272.0970318374));
#8816 = VECTOR('',#8817,1.);
#8817 = DIRECTION('',(5.95343464409E-30,1.,-5.373479439186E-14));
#8818 = ORIENTED_EDGE('',*,*,#8819,.F.);
#8819 = EDGE_CURVE('',#8787,#8812,#8820,.T.);
#8820 = LINE('',#8821,#8822);
#8821 = CARTESIAN_POINT('',(134.19636790678,-149.5943824537,
    -362.3471362745));
#8822 = VECTOR('',#8823,1.);
#8823 = DIRECTION('',(-1.249000770354E-16,-5.195843755246E-14,-1.));
#8824 = ORIENTED_EDGE('',*,*,#8795,.F.);
#8825 = PLANE('',#8826);
#8826 = AXIS2_PLACEMENT_3D('',#8827,#8828,#8829);
#8827 = CARTESIAN_POINT('',(134.19636790678,-159.5943824536,
    -272.0970318374));
#8828 = DIRECTION('',(-1.,1.266491460312E-29,1.249000770354E-16));
#8829 = DIRECTION('',(1.249000770354E-16,5.335546213084E-14,1.));
#8830 = ADVANCED_FACE('',(#8831),#8856,.T.);
#8831 = FACE_BOUND('',#8832,.T.);
#8832 = EDGE_LOOP('',(#8833,#8841,#8842,#8850));
#8833 = ORIENTED_EDGE('',*,*,#8834,.T.);
#8834 = EDGE_CURVE('',#8835,#811,#8837,.T.);
#8835 = VERTEX_POINT('',#8836);
#8836 = CARTESIAN_POINT('',(116.19636790678,-152.5943824536,
    111.90296816252));
#8837 = LINE('',#8838,#8839);
#8838 = CARTESIAN_POINT('',(116.19636790678,-152.5943824536,
    111.90296816252));
#8839 = VECTOR('',#8840,1.);
#8840 = DIRECTION('',(-0.707106781187,-0.707106781186,3.666165891025E-14
    ));
#8841 = ORIENTED_EDGE('',*,*,#810,.T.);
#8842 = ORIENTED_EDGE('',*,*,#8843,.T.);
#8843 = EDGE_CURVE('',#813,#8844,#8846,.T.);
#8844 = VERTEX_POINT('',#8845);
#8845 = CARTESIAN_POINT('',(116.19636790678,-152.5943824536,
    -272.0970318374));
#8846 = LINE('',#8847,#8848);
#8847 = CARTESIAN_POINT('',(115.19636790678,-153.5943824536,
    -272.0970318374));
#8848 = VECTOR('',#8849,1.);
#8849 = DIRECTION('',(0.707106781187,0.707106781186,-3.666165891025E-14)
  );
#8850 = ORIENTED_EDGE('',*,*,#8851,.T.);
#8851 = EDGE_CURVE('',#8844,#8835,#8852,.T.);
#8852 = LINE('',#8853,#8854);
#8853 = CARTESIAN_POINT('',(116.19636790678,-152.5943824537,
    -356.3221924147));
#8854 = VECTOR('',#8855,1.);
#8855 = DIRECTION('',(1.249000770354E-16,5.200354036283E-14,1.));
#8856 = PLANE('',#8857);
#8857 = AXIS2_PLACEMENT_3D('',#8858,#8859,#8860);
#8858 = CARTESIAN_POINT('',(115.69636790678,-153.0943824537,
    -356.3221924147));
#8859 = DIRECTION('',(0.707106781186,-0.707106781187,3.668373834485E-14)
  );
#8860 = DIRECTION('',(-0.707106781187,-0.707106781186,3.666165891025E-14
    ));
#8861 = ADVANCED_FACE('',(#8862),#8881,.F.);
#8862 = FACE_BOUND('',#8863,.F.);
#8863 = EDGE_LOOP('',(#8864,#8865,#8873,#8880));
#8864 = ORIENTED_EDGE('',*,*,#820,.F.);
#8865 = ORIENTED_EDGE('',*,*,#8866,.F.);
#8866 = EDGE_CURVE('',#8867,#821,#8869,.T.);
#8867 = VERTEX_POINT('',#8868);
#8868 = CARTESIAN_POINT('',(118.19636790678,-152.5943824536,
    113.90296816252));
#8869 = LINE('',#8870,#8871);
#8870 = CARTESIAN_POINT('',(118.19636790678,-152.5943824536,
    113.90296816252));
#8871 = VECTOR('',#8872,1.);
#8872 = DIRECTION('',(-7.850462293417E-17,-0.707106781187,0.707106781186
    ));
#8873 = ORIENTED_EDGE('',*,*,#8874,.F.);
#8874 = EDGE_CURVE('',#8835,#8867,#8875,.T.);
#8875 = CIRCLE('',#8876,2.);
#8876 = AXIS2_PLACEMENT_3D('',#8877,#8878,#8879);
#8877 = CARTESIAN_POINT('',(118.19636790678,-152.5943824536,
    111.90296816252));
#8878 = DIRECTION('',(-1.282767898861E-29,1.,-5.200354036283E-14));
#8879 = DIRECTION('',(-0.707106781187,3.677205603627E-14,0.707106781187)
  );
#8880 = ORIENTED_EDGE('',*,*,#8834,.T.);
#8881 = CONICAL_SURFACE('',#8882,2.5,0.785398163397);
#8882 = AXIS2_PLACEMENT_3D('',#8883,#8884,#8885);
#8883 = CARTESIAN_POINT('',(118.19636790678,-153.0943824536,
    111.90296816252));
#8884 = DIRECTION('',(-5.756219417785E-30,-1.,5.195843755246E-14));
#8885 = DIRECTION('',(-0.707106781187,3.67401635332E-14,0.707106781187)
  );
#8886 = ADVANCED_FACE('',(#8887),#8905,.T.);
#8887 = FACE_BOUND('',#8888,.T.);
#8888 = EDGE_LOOP('',(#8889,#8897,#8898,#8899));
#8889 = ORIENTED_EDGE('',*,*,#8890,.T.);
#8890 = EDGE_CURVE('',#8891,#830,#8893,.T.);
#8891 = VERTEX_POINT('',#8892);
#8892 = CARTESIAN_POINT('',(122.19636790678,-152.5943824536,
    113.90296816252));
#8893 = LINE('',#8894,#8895);
#8894 = CARTESIAN_POINT('',(122.19636790678,-152.5943824536,
    113.90296816252));
#8895 = VECTOR('',#8896,1.);
#8896 = DIRECTION('',(-7.850462293424E-17,-0.707106781186,0.707106781187
    ));
#8897 = ORIENTED_EDGE('',*,*,#829,.T.);
#8898 = ORIENTED_EDGE('',*,*,#8866,.F.);
#8899 = ORIENTED_EDGE('',*,*,#8900,.T.);
#8900 = EDGE_CURVE('',#8867,#8891,#8901,.T.);
#8901 = LINE('',#8902,#8903);
#8902 = CARTESIAN_POINT('',(195.44657543042,-152.5943824536,
    113.90296816252));
#8903 = VECTOR('',#8904,1.);
#8904 = DIRECTION('',(1.,1.202550606141E-29,-1.249000770354E-16));
#8905 = PLANE('',#8906);
#8906 = AXIS2_PLACEMENT_3D('',#8907,#8908,#8909);
#8907 = CARTESIAN_POINT('',(195.44657543042,-153.0943824536,
    114.40296816252));
#8908 = DIRECTION('',(-8.831769144242E-17,-0.707106781187,
    -0.707106781186));
#8909 = DIRECTION('',(-1.,2.359223794977E-16,-1.110223024625E-16));
#8910 = ADVANCED_FACE('',(#8911),#8930,.F.);
#8911 = FACE_BOUND('',#8912,.F.);
#8912 = EDGE_LOOP('',(#8913,#8914,#8922,#8929));
#8913 = ORIENTED_EDGE('',*,*,#837,.F.);
#8914 = ORIENTED_EDGE('',*,*,#8915,.F.);
#8915 = EDGE_CURVE('',#8916,#838,#8918,.T.);
#8916 = VERTEX_POINT('',#8917);
#8917 = CARTESIAN_POINT('',(124.19636790678,-152.5943824536,
    111.90296816252));
#8918 = LINE('',#8919,#8920);
#8919 = CARTESIAN_POINT('',(124.19636790678,-152.5943824536,
    111.90296816252));
#8920 = VECTOR('',#8921,1.);
#8921 = DIRECTION('',(0.707106781186,-0.707106781187,3.681866815615E-14)
  );
#8922 = ORIENTED_EDGE('',*,*,#8923,.F.);
#8923 = EDGE_CURVE('',#8891,#8916,#8924,.T.);
#8924 = CIRCLE('',#8925,2.);
#8925 = AXIS2_PLACEMENT_3D('',#8926,#8927,#8928);
#8926 = CARTESIAN_POINT('',(122.19636790678,-152.5943824536,
    111.90296816252));
#8927 = DIRECTION('',(-1.394141465986E-29,1.,-5.200354036283E-14));
#8928 = DIRECTION('',(0.707106781187,3.677205603627E-14,0.707106781187)
  );
#8929 = ORIENTED_EDGE('',*,*,#8890,.T.);
#8930 = CONICAL_SURFACE('',#8931,2.5,0.785398163397);
#8931 = AXIS2_PLACEMENT_3D('',#8932,#8933,#8934);
#8932 = CARTESIAN_POINT('',(122.19636790678,-153.0943824536,
    111.90296816252));
#8933 = DIRECTION('',(-5.756219417785E-30,-1.,5.195843755246E-14));
#8934 = DIRECTION('',(0.707106781187,3.67401635332E-14,0.707106781187));
#8935 = ADVANCED_FACE('',(#8936),#8954,.T.);
#8936 = FACE_BOUND('',#8937,.T.);
#8937 = EDGE_LOOP('',(#8938,#8946,#8947,#8948));
#8938 = ORIENTED_EDGE('',*,*,#8939,.T.);
#8939 = EDGE_CURVE('',#8940,#847,#8942,.T.);
#8940 = VERTEX_POINT('',#8941);
#8941 = CARTESIAN_POINT('',(124.19636790678,-152.5943824536,
    -272.0970318374));
#8942 = LINE('',#8943,#8944);
#8943 = CARTESIAN_POINT('',(124.19636790678,-152.5943824536,
    -272.0970318374));
#8944 = VECTOR('',#8945,1.);
#8945 = DIRECTION('',(0.707106781187,-0.707106781186,3.681866815611E-14)
  );
#8946 = ORIENTED_EDGE('',*,*,#846,.T.);
#8947 = ORIENTED_EDGE('',*,*,#8915,.F.);
#8948 = ORIENTED_EDGE('',*,*,#8949,.T.);
#8949 = EDGE_CURVE('',#8916,#8940,#8950,.T.);
#8950 = LINE('',#8951,#8952);
#8951 = CARTESIAN_POINT('',(124.19636790678,-152.5943824536,
    -159.3221924147));
#8952 = VECTOR('',#8953,1.);
#8953 = DIRECTION('',(-1.249000770354E-16,-5.200354036283E-14,-1.));
#8954 = PLANE('',#8955);
#8955 = AXIS2_PLACEMENT_3D('',#8956,#8957,#8958);
#8956 = CARTESIAN_POINT('',(124.69636790678,-153.0943824536,
    -159.3221924147));
#8957 = DIRECTION('',(-0.707106781186,-0.707106781187,3.686037372773E-14
    ));
#8958 = DIRECTION('',(-0.707106781187,0.707106781186,-3.681866815611E-14
    ));
#8959 = ADVANCED_FACE('',(#8960),#8979,.F.);
#8960 = FACE_BOUND('',#8961,.F.);
#8961 = EDGE_LOOP('',(#8962,#8971,#8972,#8973));
#8962 = ORIENTED_EDGE('',*,*,#8963,.F.);
#8963 = EDGE_CURVE('',#8940,#8964,#8966,.T.);
#8964 = VERTEX_POINT('',#8965);
#8965 = CARTESIAN_POINT('',(122.19636790678,-152.5943824536,
    -274.0970318374));
#8966 = CIRCLE('',#8967,2.);
#8967 = AXIS2_PLACEMENT_3D('',#8968,#8969,#8970);
#8968 = CARTESIAN_POINT('',(122.19636790678,-152.5943824536,
    -272.0970318374));
#8969 = DIRECTION('',(-1.852075225885E-29,1.,-5.200354036283E-14));
#8970 = DIRECTION('',(-1.249000770354E-16,-5.200354036283E-14,-1.));
#8971 = ORIENTED_EDGE('',*,*,#8939,.T.);
#8972 = ORIENTED_EDGE('',*,*,#854,.F.);
#8973 = ORIENTED_EDGE('',*,*,#8974,.F.);
#8974 = EDGE_CURVE('',#8964,#855,#8975,.T.);
#8975 = LINE('',#8976,#8977);
#8976 = CARTESIAN_POINT('',(122.19636790678,-152.5943824536,
    -274.0970318374));
#8977 = VECTOR('',#8978,1.);
#8978 = DIRECTION('',(7.850462293421E-17,-0.707106781186,-0.707106781187
    ));
#8979 = CONICAL_SURFACE('',#8980,2.5,0.785398163398);
#8980 = AXIS2_PLACEMENT_3D('',#8981,#8982,#8983);
#8981 = CARTESIAN_POINT('',(122.19636790678,-153.0943824536,
    -272.0970318374));
#8982 = DIRECTION('',(-5.756219417785E-30,-1.,5.195843755246E-14));
#8983 = DIRECTION('',(-1.249000770354E-16,-5.195843755246E-14,-1.));
#8984 = ADVANCED_FACE('',(#8985),#9003,.T.);
#8985 = FACE_BOUND('',#8986,.T.);
#8986 = EDGE_LOOP('',(#8987,#8995,#8996,#8997));
#8987 = ORIENTED_EDGE('',*,*,#8988,.T.);
#8988 = EDGE_CURVE('',#8989,#864,#8991,.T.);
#8989 = VERTEX_POINT('',#8990);
#8990 = CARTESIAN_POINT('',(118.19636790678,-152.5943824536,
    -274.0970318374));
#8991 = LINE('',#8992,#8993);
#8992 = CARTESIAN_POINT('',(118.19636790678,-152.5943824536,
    -274.0970318374));
#8993 = VECTOR('',#8994,1.);
#8994 = DIRECTION('',(7.850462293423E-17,-0.707106781186,-0.707106781187
    ));
#8995 = ORIENTED_EDGE('',*,*,#863,.T.);
#8996 = ORIENTED_EDGE('',*,*,#8974,.F.);
#8997 = ORIENTED_EDGE('',*,*,#8998,.T.);
#8998 = EDGE_CURVE('',#8964,#8989,#8999,.T.);
#8999 = LINE('',#9000,#9001);
#9000 = CARTESIAN_POINT('',(197.44657543042,-152.5943824536,
    -274.0970318374));
#9001 = VECTOR('',#9002,1.);
#9002 = DIRECTION('',(-1.,-1.202550606142E-29,1.249000770353E-16));
#9003 = PLANE('',#9004);
#9004 = AXIS2_PLACEMENT_3D('',#9005,#9006,#9007);
#9005 = CARTESIAN_POINT('',(197.44657543042,-153.0943824536,
    -274.5970318374));
#9006 = DIRECTION('',(8.831769144236E-17,-0.707106781187,0.707106781186)
  );
#9007 = DIRECTION('',(-1.,-2.359223794976E-16,-1.110223024625E-16));
#9008 = ADVANCED_FACE('',(#9009),#9021,.F.);
#9009 = FACE_BOUND('',#9010,.F.);
#9010 = EDGE_LOOP('',(#9011,#9018,#9019,#9020));
#9011 = ORIENTED_EDGE('',*,*,#9012,.F.);
#9012 = EDGE_CURVE('',#8989,#8844,#9013,.T.);
#9013 = CIRCLE('',#9014,2.);
#9014 = AXIS2_PLACEMENT_3D('',#9015,#9016,#9017);
#9015 = CARTESIAN_POINT('',(118.19636790678,-152.5943824536,
    -272.0970318374));
#9016 = DIRECTION('',(-1.852075225885E-29,1.,-5.200354036283E-14));
#9017 = DIRECTION('',(-1.,-1.859562397992E-27,-3.540223671097E-14));
#9018 = ORIENTED_EDGE('',*,*,#8988,.T.);
#9019 = ORIENTED_EDGE('',*,*,#871,.F.);
#9020 = ORIENTED_EDGE('',*,*,#8843,.T.);
#9021 = CONICAL_SURFACE('',#9022,2.5,0.785398163398);
#9022 = AXIS2_PLACEMENT_3D('',#9023,#9024,#9025);
#9023 = CARTESIAN_POINT('',(118.19636790678,-153.0943824536,
    -272.0970318374));
#9024 = DIRECTION('',(-5.756219417785E-30,-1.,5.195843755246E-14));
#9025 = DIRECTION('',(-1.,-1.833688685946E-27,-3.540223671097E-14));
#9026 = ADVANCED_FACE('',(#9027),#9053,.F.);
#9027 = FACE_BOUND('',#9028,.F.);
#9028 = EDGE_LOOP('',(#9029,#9037,#9046,#9052));
#9029 = ORIENTED_EDGE('',*,*,#9030,.F.);
#9030 = EDGE_CURVE('',#9031,#8916,#9033,.T.);
#9031 = VERTEX_POINT('',#9032);
#9032 = CARTESIAN_POINT('',(124.19636790678,-149.5943824536,
    111.90296816252));
#9033 = LINE('',#9034,#9035);
#9034 = CARTESIAN_POINT('',(124.19636790678,-159.5943824536,
    111.90296816252));
#9035 = VECTOR('',#9036,1.);
#9036 = DIRECTION('',(-5.95343464409E-30,-1.,5.373479439186E-14));
#9037 = ORIENTED_EDGE('',*,*,#9038,.F.);
#9038 = EDGE_CURVE('',#9039,#9031,#9041,.T.);
#9039 = VERTEX_POINT('',#9040);
#9040 = CARTESIAN_POINT('',(122.19636790678,-149.5943824536,
    113.90296816252));
#9041 = CIRCLE('',#9042,2.);
#9042 = AXIS2_PLACEMENT_3D('',#9043,#9044,#9045);
#9043 = CARTESIAN_POINT('',(122.19636790678,-149.5943824536,
    111.90296816252));
#9044 = DIRECTION('',(7.691219121479E-30,1.,-5.195843755246E-14));
#9045 = DIRECTION('',(0.707106781187,3.67401635332E-14,0.707106781187));
#9046 = ORIENTED_EDGE('',*,*,#9047,.F.);
#9047 = EDGE_CURVE('',#8891,#9039,#9048,.T.);
#9048 = LINE('',#9049,#9050);
#9049 = CARTESIAN_POINT('',(122.19636790678,-159.5943824536,
    113.90296816252));
#9050 = VECTOR('',#9051,1.);
#9051 = DIRECTION('',(5.95343464409E-30,1.,-5.373479439186E-14));
#9052 = ORIENTED_EDGE('',*,*,#8923,.T.);
#9053 = CYLINDRICAL_SURFACE('',#9054,2.);
#9054 = AXIS2_PLACEMENT_3D('',#9055,#9056,#9057);
#9055 = CARTESIAN_POINT('',(122.19636790678,-159.5943824536,
    111.90296816252));
#9056 = DIRECTION('',(5.95343464409E-30,1.,-5.373479439186E-14));
#9057 = DIRECTION('',(0.707106781187,3.799623750015E-14,0.707106781187)
  );
#9058 = ADVANCED_FACE('',(#9059),#9077,.F.);
#9059 = FACE_BOUND('',#9060,.T.);
#9060 = EDGE_LOOP('',(#9061,#9062,#9070,#9076));
#9061 = ORIENTED_EDGE('',*,*,#8900,.F.);
#9062 = ORIENTED_EDGE('',*,*,#9063,.F.);
#9063 = EDGE_CURVE('',#9064,#8867,#9066,.T.);
#9064 = VERTEX_POINT('',#9065);
#9065 = CARTESIAN_POINT('',(118.19636790678,-149.5943824536,
    113.90296816252));
#9066 = LINE('',#9067,#9068);
#9067 = CARTESIAN_POINT('',(118.19636790678,-159.5943824536,
    113.90296816252));
#9068 = VECTOR('',#9069,1.);
#9069 = DIRECTION('',(-5.95343464409E-30,-1.,5.373479439186E-14));
#9070 = ORIENTED_EDGE('',*,*,#9071,.F.);
#9071 = EDGE_CURVE('',#9039,#9064,#9072,.T.);
#9072 = LINE('',#9073,#9074);
#9073 = CARTESIAN_POINT('',(91.965459743714,-149.5943824536,
    113.90296816252));
#9074 = VECTOR('',#9075,1.);
#9075 = DIRECTION('',(-1.,1.223658792014E-29,1.249000770354E-16));
#9076 = ORIENTED_EDGE('',*,*,#9047,.F.);
#9077 = PLANE('',#9078);
#9078 = AXIS2_PLACEMENT_3D('',#9079,#9080,#9081);
#9079 = CARTESIAN_POINT('',(118.19636790678,-159.5943824536,
    113.90296816252));
#9080 = DIRECTION('',(1.249000770354E-16,5.373479439186E-14,1.));
#9081 = DIRECTION('',(1.,-1.218728411356E-29,-1.249000770354E-16));
#9082 = ADVANCED_FACE('',(#9083),#9102,.F.);
#9083 = FACE_BOUND('',#9084,.F.);
#9084 = EDGE_LOOP('',(#9085,#9086,#9095,#9101));
#9085 = ORIENTED_EDGE('',*,*,#9063,.F.);
#9086 = ORIENTED_EDGE('',*,*,#9087,.F.);
#9087 = EDGE_CURVE('',#9088,#9064,#9090,.T.);
#9088 = VERTEX_POINT('',#9089);
#9089 = CARTESIAN_POINT('',(116.19636790678,-149.5943824536,
    111.90296816252));
#9090 = CIRCLE('',#9091,2.);
#9091 = AXIS2_PLACEMENT_3D('',#9092,#9093,#9094);
#9092 = CARTESIAN_POINT('',(118.19636790678,-149.5943824536,
    111.90296816252));
#9093 = DIRECTION('',(9.933066837783E-30,1.,-5.195843755246E-14));
#9094 = DIRECTION('',(-0.707106781187,3.67401635332E-14,0.707106781187)
  );
#9095 = ORIENTED_EDGE('',*,*,#9096,.F.);
#9096 = EDGE_CURVE('',#8835,#9088,#9097,.T.);
#9097 = LINE('',#9098,#9099);
#9098 = CARTESIAN_POINT('',(116.19636790678,-159.5943824536,
    111.90296816252));
#9099 = VECTOR('',#9100,1.);
#9100 = DIRECTION('',(5.95343464409E-30,1.,-5.373479439186E-14));
#9101 = ORIENTED_EDGE('',*,*,#8874,.T.);
#9102 = CYLINDRICAL_SURFACE('',#9103,2.);
#9103 = AXIS2_PLACEMENT_3D('',#9104,#9105,#9106);
#9104 = CARTESIAN_POINT('',(118.19636790678,-159.5943824536,
    111.90296816252));
#9105 = DIRECTION('',(5.95343464409E-30,1.,-5.373479439186E-14));
#9106 = DIRECTION('',(-0.707106781187,3.799623750015E-14,0.707106781187)
  );
#9107 = ADVANCED_FACE('',(#9108),#9126,.F.);
#9108 = FACE_BOUND('',#9109,.T.);
#9109 = EDGE_LOOP('',(#9110,#9111,#9119,#9125));
#9110 = ORIENTED_EDGE('',*,*,#8851,.F.);
#9111 = ORIENTED_EDGE('',*,*,#9112,.T.);
#9112 = EDGE_CURVE('',#8844,#9113,#9115,.T.);
#9113 = VERTEX_POINT('',#9114);
#9114 = CARTESIAN_POINT('',(116.19636790678,-149.5943824536,
    -272.0970318374));
#9115 = LINE('',#9116,#9117);
#9116 = CARTESIAN_POINT('',(116.19636790678,-159.5943824536,
    -272.0970318374));
#9117 = VECTOR('',#9118,1.);
#9118 = DIRECTION('',(5.95343464409E-30,1.,-5.373479439186E-14));
#9119 = ORIENTED_EDGE('',*,*,#9120,.F.);
#9120 = EDGE_CURVE('',#9088,#9113,#9121,.T.);
#9121 = LINE('',#9122,#9123);
#9122 = CARTESIAN_POINT('',(116.19636790678,-149.5943824537,
    -362.3471362745));
#9123 = VECTOR('',#9124,1.);
#9124 = DIRECTION('',(-1.249000770354E-16,-5.195843755246E-14,-1.));
#9125 = ORIENTED_EDGE('',*,*,#9096,.F.);
#9126 = PLANE('',#9127);
#9127 = AXIS2_PLACEMENT_3D('',#9128,#9129,#9130);
#9128 = CARTESIAN_POINT('',(116.19636790678,-159.5943824536,
    -272.0970318374));
#9129 = DIRECTION('',(-1.,1.266491460312E-29,1.249000770354E-16));
#9130 = DIRECTION('',(1.249000770354E-16,5.335546213084E-14,1.));
#9131 = ADVANCED_FACE('',(#9132),#9157,.T.);
#9132 = FACE_BOUND('',#9133,.T.);
#9133 = EDGE_LOOP('',(#9134,#9142,#9143,#9151));
#9134 = ORIENTED_EDGE('',*,*,#9135,.T.);
#9135 = EDGE_CURVE('',#9136,#1789,#9138,.T.);
#9136 = VERTEX_POINT('',#9137);
#9137 = CARTESIAN_POINT('',(98.196367906788,-152.5943824536,
    111.90296816252));
#9138 = LINE('',#9139,#9140);
#9139 = CARTESIAN_POINT('',(98.196367906788,-152.5943824536,
    111.90296816252));
#9140 = VECTOR('',#9141,1.);
#9141 = DIRECTION('',(-0.707106781187,-0.707106781186,3.666165891025E-14
    ));
#9142 = ORIENTED_EDGE('',*,*,#1788,.T.);
#9143 = ORIENTED_EDGE('',*,*,#9144,.T.);
#9144 = EDGE_CURVE('',#1791,#9145,#9147,.T.);
#9145 = VERTEX_POINT('',#9146);
#9146 = CARTESIAN_POINT('',(98.196367906788,-152.5943824536,
    -272.0970318374));
#9147 = LINE('',#9148,#9149);
#9148 = CARTESIAN_POINT('',(97.196367906788,-153.5943824536,
    -272.0970318374));
#9149 = VECTOR('',#9150,1.);
#9150 = DIRECTION('',(0.707106781187,0.707106781186,-4.294202874498E-14)
  );
#9151 = ORIENTED_EDGE('',*,*,#9152,.T.);
#9152 = EDGE_CURVE('',#9145,#9136,#9153,.T.);
#9153 = LINE('',#9154,#9155);
#9154 = CARTESIAN_POINT('',(98.196367906788,-152.5943824537,
    -356.3221924147));
#9155 = VECTOR('',#9156,1.);
#9156 = DIRECTION('',(1.249000770354E-16,5.200354036283E-14,1.));
#9157 = PLANE('',#9158);
#9158 = AXIS2_PLACEMENT_3D('',#9159,#9160,#9161);
#9159 = CARTESIAN_POINT('',(97.696367906788,-153.0943824537,
    -356.3221924147));
#9160 = DIRECTION('',(0.707106781186,-0.707106781187,3.668373834485E-14)
  );
#9161 = DIRECTION('',(-0.707106781187,-0.707106781186,3.666165891025E-14
    ));
#9162 = ADVANCED_FACE('',(#9163),#9182,.F.);
#9163 = FACE_BOUND('',#9164,.F.);
#9164 = EDGE_LOOP('',(#9165,#9166,#9174,#9181));
#9165 = ORIENTED_EDGE('',*,*,#1798,.F.);
#9166 = ORIENTED_EDGE('',*,*,#9167,.F.);
#9167 = EDGE_CURVE('',#9168,#1799,#9170,.T.);
#9168 = VERTEX_POINT('',#9169);
#9169 = CARTESIAN_POINT('',(100.19636790678,-152.5943824536,
    113.90296816252));
#9170 = LINE('',#9171,#9172);
#9171 = CARTESIAN_POINT('',(100.19636790678,-152.5943824536,
    113.90296816252));
#9172 = VECTOR('',#9173,1.);
#9173 = DIRECTION('',(7.065416064075E-16,-0.707106781187,0.707106781186)
  );
#9174 = ORIENTED_EDGE('',*,*,#9175,.F.);
#9175 = EDGE_CURVE('',#9136,#9168,#9176,.T.);
#9176 = CIRCLE('',#9177,2.);
#9177 = AXIS2_PLACEMENT_3D('',#9178,#9179,#9180);
#9178 = CARTESIAN_POINT('',(100.19636790678,-152.5943824536,
    111.90296816252));
#9179 = DIRECTION('',(-1.282767898861E-29,1.,-5.200354036283E-14));
#9180 = DIRECTION('',(-0.707106781187,3.677205603627E-14,0.707106781187)
  );
#9181 = ORIENTED_EDGE('',*,*,#9135,.T.);
#9182 = CONICAL_SURFACE('',#9183,2.5,0.785398163397);
#9183 = AXIS2_PLACEMENT_3D('',#9184,#9185,#9186);
#9184 = CARTESIAN_POINT('',(100.19636790678,-153.0943824536,
    111.90296816252));
#9185 = DIRECTION('',(-5.756219417785E-30,-1.,5.195843755246E-14));
#9186 = DIRECTION('',(-0.707106781187,3.67401635332E-14,0.707106781187)
  );
#9187 = ADVANCED_FACE('',(#9188),#9206,.T.);
#9188 = FACE_BOUND('',#9189,.T.);
#9189 = EDGE_LOOP('',(#9190,#9198,#9199,#9200));
#9190 = ORIENTED_EDGE('',*,*,#9191,.T.);
#9191 = EDGE_CURVE('',#9192,#1808,#9194,.T.);
#9192 = VERTEX_POINT('',#9193);
#9193 = CARTESIAN_POINT('',(104.19636790678,-152.5943824536,
    113.90296816252));
#9194 = LINE('',#9195,#9196);
#9195 = CARTESIAN_POINT('',(104.19636790678,-152.5943824536,
    113.90296816252));
#9196 = VECTOR('',#9197,1.);
#9197 = DIRECTION('',(1.491587835751E-15,-0.707106781186,0.707106781187)
  );
#9198 = ORIENTED_EDGE('',*,*,#1807,.T.);
#9199 = ORIENTED_EDGE('',*,*,#9167,.F.);
#9200 = ORIENTED_EDGE('',*,*,#9201,.T.);
#9201 = EDGE_CURVE('',#9168,#9192,#9202,.T.);
#9202 = LINE('',#9203,#9204);
#9203 = CARTESIAN_POINT('',(186.44657543043,-152.5943824536,
    113.90296816252));
#9204 = VECTOR('',#9205,1.);
#9205 = DIRECTION('',(1.,1.202550606141E-29,-1.249000770354E-16));
#9206 = PLANE('',#9207);
#9207 = AXIS2_PLACEMENT_3D('',#9208,#9209,#9210);
#9208 = CARTESIAN_POINT('',(186.44657543043,-153.0943824536,
    114.40296816252));
#9209 = DIRECTION('',(-8.831769144242E-17,-0.707106781187,
    -0.707106781186));
#9210 = DIRECTION('',(-1.,2.359223794977E-16,-1.110223024625E-16));
#9211 = ADVANCED_FACE('',(#9212),#9231,.F.);
#9212 = FACE_BOUND('',#9213,.F.);
#9213 = EDGE_LOOP('',(#9214,#9215,#9223,#9230));
#9214 = ORIENTED_EDGE('',*,*,#1815,.F.);
#9215 = ORIENTED_EDGE('',*,*,#9216,.F.);
#9216 = EDGE_CURVE('',#9217,#1816,#9219,.T.);
#9217 = VERTEX_POINT('',#9218);
#9218 = CARTESIAN_POINT('',(106.19636790678,-152.5943824536,
    111.90296816252));
#9219 = LINE('',#9220,#9221);
#9220 = CARTESIAN_POINT('',(106.19636790678,-152.5943824536,
    111.90296816252));
#9221 = VECTOR('',#9222,1.);
#9222 = DIRECTION('',(0.707106781186,-0.707106781187,3.681866815615E-14)
  );
#9223 = ORIENTED_EDGE('',*,*,#9224,.F.);
#9224 = EDGE_CURVE('',#9192,#9217,#9225,.T.);
#9225 = CIRCLE('',#9226,2.);
#9226 = AXIS2_PLACEMENT_3D('',#9227,#9228,#9229);
#9227 = CARTESIAN_POINT('',(104.19636790678,-152.5943824536,
    111.90296816252));
#9228 = DIRECTION('',(-1.394141465986E-29,1.,-5.200354036283E-14));
#9229 = DIRECTION('',(0.707106781187,3.677205603627E-14,0.707106781187)
  );
#9230 = ORIENTED_EDGE('',*,*,#9191,.T.);
#9231 = CONICAL_SURFACE('',#9232,2.5,0.785398163397);
#9232 = AXIS2_PLACEMENT_3D('',#9233,#9234,#9235);
#9233 = CARTESIAN_POINT('',(104.19636790678,-153.0943824536,
    111.90296816252));
#9234 = DIRECTION('',(-5.756219417785E-30,-1.,5.195843755246E-14));
#9235 = DIRECTION('',(0.707106781187,3.67401635332E-14,0.707106781187));
#9236 = ADVANCED_FACE('',(#9237),#9255,.T.);
#9237 = FACE_BOUND('',#9238,.T.);
#9238 = EDGE_LOOP('',(#9239,#9247,#9248,#9249));
#9239 = ORIENTED_EDGE('',*,*,#9240,.T.);
#9240 = EDGE_CURVE('',#9241,#1825,#9243,.T.);
#9241 = VERTEX_POINT('',#9242);
#9242 = CARTESIAN_POINT('',(106.19636790678,-152.5943824536,
    -272.0970318374));
#9243 = LINE('',#9244,#9245);
#9244 = CARTESIAN_POINT('',(106.19636790678,-152.5943824536,
    -272.0970318374));
#9245 = VECTOR('',#9246,1.);
#9246 = DIRECTION('',(0.707106781187,-0.707106781186,3.681866815611E-14)
  );
#9247 = ORIENTED_EDGE('',*,*,#1824,.T.);
#9248 = ORIENTED_EDGE('',*,*,#9216,.F.);
#9249 = ORIENTED_EDGE('',*,*,#9250,.T.);
#9250 = EDGE_CURVE('',#9217,#9241,#9251,.T.);
#9251 = LINE('',#9252,#9253);
#9252 = CARTESIAN_POINT('',(106.19636790678,-152.5943824536,
    -159.3221924147));
#9253 = VECTOR('',#9254,1.);
#9254 = DIRECTION('',(-1.249000770354E-16,-5.200354036283E-14,-1.));
#9255 = PLANE('',#9256);
#9256 = AXIS2_PLACEMENT_3D('',#9257,#9258,#9259);
#9257 = CARTESIAN_POINT('',(106.69636790678,-153.0943824536,
    -159.3221924147));
#9258 = DIRECTION('',(-0.707106781186,-0.707106781187,3.686037372773E-14
    ));
#9259 = DIRECTION('',(-0.707106781187,0.707106781186,-3.681866815611E-14
    ));
#9260 = ADVANCED_FACE('',(#9261),#9280,.F.);
#9261 = FACE_BOUND('',#9262,.F.);
#9262 = EDGE_LOOP('',(#9263,#9272,#9273,#9274));
#9263 = ORIENTED_EDGE('',*,*,#9264,.F.);
#9264 = EDGE_CURVE('',#9241,#9265,#9267,.T.);
#9265 = VERTEX_POINT('',#9266);
#9266 = CARTESIAN_POINT('',(104.19636790678,-152.5943824536,
    -274.0970318374));
#9267 = CIRCLE('',#9268,2.);
#9268 = AXIS2_PLACEMENT_3D('',#9269,#9270,#9271);
#9269 = CARTESIAN_POINT('',(104.19636790678,-152.5943824536,
    -272.0970318374));
#9270 = DIRECTION('',(-1.852075225885E-29,1.,-5.200354036283E-14));
#9271 = DIRECTION('',(-1.249000770354E-16,-5.200354036283E-14,-1.));
#9272 = ORIENTED_EDGE('',*,*,#9240,.T.);
#9273 = ORIENTED_EDGE('',*,*,#1832,.F.);
#9274 = ORIENTED_EDGE('',*,*,#9275,.F.);
#9275 = EDGE_CURVE('',#9265,#1833,#9276,.T.);
#9276 = LINE('',#9277,#9278);
#9277 = CARTESIAN_POINT('',(104.19636790678,-152.5943824536,
    -274.0970318374));
#9278 = VECTOR('',#9279,1.);
#9279 = DIRECTION('',(7.850462293421E-17,-0.707106781186,-0.707106781187
    ));
#9280 = CONICAL_SURFACE('',#9281,2.5,0.785398163398);
#9281 = AXIS2_PLACEMENT_3D('',#9282,#9283,#9284);
#9282 = CARTESIAN_POINT('',(104.19636790678,-153.0943824536,
    -272.0970318374));
#9283 = DIRECTION('',(-5.756219417785E-30,-1.,5.195843755246E-14));
#9284 = DIRECTION('',(-1.249000770354E-16,-5.195843755246E-14,-1.));
#9285 = ADVANCED_FACE('',(#9286),#9304,.T.);
#9286 = FACE_BOUND('',#9287,.T.);
#9287 = EDGE_LOOP('',(#9288,#9296,#9297,#9298));
#9288 = ORIENTED_EDGE('',*,*,#9289,.T.);
#9289 = EDGE_CURVE('',#9290,#1842,#9292,.T.);
#9290 = VERTEX_POINT('',#9291);
#9291 = CARTESIAN_POINT('',(100.19636790678,-152.5943824536,
    -274.0970318374));
#9292 = LINE('',#9293,#9294);
#9293 = CARTESIAN_POINT('',(100.19636790678,-152.5943824536,
    -274.0970318374));
#9294 = VECTOR('',#9295,1.);
#9295 = DIRECTION('',(7.850462293423E-17,-0.707106781186,-0.707106781187
    ));
#9296 = ORIENTED_EDGE('',*,*,#1841,.T.);
#9297 = ORIENTED_EDGE('',*,*,#9275,.F.);
#9298 = ORIENTED_EDGE('',*,*,#9299,.T.);
#9299 = EDGE_CURVE('',#9265,#9290,#9300,.T.);
#9300 = LINE('',#9301,#9302);
#9301 = CARTESIAN_POINT('',(188.44657543043,-152.5943824536,
    -274.0970318374));
#9302 = VECTOR('',#9303,1.);
#9303 = DIRECTION('',(-1.,-1.202550606142E-29,1.249000770353E-16));
#9304 = PLANE('',#9305);
#9305 = AXIS2_PLACEMENT_3D('',#9306,#9307,#9308);
#9306 = CARTESIAN_POINT('',(188.44657543043,-153.0943824536,
    -274.5970318374));
#9307 = DIRECTION('',(8.831769144236E-17,-0.707106781187,0.707106781186)
  );
#9308 = DIRECTION('',(-1.,-2.359223794976E-16,-1.110223024625E-16));
#9309 = ADVANCED_FACE('',(#9310),#9322,.F.);
#9310 = FACE_BOUND('',#9311,.F.);
#9311 = EDGE_LOOP('',(#9312,#9319,#9320,#9321));
#9312 = ORIENTED_EDGE('',*,*,#9313,.F.);
#9313 = EDGE_CURVE('',#9290,#9145,#9314,.T.);
#9314 = CIRCLE('',#9315,2.);
#9315 = AXIS2_PLACEMENT_3D('',#9316,#9317,#9318);
#9316 = CARTESIAN_POINT('',(100.19636790678,-152.5943824536,
    -272.0970318374));
#9317 = DIRECTION('',(-1.852075225885E-29,1.,-5.200354036283E-14));
#9318 = DIRECTION('',(-1.,-1.859562397992E-27,-3.540223671097E-14));
#9319 = ORIENTED_EDGE('',*,*,#9289,.T.);
#9320 = ORIENTED_EDGE('',*,*,#1849,.F.);
#9321 = ORIENTED_EDGE('',*,*,#9144,.T.);
#9322 = CONICAL_SURFACE('',#9323,2.5,0.785398163398);
#9323 = AXIS2_PLACEMENT_3D('',#9324,#9325,#9326);
#9324 = CARTESIAN_POINT('',(100.19636790678,-153.0943824536,
    -272.0970318374));
#9325 = DIRECTION('',(-5.756219417785E-30,-1.,5.195843755246E-14));
#9326 = DIRECTION('',(-1.,-1.833688685946E-27,-3.540223671097E-14));
#9327 = ADVANCED_FACE('',(#9328),#9354,.F.);
#9328 = FACE_BOUND('',#9329,.F.);
#9329 = EDGE_LOOP('',(#9330,#9338,#9347,#9353));
#9330 = ORIENTED_EDGE('',*,*,#9331,.F.);
#9331 = EDGE_CURVE('',#9332,#9217,#9334,.T.);
#9332 = VERTEX_POINT('',#9333);
#9333 = CARTESIAN_POINT('',(106.19636790678,-149.5943824536,
    111.90296816252));
#9334 = LINE('',#9335,#9336);
#9335 = CARTESIAN_POINT('',(106.19636790678,-159.5943824536,
    111.90296816252));
#9336 = VECTOR('',#9337,1.);
#9337 = DIRECTION('',(-5.95343464409E-30,-1.,5.373479439186E-14));
#9338 = ORIENTED_EDGE('',*,*,#9339,.F.);
#9339 = EDGE_CURVE('',#9340,#9332,#9342,.T.);
#9340 = VERTEX_POINT('',#9341);
#9341 = CARTESIAN_POINT('',(104.19636790678,-149.5943824536,
    113.90296816252));
#9342 = CIRCLE('',#9343,2.);
#9343 = AXIS2_PLACEMENT_3D('',#9344,#9345,#9346);
#9344 = CARTESIAN_POINT('',(104.19636790678,-149.5943824536,
    111.90296816252));
#9345 = DIRECTION('',(7.691219121479E-30,1.,-5.195843755246E-14));
#9346 = DIRECTION('',(0.707106781187,3.67401635332E-14,0.707106781187));
#9347 = ORIENTED_EDGE('',*,*,#9348,.F.);
#9348 = EDGE_CURVE('',#9192,#9340,#9349,.T.);
#9349 = LINE('',#9350,#9351);
#9350 = CARTESIAN_POINT('',(104.19636790678,-159.5943824536,
    113.90296816252));
#9351 = VECTOR('',#9352,1.);
#9352 = DIRECTION('',(5.95343464409E-30,1.,-5.373479439186E-14));
#9353 = ORIENTED_EDGE('',*,*,#9224,.T.);
#9354 = CYLINDRICAL_SURFACE('',#9355,2.);
#9355 = AXIS2_PLACEMENT_3D('',#9356,#9357,#9358);
#9356 = CARTESIAN_POINT('',(104.19636790678,-159.5943824536,
    111.90296816252));
#9357 = DIRECTION('',(5.95343464409E-30,1.,-5.373479439186E-14));
#9358 = DIRECTION('',(0.707106781187,3.799623750015E-14,0.707106781187)
  );
#9359 = ADVANCED_FACE('',(#9360),#9378,.F.);
#9360 = FACE_BOUND('',#9361,.T.);
#9361 = EDGE_LOOP('',(#9362,#9363,#9371,#9377));
#9362 = ORIENTED_EDGE('',*,*,#9201,.F.);
#9363 = ORIENTED_EDGE('',*,*,#9364,.F.);
#9364 = EDGE_CURVE('',#9365,#9168,#9367,.T.);
#9365 = VERTEX_POINT('',#9366);
#9366 = CARTESIAN_POINT('',(100.19636790678,-149.5943824536,
    113.90296816252));
#9367 = LINE('',#9368,#9369);
#9368 = CARTESIAN_POINT('',(100.19636790678,-159.5943824536,
    113.90296816252));
#9369 = VECTOR('',#9370,1.);
#9370 = DIRECTION('',(-5.95343464409E-30,-1.,5.373479439186E-14));
#9371 = ORIENTED_EDGE('',*,*,#9372,.F.);
#9372 = EDGE_CURVE('',#9340,#9365,#9373,.T.);
#9373 = LINE('',#9374,#9375);
#9374 = CARTESIAN_POINT('',(82.965459743714,-149.5943824536,
    113.90296816252));
#9375 = VECTOR('',#9376,1.);
#9376 = DIRECTION('',(-1.,1.223658792014E-29,1.249000770354E-16));
#9377 = ORIENTED_EDGE('',*,*,#9348,.F.);
#9378 = PLANE('',#9379);
#9379 = AXIS2_PLACEMENT_3D('',#9380,#9381,#9382);
#9380 = CARTESIAN_POINT('',(100.19636790678,-159.5943824536,
    113.90296816252));
#9381 = DIRECTION('',(1.249000770354E-16,5.373479439186E-14,1.));
#9382 = DIRECTION('',(1.,-1.218728411356E-29,-1.249000770354E-16));
#9383 = ADVANCED_FACE('',(#9384),#9403,.F.);
#9384 = FACE_BOUND('',#9385,.F.);
#9385 = EDGE_LOOP('',(#9386,#9387,#9396,#9402));
#9386 = ORIENTED_EDGE('',*,*,#9364,.F.);
#9387 = ORIENTED_EDGE('',*,*,#9388,.F.);
#9388 = EDGE_CURVE('',#9389,#9365,#9391,.T.);
#9389 = VERTEX_POINT('',#9390);
#9390 = CARTESIAN_POINT('',(98.196367906788,-149.5943824536,
    111.90296816252));
#9391 = CIRCLE('',#9392,2.);
#9392 = AXIS2_PLACEMENT_3D('',#9393,#9394,#9395);
#9393 = CARTESIAN_POINT('',(100.19636790678,-149.5943824536,
    111.90296816252));
#9394 = DIRECTION('',(9.933066837783E-30,1.,-5.195843755246E-14));
#9395 = DIRECTION('',(-0.707106781187,3.67401635332E-14,0.707106781187)
  );
#9396 = ORIENTED_EDGE('',*,*,#9397,.F.);
#9397 = EDGE_CURVE('',#9136,#9389,#9398,.T.);
#9398 = LINE('',#9399,#9400);
#9399 = CARTESIAN_POINT('',(98.196367906788,-159.5943824536,
    111.90296816252));
#9400 = VECTOR('',#9401,1.);
#9401 = DIRECTION('',(5.95343464409E-30,1.,-5.373479439186E-14));
#9402 = ORIENTED_EDGE('',*,*,#9175,.T.);
#9403 = CYLINDRICAL_SURFACE('',#9404,2.);
#9404 = AXIS2_PLACEMENT_3D('',#9405,#9406,#9407);
#9405 = CARTESIAN_POINT('',(100.19636790678,-159.5943824536,
    111.90296816252));
#9406 = DIRECTION('',(5.95343464409E-30,1.,-5.373479439186E-14));
#9407 = DIRECTION('',(-0.707106781187,3.799623750015E-14,0.707106781187)
  );
#9408 = ADVANCED_FACE('',(#9409),#9427,.F.);
#9409 = FACE_BOUND('',#9410,.T.);
#9410 = EDGE_LOOP('',(#9411,#9412,#9420,#9426));
#9411 = ORIENTED_EDGE('',*,*,#9152,.F.);
#9412 = ORIENTED_EDGE('',*,*,#9413,.T.);
#9413 = EDGE_CURVE('',#9145,#9414,#9416,.T.);
#9414 = VERTEX_POINT('',#9415);
#9415 = CARTESIAN_POINT('',(98.196367906788,-149.5943824536,
    -272.0970318374));
#9416 = LINE('',#9417,#9418);
#9417 = CARTESIAN_POINT('',(98.196367906788,-159.5943824536,
    -272.0970318374));
#9418 = VECTOR('',#9419,1.);
#9419 = DIRECTION('',(5.95343464409E-30,1.,-5.373479439186E-14));
#9420 = ORIENTED_EDGE('',*,*,#9421,.F.);
#9421 = EDGE_CURVE('',#9389,#9414,#9422,.T.);
#9422 = LINE('',#9423,#9424);
#9423 = CARTESIAN_POINT('',(98.196367906788,-149.5943824537,
    -362.3471362745));
#9424 = VECTOR('',#9425,1.);
#9425 = DIRECTION('',(-1.249000770354E-16,-5.195843755246E-14,-1.));
#9426 = ORIENTED_EDGE('',*,*,#9397,.F.);
#9427 = PLANE('',#9428);
#9428 = AXIS2_PLACEMENT_3D('',#9429,#9430,#9431);
#9429 = CARTESIAN_POINT('',(98.196367906788,-159.5943824536,
    -272.0970318374));
#9430 = DIRECTION('',(-1.,1.266491460312E-29,1.249000770354E-16));
#9431 = DIRECTION('',(1.249000770354E-16,5.335546213084E-14,1.));
#9432 = ADVANCED_FACE('',(#9433),#9458,.T.);
#9433 = FACE_BOUND('',#9434,.T.);
#9434 = EDGE_LOOP('',(#9435,#9443,#9444,#9452));
#9435 = ORIENTED_EDGE('',*,*,#9436,.T.);
#9436 = EDGE_CURVE('',#9437,#881,#9439,.T.);
#9437 = VERTEX_POINT('',#9438);
#9438 = CARTESIAN_POINT('',(80.196367906789,-152.5943824536,
    111.90296816252));
#9439 = LINE('',#9440,#9441);
#9440 = CARTESIAN_POINT('',(80.196367906789,-152.5943824536,
    111.90296816252));
#9441 = VECTOR('',#9442,1.);
#9442 = DIRECTION('',(-0.707106781187,-0.707106781186,3.666165891025E-14
    ));
#9443 = ORIENTED_EDGE('',*,*,#880,.T.);
#9444 = ORIENTED_EDGE('',*,*,#9445,.T.);
#9445 = EDGE_CURVE('',#883,#9446,#9448,.T.);
#9446 = VERTEX_POINT('',#9447);
#9447 = CARTESIAN_POINT('',(80.196367906788,-152.5943824536,
    -272.0970318374));
#9448 = LINE('',#9449,#9450);
#9449 = CARTESIAN_POINT('',(79.196367906788,-153.5943824536,
    -272.0970318374));
#9450 = VECTOR('',#9451,1.);
#9451 = DIRECTION('',(0.707106781187,0.707106781186,-3.038128907551E-14)
  );
#9452 = ORIENTED_EDGE('',*,*,#9453,.T.);
#9453 = EDGE_CURVE('',#9446,#9437,#9454,.T.);
#9454 = LINE('',#9455,#9456);
#9455 = CARTESIAN_POINT('',(80.196367906788,-152.5943824537,
    -356.3221924147));
#9456 = VECTOR('',#9457,1.);
#9457 = DIRECTION('',(1.249000770354E-16,5.200354036283E-14,1.));
#9458 = PLANE('',#9459);
#9459 = AXIS2_PLACEMENT_3D('',#9460,#9461,#9462);
#9460 = CARTESIAN_POINT('',(79.696367906788,-153.0943824537,
    -356.3221924147));
#9461 = DIRECTION('',(0.707106781186,-0.707106781187,3.668373834485E-14)
  );
#9462 = DIRECTION('',(-0.707106781187,-0.707106781186,3.666165891025E-14
    ));
#9463 = ADVANCED_FACE('',(#9464),#9483,.F.);
#9464 = FACE_BOUND('',#9465,.F.);
#9465 = EDGE_LOOP('',(#9466,#9467,#9475,#9482));
#9466 = ORIENTED_EDGE('',*,*,#890,.F.);
#9467 = ORIENTED_EDGE('',*,*,#9468,.F.);
#9468 = EDGE_CURVE('',#9469,#891,#9471,.T.);
#9469 = VERTEX_POINT('',#9470);
#9470 = CARTESIAN_POINT('',(82.196367906788,-152.5943824536,
    113.90296816252));
#9471 = LINE('',#9472,#9473);
#9472 = CARTESIAN_POINT('',(82.196367906788,-152.5943824536,
    113.90296816252));
#9473 = VECTOR('',#9474,1.);
#9474 = DIRECTION('',(-7.850462293417E-17,-0.707106781187,0.707106781186
    ));
#9475 = ORIENTED_EDGE('',*,*,#9476,.F.);
#9476 = EDGE_CURVE('',#9437,#9469,#9477,.T.);
#9477 = CIRCLE('',#9478,2.);
#9478 = AXIS2_PLACEMENT_3D('',#9479,#9480,#9481);
#9479 = CARTESIAN_POINT('',(82.196367906788,-152.5943824536,
    111.90296816252));
#9480 = DIRECTION('',(-1.575848400721E-29,1.,-5.200354036283E-14));
#9481 = DIRECTION('',(-0.707106781187,3.677205603627E-14,0.707106781187)
  );
#9482 = ORIENTED_EDGE('',*,*,#9436,.T.);
#9483 = CONICAL_SURFACE('',#9484,2.5,0.785398163397);
#9484 = AXIS2_PLACEMENT_3D('',#9485,#9486,#9487);
#9485 = CARTESIAN_POINT('',(82.196367906788,-153.0943824536,
    111.90296816252));
#9486 = DIRECTION('',(-5.756219417785E-30,-1.,5.195843755246E-14));
#9487 = DIRECTION('',(-0.707106781187,3.67401635332E-14,0.707106781187)
  );
#9488 = ADVANCED_FACE('',(#9489),#9507,.T.);
#9489 = FACE_BOUND('',#9490,.T.);
#9490 = EDGE_LOOP('',(#9491,#9499,#9500,#9501));
#9491 = ORIENTED_EDGE('',*,*,#9492,.T.);
#9492 = EDGE_CURVE('',#9493,#900,#9495,.T.);
#9493 = VERTEX_POINT('',#9494);
#9494 = CARTESIAN_POINT('',(86.196367906789,-152.5943824536,
    113.90296816252));
#9495 = LINE('',#9496,#9497);
#9496 = CARTESIAN_POINT('',(86.196367906789,-152.5943824536,
    113.90296816252));
#9497 = VECTOR('',#9498,1.);
#9498 = DIRECTION('',(1.491587835751E-15,-0.707106781186,0.707106781187)
  );
#9499 = ORIENTED_EDGE('',*,*,#899,.T.);
#9500 = ORIENTED_EDGE('',*,*,#9468,.F.);
#9501 = ORIENTED_EDGE('',*,*,#9502,.T.);
#9502 = EDGE_CURVE('',#9469,#9493,#9503,.T.);
#9503 = LINE('',#9504,#9505);
#9504 = CARTESIAN_POINT('',(177.44657543043,-152.5943824536,
    113.90296816252));
#9505 = VECTOR('',#9506,1.);
#9506 = DIRECTION('',(1.,1.202550606141E-29,-1.249000770354E-16));
#9507 = PLANE('',#9508);
#9508 = AXIS2_PLACEMENT_3D('',#9509,#9510,#9511);
#9509 = CARTESIAN_POINT('',(177.44657543043,-153.0943824536,
    114.40296816252));
#9510 = DIRECTION('',(-8.831769144242E-17,-0.707106781187,
    -0.707106781186));
#9511 = DIRECTION('',(-1.,2.359223794977E-16,-1.110223024625E-16));
#9512 = ADVANCED_FACE('',(#9513),#9532,.F.);
#9513 = FACE_BOUND('',#9514,.F.);
#9514 = EDGE_LOOP('',(#9515,#9516,#9524,#9531));
#9515 = ORIENTED_EDGE('',*,*,#907,.F.);
#9516 = ORIENTED_EDGE('',*,*,#9517,.F.);
#9517 = EDGE_CURVE('',#9518,#908,#9520,.T.);
#9518 = VERTEX_POINT('',#9519);
#9519 = CARTESIAN_POINT('',(88.196367906789,-152.5943824536,
    111.90296816252));
#9520 = LINE('',#9521,#9522);
#9521 = CARTESIAN_POINT('',(88.196367906789,-152.5943824536,
    111.90296816252));
#9522 = VECTOR('',#9523,1.);
#9523 = DIRECTION('',(0.707106781186,-0.707106781187,3.681866815615E-14)
  );
#9524 = ORIENTED_EDGE('',*,*,#9525,.F.);
#9525 = EDGE_CURVE('',#9493,#9518,#9526,.T.);
#9526 = CIRCLE('',#9527,2.);
#9527 = AXIS2_PLACEMENT_3D('',#9528,#9529,#9530);
#9528 = CARTESIAN_POINT('',(86.196367906789,-152.5943824536,
    111.90296816252));
#9529 = DIRECTION('',(-2.178396804699E-29,1.,-5.200354036283E-14));
#9530 = DIRECTION('',(0.707106781187,3.677205603627E-14,0.707106781187)
  );
#9531 = ORIENTED_EDGE('',*,*,#9492,.T.);
#9532 = CONICAL_SURFACE('',#9533,2.5,0.785398163397);
#9533 = AXIS2_PLACEMENT_3D('',#9534,#9535,#9536);
#9534 = CARTESIAN_POINT('',(86.196367906789,-153.0943824536,
    111.90296816252));
#9535 = DIRECTION('',(-5.756219417785E-30,-1.,5.195843755246E-14));
#9536 = DIRECTION('',(0.707106781187,3.67401635332E-14,0.707106781187));
#9537 = ADVANCED_FACE('',(#9538),#9556,.T.);
#9538 = FACE_BOUND('',#9539,.T.);
#9539 = EDGE_LOOP('',(#9540,#9548,#9549,#9550));
#9540 = ORIENTED_EDGE('',*,*,#9541,.T.);
#9541 = EDGE_CURVE('',#9542,#917,#9544,.T.);
#9542 = VERTEX_POINT('',#9543);
#9543 = CARTESIAN_POINT('',(88.196367906788,-152.5943824536,
    -272.0970318374));
#9544 = LINE('',#9545,#9546);
#9545 = CARTESIAN_POINT('',(88.196367906788,-152.5943824536,
    -272.0970318374));
#9546 = VECTOR('',#9547,1.);
#9547 = DIRECTION('',(0.707106781187,-0.707106781186,3.681866815611E-14)
  );
#9548 = ORIENTED_EDGE('',*,*,#916,.T.);
#9549 = ORIENTED_EDGE('',*,*,#9517,.F.);
#9550 = ORIENTED_EDGE('',*,*,#9551,.T.);
#9551 = EDGE_CURVE('',#9518,#9542,#9552,.T.);
#9552 = LINE('',#9553,#9554);
#9553 = CARTESIAN_POINT('',(88.196367906788,-152.5943824536,
    -159.3221924147));
#9554 = VECTOR('',#9555,1.);
#9555 = DIRECTION('',(-1.249000770354E-16,-5.200354036283E-14,-1.));
#9556 = PLANE('',#9557);
#9557 = AXIS2_PLACEMENT_3D('',#9558,#9559,#9560);
#9558 = CARTESIAN_POINT('',(88.696367906788,-153.0943824536,
    -159.3221924147));
#9559 = DIRECTION('',(-0.707106781186,-0.707106781187,3.686037372773E-14
    ));
#9560 = DIRECTION('',(-0.707106781187,0.707106781186,-3.681866815611E-14
    ));
#9561 = ADVANCED_FACE('',(#9562),#9581,.F.);
#9562 = FACE_BOUND('',#9563,.F.);
#9563 = EDGE_LOOP('',(#9564,#9573,#9574,#9575));
#9564 = ORIENTED_EDGE('',*,*,#9565,.F.);
#9565 = EDGE_CURVE('',#9542,#9566,#9568,.T.);
#9566 = VERTEX_POINT('',#9567);
#9567 = CARTESIAN_POINT('',(86.196367906788,-152.5943824536,
    -274.0970318374));
#9568 = CIRCLE('',#9569,2.);
#9569 = AXIS2_PLACEMENT_3D('',#9570,#9571,#9572);
#9570 = CARTESIAN_POINT('',(86.196367906788,-152.5943824536,
    -272.0970318374));
#9571 = DIRECTION('',(-1.852075225885E-29,1.,-5.200354036283E-14));
#9572 = DIRECTION('',(-1.249000770354E-16,-5.200354036283E-14,-1.));
#9573 = ORIENTED_EDGE('',*,*,#9541,.T.);
#9574 = ORIENTED_EDGE('',*,*,#924,.F.);
#9575 = ORIENTED_EDGE('',*,*,#9576,.F.);
#9576 = EDGE_CURVE('',#9566,#925,#9577,.T.);
#9577 = LINE('',#9578,#9579);
#9578 = CARTESIAN_POINT('',(86.196367906788,-152.5943824536,
    -274.0970318374));
#9579 = VECTOR('',#9580,1.);
#9580 = DIRECTION('',(7.850462293421E-17,-0.707106781186,-0.707106781187
    ));
#9581 = CONICAL_SURFACE('',#9582,2.5,0.785398163398);
#9582 = AXIS2_PLACEMENT_3D('',#9583,#9584,#9585);
#9583 = CARTESIAN_POINT('',(86.196367906788,-153.0943824536,
    -272.0970318374));
#9584 = DIRECTION('',(-5.756219417785E-30,-1.,5.195843755246E-14));
#9585 = DIRECTION('',(-1.249000770354E-16,-5.195843755246E-14,-1.));
#9586 = ADVANCED_FACE('',(#9587),#9605,.T.);
#9587 = FACE_BOUND('',#9588,.T.);
#9588 = EDGE_LOOP('',(#9589,#9597,#9598,#9599));
#9589 = ORIENTED_EDGE('',*,*,#9590,.T.);
#9590 = EDGE_CURVE('',#9591,#934,#9593,.T.);
#9591 = VERTEX_POINT('',#9592);
#9592 = CARTESIAN_POINT('',(82.196367906788,-152.5943824536,
    -274.0970318374));
#9593 = LINE('',#9594,#9595);
#9594 = CARTESIAN_POINT('',(82.196367906788,-152.5943824536,
    -274.0970318374));
#9595 = VECTOR('',#9596,1.);
#9596 = DIRECTION('',(7.850462293423E-17,-0.707106781186,-0.707106781187
    ));
#9597 = ORIENTED_EDGE('',*,*,#933,.T.);
#9598 = ORIENTED_EDGE('',*,*,#9576,.F.);
#9599 = ORIENTED_EDGE('',*,*,#9600,.T.);
#9600 = EDGE_CURVE('',#9566,#9591,#9601,.T.);
#9601 = LINE('',#9602,#9603);
#9602 = CARTESIAN_POINT('',(179.44657543043,-152.5943824536,
    -274.0970318374));
#9603 = VECTOR('',#9604,1.);
#9604 = DIRECTION('',(-1.,-1.202550606142E-29,1.249000770353E-16));
#9605 = PLANE('',#9606);
#9606 = AXIS2_PLACEMENT_3D('',#9607,#9608,#9609);
#9607 = CARTESIAN_POINT('',(179.44657543043,-153.0943824536,
    -274.5970318374));
#9608 = DIRECTION('',(8.831769144236E-17,-0.707106781187,0.707106781186)
  );
#9609 = DIRECTION('',(-1.,-2.359223794976E-16,-1.110223024625E-16));
#9610 = ADVANCED_FACE('',(#9611),#9623,.F.);
#9611 = FACE_BOUND('',#9612,.F.);
#9612 = EDGE_LOOP('',(#9613,#9620,#9621,#9622));
#9613 = ORIENTED_EDGE('',*,*,#9614,.F.);
#9614 = EDGE_CURVE('',#9591,#9446,#9615,.T.);
#9615 = CIRCLE('',#9616,2.);
#9616 = AXIS2_PLACEMENT_3D('',#9617,#9618,#9619);
#9617 = CARTESIAN_POINT('',(82.196367906788,-152.5943824536,
    -272.0970318374));
#9618 = DIRECTION('',(-1.852075225885E-29,1.,-5.200354036283E-14));
#9619 = DIRECTION('',(-1.,-1.859562397992E-27,-3.540223671097E-14));
#9620 = ORIENTED_EDGE('',*,*,#9590,.T.);
#9621 = ORIENTED_EDGE('',*,*,#941,.F.);
#9622 = ORIENTED_EDGE('',*,*,#9445,.T.);
#9623 = CONICAL_SURFACE('',#9624,2.5,0.785398163398);
#9624 = AXIS2_PLACEMENT_3D('',#9625,#9626,#9627);
#9625 = CARTESIAN_POINT('',(82.196367906788,-153.0943824536,
    -272.0970318374));
#9626 = DIRECTION('',(-5.756219417785E-30,-1.,5.195843755246E-14));
#9627 = DIRECTION('',(-1.,-1.833688685946E-27,-3.540223671097E-14));
#9628 = ADVANCED_FACE('',(#9629),#9655,.F.);
#9629 = FACE_BOUND('',#9630,.F.);
#9630 = EDGE_LOOP('',(#9631,#9639,#9648,#9654));
#9631 = ORIENTED_EDGE('',*,*,#9632,.F.);
#9632 = EDGE_CURVE('',#9633,#9518,#9635,.T.);
#9633 = VERTEX_POINT('',#9634);
#9634 = CARTESIAN_POINT('',(88.196367906788,-149.5943824536,
    111.90296816252));
#9635 = LINE('',#9636,#9637);
#9636 = CARTESIAN_POINT('',(88.196367906789,-159.5943824536,
    111.90296816252));
#9637 = VECTOR('',#9638,1.);
#9638 = DIRECTION('',(-5.95343464409E-30,-1.,5.373479439186E-14));
#9639 = ORIENTED_EDGE('',*,*,#9640,.F.);
#9640 = EDGE_CURVE('',#9641,#9633,#9643,.T.);
#9641 = VERTEX_POINT('',#9642);
#9642 = CARTESIAN_POINT('',(86.196367906789,-149.5943824536,
    113.90296816252));
#9643 = CIRCLE('',#9644,2.);
#9644 = AXIS2_PLACEMENT_3D('',#9645,#9646,#9647);
#9645 = CARTESIAN_POINT('',(86.196367906789,-149.5943824536,
    111.90296816252));
#9646 = DIRECTION('',(3.804325436758E-30,1.,-5.195843755246E-14));
#9647 = DIRECTION('',(0.707106781187,3.67401635332E-14,0.707106781187));
#9648 = ORIENTED_EDGE('',*,*,#9649,.F.);
#9649 = EDGE_CURVE('',#9493,#9641,#9650,.T.);
#9650 = LINE('',#9651,#9652);
#9651 = CARTESIAN_POINT('',(86.196367906789,-159.5943824536,
    113.90296816252));
#9652 = VECTOR('',#9653,1.);
#9653 = DIRECTION('',(5.95343464409E-30,1.,-5.373479439186E-14));
#9654 = ORIENTED_EDGE('',*,*,#9525,.T.);
#9655 = CYLINDRICAL_SURFACE('',#9656,2.);
#9656 = AXIS2_PLACEMENT_3D('',#9657,#9658,#9659);
#9657 = CARTESIAN_POINT('',(86.196367906789,-159.5943824536,
    111.90296816252));
#9658 = DIRECTION('',(5.95343464409E-30,1.,-5.373479439186E-14));
#9659 = DIRECTION('',(0.707106781187,3.799623750015E-14,0.707106781187)
  );
#9660 = ADVANCED_FACE('',(#9661),#9679,.F.);
#9661 = FACE_BOUND('',#9662,.T.);
#9662 = EDGE_LOOP('',(#9663,#9664,#9672,#9678));
#9663 = ORIENTED_EDGE('',*,*,#9502,.F.);
#9664 = ORIENTED_EDGE('',*,*,#9665,.F.);
#9665 = EDGE_CURVE('',#9666,#9469,#9668,.T.);
#9666 = VERTEX_POINT('',#9667);
#9667 = CARTESIAN_POINT('',(82.196367906788,-149.5943824536,
    113.90296816252));
#9668 = LINE('',#9669,#9670);
#9669 = CARTESIAN_POINT('',(82.196367906788,-159.5943824536,
    113.90296816252));
#9670 = VECTOR('',#9671,1.);
#9671 = DIRECTION('',(-5.95343464409E-30,-1.,5.373479439186E-14));
#9672 = ORIENTED_EDGE('',*,*,#9673,.F.);
#9673 = EDGE_CURVE('',#9641,#9666,#9674,.T.);
#9674 = LINE('',#9675,#9676);
#9675 = CARTESIAN_POINT('',(73.965459743714,-149.5943824536,
    113.90296816252));
#9676 = VECTOR('',#9677,1.);
#9677 = DIRECTION('',(-1.,1.223658792014E-29,1.249000770354E-16));
#9678 = ORIENTED_EDGE('',*,*,#9649,.F.);
#9679 = PLANE('',#9680);
#9680 = AXIS2_PLACEMENT_3D('',#9681,#9682,#9683);
#9681 = CARTESIAN_POINT('',(82.196367906788,-159.5943824536,
    113.90296816252));
#9682 = DIRECTION('',(1.249000770354E-16,5.373479439186E-14,1.));
#9683 = DIRECTION('',(1.,-1.218728411356E-29,-1.249000770354E-16));
#9684 = ADVANCED_FACE('',(#9685),#9704,.F.);
#9685 = FACE_BOUND('',#9686,.F.);
#9686 = EDGE_LOOP('',(#9687,#9688,#9697,#9703));
#9687 = ORIENTED_EDGE('',*,*,#9665,.F.);
#9688 = ORIENTED_EDGE('',*,*,#9689,.F.);
#9689 = EDGE_CURVE('',#9690,#9666,#9692,.T.);
#9690 = VERTEX_POINT('',#9691);
#9691 = CARTESIAN_POINT('',(80.196367906789,-149.5943824536,
    111.90296816252));
#9692 = CIRCLE('',#9693,2.);
#9693 = AXIS2_PLACEMENT_3D('',#9694,#9695,#9696);
#9694 = CARTESIAN_POINT('',(82.196367906788,-149.5943824536,
    111.90296816252));
#9695 = DIRECTION('',(1.38199605225E-29,1.,-5.195843755246E-14));
#9696 = DIRECTION('',(-0.707106781187,3.67401635332E-14,0.707106781187)
  );
#9697 = ORIENTED_EDGE('',*,*,#9698,.F.);
#9698 = EDGE_CURVE('',#9437,#9690,#9699,.T.);
#9699 = LINE('',#9700,#9701);
#9700 = CARTESIAN_POINT('',(80.196367906789,-159.5943824536,
    111.90296816252));
#9701 = VECTOR('',#9702,1.);
#9702 = DIRECTION('',(5.95343464409E-30,1.,-5.373479439186E-14));
#9703 = ORIENTED_EDGE('',*,*,#9476,.T.);
#9704 = CYLINDRICAL_SURFACE('',#9705,2.);
#9705 = AXIS2_PLACEMENT_3D('',#9706,#9707,#9708);
#9706 = CARTESIAN_POINT('',(82.196367906788,-159.5943824536,
    111.90296816252));
#9707 = DIRECTION('',(5.95343464409E-30,1.,-5.373479439186E-14));
#9708 = DIRECTION('',(-0.707106781187,3.799623750015E-14,0.707106781187)
  );
#9709 = ADVANCED_FACE('',(#9710),#9728,.F.);
#9710 = FACE_BOUND('',#9711,.T.);
#9711 = EDGE_LOOP('',(#9712,#9713,#9721,#9727));
#9712 = ORIENTED_EDGE('',*,*,#9453,.F.);
#9713 = ORIENTED_EDGE('',*,*,#9714,.T.);
#9714 = EDGE_CURVE('',#9446,#9715,#9717,.T.);
#9715 = VERTEX_POINT('',#9716);
#9716 = CARTESIAN_POINT('',(80.196367906788,-149.5943824536,
    -272.0970318374));
#9717 = LINE('',#9718,#9719);
#9718 = CARTESIAN_POINT('',(80.196367906788,-159.5943824536,
    -272.0970318374));
#9719 = VECTOR('',#9720,1.);
#9720 = DIRECTION('',(5.95343464409E-30,1.,-5.373479439186E-14));
#9721 = ORIENTED_EDGE('',*,*,#9722,.F.);
#9722 = EDGE_CURVE('',#9690,#9715,#9723,.T.);
#9723 = LINE('',#9724,#9725);
#9724 = CARTESIAN_POINT('',(80.196367906788,-149.5943824537,
    -362.3471362745));
#9725 = VECTOR('',#9726,1.);
#9726 = DIRECTION('',(-1.249000770354E-16,-5.195843755246E-14,-1.));
#9727 = ORIENTED_EDGE('',*,*,#9698,.F.);
#9728 = PLANE('',#9729);
#9729 = AXIS2_PLACEMENT_3D('',#9730,#9731,#9732);
#9730 = CARTESIAN_POINT('',(80.196367906788,-159.5943824536,
    -272.0970318374));
#9731 = DIRECTION('',(-1.,1.266491460312E-29,1.249000770354E-16));
#9732 = DIRECTION('',(1.249000770354E-16,5.335546213084E-14,1.));
#9733 = ADVANCED_FACE('',(#9734),#9759,.T.);
#9734 = FACE_BOUND('',#9735,.T.);
#9735 = EDGE_LOOP('',(#9736,#9744,#9745,#9753));
#9736 = ORIENTED_EDGE('',*,*,#9737,.T.);
#9737 = EDGE_CURVE('',#9738,#1719,#9740,.T.);
#9738 = VERTEX_POINT('',#9739);
#9739 = CARTESIAN_POINT('',(62.196367906788,-152.5943824536,
    111.90296816252));
#9740 = LINE('',#9741,#9742);
#9741 = CARTESIAN_POINT('',(62.196367906788,-152.5943824536,
    111.90296816252));
#9742 = VECTOR('',#9743,1.);
#9743 = DIRECTION('',(-0.707106781187,-0.707106781186,3.666165891025E-14
    ));
#9744 = ORIENTED_EDGE('',*,*,#1718,.T.);
#9745 = ORIENTED_EDGE('',*,*,#9746,.T.);
#9746 = EDGE_CURVE('',#1721,#9747,#9749,.T.);
#9747 = VERTEX_POINT('',#9748);
#9748 = CARTESIAN_POINT('',(62.196367906788,-152.5943824536,
    -272.0970318374));
#9749 = LINE('',#9750,#9751);
#9750 = CARTESIAN_POINT('',(61.196367906788,-153.5943824536,
    -272.0970318374));
#9751 = VECTOR('',#9752,1.);
#9752 = DIRECTION('',(0.707106781187,0.707106781186,-4.294202874498E-14)
  );
#9753 = ORIENTED_EDGE('',*,*,#9754,.T.);
#9754 = EDGE_CURVE('',#9747,#9738,#9755,.T.);
#9755 = LINE('',#9756,#9757);
#9756 = CARTESIAN_POINT('',(62.196367906788,-152.5943824537,
    -356.3221924147));
#9757 = VECTOR('',#9758,1.);
#9758 = DIRECTION('',(1.249000770354E-16,5.200354036283E-14,1.));
#9759 = PLANE('',#9760);
#9760 = AXIS2_PLACEMENT_3D('',#9761,#9762,#9763);
#9761 = CARTESIAN_POINT('',(61.696367906788,-153.0943824537,
    -356.3221924147));
#9762 = DIRECTION('',(0.707106781186,-0.707106781187,3.668373834485E-14)
  );
#9763 = DIRECTION('',(-0.707106781187,-0.707106781186,3.666165891025E-14
    ));
#9764 = ADVANCED_FACE('',(#9765),#9784,.F.);
#9765 = FACE_BOUND('',#9766,.F.);
#9766 = EDGE_LOOP('',(#9767,#9768,#9776,#9783));
#9767 = ORIENTED_EDGE('',*,*,#1728,.F.);
#9768 = ORIENTED_EDGE('',*,*,#9769,.F.);
#9769 = EDGE_CURVE('',#9770,#1729,#9772,.T.);
#9770 = VERTEX_POINT('',#9771);
#9771 = CARTESIAN_POINT('',(64.196367906788,-152.5943824536,
    113.90296816252));
#9772 = LINE('',#9773,#9774);
#9773 = CARTESIAN_POINT('',(64.196367906788,-152.5943824536,
    113.90296816252));
#9774 = VECTOR('',#9775,1.);
#9775 = DIRECTION('',(-7.850462293417E-17,-0.707106781187,0.707106781186
    ));
#9776 = ORIENTED_EDGE('',*,*,#9777,.F.);
#9777 = EDGE_CURVE('',#9738,#9770,#9778,.T.);
#9778 = CIRCLE('',#9779,2.);
#9779 = AXIS2_PLACEMENT_3D('',#9780,#9781,#9782);
#9780 = CARTESIAN_POINT('',(64.196367906788,-152.5943824536,
    111.90296816252));
#9781 = DIRECTION('',(-1.575848400721E-29,1.,-5.200354036283E-14));
#9782 = DIRECTION('',(-0.707106781187,3.677205603627E-14,0.707106781187)
  );
#9783 = ORIENTED_EDGE('',*,*,#9737,.T.);
#9784 = CONICAL_SURFACE('',#9785,2.5,0.785398163397);
#9785 = AXIS2_PLACEMENT_3D('',#9786,#9787,#9788);
#9786 = CARTESIAN_POINT('',(64.196367906788,-153.0943824536,
    111.90296816252));
#9787 = DIRECTION('',(-5.756219417785E-30,-1.,5.195843755246E-14));
#9788 = DIRECTION('',(-0.707106781187,3.67401635332E-14,0.707106781187)
  );
#9789 = ADVANCED_FACE('',(#9790),#9808,.T.);
#9790 = FACE_BOUND('',#9791,.T.);
#9791 = EDGE_LOOP('',(#9792,#9800,#9801,#9802));
#9792 = ORIENTED_EDGE('',*,*,#9793,.T.);
#9793 = EDGE_CURVE('',#9794,#1738,#9796,.T.);
#9794 = VERTEX_POINT('',#9795);
#9795 = CARTESIAN_POINT('',(68.196367906789,-152.5943824536,
    113.90296816252));
#9796 = LINE('',#9797,#9798);
#9797 = CARTESIAN_POINT('',(68.196367906789,-152.5943824536,
    113.90296816252));
#9798 = VECTOR('',#9799,1.);
#9799 = DIRECTION('',(6.201865211805E-15,-0.707106781186,0.707106781187)
  );
#9800 = ORIENTED_EDGE('',*,*,#1737,.T.);
#9801 = ORIENTED_EDGE('',*,*,#9769,.F.);
#9802 = ORIENTED_EDGE('',*,*,#9803,.T.);
#9803 = EDGE_CURVE('',#9770,#9794,#9804,.T.);
#9804 = LINE('',#9805,#9806);
#9805 = CARTESIAN_POINT('',(168.44657543043,-152.5943824536,
    113.90296816252));
#9806 = VECTOR('',#9807,1.);
#9807 = DIRECTION('',(1.,1.202550606141E-29,-1.249000770354E-16));
#9808 = PLANE('',#9809);
#9809 = AXIS2_PLACEMENT_3D('',#9810,#9811,#9812);
#9810 = CARTESIAN_POINT('',(168.44657543043,-153.0943824536,
    114.40296816252));
#9811 = DIRECTION('',(-8.831769144242E-17,-0.707106781187,
    -0.707106781186));
#9812 = DIRECTION('',(-1.,2.359223794977E-16,-1.110223024625E-16));
#9813 = ADVANCED_FACE('',(#9814),#9833,.F.);
#9814 = FACE_BOUND('',#9815,.F.);
#9815 = EDGE_LOOP('',(#9816,#9817,#9825,#9832));
#9816 = ORIENTED_EDGE('',*,*,#1745,.F.);
#9817 = ORIENTED_EDGE('',*,*,#9818,.F.);
#9818 = EDGE_CURVE('',#9819,#1746,#9821,.T.);
#9819 = VERTEX_POINT('',#9820);
#9820 = CARTESIAN_POINT('',(70.196367906789,-152.5943824536,
    111.90296816252));
#9821 = LINE('',#9822,#9823);
#9822 = CARTESIAN_POINT('',(70.196367906789,-152.5943824536,
    111.90296816252));
#9823 = VECTOR('',#9824,1.);
#9824 = DIRECTION('',(0.707106781186,-0.707106781187,3.681866815615E-14)
  );
#9825 = ORIENTED_EDGE('',*,*,#9826,.F.);
#9826 = EDGE_CURVE('',#9794,#9819,#9827,.T.);
#9827 = CIRCLE('',#9828,2.);
#9828 = AXIS2_PLACEMENT_3D('',#9829,#9830,#9831);
#9829 = CARTESIAN_POINT('',(68.196367906789,-152.5943824536,
    111.90296816252));
#9830 = DIRECTION('',(-2.178396804699E-29,1.,-5.200354036283E-14));
#9831 = DIRECTION('',(0.707106781187,3.677205603627E-14,0.707106781187)
  );
#9832 = ORIENTED_EDGE('',*,*,#9793,.T.);
#9833 = CONICAL_SURFACE('',#9834,2.5,0.785398163397);
#9834 = AXIS2_PLACEMENT_3D('',#9835,#9836,#9837);
#9835 = CARTESIAN_POINT('',(68.196367906789,-153.0943824536,
    111.90296816252));
#9836 = DIRECTION('',(-5.756219417785E-30,-1.,5.195843755246E-14));
#9837 = DIRECTION('',(0.707106781187,3.67401635332E-14,0.707106781187));
#9838 = ADVANCED_FACE('',(#9839),#9857,.T.);
#9839 = FACE_BOUND('',#9840,.T.);
#9840 = EDGE_LOOP('',(#9841,#9849,#9850,#9851));
#9841 = ORIENTED_EDGE('',*,*,#9842,.T.);
#9842 = EDGE_CURVE('',#9843,#1755,#9845,.T.);
#9843 = VERTEX_POINT('',#9844);
#9844 = CARTESIAN_POINT('',(70.196367906788,-152.5943824536,
    -272.0970318374));
#9845 = LINE('',#9846,#9847);
#9846 = CARTESIAN_POINT('',(70.196367906788,-152.5943824536,
    -272.0970318374));
#9847 = VECTOR('',#9848,1.);
#9848 = DIRECTION('',(0.707106781187,-0.707106781186,3.053829832138E-14)
  );
#9849 = ORIENTED_EDGE('',*,*,#1754,.T.);
#9850 = ORIENTED_EDGE('',*,*,#9818,.F.);
#9851 = ORIENTED_EDGE('',*,*,#9852,.T.);
#9852 = EDGE_CURVE('',#9819,#9843,#9853,.T.);
#9853 = LINE('',#9854,#9855);
#9854 = CARTESIAN_POINT('',(70.196367906788,-152.5943824536,
    -159.3221924147));
#9855 = VECTOR('',#9856,1.);
#9856 = DIRECTION('',(-1.249000770354E-16,-5.200354036283E-14,-1.));
#9857 = PLANE('',#9858);
#9858 = AXIS2_PLACEMENT_3D('',#9859,#9860,#9861);
#9859 = CARTESIAN_POINT('',(70.696367906788,-153.0943824536,
    -159.3221924147));
#9860 = DIRECTION('',(-0.707106781186,-0.707106781187,3.686037372773E-14
    ));
#9861 = DIRECTION('',(-0.707106781187,0.707106781186,-3.681866815611E-14
    ));
#9862 = ADVANCED_FACE('',(#9863),#9882,.F.);
#9863 = FACE_BOUND('',#9864,.F.);
#9864 = EDGE_LOOP('',(#9865,#9874,#9875,#9876));
#9865 = ORIENTED_EDGE('',*,*,#9866,.F.);
#9866 = EDGE_CURVE('',#9843,#9867,#9869,.T.);
#9867 = VERTEX_POINT('',#9868);
#9868 = CARTESIAN_POINT('',(68.196367906788,-152.5943824536,
    -274.0970318374));
#9869 = CIRCLE('',#9870,2.);
#9870 = AXIS2_PLACEMENT_3D('',#9871,#9872,#9873);
#9871 = CARTESIAN_POINT('',(68.196367906788,-152.5943824536,
    -272.0970318374));
#9872 = DIRECTION('',(-1.852075225885E-29,1.,-5.200354036283E-14));
#9873 = DIRECTION('',(-1.249000770354E-16,-5.200354036283E-14,-1.));
#9874 = ORIENTED_EDGE('',*,*,#9842,.T.);
#9875 = ORIENTED_EDGE('',*,*,#1762,.F.);
#9876 = ORIENTED_EDGE('',*,*,#9877,.F.);
#9877 = EDGE_CURVE('',#9867,#1763,#9878,.T.);
#9878 = LINE('',#9879,#9880);
#9879 = CARTESIAN_POINT('',(68.196367906788,-152.5943824536,
    -274.0970318374));
#9880 = VECTOR('',#9881,1.);
#9881 = DIRECTION('',(7.850462293421E-17,-0.707106781186,-0.707106781187
    ));
#9882 = CONICAL_SURFACE('',#9883,2.5,0.785398163398);
#9883 = AXIS2_PLACEMENT_3D('',#9884,#9885,#9886);
#9884 = CARTESIAN_POINT('',(68.196367906788,-153.0943824536,
    -272.0970318374));
#9885 = DIRECTION('',(-5.756219417785E-30,-1.,5.195843755246E-14));
#9886 = DIRECTION('',(-1.249000770354E-16,-5.195843755246E-14,-1.));
#9887 = ADVANCED_FACE('',(#9888),#9906,.T.);
#9888 = FACE_BOUND('',#9889,.T.);
#9889 = EDGE_LOOP('',(#9890,#9898,#9899,#9900));
#9890 = ORIENTED_EDGE('',*,*,#9891,.T.);
#9891 = EDGE_CURVE('',#9892,#1772,#9894,.T.);
#9892 = VERTEX_POINT('',#9893);
#9893 = CARTESIAN_POINT('',(64.196367906788,-152.5943824536,
    -274.0970318374));
#9894 = LINE('',#9895,#9896);
#9895 = CARTESIAN_POINT('',(64.196367906788,-152.5943824536,
    -274.0970318374));
#9896 = VECTOR('',#9897,1.);
#9897 = DIRECTION('',(7.850462293423E-17,-0.707106781186,-0.707106781187
    ));
#9898 = ORIENTED_EDGE('',*,*,#1771,.T.);
#9899 = ORIENTED_EDGE('',*,*,#9877,.F.);
#9900 = ORIENTED_EDGE('',*,*,#9901,.T.);
#9901 = EDGE_CURVE('',#9867,#9892,#9902,.T.);
#9902 = LINE('',#9903,#9904);
#9903 = CARTESIAN_POINT('',(170.44657543043,-152.5943824536,
    -274.0970318374));
#9904 = VECTOR('',#9905,1.);
#9905 = DIRECTION('',(-1.,-1.202550606142E-29,1.249000770353E-16));
#9906 = PLANE('',#9907);
#9907 = AXIS2_PLACEMENT_3D('',#9908,#9909,#9910);
#9908 = CARTESIAN_POINT('',(170.44657543043,-153.0943824536,
    -274.5970318374));
#9909 = DIRECTION('',(8.831769144236E-17,-0.707106781187,0.707106781186)
  );
#9910 = DIRECTION('',(-1.,-2.359223794976E-16,-1.110223024625E-16));
#9911 = ADVANCED_FACE('',(#9912),#9924,.F.);
#9912 = FACE_BOUND('',#9913,.F.);
#9913 = EDGE_LOOP('',(#9914,#9921,#9922,#9923));
#9914 = ORIENTED_EDGE('',*,*,#9915,.F.);
#9915 = EDGE_CURVE('',#9892,#9747,#9916,.T.);
#9916 = CIRCLE('',#9917,2.);
#9917 = AXIS2_PLACEMENT_3D('',#9918,#9919,#9920);
#9918 = CARTESIAN_POINT('',(64.196367906788,-152.5943824536,
    -272.0970318374));
#9919 = DIRECTION('',(-1.852075225885E-29,1.,-5.200354036283E-14));
#9920 = DIRECTION('',(-1.,-1.859562397992E-27,-3.540223671097E-14));
#9921 = ORIENTED_EDGE('',*,*,#9891,.T.);
#9922 = ORIENTED_EDGE('',*,*,#1779,.F.);
#9923 = ORIENTED_EDGE('',*,*,#9746,.T.);
#9924 = CONICAL_SURFACE('',#9925,2.5,0.785398163398);
#9925 = AXIS2_PLACEMENT_3D('',#9926,#9927,#9928);
#9926 = CARTESIAN_POINT('',(64.196367906788,-153.0943824536,
    -272.0970318374));
#9927 = DIRECTION('',(-5.756219417785E-30,-1.,5.195843755246E-14));
#9928 = DIRECTION('',(-1.,-1.833688685946E-27,-3.540223671097E-14));
#9929 = ADVANCED_FACE('',(#9930),#9956,.F.);
#9930 = FACE_BOUND('',#9931,.F.);
#9931 = EDGE_LOOP('',(#9932,#9940,#9949,#9955));
#9932 = ORIENTED_EDGE('',*,*,#9933,.F.);
#9933 = EDGE_CURVE('',#9934,#9819,#9936,.T.);
#9934 = VERTEX_POINT('',#9935);
#9935 = CARTESIAN_POINT('',(70.196367906789,-149.5943824536,
    111.90296816252));
#9936 = LINE('',#9937,#9938);
#9937 = CARTESIAN_POINT('',(70.196367906789,-159.5943824536,
    111.90296816252));
#9938 = VECTOR('',#9939,1.);
#9939 = DIRECTION('',(-5.95343464409E-30,-1.,5.373479439186E-14));
#9940 = ORIENTED_EDGE('',*,*,#9941,.F.);
#9941 = EDGE_CURVE('',#9942,#9934,#9944,.T.);
#9942 = VERTEX_POINT('',#9943);
#9943 = CARTESIAN_POINT('',(68.196367906789,-149.5943824536,
    113.90296816252));
#9944 = CIRCLE('',#9945,2.);
#9945 = AXIS2_PLACEMENT_3D('',#9946,#9947,#9948);
#9946 = CARTESIAN_POINT('',(68.196367906789,-149.5943824536,
    111.90296816252));
#9947 = DIRECTION('',(3.804325436758E-30,1.,-5.195843755246E-14));
#9948 = DIRECTION('',(0.707106781187,3.67401635332E-14,0.707106781187));
#9949 = ORIENTED_EDGE('',*,*,#9950,.F.);
#9950 = EDGE_CURVE('',#9794,#9942,#9951,.T.);
#9951 = LINE('',#9952,#9953);
#9952 = CARTESIAN_POINT('',(68.196367906789,-159.5943824536,
    113.90296816252));
#9953 = VECTOR('',#9954,1.);
#9954 = DIRECTION('',(5.95343464409E-30,1.,-5.373479439186E-14));
#9955 = ORIENTED_EDGE('',*,*,#9826,.T.);
#9956 = CYLINDRICAL_SURFACE('',#9957,2.);
#9957 = AXIS2_PLACEMENT_3D('',#9958,#9959,#9960);
#9958 = CARTESIAN_POINT('',(68.196367906789,-159.5943824536,
    111.90296816252));
#9959 = DIRECTION('',(5.95343464409E-30,1.,-5.373479439186E-14));
#9960 = DIRECTION('',(0.707106781187,3.799623750015E-14,0.707106781187)
  );
#9961 = ADVANCED_FACE('',(#9962),#9980,.F.);
#9962 = FACE_BOUND('',#9963,.T.);
#9963 = EDGE_LOOP('',(#9964,#9965,#9973,#9979));
#9964 = ORIENTED_EDGE('',*,*,#9803,.F.);
#9965 = ORIENTED_EDGE('',*,*,#9966,.F.);
#9966 = EDGE_CURVE('',#9967,#9770,#9969,.T.);
#9967 = VERTEX_POINT('',#9968);
#9968 = CARTESIAN_POINT('',(64.196367906788,-149.5943824536,
    113.90296816252));
#9969 = LINE('',#9970,#9971);
#9970 = CARTESIAN_POINT('',(64.196367906788,-159.5943824536,
    113.90296816252));
#9971 = VECTOR('',#9972,1.);
#9972 = DIRECTION('',(-5.95343464409E-30,-1.,5.373479439186E-14));
#9973 = ORIENTED_EDGE('',*,*,#9974,.F.);
#9974 = EDGE_CURVE('',#9942,#9967,#9975,.T.);
#9975 = LINE('',#9976,#9977);
#9976 = CARTESIAN_POINT('',(64.965459743714,-149.5943824536,
    113.90296816252));
#9977 = VECTOR('',#9978,1.);
#9978 = DIRECTION('',(-1.,1.223658792014E-29,1.249000770354E-16));
#9979 = ORIENTED_EDGE('',*,*,#9950,.F.);
#9980 = PLANE('',#9981);
#9981 = AXIS2_PLACEMENT_3D('',#9982,#9983,#9984);
#9982 = CARTESIAN_POINT('',(64.196367906789,-159.5943824536,
    113.90296816252));
#9983 = DIRECTION('',(1.249000770354E-16,5.373479439186E-14,1.));
#9984 = DIRECTION('',(1.,-1.218728411356E-29,-1.249000770354E-16));
#9985 = ADVANCED_FACE('',(#9986),#10005,.F.);
#9986 = FACE_BOUND('',#9987,.F.);
#9987 = EDGE_LOOP('',(#9988,#9989,#9998,#10004));
#9988 = ORIENTED_EDGE('',*,*,#9966,.F.);
#9989 = ORIENTED_EDGE('',*,*,#9990,.F.);
#9990 = EDGE_CURVE('',#9991,#9967,#9993,.T.);
#9991 = VERTEX_POINT('',#9992);
#9992 = CARTESIAN_POINT('',(62.196367906788,-149.5943824536,
    111.90296816252));
#9993 = CIRCLE('',#9994,2.);
#9994 = AXIS2_PLACEMENT_3D('',#9995,#9996,#9997);
#9995 = CARTESIAN_POINT('',(64.196367906788,-149.5943824536,
    111.90296816252));
#9996 = DIRECTION('',(1.38199605225E-29,1.,-5.195843755246E-14));
#9997 = DIRECTION('',(-0.707106781187,3.67401635332E-14,0.707106781187)
  );
#9998 = ORIENTED_EDGE('',*,*,#9999,.F.);
#9999 = EDGE_CURVE('',#9738,#9991,#10000,.T.);
#10000 = LINE('',#10001,#10002);
#10001 = CARTESIAN_POINT('',(62.196367906788,-159.5943824536,
    111.90296816252));
#10002 = VECTOR('',#10003,1.);
#10003 = DIRECTION('',(5.95343464409E-30,1.,-5.373479439186E-14));
#10004 = ORIENTED_EDGE('',*,*,#9777,.T.);
#10005 = CYLINDRICAL_SURFACE('',#10006,2.);
#10006 = AXIS2_PLACEMENT_3D('',#10007,#10008,#10009);
#10007 = CARTESIAN_POINT('',(64.196367906788,-159.5943824536,
    111.90296816252));
#10008 = DIRECTION('',(5.95343464409E-30,1.,-5.373479439186E-14));
#10009 = DIRECTION('',(-0.707106781187,3.799623750015E-14,0.707106781187
    ));
#10010 = ADVANCED_FACE('',(#10011),#10029,.F.);
#10011 = FACE_BOUND('',#10012,.T.);
#10012 = EDGE_LOOP('',(#10013,#10014,#10022,#10028));
#10013 = ORIENTED_EDGE('',*,*,#9754,.F.);
#10014 = ORIENTED_EDGE('',*,*,#10015,.T.);
#10015 = EDGE_CURVE('',#9747,#10016,#10018,.T.);
#10016 = VERTEX_POINT('',#10017);
#10017 = CARTESIAN_POINT('',(62.196367906788,-149.5943824536,
    -272.0970318374));
#10018 = LINE('',#10019,#10020);
#10019 = CARTESIAN_POINT('',(62.196367906788,-159.5943824536,
    -272.0970318374));
#10020 = VECTOR('',#10021,1.);
#10021 = DIRECTION('',(5.95343464409E-30,1.,-5.373479439186E-14));
#10022 = ORIENTED_EDGE('',*,*,#10023,.F.);
#10023 = EDGE_CURVE('',#9991,#10016,#10024,.T.);
#10024 = LINE('',#10025,#10026);
#10025 = CARTESIAN_POINT('',(62.196367906788,-149.5943824537,
    -362.3471362745));
#10026 = VECTOR('',#10027,1.);
#10027 = DIRECTION('',(-1.249000770354E-16,-5.195843755246E-14,-1.));
#10028 = ORIENTED_EDGE('',*,*,#9999,.F.);
#10029 = PLANE('',#10030);
#10030 = AXIS2_PLACEMENT_3D('',#10031,#10032,#10033);
#10031 = CARTESIAN_POINT('',(62.196367906788,-159.5943824536,
    -272.0970318374));
#10032 = DIRECTION('',(-1.,1.266491460312E-29,1.249000770354E-16));
#10033 = DIRECTION('',(1.249000770354E-16,5.335546213084E-14,1.));
#10034 = ADVANCED_FACE('',(#10035),#10060,.T.);
#10035 = FACE_BOUND('',#10036,.T.);
#10036 = EDGE_LOOP('',(#10037,#10045,#10046,#10054));
#10037 = ORIENTED_EDGE('',*,*,#10038,.T.);
#10038 = EDGE_CURVE('',#10039,#951,#10041,.T.);
#10039 = VERTEX_POINT('',#10040);
#10040 = CARTESIAN_POINT('',(44.196367906788,-152.5943824536,
    111.90296816252));
#10041 = LINE('',#10042,#10043);
#10042 = CARTESIAN_POINT('',(44.196367906788,-152.5943824536,
    111.90296816252));
#10043 = VECTOR('',#10044,1.);
#10044 = DIRECTION('',(-0.707106781187,-0.707106781186,
    3.666165891025E-14));
#10045 = ORIENTED_EDGE('',*,*,#950,.T.);
#10046 = ORIENTED_EDGE('',*,*,#10047,.T.);
#10047 = EDGE_CURVE('',#953,#10048,#10050,.T.);
#10048 = VERTEX_POINT('',#10049);
#10049 = CARTESIAN_POINT('',(44.196367906788,-152.5943824536,
    -272.0970318374));
#10050 = LINE('',#10051,#10052);
#10051 = CARTESIAN_POINT('',(43.196367906788,-153.5943824536,
    -272.0970318374));
#10052 = VECTOR('',#10053,1.);
#10053 = DIRECTION('',(0.707106781187,0.707106781186,-3.038128907551E-14
    ));
#10054 = ORIENTED_EDGE('',*,*,#10055,.T.);
#10055 = EDGE_CURVE('',#10048,#10039,#10056,.T.);
#10056 = LINE('',#10057,#10058);
#10057 = CARTESIAN_POINT('',(44.196367906788,-152.5943824537,
    -356.3221924147));
#10058 = VECTOR('',#10059,1.);
#10059 = DIRECTION('',(1.249000770354E-16,5.200354036283E-14,1.));
#10060 = PLANE('',#10061);
#10061 = AXIS2_PLACEMENT_3D('',#10062,#10063,#10064);
#10062 = CARTESIAN_POINT('',(43.696367906788,-153.0943824537,
    -356.3221924147));
#10063 = DIRECTION('',(0.707106781186,-0.707106781187,3.668373834485E-14
    ));
#10064 = DIRECTION('',(-0.707106781187,-0.707106781186,
    3.666165891025E-14));
#10065 = ADVANCED_FACE('',(#10066),#10085,.F.);
#10066 = FACE_BOUND('',#10067,.F.);
#10067 = EDGE_LOOP('',(#10068,#10069,#10077,#10084));
#10068 = ORIENTED_EDGE('',*,*,#960,.F.);
#10069 = ORIENTED_EDGE('',*,*,#10070,.F.);
#10070 = EDGE_CURVE('',#10071,#961,#10073,.T.);
#10071 = VERTEX_POINT('',#10072);
#10072 = CARTESIAN_POINT('',(46.196367906788,-152.5943824536,
    113.90296816252));
#10073 = LINE('',#10074,#10075);
#10074 = CARTESIAN_POINT('',(46.196367906788,-152.5943824536,
    113.90296816252));
#10075 = VECTOR('',#10076,1.);
#10076 = DIRECTION('',(-7.850462293416E-17,-0.707106781187,
    0.707106781186));
#10077 = ORIENTED_EDGE('',*,*,#10078,.F.);
#10078 = EDGE_CURVE('',#10039,#10071,#10079,.T.);
#10079 = CIRCLE('',#10080,2.);
#10080 = AXIS2_PLACEMENT_3D('',#10081,#10082,#10083);
#10081 = CARTESIAN_POINT('',(46.196367906788,-152.5943824536,
    111.90296816252));
#10082 = DIRECTION('',(-1.282767898861E-29,1.,-5.200354036283E-14));
#10083 = DIRECTION('',(-0.707106781187,3.677205603627E-14,0.707106781187
    ));
#10084 = ORIENTED_EDGE('',*,*,#10038,.T.);
#10085 = CONICAL_SURFACE('',#10086,2.5,0.785398163397);
#10086 = AXIS2_PLACEMENT_3D('',#10087,#10088,#10089);
#10087 = CARTESIAN_POINT('',(46.196367906788,-153.0943824536,
    111.90296816252));
#10088 = DIRECTION('',(-5.756219417785E-30,-1.,5.195843755246E-14));
#10089 = DIRECTION('',(-0.707106781187,3.67401635332E-14,0.707106781187)
  );
#10090 = ADVANCED_FACE('',(#10091),#10109,.T.);
#10091 = FACE_BOUND('',#10092,.T.);
#10092 = EDGE_LOOP('',(#10093,#10101,#10102,#10103));
#10093 = ORIENTED_EDGE('',*,*,#10094,.T.);
#10094 = EDGE_CURVE('',#10095,#970,#10097,.T.);
#10095 = VERTEX_POINT('',#10096);
#10096 = CARTESIAN_POINT('',(50.196367906789,-152.5943824536,
    113.90296816252));
#10097 = LINE('',#10098,#10099);
#10098 = CARTESIAN_POINT('',(50.196367906789,-152.5943824536,
    113.90296816252));
#10099 = VECTOR('',#10100,1.);
#10100 = DIRECTION('',(-6.358874457673E-15,-0.707106781186,
    0.707106781187));
#10101 = ORIENTED_EDGE('',*,*,#969,.T.);
#10102 = ORIENTED_EDGE('',*,*,#10070,.F.);
#10103 = ORIENTED_EDGE('',*,*,#10104,.T.);
#10104 = EDGE_CURVE('',#10071,#10095,#10105,.T.);
#10105 = LINE('',#10106,#10107);
#10106 = CARTESIAN_POINT('',(159.44657543043,-152.5943824536,
    113.90296816252));
#10107 = VECTOR('',#10108,1.);
#10108 = DIRECTION('',(1.,1.202550606141E-29,-1.249000770354E-16));
#10109 = PLANE('',#10110);
#10110 = AXIS2_PLACEMENT_3D('',#10111,#10112,#10113);
#10111 = CARTESIAN_POINT('',(159.44657543043,-153.0943824536,
    114.40296816252));
#10112 = DIRECTION('',(-8.831769144242E-17,-0.707106781187,
    -0.707106781186));
#10113 = DIRECTION('',(-1.,2.359223794976E-16,-1.110223024625E-16));
#10114 = ADVANCED_FACE('',(#10115),#10134,.F.);
#10115 = FACE_BOUND('',#10116,.F.);
#10116 = EDGE_LOOP('',(#10117,#10118,#10126,#10133));
#10117 = ORIENTED_EDGE('',*,*,#977,.F.);
#10118 = ORIENTED_EDGE('',*,*,#10119,.F.);
#10119 = EDGE_CURVE('',#10120,#978,#10122,.T.);
#10120 = VERTEX_POINT('',#10121);
#10121 = CARTESIAN_POINT('',(52.196367906789,-152.5943824536,
    111.90296816252));
#10122 = LINE('',#10123,#10124);
#10123 = CARTESIAN_POINT('',(52.196367906789,-152.5943824536,
    111.90296816252));
#10124 = VECTOR('',#10125,1.);
#10125 = DIRECTION('',(0.707106781186,-0.707106781187,3.681866815615E-14
    ));
#10126 = ORIENTED_EDGE('',*,*,#10127,.F.);
#10127 = EDGE_CURVE('',#10095,#10120,#10128,.T.);
#10128 = CIRCLE('',#10129,2.);
#10129 = AXIS2_PLACEMENT_3D('',#10130,#10131,#10132);
#10130 = CARTESIAN_POINT('',(50.196367906789,-152.5943824536,
    111.90296816252));
#10131 = DIRECTION('',(-1.394141465986E-29,1.,-5.200354036283E-14));
#10132 = DIRECTION('',(0.707106781187,3.677205603627E-14,0.707106781187)
  );
#10133 = ORIENTED_EDGE('',*,*,#10094,.T.);
#10134 = CONICAL_SURFACE('',#10135,2.5,0.785398163397);
#10135 = AXIS2_PLACEMENT_3D('',#10136,#10137,#10138);
#10136 = CARTESIAN_POINT('',(50.196367906789,-153.0943824536,
    111.90296816252));
#10137 = DIRECTION('',(-5.756219417785E-30,-1.,5.195843755246E-14));
#10138 = DIRECTION('',(0.707106781187,3.67401635332E-14,0.707106781187)
  );
#10139 = ADVANCED_FACE('',(#10140),#10158,.T.);
#10140 = FACE_BOUND('',#10141,.T.);
#10141 = EDGE_LOOP('',(#10142,#10150,#10151,#10152));
#10142 = ORIENTED_EDGE('',*,*,#10143,.T.);
#10143 = EDGE_CURVE('',#10144,#987,#10146,.T.);
#10144 = VERTEX_POINT('',#10145);
#10145 = CARTESIAN_POINT('',(52.196367906788,-152.5943824536,
    -272.0970318374));
#10146 = LINE('',#10147,#10148);
#10147 = CARTESIAN_POINT('',(52.196367906788,-152.5943824536,
    -272.0970318374));
#10148 = VECTOR('',#10149,1.);
#10149 = DIRECTION('',(0.707106781187,-0.707106781186,3.053829832138E-14
    ));
#10150 = ORIENTED_EDGE('',*,*,#986,.T.);
#10151 = ORIENTED_EDGE('',*,*,#10119,.F.);
#10152 = ORIENTED_EDGE('',*,*,#10153,.T.);
#10153 = EDGE_CURVE('',#10120,#10144,#10154,.T.);
#10154 = LINE('',#10155,#10156);
#10155 = CARTESIAN_POINT('',(52.196367906788,-152.5943824536,
    -159.3221924147));
#10156 = VECTOR('',#10157,1.);
#10157 = DIRECTION('',(-1.249000770354E-16,-5.200354036283E-14,-1.));
#10158 = PLANE('',#10159);
#10159 = AXIS2_PLACEMENT_3D('',#10160,#10161,#10162);
#10160 = CARTESIAN_POINT('',(52.696367906788,-153.0943824536,
    -159.3221924147));
#10161 = DIRECTION('',(-0.707106781186,-0.707106781187,
    3.686037372773E-14));
#10162 = DIRECTION('',(-0.707106781187,0.707106781186,
    -3.681866815611E-14));
#10163 = ADVANCED_FACE('',(#10164),#10183,.F.);
#10164 = FACE_BOUND('',#10165,.F.);
#10165 = EDGE_LOOP('',(#10166,#10175,#10176,#10177));
#10166 = ORIENTED_EDGE('',*,*,#10167,.F.);
#10167 = EDGE_CURVE('',#10144,#10168,#10170,.T.);
#10168 = VERTEX_POINT('',#10169);
#10169 = CARTESIAN_POINT('',(50.196367906788,-152.5943824536,
    -274.0970318374));
#10170 = CIRCLE('',#10171,2.);
#10171 = AXIS2_PLACEMENT_3D('',#10172,#10173,#10174);
#10172 = CARTESIAN_POINT('',(50.196367906788,-152.5943824536,
    -272.0970318374));
#10173 = DIRECTION('',(-1.852075225885E-29,1.,-5.200354036283E-14));
#10174 = DIRECTION('',(-1.249000770354E-16,-5.200354036283E-14,-1.));
#10175 = ORIENTED_EDGE('',*,*,#10143,.T.);
#10176 = ORIENTED_EDGE('',*,*,#994,.F.);
#10177 = ORIENTED_EDGE('',*,*,#10178,.F.);
#10178 = EDGE_CURVE('',#10168,#995,#10179,.T.);
#10179 = LINE('',#10180,#10181);
#10180 = CARTESIAN_POINT('',(50.196367906788,-152.5943824536,
    -274.0970318374));
#10181 = VECTOR('',#10182,1.);
#10182 = DIRECTION('',(7.850462293421E-17,-0.707106781186,
    -0.707106781187));
#10183 = CONICAL_SURFACE('',#10184,2.5,0.785398163398);
#10184 = AXIS2_PLACEMENT_3D('',#10185,#10186,#10187);
#10185 = CARTESIAN_POINT('',(50.196367906788,-153.0943824536,
    -272.0970318374));
#10186 = DIRECTION('',(-5.756219417785E-30,-1.,5.195843755246E-14));
#10187 = DIRECTION('',(-1.249000770354E-16,-5.195843755246E-14,-1.));
#10188 = ADVANCED_FACE('',(#10189),#10207,.T.);
#10189 = FACE_BOUND('',#10190,.T.);
#10190 = EDGE_LOOP('',(#10191,#10199,#10200,#10201));
#10191 = ORIENTED_EDGE('',*,*,#10192,.T.);
#10192 = EDGE_CURVE('',#10193,#1004,#10195,.T.);
#10193 = VERTEX_POINT('',#10194);
#10194 = CARTESIAN_POINT('',(46.196367906788,-152.5943824536,
    -274.0970318374));
#10195 = LINE('',#10196,#10197);
#10196 = CARTESIAN_POINT('',(46.196367906788,-152.5943824536,
    -274.0970318374));
#10197 = VECTOR('',#10198,1.);
#10198 = DIRECTION('',(7.850462293423E-17,-0.707106781186,
    -0.707106781187));
#10199 = ORIENTED_EDGE('',*,*,#1003,.T.);
#10200 = ORIENTED_EDGE('',*,*,#10178,.F.);
#10201 = ORIENTED_EDGE('',*,*,#10202,.T.);
#10202 = EDGE_CURVE('',#10168,#10193,#10203,.T.);
#10203 = LINE('',#10204,#10205);
#10204 = CARTESIAN_POINT('',(161.44657543043,-152.5943824536,
    -274.0970318374));
#10205 = VECTOR('',#10206,1.);
#10206 = DIRECTION('',(-1.,-1.202550606142E-29,1.249000770353E-16));
#10207 = PLANE('',#10208);
#10208 = AXIS2_PLACEMENT_3D('',#10209,#10210,#10211);
#10209 = CARTESIAN_POINT('',(161.44657543043,-153.0943824536,
    -274.5970318374));
#10210 = DIRECTION('',(8.831769144236E-17,-0.707106781187,0.707106781186
    ));
#10211 = DIRECTION('',(-1.,-2.359223794976E-16,-1.110223024625E-16));
#10212 = ADVANCED_FACE('',(#10213),#10225,.F.);
#10213 = FACE_BOUND('',#10214,.F.);
#10214 = EDGE_LOOP('',(#10215,#10222,#10223,#10224));
#10215 = ORIENTED_EDGE('',*,*,#10216,.F.);
#10216 = EDGE_CURVE('',#10193,#10048,#10217,.T.);
#10217 = CIRCLE('',#10218,2.);
#10218 = AXIS2_PLACEMENT_3D('',#10219,#10220,#10221);
#10219 = CARTESIAN_POINT('',(46.196367906788,-152.5943824536,
    -272.0970318374));
#10220 = DIRECTION('',(-1.852075225885E-29,1.,-5.200354036283E-14));
#10221 = DIRECTION('',(-1.,-1.859562397992E-27,-3.540223671097E-14));
#10222 = ORIENTED_EDGE('',*,*,#10192,.T.);
#10223 = ORIENTED_EDGE('',*,*,#1011,.F.);
#10224 = ORIENTED_EDGE('',*,*,#10047,.T.);
#10225 = CONICAL_SURFACE('',#10226,2.5,0.785398163398);
#10226 = AXIS2_PLACEMENT_3D('',#10227,#10228,#10229);
#10227 = CARTESIAN_POINT('',(46.196367906788,-153.0943824536,
    -272.0970318374));
#10228 = DIRECTION('',(-5.756219417785E-30,-1.,5.195843755246E-14));
#10229 = DIRECTION('',(-1.,-1.833688685946E-27,-3.540223671097E-14));
#10230 = ADVANCED_FACE('',(#10231),#10257,.F.);
#10231 = FACE_BOUND('',#10232,.F.);
#10232 = EDGE_LOOP('',(#10233,#10241,#10250,#10256));
#10233 = ORIENTED_EDGE('',*,*,#10234,.F.);
#10234 = EDGE_CURVE('',#10235,#10120,#10237,.T.);
#10235 = VERTEX_POINT('',#10236);
#10236 = CARTESIAN_POINT('',(52.196367906789,-149.5943824536,
    111.90296816252));
#10237 = LINE('',#10238,#10239);
#10238 = CARTESIAN_POINT('',(52.196367906789,-159.5943824536,
    111.90296816252));
#10239 = VECTOR('',#10240,1.);
#10240 = DIRECTION('',(-5.95343464409E-30,-1.,5.373479439186E-14));
#10241 = ORIENTED_EDGE('',*,*,#10242,.F.);
#10242 = EDGE_CURVE('',#10243,#10235,#10245,.T.);
#10243 = VERTEX_POINT('',#10244);
#10244 = CARTESIAN_POINT('',(50.196367906789,-149.5943824536,
    113.90296816252));
#10245 = CIRCLE('',#10246,2.);
#10246 = AXIS2_PLACEMENT_3D('',#10247,#10248,#10249);
#10247 = CARTESIAN_POINT('',(50.196367906789,-149.5943824536,
    111.90296816252));
#10248 = DIRECTION('',(7.691219121479E-30,1.,-5.195843755246E-14));
#10249 = DIRECTION('',(0.707106781187,3.67401635332E-14,0.707106781187)
  );
#10250 = ORIENTED_EDGE('',*,*,#10251,.F.);
#10251 = EDGE_CURVE('',#10095,#10243,#10252,.T.);
#10252 = LINE('',#10253,#10254);
#10253 = CARTESIAN_POINT('',(50.196367906789,-159.5943824536,
    113.90296816252));
#10254 = VECTOR('',#10255,1.);
#10255 = DIRECTION('',(5.95343464409E-30,1.,-5.373479439186E-14));
#10256 = ORIENTED_EDGE('',*,*,#10127,.T.);
#10257 = CYLINDRICAL_SURFACE('',#10258,2.);
#10258 = AXIS2_PLACEMENT_3D('',#10259,#10260,#10261);
#10259 = CARTESIAN_POINT('',(50.196367906789,-159.5943824536,
    111.90296816252));
#10260 = DIRECTION('',(5.95343464409E-30,1.,-5.373479439186E-14));
#10261 = DIRECTION('',(0.707106781187,3.799623750015E-14,0.707106781187)
  );
#10262 = ADVANCED_FACE('',(#10263),#10281,.F.);
#10263 = FACE_BOUND('',#10264,.T.);
#10264 = EDGE_LOOP('',(#10265,#10266,#10274,#10280));
#10265 = ORIENTED_EDGE('',*,*,#10104,.F.);
#10266 = ORIENTED_EDGE('',*,*,#10267,.F.);
#10267 = EDGE_CURVE('',#10268,#10071,#10270,.T.);
#10268 = VERTEX_POINT('',#10269);
#10269 = CARTESIAN_POINT('',(46.196367906788,-149.5943824536,
    113.90296816252));
#10270 = LINE('',#10271,#10272);
#10271 = CARTESIAN_POINT('',(46.196367906788,-159.5943824536,
    113.90296816252));
#10272 = VECTOR('',#10273,1.);
#10273 = DIRECTION('',(-5.95343464409E-30,-1.,5.373479439186E-14));
#10274 = ORIENTED_EDGE('',*,*,#10275,.F.);
#10275 = EDGE_CURVE('',#10243,#10268,#10276,.T.);
#10276 = LINE('',#10277,#10278);
#10277 = CARTESIAN_POINT('',(55.965459743714,-149.5943824536,
    113.90296816252));
#10278 = VECTOR('',#10279,1.);
#10279 = DIRECTION('',(-1.,1.223658792014E-29,1.249000770354E-16));
#10280 = ORIENTED_EDGE('',*,*,#10251,.F.);
#10281 = PLANE('',#10282);
#10282 = AXIS2_PLACEMENT_3D('',#10283,#10284,#10285);
#10283 = CARTESIAN_POINT('',(46.196367906788,-159.5943824536,
    113.90296816252));
#10284 = DIRECTION('',(1.249000770354E-16,5.373479439186E-14,1.));
#10285 = DIRECTION('',(1.,-1.218728411356E-29,-1.249000770354E-16));
#10286 = ADVANCED_FACE('',(#10287),#10306,.F.);
#10287 = FACE_BOUND('',#10288,.F.);
#10288 = EDGE_LOOP('',(#10289,#10290,#10299,#10305));
#10289 = ORIENTED_EDGE('',*,*,#10267,.F.);
#10290 = ORIENTED_EDGE('',*,*,#10291,.F.);
#10291 = EDGE_CURVE('',#10292,#10268,#10294,.T.);
#10292 = VERTEX_POINT('',#10293);
#10293 = CARTESIAN_POINT('',(44.196367906788,-149.5943824536,
    111.90296816252));
#10294 = CIRCLE('',#10295,2.);
#10295 = AXIS2_PLACEMENT_3D('',#10296,#10297,#10298);
#10296 = CARTESIAN_POINT('',(46.196367906788,-149.5943824536,
    111.90296816252));
#10297 = DIRECTION('',(9.933066837783E-30,1.,-5.195843755246E-14));
#10298 = DIRECTION('',(-0.707106781187,3.67401635332E-14,0.707106781187)
  );
#10299 = ORIENTED_EDGE('',*,*,#10300,.F.);
#10300 = EDGE_CURVE('',#10039,#10292,#10301,.T.);
#10301 = LINE('',#10302,#10303);
#10302 = CARTESIAN_POINT('',(44.196367906788,-159.5943824536,
    111.90296816252));
#10303 = VECTOR('',#10304,1.);
#10304 = DIRECTION('',(5.95343464409E-30,1.,-5.373479439186E-14));
#10305 = ORIENTED_EDGE('',*,*,#10078,.T.);
#10306 = CYLINDRICAL_SURFACE('',#10307,2.);
#10307 = AXIS2_PLACEMENT_3D('',#10308,#10309,#10310);
#10308 = CARTESIAN_POINT('',(46.196367906788,-159.5943824536,
    111.90296816252));
#10309 = DIRECTION('',(5.95343464409E-30,1.,-5.373479439186E-14));
#10310 = DIRECTION('',(-0.707106781187,3.799623750015E-14,0.707106781187
    ));
#10311 = ADVANCED_FACE('',(#10312),#10330,.F.);
#10312 = FACE_BOUND('',#10313,.T.);
#10313 = EDGE_LOOP('',(#10314,#10315,#10323,#10329));
#10314 = ORIENTED_EDGE('',*,*,#10055,.F.);
#10315 = ORIENTED_EDGE('',*,*,#10316,.T.);
#10316 = EDGE_CURVE('',#10048,#10317,#10319,.T.);
#10317 = VERTEX_POINT('',#10318);
#10318 = CARTESIAN_POINT('',(44.196367906788,-149.5943824536,
    -272.0970318374));
#10319 = LINE('',#10320,#10321);
#10320 = CARTESIAN_POINT('',(44.196367906788,-159.5943824536,
    -272.0970318374));
#10321 = VECTOR('',#10322,1.);
#10322 = DIRECTION('',(5.95343464409E-30,1.,-5.373479439186E-14));
#10323 = ORIENTED_EDGE('',*,*,#10324,.F.);
#10324 = EDGE_CURVE('',#10292,#10317,#10325,.T.);
#10325 = LINE('',#10326,#10327);
#10326 = CARTESIAN_POINT('',(44.196367906788,-149.5943824537,
    -362.3471362745));
#10327 = VECTOR('',#10328,1.);
#10328 = DIRECTION('',(-1.249000770354E-16,-5.195843755246E-14,-1.));
#10329 = ORIENTED_EDGE('',*,*,#10300,.F.);
#10330 = PLANE('',#10331);
#10331 = AXIS2_PLACEMENT_3D('',#10332,#10333,#10334);
#10332 = CARTESIAN_POINT('',(44.196367906788,-159.5943824536,
    -272.0970318374));
#10333 = DIRECTION('',(-1.,1.266491460312E-29,1.249000770354E-16));
#10334 = DIRECTION('',(1.249000770354E-16,5.335546213084E-14,1.));
#10335 = ADVANCED_FACE('',(#10336),#10361,.T.);
#10336 = FACE_BOUND('',#10337,.T.);
#10337 = EDGE_LOOP('',(#10338,#10348,#10354,#10355));
#10338 = ORIENTED_EDGE('',*,*,#10339,.T.);
#10339 = EDGE_CURVE('',#10340,#10342,#10344,.T.);
#10340 = VERTEX_POINT('',#10341);
#10341 = CARTESIAN_POINT('',(15.196395427783,-152.5943824537,
    -462.5970093097));
#10342 = VERTEX_POINT('',#10343);
#10343 = CARTESIAN_POINT('',(513.19634038579,-152.5943824537,
    -462.5970093097));
#10344 = LINE('',#10345,#10346);
#10345 = CARTESIAN_POINT('',(268.69633007514,-152.5943824537,
    -462.5970093097));
#10346 = VECTOR('',#10347,1.);
#10347 = DIRECTION('',(1.,-4.57075656873E-28,-9.145462132262E-15));
#10348 = ORIENTED_EDGE('',*,*,#10349,.T.);
#10349 = EDGE_CURVE('',#10342,#55,#10350,.T.);
#10350 = LINE('',#10351,#10352);
#10351 = CARTESIAN_POINT('',(513.19634038579,-152.5943824537,
    -462.5970093097));
#10352 = VECTOR('',#10353,1.);
#10353 = DIRECTION('',(-0.577350269189,-0.577350269189,0.57735026919));
#10354 = ORIENTED_EDGE('',*,*,#54,.T.);
#10355 = ORIENTED_EDGE('',*,*,#10356,.T.);
#10356 = EDGE_CURVE('',#57,#10340,#10357,.T.);
#10357 = LINE('',#10358,#10359);
#10358 = CARTESIAN_POINT('',(16.196395427781,-153.5943824537,
    -461.5970093097));
#10359 = VECTOR('',#10360,1.);
#10360 = DIRECTION('',(-0.577350269189,0.57735026919,-0.57735026919));
#10361 = PLANE('',#10362);
#10362 = AXIS2_PLACEMENT_3D('',#10363,#10364,#10365);
#10363 = CARTESIAN_POINT('',(268.69633007514,-153.0943824537,
    -462.0970093097));
#10364 = DIRECTION('',(-6.466818290803E-15,-0.707106781187,
    -0.707106781186));
#10365 = DIRECTION('',(-1.,9.256484434711E-15,-1.11022302463E-16));
#10366 = ADVANCED_FACE('',(#10367),#10385,.T.);
#10367 = FACE_BOUND('',#10368,.T.);
#10368 = EDGE_LOOP('',(#10369,#10370,#10378,#10384));
#10369 = ORIENTED_EDGE('',*,*,#80,.T.);
#10370 = ORIENTED_EDGE('',*,*,#10371,.T.);
#10371 = EDGE_CURVE('',#73,#10372,#10374,.T.);
#10372 = VERTEX_POINT('',#10373);
#10373 = CARTESIAN_POINT('',(15.196395427789,-152.5943824536,
    143.90296784977));
#10374 = LINE('',#10375,#10376);
#10375 = CARTESIAN_POINT('',(16.196395427787,-153.5943824536,
    142.90296816979));
#10376 = VECTOR('',#10377,1.);
#10377 = DIRECTION('',(-0.577350330778,0.577350330779,0.577350146012));
#10378 = ORIENTED_EDGE('',*,*,#10379,.T.);
#10379 = EDGE_CURVE('',#10372,#10340,#10380,.T.);
#10380 = LINE('',#10381,#10382);
#10381 = CARTESIAN_POINT('',(15.196395427784,-152.5943824537,
    -357.447352992));
#10382 = VECTOR('',#10383,1.);
#10383 = DIRECTION('',(-1.04499741862E-14,-5.200354036283E-14,-1.));
#10384 = ORIENTED_EDGE('',*,*,#10356,.F.);
#10385 = PLANE('',#10386);
#10386 = AXIS2_PLACEMENT_3D('',#10387,#10388,#10389);
#10387 = CARTESIAN_POINT('',(15.696395427783,-153.0943824537,
    -357.447352992));
#10388 = DIRECTION('',(-0.707106781187,-0.707106781186,
    4.416130364654E-14));
#10389 = DIRECTION('',(-0.707106781186,0.707106781187,
    -3.681866815615E-14));
#10390 = ADVANCED_FACE('',(#10391),#10409,.T.);
#10391 = FACE_BOUND('',#10392,.T.);
#10392 = EDGE_LOOP('',(#10393,#10394,#10402,#10408));
#10393 = ORIENTED_EDGE('',*,*,#72,.T.);
#10394 = ORIENTED_EDGE('',*,*,#10395,.T.);
#10395 = EDGE_CURVE('',#65,#10396,#10398,.T.);
#10396 = VERTEX_POINT('',#10397);
#10397 = CARTESIAN_POINT('',(513.19634038579,-152.5943824536,
    143.90296784976));
#10398 = LINE('',#10399,#10400);
#10399 = CARTESIAN_POINT('',(512.19634038579,-153.5943824536,
    142.90296816979));
#10400 = VECTOR('',#10401,1.);
#10401 = DIRECTION('',(0.577350330778,0.577350330779,0.577350146012));
#10402 = ORIENTED_EDGE('',*,*,#10403,.T.);
#10403 = EDGE_CURVE('',#10396,#10372,#10404,.T.);
#10404 = LINE('',#10405,#10406);
#10405 = CARTESIAN_POINT('',(273.96588243019,-152.5943824536,
    143.90296784976));
#10406 = VECTOR('',#10407,1.);
#10407 = DIRECTION('',(-1.,2.916404945827E-28,5.96423329407E-15));
#10408 = ORIENTED_EDGE('',*,*,#10371,.F.);
#10409 = PLANE('',#10410);
#10410 = AXIS2_PLACEMENT_3D('',#10411,#10412,#10413);
#10411 = CARTESIAN_POINT('',(273.96588243019,-153.0943824536,
    143.40296800978));
#10412 = DIRECTION('',(4.217350481644E-15,-0.707106668041,0.707106894333
    ));
#10413 = DIRECTION('',(-1.,-6.075257540767E-15,-1.110223024622E-16));
#10414 = ADVANCED_FACE('',(#10415),#10426,.T.);
#10415 = FACE_BOUND('',#10416,.T.);
#10416 = EDGE_LOOP('',(#10417,#10423,#10424,#10425));
#10417 = ORIENTED_EDGE('',*,*,#10418,.T.);
#10418 = EDGE_CURVE('',#10342,#10396,#10419,.T.);
#10419 = LINE('',#10420,#10421);
#10420 = CARTESIAN_POINT('',(513.19634038579,-152.5943824537,
    -377.5721952648));
#10421 = VECTOR('',#10422,1.);
#10422 = DIRECTION('',(-4.924291309876E-17,5.200354036283E-14,1.));
#10423 = ORIENTED_EDGE('',*,*,#10395,.F.);
#10424 = ORIENTED_EDGE('',*,*,#64,.T.);
#10425 = ORIENTED_EDGE('',*,*,#10349,.F.);
#10426 = PLANE('',#10427);
#10427 = AXIS2_PLACEMENT_3D('',#10428,#10429,#10430);
#10428 = CARTESIAN_POINT('',(512.69634038579,-153.0943824537,
    -377.5721952648));
#10429 = DIRECTION('',(0.707106781187,-0.707106781186,3.680687603402E-14
    ));
#10430 = DIRECTION('',(-0.707106781186,-0.707106781187,
    3.666165891029E-14));
#10431 = ADVANCED_FACE('',(#10432),#10457,.T.);
#10432 = FACE_BOUND('',#10433,.T.);
#10433 = EDGE_LOOP('',(#10434,#10435,#10443,#10451));
#10434 = ORIENTED_EDGE('',*,*,#10418,.F.);
#10435 = ORIENTED_EDGE('',*,*,#10436,.F.);
#10436 = EDGE_CURVE('',#10437,#10342,#10439,.T.);
#10437 = VERTEX_POINT('',#10438);
#10438 = CARTESIAN_POINT('',(513.19634038579,-149.5943824537,
    -462.5970093097));
#10439 = LINE('',#10440,#10441);
#10440 = CARTESIAN_POINT('',(513.19634038579,-69.59425809123,
    -462.5970093097));
#10441 = VECTOR('',#10442,1.);
#10442 = DIRECTION('',(-8.470329525331E-22,-1.,1.074036675976E-13));
#10443 = ORIENTED_EDGE('',*,*,#10444,.F.);
#10444 = EDGE_CURVE('',#10445,#10437,#10447,.T.);
#10445 = VERTEX_POINT('',#10446);
#10446 = CARTESIAN_POINT('',(513.19634038579,-149.5943824536,
    143.90296771308));
#10447 = LINE('',#10448,#10449);
#10448 = CARTESIAN_POINT('',(513.19634038579,-149.5943824537,
    -363.9721952648));
#10449 = VECTOR('',#10450,1.);
#10450 = DIRECTION('',(4.924291309876E-17,-1.066924343605E-13,-1.));
#10451 = ORIENTED_EDGE('',*,*,#10452,.T.);
#10452 = EDGE_CURVE('',#10445,#10396,#10453,.T.);
#10453 = LINE('',#10454,#10455);
#10454 = CARTESIAN_POINT('',(513.19634038579,-67.0951922267,
    143.90296394091));
#10455 = VECTOR('',#10456,1.);
#10456 = DIRECTION('',(-8.492842384031E-22,-1.,4.571807428086E-08));
#10457 = PLANE('',#10458);
#10458 = AXIS2_PLACEMENT_3D('',#10459,#10460,#10461);
#10459 = CARTESIAN_POINT('',(513.19634038579,4.40552009716,
    -314.5970375376));
#10460 = DIRECTION('',(1.,-8.470329472442E-22,4.924291309876E-17));
#10461 = DIRECTION('',(8.470329472497E-22,1.,-1.110239965284E-16));
#10462 = ADVANCED_FACE('',(#10463),#10481,.T.);
#10463 = FACE_BOUND('',#10464,.T.);
#10464 = EDGE_LOOP('',(#10465,#10466,#10474,#10480));
#10465 = ORIENTED_EDGE('',*,*,#10339,.F.);
#10466 = ORIENTED_EDGE('',*,*,#10467,.T.);
#10467 = EDGE_CURVE('',#10340,#10468,#10470,.T.);
#10468 = VERTEX_POINT('',#10469);
#10469 = CARTESIAN_POINT('',(15.196395427783,-149.5943824537,
    -462.5970093097));
#10470 = LINE('',#10471,#10472);
#10471 = CARTESIAN_POINT('',(15.196395427783,-149.0940901429,
    -462.5970093097));
#10472 = VECTOR('',#10473,1.);
#10473 = DIRECTION('',(1.110214554284E-16,1.,-1.074036675976E-13));
#10474 = ORIENTED_EDGE('',*,*,#10475,.T.);
#10475 = EDGE_CURVE('',#10468,#10437,#10476,.T.);
#10476 = LINE('',#10477,#10478);
#10477 = CARTESIAN_POINT('',(165.21521438843,-149.5943824537,
    -462.5970093097));
#10478 = VECTOR('',#10479,1.);
#10479 = DIRECTION('',(1.,-4.809401425053E-28,-9.145462132262E-15));
#10480 = ORIENTED_EDGE('',*,*,#10436,.T.);
#10481 = PLANE('',#10482);
#10482 = AXIS2_PLACEMENT_3D('',#10483,#10484,#10485);
#10483 = CARTESIAN_POINT('',(264.69587719622,-143.5940362796,
    -462.5970093097));
#10484 = DIRECTION('',(-9.145462132262E-15,-1.074036675976E-13,-1.));
#10485 = DIRECTION('',(1.,2.22045451958E-16,-9.145462132262E-15));
#10486 = ADVANCED_FACE('',(#10487),#10523,.F.);
#10487 = FACE_BOUND('',#10488,.F.);
#10488 = EDGE_LOOP('',(#10489,#10499,#10508,#10516));
#10489 = ORIENTED_EDGE('',*,*,#10490,.F.);
#10490 = EDGE_CURVE('',#10491,#10493,#10495,.T.);
#10491 = VERTEX_POINT('',#10492);
#10492 = CARTESIAN_POINT('',(94.234551580639,-149.5943824537,
    -439.7226602656));
#10493 = VERTEX_POINT('',#10494);
#10494 = CARTESIAN_POINT('',(94.234551580639,-150.5943824537,
    -439.7226602656));
#10495 = LINE('',#10496,#10497);
#10496 = CARTESIAN_POINT('',(94.234551580639,-154.5943824537,
    -439.7226602656));
#10497 = VECTOR('',#10498,1.);
#10498 = DIRECTION('',(-1.04169342465E-29,-1.,5.118128312928E-14));
#10499 = ORIENTED_EDGE('',*,*,#10500,.F.);
#10500 = EDGE_CURVE('',#10501,#10491,#10503,.T.);
#10501 = VERTEX_POINT('',#10502);
#10502 = CARTESIAN_POINT('',(98.234551580639,-149.5943824537,
    -435.7226602656));
#10503 = CIRCLE('',#10504,4.);
#10504 = AXIS2_PLACEMENT_3D('',#10505,#10506,#10507);
#10505 = CARTESIAN_POINT('',(94.234551580639,-149.5943824537,
    -435.7226602656));
#10506 = DIRECTION('',(1.052573878925E-29,1.,-5.195843755246E-14));
#10507 = DIRECTION('',(0.707106781187,-3.67401635332E-14,-0.707106781187
    ));
#10508 = ORIENTED_EDGE('',*,*,#10509,.F.);
#10509 = EDGE_CURVE('',#10510,#10501,#10512,.T.);
#10510 = VERTEX_POINT('',#10511);
#10511 = CARTESIAN_POINT('',(98.234551580639,-150.5943824537,
    -435.7226602656));
#10512 = LINE('',#10513,#10514);
#10513 = CARTESIAN_POINT('',(98.234551580639,-154.5943824537,
    -435.7226602656));
#10514 = VECTOR('',#10515,1.);
#10515 = DIRECTION('',(1.04169342465E-29,1.,-5.118128312928E-14));
#10516 = ORIENTED_EDGE('',*,*,#10517,.T.);
#10517 = EDGE_CURVE('',#10510,#10493,#10518,.T.);
#10518 = CIRCLE('',#10519,4.);
#10519 = AXIS2_PLACEMENT_3D('',#10520,#10521,#10522);
#10520 = CARTESIAN_POINT('',(94.234551580639,-150.5943824537,
    -435.7226602656));
#10521 = DIRECTION('',(1.052573878925E-29,1.,-5.195843755246E-14));
#10522 = DIRECTION('',(0.707106781187,-3.67401635332E-14,-0.707106781187
    ));
#10523 = CYLINDRICAL_SURFACE('',#10524,4.);
#10524 = AXIS2_PLACEMENT_3D('',#10525,#10526,#10527);
#10525 = CARTESIAN_POINT('',(94.234551580639,-154.5943824537,
    -435.7226602656));
#10526 = DIRECTION('',(-1.04169342465E-29,-1.,5.118128312928E-14));
#10527 = DIRECTION('',(0.707106781187,-3.619063237055E-14,
    -0.707106781187));
#10528 = ADVANCED_FACE('',(#10529),#10554,.F.);
#10529 = FACE_BOUND('',#10530,.T.);
#10530 = EDGE_LOOP('',(#10531,#10532,#10540,#10548));
#10531 = ORIENTED_EDGE('',*,*,#10509,.F.);
#10532 = ORIENTED_EDGE('',*,*,#10533,.T.);
#10533 = EDGE_CURVE('',#10510,#10534,#10536,.T.);
#10534 = VERTEX_POINT('',#10535);
#10535 = CARTESIAN_POINT('',(98.234551580639,-150.5943824537,
    -430.9226602656));
#10536 = LINE('',#10537,#10538);
#10537 = CARTESIAN_POINT('',(98.234551580639,-150.5943824537,
    -359.8351602656));
#10538 = VECTOR('',#10539,1.);
#10539 = DIRECTION('',(5.997154091582E-15,5.195843755246E-14,1.));
#10540 = ORIENTED_EDGE('',*,*,#10541,.F.);
#10541 = EDGE_CURVE('',#10542,#10534,#10544,.T.);
#10542 = VERTEX_POINT('',#10543);
#10543 = CARTESIAN_POINT('',(98.234551580639,-149.5943824537,
    -430.9226602656));
#10544 = LINE('',#10545,#10546);
#10545 = CARTESIAN_POINT('',(98.234551580639,-154.5943824537,
    -430.9226602656));
#10546 = VECTOR('',#10547,1.);
#10547 = DIRECTION('',(-1.04169342465E-29,-1.,5.118128312928E-14));
#10548 = ORIENTED_EDGE('',*,*,#10549,.F.);
#10549 = EDGE_CURVE('',#10501,#10542,#10550,.T.);
#10550 = LINE('',#10551,#10552);
#10551 = CARTESIAN_POINT('',(98.234551580639,-149.5943824537,
    -440.2599504886));
#10552 = VECTOR('',#10553,1.);
#10553 = DIRECTION('',(1.249000770354E-16,5.195843755246E-14,1.));
#10554 = PLANE('',#10555);
#10555 = AXIS2_PLACEMENT_3D('',#10556,#10557,#10558);
#10556 = CARTESIAN_POINT('',(98.234551580639,-149.5943824537,
    -361.3476602656));
#10557 = DIRECTION('',(1.,-3.173589757777E-28,-5.997154091582E-15));
#10558 = DIRECTION('',(5.997154091582E-15,5.195843755246E-14,1.));
#10559 = ADVANCED_FACE('',(#10560),#10596,.F.);
#10560 = FACE_BOUND('',#10561,.F.);
#10561 = EDGE_LOOP('',(#10562,#10572,#10581,#10589));
#10562 = ORIENTED_EDGE('',*,*,#10563,.F.);
#10563 = EDGE_CURVE('',#10564,#10566,#10568,.T.);
#10564 = VERTEX_POINT('',#10565);
#10565 = CARTESIAN_POINT('',(94.234551580639,-149.5943824537,
    -414.7226602656));
#10566 = VERTEX_POINT('',#10567);
#10567 = CARTESIAN_POINT('',(94.234551580639,-150.5943824537,
    -414.7226602656));
#10568 = LINE('',#10569,#10570);
#10569 = CARTESIAN_POINT('',(94.234551580639,-154.5943824537,
    -414.7226602656));
#10570 = VECTOR('',#10571,1.);
#10571 = DIRECTION('',(-1.04169342465E-29,-1.,5.118128312928E-14));
#10572 = ORIENTED_EDGE('',*,*,#10573,.F.);
#10573 = EDGE_CURVE('',#10574,#10564,#10576,.T.);
#10574 = VERTEX_POINT('',#10575);
#10575 = CARTESIAN_POINT('',(98.234551580639,-149.5943824537,
    -410.7226602656));
#10576 = CIRCLE('',#10577,4.);
#10577 = AXIS2_PLACEMENT_3D('',#10578,#10579,#10580);
#10578 = CARTESIAN_POINT('',(94.234551580639,-149.5943824537,
    -410.7226602656));
#10579 = DIRECTION('',(1.052573878925E-29,1.,-5.195843755246E-14));
#10580 = DIRECTION('',(0.707106781187,-3.67401635332E-14,-0.707106781187
    ));
#10581 = ORIENTED_EDGE('',*,*,#10582,.F.);
#10582 = EDGE_CURVE('',#10583,#10574,#10585,.T.);
#10583 = VERTEX_POINT('',#10584);
#10584 = CARTESIAN_POINT('',(98.234551580639,-150.5943824537,
    -410.7226602656));
#10585 = LINE('',#10586,#10587);
#10586 = CARTESIAN_POINT('',(98.234551580639,-154.5943824537,
    -410.7226602656));
#10587 = VECTOR('',#10588,1.);
#10588 = DIRECTION('',(1.04169342465E-29,1.,-5.118128312928E-14));
#10589 = ORIENTED_EDGE('',*,*,#10590,.T.);
#10590 = EDGE_CURVE('',#10583,#10566,#10591,.T.);
#10591 = CIRCLE('',#10592,4.);
#10592 = AXIS2_PLACEMENT_3D('',#10593,#10594,#10595);
#10593 = CARTESIAN_POINT('',(94.234551580639,-150.5943824537,
    -410.7226602656));
#10594 = DIRECTION('',(1.052573878925E-29,1.,-5.195843755246E-14));
#10595 = DIRECTION('',(0.707106781187,-3.67401635332E-14,-0.707106781187
    ));
#10596 = CYLINDRICAL_SURFACE('',#10597,4.);
#10597 = AXIS2_PLACEMENT_3D('',#10598,#10599,#10600);
#10598 = CARTESIAN_POINT('',(94.234551580639,-154.5943824537,
    -410.7226602656));
#10599 = DIRECTION('',(-1.04169342465E-29,-1.,5.118128312928E-14));
#10600 = DIRECTION('',(0.707106781187,-3.619063237055E-14,
    -0.707106781187));
#10601 = ADVANCED_FACE('',(#10602),#10627,.F.);
#10602 = FACE_BOUND('',#10603,.T.);
#10603 = EDGE_LOOP('',(#10604,#10605,#10613,#10621));
#10604 = ORIENTED_EDGE('',*,*,#10582,.F.);
#10605 = ORIENTED_EDGE('',*,*,#10606,.T.);
#10606 = EDGE_CURVE('',#10583,#10607,#10609,.T.);
#10607 = VERTEX_POINT('',#10608);
#10608 = CARTESIAN_POINT('',(98.234551580639,-150.5943824537,
    -405.9226602656));
#10609 = LINE('',#10610,#10611);
#10610 = CARTESIAN_POINT('',(98.234551580639,-150.5943824537,
    -359.8351602656));
#10611 = VECTOR('',#10612,1.);
#10612 = DIRECTION('',(5.997154091582E-15,5.195843755246E-14,1.));
#10613 = ORIENTED_EDGE('',*,*,#10614,.F.);
#10614 = EDGE_CURVE('',#10615,#10607,#10617,.T.);
#10615 = VERTEX_POINT('',#10616);
#10616 = CARTESIAN_POINT('',(98.234551580639,-149.5943824537,
    -405.9226602656));
#10617 = LINE('',#10618,#10619);
#10618 = CARTESIAN_POINT('',(98.234551580639,-154.5943824537,
    -405.9226602656));
#10619 = VECTOR('',#10620,1.);
#10620 = DIRECTION('',(-1.04169342465E-29,-1.,5.118128312928E-14));
#10621 = ORIENTED_EDGE('',*,*,#10622,.F.);
#10622 = EDGE_CURVE('',#10574,#10615,#10623,.T.);
#10623 = LINE('',#10624,#10625);
#10624 = CARTESIAN_POINT('',(98.234551580639,-149.5943824537,
    -427.7599504886));
#10625 = VECTOR('',#10626,1.);
#10626 = DIRECTION('',(1.249000770354E-16,5.195843755246E-14,1.));
#10627 = PLANE('',#10628);
#10628 = AXIS2_PLACEMENT_3D('',#10629,#10630,#10631);
#10629 = CARTESIAN_POINT('',(98.234551580639,-149.5943824537,
    -361.3476602656));
#10630 = DIRECTION('',(1.,-3.173589757777E-28,-5.997154091582E-15));
#10631 = DIRECTION('',(5.997154091582E-15,5.195843755246E-14,1.));
#10632 = ADVANCED_FACE('',(#10633),#10669,.F.);
#10633 = FACE_BOUND('',#10634,.F.);
#10634 = EDGE_LOOP('',(#10635,#10645,#10654,#10662));
#10635 = ORIENTED_EDGE('',*,*,#10636,.F.);
#10636 = EDGE_CURVE('',#10637,#10639,#10641,.T.);
#10637 = VERTEX_POINT('',#10638);
#10638 = CARTESIAN_POINT('',(94.234551580639,-149.5943824537,
    -389.7226602656));
#10639 = VERTEX_POINT('',#10640);
#10640 = CARTESIAN_POINT('',(94.234551580639,-150.5943824537,
    -389.7226602656));
#10641 = LINE('',#10642,#10643);
#10642 = CARTESIAN_POINT('',(94.234551580639,-154.5943824537,
    -389.7226602656));
#10643 = VECTOR('',#10644,1.);
#10644 = DIRECTION('',(-1.04169342465E-29,-1.,5.118128312928E-14));
#10645 = ORIENTED_EDGE('',*,*,#10646,.F.);
#10646 = EDGE_CURVE('',#10647,#10637,#10649,.T.);
#10647 = VERTEX_POINT('',#10648);
#10648 = CARTESIAN_POINT('',(98.234551580639,-149.5943824537,
    -385.7226602656));
#10649 = CIRCLE('',#10650,4.);
#10650 = AXIS2_PLACEMENT_3D('',#10651,#10652,#10653);
#10651 = CARTESIAN_POINT('',(94.234551580639,-149.5943824537,
    -385.7226602656));
#10652 = DIRECTION('',(1.052573878925E-29,1.,-5.195843755246E-14));
#10653 = DIRECTION('',(0.707106781187,-3.67401635332E-14,-0.707106781187
    ));
#10654 = ORIENTED_EDGE('',*,*,#10655,.F.);
#10655 = EDGE_CURVE('',#10656,#10647,#10658,.T.);
#10656 = VERTEX_POINT('',#10657);
#10657 = CARTESIAN_POINT('',(98.234551580639,-150.5943824537,
    -385.7226602656));
#10658 = LINE('',#10659,#10660);
#10659 = CARTESIAN_POINT('',(98.234551580639,-154.5943824537,
    -385.7226602656));
#10660 = VECTOR('',#10661,1.);
#10661 = DIRECTION('',(1.04169342465E-29,1.,-5.118128312928E-14));
#10662 = ORIENTED_EDGE('',*,*,#10663,.T.);
#10663 = EDGE_CURVE('',#10656,#10639,#10664,.T.);
#10664 = CIRCLE('',#10665,4.);
#10665 = AXIS2_PLACEMENT_3D('',#10666,#10667,#10668);
#10666 = CARTESIAN_POINT('',(94.234551580639,-150.5943824537,
    -385.7226602656));
#10667 = DIRECTION('',(1.052573878925E-29,1.,-5.195843755246E-14));
#10668 = DIRECTION('',(0.707106781187,-3.67401635332E-14,-0.707106781187
    ));
#10669 = CYLINDRICAL_SURFACE('',#10670,4.);
#10670 = AXIS2_PLACEMENT_3D('',#10671,#10672,#10673);
#10671 = CARTESIAN_POINT('',(94.234551580639,-154.5943824537,
    -385.7226602656));
#10672 = DIRECTION('',(-1.04169342465E-29,-1.,5.118128312928E-14));
#10673 = DIRECTION('',(0.707106781187,-3.619063237055E-14,
    -0.707106781187));
#10674 = ADVANCED_FACE('',(#10675,#10735,#10805,#10816),#10827,.T.);
#10675 = FACE_BOUND('',#10676,.T.);
#10676 = EDGE_LOOP('',(#10677,#10678,#10686,#10695,#10703,#10712,#10720,
    #10729));
#10677 = ORIENTED_EDGE('',*,*,#10663,.T.);
#10678 = ORIENTED_EDGE('',*,*,#10679,.F.);
#10679 = EDGE_CURVE('',#10680,#10639,#10682,.T.);
#10680 = VERTEX_POINT('',#10681);
#10681 = CARTESIAN_POINT('',(57.234551580639,-150.5943824537,
    -389.7226602656));
#10682 = LINE('',#10683,#10684);
#10683 = CARTESIAN_POINT('',(80.359551580639,-150.5943824537,
    -389.7226602656));
#10684 = VECTOR('',#10685,1.);
#10685 = DIRECTION('',(1.,-1.218266296756E-29,-1.249000770354E-16));
#10686 = ORIENTED_EDGE('',*,*,#10687,.T.);
#10687 = EDGE_CURVE('',#10680,#10688,#10690,.T.);
#10688 = VERTEX_POINT('',#10689);
#10689 = CARTESIAN_POINT('',(53.234551580639,-150.5943824537,
    -385.7226602656));
#10690 = CIRCLE('',#10691,4.);
#10691 = AXIS2_PLACEMENT_3D('',#10692,#10693,#10694);
#10692 = CARTESIAN_POINT('',(57.234551580639,-150.5943824537,
    -385.7226602656));
#10693 = DIRECTION('',(7.516903841635E-30,1.,-5.195843755246E-14));
#10694 = DIRECTION('',(-0.707106781187,-3.67401635332E-14,
    -0.707106781187));
#10695 = ORIENTED_EDGE('',*,*,#10696,.F.);
#10696 = EDGE_CURVE('',#10697,#10688,#10699,.T.);
#10697 = VERTEX_POINT('',#10698);
#10698 = CARTESIAN_POINT('',(53.234551580639,-150.5943824537,
    -380.9226602656));
#10699 = LINE('',#10700,#10701);
#10700 = CARTESIAN_POINT('',(53.234551580639,-150.5943824537,
    -356.8101602656));
#10701 = VECTOR('',#10702,1.);
#10702 = DIRECTION('',(-5.997154091582E-15,-5.195843755246E-14,-1.));
#10703 = ORIENTED_EDGE('',*,*,#10704,.T.);
#10704 = EDGE_CURVE('',#10697,#10705,#10707,.T.);
#10705 = VERTEX_POINT('',#10706);
#10706 = CARTESIAN_POINT('',(57.234551580639,-150.5943824537,
    -376.9226602656));
#10707 = CIRCLE('',#10708,4.);
#10708 = AXIS2_PLACEMENT_3D('',#10709,#10710,#10711);
#10709 = CARTESIAN_POINT('',(57.234551580639,-150.5943824537,
    -380.9226602656));
#10710 = DIRECTION('',(1.052573878925E-29,1.,-5.195843755246E-14));
#10711 = DIRECTION('',(-0.707106781187,3.67401635332E-14,0.707106781187)
  );
#10712 = ORIENTED_EDGE('',*,*,#10713,.F.);
#10713 = EDGE_CURVE('',#10714,#10705,#10716,.T.);
#10714 = VERTEX_POINT('',#10715);
#10715 = CARTESIAN_POINT('',(94.234551580639,-150.5943824537,
    -376.9226602656));
#10716 = LINE('',#10717,#10718);
#10717 = CARTESIAN_POINT('',(71.109551580639,-150.5943824537,
    -376.9226602656));
#10718 = VECTOR('',#10719,1.);
#10719 = DIRECTION('',(-1.,1.218266296756E-29,1.249000770354E-16));
#10720 = ORIENTED_EDGE('',*,*,#10721,.T.);
#10721 = EDGE_CURVE('',#10714,#10722,#10724,.T.);
#10722 = VERTEX_POINT('',#10723);
#10723 = CARTESIAN_POINT('',(98.234551580639,-150.5943824537,
    -380.9226602656));
#10724 = CIRCLE('',#10725,4.);
#10725 = AXIS2_PLACEMENT_3D('',#10726,#10727,#10728);
#10726 = CARTESIAN_POINT('',(94.234551580639,-150.5943824537,
    -380.9226602656));
#10727 = DIRECTION('',(5.58234129113E-30,1.,-5.195843755246E-14));
#10728 = DIRECTION('',(0.707106781187,3.67401635332E-14,0.707106781187)
  );
#10729 = ORIENTED_EDGE('',*,*,#10730,.F.);
#10730 = EDGE_CURVE('',#10656,#10722,#10731,.T.);
#10731 = LINE('',#10732,#10733);
#10732 = CARTESIAN_POINT('',(98.234551580639,-150.5943824537,
    -359.8351602656));
#10733 = VECTOR('',#10734,1.);
#10734 = DIRECTION('',(5.997154091582E-15,5.195843755246E-14,1.));
#10735 = FACE_BOUND('',#10736,.T.);
#10736 = EDGE_LOOP('',(#10737,#10747,#10756,#10764,#10773,#10781,#10790,
    #10798));
#10737 = ORIENTED_EDGE('',*,*,#10738,.T.);
#10738 = EDGE_CURVE('',#10739,#10741,#10743,.T.);
#10739 = VERTEX_POINT('',#10740);
#10740 = CARTESIAN_POINT('',(66.484551580639,-150.5943824537,
    -388.7226602656));
#10741 = VERTEX_POINT('',#10742);
#10742 = CARTESIAN_POINT('',(84.984551580639,-150.5943824537,
    -388.7226602656));
#10743 = LINE('',#10744,#10745);
#10744 = CARTESIAN_POINT('',(80.359551580639,-150.5943824537,
    -388.7226602656));
#10745 = VECTOR('',#10746,1.);
#10746 = DIRECTION('',(1.,-1.218266296756E-29,-1.249000770354E-16));
#10747 = ORIENTED_EDGE('',*,*,#10748,.F.);
#10748 = EDGE_CURVE('',#10749,#10741,#10751,.T.);
#10749 = VERTEX_POINT('',#10750);
#10750 = CARTESIAN_POINT('',(86.984551580639,-150.5943824537,
    -386.7226602656));
#10751 = CIRCLE('',#10752,2.);
#10752 = AXIS2_PLACEMENT_3D('',#10753,#10754,#10755);
#10753 = CARTESIAN_POINT('',(84.984551580639,-150.5943824537,
    -386.7226602656));
#10754 = DIRECTION('',(7.77088325626E-30,1.,-5.195843755246E-14));
#10755 = DIRECTION('',(0.707106781187,-3.67401635332E-14,-0.707106781187
    ));
#10756 = ORIENTED_EDGE('',*,*,#10757,.F.);
#10757 = EDGE_CURVE('',#10758,#10749,#10760,.T.);
#10758 = VERTEX_POINT('',#10759);
#10759 = CARTESIAN_POINT('',(86.984551580639,-150.5943824537,
    -379.9226602656));
#10760 = LINE('',#10761,#10762);
#10761 = CARTESIAN_POINT('',(86.984551580639,-150.5943824537,
    -380.8101602656));
#10762 = VECTOR('',#10763,1.);
#10763 = DIRECTION('',(-3.659938563404E-15,-5.195843755246E-14,-1.));
#10764 = ORIENTED_EDGE('',*,*,#10765,.F.);
#10765 = EDGE_CURVE('',#10766,#10758,#10768,.T.);
#10766 = VERTEX_POINT('',#10767);
#10767 = CARTESIAN_POINT('',(84.984551580639,-150.5943824537,
    -377.9226602656));
#10768 = CIRCLE('',#10769,2.);
#10769 = AXIS2_PLACEMENT_3D('',#10770,#10771,#10772);
#10770 = CARTESIAN_POINT('',(84.984551580639,-150.5943824537,
    -379.9226602656));
#10771 = DIRECTION('',(5.58234129113E-30,1.,-5.195843755246E-14));
#10772 = DIRECTION('',(0.707106781187,3.67401635332E-14,0.707106781187)
  );
#10773 = ORIENTED_EDGE('',*,*,#10774,.T.);
#10774 = EDGE_CURVE('',#10766,#10775,#10777,.T.);
#10775 = VERTEX_POINT('',#10776);
#10776 = CARTESIAN_POINT('',(66.484551580639,-150.5943824537,
    -377.9226602656));
#10777 = LINE('',#10778,#10779);
#10778 = CARTESIAN_POINT('',(71.109551580639,-150.5943824537,
    -377.9226602656));
#10779 = VECTOR('',#10780,1.);
#10780 = DIRECTION('',(-1.,1.218266296756E-29,1.249000770354E-16));
#10781 = ORIENTED_EDGE('',*,*,#10782,.F.);
#10782 = EDGE_CURVE('',#10783,#10775,#10785,.T.);
#10783 = VERTEX_POINT('',#10784);
#10784 = CARTESIAN_POINT('',(64.484551580639,-150.5943824537,
    -379.9226602656));
#10785 = CIRCLE('',#10786,2.);
#10786 = AXIS2_PLACEMENT_3D('',#10787,#10788,#10789);
#10787 = CARTESIAN_POINT('',(66.484551580639,-150.5943824537,
    -379.9226602656));
#10788 = DIRECTION('',(7.77088325626E-30,1.,-5.195843755246E-14));
#10789 = DIRECTION('',(-0.707106781187,3.67401635332E-14,0.707106781187)
  );
#10790 = ORIENTED_EDGE('',*,*,#10791,.F.);
#10791 = EDGE_CURVE('',#10792,#10783,#10794,.T.);
#10792 = VERTEX_POINT('',#10793);
#10793 = CARTESIAN_POINT('',(64.484551580639,-150.5943824537,
    -386.7226602656));
#10794 = LINE('',#10795,#10796);
#10795 = CARTESIAN_POINT('',(64.484551580639,-150.5943824537,
    -385.8351602656));
#10796 = VECTOR('',#10797,1.);
#10797 = DIRECTION('',(-3.410138409333E-15,5.195843755246E-14,1.));
#10798 = ORIENTED_EDGE('',*,*,#10799,.F.);
#10799 = EDGE_CURVE('',#10739,#10792,#10800,.T.);
#10800 = CIRCLE('',#10801,2.);
#10801 = AXIS2_PLACEMENT_3D('',#10802,#10803,#10804);
#10802 = CARTESIAN_POINT('',(66.484551580639,-150.5943824537,
    -386.7226602656));
#10803 = DIRECTION('',(6.697959082119E-30,1.,-5.195843755246E-14));
#10804 = DIRECTION('',(-0.707106781187,-3.67401635332E-14,
    -0.707106781187));
#10805 = FACE_BOUND('',#10806,.T.);
#10806 = EDGE_LOOP('',(#10807));
#10807 = ORIENTED_EDGE('',*,*,#10808,.F.);
#10808 = EDGE_CURVE('',#10809,#10809,#10811,.T.);
#10809 = VERTEX_POINT('',#10810);
#10810 = CARTESIAN_POINT('',(87.734551580639,-150.5943824537,
    -383.3226602656));
#10811 = CIRCLE('',#10812,1.5);
#10812 = AXIS2_PLACEMENT_3D('',#10813,#10814,#10815);
#10813 = CARTESIAN_POINT('',(89.234551580639,-150.5943824537,
    -383.3226602656));
#10814 = DIRECTION('',(5.693050114613E-30,1.,-5.195843755246E-14));
#10815 = DIRECTION('',(1.,-1.218266296756E-29,-1.249000770354E-16));
#10816 = FACE_BOUND('',#10817,.T.);
#10817 = EDGE_LOOP('',(#10818));
#10818 = ORIENTED_EDGE('',*,*,#10819,.F.);
#10819 = EDGE_CURVE('',#10820,#10820,#10822,.T.);
#10820 = VERTEX_POINT('',#10821);
#10821 = CARTESIAN_POINT('',(60.734551580639,-150.5943824537,
    -383.3226602656));
#10822 = CIRCLE('',#10823,1.5);
#10823 = AXIS2_PLACEMENT_3D('',#10824,#10825,#10826);
#10824 = CARTESIAN_POINT('',(62.234551580639,-150.5943824537,
    -383.3226602656));
#10825 = DIRECTION('',(5.693050114613E-30,1.,-5.195843755246E-14));
#10826 = DIRECTION('',(1.,-1.218266296756E-29,-1.249000770354E-16));
#10827 = PLANE('',#10828);
#10828 = AXIS2_PLACEMENT_3D('',#10829,#10830,#10831);
#10829 = CARTESIAN_POINT('',(75.734551580639,-150.5943824537,
    -358.3226602656));
#10830 = DIRECTION('',(5.693050114613E-30,1.,-5.195843755246E-14));
#10831 = DIRECTION('',(-1.,1.218266296756E-29,1.249000770354E-16));
#10832 = ADVANCED_FACE('',(#10833),#10851,.F.);
#10833 = FACE_BOUND('',#10834,.T.);
#10834 = EDGE_LOOP('',(#10835,#10836,#10844,#10850));
#10835 = ORIENTED_EDGE('',*,*,#10636,.F.);
#10836 = ORIENTED_EDGE('',*,*,#10837,.F.);
#10837 = EDGE_CURVE('',#10838,#10637,#10840,.T.);
#10838 = VERTEX_POINT('',#10839);
#10839 = CARTESIAN_POINT('',(57.234551580639,-149.5943824537,
    -389.7226602656));
#10840 = LINE('',#10841,#10842);
#10841 = CARTESIAN_POINT('',(75.359551580639,-149.5943824537,
    -389.7226602656));
#10842 = VECTOR('',#10843,1.);
#10843 = DIRECTION('',(1.,-1.224583227073E-29,-1.249000770354E-16));
#10844 = ORIENTED_EDGE('',*,*,#10845,.F.);
#10845 = EDGE_CURVE('',#10680,#10838,#10846,.T.);
#10846 = LINE('',#10847,#10848);
#10847 = CARTESIAN_POINT('',(57.234551580639,-154.5943824537,
    -389.7226602656));
#10848 = VECTOR('',#10849,1.);
#10849 = DIRECTION('',(1.04169342465E-29,1.,-5.118128312928E-14));
#10850 = ORIENTED_EDGE('',*,*,#10679,.T.);
#10851 = PLANE('',#10852);
#10852 = AXIS2_PLACEMENT_3D('',#10853,#10854,#10855);
#10853 = CARTESIAN_POINT('',(84.984551580639,-159.5943824537,
    -389.7226602656));
#10854 = DIRECTION('',(-1.249000770354E-16,-5.118128312928E-14,-1.));
#10855 = DIRECTION('',(1.110214554296E-16,-1.,5.118128312928E-14));
#10856 = ADVANCED_FACE('',(#10857),#10876,.F.);
#10857 = FACE_BOUND('',#10858,.F.);
#10858 = EDGE_LOOP('',(#10859,#10867,#10874,#10875));
#10859 = ORIENTED_EDGE('',*,*,#10860,.F.);
#10860 = EDGE_CURVE('',#10861,#10688,#10863,.T.);
#10861 = VERTEX_POINT('',#10862);
#10862 = CARTESIAN_POINT('',(53.234551580639,-149.5943824537,
    -385.7226602656));
#10863 = LINE('',#10864,#10865);
#10864 = CARTESIAN_POINT('',(53.234551580639,-154.5943824537,
    -385.7226602656));
#10865 = VECTOR('',#10866,1.);
#10866 = DIRECTION('',(-1.04169342465E-29,-1.,5.118128312928E-14));
#10867 = ORIENTED_EDGE('',*,*,#10868,.F.);
#10868 = EDGE_CURVE('',#10838,#10861,#10869,.T.);
#10869 = CIRCLE('',#10870,4.);
#10870 = AXIS2_PLACEMENT_3D('',#10871,#10872,#10873);
#10871 = CARTESIAN_POINT('',(57.234551580639,-149.5943824537,
    -385.7226602656));
#10872 = DIRECTION('',(7.516903841635E-30,1.,-5.195843755246E-14));
#10873 = DIRECTION('',(-0.707106781187,-3.67401635332E-14,
    -0.707106781187));
#10874 = ORIENTED_EDGE('',*,*,#10845,.F.);
#10875 = ORIENTED_EDGE('',*,*,#10687,.T.);
#10876 = CYLINDRICAL_SURFACE('',#10877,4.);
#10877 = AXIS2_PLACEMENT_3D('',#10878,#10879,#10880);
#10878 = CARTESIAN_POINT('',(57.234551580639,-154.5943824537,
    -385.7226602656));
#10879 = DIRECTION('',(1.04169342465E-29,1.,-5.118128312928E-14));
#10880 = DIRECTION('',(-0.707106781187,-3.619063237055E-14,
    -0.707106781187));
#10881 = ADVANCED_FACE('',(#10882),#10918,.F.);
#10882 = FACE_BOUND('',#10883,.F.);
#10883 = EDGE_LOOP('',(#10884,#10894,#10903,#10911));
#10884 = ORIENTED_EDGE('',*,*,#10885,.F.);
#10885 = EDGE_CURVE('',#10886,#10888,#10890,.T.);
#10886 = VERTEX_POINT('',#10887);
#10887 = CARTESIAN_POINT('',(53.234551580639,-149.5943824537,
    -410.7226602656));
#10888 = VERTEX_POINT('',#10889);
#10889 = CARTESIAN_POINT('',(53.234551580639,-150.5943824537,
    -410.7226602656));
#10890 = LINE('',#10891,#10892);
#10891 = CARTESIAN_POINT('',(53.234551580639,-154.5943824537,
    -410.7226602656));
#10892 = VECTOR('',#10893,1.);
#10893 = DIRECTION('',(-1.04169342465E-29,-1.,5.118128312928E-14));
#10894 = ORIENTED_EDGE('',*,*,#10895,.F.);
#10895 = EDGE_CURVE('',#10896,#10886,#10898,.T.);
#10896 = VERTEX_POINT('',#10897);
#10897 = CARTESIAN_POINT('',(57.234551580639,-149.5943824537,
    -414.7226602656));
#10898 = CIRCLE('',#10899,4.);
#10899 = AXIS2_PLACEMENT_3D('',#10900,#10901,#10902);
#10900 = CARTESIAN_POINT('',(57.234551580639,-149.5943824537,
    -410.7226602656));
#10901 = DIRECTION('',(5.58234129113E-30,1.,-5.195843755246E-14));
#10902 = DIRECTION('',(-0.707106781187,-3.67401635332E-14,
    -0.707106781187));
#10903 = ORIENTED_EDGE('',*,*,#10904,.F.);
#10904 = EDGE_CURVE('',#10905,#10896,#10907,.T.);
#10905 = VERTEX_POINT('',#10906);
#10906 = CARTESIAN_POINT('',(57.234551580639,-150.5943824537,
    -414.7226602656));
#10907 = LINE('',#10908,#10909);
#10908 = CARTESIAN_POINT('',(57.234551580639,-154.5943824537,
    -414.7226602656));
#10909 = VECTOR('',#10910,1.);
#10910 = DIRECTION('',(1.04169342465E-29,1.,-5.118128312928E-14));
#10911 = ORIENTED_EDGE('',*,*,#10912,.T.);
#10912 = EDGE_CURVE('',#10905,#10888,#10913,.T.);
#10913 = CIRCLE('',#10914,4.);
#10914 = AXIS2_PLACEMENT_3D('',#10915,#10916,#10917);
#10915 = CARTESIAN_POINT('',(57.234551580639,-150.5943824537,
    -410.7226602656));
#10916 = DIRECTION('',(5.58234129113E-30,1.,-5.195843755246E-14));
#10917 = DIRECTION('',(-0.707106781187,-3.67401635332E-14,
    -0.707106781187));
#10918 = CYLINDRICAL_SURFACE('',#10919,4.);
#10919 = AXIS2_PLACEMENT_3D('',#10920,#10921,#10922);
#10920 = CARTESIAN_POINT('',(57.234551580639,-154.5943824537,
    -410.7226602656));
#10921 = DIRECTION('',(1.04169342465E-29,1.,-5.118128312928E-14));
#10922 = DIRECTION('',(-0.707106781187,-3.619063237055E-14,
    -0.707106781187));
#10923 = ADVANCED_FACE('',(#10924,#10967,#11037,#11048),#11059,.T.);
#10924 = FACE_BOUND('',#10925,.T.);
#10925 = EDGE_LOOP('',(#10926,#10927,#10933,#10934,#10942,#10951,#10959,
    #10966));
#10926 = ORIENTED_EDGE('',*,*,#10590,.T.);
#10927 = ORIENTED_EDGE('',*,*,#10928,.F.);
#10928 = EDGE_CURVE('',#10905,#10566,#10929,.T.);
#10929 = LINE('',#10930,#10931);
#10930 = CARTESIAN_POINT('',(80.359551580639,-150.5943824537,
    -414.7226602656));
#10931 = VECTOR('',#10932,1.);
#10932 = DIRECTION('',(1.,-1.218266296756E-29,-1.249000770354E-16));
#10933 = ORIENTED_EDGE('',*,*,#10912,.T.);
#10934 = ORIENTED_EDGE('',*,*,#10935,.F.);
#10935 = EDGE_CURVE('',#10936,#10888,#10938,.T.);
#10936 = VERTEX_POINT('',#10937);
#10937 = CARTESIAN_POINT('',(53.234551580639,-150.5943824537,
    -405.9226602656));
#10938 = LINE('',#10939,#10940);
#10939 = CARTESIAN_POINT('',(53.234551580639,-150.5943824537,
    -356.8101602656));
#10940 = VECTOR('',#10941,1.);
#10941 = DIRECTION('',(-5.997154091582E-15,-5.195843755246E-14,-1.));
#10942 = ORIENTED_EDGE('',*,*,#10943,.T.);
#10943 = EDGE_CURVE('',#10936,#10944,#10946,.T.);
#10944 = VERTEX_POINT('',#10945);
#10945 = CARTESIAN_POINT('',(57.234551580639,-150.5943824537,
    -401.9226602656));
#10946 = CIRCLE('',#10947,4.);
#10947 = AXIS2_PLACEMENT_3D('',#10948,#10949,#10950);
#10948 = CARTESIAN_POINT('',(57.234551580639,-150.5943824537,
    -405.9226602656));
#10949 = DIRECTION('',(4.423355771807E-30,1.,-5.195843755246E-14));
#10950 = DIRECTION('',(-0.707106781187,3.67401635332E-14,0.707106781187)
  );
#10951 = ORIENTED_EDGE('',*,*,#10952,.F.);
#10952 = EDGE_CURVE('',#10953,#10944,#10955,.T.);
#10953 = VERTEX_POINT('',#10954);
#10954 = CARTESIAN_POINT('',(94.234551580639,-150.5943824537,
    -401.9226602656));
#10955 = LINE('',#10956,#10957);
#10956 = CARTESIAN_POINT('',(71.109551580639,-150.5943824537,
    -401.9226602656));
#10957 = VECTOR('',#10958,1.);
#10958 = DIRECTION('',(-1.,1.218266296756E-29,1.249000770354E-16));
#10959 = ORIENTED_EDGE('',*,*,#10960,.T.);
#10960 = EDGE_CURVE('',#10953,#10607,#10961,.T.);
#10961 = CIRCLE('',#10962,4.);
#10962 = AXIS2_PLACEMENT_3D('',#10963,#10964,#10965);
#10963 = CARTESIAN_POINT('',(94.234551580639,-150.5943824537,
    -405.9226602656));
#10964 = DIRECTION('',(8.527932464719E-30,1.,-5.195843755246E-14));
#10965 = DIRECTION('',(0.707106781187,3.67401635332E-14,0.707106781187)
  );
#10966 = ORIENTED_EDGE('',*,*,#10606,.F.);
#10967 = FACE_BOUND('',#10968,.T.);
#10968 = EDGE_LOOP('',(#10969,#10979,#10988,#10996,#11005,#11013,#11022,
    #11030));
#10969 = ORIENTED_EDGE('',*,*,#10970,.T.);
#10970 = EDGE_CURVE('',#10971,#10973,#10975,.T.);
#10971 = VERTEX_POINT('',#10972);
#10972 = CARTESIAN_POINT('',(84.984551580639,-150.5943824537,
    -402.9226602656));
#10973 = VERTEX_POINT('',#10974);
#10974 = CARTESIAN_POINT('',(66.484551580639,-150.5943824537,
    -402.9226602656));
#10975 = LINE('',#10976,#10977);
#10976 = CARTESIAN_POINT('',(71.109551580639,-150.5943824537,
    -402.9226602656));
#10977 = VECTOR('',#10978,1.);
#10978 = DIRECTION('',(-1.,1.218266296756E-29,1.249000770354E-16));
#10979 = ORIENTED_EDGE('',*,*,#10980,.F.);
#10980 = EDGE_CURVE('',#10981,#10973,#10983,.T.);
#10981 = VERTEX_POINT('',#10982);
#10982 = CARTESIAN_POINT('',(64.484551580639,-150.5943824537,
    -404.9226602656));
#10983 = CIRCLE('',#10984,2.);
#10984 = AXIS2_PLACEMENT_3D('',#10985,#10986,#10987);
#10985 = CARTESIAN_POINT('',(66.484551580639,-150.5943824537,
    -404.9226602656));
#10986 = DIRECTION('',(7.77088325626E-30,1.,-5.195843755246E-14));
#10987 = DIRECTION('',(-0.707106781187,3.67401635332E-14,0.707106781187)
  );
#10988 = ORIENTED_EDGE('',*,*,#10989,.F.);
#10989 = EDGE_CURVE('',#10990,#10981,#10992,.T.);
#10990 = VERTEX_POINT('',#10991);
#10991 = CARTESIAN_POINT('',(64.484551580639,-150.5943824537,
    -411.7226602656));
#10992 = LINE('',#10993,#10994);
#10993 = CARTESIAN_POINT('',(64.484551580639,-150.5943824537,
    -410.8351602656));
#10994 = VECTOR('',#10995,1.);
#10995 = DIRECTION('',(-3.410138409333E-15,5.195843755246E-14,1.));
#10996 = ORIENTED_EDGE('',*,*,#10997,.F.);
#10997 = EDGE_CURVE('',#10998,#10990,#11000,.T.);
#10998 = VERTEX_POINT('',#10999);
#10999 = CARTESIAN_POINT('',(66.484551580639,-150.5943824537,
    -413.7226602656));
#11000 = CIRCLE('',#11001,2.);
#11001 = AXIS2_PLACEMENT_3D('',#11002,#11003,#11004);
#11002 = CARTESIAN_POINT('',(66.484551580639,-150.5943824537,
    -411.7226602656));
#11003 = DIRECTION('',(6.697959082119E-30,1.,-5.195843755246E-14));
#11004 = DIRECTION('',(-0.707106781187,-3.67401635332E-14,
    -0.707106781187));
#11005 = ORIENTED_EDGE('',*,*,#11006,.T.);
#11006 = EDGE_CURVE('',#10998,#11007,#11009,.T.);
#11007 = VERTEX_POINT('',#11008);
#11008 = CARTESIAN_POINT('',(84.984551580639,-150.5943824537,
    -413.7226602656));
#11009 = LINE('',#11010,#11011);
#11010 = CARTESIAN_POINT('',(80.359551580639,-150.5943824537,
    -413.7226602656));
#11011 = VECTOR('',#11012,1.);
#11012 = DIRECTION('',(1.,-1.218266296756E-29,-1.249000770354E-16));
#11013 = ORIENTED_EDGE('',*,*,#11014,.F.);
#11014 = EDGE_CURVE('',#11015,#11007,#11017,.T.);
#11015 = VERTEX_POINT('',#11016);
#11016 = CARTESIAN_POINT('',(86.984551580639,-150.5943824537,
    -411.7226602656));
#11017 = CIRCLE('',#11018,2.);
#11018 = AXIS2_PLACEMENT_3D('',#11019,#11020,#11021);
#11019 = CARTESIAN_POINT('',(84.984551580639,-150.5943824537,
    -411.7226602656));
#11020 = DIRECTION('',(7.77088325626E-30,1.,-5.195843755246E-14));
#11021 = DIRECTION('',(0.707106781187,-3.67401635332E-14,-0.707106781187
    ));
#11022 = ORIENTED_EDGE('',*,*,#11023,.F.);
#11023 = EDGE_CURVE('',#11024,#11015,#11026,.T.);
#11024 = VERTEX_POINT('',#11025);
#11025 = CARTESIAN_POINT('',(86.984551580639,-150.5943824537,
    -404.9226602656));
#11026 = LINE('',#11027,#11028);
#11027 = CARTESIAN_POINT('',(86.984551580639,-150.5943824537,
    -405.8101602656));
#11028 = VECTOR('',#11029,1.);
#11029 = DIRECTION('',(-3.659938563404E-15,-5.195843755246E-14,-1.));
#11030 = ORIENTED_EDGE('',*,*,#11031,.F.);
#11031 = EDGE_CURVE('',#10971,#11024,#11032,.T.);
#11032 = CIRCLE('',#11033,2.);
#11033 = AXIS2_PLACEMENT_3D('',#11034,#11035,#11036);
#11034 = CARTESIAN_POINT('',(84.984551580639,-150.5943824537,
    -404.9226602656));
#11035 = DIRECTION('',(6.697959082119E-30,1.,-5.195843755246E-14));
#11036 = DIRECTION('',(0.707106781187,3.67401635332E-14,0.707106781187)
  );
#11037 = FACE_BOUND('',#11038,.T.);
#11038 = EDGE_LOOP('',(#11039));
#11039 = ORIENTED_EDGE('',*,*,#11040,.F.);
#11040 = EDGE_CURVE('',#11041,#11041,#11043,.T.);
#11041 = VERTEX_POINT('',#11042);
#11042 = CARTESIAN_POINT('',(60.734551580639,-150.5943824537,
    -408.3226602656));
#11043 = CIRCLE('',#11044,1.5);
#11044 = AXIS2_PLACEMENT_3D('',#11045,#11046,#11047);
#11045 = CARTESIAN_POINT('',(62.234551580639,-150.5943824537,
    -408.3226602656));
#11046 = DIRECTION('',(5.693050114613E-30,1.,-5.195843755246E-14));
#11047 = DIRECTION('',(1.,-1.218266296756E-29,-1.249000770354E-16));
#11048 = FACE_BOUND('',#11049,.T.);
#11049 = EDGE_LOOP('',(#11050));
#11050 = ORIENTED_EDGE('',*,*,#11051,.F.);
#11051 = EDGE_CURVE('',#11052,#11052,#11054,.T.);
#11052 = VERTEX_POINT('',#11053);
#11053 = CARTESIAN_POINT('',(87.734551580639,-150.5943824537,
    -408.3226602656));
#11054 = CIRCLE('',#11055,1.5);
#11055 = AXIS2_PLACEMENT_3D('',#11056,#11057,#11058);
#11056 = CARTESIAN_POINT('',(89.234551580639,-150.5943824537,
    -408.3226602656));
#11057 = DIRECTION('',(5.693050114613E-30,1.,-5.195843755246E-14));
#11058 = DIRECTION('',(1.,-1.218266296756E-29,-1.249000770354E-16));
#11059 = PLANE('',#11060);
#11060 = AXIS2_PLACEMENT_3D('',#11061,#11062,#11063);
#11061 = CARTESIAN_POINT('',(75.734551580639,-150.5943824537,
    -358.3226602656));
#11062 = DIRECTION('',(5.693050114613E-30,1.,-5.195843755246E-14));
#11063 = DIRECTION('',(-1.,1.218266296756E-29,1.249000770354E-16));
#11064 = ADVANCED_FACE('',(#11065),#11083,.F.);
#11065 = FACE_BOUND('',#11066,.T.);
#11066 = EDGE_LOOP('',(#11067,#11068,#11076,#11082));
#11067 = ORIENTED_EDGE('',*,*,#10885,.F.);
#11068 = ORIENTED_EDGE('',*,*,#11069,.F.);
#11069 = EDGE_CURVE('',#11070,#10886,#11072,.T.);
#11070 = VERTEX_POINT('',#11071);
#11071 = CARTESIAN_POINT('',(53.234551580639,-149.5943824537,
    -405.9226602656));
#11072 = LINE('',#11073,#11074);
#11073 = CARTESIAN_POINT('',(53.234551580639,-149.5943824537,
    -433.1599504886));
#11074 = VECTOR('',#11075,1.);
#11075 = DIRECTION('',(-1.249000770354E-16,-5.195843755246E-14,-1.));
#11076 = ORIENTED_EDGE('',*,*,#11077,.F.);
#11077 = EDGE_CURVE('',#10936,#11070,#11078,.T.);
#11078 = LINE('',#11079,#11080);
#11079 = CARTESIAN_POINT('',(53.234551580639,-154.5943824537,
    -405.9226602656));
#11080 = VECTOR('',#11081,1.);
#11081 = DIRECTION('',(1.04169342465E-29,1.,-5.118128312928E-14));
#11082 = ORIENTED_EDGE('',*,*,#10935,.T.);
#11083 = PLANE('',#11084);
#11084 = AXIS2_PLACEMENT_3D('',#11085,#11086,#11087);
#11085 = CARTESIAN_POINT('',(53.234551580639,-149.5943824537,
    -355.2976602656));
#11086 = DIRECTION('',(-1.,3.173589757777E-28,5.997154091582E-15));
#11087 = DIRECTION('',(-5.997154091582E-15,-5.195843755246E-14,-1.));
#11088 = ADVANCED_FACE('',(#11089),#11125,.F.);
#11089 = FACE_BOUND('',#11090,.F.);
#11090 = EDGE_LOOP('',(#11091,#11101,#11110,#11118));
#11091 = ORIENTED_EDGE('',*,*,#11092,.F.);
#11092 = EDGE_CURVE('',#11093,#11095,#11097,.T.);
#11093 = VERTEX_POINT('',#11094);
#11094 = CARTESIAN_POINT('',(53.234551580638,-149.5943824537,
    -435.7226602656));
#11095 = VERTEX_POINT('',#11096);
#11096 = CARTESIAN_POINT('',(53.234551580638,-150.5943824537,
    -435.7226602656));
#11097 = LINE('',#11098,#11099);
#11098 = CARTESIAN_POINT('',(53.234551580638,-154.5943824537,
    -435.7226602656));
#11099 = VECTOR('',#11100,1.);
#11100 = DIRECTION('',(-1.04169342465E-29,-1.,5.118128312928E-14));
#11101 = ORIENTED_EDGE('',*,*,#11102,.F.);
#11102 = EDGE_CURVE('',#11103,#11093,#11105,.T.);
#11103 = VERTEX_POINT('',#11104);
#11104 = CARTESIAN_POINT('',(57.234551580638,-149.5943824537,
    -439.7226602656));
#11105 = CIRCLE('',#11106,4.);
#11106 = AXIS2_PLACEMENT_3D('',#11107,#11108,#11109);
#11107 = CARTESIAN_POINT('',(57.234551580638,-149.5943824537,
    -435.7226602656));
#11108 = DIRECTION('',(8.527932464719E-30,1.,-5.195843755246E-14));
#11109 = DIRECTION('',(-0.707106781187,-3.67401635332E-14,
    -0.707106781187));
#11110 = ORIENTED_EDGE('',*,*,#11111,.F.);
#11111 = EDGE_CURVE('',#11112,#11103,#11114,.T.);
#11112 = VERTEX_POINT('',#11113);
#11113 = CARTESIAN_POINT('',(57.234551580638,-150.5943824537,
    -439.7226602656));
#11114 = LINE('',#11115,#11116);
#11115 = CARTESIAN_POINT('',(57.234551580638,-154.5943824537,
    -439.7226602656));
#11116 = VECTOR('',#11117,1.);
#11117 = DIRECTION('',(1.04169342465E-29,1.,-5.118128312928E-14));
#11118 = ORIENTED_EDGE('',*,*,#11119,.T.);
#11119 = EDGE_CURVE('',#11112,#11095,#11120,.T.);
#11120 = CIRCLE('',#11121,4.);
#11121 = AXIS2_PLACEMENT_3D('',#11122,#11123,#11124);
#11122 = CARTESIAN_POINT('',(57.234551580638,-150.5943824537,
    -435.7226602656));
#11123 = DIRECTION('',(8.527932464719E-30,1.,-5.195843755246E-14));
#11124 = DIRECTION('',(-0.707106781187,-3.67401635332E-14,
    -0.707106781187));
#11125 = CYLINDRICAL_SURFACE('',#11126,4.);
#11126 = AXIS2_PLACEMENT_3D('',#11127,#11128,#11129);
#11127 = CARTESIAN_POINT('',(57.234551580638,-154.5943824537,
    -435.7226602656));
#11128 = DIRECTION('',(1.04169342465E-29,1.,-5.118128312928E-14));
#11129 = DIRECTION('',(-0.707106781187,-3.619063237055E-14,
    -0.707106781187));
#11130 = ADVANCED_FACE('',(#11131,#11174,#11244,#11255),#11266,.T.);
#11131 = FACE_BOUND('',#11132,.T.);
#11132 = EDGE_LOOP('',(#11133,#11134,#11140,#11141,#11149,#11158,#11166,
    #11173));
#11133 = ORIENTED_EDGE('',*,*,#10517,.T.);
#11134 = ORIENTED_EDGE('',*,*,#11135,.F.);
#11135 = EDGE_CURVE('',#11112,#10493,#11136,.T.);
#11136 = LINE('',#11137,#11138);
#11137 = CARTESIAN_POINT('',(80.359551580639,-150.5943824537,
    -439.7226602656));
#11138 = VECTOR('',#11139,1.);
#11139 = DIRECTION('',(1.,-1.218266296756E-29,-1.249000770354E-16));
#11140 = ORIENTED_EDGE('',*,*,#11119,.T.);
#11141 = ORIENTED_EDGE('',*,*,#11142,.F.);
#11142 = EDGE_CURVE('',#11143,#11095,#11145,.T.);
#11143 = VERTEX_POINT('',#11144);
#11144 = CARTESIAN_POINT('',(53.234551580638,-150.5943824537,
    -430.9226602656));
#11145 = LINE('',#11146,#11147);
#11146 = CARTESIAN_POINT('',(53.234551580639,-150.5943824537,
    -356.8101602656));
#11147 = VECTOR('',#11148,1.);
#11148 = DIRECTION('',(-5.997154091582E-15,-5.195843755246E-14,-1.));
#11149 = ORIENTED_EDGE('',*,*,#11150,.T.);
#11150 = EDGE_CURVE('',#11143,#11151,#11153,.T.);
#11151 = VERTEX_POINT('',#11152);
#11152 = CARTESIAN_POINT('',(57.234551580638,-150.5943824537,
    -426.9226602656));
#11153 = CIRCLE('',#11154,4.);
#11154 = AXIS2_PLACEMENT_3D('',#11155,#11156,#11157);
#11155 = CARTESIAN_POINT('',(57.234551580638,-150.5943824537,
    -430.9226602656));
#11156 = DIRECTION('',(1.052573878925E-29,1.,-5.195843755246E-14));
#11157 = DIRECTION('',(-0.707106781187,3.67401635332E-14,0.707106781187)
  );
#11158 = ORIENTED_EDGE('',*,*,#11159,.F.);
#11159 = EDGE_CURVE('',#11160,#11151,#11162,.T.);
#11160 = VERTEX_POINT('',#11161);
#11161 = CARTESIAN_POINT('',(94.234551580639,-150.5943824537,
    -426.9226602656));
#11162 = LINE('',#11163,#11164);
#11163 = CARTESIAN_POINT('',(71.109551580639,-150.5943824537,
    -426.9226602656));
#11164 = VECTOR('',#11165,1.);
#11165 = DIRECTION('',(-1.,1.218266296756E-29,1.249000770354E-16));
#11166 = ORIENTED_EDGE('',*,*,#11167,.T.);
#11167 = EDGE_CURVE('',#11160,#10534,#11168,.T.);
#11168 = CIRCLE('',#11169,4.);
#11169 = AXIS2_PLACEMENT_3D('',#11170,#11171,#11172);
#11170 = CARTESIAN_POINT('',(94.234551580639,-150.5943824537,
    -430.9226602656));
#11171 = DIRECTION('',(8.527932464719E-30,1.,-5.195843755246E-14));
#11172 = DIRECTION('',(0.707106781187,3.67401635332E-14,0.707106781187)
  );
#11173 = ORIENTED_EDGE('',*,*,#10533,.F.);
#11174 = FACE_BOUND('',#11175,.T.);
#11175 = EDGE_LOOP('',(#11176,#11186,#11195,#11203,#11212,#11220,#11229,
    #11237));
#11176 = ORIENTED_EDGE('',*,*,#11177,.T.);
#11177 = EDGE_CURVE('',#11178,#11180,#11182,.T.);
#11178 = VERTEX_POINT('',#11179);
#11179 = CARTESIAN_POINT('',(84.984551580639,-150.5943824537,
    -427.9226602656));
#11180 = VERTEX_POINT('',#11181);
#11181 = CARTESIAN_POINT('',(66.484551580639,-150.5943824537,
    -427.9226602656));
#11182 = LINE('',#11183,#11184);
#11183 = CARTESIAN_POINT('',(71.109551580639,-150.5943824537,
    -427.9226602656));
#11184 = VECTOR('',#11185,1.);
#11185 = DIRECTION('',(-1.,1.218266296756E-29,1.249000770354E-16));
#11186 = ORIENTED_EDGE('',*,*,#11187,.F.);
#11187 = EDGE_CURVE('',#11188,#11180,#11190,.T.);
#11188 = VERTEX_POINT('',#11189);
#11189 = CARTESIAN_POINT('',(64.484551580639,-150.5943824537,
    -429.9226602656));
#11190 = CIRCLE('',#11191,2.);
#11191 = AXIS2_PLACEMENT_3D('',#11192,#11193,#11194);
#11192 = CARTESIAN_POINT('',(66.484551580639,-150.5943824537,
    -429.9226602656));
#11193 = DIRECTION('',(7.77088325626E-30,1.,-5.195843755246E-14));
#11194 = DIRECTION('',(-0.707106781187,3.67401635332E-14,0.707106781187)
  );
#11195 = ORIENTED_EDGE('',*,*,#11196,.F.);
#11196 = EDGE_CURVE('',#11197,#11188,#11199,.T.);
#11197 = VERTEX_POINT('',#11198);
#11198 = CARTESIAN_POINT('',(64.484551580639,-150.5943824537,
    -436.7226602656));
#11199 = LINE('',#11200,#11201);
#11200 = CARTESIAN_POINT('',(64.484551580639,-150.5943824537,
    -438.3351602656));
#11201 = VECTOR('',#11202,1.);
#11202 = DIRECTION('',(1.249000770354E-16,5.195843755246E-14,1.));
#11203 = ORIENTED_EDGE('',*,*,#11204,.F.);
#11204 = EDGE_CURVE('',#11205,#11197,#11207,.T.);
#11205 = VERTEX_POINT('',#11206);
#11206 = CARTESIAN_POINT('',(66.484551580639,-150.5943824537,
    -438.7226602656));
#11207 = CIRCLE('',#11208,2.);
#11208 = AXIS2_PLACEMENT_3D('',#11209,#11210,#11211);
#11209 = CARTESIAN_POINT('',(66.484551580639,-150.5943824537,
    -436.7226602656));
#11210 = DIRECTION('',(6.697959082119E-30,1.,-5.195843755246E-14));
#11211 = DIRECTION('',(-0.707106781187,-3.67401635332E-14,
    -0.707106781187));
#11212 = ORIENTED_EDGE('',*,*,#11213,.T.);
#11213 = EDGE_CURVE('',#11205,#11214,#11216,.T.);
#11214 = VERTEX_POINT('',#11215);
#11215 = CARTESIAN_POINT('',(84.984551580639,-150.5943824537,
    -438.7226602656));
#11216 = LINE('',#11217,#11218);
#11217 = CARTESIAN_POINT('',(80.359551580639,-150.5943824537,
    -438.7226602656));
#11218 = VECTOR('',#11219,1.);
#11219 = DIRECTION('',(1.,-1.218266296756E-29,-1.249000770354E-16));
#11220 = ORIENTED_EDGE('',*,*,#11221,.F.);
#11221 = EDGE_CURVE('',#11222,#11214,#11224,.T.);
#11222 = VERTEX_POINT('',#11223);
#11223 = CARTESIAN_POINT('',(86.984551580639,-150.5943824537,
    -436.7226602656));
#11224 = CIRCLE('',#11225,2.);
#11225 = AXIS2_PLACEMENT_3D('',#11226,#11227,#11228);
#11226 = CARTESIAN_POINT('',(84.984551580639,-150.5943824537,
    -436.7226602656));
#11227 = DIRECTION('',(7.77088325626E-30,1.,-5.195843755246E-14));
#11228 = DIRECTION('',(0.707106781187,-3.67401635332E-14,-0.707106781187
    ));
#11229 = ORIENTED_EDGE('',*,*,#11230,.F.);
#11230 = EDGE_CURVE('',#11231,#11222,#11233,.T.);
#11231 = VERTEX_POINT('',#11232);
#11232 = CARTESIAN_POINT('',(86.984551580639,-150.5943824537,
    -429.9226602656));
#11233 = LINE('',#11234,#11235);
#11234 = CARTESIAN_POINT('',(86.984551580639,-150.5943824537,
    -433.3101602656));
#11235 = VECTOR('',#11236,1.);
#11236 = DIRECTION('',(-1.249000770354E-16,-5.195843755246E-14,-1.));
#11237 = ORIENTED_EDGE('',*,*,#11238,.F.);
#11238 = EDGE_CURVE('',#11178,#11231,#11239,.T.);
#11239 = CIRCLE('',#11240,2.);
#11240 = AXIS2_PLACEMENT_3D('',#11241,#11242,#11243);
#11241 = CARTESIAN_POINT('',(84.984551580639,-150.5943824537,
    -429.9226602656));
#11242 = DIRECTION('',(6.697959082119E-30,1.,-5.195843755246E-14));
#11243 = DIRECTION('',(0.707106781187,3.67401635332E-14,0.707106781187)
  );
#11244 = FACE_BOUND('',#11245,.T.);
#11245 = EDGE_LOOP('',(#11246));
#11246 = ORIENTED_EDGE('',*,*,#11247,.F.);
#11247 = EDGE_CURVE('',#11248,#11248,#11250,.T.);
#11248 = VERTEX_POINT('',#11249);
#11249 = CARTESIAN_POINT('',(60.734551580639,-150.5943824537,
    -433.3226602656));
#11250 = CIRCLE('',#11251,1.5);
#11251 = AXIS2_PLACEMENT_3D('',#11252,#11253,#11254);
#11252 = CARTESIAN_POINT('',(62.234551580639,-150.5943824537,
    -433.3226602656));
#11253 = DIRECTION('',(5.693050114613E-30,1.,-5.195843755246E-14));
#11254 = DIRECTION('',(1.,-1.218266296756E-29,-1.249000770354E-16));
#11255 = FACE_BOUND('',#11256,.T.);
#11256 = EDGE_LOOP('',(#11257));
#11257 = ORIENTED_EDGE('',*,*,#11258,.F.);
#11258 = EDGE_CURVE('',#11259,#11259,#11261,.T.);
#11259 = VERTEX_POINT('',#11260);
#11260 = CARTESIAN_POINT('',(87.734551580639,-150.5943824537,
    -433.3226602656));
#11261 = CIRCLE('',#11262,1.5);
#11262 = AXIS2_PLACEMENT_3D('',#11263,#11264,#11265);
#11263 = CARTESIAN_POINT('',(89.234551580639,-150.5943824537,
    -433.3226602656));
#11264 = DIRECTION('',(5.693050114613E-30,1.,-5.195843755246E-14));
#11265 = DIRECTION('',(1.,-1.218266296756E-29,-1.249000770354E-16));
#11266 = PLANE('',#11267);
#11267 = AXIS2_PLACEMENT_3D('',#11268,#11269,#11270);
#11268 = CARTESIAN_POINT('',(75.734551580639,-150.5943824537,
    -358.3226602656));
#11269 = DIRECTION('',(5.693050114613E-30,1.,-5.195843755246E-14));
#11270 = DIRECTION('',(-1.,1.218266296756E-29,1.249000770354E-16));
#11271 = ADVANCED_FACE('',(#11272),#11290,.F.);
#11272 = FACE_BOUND('',#11273,.T.);
#11273 = EDGE_LOOP('',(#11274,#11275,#11283,#11289));
#11274 = ORIENTED_EDGE('',*,*,#11092,.F.);
#11275 = ORIENTED_EDGE('',*,*,#11276,.F.);
#11276 = EDGE_CURVE('',#11277,#11093,#11279,.T.);
#11277 = VERTEX_POINT('',#11278);
#11278 = CARTESIAN_POINT('',(53.234551580638,-149.5943824537,
    -430.9226602656));
#11279 = LINE('',#11280,#11281);
#11280 = CARTESIAN_POINT('',(53.234551580638,-149.5943824537,
    -445.6599504886));
#11281 = VECTOR('',#11282,1.);
#11282 = DIRECTION('',(-1.249000770354E-16,-5.195843755246E-14,-1.));
#11283 = ORIENTED_EDGE('',*,*,#11284,.F.);
#11284 = EDGE_CURVE('',#11143,#11277,#11285,.T.);
#11285 = LINE('',#11286,#11287);
#11286 = CARTESIAN_POINT('',(53.234551580638,-154.5943824537,
    -430.9226602656));
#11287 = VECTOR('',#11288,1.);
#11288 = DIRECTION('',(1.04169342465E-29,1.,-5.118128312928E-14));
#11289 = ORIENTED_EDGE('',*,*,#11142,.T.);
#11290 = PLANE('',#11291);
#11291 = AXIS2_PLACEMENT_3D('',#11292,#11293,#11294);
#11292 = CARTESIAN_POINT('',(53.234551580639,-149.5943824537,
    -355.2976602656));
#11293 = DIRECTION('',(-1.,3.173589757777E-28,5.997154091582E-15));
#11294 = DIRECTION('',(-5.997154091582E-15,-5.195843755246E-14,-1.));
#11295 = ADVANCED_FACE('',(#11296),#11322,.F.);
#11296 = FACE_BOUND('',#11297,.F.);
#11297 = EDGE_LOOP('',(#11298,#11306,#11315,#11321));
#11298 = ORIENTED_EDGE('',*,*,#11299,.F.);
#11299 = EDGE_CURVE('',#11300,#10705,#11302,.T.);
#11300 = VERTEX_POINT('',#11301);
#11301 = CARTESIAN_POINT('',(57.234551580639,-149.5943824537,
    -376.9226602656));
#11302 = LINE('',#11303,#11304);
#11303 = CARTESIAN_POINT('',(57.234551580639,-154.5943824537,
    -376.9226602656));
#11304 = VECTOR('',#11305,1.);
#11305 = DIRECTION('',(-1.04169342465E-29,-1.,5.118128312928E-14));
#11306 = ORIENTED_EDGE('',*,*,#11307,.F.);
#11307 = EDGE_CURVE('',#11308,#11300,#11310,.T.);
#11308 = VERTEX_POINT('',#11309);
#11309 = CARTESIAN_POINT('',(53.234551580639,-149.5943824537,
    -380.9226602656));
#11310 = CIRCLE('',#11311,4.);
#11311 = AXIS2_PLACEMENT_3D('',#11312,#11313,#11314);
#11312 = CARTESIAN_POINT('',(57.234551580639,-149.5943824537,
    -380.9226602656));
#11313 = DIRECTION('',(1.052573878925E-29,1.,-5.195843755246E-14));
#11314 = DIRECTION('',(-0.707106781187,3.67401635332E-14,0.707106781187)
  );
#11315 = ORIENTED_EDGE('',*,*,#11316,.F.);
#11316 = EDGE_CURVE('',#10697,#11308,#11317,.T.);
#11317 = LINE('',#11318,#11319);
#11318 = CARTESIAN_POINT('',(53.234551580639,-154.5943824537,
    -380.9226602656));
#11319 = VECTOR('',#11320,1.);
#11320 = DIRECTION('',(1.04169342465E-29,1.,-5.118128312928E-14));
#11321 = ORIENTED_EDGE('',*,*,#10704,.T.);
#11322 = CYLINDRICAL_SURFACE('',#11323,4.);
#11323 = AXIS2_PLACEMENT_3D('',#11324,#11325,#11326);
#11324 = CARTESIAN_POINT('',(57.234551580639,-154.5943824537,
    -380.9226602656));
#11325 = DIRECTION('',(-1.04169342465E-29,-1.,5.118128312928E-14));
#11326 = DIRECTION('',(-0.707106781187,3.619063237055E-14,0.707106781187
    ));
#11327 = ADVANCED_FACE('',(#11328),#11346,.F.);
#11328 = FACE_BOUND('',#11329,.T.);
#11329 = EDGE_LOOP('',(#11330,#11331,#11339,#11345));
#11330 = ORIENTED_EDGE('',*,*,#11299,.F.);
#11331 = ORIENTED_EDGE('',*,*,#11332,.F.);
#11332 = EDGE_CURVE('',#11333,#11300,#11335,.T.);
#11333 = VERTEX_POINT('',#11334);
#11334 = CARTESIAN_POINT('',(94.234551580639,-149.5943824537,
    -376.9226602656));
#11335 = LINE('',#11336,#11337);
#11336 = CARTESIAN_POINT('',(66.109551580639,-149.5943824537,
    -376.9226602656));
#11337 = VECTOR('',#11338,1.);
#11338 = DIRECTION('',(-1.,1.224583227073E-29,1.249000770354E-16));
#11339 = ORIENTED_EDGE('',*,*,#11340,.F.);
#11340 = EDGE_CURVE('',#10714,#11333,#11341,.T.);
#11341 = LINE('',#11342,#11343);
#11342 = CARTESIAN_POINT('',(94.234551580639,-154.5943824537,
    -376.9226602656));
#11343 = VECTOR('',#11344,1.);
#11344 = DIRECTION('',(1.04169342465E-29,1.,-5.118128312928E-14));
#11345 = ORIENTED_EDGE('',*,*,#10713,.T.);
#11346 = PLANE('',#11347);
#11347 = AXIS2_PLACEMENT_3D('',#11348,#11349,#11350);
#11348 = CARTESIAN_POINT('',(66.484551580639,-159.5943824537,
    -376.9226602656));
#11349 = DIRECTION('',(1.249000770354E-16,5.118128312928E-14,1.));
#11350 = DIRECTION('',(-1.110214554296E-16,1.,-5.118128312928E-14));
#11351 = ADVANCED_FACE('',(#11352),#11371,.F.);
#11352 = FACE_BOUND('',#11353,.F.);
#11353 = EDGE_LOOP('',(#11354,#11362,#11369,#11370));
#11354 = ORIENTED_EDGE('',*,*,#11355,.F.);
#11355 = EDGE_CURVE('',#11356,#10944,#11358,.T.);
#11356 = VERTEX_POINT('',#11357);
#11357 = CARTESIAN_POINT('',(57.234551580639,-149.5943824537,
    -401.9226602656));
#11358 = LINE('',#11359,#11360);
#11359 = CARTESIAN_POINT('',(57.234551580639,-154.5943824537,
    -401.9226602656));
#11360 = VECTOR('',#11361,1.);
#11361 = DIRECTION('',(-1.04169342465E-29,-1.,5.118128312928E-14));
#11362 = ORIENTED_EDGE('',*,*,#11363,.F.);
#11363 = EDGE_CURVE('',#11070,#11356,#11364,.T.);
#11364 = CIRCLE('',#11365,4.);
#11365 = AXIS2_PLACEMENT_3D('',#11366,#11367,#11368);
#11366 = CARTESIAN_POINT('',(57.234551580639,-149.5943824537,
    -405.9226602656));
#11367 = DIRECTION('',(4.423355771807E-30,1.,-5.195843755246E-14));
#11368 = DIRECTION('',(-0.707106781187,3.67401635332E-14,0.707106781187)
  );
#11369 = ORIENTED_EDGE('',*,*,#11077,.F.);
#11370 = ORIENTED_EDGE('',*,*,#10943,.T.);
#11371 = CYLINDRICAL_SURFACE('',#11372,4.);
#11372 = AXIS2_PLACEMENT_3D('',#11373,#11374,#11375);
#11373 = CARTESIAN_POINT('',(57.234551580639,-154.5943824537,
    -405.9226602656));
#11374 = DIRECTION('',(-1.04169342465E-29,-1.,5.118128312928E-14));
#11375 = DIRECTION('',(-0.707106781187,3.619063237055E-14,0.707106781187
    ));
#11376 = ADVANCED_FACE('',(#11377),#11396,.F.);
#11377 = FACE_BOUND('',#11378,.F.);
#11378 = EDGE_LOOP('',(#11379,#11387,#11394,#11395));
#11379 = ORIENTED_EDGE('',*,*,#11380,.F.);
#11380 = EDGE_CURVE('',#11381,#11151,#11383,.T.);
#11381 = VERTEX_POINT('',#11382);
#11382 = CARTESIAN_POINT('',(57.234551580638,-149.5943824537,
    -426.9226602656));
#11383 = LINE('',#11384,#11385);
#11384 = CARTESIAN_POINT('',(57.234551580638,-154.5943824537,
    -426.9226602656));
#11385 = VECTOR('',#11386,1.);
#11386 = DIRECTION('',(-1.04169342465E-29,-1.,5.118128312928E-14));
#11387 = ORIENTED_EDGE('',*,*,#11388,.F.);
#11388 = EDGE_CURVE('',#11277,#11381,#11389,.T.);
#11389 = CIRCLE('',#11390,4.);
#11390 = AXIS2_PLACEMENT_3D('',#11391,#11392,#11393);
#11391 = CARTESIAN_POINT('',(57.234551580638,-149.5943824537,
    -430.9226602656));
#11392 = DIRECTION('',(1.052573878925E-29,1.,-5.195843755246E-14));
#11393 = DIRECTION('',(-0.707106781187,3.67401635332E-14,0.707106781187)
  );
#11394 = ORIENTED_EDGE('',*,*,#11284,.F.);
#11395 = ORIENTED_EDGE('',*,*,#11150,.T.);
#11396 = CYLINDRICAL_SURFACE('',#11397,4.);
#11397 = AXIS2_PLACEMENT_3D('',#11398,#11399,#11400);
#11398 = CARTESIAN_POINT('',(57.234551580638,-154.5943824537,
    -430.9226602656));
#11399 = DIRECTION('',(-1.04169342465E-29,-1.,5.118128312928E-14));
#11400 = DIRECTION('',(-0.707106781187,3.619063237055E-14,0.707106781187
    ));
#11401 = ADVANCED_FACE('',(#11402),#11421,.F.);
#11402 = FACE_BOUND('',#11403,.F.);
#11403 = EDGE_LOOP('',(#11404,#11405,#11414,#11420));
#11404 = ORIENTED_EDGE('',*,*,#10541,.F.);
#11405 = ORIENTED_EDGE('',*,*,#11406,.F.);
#11406 = EDGE_CURVE('',#11407,#10542,#11409,.T.);
#11407 = VERTEX_POINT('',#11408);
#11408 = CARTESIAN_POINT('',(94.234551580639,-149.5943824537,
    -426.9226602656));
#11409 = CIRCLE('',#11410,4.);
#11410 = AXIS2_PLACEMENT_3D('',#11411,#11412,#11413);
#11411 = CARTESIAN_POINT('',(94.234551580639,-149.5943824537,
    -430.9226602656));
#11412 = DIRECTION('',(8.527932464719E-30,1.,-5.195843755246E-14));
#11413 = DIRECTION('',(0.707106781187,3.67401635332E-14,0.707106781187)
  );
#11414 = ORIENTED_EDGE('',*,*,#11415,.F.);
#11415 = EDGE_CURVE('',#11160,#11407,#11416,.T.);
#11416 = LINE('',#11417,#11418);
#11417 = CARTESIAN_POINT('',(94.234551580639,-154.5943824537,
    -426.9226602656));
#11418 = VECTOR('',#11419,1.);
#11419 = DIRECTION('',(1.04169342465E-29,1.,-5.118128312928E-14));
#11420 = ORIENTED_EDGE('',*,*,#11167,.T.);
#11421 = CYLINDRICAL_SURFACE('',#11422,4.);
#11422 = AXIS2_PLACEMENT_3D('',#11423,#11424,#11425);
#11423 = CARTESIAN_POINT('',(94.234551580639,-154.5943824537,
    -430.9226602656));
#11424 = DIRECTION('',(1.04169342465E-29,1.,-5.118128312928E-14));
#11425 = DIRECTION('',(0.707106781187,3.619063237055E-14,0.707106781187)
  );
#11426 = ADVANCED_FACE('',(#11427),#11446,.F.);
#11427 = FACE_BOUND('',#11428,.F.);
#11428 = EDGE_LOOP('',(#11429,#11430,#11439,#11445));
#11429 = ORIENTED_EDGE('',*,*,#10614,.F.);
#11430 = ORIENTED_EDGE('',*,*,#11431,.F.);
#11431 = EDGE_CURVE('',#11432,#10615,#11434,.T.);
#11432 = VERTEX_POINT('',#11433);
#11433 = CARTESIAN_POINT('',(94.234551580639,-149.5943824537,
    -401.9226602656));
#11434 = CIRCLE('',#11435,4.);
#11435 = AXIS2_PLACEMENT_3D('',#11436,#11437,#11438);
#11436 = CARTESIAN_POINT('',(94.234551580639,-149.5943824537,
    -405.9226602656));
#11437 = DIRECTION('',(8.527932464719E-30,1.,-5.195843755246E-14));
#11438 = DIRECTION('',(0.707106781187,3.67401635332E-14,0.707106781187)
  );
#11439 = ORIENTED_EDGE('',*,*,#11440,.F.);
#11440 = EDGE_CURVE('',#10953,#11432,#11441,.T.);
#11441 = LINE('',#11442,#11443);
#11442 = CARTESIAN_POINT('',(94.234551580639,-154.5943824537,
    -401.9226602656));
#11443 = VECTOR('',#11444,1.);
#11444 = DIRECTION('',(1.04169342465E-29,1.,-5.118128312928E-14));
#11445 = ORIENTED_EDGE('',*,*,#10960,.T.);
#11446 = CYLINDRICAL_SURFACE('',#11447,4.);
#11447 = AXIS2_PLACEMENT_3D('',#11448,#11449,#11450);
#11448 = CARTESIAN_POINT('',(94.234551580639,-154.5943824537,
    -405.9226602656));
#11449 = DIRECTION('',(1.04169342465E-29,1.,-5.118128312928E-14));
#11450 = DIRECTION('',(0.707106781187,3.619063237055E-14,0.707106781187)
  );
#11451 = ADVANCED_FACE('',(#11452),#11471,.F.);
#11452 = FACE_BOUND('',#11453,.F.);
#11453 = EDGE_LOOP('',(#11454,#11462,#11469,#11470));
#11454 = ORIENTED_EDGE('',*,*,#11455,.F.);
#11455 = EDGE_CURVE('',#11456,#10722,#11458,.T.);
#11456 = VERTEX_POINT('',#11457);
#11457 = CARTESIAN_POINT('',(98.234551580639,-149.5943824537,
    -380.9226602656));
#11458 = LINE('',#11459,#11460);
#11459 = CARTESIAN_POINT('',(98.234551580639,-154.5943824537,
    -380.9226602656));
#11460 = VECTOR('',#11461,1.);
#11461 = DIRECTION('',(-1.04169342465E-29,-1.,5.118128312928E-14));
#11462 = ORIENTED_EDGE('',*,*,#11463,.F.);
#11463 = EDGE_CURVE('',#11333,#11456,#11464,.T.);
#11464 = CIRCLE('',#11465,4.);
#11465 = AXIS2_PLACEMENT_3D('',#11466,#11467,#11468);
#11466 = CARTESIAN_POINT('',(94.234551580639,-149.5943824537,
    -380.9226602656));
#11467 = DIRECTION('',(5.58234129113E-30,1.,-5.195843755246E-14));
#11468 = DIRECTION('',(0.707106781187,3.67401635332E-14,0.707106781187)
  );
#11469 = ORIENTED_EDGE('',*,*,#11340,.F.);
#11470 = ORIENTED_EDGE('',*,*,#10721,.T.);
#11471 = CYLINDRICAL_SURFACE('',#11472,4.);
#11472 = AXIS2_PLACEMENT_3D('',#11473,#11474,#11475);
#11473 = CARTESIAN_POINT('',(94.234551580639,-154.5943824537,
    -380.9226602656));
#11474 = DIRECTION('',(1.04169342465E-29,1.,-5.118128312928E-14));
#11475 = DIRECTION('',(0.707106781187,3.619063237055E-14,0.707106781187)
  );
#11476 = ADVANCED_FACE('',(#11477),#11488,.F.);
#11477 = FACE_BOUND('',#11478,.T.);
#11478 = EDGE_LOOP('',(#11479,#11480,#11486,#11487));
#11479 = ORIENTED_EDGE('',*,*,#11355,.F.);
#11480 = ORIENTED_EDGE('',*,*,#11481,.F.);
#11481 = EDGE_CURVE('',#11432,#11356,#11482,.T.);
#11482 = LINE('',#11483,#11484);
#11483 = CARTESIAN_POINT('',(66.109551580639,-149.5943824537,
    -401.9226602656));
#11484 = VECTOR('',#11485,1.);
#11485 = DIRECTION('',(-1.,1.224583227073E-29,1.249000770354E-16));
#11486 = ORIENTED_EDGE('',*,*,#11440,.F.);
#11487 = ORIENTED_EDGE('',*,*,#10952,.T.);
#11488 = PLANE('',#11489);
#11489 = AXIS2_PLACEMENT_3D('',#11490,#11491,#11492);
#11490 = CARTESIAN_POINT('',(66.484551580639,-159.5943824537,
    -401.9226602656));
#11491 = DIRECTION('',(1.249000770354E-16,5.118128312928E-14,1.));
#11492 = DIRECTION('',(-1.110214554296E-16,1.,-5.118128312928E-14));
#11493 = ADVANCED_FACE('',(#11494),#11519,.F.);
#11494 = FACE_BOUND('',#11495,.T.);
#11495 = EDGE_LOOP('',(#11496,#11497,#11505,#11513));
#11496 = ORIENTED_EDGE('',*,*,#10970,.F.);
#11497 = ORIENTED_EDGE('',*,*,#11498,.F.);
#11498 = EDGE_CURVE('',#11499,#10971,#11501,.T.);
#11499 = VERTEX_POINT('',#11500);
#11500 = CARTESIAN_POINT('',(84.984551580639,-153.0943824537,
    -402.9226602656));
#11501 = LINE('',#11502,#11503);
#11502 = CARTESIAN_POINT('',(84.984551580639,-159.5943824537,
    -402.9226602656));
#11503 = VECTOR('',#11504,1.);
#11504 = DIRECTION('',(5.756219417785E-30,1.,-5.195843755246E-14));
#11505 = ORIENTED_EDGE('',*,*,#11506,.F.);
#11506 = EDGE_CURVE('',#11507,#11499,#11509,.T.);
#11507 = VERTEX_POINT('',#11508);
#11508 = CARTESIAN_POINT('',(66.484551580639,-153.0943824537,
    -402.9226602656));
#11509 = LINE('',#11510,#11511);
#11510 = CARTESIAN_POINT('',(169.59066726735,-153.0943824537,
    -402.9226602656));
#11511 = VECTOR('',#11512,1.);
#11512 = DIRECTION('',(1.,1.202550606141E-29,-1.249000770354E-16));
#11513 = ORIENTED_EDGE('',*,*,#11514,.F.);
#11514 = EDGE_CURVE('',#10973,#11507,#11515,.T.);
#11515 = LINE('',#11516,#11517);
#11516 = CARTESIAN_POINT('',(66.484551580639,-159.5943824537,
    -402.9226602656));
#11517 = VECTOR('',#11518,1.);
#11518 = DIRECTION('',(-5.756219417785E-30,-1.,5.195843755246E-14));
#11519 = PLANE('',#11520);
#11520 = AXIS2_PLACEMENT_3D('',#11521,#11522,#11523);
#11521 = CARTESIAN_POINT('',(66.484551580639,-159.5943824537,
    -402.9226602656));
#11522 = DIRECTION('',(1.249000770354E-16,5.195843755246E-14,1.));
#11523 = DIRECTION('',(1.,-1.218728411356E-29,-1.249000770354E-16));
#11524 = ADVANCED_FACE('',(#11525),#11536,.F.);
#11525 = FACE_BOUND('',#11526,.T.);
#11526 = EDGE_LOOP('',(#11527,#11528,#11534,#11535));
#11527 = ORIENTED_EDGE('',*,*,#11380,.F.);
#11528 = ORIENTED_EDGE('',*,*,#11529,.F.);
#11529 = EDGE_CURVE('',#11407,#11381,#11530,.T.);
#11530 = LINE('',#11531,#11532);
#11531 = CARTESIAN_POINT('',(66.109551580639,-149.5943824537,
    -426.9226602656));
#11532 = VECTOR('',#11533,1.);
#11533 = DIRECTION('',(-1.,1.224583227073E-29,1.249000770354E-16));
#11534 = ORIENTED_EDGE('',*,*,#11415,.F.);
#11535 = ORIENTED_EDGE('',*,*,#11159,.T.);
#11536 = PLANE('',#11537);
#11537 = AXIS2_PLACEMENT_3D('',#11538,#11539,#11540);
#11538 = CARTESIAN_POINT('',(66.484551580639,-159.5943824537,
    -426.9226602656));
#11539 = DIRECTION('',(1.249000770354E-16,5.118128312928E-14,1.));
#11540 = DIRECTION('',(-1.110214554296E-16,1.,-5.118128312928E-14));
#11541 = ADVANCED_FACE('',(#11542),#11567,.F.);
#11542 = FACE_BOUND('',#11543,.T.);
#11543 = EDGE_LOOP('',(#11544,#11545,#11553,#11561));
#11544 = ORIENTED_EDGE('',*,*,#11177,.F.);
#11545 = ORIENTED_EDGE('',*,*,#11546,.F.);
#11546 = EDGE_CURVE('',#11547,#11178,#11549,.T.);
#11547 = VERTEX_POINT('',#11548);
#11548 = CARTESIAN_POINT('',(84.984551580639,-153.0943824537,
    -427.9226602656));
#11549 = LINE('',#11550,#11551);
#11550 = CARTESIAN_POINT('',(84.984551580639,-159.5943824537,
    -427.9226602656));
#11551 = VECTOR('',#11552,1.);
#11552 = DIRECTION('',(5.756219417785E-30,1.,-5.195843755246E-14));
#11553 = ORIENTED_EDGE('',*,*,#11554,.F.);
#11554 = EDGE_CURVE('',#11555,#11547,#11557,.T.);
#11555 = VERTEX_POINT('',#11556);
#11556 = CARTESIAN_POINT('',(66.484551580639,-153.0943824537,
    -427.9226602656));
#11557 = LINE('',#11558,#11559);
#11558 = CARTESIAN_POINT('',(169.59066726735,-153.0943824537,
    -427.9226602656));
#11559 = VECTOR('',#11560,1.);
#11560 = DIRECTION('',(1.,1.202550606141E-29,-1.249000770354E-16));
#11561 = ORIENTED_EDGE('',*,*,#11562,.F.);
#11562 = EDGE_CURVE('',#11180,#11555,#11563,.T.);
#11563 = LINE('',#11564,#11565);
#11564 = CARTESIAN_POINT('',(66.484551580639,-159.5943824537,
    -427.9226602656));
#11565 = VECTOR('',#11566,1.);
#11566 = DIRECTION('',(-5.756219417784E-30,-1.,5.195843755246E-14));
#11567 = PLANE('',#11568);
#11568 = AXIS2_PLACEMENT_3D('',#11569,#11570,#11571);
#11569 = CARTESIAN_POINT('',(66.484551580639,-159.5943824537,
    -427.9226602656));
#11570 = DIRECTION('',(1.249000770354E-16,5.195843755246E-14,1.));
#11571 = DIRECTION('',(1.,-1.217803976297E-29,-1.249000770354E-16));
#11572 = ADVANCED_FACE('',(#11573),#11584,.F.);
#11573 = FACE_BOUND('',#11574,.T.);
#11574 = EDGE_LOOP('',(#11575,#11576,#11582,#11583));
#11575 = ORIENTED_EDGE('',*,*,#10490,.F.);
#11576 = ORIENTED_EDGE('',*,*,#11577,.F.);
#11577 = EDGE_CURVE('',#11103,#10491,#11578,.T.);
#11578 = LINE('',#11579,#11580);
#11579 = CARTESIAN_POINT('',(75.359551580639,-149.5943824537,
    -439.7226602656));
#11580 = VECTOR('',#11581,1.);
#11581 = DIRECTION('',(1.,-1.224583227073E-29,-1.249000770354E-16));
#11582 = ORIENTED_EDGE('',*,*,#11111,.F.);
#11583 = ORIENTED_EDGE('',*,*,#11135,.T.);
#11584 = PLANE('',#11585);
#11585 = AXIS2_PLACEMENT_3D('',#11586,#11587,#11588);
#11586 = CARTESIAN_POINT('',(84.984551580639,-159.5943824537,
    -439.7226602656));
#11587 = DIRECTION('',(-1.249000770354E-16,-5.118128312928E-14,-1.));
#11588 = DIRECTION('',(1.110214554296E-16,-1.,5.118128312928E-14));
#11589 = ADVANCED_FACE('',(#11590),#11615,.F.);
#11590 = FACE_BOUND('',#11591,.T.);
#11591 = EDGE_LOOP('',(#11592,#11593,#11601,#11609));
#11592 = ORIENTED_EDGE('',*,*,#11213,.F.);
#11593 = ORIENTED_EDGE('',*,*,#11594,.F.);
#11594 = EDGE_CURVE('',#11595,#11205,#11597,.T.);
#11595 = VERTEX_POINT('',#11596);
#11596 = CARTESIAN_POINT('',(66.484551580639,-153.0943824537,
    -438.7226602656));
#11597 = LINE('',#11598,#11599);
#11598 = CARTESIAN_POINT('',(66.484551580639,-159.5943824537,
    -438.7226602656));
#11599 = VECTOR('',#11600,1.);
#11600 = DIRECTION('',(5.756219417784E-30,1.,-5.195843755246E-14));
#11601 = ORIENTED_EDGE('',*,*,#11602,.F.);
#11602 = EDGE_CURVE('',#11603,#11595,#11605,.T.);
#11603 = VERTEX_POINT('',#11604);
#11604 = CARTESIAN_POINT('',(84.984551580639,-153.0943824537,
    -438.7226602656));
#11605 = LINE('',#11606,#11607);
#11606 = CARTESIAN_POINT('',(178.84066726735,-153.0943824537,
    -438.7226602656));
#11607 = VECTOR('',#11608,1.);
#11608 = DIRECTION('',(-1.,-1.202550606141E-29,1.249000770354E-16));
#11609 = ORIENTED_EDGE('',*,*,#11610,.F.);
#11610 = EDGE_CURVE('',#11214,#11603,#11611,.T.);
#11611 = LINE('',#11612,#11613);
#11612 = CARTESIAN_POINT('',(84.984551580639,-159.5943824537,
    -438.7226602656));
#11613 = VECTOR('',#11614,1.);
#11614 = DIRECTION('',(-5.756219417785E-30,-1.,5.195843755246E-14));
#11615 = PLANE('',#11616);
#11616 = AXIS2_PLACEMENT_3D('',#11617,#11618,#11619);
#11617 = CARTESIAN_POINT('',(84.984551580639,-159.5943824537,
    -438.7226602656));
#11618 = DIRECTION('',(-1.249000770354E-16,-5.195843755246E-14,-1.));
#11619 = DIRECTION('',(-1.,1.349691658889E-29,1.249000770354E-16));
#11620 = ADVANCED_FACE('',(#11621),#11632,.F.);
#11621 = FACE_BOUND('',#11622,.T.);
#11622 = EDGE_LOOP('',(#11623,#11624,#11630,#11631));
#11623 = ORIENTED_EDGE('',*,*,#10563,.F.);
#11624 = ORIENTED_EDGE('',*,*,#11625,.F.);
#11625 = EDGE_CURVE('',#10896,#10564,#11626,.T.);
#11626 = LINE('',#11627,#11628);
#11627 = CARTESIAN_POINT('',(75.359551580639,-149.5943824537,
    -414.7226602656));
#11628 = VECTOR('',#11629,1.);
#11629 = DIRECTION('',(1.,-1.224583227073E-29,-1.249000770354E-16));
#11630 = ORIENTED_EDGE('',*,*,#10904,.F.);
#11631 = ORIENTED_EDGE('',*,*,#10928,.T.);
#11632 = PLANE('',#11633);
#11633 = AXIS2_PLACEMENT_3D('',#11634,#11635,#11636);
#11634 = CARTESIAN_POINT('',(84.984551580639,-159.5943824537,
    -414.7226602656));
#11635 = DIRECTION('',(-1.249000770354E-16,-5.118128312928E-14,-1.));
#11636 = DIRECTION('',(1.110214554296E-16,-1.,5.118128312928E-14));
#11637 = ADVANCED_FACE('',(#11638),#11663,.F.);
#11638 = FACE_BOUND('',#11639,.T.);
#11639 = EDGE_LOOP('',(#11640,#11641,#11649,#11657));
#11640 = ORIENTED_EDGE('',*,*,#11006,.F.);
#11641 = ORIENTED_EDGE('',*,*,#11642,.F.);
#11642 = EDGE_CURVE('',#11643,#10998,#11645,.T.);
#11643 = VERTEX_POINT('',#11644);
#11644 = CARTESIAN_POINT('',(66.484551580639,-153.0943824537,
    -413.7226602656));
#11645 = LINE('',#11646,#11647);
#11646 = CARTESIAN_POINT('',(66.484551580639,-159.5943824537,
    -413.7226602656));
#11647 = VECTOR('',#11648,1.);
#11648 = DIRECTION('',(5.756219417785E-30,1.,-5.195843755246E-14));
#11649 = ORIENTED_EDGE('',*,*,#11650,.F.);
#11650 = EDGE_CURVE('',#11651,#11643,#11653,.T.);
#11651 = VERTEX_POINT('',#11652);
#11652 = CARTESIAN_POINT('',(84.984551580639,-153.0943824537,
    -413.7226602656));
#11653 = LINE('',#11654,#11655);
#11654 = CARTESIAN_POINT('',(178.84066726735,-153.0943824537,
    -413.7226602656));
#11655 = VECTOR('',#11656,1.);
#11656 = DIRECTION('',(-1.,-1.202550606141E-29,1.249000770354E-16));
#11657 = ORIENTED_EDGE('',*,*,#11658,.F.);
#11658 = EDGE_CURVE('',#11007,#11651,#11659,.T.);
#11659 = LINE('',#11660,#11661);
#11660 = CARTESIAN_POINT('',(84.984551580639,-159.5943824537,
    -413.7226602656));
#11661 = VECTOR('',#11662,1.);
#11662 = DIRECTION('',(-5.756219417785E-30,-1.,5.195843755246E-14));
#11663 = PLANE('',#11664);
#11664 = AXIS2_PLACEMENT_3D('',#11665,#11666,#11667);
#11665 = CARTESIAN_POINT('',(84.984551580639,-159.5943824537,
    -413.7226602656));
#11666 = DIRECTION('',(-1.249000770354E-16,-5.195843755246E-14,-1.));
#11667 = DIRECTION('',(-1.,6.001205538516E-17,1.249000770354E-16));
#11668 = ADVANCED_FACE('',(#11669),#11680,.F.);
#11669 = FACE_BOUND('',#11670,.T.);
#11670 = EDGE_LOOP('',(#11671,#11672,#11678,#11679));
#11671 = ORIENTED_EDGE('',*,*,#10860,.F.);
#11672 = ORIENTED_EDGE('',*,*,#11673,.F.);
#11673 = EDGE_CURVE('',#11308,#10861,#11674,.T.);
#11674 = LINE('',#11675,#11676);
#11675 = CARTESIAN_POINT('',(53.234551580639,-149.5943824537,
    -420.6599504886));
#11676 = VECTOR('',#11677,1.);
#11677 = DIRECTION('',(-1.249000770354E-16,-5.195843755246E-14,-1.));
#11678 = ORIENTED_EDGE('',*,*,#11316,.F.);
#11679 = ORIENTED_EDGE('',*,*,#10696,.T.);
#11680 = PLANE('',#11681);
#11681 = AXIS2_PLACEMENT_3D('',#11682,#11683,#11684);
#11682 = CARTESIAN_POINT('',(53.234551580639,-149.5943824537,
    -355.2976602656));
#11683 = DIRECTION('',(-1.,3.173589757777E-28,5.997154091582E-15));
#11684 = DIRECTION('',(-5.997154091582E-15,-5.195843755246E-14,-1.));
#11685 = ADVANCED_FACE('',(#11686),#11711,.F.);
#11686 = FACE_BOUND('',#11687,.T.);
#11687 = EDGE_LOOP('',(#11688,#11689,#11697,#11705));
#11688 = ORIENTED_EDGE('',*,*,#10738,.F.);
#11689 = ORIENTED_EDGE('',*,*,#11690,.F.);
#11690 = EDGE_CURVE('',#11691,#10739,#11693,.T.);
#11691 = VERTEX_POINT('',#11692);
#11692 = CARTESIAN_POINT('',(66.484551580639,-153.0943824537,
    -388.7226602656));
#11693 = LINE('',#11694,#11695);
#11694 = CARTESIAN_POINT('',(66.484551580639,-159.5943824537,
    -388.7226602656));
#11695 = VECTOR('',#11696,1.);
#11696 = DIRECTION('',(5.756219417785E-30,1.,-5.195843755246E-14));
#11697 = ORIENTED_EDGE('',*,*,#11698,.F.);
#11698 = EDGE_CURVE('',#11699,#11691,#11701,.T.);
#11699 = VERTEX_POINT('',#11700);
#11700 = CARTESIAN_POINT('',(84.984551580639,-153.0943824537,
    -388.7226602656));
#11701 = LINE('',#11702,#11703);
#11702 = CARTESIAN_POINT('',(178.84066726735,-153.0943824537,
    -388.7226602656));
#11703 = VECTOR('',#11704,1.);
#11704 = DIRECTION('',(-1.,-1.202550606141E-29,1.249000770354E-16));
#11705 = ORIENTED_EDGE('',*,*,#11706,.F.);
#11706 = EDGE_CURVE('',#10741,#11699,#11707,.T.);
#11707 = LINE('',#11708,#11709);
#11708 = CARTESIAN_POINT('',(84.984551580639,-159.5943824537,
    -388.7226602656));
#11709 = VECTOR('',#11710,1.);
#11710 = DIRECTION('',(-5.756219417785E-30,-1.,5.195843755246E-14));
#11711 = PLANE('',#11712);
#11712 = AXIS2_PLACEMENT_3D('',#11713,#11714,#11715);
#11713 = CARTESIAN_POINT('',(84.984551580639,-159.5943824537,
    -388.7226602656));
#11714 = DIRECTION('',(-1.249000770354E-16,-5.195843755246E-14,-1.));
#11715 = DIRECTION('',(-1.,6.001205538516E-17,1.249000770354E-16));
#11716 = ADVANCED_FACE('',(#11717),#11728,.F.);
#11717 = FACE_BOUND('',#11718,.T.);
#11718 = EDGE_LOOP('',(#11719,#11720,#11721,#11722));
#11719 = ORIENTED_EDGE('',*,*,#10655,.F.);
#11720 = ORIENTED_EDGE('',*,*,#10730,.T.);
#11721 = ORIENTED_EDGE('',*,*,#11455,.F.);
#11722 = ORIENTED_EDGE('',*,*,#11723,.F.);
#11723 = EDGE_CURVE('',#10647,#11456,#11724,.T.);
#11724 = LINE('',#11725,#11726);
#11725 = CARTESIAN_POINT('',(98.234551580639,-149.5943824537,
    -419.4724504886));
#11726 = VECTOR('',#11727,1.);
#11727 = DIRECTION('',(5.997154091582E-15,5.195843755246E-14,1.));
#11728 = PLANE('',#11729);
#11729 = AXIS2_PLACEMENT_3D('',#11730,#11731,#11732);
#11730 = CARTESIAN_POINT('',(98.234551580639,-149.5943824537,
    -361.3476602656));
#11731 = DIRECTION('',(1.,-3.173589757777E-28,-5.997154091582E-15));
#11732 = DIRECTION('',(5.997154091582E-15,5.195843755246E-14,1.));
#11733 = ADVANCED_FACE('',(#11734),#11759,.F.);
#11734 = FACE_BOUND('',#11735,.T.);
#11735 = EDGE_LOOP('',(#11736,#11737,#11745,#11753));
#11736 = ORIENTED_EDGE('',*,*,#10774,.F.);
#11737 = ORIENTED_EDGE('',*,*,#11738,.F.);
#11738 = EDGE_CURVE('',#11739,#10766,#11741,.T.);
#11739 = VERTEX_POINT('',#11740);
#11740 = CARTESIAN_POINT('',(84.984551580639,-153.0943824537,
    -377.9226602656));
#11741 = LINE('',#11742,#11743);
#11742 = CARTESIAN_POINT('',(84.984551580639,-159.5943824537,
    -377.9226602656));
#11743 = VECTOR('',#11744,1.);
#11744 = DIRECTION('',(5.756219417785E-30,1.,-5.195843755246E-14));
#11745 = ORIENTED_EDGE('',*,*,#11746,.F.);
#11746 = EDGE_CURVE('',#11747,#11739,#11749,.T.);
#11747 = VERTEX_POINT('',#11748);
#11748 = CARTESIAN_POINT('',(66.484551580639,-153.0943824537,
    -377.9226602656));
#11749 = LINE('',#11750,#11751);
#11750 = CARTESIAN_POINT('',(169.59066726735,-153.0943824537,
    -377.9226602656));
#11751 = VECTOR('',#11752,1.);
#11752 = DIRECTION('',(1.,1.202550606141E-29,-1.249000770354E-16));
#11753 = ORIENTED_EDGE('',*,*,#11754,.F.);
#11754 = EDGE_CURVE('',#10775,#11747,#11755,.T.);
#11755 = LINE('',#11756,#11757);
#11756 = CARTESIAN_POINT('',(66.484551580639,-159.5943824537,
    -377.9226602656));
#11757 = VECTOR('',#11758,1.);
#11758 = DIRECTION('',(-5.756219417785E-30,-1.,5.195843755246E-14));
#11759 = PLANE('',#11760);
#11760 = AXIS2_PLACEMENT_3D('',#11761,#11762,#11763);
#11761 = CARTESIAN_POINT('',(66.484551580639,-159.5943824537,
    -377.9226602656));
#11762 = DIRECTION('',(1.249000770354E-16,5.195843755246E-14,1.));
#11763 = DIRECTION('',(1.,-1.218728411356E-29,-1.249000770354E-16));
#11764 = ADVANCED_FACE('',(#11765,#11783,#11786,#11789,#11792,#11795,
    #11805,#11815,#11825,#11895,#11965,#12003,#12041,#12079,#12117,
    #12155,#12193,#12231,#12269,#12307,#12345,#12383,#12421,#12459,
    #12497,#12535,#12573,#12611,#12649,#12687,#12725,#12763,#12801,
    #12839,#12877,#12915,#12926,#12937,#12948,#12951,#12962),#13032,.T.
  );
#11765 = FACE_BOUND('',#11766,.T.);
#11766 = EDGE_LOOP('',(#11767,#11768,#11776,#11782));
#11767 = ORIENTED_EDGE('',*,*,#10475,.F.);
#11768 = ORIENTED_EDGE('',*,*,#11769,.T.);
#11769 = EDGE_CURVE('',#10468,#11770,#11772,.T.);
#11770 = VERTEX_POINT('',#11771);
#11771 = CARTESIAN_POINT('',(15.196395427789,-149.5943824536,
    143.90296771308));
#11772 = LINE('',#11773,#11774);
#11773 = CARTESIAN_POINT('',(15.196395427784,-149.5943824537,
    -343.847352992));
#11774 = VECTOR('',#11775,1.);
#11775 = DIRECTION('',(1.04499741862E-14,1.066924343605E-13,1.));
#11776 = ORIENTED_EDGE('',*,*,#11777,.T.);
#11777 = EDGE_CURVE('',#11770,#10445,#11778,.T.);
#11778 = LINE('',#11779,#11780);
#11779 = CARTESIAN_POINT('',(170.48476674348,-149.5943824536,
    143.90296771261));
#11780 = VECTOR('',#11781,1.);
#11781 = DIRECTION('',(1.,-3.15648462576E-28,-5.96423329407E-15));
#11782 = ORIENTED_EDGE('',*,*,#10444,.T.);
#11783 = FACE_BOUND('',#11784,.T.);
#11784 = EDGE_LOOP('',(#11785));
#11785 = ORIENTED_EDGE('',*,*,#2647,.T.);
#11786 = FACE_BOUND('',#11787,.T.);
#11787 = EDGE_LOOP('',(#11788));
#11788 = ORIENTED_EDGE('',*,*,#2747,.T.);
#11789 = FACE_BOUND('',#11790,.T.);
#11790 = EDGE_LOOP('',(#11791));
#11791 = ORIENTED_EDGE('',*,*,#2697,.T.);
#11792 = FACE_BOUND('',#11793,.T.);
#11793 = EDGE_LOOP('',(#11794));
#11794 = ORIENTED_EDGE('',*,*,#2597,.T.);
#11795 = FACE_BOUND('',#11796,.T.);
#11796 = EDGE_LOOP('',(#11797,#11798,#11799,#11800,#11801,#11802,#11803,
    #11804));
#11797 = ORIENTED_EDGE('',*,*,#11069,.T.);
#11798 = ORIENTED_EDGE('',*,*,#10895,.F.);
#11799 = ORIENTED_EDGE('',*,*,#11625,.T.);
#11800 = ORIENTED_EDGE('',*,*,#10573,.F.);
#11801 = ORIENTED_EDGE('',*,*,#10622,.T.);
#11802 = ORIENTED_EDGE('',*,*,#11431,.F.);
#11803 = ORIENTED_EDGE('',*,*,#11481,.T.);
#11804 = ORIENTED_EDGE('',*,*,#11363,.F.);
#11805 = FACE_BOUND('',#11806,.T.);
#11806 = EDGE_LOOP('',(#11807,#11808,#11809,#11810,#11811,#11812,#11813,
    #11814));
#11807 = ORIENTED_EDGE('',*,*,#11276,.T.);
#11808 = ORIENTED_EDGE('',*,*,#11102,.F.);
#11809 = ORIENTED_EDGE('',*,*,#11577,.T.);
#11810 = ORIENTED_EDGE('',*,*,#10500,.F.);
#11811 = ORIENTED_EDGE('',*,*,#10549,.T.);
#11812 = ORIENTED_EDGE('',*,*,#11406,.F.);
#11813 = ORIENTED_EDGE('',*,*,#11529,.T.);
#11814 = ORIENTED_EDGE('',*,*,#11388,.F.);
#11815 = FACE_BOUND('',#11816,.T.);
#11816 = EDGE_LOOP('',(#11817,#11818,#11819,#11820,#11821,#11822,#11823,
    #11824));
#11817 = ORIENTED_EDGE('',*,*,#11723,.T.);
#11818 = ORIENTED_EDGE('',*,*,#11463,.F.);
#11819 = ORIENTED_EDGE('',*,*,#11332,.T.);
#11820 = ORIENTED_EDGE('',*,*,#11307,.F.);
#11821 = ORIENTED_EDGE('',*,*,#11673,.T.);
#11822 = ORIENTED_EDGE('',*,*,#10868,.F.);
#11823 = ORIENTED_EDGE('',*,*,#10837,.T.);
#11824 = ORIENTED_EDGE('',*,*,#10646,.F.);
#11825 = FACE_BOUND('',#11826,.T.);
#11826 = EDGE_LOOP('',(#11827,#11837,#11846,#11854,#11863,#11871,#11880,
    #11888));
#11827 = ORIENTED_EDGE('',*,*,#11828,.T.);
#11828 = EDGE_CURVE('',#11829,#11831,#11833,.T.);
#11829 = VERTEX_POINT('',#11830);
#11830 = CARTESIAN_POINT('',(286.43978295406,-149.5943824536,
    -292.0970407982));
#11831 = VERTEX_POINT('',#11832);
#11832 = CARTESIAN_POINT('',(286.43978295406,-149.5943824537,
    -334.3970407982));
#11833 = LINE('',#11834,#11835);
#11834 = CARTESIAN_POINT('',(286.43978295406,-149.5943824537,
    -369.0951407549));
#11835 = VECTOR('',#11836,1.);
#11836 = DIRECTION('',(4.924291309876E-17,-5.195843755246E-14,-1.));
#11837 = ORIENTED_EDGE('',*,*,#11838,.F.);
#11838 = EDGE_CURVE('',#11839,#11831,#11841,.T.);
#11839 = VERTEX_POINT('',#11840);
#11840 = CARTESIAN_POINT('',(288.43978295406,-149.5943824537,
    -336.3970407982));
#11841 = CIRCLE('',#11842,2.);
#11842 = AXIS2_PLACEMENT_3D('',#11843,#11844,#11845);
#11843 = CARTESIAN_POINT('',(288.43978295406,-149.5943824537,
    -334.3970407982));
#11844 = DIRECTION('',(1.079470521415E-29,1.,-5.195843755246E-14));
#11845 = DIRECTION('',(-0.707106781187,-3.67401635332E-14,
    -0.707106781187));
#11846 = ORIENTED_EDGE('',*,*,#11847,.T.);
#11847 = EDGE_CURVE('',#11839,#11848,#11850,.T.);
#11848 = VERTEX_POINT('',#11849);
#11849 = CARTESIAN_POINT('',(444.43978295406,-149.5943824537,
    -336.3970407982));
#11850 = LINE('',#11851,#11852);
#11851 = CARTESIAN_POINT('',(251.10516726735,-149.5943824537,
    -336.3970407982));
#11852 = VECTOR('',#11853,1.);
#11853 = DIRECTION('',(1.,-3.193012417346E-30,4.924291309876E-17));
#11854 = ORIENTED_EDGE('',*,*,#11855,.F.);
#11855 = EDGE_CURVE('',#11856,#11848,#11858,.T.);
#11856 = VERTEX_POINT('',#11857);
#11857 = CARTESIAN_POINT('',(446.43978295406,-149.5943824537,
    -334.3970407982));
#11858 = CIRCLE('',#11859,2.);
#11859 = AXIS2_PLACEMENT_3D('',#11860,#11861,#11862);
#11860 = CARTESIAN_POINT('',(444.43978295406,-149.5943824537,
    -334.3970407982));
#11861 = DIRECTION('',(6.829580745111E-30,1.,-5.195843755246E-14));
#11862 = DIRECTION('',(0.707106781187,-3.67401635332E-14,-0.707106781187
    ));
#11863 = ORIENTED_EDGE('',*,*,#11864,.T.);
#11864 = EDGE_CURVE('',#11856,#11865,#11867,.T.);
#11865 = VERTEX_POINT('',#11866);
#11866 = CARTESIAN_POINT('',(446.43978295406,-149.5943824536,
    -292.0970407982));
#11867 = LINE('',#11868,#11869);
#11868 = CARTESIAN_POINT('',(446.43978295406,-149.5943824537,
    -393.0951407549));
#11869 = VECTOR('',#11870,1.);
#11870 = DIRECTION('',(-4.924291309876E-17,5.195843755246E-14,1.));
#11871 = ORIENTED_EDGE('',*,*,#11872,.F.);
#11872 = EDGE_CURVE('',#11873,#11865,#11875,.T.);
#11873 = VERTEX_POINT('',#11874);
#11874 = CARTESIAN_POINT('',(444.43978295406,-149.5943824536,
    -290.0970407982));
#11875 = CIRCLE('',#11876,2.);
#11876 = AXIS2_PLACEMENT_3D('',#11877,#11878,#11879);
#11877 = CARTESIAN_POINT('',(444.43978295406,-149.5943824536,
    -292.0970407982));
#11878 = DIRECTION('',(5.58234129113E-30,1.,-5.195843755246E-14));
#11879 = DIRECTION('',(0.707106781187,3.67401635332E-14,0.707106781187)
  );
#11880 = ORIENTED_EDGE('',*,*,#11881,.T.);
#11881 = EDGE_CURVE('',#11873,#11882,#11884,.T.);
#11882 = VERTEX_POINT('',#11883);
#11883 = CARTESIAN_POINT('',(288.43978295406,-149.5943824536,
    -290.0970407982));
#11884 = LINE('',#11885,#11886);
#11885 = CARTESIAN_POINT('',(171.10516726735,-149.5943824536,
    -290.0970407982));
#11886 = VECTOR('',#11887,1.);
#11887 = DIRECTION('',(-1.,3.193012417346E-30,-4.924291309876E-17));
#11888 = ORIENTED_EDGE('',*,*,#11889,.F.);
#11889 = EDGE_CURVE('',#11829,#11882,#11890,.T.);
#11890 = CIRCLE('',#11891,2.);
#11891 = AXIS2_PLACEMENT_3D('',#11892,#11893,#11894);
#11892 = CARTESIAN_POINT('',(288.43978295406,-149.5943824536,
    -292.0970407982));
#11893 = DIRECTION('',(6.53358182512E-30,1.,-5.195843755246E-14));
#11894 = DIRECTION('',(-0.707106781187,3.67401635332E-14,0.707106781187)
  );
#11895 = FACE_BOUND('',#11896,.T.);
#11896 = EDGE_LOOP('',(#11897,#11907,#11916,#11924,#11933,#11941,#11950,
    #11958));
#11897 = ORIENTED_EDGE('',*,*,#11898,.T.);
#11898 = EDGE_CURVE('',#11899,#11901,#11903,.T.);
#11899 = VERTEX_POINT('',#11900);
#11900 = CARTESIAN_POINT('',(417.69678295407,-149.5943824537,
    -455.347352992));
#11901 = VERTEX_POINT('',#11902);
#11902 = CARTESIAN_POINT('',(417.69678295407,-149.5943824537,
    -371.347352992));
#11903 = LINE('',#11904,#11905);
#11904 = CARTESIAN_POINT('',(417.69678295407,-149.5943824537,
    -435.347352992));
#11905 = VECTOR('',#11906,1.);
#11906 = DIRECTION('',(1.42941213097E-15,1.066924343605E-13,1.));
#11907 = ORIENTED_EDGE('',*,*,#11908,.F.);
#11908 = EDGE_CURVE('',#11909,#11901,#11911,.T.);
#11909 = VERTEX_POINT('',#11910);
#11910 = CARTESIAN_POINT('',(415.69678295407,-149.5943824537,
    -369.347352992));
#11911 = CIRCLE('',#11912,2.);
#11912 = AXIS2_PLACEMENT_3D('',#11913,#11914,#11915);
#11913 = CARTESIAN_POINT('',(415.69678295407,-149.5943824537,
    -371.347352992));
#11914 = DIRECTION('',(8.650290216352E-30,1.,-5.195843755246E-14));
#11915 = DIRECTION('',(0.707106781187,3.67401635332E-14,0.707106781187)
  );
#11916 = ORIENTED_EDGE('',*,*,#11917,.F.);
#11917 = EDGE_CURVE('',#11918,#11909,#11920,.T.);
#11918 = VERTEX_POINT('',#11919);
#11919 = CARTESIAN_POINT('',(112.69678295406,-149.5943824537,
    -369.347352992));
#11920 = LINE('',#11921,#11922);
#11921 = CARTESIAN_POINT('',(68.465902311993,-149.5943824537,
    -369.347352992));
#11922 = VECTOR('',#11923,1.);
#11923 = DIRECTION('',(1.,-3.188390984815E-30,4.924291309876E-17));
#11924 = ORIENTED_EDGE('',*,*,#11925,.F.);
#11925 = EDGE_CURVE('',#11926,#11918,#11928,.T.);
#11926 = VERTEX_POINT('',#11927);
#11927 = CARTESIAN_POINT('',(110.69678295406,-149.5943824537,
    -371.347352992));
#11928 = CIRCLE('',#11929,2.);
#11929 = AXIS2_PLACEMENT_3D('',#11930,#11931,#11932);
#11930 = CARTESIAN_POINT('',(112.69678295406,-149.5943824537,
    -371.347352992));
#11931 = DIRECTION('',(1.052573878925E-29,1.,-5.195843755246E-14));
#11932 = DIRECTION('',(-0.707106781187,3.67401635332E-14,0.707106781187)
  );
#11933 = ORIENTED_EDGE('',*,*,#11934,.T.);
#11934 = EDGE_CURVE('',#11926,#11935,#11937,.T.);
#11935 = VERTEX_POINT('',#11936);
#11936 = CARTESIAN_POINT('',(110.69678295406,-149.5943824537,
    -455.347352992));
#11937 = LINE('',#11938,#11939);
#11938 = CARTESIAN_POINT('',(110.69678295406,-149.5943824537,
    -391.347352992));
#11939 = VECTOR('',#11940,1.);
#11940 = DIRECTION('',(-1.02569466747E-15,-1.066924343605E-13,-1.));
#11941 = ORIENTED_EDGE('',*,*,#11942,.T.);
#11942 = EDGE_CURVE('',#11935,#11943,#11945,.T.);
#11943 = VERTEX_POINT('',#11944);
#11944 = CARTESIAN_POINT('',(112.69678295406,-149.5943824537,
    -457.347352992));
#11945 = CIRCLE('',#11946,2.);
#11946 = AXIS2_PLACEMENT_3D('',#11947,#11948,#11949);
#11947 = CARTESIAN_POINT('',(112.69678295406,-149.5943824537,
    -455.347352992));
#11948 = DIRECTION('',(1.110214554297E-16,-1.,1.066924343605E-13));
#11949 = DIRECTION('',(-0.707106781187,-7.552144786163E-14,
    -0.707106781187));
#11950 = ORIENTED_EDGE('',*,*,#11951,.T.);
#11951 = EDGE_CURVE('',#11943,#11952,#11954,.T.);
#11952 = VERTEX_POINT('',#11953);
#11953 = CARTESIAN_POINT('',(415.69678295407,-149.5943824537,
    -457.347352992));
#11954 = LINE('',#11955,#11956);
#11955 = CARTESIAN_POINT('',(105.69678295406,-149.5943824537,
    -457.347352992));
#11956 = VECTOR('',#11957,1.);
#11957 = DIRECTION('',(1.,2.220454519589E-16,-1.42941213097E-15));
#11958 = ORIENTED_EDGE('',*,*,#11959,.T.);
#11959 = EDGE_CURVE('',#11952,#11899,#11960,.T.);
#11960 = CIRCLE('',#11961,2.);
#11961 = AXIS2_PLACEMENT_3D('',#11962,#11963,#11964);
#11962 = CARTESIAN_POINT('',(415.69678295407,-149.5943824537,
    -455.347352992));
#11963 = DIRECTION('',(1.110214554297E-16,-1.,1.066924343605E-13));
#11964 = DIRECTION('',(0.707106781187,-7.536443981365E-14,
    -0.707106781187));
#11965 = FACE_BOUND('',#11966,.T.);
#11966 = EDGE_LOOP('',(#11967,#11976,#11984,#11993,#11999,#12000,#12001,
    #12002));
#11967 = ORIENTED_EDGE('',*,*,#11968,.T.);
#11968 = EDGE_CURVE('',#8210,#11969,#11971,.T.);
#11969 = VERTEX_POINT('',#11970);
#11970 = CARTESIAN_POINT('',(172.19636790678,-149.5943824536,
    -274.0970318374));
#11971 = CIRCLE('',#11972,2.);
#11972 = AXIS2_PLACEMENT_3D('',#11973,#11974,#11975);
#11973 = CARTESIAN_POINT('',(172.19636790678,-149.5943824536,
    -272.0970318374));
#11974 = DIRECTION('',(-5.756219417785E-30,-1.,5.195843755246E-14));
#11975 = DIRECTION('',(-1.,-1.833688685946E-27,-3.540223671097E-14));
#11976 = ORIENTED_EDGE('',*,*,#11977,.T.);
#11977 = EDGE_CURVE('',#11969,#11978,#11980,.T.);
#11978 = VERTEX_POINT('',#11979);
#11979 = CARTESIAN_POINT('',(176.19636790678,-149.5943824536,
    -274.0970318374));
#11980 = LINE('',#11981,#11982);
#11981 = CARTESIAN_POINT('',(120.96545974371,-149.5943824536,
    -274.0970318374));
#11982 = VECTOR('',#11983,1.);
#11983 = DIRECTION('',(1.,-1.224583227072E-29,-1.249000770353E-16));
#11984 = ORIENTED_EDGE('',*,*,#11985,.T.);
#11985 = EDGE_CURVE('',#11978,#11986,#11988,.T.);
#11986 = VERTEX_POINT('',#11987);
#11987 = CARTESIAN_POINT('',(178.19636790678,-149.5943824536,
    -272.0970318374));
#11988 = CIRCLE('',#11989,2.);
#11989 = AXIS2_PLACEMENT_3D('',#11990,#11991,#11992);
#11990 = CARTESIAN_POINT('',(176.19636790678,-149.5943824536,
    -272.0970318374));
#11991 = DIRECTION('',(-5.756219417785E-30,-1.,5.195843755246E-14));
#11992 = DIRECTION('',(-1.249000770354E-16,-5.195843755246E-14,-1.));
#11993 = ORIENTED_EDGE('',*,*,#11994,.T.);
#11994 = EDGE_CURVE('',#11986,#8128,#11995,.T.);
#11995 = LINE('',#11996,#11997);
#11996 = CARTESIAN_POINT('',(178.19636790678,-149.5943824536,
    -165.3471362745));
#11997 = VECTOR('',#11998,1.);
#11998 = DIRECTION('',(1.249000770354E-16,5.195843755246E-14,1.));
#11999 = ORIENTED_EDGE('',*,*,#8135,.F.);
#12000 = ORIENTED_EDGE('',*,*,#8168,.T.);
#12001 = ORIENTED_EDGE('',*,*,#8184,.F.);
#12002 = ORIENTED_EDGE('',*,*,#8217,.T.);
#12003 = FACE_BOUND('',#12004,.T.);
#12004 = EDGE_LOOP('',(#12005,#12013,#12014,#12015,#12016,#12017,#12026,
    #12034));
#12005 = ORIENTED_EDGE('',*,*,#12006,.T.);
#12006 = EDGE_CURVE('',#12007,#3011,#12009,.T.);
#12007 = VERTEX_POINT('',#12008);
#12008 = CARTESIAN_POINT('',(484.19636790678,-149.5943824536,
    -272.0970318374));
#12009 = LINE('',#12010,#12011);
#12010 = CARTESIAN_POINT('',(484.19636790678,-149.5943824536,
    -165.3471362745));
#12011 = VECTOR('',#12012,1.);
#12012 = DIRECTION('',(1.249000770354E-16,5.195843755246E-14,1.));
#12013 = ORIENTED_EDGE('',*,*,#3018,.F.);
#12014 = ORIENTED_EDGE('',*,*,#3051,.T.);
#12015 = ORIENTED_EDGE('',*,*,#3067,.F.);
#12016 = ORIENTED_EDGE('',*,*,#3100,.T.);
#12017 = ORIENTED_EDGE('',*,*,#12018,.T.);
#12018 = EDGE_CURVE('',#3093,#12019,#12021,.T.);
#12019 = VERTEX_POINT('',#12020);
#12020 = CARTESIAN_POINT('',(478.19636790678,-149.5943824536,
    -274.0970318374));
#12021 = CIRCLE('',#12022,2.);
#12022 = AXIS2_PLACEMENT_3D('',#12023,#12024,#12025);
#12023 = CARTESIAN_POINT('',(478.19636790678,-149.5943824536,
    -272.0970318374));
#12024 = DIRECTION('',(-5.756219417785E-30,-1.,5.195843755246E-14));
#12025 = DIRECTION('',(-1.,-1.833688685946E-27,-3.540223671097E-14));
#12026 = ORIENTED_EDGE('',*,*,#12027,.T.);
#12027 = EDGE_CURVE('',#12019,#12028,#12030,.T.);
#12028 = VERTEX_POINT('',#12029);
#12029 = CARTESIAN_POINT('',(482.19636790678,-149.5943824536,
    -274.0970318374));
#12030 = LINE('',#12031,#12032);
#12031 = CARTESIAN_POINT('',(273.96545974371,-149.5943824536,
    -274.0970318374));
#12032 = VECTOR('',#12033,1.);
#12033 = DIRECTION('',(1.,-1.224583227072E-29,-1.249000770353E-16));
#12034 = ORIENTED_EDGE('',*,*,#12035,.T.);
#12035 = EDGE_CURVE('',#12028,#12007,#12036,.T.);
#12036 = CIRCLE('',#12037,2.);
#12037 = AXIS2_PLACEMENT_3D('',#12038,#12039,#12040);
#12038 = CARTESIAN_POINT('',(482.19636790678,-149.5943824536,
    -272.0970318374));
#12039 = DIRECTION('',(-5.756219417785E-30,-1.,5.195843755246E-14));
#12040 = DIRECTION('',(-1.249000770354E-16,-5.195843755246E-14,-1.));
#12041 = FACE_BOUND('',#12042,.T.);
#12042 = EDGE_LOOP('',(#12043,#12051,#12052,#12053,#12054,#12055,#12064,
    #12072));
#12043 = ORIENTED_EDGE('',*,*,#12044,.T.);
#12044 = EDGE_CURVE('',#12045,#3312,#12047,.T.);
#12045 = VERTEX_POINT('',#12046);
#12046 = CARTESIAN_POINT('',(466.19636790678,-149.5943824536,
    -272.0970318374));
#12047 = LINE('',#12048,#12049);
#12048 = CARTESIAN_POINT('',(466.19636790678,-149.5943824536,
    -165.3471362745));
#12049 = VECTOR('',#12050,1.);
#12050 = DIRECTION('',(1.249000770354E-16,5.195843755246E-14,1.));
#12051 = ORIENTED_EDGE('',*,*,#3319,.F.);
#12052 = ORIENTED_EDGE('',*,*,#3352,.T.);
#12053 = ORIENTED_EDGE('',*,*,#3368,.F.);
#12054 = ORIENTED_EDGE('',*,*,#3401,.T.);
#12055 = ORIENTED_EDGE('',*,*,#12056,.T.);
#12056 = EDGE_CURVE('',#3394,#12057,#12059,.T.);
#12057 = VERTEX_POINT('',#12058);
#12058 = CARTESIAN_POINT('',(460.19636790678,-149.5943824536,
    -274.0970318374));
#12059 = CIRCLE('',#12060,2.);
#12060 = AXIS2_PLACEMENT_3D('',#12061,#12062,#12063);
#12061 = CARTESIAN_POINT('',(460.19636790678,-149.5943824536,
    -272.0970318374));
#12062 = DIRECTION('',(-5.756219417785E-30,-1.,5.195843755246E-14));
#12063 = DIRECTION('',(-1.,-1.833688685946E-27,-3.540223671097E-14));
#12064 = ORIENTED_EDGE('',*,*,#12065,.T.);
#12065 = EDGE_CURVE('',#12057,#12066,#12068,.T.);
#12066 = VERTEX_POINT('',#12067);
#12067 = CARTESIAN_POINT('',(464.19636790678,-149.5943824536,
    -274.0970318374));
#12068 = LINE('',#12069,#12070);
#12069 = CARTESIAN_POINT('',(264.96545974371,-149.5943824536,
    -274.0970318374));
#12070 = VECTOR('',#12071,1.);
#12071 = DIRECTION('',(1.,-1.224583227072E-29,-1.249000770353E-16));
#12072 = ORIENTED_EDGE('',*,*,#12073,.T.);
#12073 = EDGE_CURVE('',#12066,#12045,#12074,.T.);
#12074 = CIRCLE('',#12075,2.);
#12075 = AXIS2_PLACEMENT_3D('',#12076,#12077,#12078);
#12076 = CARTESIAN_POINT('',(464.19636790678,-149.5943824536,
    -272.0970318374));
#12077 = DIRECTION('',(-5.756219417785E-30,-1.,5.195843755246E-14));
#12078 = DIRECTION('',(-1.249000770354E-16,-5.195843755246E-14,-1.));
#12079 = FACE_BOUND('',#12080,.T.);
#12080 = EDGE_LOOP('',(#12081,#12089,#12090,#12091,#12092,#12093,#12102,
    #12110));
#12081 = ORIENTED_EDGE('',*,*,#12082,.T.);
#12082 = EDGE_CURVE('',#12083,#3613,#12085,.T.);
#12083 = VERTEX_POINT('',#12084);
#12084 = CARTESIAN_POINT('',(448.19636790678,-149.5943824536,
    -272.0970318374));
#12085 = LINE('',#12086,#12087);
#12086 = CARTESIAN_POINT('',(448.19636790678,-149.5943824536,
    -165.3471362745));
#12087 = VECTOR('',#12088,1.);
#12088 = DIRECTION('',(1.249000770354E-16,5.195843755246E-14,1.));
#12089 = ORIENTED_EDGE('',*,*,#3620,.F.);
#12090 = ORIENTED_EDGE('',*,*,#3653,.T.);
#12091 = ORIENTED_EDGE('',*,*,#3669,.F.);
#12092 = ORIENTED_EDGE('',*,*,#3702,.T.);
#12093 = ORIENTED_EDGE('',*,*,#12094,.T.);
#12094 = EDGE_CURVE('',#3695,#12095,#12097,.T.);
#12095 = VERTEX_POINT('',#12096);
#12096 = CARTESIAN_POINT('',(442.19636790678,-149.5943824536,
    -274.0970318374));
#12097 = CIRCLE('',#12098,2.);
#12098 = AXIS2_PLACEMENT_3D('',#12099,#12100,#12101);
#12099 = CARTESIAN_POINT('',(442.19636790678,-149.5943824536,
    -272.0970318374));
#12100 = DIRECTION('',(-5.756219417785E-30,-1.,5.195843755246E-14));
#12101 = DIRECTION('',(-1.,-1.833688685946E-27,-3.540223671097E-14));
#12102 = ORIENTED_EDGE('',*,*,#12103,.T.);
#12103 = EDGE_CURVE('',#12095,#12104,#12106,.T.);
#12104 = VERTEX_POINT('',#12105);
#12105 = CARTESIAN_POINT('',(446.19636790678,-149.5943824536,
    -274.0970318374));
#12106 = LINE('',#12107,#12108);
#12107 = CARTESIAN_POINT('',(255.96545974371,-149.5943824536,
    -274.0970318374));
#12108 = VECTOR('',#12109,1.);
#12109 = DIRECTION('',(1.,-1.224583227072E-29,-1.249000770353E-16));
#12110 = ORIENTED_EDGE('',*,*,#12111,.T.);
#12111 = EDGE_CURVE('',#12104,#12083,#12112,.T.);
#12112 = CIRCLE('',#12113,2.);
#12113 = AXIS2_PLACEMENT_3D('',#12114,#12115,#12116);
#12114 = CARTESIAN_POINT('',(446.19636790678,-149.5943824536,
    -272.0970318374));
#12115 = DIRECTION('',(-5.756219417785E-30,-1.,5.195843755246E-14));
#12116 = DIRECTION('',(-1.249000770354E-16,-5.195843755246E-14,-1.));
#12117 = FACE_BOUND('',#12118,.T.);
#12118 = EDGE_LOOP('',(#12119,#12127,#12128,#12129,#12130,#12131,#12140,
    #12148));
#12119 = ORIENTED_EDGE('',*,*,#12120,.T.);
#12120 = EDGE_CURVE('',#12121,#3914,#12123,.T.);
#12121 = VERTEX_POINT('',#12122);
#12122 = CARTESIAN_POINT('',(430.19636790678,-149.5943824536,
    -272.0970318374));
#12123 = LINE('',#12124,#12125);
#12124 = CARTESIAN_POINT('',(430.19636790678,-149.5943824536,
    -165.3471362745));
#12125 = VECTOR('',#12126,1.);
#12126 = DIRECTION('',(1.249000770354E-16,5.195843755246E-14,1.));
#12127 = ORIENTED_EDGE('',*,*,#3921,.F.);
#12128 = ORIENTED_EDGE('',*,*,#3954,.T.);
#12129 = ORIENTED_EDGE('',*,*,#3970,.F.);
#12130 = ORIENTED_EDGE('',*,*,#4003,.T.);
#12131 = ORIENTED_EDGE('',*,*,#12132,.T.);
#12132 = EDGE_CURVE('',#3996,#12133,#12135,.T.);
#12133 = VERTEX_POINT('',#12134);
#12134 = CARTESIAN_POINT('',(424.19636790678,-149.5943824536,
    -274.0970318374));
#12135 = CIRCLE('',#12136,2.);
#12136 = AXIS2_PLACEMENT_3D('',#12137,#12138,#12139);
#12137 = CARTESIAN_POINT('',(424.19636790678,-149.5943824536,
    -272.0970318374));
#12138 = DIRECTION('',(-5.756219417785E-30,-1.,5.195843755246E-14));
#12139 = DIRECTION('',(-1.,-1.833688685946E-27,-3.540223671097E-14));
#12140 = ORIENTED_EDGE('',*,*,#12141,.T.);
#12141 = EDGE_CURVE('',#12133,#12142,#12144,.T.);
#12142 = VERTEX_POINT('',#12143);
#12143 = CARTESIAN_POINT('',(428.19636790678,-149.5943824536,
    -274.0970318374));
#12144 = LINE('',#12145,#12146);
#12145 = CARTESIAN_POINT('',(246.96545974371,-149.5943824536,
    -274.0970318374));
#12146 = VECTOR('',#12147,1.);
#12147 = DIRECTION('',(1.,-1.224583227072E-29,-1.249000770353E-16));
#12148 = ORIENTED_EDGE('',*,*,#12149,.T.);
#12149 = EDGE_CURVE('',#12142,#12121,#12150,.T.);
#12150 = CIRCLE('',#12151,2.);
#12151 = AXIS2_PLACEMENT_3D('',#12152,#12153,#12154);
#12152 = CARTESIAN_POINT('',(428.19636790678,-149.5943824536,
    -272.0970318374));
#12153 = DIRECTION('',(-5.756219417785E-30,-1.,5.195843755246E-14));
#12154 = DIRECTION('',(-1.249000770354E-16,-5.195843755246E-14,-1.));
#12155 = FACE_BOUND('',#12156,.T.);
#12156 = EDGE_LOOP('',(#12157,#12165,#12166,#12167,#12168,#12169,#12178,
    #12186));
#12157 = ORIENTED_EDGE('',*,*,#12158,.T.);
#12158 = EDGE_CURVE('',#12159,#4215,#12161,.T.);
#12159 = VERTEX_POINT('',#12160);
#12160 = CARTESIAN_POINT('',(412.19636790678,-149.5943824536,
    -272.0970318374));
#12161 = LINE('',#12162,#12163);
#12162 = CARTESIAN_POINT('',(412.19636790678,-149.5943824536,
    -165.3471362745));
#12163 = VECTOR('',#12164,1.);
#12164 = DIRECTION('',(1.249000770354E-16,5.195843755246E-14,1.));
#12165 = ORIENTED_EDGE('',*,*,#4222,.F.);
#12166 = ORIENTED_EDGE('',*,*,#4255,.T.);
#12167 = ORIENTED_EDGE('',*,*,#4271,.F.);
#12168 = ORIENTED_EDGE('',*,*,#4304,.T.);
#12169 = ORIENTED_EDGE('',*,*,#12170,.T.);
#12170 = EDGE_CURVE('',#4297,#12171,#12173,.T.);
#12171 = VERTEX_POINT('',#12172);
#12172 = CARTESIAN_POINT('',(406.19636790678,-149.5943824536,
    -274.0970318374));
#12173 = CIRCLE('',#12174,2.);
#12174 = AXIS2_PLACEMENT_3D('',#12175,#12176,#12177);
#12175 = CARTESIAN_POINT('',(406.19636790678,-149.5943824536,
    -272.0970318374));
#12176 = DIRECTION('',(-5.756219417785E-30,-1.,5.195843755246E-14));
#12177 = DIRECTION('',(-1.,-1.833688685946E-27,-3.540223671097E-14));
#12178 = ORIENTED_EDGE('',*,*,#12179,.T.);
#12179 = EDGE_CURVE('',#12171,#12180,#12182,.T.);
#12180 = VERTEX_POINT('',#12181);
#12181 = CARTESIAN_POINT('',(410.19636790678,-149.5943824536,
    -274.0970318374));
#12182 = LINE('',#12183,#12184);
#12183 = CARTESIAN_POINT('',(237.96545974371,-149.5943824536,
    -274.0970318374));
#12184 = VECTOR('',#12185,1.);
#12185 = DIRECTION('',(1.,-1.224583227072E-29,-1.249000770353E-16));
#12186 = ORIENTED_EDGE('',*,*,#12187,.T.);
#12187 = EDGE_CURVE('',#12180,#12159,#12188,.T.);
#12188 = CIRCLE('',#12189,2.);
#12189 = AXIS2_PLACEMENT_3D('',#12190,#12191,#12192);
#12190 = CARTESIAN_POINT('',(410.19636790678,-149.5943824536,
    -272.0970318374));
#12191 = DIRECTION('',(-5.756219417785E-30,-1.,5.195843755246E-14));
#12192 = DIRECTION('',(-1.249000770354E-16,-5.195843755246E-14,-1.));
#12193 = FACE_BOUND('',#12194,.T.);
#12194 = EDGE_LOOP('',(#12195,#12203,#12204,#12205,#12206,#12207,#12216,
    #12224));
#12195 = ORIENTED_EDGE('',*,*,#12196,.T.);
#12196 = EDGE_CURVE('',#12197,#4516,#12199,.T.);
#12197 = VERTEX_POINT('',#12198);
#12198 = CARTESIAN_POINT('',(394.19636790678,-149.5943824536,
    -272.0970318374));
#12199 = LINE('',#12200,#12201);
#12200 = CARTESIAN_POINT('',(394.19636790678,-149.5943824536,
    -165.3471362745));
#12201 = VECTOR('',#12202,1.);
#12202 = DIRECTION('',(1.249000770354E-16,5.195843755246E-14,1.));
#12203 = ORIENTED_EDGE('',*,*,#4523,.F.);
#12204 = ORIENTED_EDGE('',*,*,#4556,.T.);
#12205 = ORIENTED_EDGE('',*,*,#4572,.F.);
#12206 = ORIENTED_EDGE('',*,*,#4605,.T.);
#12207 = ORIENTED_EDGE('',*,*,#12208,.T.);
#12208 = EDGE_CURVE('',#4598,#12209,#12211,.T.);
#12209 = VERTEX_POINT('',#12210);
#12210 = CARTESIAN_POINT('',(388.19636790678,-149.5943824536,
    -274.0970318374));
#12211 = CIRCLE('',#12212,2.);
#12212 = AXIS2_PLACEMENT_3D('',#12213,#12214,#12215);
#12213 = CARTESIAN_POINT('',(388.19636790678,-149.5943824536,
    -272.0970318374));
#12214 = DIRECTION('',(-5.756219417785E-30,-1.,5.195843755246E-14));
#12215 = DIRECTION('',(-1.,-1.833688685946E-27,-3.540223671097E-14));
#12216 = ORIENTED_EDGE('',*,*,#12217,.T.);
#12217 = EDGE_CURVE('',#12209,#12218,#12220,.T.);
#12218 = VERTEX_POINT('',#12219);
#12219 = CARTESIAN_POINT('',(392.19636790678,-149.5943824536,
    -274.0970318374));
#12220 = LINE('',#12221,#12222);
#12221 = CARTESIAN_POINT('',(228.96545974371,-149.5943824536,
    -274.0970318374));
#12222 = VECTOR('',#12223,1.);
#12223 = DIRECTION('',(1.,-1.224583227072E-29,-1.249000770353E-16));
#12224 = ORIENTED_EDGE('',*,*,#12225,.T.);
#12225 = EDGE_CURVE('',#12218,#12197,#12226,.T.);
#12226 = CIRCLE('',#12227,2.);
#12227 = AXIS2_PLACEMENT_3D('',#12228,#12229,#12230);
#12228 = CARTESIAN_POINT('',(392.19636790678,-149.5943824536,
    -272.0970318374));
#12229 = DIRECTION('',(-5.756219417785E-30,-1.,5.195843755246E-14));
#12230 = DIRECTION('',(-1.249000770354E-16,-5.195843755246E-14,-1.));
#12231 = FACE_BOUND('',#12232,.T.);
#12232 = EDGE_LOOP('',(#12233,#12241,#12242,#12243,#12244,#12245,#12254,
    #12262));
#12233 = ORIENTED_EDGE('',*,*,#12234,.T.);
#12234 = EDGE_CURVE('',#12235,#4817,#12237,.T.);
#12235 = VERTEX_POINT('',#12236);
#12236 = CARTESIAN_POINT('',(376.19636790678,-149.5943824536,
    -272.0970318374));
#12237 = LINE('',#12238,#12239);
#12238 = CARTESIAN_POINT('',(376.19636790678,-149.5943824536,
    -165.3471362745));
#12239 = VECTOR('',#12240,1.);
#12240 = DIRECTION('',(1.249000770354E-16,5.195843755246E-14,1.));
#12241 = ORIENTED_EDGE('',*,*,#4824,.F.);
#12242 = ORIENTED_EDGE('',*,*,#4857,.T.);
#12243 = ORIENTED_EDGE('',*,*,#4873,.F.);
#12244 = ORIENTED_EDGE('',*,*,#4906,.T.);
#12245 = ORIENTED_EDGE('',*,*,#12246,.T.);
#12246 = EDGE_CURVE('',#4899,#12247,#12249,.T.);
#12247 = VERTEX_POINT('',#12248);
#12248 = CARTESIAN_POINT('',(370.19636790678,-149.5943824536,
    -274.0970318374));
#12249 = CIRCLE('',#12250,2.);
#12250 = AXIS2_PLACEMENT_3D('',#12251,#12252,#12253);
#12251 = CARTESIAN_POINT('',(370.19636790678,-149.5943824536,
    -272.0970318374));
#12252 = DIRECTION('',(-5.756219417785E-30,-1.,5.195843755246E-14));
#12253 = DIRECTION('',(-1.,-1.833688685946E-27,-3.540223671097E-14));
#12254 = ORIENTED_EDGE('',*,*,#12255,.T.);
#12255 = EDGE_CURVE('',#12247,#12256,#12258,.T.);
#12256 = VERTEX_POINT('',#12257);
#12257 = CARTESIAN_POINT('',(374.19636790678,-149.5943824536,
    -274.0970318374));
#12258 = LINE('',#12259,#12260);
#12259 = CARTESIAN_POINT('',(219.96545974371,-149.5943824536,
    -274.0970318374));
#12260 = VECTOR('',#12261,1.);
#12261 = DIRECTION('',(1.,-1.224583227072E-29,-1.249000770353E-16));
#12262 = ORIENTED_EDGE('',*,*,#12263,.T.);
#12263 = EDGE_CURVE('',#12256,#12235,#12264,.T.);
#12264 = CIRCLE('',#12265,2.);
#12265 = AXIS2_PLACEMENT_3D('',#12266,#12267,#12268);
#12266 = CARTESIAN_POINT('',(374.19636790678,-149.5943824536,
    -272.0970318374));
#12267 = DIRECTION('',(-5.756219417785E-30,-1.,5.195843755246E-14));
#12268 = DIRECTION('',(-1.249000770354E-16,-5.195843755246E-14,-1.));
#12269 = FACE_BOUND('',#12270,.T.);
#12270 = EDGE_LOOP('',(#12271,#12279,#12280,#12281,#12282,#12283,#12292,
    #12300));
#12271 = ORIENTED_EDGE('',*,*,#12272,.T.);
#12272 = EDGE_CURVE('',#12273,#5118,#12275,.T.);
#12273 = VERTEX_POINT('',#12274);
#12274 = CARTESIAN_POINT('',(358.19636790678,-149.5943824536,
    -272.0970318374));
#12275 = LINE('',#12276,#12277);
#12276 = CARTESIAN_POINT('',(358.19636790678,-149.5943824536,
    -165.3471362745));
#12277 = VECTOR('',#12278,1.);
#12278 = DIRECTION('',(1.249000770354E-16,5.195843755246E-14,1.));
#12279 = ORIENTED_EDGE('',*,*,#5125,.F.);
#12280 = ORIENTED_EDGE('',*,*,#5158,.T.);
#12281 = ORIENTED_EDGE('',*,*,#5174,.F.);
#12282 = ORIENTED_EDGE('',*,*,#5207,.T.);
#12283 = ORIENTED_EDGE('',*,*,#12284,.T.);
#12284 = EDGE_CURVE('',#5200,#12285,#12287,.T.);
#12285 = VERTEX_POINT('',#12286);
#12286 = CARTESIAN_POINT('',(352.19636790678,-149.5943824536,
    -274.0970318374));
#12287 = CIRCLE('',#12288,2.);
#12288 = AXIS2_PLACEMENT_3D('',#12289,#12290,#12291);
#12289 = CARTESIAN_POINT('',(352.19636790678,-149.5943824536,
    -272.0970318374));
#12290 = DIRECTION('',(-5.756219417785E-30,-1.,5.195843755246E-14));
#12291 = DIRECTION('',(-1.,-1.833688685946E-27,-3.540223671097E-14));
#12292 = ORIENTED_EDGE('',*,*,#12293,.T.);
#12293 = EDGE_CURVE('',#12285,#12294,#12296,.T.);
#12294 = VERTEX_POINT('',#12295);
#12295 = CARTESIAN_POINT('',(356.19636790678,-149.5943824536,
    -274.0970318374));
#12296 = LINE('',#12297,#12298);
#12297 = CARTESIAN_POINT('',(210.96545974371,-149.5943824536,
    -274.0970318374));
#12298 = VECTOR('',#12299,1.);
#12299 = DIRECTION('',(1.,-1.224583227072E-29,-1.249000770353E-16));
#12300 = ORIENTED_EDGE('',*,*,#12301,.T.);
#12301 = EDGE_CURVE('',#12294,#12273,#12302,.T.);
#12302 = CIRCLE('',#12303,2.);
#12303 = AXIS2_PLACEMENT_3D('',#12304,#12305,#12306);
#12304 = CARTESIAN_POINT('',(356.19636790678,-149.5943824536,
    -272.0970318374));
#12305 = DIRECTION('',(-5.756219417785E-30,-1.,5.195843755246E-14));
#12306 = DIRECTION('',(-1.249000770354E-16,-5.195843755246E-14,-1.));
#12307 = FACE_BOUND('',#12308,.T.);
#12308 = EDGE_LOOP('',(#12309,#12317,#12318,#12319,#12320,#12321,#12330,
    #12338));
#12309 = ORIENTED_EDGE('',*,*,#12310,.T.);
#12310 = EDGE_CURVE('',#12311,#5419,#12313,.T.);
#12311 = VERTEX_POINT('',#12312);
#12312 = CARTESIAN_POINT('',(340.19636790678,-149.5943824536,
    -272.0970318374));
#12313 = LINE('',#12314,#12315);
#12314 = CARTESIAN_POINT('',(340.19636790678,-149.5943824536,
    -165.3471362745));
#12315 = VECTOR('',#12316,1.);
#12316 = DIRECTION('',(1.249000770354E-16,5.195843755246E-14,1.));
#12317 = ORIENTED_EDGE('',*,*,#5426,.F.);
#12318 = ORIENTED_EDGE('',*,*,#5459,.T.);
#12319 = ORIENTED_EDGE('',*,*,#5475,.F.);
#12320 = ORIENTED_EDGE('',*,*,#5508,.T.);
#12321 = ORIENTED_EDGE('',*,*,#12322,.T.);
#12322 = EDGE_CURVE('',#5501,#12323,#12325,.T.);
#12323 = VERTEX_POINT('',#12324);
#12324 = CARTESIAN_POINT('',(334.19636790678,-149.5943824536,
    -274.0970318374));
#12325 = CIRCLE('',#12326,2.);
#12326 = AXIS2_PLACEMENT_3D('',#12327,#12328,#12329);
#12327 = CARTESIAN_POINT('',(334.19636790678,-149.5943824536,
    -272.0970318374));
#12328 = DIRECTION('',(-5.756219417785E-30,-1.,5.195843755246E-14));
#12329 = DIRECTION('',(-1.,-1.833688685946E-27,-3.540223671097E-14));
#12330 = ORIENTED_EDGE('',*,*,#12331,.T.);
#12331 = EDGE_CURVE('',#12323,#12332,#12334,.T.);
#12332 = VERTEX_POINT('',#12333);
#12333 = CARTESIAN_POINT('',(338.19636790678,-149.5943824536,
    -274.0970318374));
#12334 = LINE('',#12335,#12336);
#12335 = CARTESIAN_POINT('',(201.96545974371,-149.5943824536,
    -274.0970318374));
#12336 = VECTOR('',#12337,1.);
#12337 = DIRECTION('',(1.,-1.224583227072E-29,-1.249000770353E-16));
#12338 = ORIENTED_EDGE('',*,*,#12339,.T.);
#12339 = EDGE_CURVE('',#12332,#12311,#12340,.T.);
#12340 = CIRCLE('',#12341,2.);
#12341 = AXIS2_PLACEMENT_3D('',#12342,#12343,#12344);
#12342 = CARTESIAN_POINT('',(338.19636790678,-149.5943824536,
    -272.0970318374));
#12343 = DIRECTION('',(-5.756219417785E-30,-1.,5.195843755246E-14));
#12344 = DIRECTION('',(-1.249000770354E-16,-5.195843755246E-14,-1.));
#12345 = FACE_BOUND('',#12346,.T.);
#12346 = EDGE_LOOP('',(#12347,#12355,#12356,#12357,#12358,#12359,#12368,
    #12376));
#12347 = ORIENTED_EDGE('',*,*,#12348,.T.);
#12348 = EDGE_CURVE('',#12349,#5720,#12351,.T.);
#12349 = VERTEX_POINT('',#12350);
#12350 = CARTESIAN_POINT('',(322.19636790678,-149.5943824536,
    -272.0970318374));
#12351 = LINE('',#12352,#12353);
#12352 = CARTESIAN_POINT('',(322.19636790678,-149.5943824536,
    -165.3471362745));
#12353 = VECTOR('',#12354,1.);
#12354 = DIRECTION('',(1.249000770354E-16,5.195843755246E-14,1.));
#12355 = ORIENTED_EDGE('',*,*,#5727,.F.);
#12356 = ORIENTED_EDGE('',*,*,#5760,.T.);
#12357 = ORIENTED_EDGE('',*,*,#5776,.F.);
#12358 = ORIENTED_EDGE('',*,*,#5809,.T.);
#12359 = ORIENTED_EDGE('',*,*,#12360,.T.);
#12360 = EDGE_CURVE('',#5802,#12361,#12363,.T.);
#12361 = VERTEX_POINT('',#12362);
#12362 = CARTESIAN_POINT('',(316.19636790678,-149.5943824536,
    -274.0970318374));
#12363 = CIRCLE('',#12364,2.);
#12364 = AXIS2_PLACEMENT_3D('',#12365,#12366,#12367);
#12365 = CARTESIAN_POINT('',(316.19636790678,-149.5943824536,
    -272.0970318374));
#12366 = DIRECTION('',(-5.756219417785E-30,-1.,5.195843755246E-14));
#12367 = DIRECTION('',(-1.,-1.833688685946E-27,-3.540223671097E-14));
#12368 = ORIENTED_EDGE('',*,*,#12369,.T.);
#12369 = EDGE_CURVE('',#12361,#12370,#12372,.T.);
#12370 = VERTEX_POINT('',#12371);
#12371 = CARTESIAN_POINT('',(320.19636790678,-149.5943824536,
    -274.0970318374));
#12372 = LINE('',#12373,#12374);
#12373 = CARTESIAN_POINT('',(192.96545974371,-149.5943824536,
    -274.0970318374));
#12374 = VECTOR('',#12375,1.);
#12375 = DIRECTION('',(1.,-1.224583227072E-29,-1.249000770353E-16));
#12376 = ORIENTED_EDGE('',*,*,#12377,.T.);
#12377 = EDGE_CURVE('',#12370,#12349,#12378,.T.);
#12378 = CIRCLE('',#12379,2.);
#12379 = AXIS2_PLACEMENT_3D('',#12380,#12381,#12382);
#12380 = CARTESIAN_POINT('',(320.19636790678,-149.5943824536,
    -272.0970318374));
#12381 = DIRECTION('',(-5.756219417785E-30,-1.,5.195843755246E-14));
#12382 = DIRECTION('',(-1.249000770354E-16,-5.195843755246E-14,-1.));
#12383 = FACE_BOUND('',#12384,.T.);
#12384 = EDGE_LOOP('',(#12385,#12393,#12394,#12395,#12396,#12397,#12406,
    #12414));
#12385 = ORIENTED_EDGE('',*,*,#12386,.T.);
#12386 = EDGE_CURVE('',#12387,#6021,#12389,.T.);
#12387 = VERTEX_POINT('',#12388);
#12388 = CARTESIAN_POINT('',(304.19636790678,-149.5943824536,
    -272.0970318374));
#12389 = LINE('',#12390,#12391);
#12390 = CARTESIAN_POINT('',(304.19636790678,-149.5943824536,
    -165.3471362745));
#12391 = VECTOR('',#12392,1.);
#12392 = DIRECTION('',(1.249000770354E-16,5.195843755246E-14,1.));
#12393 = ORIENTED_EDGE('',*,*,#6028,.F.);
#12394 = ORIENTED_EDGE('',*,*,#6061,.T.);
#12395 = ORIENTED_EDGE('',*,*,#6077,.F.);
#12396 = ORIENTED_EDGE('',*,*,#6110,.T.);
#12397 = ORIENTED_EDGE('',*,*,#12398,.T.);
#12398 = EDGE_CURVE('',#6103,#12399,#12401,.T.);
#12399 = VERTEX_POINT('',#12400);
#12400 = CARTESIAN_POINT('',(298.19636790678,-149.5943824536,
    -274.0970318374));
#12401 = CIRCLE('',#12402,2.);
#12402 = AXIS2_PLACEMENT_3D('',#12403,#12404,#12405);
#12403 = CARTESIAN_POINT('',(298.19636790678,-149.5943824536,
    -272.0970318374));
#12404 = DIRECTION('',(-5.756219417785E-30,-1.,5.195843755246E-14));
#12405 = DIRECTION('',(-1.,-1.833688685946E-27,-3.540223671097E-14));
#12406 = ORIENTED_EDGE('',*,*,#12407,.T.);
#12407 = EDGE_CURVE('',#12399,#12408,#12410,.T.);
#12408 = VERTEX_POINT('',#12409);
#12409 = CARTESIAN_POINT('',(302.19636790678,-149.5943824536,
    -274.0970318374));
#12410 = LINE('',#12411,#12412);
#12411 = CARTESIAN_POINT('',(183.96545974371,-149.5943824536,
    -274.0970318374));
#12412 = VECTOR('',#12413,1.);
#12413 = DIRECTION('',(1.,-1.224583227072E-29,-1.249000770353E-16));
#12414 = ORIENTED_EDGE('',*,*,#12415,.T.);
#12415 = EDGE_CURVE('',#12408,#12387,#12416,.T.);
#12416 = CIRCLE('',#12417,2.);
#12417 = AXIS2_PLACEMENT_3D('',#12418,#12419,#12420);
#12418 = CARTESIAN_POINT('',(302.19636790678,-149.5943824536,
    -272.0970318374));
#12419 = DIRECTION('',(-5.756219417785E-30,-1.,5.195843755246E-14));
#12420 = DIRECTION('',(-1.249000770354E-16,-5.195843755246E-14,-1.));
#12421 = FACE_BOUND('',#12422,.T.);
#12422 = EDGE_LOOP('',(#12423,#12431,#12432,#12433,#12434,#12435,#12444,
    #12452));
#12423 = ORIENTED_EDGE('',*,*,#12424,.T.);
#12424 = EDGE_CURVE('',#12425,#6322,#12427,.T.);
#12425 = VERTEX_POINT('',#12426);
#12426 = CARTESIAN_POINT('',(286.19636790678,-149.5943824536,
    -272.0970318374));
#12427 = LINE('',#12428,#12429);
#12428 = CARTESIAN_POINT('',(286.19636790678,-149.5943824536,
    -165.3471362745));
#12429 = VECTOR('',#12430,1.);
#12430 = DIRECTION('',(1.249000770354E-16,5.195843755246E-14,1.));
#12431 = ORIENTED_EDGE('',*,*,#6329,.F.);
#12432 = ORIENTED_EDGE('',*,*,#6362,.T.);
#12433 = ORIENTED_EDGE('',*,*,#6378,.F.);
#12434 = ORIENTED_EDGE('',*,*,#6411,.T.);
#12435 = ORIENTED_EDGE('',*,*,#12436,.T.);
#12436 = EDGE_CURVE('',#6404,#12437,#12439,.T.);
#12437 = VERTEX_POINT('',#12438);
#12438 = CARTESIAN_POINT('',(280.19636790678,-149.5943824536,
    -274.0970318374));
#12439 = CIRCLE('',#12440,2.);
#12440 = AXIS2_PLACEMENT_3D('',#12441,#12442,#12443);
#12441 = CARTESIAN_POINT('',(280.19636790678,-149.5943824536,
    -272.0970318374));
#12442 = DIRECTION('',(-5.756219417785E-30,-1.,5.195843755246E-14));
#12443 = DIRECTION('',(-1.,-1.833688685946E-27,-3.540223671097E-14));
#12444 = ORIENTED_EDGE('',*,*,#12445,.T.);
#12445 = EDGE_CURVE('',#12437,#12446,#12448,.T.);
#12446 = VERTEX_POINT('',#12447);
#12447 = CARTESIAN_POINT('',(284.19636790678,-149.5943824536,
    -274.0970318374));
#12448 = LINE('',#12449,#12450);
#12449 = CARTESIAN_POINT('',(174.96545974371,-149.5943824536,
    -274.0970318374));
#12450 = VECTOR('',#12451,1.);
#12451 = DIRECTION('',(1.,-1.224583227072E-29,-1.249000770353E-16));
#12452 = ORIENTED_EDGE('',*,*,#12453,.T.);
#12453 = EDGE_CURVE('',#12446,#12425,#12454,.T.);
#12454 = CIRCLE('',#12455,2.);
#12455 = AXIS2_PLACEMENT_3D('',#12456,#12457,#12458);
#12456 = CARTESIAN_POINT('',(284.19636790678,-149.5943824536,
    -272.0970318374));
#12457 = DIRECTION('',(-5.756219417785E-30,-1.,5.195843755246E-14));
#12458 = DIRECTION('',(-1.249000770354E-16,-5.195843755246E-14,-1.));
#12459 = FACE_BOUND('',#12460,.T.);
#12460 = EDGE_LOOP('',(#12461,#12469,#12470,#12471,#12472,#12473,#12482,
    #12490));
#12461 = ORIENTED_EDGE('',*,*,#12462,.T.);
#12462 = EDGE_CURVE('',#12463,#6623,#12465,.T.);
#12463 = VERTEX_POINT('',#12464);
#12464 = CARTESIAN_POINT('',(268.19636790678,-149.5943824536,
    -272.0970318374));
#12465 = LINE('',#12466,#12467);
#12466 = CARTESIAN_POINT('',(268.19636790678,-149.5943824536,
    -165.3471362745));
#12467 = VECTOR('',#12468,1.);
#12468 = DIRECTION('',(1.249000770354E-16,5.195843755246E-14,1.));
#12469 = ORIENTED_EDGE('',*,*,#6630,.F.);
#12470 = ORIENTED_EDGE('',*,*,#6663,.T.);
#12471 = ORIENTED_EDGE('',*,*,#6679,.F.);
#12472 = ORIENTED_EDGE('',*,*,#6712,.T.);
#12473 = ORIENTED_EDGE('',*,*,#12474,.T.);
#12474 = EDGE_CURVE('',#6705,#12475,#12477,.T.);
#12475 = VERTEX_POINT('',#12476);
#12476 = CARTESIAN_POINT('',(262.19636790678,-149.5943824536,
    -274.0970318374));
#12477 = CIRCLE('',#12478,2.);
#12478 = AXIS2_PLACEMENT_3D('',#12479,#12480,#12481);
#12479 = CARTESIAN_POINT('',(262.19636790678,-149.5943824536,
    -272.0970318374));
#12480 = DIRECTION('',(-5.756219417785E-30,-1.,5.195843755246E-14));
#12481 = DIRECTION('',(-1.,-1.833688685946E-27,-3.540223671097E-14));
#12482 = ORIENTED_EDGE('',*,*,#12483,.T.);
#12483 = EDGE_CURVE('',#12475,#12484,#12486,.T.);
#12484 = VERTEX_POINT('',#12485);
#12485 = CARTESIAN_POINT('',(266.19636790678,-149.5943824536,
    -274.0970318374));
#12486 = LINE('',#12487,#12488);
#12487 = CARTESIAN_POINT('',(165.96545974371,-149.5943824536,
    -274.0970318374));
#12488 = VECTOR('',#12489,1.);
#12489 = DIRECTION('',(1.,-1.224583227072E-29,-1.249000770353E-16));
#12490 = ORIENTED_EDGE('',*,*,#12491,.T.);
#12491 = EDGE_CURVE('',#12484,#12463,#12492,.T.);
#12492 = CIRCLE('',#12493,2.);
#12493 = AXIS2_PLACEMENT_3D('',#12494,#12495,#12496);
#12494 = CARTESIAN_POINT('',(266.19636790678,-149.5943824536,
    -272.0970318374));
#12495 = DIRECTION('',(-5.756219417785E-30,-1.,5.195843755246E-14));
#12496 = DIRECTION('',(-1.249000770354E-16,-5.195843755246E-14,-1.));
#12497 = FACE_BOUND('',#12498,.T.);
#12498 = EDGE_LOOP('',(#12499,#12507,#12508,#12509,#12510,#12511,#12520,
    #12528));
#12499 = ORIENTED_EDGE('',*,*,#12500,.T.);
#12500 = EDGE_CURVE('',#12501,#6924,#12503,.T.);
#12501 = VERTEX_POINT('',#12502);
#12502 = CARTESIAN_POINT('',(250.19636790678,-149.5943824536,
    -272.0970318374));
#12503 = LINE('',#12504,#12505);
#12504 = CARTESIAN_POINT('',(250.19636790678,-149.5943824536,
    -165.3471362745));
#12505 = VECTOR('',#12506,1.);
#12506 = DIRECTION('',(1.249000770354E-16,5.195843755246E-14,1.));
#12507 = ORIENTED_EDGE('',*,*,#6931,.F.);
#12508 = ORIENTED_EDGE('',*,*,#6964,.T.);
#12509 = ORIENTED_EDGE('',*,*,#6980,.F.);
#12510 = ORIENTED_EDGE('',*,*,#7013,.T.);
#12511 = ORIENTED_EDGE('',*,*,#12512,.T.);
#12512 = EDGE_CURVE('',#7006,#12513,#12515,.T.);
#12513 = VERTEX_POINT('',#12514);
#12514 = CARTESIAN_POINT('',(244.19636790678,-149.5943824536,
    -274.0970318374));
#12515 = CIRCLE('',#12516,2.);
#12516 = AXIS2_PLACEMENT_3D('',#12517,#12518,#12519);
#12517 = CARTESIAN_POINT('',(244.19636790678,-149.5943824536,
    -272.0970318374));
#12518 = DIRECTION('',(-5.756219417785E-30,-1.,5.195843755246E-14));
#12519 = DIRECTION('',(-1.,-1.833688685946E-27,-3.540223671097E-14));
#12520 = ORIENTED_EDGE('',*,*,#12521,.T.);
#12521 = EDGE_CURVE('',#12513,#12522,#12524,.T.);
#12522 = VERTEX_POINT('',#12523);
#12523 = CARTESIAN_POINT('',(248.19636790678,-149.5943824536,
    -274.0970318374));
#12524 = LINE('',#12525,#12526);
#12525 = CARTESIAN_POINT('',(156.96545974371,-149.5943824536,
    -274.0970318374));
#12526 = VECTOR('',#12527,1.);
#12527 = DIRECTION('',(1.,-1.224583227072E-29,-1.249000770353E-16));
#12528 = ORIENTED_EDGE('',*,*,#12529,.T.);
#12529 = EDGE_CURVE('',#12522,#12501,#12530,.T.);
#12530 = CIRCLE('',#12531,2.);
#12531 = AXIS2_PLACEMENT_3D('',#12532,#12533,#12534);
#12532 = CARTESIAN_POINT('',(248.19636790678,-149.5943824536,
    -272.0970318374));
#12533 = DIRECTION('',(-5.756219417785E-30,-1.,5.195843755246E-14));
#12534 = DIRECTION('',(-1.249000770354E-16,-5.195843755246E-14,-1.));
#12535 = FACE_BOUND('',#12536,.T.);
#12536 = EDGE_LOOP('',(#12537,#12545,#12546,#12547,#12548,#12549,#12558,
    #12566));
#12537 = ORIENTED_EDGE('',*,*,#12538,.T.);
#12538 = EDGE_CURVE('',#12539,#7225,#12541,.T.);
#12539 = VERTEX_POINT('',#12540);
#12540 = CARTESIAN_POINT('',(232.19636790678,-149.5943824536,
    -272.0970318374));
#12541 = LINE('',#12542,#12543);
#12542 = CARTESIAN_POINT('',(232.19636790678,-149.5943824536,
    -165.3471362745));
#12543 = VECTOR('',#12544,1.);
#12544 = DIRECTION('',(1.249000770354E-16,5.195843755246E-14,1.));
#12545 = ORIENTED_EDGE('',*,*,#7232,.F.);
#12546 = ORIENTED_EDGE('',*,*,#7265,.T.);
#12547 = ORIENTED_EDGE('',*,*,#7281,.F.);
#12548 = ORIENTED_EDGE('',*,*,#7314,.T.);
#12549 = ORIENTED_EDGE('',*,*,#12550,.T.);
#12550 = EDGE_CURVE('',#7307,#12551,#12553,.T.);
#12551 = VERTEX_POINT('',#12552);
#12552 = CARTESIAN_POINT('',(226.19636790678,-149.5943824536,
    -274.0970318374));
#12553 = CIRCLE('',#12554,2.);
#12554 = AXIS2_PLACEMENT_3D('',#12555,#12556,#12557);
#12555 = CARTESIAN_POINT('',(226.19636790678,-149.5943824536,
    -272.0970318374));
#12556 = DIRECTION('',(-5.756219417785E-30,-1.,5.195843755246E-14));
#12557 = DIRECTION('',(-1.,-1.833688685946E-27,-3.540223671097E-14));
#12558 = ORIENTED_EDGE('',*,*,#12559,.T.);
#12559 = EDGE_CURVE('',#12551,#12560,#12562,.T.);
#12560 = VERTEX_POINT('',#12561);
#12561 = CARTESIAN_POINT('',(230.19636790678,-149.5943824536,
    -274.0970318374));
#12562 = LINE('',#12563,#12564);
#12563 = CARTESIAN_POINT('',(147.96545974371,-149.5943824536,
    -274.0970318374));
#12564 = VECTOR('',#12565,1.);
#12565 = DIRECTION('',(1.,-1.224583227072E-29,-1.249000770353E-16));
#12566 = ORIENTED_EDGE('',*,*,#12567,.T.);
#12567 = EDGE_CURVE('',#12560,#12539,#12568,.T.);
#12568 = CIRCLE('',#12569,2.);
#12569 = AXIS2_PLACEMENT_3D('',#12570,#12571,#12572);
#12570 = CARTESIAN_POINT('',(230.19636790678,-149.5943824536,
    -272.0970318374));
#12571 = DIRECTION('',(-5.756219417785E-30,-1.,5.195843755246E-14));
#12572 = DIRECTION('',(-1.249000770354E-16,-5.195843755246E-14,-1.));
#12573 = FACE_BOUND('',#12574,.T.);
#12574 = EDGE_LOOP('',(#12575,#12583,#12584,#12585,#12586,#12587,#12596,
    #12604));
#12575 = ORIENTED_EDGE('',*,*,#12576,.T.);
#12576 = EDGE_CURVE('',#12577,#7526,#12579,.T.);
#12577 = VERTEX_POINT('',#12578);
#12578 = CARTESIAN_POINT('',(214.19636790678,-149.5943824536,
    -272.0970318374));
#12579 = LINE('',#12580,#12581);
#12580 = CARTESIAN_POINT('',(214.19636790678,-149.5943824536,
    -165.3471362745));
#12581 = VECTOR('',#12582,1.);
#12582 = DIRECTION('',(1.249000770354E-16,5.195843755246E-14,1.));
#12583 = ORIENTED_EDGE('',*,*,#7533,.F.);
#12584 = ORIENTED_EDGE('',*,*,#7566,.T.);
#12585 = ORIENTED_EDGE('',*,*,#7582,.F.);
#12586 = ORIENTED_EDGE('',*,*,#7615,.T.);
#12587 = ORIENTED_EDGE('',*,*,#12588,.T.);
#12588 = EDGE_CURVE('',#7608,#12589,#12591,.T.);
#12589 = VERTEX_POINT('',#12590);
#12590 = CARTESIAN_POINT('',(208.19636790678,-149.5943824536,
    -274.0970318374));
#12591 = CIRCLE('',#12592,2.);
#12592 = AXIS2_PLACEMENT_3D('',#12593,#12594,#12595);
#12593 = CARTESIAN_POINT('',(208.19636790678,-149.5943824536,
    -272.0970318374));
#12594 = DIRECTION('',(-5.756219417785E-30,-1.,5.195843755246E-14));
#12595 = DIRECTION('',(-1.,-1.833688685946E-27,-3.540223671097E-14));
#12596 = ORIENTED_EDGE('',*,*,#12597,.T.);
#12597 = EDGE_CURVE('',#12589,#12598,#12600,.T.);
#12598 = VERTEX_POINT('',#12599);
#12599 = CARTESIAN_POINT('',(212.19636790678,-149.5943824536,
    -274.0970318374));
#12600 = LINE('',#12601,#12602);
#12601 = CARTESIAN_POINT('',(138.96545974371,-149.5943824536,
    -274.0970318374));
#12602 = VECTOR('',#12603,1.);
#12603 = DIRECTION('',(1.,-1.224583227072E-29,-1.249000770353E-16));
#12604 = ORIENTED_EDGE('',*,*,#12605,.T.);
#12605 = EDGE_CURVE('',#12598,#12577,#12606,.T.);
#12606 = CIRCLE('',#12607,2.);
#12607 = AXIS2_PLACEMENT_3D('',#12608,#12609,#12610);
#12608 = CARTESIAN_POINT('',(212.19636790678,-149.5943824536,
    -272.0970318374));
#12609 = DIRECTION('',(-5.756219417785E-30,-1.,5.195843755246E-14));
#12610 = DIRECTION('',(-1.249000770354E-16,-5.195843755246E-14,-1.));
#12611 = FACE_BOUND('',#12612,.T.);
#12612 = EDGE_LOOP('',(#12613,#12621,#12622,#12623,#12624,#12625,#12634,
    #12642));
#12613 = ORIENTED_EDGE('',*,*,#12614,.T.);
#12614 = EDGE_CURVE('',#12615,#7827,#12617,.T.);
#12615 = VERTEX_POINT('',#12616);
#12616 = CARTESIAN_POINT('',(196.19636790678,-149.5943824536,
    -272.0970318374));
#12617 = LINE('',#12618,#12619);
#12618 = CARTESIAN_POINT('',(196.19636790678,-149.5943824536,
    -165.3471362745));
#12619 = VECTOR('',#12620,1.);
#12620 = DIRECTION('',(1.249000770354E-16,5.195843755246E-14,1.));
#12621 = ORIENTED_EDGE('',*,*,#7834,.F.);
#12622 = ORIENTED_EDGE('',*,*,#7867,.T.);
#12623 = ORIENTED_EDGE('',*,*,#7883,.F.);
#12624 = ORIENTED_EDGE('',*,*,#7916,.T.);
#12625 = ORIENTED_EDGE('',*,*,#12626,.T.);
#12626 = EDGE_CURVE('',#7909,#12627,#12629,.T.);
#12627 = VERTEX_POINT('',#12628);
#12628 = CARTESIAN_POINT('',(190.19636790678,-149.5943824536,
    -274.0970318374));
#12629 = CIRCLE('',#12630,2.);
#12630 = AXIS2_PLACEMENT_3D('',#12631,#12632,#12633);
#12631 = CARTESIAN_POINT('',(190.19636790678,-149.5943824536,
    -272.0970318374));
#12632 = DIRECTION('',(-5.756219417785E-30,-1.,5.195843755246E-14));
#12633 = DIRECTION('',(-1.,-1.833688685946E-27,-3.540223671097E-14));
#12634 = ORIENTED_EDGE('',*,*,#12635,.T.);
#12635 = EDGE_CURVE('',#12627,#12636,#12638,.T.);
#12636 = VERTEX_POINT('',#12637);
#12637 = CARTESIAN_POINT('',(194.19636790678,-149.5943824536,
    -274.0970318374));
#12638 = LINE('',#12639,#12640);
#12639 = CARTESIAN_POINT('',(129.96545974371,-149.5943824536,
    -274.0970318374));
#12640 = VECTOR('',#12641,1.);
#12641 = DIRECTION('',(1.,-1.224583227072E-29,-1.249000770353E-16));
#12642 = ORIENTED_EDGE('',*,*,#12643,.T.);
#12643 = EDGE_CURVE('',#12636,#12615,#12644,.T.);
#12644 = CIRCLE('',#12645,2.);
#12645 = AXIS2_PLACEMENT_3D('',#12646,#12647,#12648);
#12646 = CARTESIAN_POINT('',(194.19636790678,-149.5943824536,
    -272.0970318374));
#12647 = DIRECTION('',(-5.756219417785E-30,-1.,5.195843755246E-14));
#12648 = DIRECTION('',(-1.249000770354E-16,-5.195843755246E-14,-1.));
#12649 = FACE_BOUND('',#12650,.T.);
#12650 = EDGE_LOOP('',(#12651,#12659,#12660,#12661,#12662,#12663,#12672,
    #12680));
#12651 = ORIENTED_EDGE('',*,*,#12652,.T.);
#12652 = EDGE_CURVE('',#12653,#8429,#12655,.T.);
#12653 = VERTEX_POINT('',#12654);
#12654 = CARTESIAN_POINT('',(160.19636790678,-149.5943824536,
    -272.0970318374));
#12655 = LINE('',#12656,#12657);
#12656 = CARTESIAN_POINT('',(160.19636790678,-149.5943824536,
    -165.3471362745));
#12657 = VECTOR('',#12658,1.);
#12658 = DIRECTION('',(1.249000770354E-16,5.195843755246E-14,1.));
#12659 = ORIENTED_EDGE('',*,*,#8436,.F.);
#12660 = ORIENTED_EDGE('',*,*,#8469,.T.);
#12661 = ORIENTED_EDGE('',*,*,#8485,.F.);
#12662 = ORIENTED_EDGE('',*,*,#8518,.T.);
#12663 = ORIENTED_EDGE('',*,*,#12664,.T.);
#12664 = EDGE_CURVE('',#8511,#12665,#12667,.T.);
#12665 = VERTEX_POINT('',#12666);
#12666 = CARTESIAN_POINT('',(154.19636790678,-149.5943824536,
    -274.0970318374));
#12667 = CIRCLE('',#12668,2.);
#12668 = AXIS2_PLACEMENT_3D('',#12669,#12670,#12671);
#12669 = CARTESIAN_POINT('',(154.19636790678,-149.5943824536,
    -272.0970318374));
#12670 = DIRECTION('',(-5.756219417785E-30,-1.,5.195843755246E-14));
#12671 = DIRECTION('',(-1.,-1.833688685946E-27,-3.540223671097E-14));
#12672 = ORIENTED_EDGE('',*,*,#12673,.T.);
#12673 = EDGE_CURVE('',#12665,#12674,#12676,.T.);
#12674 = VERTEX_POINT('',#12675);
#12675 = CARTESIAN_POINT('',(158.19636790678,-149.5943824536,
    -274.0970318374));
#12676 = LINE('',#12677,#12678);
#12677 = CARTESIAN_POINT('',(111.96545974371,-149.5943824536,
    -274.0970318374));
#12678 = VECTOR('',#12679,1.);
#12679 = DIRECTION('',(1.,-1.224583227072E-29,-1.249000770353E-16));
#12680 = ORIENTED_EDGE('',*,*,#12681,.T.);
#12681 = EDGE_CURVE('',#12674,#12653,#12682,.T.);
#12682 = CIRCLE('',#12683,2.);
#12683 = AXIS2_PLACEMENT_3D('',#12684,#12685,#12686);
#12684 = CARTESIAN_POINT('',(158.19636790678,-149.5943824536,
    -272.0970318374));
#12685 = DIRECTION('',(-5.756219417785E-30,-1.,5.195843755246E-14));
#12686 = DIRECTION('',(-1.249000770354E-16,-5.195843755246E-14,-1.));
#12687 = FACE_BOUND('',#12688,.T.);
#12688 = EDGE_LOOP('',(#12689,#12697,#12698,#12699,#12700,#12701,#12710,
    #12718));
#12689 = ORIENTED_EDGE('',*,*,#12690,.T.);
#12690 = EDGE_CURVE('',#12691,#8730,#12693,.T.);
#12691 = VERTEX_POINT('',#12692);
#12692 = CARTESIAN_POINT('',(142.19636790678,-149.5943824536,
    -272.0970318374));
#12693 = LINE('',#12694,#12695);
#12694 = CARTESIAN_POINT('',(142.19636790678,-149.5943824536,
    -165.3471362745));
#12695 = VECTOR('',#12696,1.);
#12696 = DIRECTION('',(1.249000770354E-16,5.195843755246E-14,1.));
#12697 = ORIENTED_EDGE('',*,*,#8737,.F.);
#12698 = ORIENTED_EDGE('',*,*,#8770,.T.);
#12699 = ORIENTED_EDGE('',*,*,#8786,.F.);
#12700 = ORIENTED_EDGE('',*,*,#8819,.T.);
#12701 = ORIENTED_EDGE('',*,*,#12702,.T.);
#12702 = EDGE_CURVE('',#8812,#12703,#12705,.T.);
#12703 = VERTEX_POINT('',#12704);
#12704 = CARTESIAN_POINT('',(136.19636790678,-149.5943824536,
    -274.0970318374));
#12705 = CIRCLE('',#12706,2.);
#12706 = AXIS2_PLACEMENT_3D('',#12707,#12708,#12709);
#12707 = CARTESIAN_POINT('',(136.19636790678,-149.5943824536,
    -272.0970318374));
#12708 = DIRECTION('',(-5.756219417785E-30,-1.,5.195843755246E-14));
#12709 = DIRECTION('',(-1.,-1.833688685946E-27,-3.540223671097E-14));
#12710 = ORIENTED_EDGE('',*,*,#12711,.T.);
#12711 = EDGE_CURVE('',#12703,#12712,#12714,.T.);
#12712 = VERTEX_POINT('',#12713);
#12713 = CARTESIAN_POINT('',(140.19636790678,-149.5943824536,
    -274.0970318374));
#12714 = LINE('',#12715,#12716);
#12715 = CARTESIAN_POINT('',(102.96545974371,-149.5943824536,
    -274.0970318374));
#12716 = VECTOR('',#12717,1.);
#12717 = DIRECTION('',(1.,-1.224583227072E-29,-1.249000770353E-16));
#12718 = ORIENTED_EDGE('',*,*,#12719,.T.);
#12719 = EDGE_CURVE('',#12712,#12691,#12720,.T.);
#12720 = CIRCLE('',#12721,2.);
#12721 = AXIS2_PLACEMENT_3D('',#12722,#12723,#12724);
#12722 = CARTESIAN_POINT('',(140.19636790678,-149.5943824536,
    -272.0970318374));
#12723 = DIRECTION('',(-5.756219417785E-30,-1.,5.195843755246E-14));
#12724 = DIRECTION('',(-1.249000770354E-16,-5.195843755246E-14,-1.));
#12725 = FACE_BOUND('',#12726,.T.);
#12726 = EDGE_LOOP('',(#12727,#12735,#12736,#12737,#12738,#12739,#12748,
    #12756));
#12727 = ORIENTED_EDGE('',*,*,#12728,.T.);
#12728 = EDGE_CURVE('',#12729,#9031,#12731,.T.);
#12729 = VERTEX_POINT('',#12730);
#12730 = CARTESIAN_POINT('',(124.19636790678,-149.5943824536,
    -272.0970318374));
#12731 = LINE('',#12732,#12733);
#12732 = CARTESIAN_POINT('',(124.19636790678,-149.5943824536,
    -165.3471362745));
#12733 = VECTOR('',#12734,1.);
#12734 = DIRECTION('',(1.249000770354E-16,5.195843755246E-14,1.));
#12735 = ORIENTED_EDGE('',*,*,#9038,.F.);
#12736 = ORIENTED_EDGE('',*,*,#9071,.T.);
#12737 = ORIENTED_EDGE('',*,*,#9087,.F.);
#12738 = ORIENTED_EDGE('',*,*,#9120,.T.);
#12739 = ORIENTED_EDGE('',*,*,#12740,.T.);
#12740 = EDGE_CURVE('',#9113,#12741,#12743,.T.);
#12741 = VERTEX_POINT('',#12742);
#12742 = CARTESIAN_POINT('',(118.19636790678,-149.5943824536,
    -274.0970318374));
#12743 = CIRCLE('',#12744,2.);
#12744 = AXIS2_PLACEMENT_3D('',#12745,#12746,#12747);
#12745 = CARTESIAN_POINT('',(118.19636790678,-149.5943824536,
    -272.0970318374));
#12746 = DIRECTION('',(-5.756219417785E-30,-1.,5.195843755246E-14));
#12747 = DIRECTION('',(-1.,-1.833688685946E-27,-3.540223671097E-14));
#12748 = ORIENTED_EDGE('',*,*,#12749,.T.);
#12749 = EDGE_CURVE('',#12741,#12750,#12752,.T.);
#12750 = VERTEX_POINT('',#12751);
#12751 = CARTESIAN_POINT('',(122.19636790678,-149.5943824536,
    -274.0970318374));
#12752 = LINE('',#12753,#12754);
#12753 = CARTESIAN_POINT('',(93.965459743714,-149.5943824536,
    -274.0970318374));
#12754 = VECTOR('',#12755,1.);
#12755 = DIRECTION('',(1.,-1.224583227072E-29,-1.249000770353E-16));
#12756 = ORIENTED_EDGE('',*,*,#12757,.T.);
#12757 = EDGE_CURVE('',#12750,#12729,#12758,.T.);
#12758 = CIRCLE('',#12759,2.);
#12759 = AXIS2_PLACEMENT_3D('',#12760,#12761,#12762);
#12760 = CARTESIAN_POINT('',(122.19636790678,-149.5943824536,
    -272.0970318374));
#12761 = DIRECTION('',(-5.756219417785E-30,-1.,5.195843755246E-14));
#12762 = DIRECTION('',(-1.249000770354E-16,-5.195843755246E-14,-1.));
#12763 = FACE_BOUND('',#12764,.T.);
#12764 = EDGE_LOOP('',(#12765,#12773,#12774,#12775,#12776,#12777,#12786,
    #12794));
#12765 = ORIENTED_EDGE('',*,*,#12766,.T.);
#12766 = EDGE_CURVE('',#12767,#9332,#12769,.T.);
#12767 = VERTEX_POINT('',#12768);
#12768 = CARTESIAN_POINT('',(106.19636790678,-149.5943824536,
    -272.0970318374));
#12769 = LINE('',#12770,#12771);
#12770 = CARTESIAN_POINT('',(106.19636790678,-149.5943824536,
    -165.3471362745));
#12771 = VECTOR('',#12772,1.);
#12772 = DIRECTION('',(1.249000770354E-16,5.195843755246E-14,1.));
#12773 = ORIENTED_EDGE('',*,*,#9339,.F.);
#12774 = ORIENTED_EDGE('',*,*,#9372,.T.);
#12775 = ORIENTED_EDGE('',*,*,#9388,.F.);
#12776 = ORIENTED_EDGE('',*,*,#9421,.T.);
#12777 = ORIENTED_EDGE('',*,*,#12778,.T.);
#12778 = EDGE_CURVE('',#9414,#12779,#12781,.T.);
#12779 = VERTEX_POINT('',#12780);
#12780 = CARTESIAN_POINT('',(100.19636790678,-149.5943824536,
    -274.0970318374));
#12781 = CIRCLE('',#12782,2.);
#12782 = AXIS2_PLACEMENT_3D('',#12783,#12784,#12785);
#12783 = CARTESIAN_POINT('',(100.19636790678,-149.5943824536,
    -272.0970318374));
#12784 = DIRECTION('',(-5.756219417785E-30,-1.,5.195843755246E-14));
#12785 = DIRECTION('',(-1.,-1.833688685946E-27,-3.540223671097E-14));
#12786 = ORIENTED_EDGE('',*,*,#12787,.T.);
#12787 = EDGE_CURVE('',#12779,#12788,#12790,.T.);
#12788 = VERTEX_POINT('',#12789);
#12789 = CARTESIAN_POINT('',(104.19636790678,-149.5943824536,
    -274.0970318374));
#12790 = LINE('',#12791,#12792);
#12791 = CARTESIAN_POINT('',(84.965459743714,-149.5943824536,
    -274.0970318374));
#12792 = VECTOR('',#12793,1.);
#12793 = DIRECTION('',(1.,-1.224583227072E-29,-1.249000770353E-16));
#12794 = ORIENTED_EDGE('',*,*,#12795,.T.);
#12795 = EDGE_CURVE('',#12788,#12767,#12796,.T.);
#12796 = CIRCLE('',#12797,2.);
#12797 = AXIS2_PLACEMENT_3D('',#12798,#12799,#12800);
#12798 = CARTESIAN_POINT('',(104.19636790678,-149.5943824536,
    -272.0970318374));
#12799 = DIRECTION('',(-5.756219417785E-30,-1.,5.195843755246E-14));
#12800 = DIRECTION('',(-1.249000770354E-16,-5.195843755246E-14,-1.));
#12801 = FACE_BOUND('',#12802,.T.);
#12802 = EDGE_LOOP('',(#12803,#12811,#12812,#12813,#12814,#12815,#12824,
    #12832));
#12803 = ORIENTED_EDGE('',*,*,#12804,.T.);
#12804 = EDGE_CURVE('',#12805,#9633,#12807,.T.);
#12805 = VERTEX_POINT('',#12806);
#12806 = CARTESIAN_POINT('',(88.196367906788,-149.5943824536,
    -272.0970318374));
#12807 = LINE('',#12808,#12809);
#12808 = CARTESIAN_POINT('',(88.196367906788,-149.5943824536,
    -165.3471362745));
#12809 = VECTOR('',#12810,1.);
#12810 = DIRECTION('',(1.249000770354E-16,5.195843755246E-14,1.));
#12811 = ORIENTED_EDGE('',*,*,#9640,.F.);
#12812 = ORIENTED_EDGE('',*,*,#9673,.T.);
#12813 = ORIENTED_EDGE('',*,*,#9689,.F.);
#12814 = ORIENTED_EDGE('',*,*,#9722,.T.);
#12815 = ORIENTED_EDGE('',*,*,#12816,.T.);
#12816 = EDGE_CURVE('',#9715,#12817,#12819,.T.);
#12817 = VERTEX_POINT('',#12818);
#12818 = CARTESIAN_POINT('',(82.196367906788,-149.5943824536,
    -274.0970318374));
#12819 = CIRCLE('',#12820,2.);
#12820 = AXIS2_PLACEMENT_3D('',#12821,#12822,#12823);
#12821 = CARTESIAN_POINT('',(82.196367906788,-149.5943824536,
    -272.0970318374));
#12822 = DIRECTION('',(-5.756219417785E-30,-1.,5.195843755246E-14));
#12823 = DIRECTION('',(-1.,-1.833688685946E-27,-3.540223671097E-14));
#12824 = ORIENTED_EDGE('',*,*,#12825,.T.);
#12825 = EDGE_CURVE('',#12817,#12826,#12828,.T.);
#12826 = VERTEX_POINT('',#12827);
#12827 = CARTESIAN_POINT('',(86.196367906788,-149.5943824536,
    -274.0970318374));
#12828 = LINE('',#12829,#12830);
#12829 = CARTESIAN_POINT('',(75.965459743714,-149.5943824536,
    -274.0970318374));
#12830 = VECTOR('',#12831,1.);
#12831 = DIRECTION('',(1.,-1.224583227072E-29,-1.249000770353E-16));
#12832 = ORIENTED_EDGE('',*,*,#12833,.T.);
#12833 = EDGE_CURVE('',#12826,#12805,#12834,.T.);
#12834 = CIRCLE('',#12835,2.);
#12835 = AXIS2_PLACEMENT_3D('',#12836,#12837,#12838);
#12836 = CARTESIAN_POINT('',(86.196367906788,-149.5943824536,
    -272.0970318374));
#12837 = DIRECTION('',(-5.756219417785E-30,-1.,5.195843755246E-14));
#12838 = DIRECTION('',(-1.249000770354E-16,-5.195843755246E-14,-1.));
#12839 = FACE_BOUND('',#12840,.T.);
#12840 = EDGE_LOOP('',(#12841,#12849,#12850,#12851,#12852,#12853,#12862,
    #12870));
#12841 = ORIENTED_EDGE('',*,*,#12842,.T.);
#12842 = EDGE_CURVE('',#12843,#9934,#12845,.T.);
#12843 = VERTEX_POINT('',#12844);
#12844 = CARTESIAN_POINT('',(70.196367906788,-149.5943824536,
    -272.0970318374));
#12845 = LINE('',#12846,#12847);
#12846 = CARTESIAN_POINT('',(70.196367906788,-149.5943824536,
    -165.3471362745));
#12847 = VECTOR('',#12848,1.);
#12848 = DIRECTION('',(1.249000770354E-16,5.195843755246E-14,1.));
#12849 = ORIENTED_EDGE('',*,*,#9941,.F.);
#12850 = ORIENTED_EDGE('',*,*,#9974,.T.);
#12851 = ORIENTED_EDGE('',*,*,#9990,.F.);
#12852 = ORIENTED_EDGE('',*,*,#10023,.T.);
#12853 = ORIENTED_EDGE('',*,*,#12854,.T.);
#12854 = EDGE_CURVE('',#10016,#12855,#12857,.T.);
#12855 = VERTEX_POINT('',#12856);
#12856 = CARTESIAN_POINT('',(64.196367906788,-149.5943824536,
    -274.0970318374));
#12857 = CIRCLE('',#12858,2.);
#12858 = AXIS2_PLACEMENT_3D('',#12859,#12860,#12861);
#12859 = CARTESIAN_POINT('',(64.196367906788,-149.5943824536,
    -272.0970318374));
#12860 = DIRECTION('',(-5.756219417785E-30,-1.,5.195843755246E-14));
#12861 = DIRECTION('',(-1.,-1.833688685946E-27,-3.540223671097E-14));
#12862 = ORIENTED_EDGE('',*,*,#12863,.T.);
#12863 = EDGE_CURVE('',#12855,#12864,#12866,.T.);
#12864 = VERTEX_POINT('',#12865);
#12865 = CARTESIAN_POINT('',(68.196367906788,-149.5943824536,
    -274.0970318374));
#12866 = LINE('',#12867,#12868);
#12867 = CARTESIAN_POINT('',(66.965459743714,-149.5943824536,
    -274.0970318374));
#12868 = VECTOR('',#12869,1.);
#12869 = DIRECTION('',(1.,-1.224583227072E-29,-1.249000770353E-16));
#12870 = ORIENTED_EDGE('',*,*,#12871,.T.);
#12871 = EDGE_CURVE('',#12864,#12843,#12872,.T.);
#12872 = CIRCLE('',#12873,2.);
#12873 = AXIS2_PLACEMENT_3D('',#12874,#12875,#12876);
#12874 = CARTESIAN_POINT('',(68.196367906788,-149.5943824536,
    -272.0970318374));
#12875 = DIRECTION('',(-5.756219417785E-30,-1.,5.195843755246E-14));
#12876 = DIRECTION('',(-1.249000770354E-16,-5.195843755246E-14,-1.));
#12877 = FACE_BOUND('',#12878,.T.);
#12878 = EDGE_LOOP('',(#12879,#12887,#12888,#12889,#12890,#12891,#12900,
    #12908));
#12879 = ORIENTED_EDGE('',*,*,#12880,.T.);
#12880 = EDGE_CURVE('',#12881,#10235,#12883,.T.);
#12881 = VERTEX_POINT('',#12882);
#12882 = CARTESIAN_POINT('',(52.196367906788,-149.5943824536,
    -272.0970318374));
#12883 = LINE('',#12884,#12885);
#12884 = CARTESIAN_POINT('',(52.196367906788,-149.5943824536,
    -165.3471362745));
#12885 = VECTOR('',#12886,1.);
#12886 = DIRECTION('',(1.249000770354E-16,5.195843755246E-14,1.));
#12887 = ORIENTED_EDGE('',*,*,#10242,.F.);
#12888 = ORIENTED_EDGE('',*,*,#10275,.T.);
#12889 = ORIENTED_EDGE('',*,*,#10291,.F.);
#12890 = ORIENTED_EDGE('',*,*,#10324,.T.);
#12891 = ORIENTED_EDGE('',*,*,#12892,.T.);
#12892 = EDGE_CURVE('',#10317,#12893,#12895,.T.);
#12893 = VERTEX_POINT('',#12894);
#12894 = CARTESIAN_POINT('',(46.196367906788,-149.5943824536,
    -274.0970318374));
#12895 = CIRCLE('',#12896,2.);
#12896 = AXIS2_PLACEMENT_3D('',#12897,#12898,#12899);
#12897 = CARTESIAN_POINT('',(46.196367906788,-149.5943824536,
    -272.0970318374));
#12898 = DIRECTION('',(-5.756219417785E-30,-1.,5.195843755246E-14));
#12899 = DIRECTION('',(-1.,-1.833688685946E-27,-3.540223671097E-14));
#12900 = ORIENTED_EDGE('',*,*,#12901,.T.);
#12901 = EDGE_CURVE('',#12893,#12902,#12904,.T.);
#12902 = VERTEX_POINT('',#12903);
#12903 = CARTESIAN_POINT('',(50.196367906788,-149.5943824536,
    -274.0970318374));
#12904 = LINE('',#12905,#12906);
#12905 = CARTESIAN_POINT('',(57.965459743714,-149.5943824536,
    -274.0970318374));
#12906 = VECTOR('',#12907,1.);
#12907 = DIRECTION('',(1.,-1.224583227072E-29,-1.249000770353E-16));
#12908 = ORIENTED_EDGE('',*,*,#12909,.T.);
#12909 = EDGE_CURVE('',#12902,#12881,#12910,.T.);
#12910 = CIRCLE('',#12911,2.);
#12911 = AXIS2_PLACEMENT_3D('',#12912,#12913,#12914);
#12912 = CARTESIAN_POINT('',(50.196367906788,-149.5943824536,
    -272.0970318374));
#12913 = DIRECTION('',(-5.756219417785E-30,-1.,5.195843755246E-14));
#12914 = DIRECTION('',(-1.249000770354E-16,-5.195843755246E-14,-1.));
#12915 = FACE_BOUND('',#12916,.T.);
#12916 = EDGE_LOOP('',(#12917));
#12917 = ORIENTED_EDGE('',*,*,#12918,.T.);
#12918 = EDGE_CURVE('',#12919,#12919,#12921,.T.);
#12919 = VERTEX_POINT('',#12920);
#12920 = CARTESIAN_POINT('',(85.73455158064,-149.5943824536,
    -302.3430407982));
#12921 = CIRCLE('',#12922,1.25);
#12922 = AXIS2_PLACEMENT_3D('',#12923,#12924,#12925);
#12923 = CARTESIAN_POINT('',(85.73455158064,-149.5943824536,
    -303.5930407982));
#12924 = DIRECTION('',(-5.733109284071E-30,-1.,5.195843755246E-14));
#12925 = DIRECTION('',(4.924291309876E-17,-5.195843755246E-14,-1.));
#12926 = FACE_BOUND('',#12927,.T.);
#12927 = EDGE_LOOP('',(#12928));
#12928 = ORIENTED_EDGE('',*,*,#12929,.T.);
#12929 = EDGE_CURVE('',#12930,#12930,#12932,.T.);
#12930 = VERTEX_POINT('',#12931);
#12931 = CARTESIAN_POINT('',(85.73455158064,-149.5943824537,
    -322.3430407982));
#12932 = CIRCLE('',#12933,1.25);
#12933 = AXIS2_PLACEMENT_3D('',#12934,#12935,#12936);
#12934 = CARTESIAN_POINT('',(85.73455158064,-149.5943824537,
    -323.5930407982));
#12935 = DIRECTION('',(-5.733109284071E-30,-1.,5.195843755246E-14));
#12936 = DIRECTION('',(4.924291309876E-17,-5.195843755246E-14,-1.));
#12937 = FACE_BOUND('',#12938,.T.);
#12938 = EDGE_LOOP('',(#12939));
#12939 = ORIENTED_EDGE('',*,*,#12940,.T.);
#12940 = EDGE_CURVE('',#12941,#12941,#12943,.T.);
#12941 = VERTEX_POINT('',#12942);
#12942 = CARTESIAN_POINT('',(65.73455158064,-149.5943824536,
    -302.3430407982));
#12943 = CIRCLE('',#12944,1.25);
#12944 = AXIS2_PLACEMENT_3D('',#12945,#12946,#12947);
#12945 = CARTESIAN_POINT('',(65.73455158064,-149.5943824536,
    -303.5930407982));
#12946 = DIRECTION('',(-5.733109284071E-30,-1.,5.195843755246E-14));
#12947 = DIRECTION('',(4.924291309876E-17,-5.195843755246E-14,-1.));
#12948 = FACE_BOUND('',#12949,.T.);
#12949 = EDGE_LOOP('',(#12950));
#12950 = ORIENTED_EDGE('',*,*,#2797,.T.);
#12951 = FACE_BOUND('',#12952,.T.);
#12952 = EDGE_LOOP('',(#12953));
#12953 = ORIENTED_EDGE('',*,*,#12954,.T.);
#12954 = EDGE_CURVE('',#12955,#12955,#12957,.T.);
#12955 = VERTEX_POINT('',#12956);
#12956 = CARTESIAN_POINT('',(65.73455158064,-149.5943824537,
    -322.3430407982));
#12957 = CIRCLE('',#12958,1.25);
#12958 = AXIS2_PLACEMENT_3D('',#12959,#12960,#12961);
#12959 = CARTESIAN_POINT('',(65.73455158064,-149.5943824537,
    -323.5930407982));
#12960 = DIRECTION('',(-5.733109284071E-30,-1.,5.195843755246E-14));
#12961 = DIRECTION('',(4.924291309876E-17,-5.195843755246E-14,-1.));
#12962 = FACE_BOUND('',#12963,.T.);
#12963 = EDGE_LOOP('',(#12964,#12974,#12983,#12991,#13000,#13008,#13017,
    #13025));
#12964 = ORIENTED_EDGE('',*,*,#12965,.T.);
#12965 = EDGE_CURVE('',#12966,#12968,#12970,.T.);
#12966 = VERTEX_POINT('',#12967);
#12967 = CARTESIAN_POINT('',(98.234551580639,-149.5943824537,
    -360.7226602656));
#12968 = VERTEX_POINT('',#12969);
#12969 = CARTESIAN_POINT('',(98.234551580639,-149.5943824537,
    -355.9226602656));
#12970 = LINE('',#12971,#12972);
#12971 = CARTESIAN_POINT('',(98.234551580639,-149.5943824537,
    -408.1599504886));
#12972 = VECTOR('',#12973,1.);
#12973 = DIRECTION('',(1.249000770354E-16,5.195843755246E-14,1.));
#12974 = ORIENTED_EDGE('',*,*,#12975,.F.);
#12975 = EDGE_CURVE('',#12976,#12968,#12978,.T.);
#12976 = VERTEX_POINT('',#12977);
#12977 = CARTESIAN_POINT('',(94.234551580639,-149.5943824537,
    -351.9226602656));
#12978 = CIRCLE('',#12979,4.);
#12979 = AXIS2_PLACEMENT_3D('',#12980,#12981,#12982);
#12980 = CARTESIAN_POINT('',(94.234551580639,-149.5943824537,
    -355.9226602656));
#12981 = DIRECTION('',(7.516903841635E-30,1.,-5.195843755246E-14));
#12982 = DIRECTION('',(0.707106781187,3.67401635332E-14,0.707106781187)
  );
#12983 = ORIENTED_EDGE('',*,*,#12984,.T.);
#12984 = EDGE_CURVE('',#12976,#12985,#12987,.T.);
#12985 = VERTEX_POINT('',#12986);
#12986 = CARTESIAN_POINT('',(57.234551580639,-149.5943824537,
    -351.9226602656));
#12987 = LINE('',#12988,#12989);
#12988 = CARTESIAN_POINT('',(66.109551580639,-149.5943824537,
    -351.9226602656));
#12989 = VECTOR('',#12990,1.);
#12990 = DIRECTION('',(-1.,1.224583227073E-29,1.249000770354E-16));
#12991 = ORIENTED_EDGE('',*,*,#12992,.F.);
#12992 = EDGE_CURVE('',#12993,#12985,#12995,.T.);
#12993 = VERTEX_POINT('',#12994);
#12994 = CARTESIAN_POINT('',(53.234551580639,-149.5943824537,
    -355.9226602656));
#12995 = CIRCLE('',#12996,4.);
#12996 = AXIS2_PLACEMENT_3D('',#12997,#12998,#12999);
#12997 = CARTESIAN_POINT('',(57.234551580639,-149.5943824537,
    -355.9226602656));
#12998 = DIRECTION('',(1.052573878925E-29,1.,-5.195843755246E-14));
#12999 = DIRECTION('',(-0.707106781187,3.67401635332E-14,0.707106781187)
  );
#13000 = ORIENTED_EDGE('',*,*,#13001,.T.);
#13001 = EDGE_CURVE('',#12993,#13002,#13004,.T.);
#13002 = VERTEX_POINT('',#13003);
#13003 = CARTESIAN_POINT('',(53.234551580639,-149.5943824537,
    -360.7226602656));
#13004 = LINE('',#13005,#13006);
#13005 = CARTESIAN_POINT('',(53.234551580639,-149.5943824537,
    -402.7599504886));
#13006 = VECTOR('',#13007,1.);
#13007 = DIRECTION('',(-1.249000770354E-16,-5.195843755246E-14,-1.));
#13008 = ORIENTED_EDGE('',*,*,#13009,.F.);
#13009 = EDGE_CURVE('',#13010,#13002,#13012,.T.);
#13010 = VERTEX_POINT('',#13011);
#13011 = CARTESIAN_POINT('',(57.234551580639,-149.5943824537,
    -364.7226602656));
#13012 = CIRCLE('',#13013,4.);
#13013 = AXIS2_PLACEMENT_3D('',#13014,#13015,#13016);
#13014 = CARTESIAN_POINT('',(57.234551580639,-149.5943824537,
    -360.7226602656));
#13015 = DIRECTION('',(7.516903841635E-30,1.,-5.195843755246E-14));
#13016 = DIRECTION('',(-0.707106781187,-3.67401635332E-14,
    -0.707106781187));
#13017 = ORIENTED_EDGE('',*,*,#13018,.T.);
#13018 = EDGE_CURVE('',#13010,#13019,#13021,.T.);
#13019 = VERTEX_POINT('',#13020);
#13020 = CARTESIAN_POINT('',(94.234551580639,-149.5943824537,
    -364.7226602656));
#13021 = LINE('',#13022,#13023);
#13022 = CARTESIAN_POINT('',(75.359551580639,-149.5943824537,
    -364.7226602656));
#13023 = VECTOR('',#13024,1.);
#13024 = DIRECTION('',(1.,-1.224583227073E-29,-1.249000770354E-16));
#13025 = ORIENTED_EDGE('',*,*,#13026,.F.);
#13026 = EDGE_CURVE('',#12966,#13019,#13027,.T.);
#13027 = CIRCLE('',#13028,4.);
#13028 = AXIS2_PLACEMENT_3D('',#13029,#13030,#13031);
#13029 = CARTESIAN_POINT('',(94.234551580639,-149.5943824537,
    -360.7226602656));
#13030 = DIRECTION('',(6.35926654528E-30,1.,-5.195843755246E-14));
#13031 = DIRECTION('',(0.707106781187,-3.67401635332E-14,-0.707106781187
    ));
#13032 = PLANE('',#13033);
#13033 = AXIS2_PLACEMENT_3D('',#13034,#13035,#13036);
#13034 = CARTESIAN_POINT('',(65.73455158064,-149.5943824537,
    -452.5972407116));
#13035 = DIRECTION('',(5.756219417785E-30,1.,-5.195843755246E-14));
#13036 = DIRECTION('',(-1.110223024625E-16,5.195843755246E-14,1.));
#13037 = ADVANCED_FACE('',(#13038),#13064,.F.);
#13038 = FACE_BOUND('',#13039,.F.);
#13039 = EDGE_LOOP('',(#13040,#13048,#13049,#13057));
#13040 = ORIENTED_EDGE('',*,*,#13041,.F.);
#13041 = EDGE_CURVE('',#13002,#13042,#13044,.T.);
#13042 = VERTEX_POINT('',#13043);
#13043 = CARTESIAN_POINT('',(53.234551580639,-150.5943824537,
    -360.7226602656));
#13044 = LINE('',#13045,#13046);
#13045 = CARTESIAN_POINT('',(53.234551580639,-154.5943824537,
    -360.7226602656));
#13046 = VECTOR('',#13047,1.);
#13047 = DIRECTION('',(-1.04169342465E-29,-1.,5.118128312928E-14));
#13048 = ORIENTED_EDGE('',*,*,#13009,.F.);
#13049 = ORIENTED_EDGE('',*,*,#13050,.F.);
#13050 = EDGE_CURVE('',#13051,#13010,#13053,.T.);
#13051 = VERTEX_POINT('',#13052);
#13052 = CARTESIAN_POINT('',(57.234551580639,-150.5943824537,
    -364.7226602656));
#13053 = LINE('',#13054,#13055);
#13054 = CARTESIAN_POINT('',(57.234551580639,-154.5943824537,
    -364.7226602656));
#13055 = VECTOR('',#13056,1.);
#13056 = DIRECTION('',(1.04169342465E-29,1.,-5.118128312928E-14));
#13057 = ORIENTED_EDGE('',*,*,#13058,.T.);
#13058 = EDGE_CURVE('',#13051,#13042,#13059,.T.);
#13059 = CIRCLE('',#13060,4.);
#13060 = AXIS2_PLACEMENT_3D('',#13061,#13062,#13063);
#13061 = CARTESIAN_POINT('',(57.234551580639,-150.5943824537,
    -360.7226602656));
#13062 = DIRECTION('',(7.516903841635E-30,1.,-5.195843755246E-14));
#13063 = DIRECTION('',(-0.707106781187,-3.67401635332E-14,
    -0.707106781187));
#13064 = CYLINDRICAL_SURFACE('',#13065,4.);
#13065 = AXIS2_PLACEMENT_3D('',#13066,#13067,#13068);
#13066 = CARTESIAN_POINT('',(57.234551580639,-154.5943824537,
    -360.7226602656));
#13067 = DIRECTION('',(1.04169342465E-29,1.,-5.118128312928E-14));
#13068 = DIRECTION('',(-0.707106781187,-3.619063237055E-14,
    -0.707106781187));
#13069 = ADVANCED_FACE('',(#13070,#13130,#13200,#13211),#13222,.T.);
#13070 = FACE_BOUND('',#13071,.T.);
#13071 = EDGE_LOOP('',(#13072,#13073,#13081,#13090,#13098,#13107,#13115,
    #13124));
#13072 = ORIENTED_EDGE('',*,*,#13058,.T.);
#13073 = ORIENTED_EDGE('',*,*,#13074,.F.);
#13074 = EDGE_CURVE('',#13075,#13042,#13077,.T.);
#13075 = VERTEX_POINT('',#13076);
#13076 = CARTESIAN_POINT('',(53.234551580639,-150.5943824537,
    -355.9226602656));
#13077 = LINE('',#13078,#13079);
#13078 = CARTESIAN_POINT('',(53.234551580639,-150.5943824537,
    -356.8101602656));
#13079 = VECTOR('',#13080,1.);
#13080 = DIRECTION('',(-5.997154091582E-15,-5.195843755246E-14,-1.));
#13081 = ORIENTED_EDGE('',*,*,#13082,.T.);
#13082 = EDGE_CURVE('',#13075,#13083,#13085,.T.);
#13083 = VERTEX_POINT('',#13084);
#13084 = CARTESIAN_POINT('',(57.234551580639,-150.5943824537,
    -351.9226602656));
#13085 = CIRCLE('',#13086,4.);
#13086 = AXIS2_PLACEMENT_3D('',#13087,#13088,#13089);
#13087 = CARTESIAN_POINT('',(57.234551580639,-150.5943824537,
    -355.9226602656));
#13088 = DIRECTION('',(1.052573878925E-29,1.,-5.195843755246E-14));
#13089 = DIRECTION('',(-0.707106781187,3.67401635332E-14,0.707106781187)
  );
#13090 = ORIENTED_EDGE('',*,*,#13091,.F.);
#13091 = EDGE_CURVE('',#13092,#13083,#13094,.T.);
#13092 = VERTEX_POINT('',#13093);
#13093 = CARTESIAN_POINT('',(94.234551580639,-150.5943824537,
    -351.9226602656));
#13094 = LINE('',#13095,#13096);
#13095 = CARTESIAN_POINT('',(71.109551580639,-150.5943824537,
    -351.9226602656));
#13096 = VECTOR('',#13097,1.);
#13097 = DIRECTION('',(-1.,1.218266296756E-29,1.249000770354E-16));
#13098 = ORIENTED_EDGE('',*,*,#13099,.T.);
#13099 = EDGE_CURVE('',#13092,#13100,#13102,.T.);
#13100 = VERTEX_POINT('',#13101);
#13101 = CARTESIAN_POINT('',(98.234551580639,-150.5943824537,
    -355.9226602656));
#13102 = CIRCLE('',#13103,4.);
#13103 = AXIS2_PLACEMENT_3D('',#13104,#13105,#13106);
#13104 = CARTESIAN_POINT('',(94.234551580639,-150.5943824537,
    -355.9226602656));
#13105 = DIRECTION('',(7.516903841635E-30,1.,-5.195843755246E-14));
#13106 = DIRECTION('',(0.707106781187,3.67401635332E-14,0.707106781187)
  );
#13107 = ORIENTED_EDGE('',*,*,#13108,.F.);
#13108 = EDGE_CURVE('',#13109,#13100,#13111,.T.);
#13109 = VERTEX_POINT('',#13110);
#13110 = CARTESIAN_POINT('',(98.234551580639,-150.5943824537,
    -360.7226602656));
#13111 = LINE('',#13112,#13113);
#13112 = CARTESIAN_POINT('',(98.234551580639,-150.5943824537,
    -359.8351602656));
#13113 = VECTOR('',#13114,1.);
#13114 = DIRECTION('',(5.997154091582E-15,5.195843755246E-14,1.));
#13115 = ORIENTED_EDGE('',*,*,#13116,.T.);
#13116 = EDGE_CURVE('',#13109,#13117,#13119,.T.);
#13117 = VERTEX_POINT('',#13118);
#13118 = CARTESIAN_POINT('',(94.234551580639,-150.5943824537,
    -364.7226602656));
#13119 = CIRCLE('',#13120,4.);
#13120 = AXIS2_PLACEMENT_3D('',#13121,#13122,#13123);
#13121 = CARTESIAN_POINT('',(94.234551580639,-150.5943824537,
    -360.7226602656));
#13122 = DIRECTION('',(6.35926654528E-30,1.,-5.195843755246E-14));
#13123 = DIRECTION('',(0.707106781187,-3.67401635332E-14,-0.707106781187
    ));
#13124 = ORIENTED_EDGE('',*,*,#13125,.F.);
#13125 = EDGE_CURVE('',#13051,#13117,#13126,.T.);
#13126 = LINE('',#13127,#13128);
#13127 = CARTESIAN_POINT('',(80.359551580639,-150.5943824537,
    -364.7226602656));
#13128 = VECTOR('',#13129,1.);
#13129 = DIRECTION('',(1.,-1.218266296756E-29,-1.249000770354E-16));
#13130 = FACE_BOUND('',#13131,.T.);
#13131 = EDGE_LOOP('',(#13132,#13142,#13151,#13159,#13168,#13176,#13185,
    #13193));
#13132 = ORIENTED_EDGE('',*,*,#13133,.T.);
#13133 = EDGE_CURVE('',#13134,#13136,#13138,.T.);
#13134 = VERTEX_POINT('',#13135);
#13135 = CARTESIAN_POINT('',(66.484551580639,-150.5943824537,
    -363.7226602656));
#13136 = VERTEX_POINT('',#13137);
#13137 = CARTESIAN_POINT('',(84.984551580639,-150.5943824537,
    -363.7226602656));
#13138 = LINE('',#13139,#13140);
#13139 = CARTESIAN_POINT('',(80.359551580639,-150.5943824537,
    -363.7226602656));
#13140 = VECTOR('',#13141,1.);
#13141 = DIRECTION('',(1.,-1.218266296756E-29,-1.249000770354E-16));
#13142 = ORIENTED_EDGE('',*,*,#13143,.F.);
#13143 = EDGE_CURVE('',#13144,#13136,#13146,.T.);
#13144 = VERTEX_POINT('',#13145);
#13145 = CARTESIAN_POINT('',(86.984551580639,-150.5943824537,
    -361.7226602656));
#13146 = CIRCLE('',#13147,2.);
#13147 = AXIS2_PLACEMENT_3D('',#13148,#13149,#13150);
#13148 = CARTESIAN_POINT('',(84.984551580639,-150.5943824537,
    -361.7226602656));
#13149 = DIRECTION('',(1.052573878925E-29,1.,-5.195843755246E-14));
#13150 = DIRECTION('',(0.707106781187,-3.67401635332E-14,-0.707106781187
    ));
#13151 = ORIENTED_EDGE('',*,*,#13152,.F.);
#13152 = EDGE_CURVE('',#13153,#13144,#13155,.T.);
#13153 = VERTEX_POINT('',#13154);
#13154 = CARTESIAN_POINT('',(86.984551580639,-150.5943824537,
    -354.9226602656));
#13155 = LINE('',#13156,#13157);
#13156 = CARTESIAN_POINT('',(86.984551580639,-150.5943824537,
    -355.8101602656));
#13157 = VECTOR('',#13158,1.);
#13158 = DIRECTION('',(-3.659938563404E-15,-5.195843755246E-14,-1.));
#13159 = ORIENTED_EDGE('',*,*,#13160,.F.);
#13160 = EDGE_CURVE('',#13161,#13153,#13163,.T.);
#13161 = VERTEX_POINT('',#13162);
#13162 = CARTESIAN_POINT('',(84.984551580639,-150.5943824537,
    -352.9226602656));
#13163 = CIRCLE('',#13164,2.);
#13164 = AXIS2_PLACEMENT_3D('',#13165,#13166,#13167);
#13165 = CARTESIAN_POINT('',(84.984551580639,-150.5943824537,
    -354.9226602656));
#13166 = DIRECTION('',(8.527932464719E-30,1.,-5.195843755246E-14));
#13167 = DIRECTION('',(0.707106781187,3.67401635332E-14,0.707106781187)
  );
#13168 = ORIENTED_EDGE('',*,*,#13169,.T.);
#13169 = EDGE_CURVE('',#13161,#13170,#13172,.T.);
#13170 = VERTEX_POINT('',#13171);
#13171 = CARTESIAN_POINT('',(66.484551580639,-150.5943824537,
    -352.9226602656));
#13172 = LINE('',#13173,#13174);
#13173 = CARTESIAN_POINT('',(71.109551580639,-150.5943824537,
    -352.9226602656));
#13174 = VECTOR('',#13175,1.);
#13175 = DIRECTION('',(-1.,1.218266296756E-29,1.249000770354E-16));
#13176 = ORIENTED_EDGE('',*,*,#13177,.F.);
#13177 = EDGE_CURVE('',#13178,#13170,#13180,.T.);
#13178 = VERTEX_POINT('',#13179);
#13179 = CARTESIAN_POINT('',(64.484551580639,-150.5943824537,
    -354.9226602656));
#13180 = CIRCLE('',#13181,2.);
#13181 = AXIS2_PLACEMENT_3D('',#13182,#13183,#13184);
#13182 = CARTESIAN_POINT('',(66.484551580639,-150.5943824537,
    -354.9226602656));
#13183 = DIRECTION('',(7.247937416733E-30,1.,-5.195843755246E-14));
#13184 = DIRECTION('',(-0.707106781187,3.67401635332E-14,0.707106781187)
  );
#13185 = ORIENTED_EDGE('',*,*,#13186,.F.);
#13186 = EDGE_CURVE('',#13187,#13178,#13189,.T.);
#13187 = VERTEX_POINT('',#13188);
#13188 = CARTESIAN_POINT('',(64.484551580639,-150.5943824537,
    -361.7226602656));
#13189 = LINE('',#13190,#13191);
#13190 = CARTESIAN_POINT('',(64.484551580639,-150.5943824537,
    -360.8351602656));
#13191 = VECTOR('',#13192,1.);
#13192 = DIRECTION('',(-3.410138409333E-15,5.195843755246E-14,1.));
#13193 = ORIENTED_EDGE('',*,*,#13194,.F.);
#13194 = EDGE_CURVE('',#13134,#13187,#13195,.T.);
#13195 = CIRCLE('',#13196,2.);
#13196 = AXIS2_PLACEMENT_3D('',#13197,#13198,#13199);
#13197 = CARTESIAN_POINT('',(66.484551580639,-150.5943824537,
    -361.7226602656));
#13198 = DIRECTION('',(6.175013242593E-30,1.,-5.195843755246E-14));
#13199 = DIRECTION('',(-0.707106781187,-3.67401635332E-14,
    -0.707106781187));
#13200 = FACE_BOUND('',#13201,.T.);
#13201 = EDGE_LOOP('',(#13202));
#13202 = ORIENTED_EDGE('',*,*,#13203,.F.);
#13203 = EDGE_CURVE('',#13204,#13204,#13206,.T.);
#13204 = VERTEX_POINT('',#13205);
#13205 = CARTESIAN_POINT('',(87.734551580639,-150.5943824537,
    -358.3226602656));
#13206 = CIRCLE('',#13207,1.5);
#13207 = AXIS2_PLACEMENT_3D('',#13208,#13209,#13210);
#13208 = CARTESIAN_POINT('',(89.234551580639,-150.5943824537,
    -358.3226602656));
#13209 = DIRECTION('',(5.693050114613E-30,1.,-5.195843755246E-14));
#13210 = DIRECTION('',(1.,-1.218266296756E-29,-1.249000770354E-16));
#13211 = FACE_BOUND('',#13212,.T.);
#13212 = EDGE_LOOP('',(#13213));
#13213 = ORIENTED_EDGE('',*,*,#13214,.F.);
#13214 = EDGE_CURVE('',#13215,#13215,#13217,.T.);
#13215 = VERTEX_POINT('',#13216);
#13216 = CARTESIAN_POINT('',(60.734551580639,-150.5943824537,
    -358.3226602656));
#13217 = CIRCLE('',#13218,1.5);
#13218 = AXIS2_PLACEMENT_3D('',#13219,#13220,#13221);
#13219 = CARTESIAN_POINT('',(62.234551580639,-150.5943824537,
    -358.3226602656));
#13220 = DIRECTION('',(5.693050114613E-30,1.,-5.195843755246E-14));
#13221 = DIRECTION('',(1.,-1.218266296756E-29,-1.249000770354E-16));
#13222 = PLANE('',#13223);
#13223 = AXIS2_PLACEMENT_3D('',#13224,#13225,#13226);
#13224 = CARTESIAN_POINT('',(75.734551580639,-150.5943824537,
    -358.3226602656));
#13225 = DIRECTION('',(5.693050114613E-30,1.,-5.195843755246E-14));
#13226 = DIRECTION('',(-1.,1.218266296756E-29,1.249000770354E-16));
#13227 = ADVANCED_FACE('',(#13228),#13239,.F.);
#13228 = FACE_BOUND('',#13229,.T.);
#13229 = EDGE_LOOP('',(#13230,#13231,#13232,#13238));
#13230 = ORIENTED_EDGE('',*,*,#13041,.F.);
#13231 = ORIENTED_EDGE('',*,*,#13001,.F.);
#13232 = ORIENTED_EDGE('',*,*,#13233,.F.);
#13233 = EDGE_CURVE('',#13075,#12993,#13234,.T.);
#13234 = LINE('',#13235,#13236);
#13235 = CARTESIAN_POINT('',(53.234551580639,-154.5943824537,
    -355.9226602656));
#13236 = VECTOR('',#13237,1.);
#13237 = DIRECTION('',(1.04169342465E-29,1.,-5.118128312928E-14));
#13238 = ORIENTED_EDGE('',*,*,#13074,.T.);
#13239 = PLANE('',#13240);
#13240 = AXIS2_PLACEMENT_3D('',#13241,#13242,#13243);
#13241 = CARTESIAN_POINT('',(53.234551580639,-149.5943824537,
    -355.2976602656));
#13242 = DIRECTION('',(-1.,3.173589757777E-28,5.997154091582E-15));
#13243 = DIRECTION('',(-5.997154091582E-15,-5.195843755246E-14,-1.));
#13244 = ADVANCED_FACE('',(#13245),#13256,.F.);
#13245 = FACE_BOUND('',#13246,.F.);
#13246 = EDGE_LOOP('',(#13247,#13253,#13254,#13255));
#13247 = ORIENTED_EDGE('',*,*,#13248,.F.);
#13248 = EDGE_CURVE('',#12985,#13083,#13249,.T.);
#13249 = LINE('',#13250,#13251);
#13250 = CARTESIAN_POINT('',(57.234551580639,-154.5943824537,
    -351.9226602656));
#13251 = VECTOR('',#13252,1.);
#13252 = DIRECTION('',(-1.04169342465E-29,-1.,5.118128312928E-14));
#13253 = ORIENTED_EDGE('',*,*,#12992,.F.);
#13254 = ORIENTED_EDGE('',*,*,#13233,.F.);
#13255 = ORIENTED_EDGE('',*,*,#13082,.T.);
#13256 = CYLINDRICAL_SURFACE('',#13257,4.);
#13257 = AXIS2_PLACEMENT_3D('',#13258,#13259,#13260);
#13258 = CARTESIAN_POINT('',(57.234551580639,-154.5943824537,
    -355.9226602656));
#13259 = DIRECTION('',(-1.04169342465E-29,-1.,5.118128312928E-14));
#13260 = DIRECTION('',(-0.707106781187,3.619063237055E-14,0.707106781187
    ));
#13261 = ADVANCED_FACE('',(#13262),#13278,.F.);
#13262 = FACE_BOUND('',#13263,.F.);
#13263 = EDGE_LOOP('',(#13264,#13270,#13271,#13277));
#13264 = ORIENTED_EDGE('',*,*,#13265,.F.);
#13265 = EDGE_CURVE('',#12968,#13100,#13266,.T.);
#13266 = LINE('',#13267,#13268);
#13267 = CARTESIAN_POINT('',(98.234551580639,-154.5943824537,
    -355.9226602656));
#13268 = VECTOR('',#13269,1.);
#13269 = DIRECTION('',(-1.04169342465E-29,-1.,5.118128312928E-14));
#13270 = ORIENTED_EDGE('',*,*,#12975,.F.);
#13271 = ORIENTED_EDGE('',*,*,#13272,.F.);
#13272 = EDGE_CURVE('',#13092,#12976,#13273,.T.);
#13273 = LINE('',#13274,#13275);
#13274 = CARTESIAN_POINT('',(94.234551580639,-154.5943824537,
    -351.9226602656));
#13275 = VECTOR('',#13276,1.);
#13276 = DIRECTION('',(1.04169342465E-29,1.,-5.118128312928E-14));
#13277 = ORIENTED_EDGE('',*,*,#13099,.T.);
#13278 = CYLINDRICAL_SURFACE('',#13279,4.);
#13279 = AXIS2_PLACEMENT_3D('',#13280,#13281,#13282);
#13280 = CARTESIAN_POINT('',(94.234551580639,-154.5943824537,
    -355.9226602656));
#13281 = DIRECTION('',(1.04169342465E-29,1.,-5.118128312928E-14));
#13282 = DIRECTION('',(0.707106781187,3.619063237055E-14,0.707106781187)
  );
#13283 = ADVANCED_FACE('',(#13284),#13295,.F.);
#13284 = FACE_BOUND('',#13285,.T.);
#13285 = EDGE_LOOP('',(#13286,#13287,#13288,#13294));
#13286 = ORIENTED_EDGE('',*,*,#13265,.F.);
#13287 = ORIENTED_EDGE('',*,*,#12965,.F.);
#13288 = ORIENTED_EDGE('',*,*,#13289,.F.);
#13289 = EDGE_CURVE('',#13109,#12966,#13290,.T.);
#13290 = LINE('',#13291,#13292);
#13291 = CARTESIAN_POINT('',(98.234551580639,-154.5943824537,
    -360.7226602656));
#13292 = VECTOR('',#13293,1.);
#13293 = DIRECTION('',(1.04169342465E-29,1.,-5.118128312928E-14));
#13294 = ORIENTED_EDGE('',*,*,#13108,.T.);
#13295 = PLANE('',#13296);
#13296 = AXIS2_PLACEMENT_3D('',#13297,#13298,#13299);
#13297 = CARTESIAN_POINT('',(98.234551580639,-149.5943824537,
    -361.3476602656));
#13298 = DIRECTION('',(1.,-3.173589757777E-28,-5.997154091582E-15));
#13299 = DIRECTION('',(5.997154091582E-15,5.195843755246E-14,1.));
#13300 = ADVANCED_FACE('',(#13301),#13312,.F.);
#13301 = FACE_BOUND('',#13302,.F.);
#13302 = EDGE_LOOP('',(#13303,#13309,#13310,#13311));
#13303 = ORIENTED_EDGE('',*,*,#13304,.F.);
#13304 = EDGE_CURVE('',#13019,#13117,#13305,.T.);
#13305 = LINE('',#13306,#13307);
#13306 = CARTESIAN_POINT('',(94.234551580639,-154.5943824537,
    -364.7226602656));
#13307 = VECTOR('',#13308,1.);
#13308 = DIRECTION('',(-1.04169342465E-29,-1.,5.118128312928E-14));
#13309 = ORIENTED_EDGE('',*,*,#13026,.F.);
#13310 = ORIENTED_EDGE('',*,*,#13289,.F.);
#13311 = ORIENTED_EDGE('',*,*,#13116,.T.);
#13312 = CYLINDRICAL_SURFACE('',#13313,4.);
#13313 = AXIS2_PLACEMENT_3D('',#13314,#13315,#13316);
#13314 = CARTESIAN_POINT('',(94.234551580639,-154.5943824537,
    -360.7226602656));
#13315 = DIRECTION('',(-1.04169342465E-29,-1.,5.118128312928E-14));
#13316 = DIRECTION('',(0.707106781187,-3.619063237055E-14,
    -0.707106781187));
#13317 = ADVANCED_FACE('',(#13318),#13324,.F.);
#13318 = FACE_BOUND('',#13319,.T.);
#13319 = EDGE_LOOP('',(#13320,#13321,#13322,#13323));
#13320 = ORIENTED_EDGE('',*,*,#13050,.F.);
#13321 = ORIENTED_EDGE('',*,*,#13125,.T.);
#13322 = ORIENTED_EDGE('',*,*,#13304,.F.);
#13323 = ORIENTED_EDGE('',*,*,#13018,.F.);
#13324 = PLANE('',#13325);
#13325 = AXIS2_PLACEMENT_3D('',#13326,#13327,#13328);
#13326 = CARTESIAN_POINT('',(84.984551580639,-159.5943824537,
    -364.7226602656));
#13327 = DIRECTION('',(-1.249000770354E-16,-5.118128312928E-14,-1.));
#13328 = DIRECTION('',(1.110214554296E-16,-1.,5.118128312928E-14));
#13329 = ADVANCED_FACE('',(#13330),#13355,.F.);
#13330 = FACE_BOUND('',#13331,.T.);
#13331 = EDGE_LOOP('',(#13332,#13333,#13341,#13349));
#13332 = ORIENTED_EDGE('',*,*,#13133,.F.);
#13333 = ORIENTED_EDGE('',*,*,#13334,.F.);
#13334 = EDGE_CURVE('',#13335,#13134,#13337,.T.);
#13335 = VERTEX_POINT('',#13336);
#13336 = CARTESIAN_POINT('',(66.484551580639,-153.0943824537,
    -363.7226602656));
#13337 = LINE('',#13338,#13339);
#13338 = CARTESIAN_POINT('',(66.484551580639,-159.5943824537,
    -363.7226602656));
#13339 = VECTOR('',#13340,1.);
#13340 = DIRECTION('',(5.756219417785E-30,1.,-5.195843755246E-14));
#13341 = ORIENTED_EDGE('',*,*,#13342,.F.);
#13342 = EDGE_CURVE('',#13343,#13335,#13345,.T.);
#13343 = VERTEX_POINT('',#13344);
#13344 = CARTESIAN_POINT('',(84.984551580639,-153.0943824537,
    -363.7226602656));
#13345 = LINE('',#13346,#13347);
#13346 = CARTESIAN_POINT('',(178.84066726735,-153.0943824537,
    -363.7226602656));
#13347 = VECTOR('',#13348,1.);
#13348 = DIRECTION('',(-1.,-1.202550606141E-29,1.249000770354E-16));
#13349 = ORIENTED_EDGE('',*,*,#13350,.F.);
#13350 = EDGE_CURVE('',#13136,#13343,#13351,.T.);
#13351 = LINE('',#13352,#13353);
#13352 = CARTESIAN_POINT('',(84.984551580639,-159.5943824537,
    -363.7226602656));
#13353 = VECTOR('',#13354,1.);
#13354 = DIRECTION('',(-5.756219417785E-30,-1.,5.195843755246E-14));
#13355 = PLANE('',#13356);
#13356 = AXIS2_PLACEMENT_3D('',#13357,#13358,#13359);
#13357 = CARTESIAN_POINT('',(84.984551580639,-159.5943824537,
    -363.7226602656));
#13358 = DIRECTION('',(-1.249000770354E-16,-5.195843755246E-14,-1.));
#13359 = DIRECTION('',(-1.,6.001205538516E-17,1.249000770354E-16));
#13360 = ADVANCED_FACE('',(#13361),#13367,.F.);
#13361 = FACE_BOUND('',#13362,.T.);
#13362 = EDGE_LOOP('',(#13363,#13364,#13365,#13366));
#13363 = ORIENTED_EDGE('',*,*,#13248,.F.);
#13364 = ORIENTED_EDGE('',*,*,#12984,.F.);
#13365 = ORIENTED_EDGE('',*,*,#13272,.F.);
#13366 = ORIENTED_EDGE('',*,*,#13091,.T.);
#13367 = PLANE('',#13368);
#13368 = AXIS2_PLACEMENT_3D('',#13369,#13370,#13371);
#13369 = CARTESIAN_POINT('',(66.484551580639,-159.5943824537,
    -351.9226602656));
#13370 = DIRECTION('',(1.249000770354E-16,5.118128312928E-14,1.));
#13371 = DIRECTION('',(-1.110214554296E-16,1.,-5.118128312928E-14));
#13372 = ADVANCED_FACE('',(#13373),#13398,.F.);
#13373 = FACE_BOUND('',#13374,.T.);
#13374 = EDGE_LOOP('',(#13375,#13376,#13384,#13392));
#13375 = ORIENTED_EDGE('',*,*,#13169,.F.);
#13376 = ORIENTED_EDGE('',*,*,#13377,.F.);
#13377 = EDGE_CURVE('',#13378,#13161,#13380,.T.);
#13378 = VERTEX_POINT('',#13379);
#13379 = CARTESIAN_POINT('',(84.984551580639,-153.0943824537,
    -352.9226602656));
#13380 = LINE('',#13381,#13382);
#13381 = CARTESIAN_POINT('',(84.984551580639,-159.5943824537,
    -352.9226602656));
#13382 = VECTOR('',#13383,1.);
#13383 = DIRECTION('',(5.756219417785E-30,1.,-5.195843755246E-14));
#13384 = ORIENTED_EDGE('',*,*,#13385,.F.);
#13385 = EDGE_CURVE('',#13386,#13378,#13388,.T.);
#13386 = VERTEX_POINT('',#13387);
#13387 = CARTESIAN_POINT('',(66.484551580639,-153.0943824537,
    -352.9226602656));
#13388 = LINE('',#13389,#13390);
#13389 = CARTESIAN_POINT('',(169.59066726735,-153.0943824537,
    -352.9226602656));
#13390 = VECTOR('',#13391,1.);
#13391 = DIRECTION('',(1.,1.202550606141E-29,-1.249000770354E-16));
#13392 = ORIENTED_EDGE('',*,*,#13393,.F.);
#13393 = EDGE_CURVE('',#13170,#13386,#13394,.T.);
#13394 = LINE('',#13395,#13396);
#13395 = CARTESIAN_POINT('',(66.484551580639,-159.5943824537,
    -352.9226602656));
#13396 = VECTOR('',#13397,1.);
#13397 = DIRECTION('',(-5.756219417785E-30,-1.,5.195843755246E-14));
#13398 = PLANE('',#13399);
#13399 = AXIS2_PLACEMENT_3D('',#13400,#13401,#13402);
#13400 = CARTESIAN_POINT('',(66.484551580639,-159.5943824537,
    -352.9226602656));
#13401 = DIRECTION('',(1.249000770354E-16,5.195843755246E-14,1.));
#13402 = DIRECTION('',(1.,-1.218728411356E-29,-1.249000770354E-16));
#13403 = ADVANCED_FACE('',(#13404),#13420,.T.);
#13404 = FACE_BOUND('',#13405,.T.);
#13405 = EDGE_LOOP('',(#13406,#13412,#13413,#13419));
#13406 = ORIENTED_EDGE('',*,*,#13407,.T.);
#13407 = EDGE_CURVE('',#11547,#1021,#13408,.T.);
#13408 = LINE('',#13409,#13410);
#13409 = CARTESIAN_POINT('',(84.984551580639,-153.0943824537,
    -427.9226602656));
#13410 = VECTOR('',#13411,1.);
#13411 = DIRECTION('',(6.201865211808E-15,-0.707106781186,0.707106781187
    ));
#13412 = ORIENTED_EDGE('',*,*,#1020,.T.);
#13413 = ORIENTED_EDGE('',*,*,#13414,.T.);
#13414 = EDGE_CURVE('',#1023,#11555,#13415,.T.);
#13415 = LINE('',#13416,#13417);
#13416 = CARTESIAN_POINT('',(66.484551580639,-153.5943824537,
    -427.4226602656));
#13417 = VECTOR('',#13418,1.);
#13418 = DIRECTION('',(6.358874457676E-15,0.707106781186,-0.707106781187
    ));
#13419 = ORIENTED_EDGE('',*,*,#11554,.T.);
#13420 = PLANE('',#13421);
#13421 = AXIS2_PLACEMENT_3D('',#13422,#13423,#13424);
#13422 = CARTESIAN_POINT('',(169.59066726735,-153.3443824537,
    -427.6726602656));
#13423 = DIRECTION('',(-8.831769144237E-17,-0.707106781187,
    -0.707106781186));
#13424 = DIRECTION('',(-1.,2.359223794974E-16,-1.110223024625E-16));
#13425 = ADVANCED_FACE('',(#13426),#13445,.F.);
#13426 = FACE_BOUND('',#13427,.F.);
#13427 = EDGE_LOOP('',(#13428,#13429,#13437,#13444));
#13428 = ORIENTED_EDGE('',*,*,#1030,.F.);
#13429 = ORIENTED_EDGE('',*,*,#13430,.F.);
#13430 = EDGE_CURVE('',#13431,#1031,#13433,.T.);
#13431 = VERTEX_POINT('',#13432);
#13432 = CARTESIAN_POINT('',(86.984551580639,-153.0943824537,
    -429.9226602656));
#13433 = LINE('',#13434,#13435);
#13434 = CARTESIAN_POINT('',(86.984551580639,-153.0943824537,
    -429.9226602656));
#13435 = VECTOR('',#13436,1.);
#13436 = DIRECTION('',(0.707106781187,-0.707106781187,3.681866815613E-14
    ));
#13437 = ORIENTED_EDGE('',*,*,#13438,.F.);
#13438 = EDGE_CURVE('',#11547,#13431,#13439,.T.);
#13439 = CIRCLE('',#13440,2.);
#13440 = AXIS2_PLACEMENT_3D('',#13441,#13442,#13443);
#13441 = CARTESIAN_POINT('',(84.984551580639,-153.0943824537,
    -429.9226602656));
#13442 = DIRECTION('',(-1.51435806674E-29,1.,-5.200354036283E-14));
#13443 = DIRECTION('',(0.707106781187,3.677205603627E-14,0.707106781187)
  );
#13444 = ORIENTED_EDGE('',*,*,#13407,.T.);
#13445 = CONICAL_SURFACE('',#13446,2.25,0.785398163397);
#13446 = AXIS2_PLACEMENT_3D('',#13447,#13448,#13449);
#13447 = CARTESIAN_POINT('',(84.984551580639,-153.3443824537,
    -429.9226602656));
#13448 = DIRECTION('',(-5.756219417785E-30,-1.,5.195843755246E-14));
#13449 = DIRECTION('',(0.707106781187,3.67401635332E-14,0.707106781187)
  );
#13450 = ADVANCED_FACE('',(#13451),#13469,.T.);
#13451 = FACE_BOUND('',#13452,.T.);
#13452 = EDGE_LOOP('',(#13453,#13461,#13462,#13463));
#13453 = ORIENTED_EDGE('',*,*,#13454,.T.);
#13454 = EDGE_CURVE('',#13455,#1040,#13457,.T.);
#13455 = VERTEX_POINT('',#13456);
#13456 = CARTESIAN_POINT('',(86.984551580639,-153.0943824537,
    -436.7226602656));
#13457 = LINE('',#13458,#13459);
#13458 = CARTESIAN_POINT('',(86.984551580639,-153.0943824537,
    -436.7226602656));
#13459 = VECTOR('',#13460,1.);
#13460 = DIRECTION('',(0.707106781188,-0.707106781186,3.681866815608E-14
    ));
#13461 = ORIENTED_EDGE('',*,*,#1039,.T.);
#13462 = ORIENTED_EDGE('',*,*,#13430,.F.);
#13463 = ORIENTED_EDGE('',*,*,#13464,.T.);
#13464 = EDGE_CURVE('',#13431,#13455,#13465,.T.);
#13465 = LINE('',#13466,#13467);
#13466 = CARTESIAN_POINT('',(86.984551580639,-153.0943824537,
    -396.9225066288));
#13467 = VECTOR('',#13468,1.);
#13468 = DIRECTION('',(-3.659938563404E-15,-5.200354036283E-14,-1.));
#13469 = PLANE('',#13470);
#13470 = AXIS2_PLACEMENT_3D('',#13471,#13472,#13473);
#13471 = CARTESIAN_POINT('',(87.234551580639,-153.3443824537,
    -396.9225066288));
#13472 = DIRECTION('',(-0.707106781186,-0.707106781188,
    3.936002341322E-14));
#13473 = DIRECTION('',(-0.707106781188,0.707106781186,
    -3.681866815608E-14));
#13474 = ADVANCED_FACE('',(#13475),#13492,.F.);
#13475 = FACE_BOUND('',#13476,.F.);
#13476 = EDGE_LOOP('',(#13477,#13478,#13484,#13491));
#13477 = ORIENTED_EDGE('',*,*,#1047,.F.);
#13478 = ORIENTED_EDGE('',*,*,#13479,.F.);
#13479 = EDGE_CURVE('',#11603,#1048,#13480,.T.);
#13480 = LINE('',#13481,#13482);
#13481 = CARTESIAN_POINT('',(84.984551580639,-153.0943824537,
    -438.7226602656));
#13482 = VECTOR('',#13483,1.);
#13483 = DIRECTION('',(7.850462293418E-17,-0.707106781187,
    -0.707106781187));
#13484 = ORIENTED_EDGE('',*,*,#13485,.F.);
#13485 = EDGE_CURVE('',#13455,#11603,#13486,.T.);
#13486 = CIRCLE('',#13487,2.);
#13487 = AXIS2_PLACEMENT_3D('',#13488,#13489,#13490);
#13488 = CARTESIAN_POINT('',(84.984551580639,-153.0943824537,
    -436.7226602656));
#13489 = DIRECTION('',(-1.478095660195E-29,1.,-5.200354036283E-14));
#13490 = DIRECTION('',(0.707106781187,-3.677205603627E-14,
    -0.707106781187));
#13491 = ORIENTED_EDGE('',*,*,#13454,.T.);
#13492 = CONICAL_SURFACE('',#13493,2.25,0.785398163397);
#13493 = AXIS2_PLACEMENT_3D('',#13494,#13495,#13496);
#13494 = CARTESIAN_POINT('',(84.984551580639,-153.3443824537,
    -436.7226602656));
#13495 = DIRECTION('',(-5.756219417785E-30,-1.,5.195843755246E-14));
#13496 = DIRECTION('',(0.707106781187,-3.67401635332E-14,-0.707106781187
    ));
#13497 = ADVANCED_FACE('',(#13498),#13509,.T.);
#13498 = FACE_BOUND('',#13499,.T.);
#13499 = EDGE_LOOP('',(#13500,#13506,#13507,#13508));
#13500 = ORIENTED_EDGE('',*,*,#13501,.T.);
#13501 = EDGE_CURVE('',#11595,#1057,#13502,.T.);
#13502 = LINE('',#13503,#13504);
#13503 = CARTESIAN_POINT('',(66.484551580639,-153.0943824537,
    -438.7226602656));
#13504 = VECTOR('',#13505,1.);
#13505 = DIRECTION('',(-1.248223504655E-14,-0.707106781186,
    -0.707106781187));
#13506 = ORIENTED_EDGE('',*,*,#1056,.T.);
#13507 = ORIENTED_EDGE('',*,*,#13479,.F.);
#13508 = ORIENTED_EDGE('',*,*,#11602,.T.);
#13509 = PLANE('',#13510);
#13510 = AXIS2_PLACEMENT_3D('',#13511,#13512,#13513);
#13511 = CARTESIAN_POINT('',(178.84066726735,-153.3443824537,
    -438.9726602656));
#13512 = DIRECTION('',(8.831769144239E-17,-0.707106781187,0.707106781186
    ));
#13513 = DIRECTION('',(-1.,-2.359223794974E-16,-1.110223024625E-16));
#13514 = ADVANCED_FACE('',(#13515),#13534,.F.);
#13515 = FACE_BOUND('',#13516,.F.);
#13516 = EDGE_LOOP('',(#13517,#13518,#13526,#13533));
#13517 = ORIENTED_EDGE('',*,*,#1064,.F.);
#13518 = ORIENTED_EDGE('',*,*,#13519,.F.);
#13519 = EDGE_CURVE('',#13520,#1065,#13522,.T.);
#13520 = VERTEX_POINT('',#13521);
#13521 = CARTESIAN_POINT('',(64.484551580639,-153.0943824537,
    -436.7226602656));
#13522 = LINE('',#13523,#13524);
#13523 = CARTESIAN_POINT('',(64.484551580639,-153.0943824537,
    -436.7226602656));
#13524 = VECTOR('',#13525,1.);
#13525 = DIRECTION('',(-0.707106781187,-0.707106781187,
    3.666165891027E-14));
#13526 = ORIENTED_EDGE('',*,*,#13527,.F.);
#13527 = EDGE_CURVE('',#11595,#13520,#13528,.T.);
#13528 = CIRCLE('',#13529,2.);
#13529 = AXIS2_PLACEMENT_3D('',#13530,#13531,#13532);
#13530 = CARTESIAN_POINT('',(66.484551580639,-153.0943824537,
    -436.7226602656));
#13531 = DIRECTION('',(-1.51435806674E-29,1.,-5.200354036283E-14));
#13532 = DIRECTION('',(-0.707106781187,-3.677205603627E-14,
    -0.707106781187));
#13533 = ORIENTED_EDGE('',*,*,#13501,.T.);
#13534 = CONICAL_SURFACE('',#13535,2.25,0.785398163397);
#13535 = AXIS2_PLACEMENT_3D('',#13536,#13537,#13538);
#13536 = CARTESIAN_POINT('',(66.484551580639,-153.3443824537,
    -436.7226602656));
#13537 = DIRECTION('',(-5.756219417785E-30,-1.,5.195843755246E-14));
#13538 = DIRECTION('',(-0.707106781187,-3.67401635332E-14,
    -0.707106781187));
#13539 = ADVANCED_FACE('',(#13540),#13558,.T.);
#13540 = FACE_BOUND('',#13541,.T.);
#13541 = EDGE_LOOP('',(#13542,#13550,#13551,#13552));
#13542 = ORIENTED_EDGE('',*,*,#13543,.T.);
#13543 = EDGE_CURVE('',#13544,#1074,#13546,.T.);
#13544 = VERTEX_POINT('',#13545);
#13545 = CARTESIAN_POINT('',(64.484551580639,-153.0943824537,
    -429.9226602656));
#13546 = LINE('',#13547,#13548);
#13547 = CARTESIAN_POINT('',(64.484551580639,-153.0943824537,
    -429.9226602656));
#13548 = VECTOR('',#13549,1.);
#13549 = DIRECTION('',(-0.707106781188,-0.707106781186,
    3.666165891021E-14));
#13550 = ORIENTED_EDGE('',*,*,#1073,.T.);
#13551 = ORIENTED_EDGE('',*,*,#13519,.F.);
#13552 = ORIENTED_EDGE('',*,*,#13553,.T.);
#13553 = EDGE_CURVE('',#13520,#13544,#13554,.T.);
#13554 = LINE('',#13555,#13556);
#13555 = CARTESIAN_POINT('',(64.484551580639,-153.0943824537,
    -401.9475066288));
#13556 = VECTOR('',#13557,1.);
#13557 = DIRECTION('',(-3.410138409333E-15,5.200354036283E-14,1.));
#13558 = PLANE('',#13559);
#13559 = AXIS2_PLACEMENT_3D('',#13560,#13561,#13562);
#13560 = CARTESIAN_POINT('',(64.234551580639,-153.3443824537,
    -401.9475066288));
#13561 = DIRECTION('',(0.707106781186,-0.707106781188,3.918338803034E-14
    ));
#13562 = DIRECTION('',(-0.707106781188,-0.707106781186,
    3.666165891021E-14));
#13563 = ADVANCED_FACE('',(#13564),#13576,.F.);
#13564 = FACE_BOUND('',#13565,.F.);
#13565 = EDGE_LOOP('',(#13566,#13567,#13568,#13575));
#13566 = ORIENTED_EDGE('',*,*,#1081,.F.);
#13567 = ORIENTED_EDGE('',*,*,#13414,.T.);
#13568 = ORIENTED_EDGE('',*,*,#13569,.F.);
#13569 = EDGE_CURVE('',#13544,#11555,#13570,.T.);
#13570 = CIRCLE('',#13571,2.);
#13571 = AXIS2_PLACEMENT_3D('',#13572,#13573,#13574);
#13572 = CARTESIAN_POINT('',(66.484551580639,-153.0943824537,
    -429.9226602656));
#13573 = DIRECTION('',(-1.478095660195E-29,1.,-5.200354036283E-14));
#13574 = DIRECTION('',(-0.707106781187,3.677205603627E-14,0.707106781187
    ));
#13575 = ORIENTED_EDGE('',*,*,#13543,.T.);
#13576 = CONICAL_SURFACE('',#13577,2.25,0.785398163397);
#13577 = AXIS2_PLACEMENT_3D('',#13578,#13579,#13580);
#13578 = CARTESIAN_POINT('',(66.484551580639,-153.3443824537,
    -429.9226602656));
#13579 = DIRECTION('',(-5.756219417785E-30,-1.,5.195843755246E-14));
#13580 = DIRECTION('',(-0.707106781187,3.67401635332E-14,0.707106781187)
  );
#13581 = ADVANCED_FACE('',(#13582),#13593,.F.);
#13582 = FACE_BOUND('',#13583,.F.);
#13583 = EDGE_LOOP('',(#13584,#13585,#13586,#13592));
#13584 = ORIENTED_EDGE('',*,*,#11610,.F.);
#13585 = ORIENTED_EDGE('',*,*,#11221,.F.);
#13586 = ORIENTED_EDGE('',*,*,#13587,.F.);
#13587 = EDGE_CURVE('',#13455,#11222,#13588,.T.);
#13588 = LINE('',#13589,#13590);
#13589 = CARTESIAN_POINT('',(86.984551580639,-159.5943824537,
    -436.7226602656));
#13590 = VECTOR('',#13591,1.);
#13591 = DIRECTION('',(5.756219417785E-30,1.,-5.195843755246E-14));
#13592 = ORIENTED_EDGE('',*,*,#13485,.T.);
#13593 = CYLINDRICAL_SURFACE('',#13594,2.);
#13594 = AXIS2_PLACEMENT_3D('',#13595,#13596,#13597);
#13595 = CARTESIAN_POINT('',(84.984551580639,-159.5943824537,
    -436.7226602656));
#13596 = DIRECTION('',(5.756219417785E-30,1.,-5.195843755246E-14));
#13597 = DIRECTION('',(0.707106781187,-3.67401635332E-14,-0.707106781187
    ));
#13598 = ADVANCED_FACE('',(#13599),#13610,.F.);
#13599 = FACE_BOUND('',#13600,.T.);
#13600 = EDGE_LOOP('',(#13601,#13602,#13608,#13609));
#13601 = ORIENTED_EDGE('',*,*,#13464,.F.);
#13602 = ORIENTED_EDGE('',*,*,#13603,.F.);
#13603 = EDGE_CURVE('',#11231,#13431,#13604,.T.);
#13604 = LINE('',#13605,#13606);
#13605 = CARTESIAN_POINT('',(86.984551580639,-159.5943824537,
    -429.9226602656));
#13606 = VECTOR('',#13607,1.);
#13607 = DIRECTION('',(-5.756219417785E-30,-1.,5.195843755246E-14));
#13608 = ORIENTED_EDGE('',*,*,#11230,.T.);
#13609 = ORIENTED_EDGE('',*,*,#13587,.F.);
#13610 = PLANE('',#13611);
#13611 = AXIS2_PLACEMENT_3D('',#13612,#13613,#13614);
#13612 = CARTESIAN_POINT('',(86.984551580639,-159.5943824537,
    -353.2976602656));
#13613 = DIRECTION('',(1.,-1.959209087103E-28,-3.659938563404E-15));
#13614 = DIRECTION('',(-3.659938563404E-15,-5.195843755246E-14,-1.));
#13615 = ADVANCED_FACE('',(#13616),#13622,.F.);
#13616 = FACE_BOUND('',#13617,.F.);
#13617 = EDGE_LOOP('',(#13618,#13619,#13620,#13621));
#13618 = ORIENTED_EDGE('',*,*,#13603,.F.);
#13619 = ORIENTED_EDGE('',*,*,#11238,.F.);
#13620 = ORIENTED_EDGE('',*,*,#11546,.F.);
#13621 = ORIENTED_EDGE('',*,*,#13438,.T.);
#13622 = CYLINDRICAL_SURFACE('',#13623,2.);
#13623 = AXIS2_PLACEMENT_3D('',#13624,#13625,#13626);
#13624 = CARTESIAN_POINT('',(84.984551580639,-159.5943824537,
    -429.9226602656));
#13625 = DIRECTION('',(-5.756219417785E-30,-1.,5.195843755246E-14));
#13626 = DIRECTION('',(0.707106781187,3.67401635332E-14,0.707106781187)
  );
#13627 = ADVANCED_FACE('',(#13628),#13644,.T.);
#13628 = FACE_BOUND('',#13629,.T.);
#13629 = EDGE_LOOP('',(#13630,#13636,#13637,#13643));
#13630 = ORIENTED_EDGE('',*,*,#13631,.T.);
#13631 = EDGE_CURVE('',#11499,#1649,#13632,.T.);
#13632 = LINE('',#13633,#13634);
#13633 = CARTESIAN_POINT('',(84.984551580639,-153.0943824537,
    -402.9226602656));
#13634 = VECTOR('',#13635,1.);
#13635 = DIRECTION('',(1.091214258786E-14,-0.707106781186,0.707106781187
    ));
#13636 = ORIENTED_EDGE('',*,*,#1648,.T.);
#13637 = ORIENTED_EDGE('',*,*,#13638,.T.);
#13638 = EDGE_CURVE('',#1651,#11507,#13639,.T.);
#13639 = LINE('',#13640,#13641);
#13640 = CARTESIAN_POINT('',(66.484551580639,-153.5943824537,
    -402.4226602656));
#13641 = VECTOR('',#13642,1.);
#13642 = DIRECTION('',(6.358874457676E-15,0.707106781186,-0.707106781187
    ));
#13643 = ORIENTED_EDGE('',*,*,#11506,.T.);
#13644 = PLANE('',#13645);
#13645 = AXIS2_PLACEMENT_3D('',#13646,#13647,#13648);
#13646 = CARTESIAN_POINT('',(169.59066726735,-153.3443824537,
    -402.6726602656));
#13647 = DIRECTION('',(-8.831769144237E-17,-0.707106781187,
    -0.707106781186));
#13648 = DIRECTION('',(-1.,2.359223794974E-16,-1.110223024625E-16));
#13649 = ADVANCED_FACE('',(#13650),#13669,.F.);
#13650 = FACE_BOUND('',#13651,.F.);
#13651 = EDGE_LOOP('',(#13652,#13653,#13661,#13668));
#13652 = ORIENTED_EDGE('',*,*,#1658,.F.);
#13653 = ORIENTED_EDGE('',*,*,#13654,.F.);
#13654 = EDGE_CURVE('',#13655,#1659,#13657,.T.);
#13655 = VERTEX_POINT('',#13656);
#13656 = CARTESIAN_POINT('',(86.984551580639,-153.0943824537,
    -404.9226602656));
#13657 = LINE('',#13658,#13659);
#13658 = CARTESIAN_POINT('',(86.984551580639,-153.0943824537,
    -404.9226602656));
#13659 = VECTOR('',#13660,1.);
#13660 = DIRECTION('',(0.707106781187,-0.707106781187,3.681866815613E-14
    ));
#13661 = ORIENTED_EDGE('',*,*,#13662,.F.);
#13662 = EDGE_CURVE('',#11499,#13655,#13663,.T.);
#13663 = CIRCLE('',#13664,2.);
#13664 = AXIS2_PLACEMENT_3D('',#13665,#13666,#13667);
#13665 = CARTESIAN_POINT('',(84.984551580639,-153.0943824537,
    -404.9226602656));
#13666 = DIRECTION('',(-1.51435806674E-29,1.,-5.200354036283E-14));
#13667 = DIRECTION('',(0.707106781187,3.677205603627E-14,0.707106781187)
  );
#13668 = ORIENTED_EDGE('',*,*,#13631,.T.);
#13669 = CONICAL_SURFACE('',#13670,2.25,0.785398163397);
#13670 = AXIS2_PLACEMENT_3D('',#13671,#13672,#13673);
#13671 = CARTESIAN_POINT('',(84.984551580639,-153.3443824537,
    -404.9226602656));
#13672 = DIRECTION('',(-5.756219417785E-30,-1.,5.195843755246E-14));
#13673 = DIRECTION('',(0.707106781187,3.67401635332E-14,0.707106781187)
  );
#13674 = ADVANCED_FACE('',(#13675),#13693,.T.);
#13675 = FACE_BOUND('',#13676,.T.);
#13676 = EDGE_LOOP('',(#13677,#13685,#13686,#13687));
#13677 = ORIENTED_EDGE('',*,*,#13678,.T.);
#13678 = EDGE_CURVE('',#13679,#1668,#13681,.T.);
#13679 = VERTEX_POINT('',#13680);
#13680 = CARTESIAN_POINT('',(86.984551580639,-153.0943824537,
    -411.7226602656));
#13681 = LINE('',#13682,#13683);
#13682 = CARTESIAN_POINT('',(86.984551580639,-153.0943824537,
    -411.7226602656));
#13683 = VECTOR('',#13684,1.);
#13684 = DIRECTION('',(0.707106781187,-0.707106781186,3.681866815609E-14
    ));
#13685 = ORIENTED_EDGE('',*,*,#1667,.T.);
#13686 = ORIENTED_EDGE('',*,*,#13654,.F.);
#13687 = ORIENTED_EDGE('',*,*,#13688,.T.);
#13688 = EDGE_CURVE('',#13655,#13679,#13689,.T.);
#13689 = LINE('',#13690,#13691);
#13690 = CARTESIAN_POINT('',(86.984551580639,-153.0943824537,
    -396.9225066288));
#13691 = VECTOR('',#13692,1.);
#13692 = DIRECTION('',(-3.659938563404E-15,-5.200354036283E-14,-1.));
#13693 = PLANE('',#13694);
#13694 = AXIS2_PLACEMENT_3D('',#13695,#13696,#13697);
#13695 = CARTESIAN_POINT('',(87.234551580639,-153.3443824537,
    -396.9225066288));
#13696 = DIRECTION('',(-0.707106781186,-0.707106781187,
    3.936002341322E-14));
#13697 = DIRECTION('',(-0.707106781187,0.707106781186,
    -3.681866815609E-14));
#13698 = ADVANCED_FACE('',(#13699),#13716,.F.);
#13699 = FACE_BOUND('',#13700,.F.);
#13700 = EDGE_LOOP('',(#13701,#13702,#13708,#13715));
#13701 = ORIENTED_EDGE('',*,*,#1675,.F.);
#13702 = ORIENTED_EDGE('',*,*,#13703,.F.);
#13703 = EDGE_CURVE('',#11651,#1676,#13704,.T.);
#13704 = LINE('',#13705,#13706);
#13705 = CARTESIAN_POINT('',(84.984551580639,-153.0943824537,
    -413.7226602656));
#13706 = VECTOR('',#13707,1.);
#13707 = DIRECTION('',(7.850462293418E-17,-0.707106781187,
    -0.707106781187));
#13708 = ORIENTED_EDGE('',*,*,#13709,.F.);
#13709 = EDGE_CURVE('',#13679,#11651,#13710,.T.);
#13710 = CIRCLE('',#13711,2.);
#13711 = AXIS2_PLACEMENT_3D('',#13712,#13713,#13714);
#13712 = CARTESIAN_POINT('',(84.984551580639,-153.0943824537,
    -411.7226602656));
#13713 = DIRECTION('',(-1.478095660195E-29,1.,-5.200354036283E-14));
#13714 = DIRECTION('',(0.707106781187,-3.677205603627E-14,
    -0.707106781187));
#13715 = ORIENTED_EDGE('',*,*,#13678,.T.);
#13716 = CONICAL_SURFACE('',#13717,2.25,0.785398163397);
#13717 = AXIS2_PLACEMENT_3D('',#13718,#13719,#13720);
#13718 = CARTESIAN_POINT('',(84.984551580639,-153.3443824537,
    -411.7226602656));
#13719 = DIRECTION('',(-5.756219417785E-30,-1.,5.195843755246E-14));
#13720 = DIRECTION('',(0.707106781187,-3.67401635332E-14,-0.707106781187
    ));
#13721 = ADVANCED_FACE('',(#13722),#13733,.T.);
#13722 = FACE_BOUND('',#13723,.T.);
#13723 = EDGE_LOOP('',(#13724,#13730,#13731,#13732));
#13724 = ORIENTED_EDGE('',*,*,#13725,.T.);
#13725 = EDGE_CURVE('',#11643,#1685,#13726,.T.);
#13726 = LINE('',#13727,#13728);
#13727 = CARTESIAN_POINT('',(66.484551580639,-153.0943824537,
    -413.7226602656));
#13728 = VECTOR('',#13729,1.);
#13729 = DIRECTION('',(7.850462293427E-17,-0.707106781186,
    -0.707106781187));
#13730 = ORIENTED_EDGE('',*,*,#1684,.T.);
#13731 = ORIENTED_EDGE('',*,*,#13703,.F.);
#13732 = ORIENTED_EDGE('',*,*,#11650,.T.);
#13733 = PLANE('',#13734);
#13734 = AXIS2_PLACEMENT_3D('',#13735,#13736,#13737);
#13735 = CARTESIAN_POINT('',(178.84066726735,-153.3443824537,
    -413.9726602656));
#13736 = DIRECTION('',(8.83176914424E-17,-0.707106781187,0.707106781186)
  );
#13737 = DIRECTION('',(-1.,-2.359223794975E-16,-1.110223024625E-16));
#13738 = ADVANCED_FACE('',(#13739),#13758,.F.);
#13739 = FACE_BOUND('',#13740,.F.);
#13740 = EDGE_LOOP('',(#13741,#13742,#13750,#13757));
#13741 = ORIENTED_EDGE('',*,*,#1692,.F.);
#13742 = ORIENTED_EDGE('',*,*,#13743,.F.);
#13743 = EDGE_CURVE('',#13744,#1693,#13746,.T.);
#13744 = VERTEX_POINT('',#13745);
#13745 = CARTESIAN_POINT('',(64.484551580639,-153.0943824537,
    -411.7226602656));
#13746 = LINE('',#13747,#13748);
#13747 = CARTESIAN_POINT('',(64.484551580639,-153.0943824537,
    -411.7226602656));
#13748 = VECTOR('',#13749,1.);
#13749 = DIRECTION('',(-0.707106781187,-0.707106781187,
    3.666165891027E-14));
#13750 = ORIENTED_EDGE('',*,*,#13751,.F.);
#13751 = EDGE_CURVE('',#11643,#13744,#13752,.T.);
#13752 = CIRCLE('',#13753,2.);
#13753 = AXIS2_PLACEMENT_3D('',#13754,#13755,#13756);
#13754 = CARTESIAN_POINT('',(66.484551580639,-153.0943824537,
    -411.7226602656));
#13755 = DIRECTION('',(-1.51435806674E-29,1.,-5.200354036283E-14));
#13756 = DIRECTION('',(-0.707106781187,-3.677205603627E-14,
    -0.707106781187));
#13757 = ORIENTED_EDGE('',*,*,#13725,.T.);
#13758 = CONICAL_SURFACE('',#13759,2.25,0.785398163397);
#13759 = AXIS2_PLACEMENT_3D('',#13760,#13761,#13762);
#13760 = CARTESIAN_POINT('',(66.484551580639,-153.3443824537,
    -411.7226602656));
#13761 = DIRECTION('',(-5.756219417785E-30,-1.,5.195843755246E-14));
#13762 = DIRECTION('',(-0.707106781187,-3.67401635332E-14,
    -0.707106781187));
#13763 = ADVANCED_FACE('',(#13764),#13782,.T.);
#13764 = FACE_BOUND('',#13765,.T.);
#13765 = EDGE_LOOP('',(#13766,#13774,#13775,#13776));
#13766 = ORIENTED_EDGE('',*,*,#13767,.T.);
#13767 = EDGE_CURVE('',#13768,#1702,#13770,.T.);
#13768 = VERTEX_POINT('',#13769);
#13769 = CARTESIAN_POINT('',(64.484551580639,-153.0943824537,
    -404.9226602656));
#13770 = LINE('',#13771,#13772);
#13771 = CARTESIAN_POINT('',(64.484551580639,-153.0943824537,
    -404.9226602656));
#13772 = VECTOR('',#13773,1.);
#13773 = DIRECTION('',(-0.707106781187,-0.707106781186,
    3.666165891022E-14));
#13774 = ORIENTED_EDGE('',*,*,#1701,.T.);
#13775 = ORIENTED_EDGE('',*,*,#13743,.F.);
#13776 = ORIENTED_EDGE('',*,*,#13777,.T.);
#13777 = EDGE_CURVE('',#13744,#13768,#13778,.T.);
#13778 = LINE('',#13779,#13780);
#13779 = CARTESIAN_POINT('',(64.484551580639,-153.0943824537,
    -401.9475066288));
#13780 = VECTOR('',#13781,1.);
#13781 = DIRECTION('',(-3.410138409333E-15,5.200354036283E-14,1.));
#13782 = PLANE('',#13783);
#13783 = AXIS2_PLACEMENT_3D('',#13784,#13785,#13786);
#13784 = CARTESIAN_POINT('',(64.234551580639,-153.3443824537,
    -401.9475066288));
#13785 = DIRECTION('',(0.707106781186,-0.707106781187,3.918338803034E-14
    ));
#13786 = DIRECTION('',(-0.707106781187,-0.707106781186,
    3.666165891022E-14));
#13787 = ADVANCED_FACE('',(#13788),#13800,.F.);
#13788 = FACE_BOUND('',#13789,.F.);
#13789 = EDGE_LOOP('',(#13790,#13791,#13792,#13799));
#13790 = ORIENTED_EDGE('',*,*,#1709,.F.);
#13791 = ORIENTED_EDGE('',*,*,#13638,.T.);
#13792 = ORIENTED_EDGE('',*,*,#13793,.F.);
#13793 = EDGE_CURVE('',#13768,#11507,#13794,.T.);
#13794 = CIRCLE('',#13795,2.);
#13795 = AXIS2_PLACEMENT_3D('',#13796,#13797,#13798);
#13796 = CARTESIAN_POINT('',(66.484551580639,-153.0943824537,
    -404.9226602656));
#13797 = DIRECTION('',(-1.478095660195E-29,1.,-5.200354036283E-14));
#13798 = DIRECTION('',(-0.707106781187,3.677205603627E-14,0.707106781187
    ));
#13799 = ORIENTED_EDGE('',*,*,#13767,.T.);
#13800 = CONICAL_SURFACE('',#13801,2.25,0.785398163397);
#13801 = AXIS2_PLACEMENT_3D('',#13802,#13803,#13804);
#13802 = CARTESIAN_POINT('',(66.484551580639,-153.3443824537,
    -404.9226602656));
#13803 = DIRECTION('',(-5.756219417785E-30,-1.,5.195843755246E-14));
#13804 = DIRECTION('',(-0.707106781187,3.67401635332E-14,0.707106781187)
  );
#13805 = ADVANCED_FACE('',(#13806),#13817,.F.);
#13806 = FACE_BOUND('',#13807,.F.);
#13807 = EDGE_LOOP('',(#13808,#13809,#13810,#13816));
#13808 = ORIENTED_EDGE('',*,*,#11658,.F.);
#13809 = ORIENTED_EDGE('',*,*,#11014,.F.);
#13810 = ORIENTED_EDGE('',*,*,#13811,.F.);
#13811 = EDGE_CURVE('',#13679,#11015,#13812,.T.);
#13812 = LINE('',#13813,#13814);
#13813 = CARTESIAN_POINT('',(86.984551580639,-159.5943824537,
    -411.7226602656));
#13814 = VECTOR('',#13815,1.);
#13815 = DIRECTION('',(5.756219417785E-30,1.,-5.195843755246E-14));
#13816 = ORIENTED_EDGE('',*,*,#13709,.T.);
#13817 = CYLINDRICAL_SURFACE('',#13818,2.);
#13818 = AXIS2_PLACEMENT_3D('',#13819,#13820,#13821);
#13819 = CARTESIAN_POINT('',(84.984551580639,-159.5943824537,
    -411.7226602656));
#13820 = DIRECTION('',(5.756219417785E-30,1.,-5.195843755246E-14));
#13821 = DIRECTION('',(0.707106781187,-3.67401635332E-14,-0.707106781187
    ));
#13822 = ADVANCED_FACE('',(#13823),#13834,.F.);
#13823 = FACE_BOUND('',#13824,.T.);
#13824 = EDGE_LOOP('',(#13825,#13826,#13832,#13833));
#13825 = ORIENTED_EDGE('',*,*,#13688,.F.);
#13826 = ORIENTED_EDGE('',*,*,#13827,.F.);
#13827 = EDGE_CURVE('',#11024,#13655,#13828,.T.);
#13828 = LINE('',#13829,#13830);
#13829 = CARTESIAN_POINT('',(86.984551580639,-159.5943824537,
    -404.9226602656));
#13830 = VECTOR('',#13831,1.);
#13831 = DIRECTION('',(-5.756219417785E-30,-1.,5.195843755246E-14));
#13832 = ORIENTED_EDGE('',*,*,#11023,.T.);
#13833 = ORIENTED_EDGE('',*,*,#13811,.F.);
#13834 = PLANE('',#13835);
#13835 = AXIS2_PLACEMENT_3D('',#13836,#13837,#13838);
#13836 = CARTESIAN_POINT('',(86.984551580639,-159.5943824537,
    -353.2976602656));
#13837 = DIRECTION('',(1.,-1.959209087103E-28,-3.659938563404E-15));
#13838 = DIRECTION('',(-3.659938563404E-15,-5.195843755246E-14,-1.));
#13839 = ADVANCED_FACE('',(#13840),#13846,.F.);
#13840 = FACE_BOUND('',#13841,.F.);
#13841 = EDGE_LOOP('',(#13842,#13843,#13844,#13845));
#13842 = ORIENTED_EDGE('',*,*,#13827,.F.);
#13843 = ORIENTED_EDGE('',*,*,#11031,.F.);
#13844 = ORIENTED_EDGE('',*,*,#11498,.F.);
#13845 = ORIENTED_EDGE('',*,*,#13662,.T.);
#13846 = CYLINDRICAL_SURFACE('',#13847,2.);
#13847 = AXIS2_PLACEMENT_3D('',#13848,#13849,#13850);
#13848 = CARTESIAN_POINT('',(84.984551580639,-159.5943824537,
    -404.9226602656));
#13849 = DIRECTION('',(-5.756219417785E-30,-1.,5.195843755246E-14));
#13850 = DIRECTION('',(0.707106781187,3.67401635332E-14,0.707106781187)
  );
#13851 = ADVANCED_FACE('',(#13852),#13868,.T.);
#13852 = FACE_BOUND('',#13853,.T.);
#13853 = EDGE_LOOP('',(#13854,#13860,#13861,#13867));
#13854 = ORIENTED_EDGE('',*,*,#13855,.T.);
#13855 = EDGE_CURVE('',#11739,#1091,#13856,.T.);
#13856 = LINE('',#13857,#13858);
#13857 = CARTESIAN_POINT('',(84.984551580639,-153.0943824537,
    -377.9226602656));
#13858 = VECTOR('',#13859,1.);
#13859 = DIRECTION('',(3.061680294437E-15,-0.707106781186,0.707106781187
    ));
#13860 = ORIENTED_EDGE('',*,*,#1090,.T.);
#13861 = ORIENTED_EDGE('',*,*,#13862,.T.);
#13862 = EDGE_CURVE('',#1093,#11747,#13863,.T.);
#13863 = LINE('',#13864,#13865);
#13864 = CARTESIAN_POINT('',(66.484551580639,-153.5943824537,
    -377.4226602656));
#13865 = VECTOR('',#13866,1.);
#13866 = DIRECTION('',(1.263924429242E-14,0.707106781186,-0.707106781187
    ));
#13867 = ORIENTED_EDGE('',*,*,#11746,.T.);
#13868 = PLANE('',#13869);
#13869 = AXIS2_PLACEMENT_3D('',#13870,#13871,#13872);
#13870 = CARTESIAN_POINT('',(169.59066726735,-153.3443824537,
    -377.6726602656));
#13871 = DIRECTION('',(-8.831769144237E-17,-0.707106781187,
    -0.707106781186));
#13872 = DIRECTION('',(-1.,2.359223794974E-16,-1.110223024625E-16));
#13873 = ADVANCED_FACE('',(#13874),#13893,.F.);
#13874 = FACE_BOUND('',#13875,.F.);
#13875 = EDGE_LOOP('',(#13876,#13877,#13885,#13892));
#13876 = ORIENTED_EDGE('',*,*,#1100,.F.);
#13877 = ORIENTED_EDGE('',*,*,#13878,.F.);
#13878 = EDGE_CURVE('',#13879,#1101,#13881,.T.);
#13879 = VERTEX_POINT('',#13880);
#13880 = CARTESIAN_POINT('',(86.984551580639,-153.0943824537,
    -379.9226602656));
#13881 = LINE('',#13882,#13883);
#13882 = CARTESIAN_POINT('',(86.984551580639,-153.0943824537,
    -379.9226602656));
#13883 = VECTOR('',#13884,1.);
#13884 = DIRECTION('',(0.707106781187,-0.707106781187,3.681866815613E-14
    ));
#13885 = ORIENTED_EDGE('',*,*,#13886,.F.);
#13886 = EDGE_CURVE('',#11739,#13879,#13887,.T.);
#13887 = CIRCLE('',#13888,2.);
#13888 = AXIS2_PLACEMENT_3D('',#13889,#13890,#13891);
#13889 = CARTESIAN_POINT('',(84.984551580639,-153.0943824537,
    -379.9226602656));
#13890 = DIRECTION('',(-1.637250339029E-29,1.,-5.200354036283E-14));
#13891 = DIRECTION('',(0.707106781187,3.677205603627E-14,0.707106781187)
  );
#13892 = ORIENTED_EDGE('',*,*,#13855,.T.);
#13893 = CONICAL_SURFACE('',#13894,2.25,0.785398163397);
#13894 = AXIS2_PLACEMENT_3D('',#13895,#13896,#13897);
#13895 = CARTESIAN_POINT('',(84.984551580639,-153.3443824537,
    -379.9226602656));
#13896 = DIRECTION('',(-5.756219417785E-30,-1.,5.195843755246E-14));
#13897 = DIRECTION('',(0.707106781187,3.67401635332E-14,0.707106781187)
  );
#13898 = ADVANCED_FACE('',(#13899),#13917,.T.);
#13899 = FACE_BOUND('',#13900,.T.);
#13900 = EDGE_LOOP('',(#13901,#13909,#13910,#13911));
#13901 = ORIENTED_EDGE('',*,*,#13902,.T.);
#13902 = EDGE_CURVE('',#13903,#1110,#13905,.T.);
#13903 = VERTEX_POINT('',#13904);
#13904 = CARTESIAN_POINT('',(86.984551580639,-153.0943824537,
    -386.7226602656));
#13905 = LINE('',#13906,#13907);
#13906 = CARTESIAN_POINT('',(86.984551580639,-153.0943824537,
    -386.7226602656));
#13907 = VECTOR('',#13908,1.);
#13908 = DIRECTION('',(0.707106781187,-0.707106781186,3.681866815609E-14
    ));
#13909 = ORIENTED_EDGE('',*,*,#1109,.T.);
#13910 = ORIENTED_EDGE('',*,*,#13878,.F.);
#13911 = ORIENTED_EDGE('',*,*,#13912,.T.);
#13912 = EDGE_CURVE('',#13879,#13903,#13913,.T.);
#13913 = LINE('',#13914,#13915);
#13914 = CARTESIAN_POINT('',(86.984551580639,-153.0943824537,
    -396.9225066288));
#13915 = VECTOR('',#13916,1.);
#13916 = DIRECTION('',(-3.659938563404E-15,-5.200354036283E-14,-1.));
#13917 = PLANE('',#13918);
#13918 = AXIS2_PLACEMENT_3D('',#13919,#13920,#13921);
#13919 = CARTESIAN_POINT('',(87.234551580639,-153.3443824537,
    -396.9225066288));
#13920 = DIRECTION('',(-0.707106781186,-0.707106781187,
    3.936002341322E-14));
#13921 = DIRECTION('',(-0.707106781187,0.707106781186,
    -3.681866815609E-14));
#13922 = ADVANCED_FACE('',(#13923),#13940,.F.);
#13923 = FACE_BOUND('',#13924,.F.);
#13924 = EDGE_LOOP('',(#13925,#13926,#13932,#13939));
#13925 = ORIENTED_EDGE('',*,*,#1117,.F.);
#13926 = ORIENTED_EDGE('',*,*,#13927,.F.);
#13927 = EDGE_CURVE('',#11699,#1118,#13928,.T.);
#13928 = LINE('',#13929,#13930);
#13929 = CARTESIAN_POINT('',(84.984551580639,-153.0943824537,
    -388.7226602656));
#13930 = VECTOR('',#13931,1.);
#13931 = DIRECTION('',(7.850462293418E-17,-0.707106781187,
    -0.707106781186));
#13932 = ORIENTED_EDGE('',*,*,#13933,.F.);
#13933 = EDGE_CURVE('',#13903,#11699,#13934,.T.);
#13934 = CIRCLE('',#13935,2.);
#13935 = AXIS2_PLACEMENT_3D('',#13936,#13937,#13938);
#13936 = CARTESIAN_POINT('',(84.984551580639,-153.0943824537,
    -386.7226602656));
#13937 = DIRECTION('',(-1.478095660195E-29,1.,-5.200354036283E-14));
#13938 = DIRECTION('',(0.707106781187,-3.677205603627E-14,
    -0.707106781187));
#13939 = ORIENTED_EDGE('',*,*,#13902,.T.);
#13940 = CONICAL_SURFACE('',#13941,2.25,0.785398163397);
#13941 = AXIS2_PLACEMENT_3D('',#13942,#13943,#13944);
#13942 = CARTESIAN_POINT('',(84.984551580639,-153.3443824537,
    -386.7226602656));
#13943 = DIRECTION('',(-5.756219417785E-30,-1.,5.195843755246E-14));
#13944 = DIRECTION('',(0.707106781187,-3.67401635332E-14,-0.707106781187
    ));
#13945 = ADVANCED_FACE('',(#13946),#13957,.T.);
#13946 = FACE_BOUND('',#13947,.T.);
#13947 = EDGE_LOOP('',(#13948,#13954,#13955,#13956));
#13948 = ORIENTED_EDGE('',*,*,#13949,.T.);
#13949 = EDGE_CURVE('',#11691,#1127,#13950,.T.);
#13950 = LINE('',#13951,#13952);
#13951 = CARTESIAN_POINT('',(66.484551580639,-153.0943824537,
    -388.7226602656));
#13952 = VECTOR('',#13953,1.);
#13953 = DIRECTION('',(-6.201865211808E-15,-0.707106781186,
    -0.707106781187));
#13954 = ORIENTED_EDGE('',*,*,#1126,.T.);
#13955 = ORIENTED_EDGE('',*,*,#13927,.F.);
#13956 = ORIENTED_EDGE('',*,*,#11698,.T.);
#13957 = PLANE('',#13958);
#13958 = AXIS2_PLACEMENT_3D('',#13959,#13960,#13961);
#13959 = CARTESIAN_POINT('',(178.84066726735,-153.3443824537,
    -388.9726602656));
#13960 = DIRECTION('',(8.83176914424E-17,-0.707106781187,0.707106781186)
  );
#13961 = DIRECTION('',(-1.,-2.359223794975E-16,-1.110223024625E-16));
#13962 = ADVANCED_FACE('',(#13963),#13982,.F.);
#13963 = FACE_BOUND('',#13964,.F.);
#13964 = EDGE_LOOP('',(#13965,#13966,#13974,#13981));
#13965 = ORIENTED_EDGE('',*,*,#1134,.F.);
#13966 = ORIENTED_EDGE('',*,*,#13967,.F.);
#13967 = EDGE_CURVE('',#13968,#1135,#13970,.T.);
#13968 = VERTEX_POINT('',#13969);
#13969 = CARTESIAN_POINT('',(64.484551580639,-153.0943824537,
    -386.7226602656));
#13970 = LINE('',#13971,#13972);
#13971 = CARTESIAN_POINT('',(64.484551580639,-153.0943824537,
    -386.7226602656));
#13972 = VECTOR('',#13973,1.);
#13973 = DIRECTION('',(-0.707106781187,-0.707106781187,
    3.666165891027E-14));
#13974 = ORIENTED_EDGE('',*,*,#13975,.F.);
#13975 = EDGE_CURVE('',#11691,#13968,#13976,.T.);
#13976 = CIRCLE('',#13977,2.);
#13977 = AXIS2_PLACEMENT_3D('',#13978,#13979,#13980);
#13978 = CARTESIAN_POINT('',(66.484551580639,-153.0943824537,
    -386.7226602656));
#13979 = DIRECTION('',(-1.51435806674E-29,1.,-5.200354036283E-14));
#13980 = DIRECTION('',(-0.707106781187,-3.677205603627E-14,
    -0.707106781187));
#13981 = ORIENTED_EDGE('',*,*,#13949,.T.);
#13982 = CONICAL_SURFACE('',#13983,2.25,0.785398163397);
#13983 = AXIS2_PLACEMENT_3D('',#13984,#13985,#13986);
#13984 = CARTESIAN_POINT('',(66.484551580639,-153.3443824537,
    -386.7226602656));
#13985 = DIRECTION('',(-5.756219417785E-30,-1.,5.195843755246E-14));
#13986 = DIRECTION('',(-0.707106781187,-3.67401635332E-14,
    -0.707106781187));
#13987 = ADVANCED_FACE('',(#13988),#14006,.T.);
#13988 = FACE_BOUND('',#13989,.T.);
#13989 = EDGE_LOOP('',(#13990,#13998,#13999,#14000));
#13990 = ORIENTED_EDGE('',*,*,#13991,.T.);
#13991 = EDGE_CURVE('',#13992,#1144,#13994,.T.);
#13992 = VERTEX_POINT('',#13993);
#13993 = CARTESIAN_POINT('',(64.484551580639,-153.0943824537,
    -379.9226602656));
#13994 = LINE('',#13995,#13996);
#13995 = CARTESIAN_POINT('',(64.484551580639,-153.0943824537,
    -379.9226602656));
#13996 = VECTOR('',#13997,1.);
#13997 = DIRECTION('',(-0.707106781187,-0.707106781186,
    3.666165891022E-14));
#13998 = ORIENTED_EDGE('',*,*,#1143,.T.);
#13999 = ORIENTED_EDGE('',*,*,#13967,.F.);
#14000 = ORIENTED_EDGE('',*,*,#14001,.T.);
#14001 = EDGE_CURVE('',#13968,#13992,#14002,.T.);
#14002 = LINE('',#14003,#14004);
#14003 = CARTESIAN_POINT('',(64.484551580639,-153.0943824537,
    -401.9475066288));
#14004 = VECTOR('',#14005,1.);
#14005 = DIRECTION('',(-3.410138409333E-15,5.200354036283E-14,1.));
#14006 = PLANE('',#14007);
#14007 = AXIS2_PLACEMENT_3D('',#14008,#14009,#14010);
#14008 = CARTESIAN_POINT('',(64.234551580639,-153.3443824537,
    -401.9475066288));
#14009 = DIRECTION('',(0.707106781186,-0.707106781187,3.918338803033E-14
    ));
#14010 = DIRECTION('',(-0.707106781187,-0.707106781186,
    3.666165891022E-14));
#14011 = ADVANCED_FACE('',(#14012),#14024,.F.);
#14012 = FACE_BOUND('',#14013,.F.);
#14013 = EDGE_LOOP('',(#14014,#14015,#14016,#14023));
#14014 = ORIENTED_EDGE('',*,*,#1151,.F.);
#14015 = ORIENTED_EDGE('',*,*,#13862,.T.);
#14016 = ORIENTED_EDGE('',*,*,#14017,.F.);
#14017 = EDGE_CURVE('',#13992,#11747,#14018,.T.);
#14018 = CIRCLE('',#14019,2.);
#14019 = AXIS2_PLACEMENT_3D('',#14020,#14021,#14022);
#14020 = CARTESIAN_POINT('',(66.484551580639,-153.0943824537,
    -379.9226602656));
#14021 = DIRECTION('',(-1.478095660195E-29,1.,-5.200354036283E-14));
#14022 = DIRECTION('',(-0.707106781187,3.677205603627E-14,0.707106781187
    ));
#14023 = ORIENTED_EDGE('',*,*,#13991,.T.);
#14024 = CONICAL_SURFACE('',#14025,2.25,0.785398163397);
#14025 = AXIS2_PLACEMENT_3D('',#14026,#14027,#14028);
#14026 = CARTESIAN_POINT('',(66.484551580639,-153.3443824537,
    -379.9226602656));
#14027 = DIRECTION('',(-5.756219417785E-30,-1.,5.195843755246E-14));
#14028 = DIRECTION('',(-0.707106781187,3.67401635332E-14,0.707106781187)
  );
#14029 = ADVANCED_FACE('',(#14030),#14041,.F.);
#14030 = FACE_BOUND('',#14031,.F.);
#14031 = EDGE_LOOP('',(#14032,#14033,#14034,#14040));
#14032 = ORIENTED_EDGE('',*,*,#11706,.F.);
#14033 = ORIENTED_EDGE('',*,*,#10748,.F.);
#14034 = ORIENTED_EDGE('',*,*,#14035,.F.);
#14035 = EDGE_CURVE('',#13903,#10749,#14036,.T.);
#14036 = LINE('',#14037,#14038);
#14037 = CARTESIAN_POINT('',(86.984551580639,-159.5943824537,
    -386.7226602656));
#14038 = VECTOR('',#14039,1.);
#14039 = DIRECTION('',(5.756219417785E-30,1.,-5.195843755246E-14));
#14040 = ORIENTED_EDGE('',*,*,#13933,.T.);
#14041 = CYLINDRICAL_SURFACE('',#14042,2.);
#14042 = AXIS2_PLACEMENT_3D('',#14043,#14044,#14045);
#14043 = CARTESIAN_POINT('',(84.984551580639,-159.5943824537,
    -386.7226602656));
#14044 = DIRECTION('',(5.756219417785E-30,1.,-5.195843755246E-14));
#14045 = DIRECTION('',(0.707106781187,-3.67401635332E-14,-0.707106781187
    ));
#14046 = ADVANCED_FACE('',(#14047),#14058,.F.);
#14047 = FACE_BOUND('',#14048,.T.);
#14048 = EDGE_LOOP('',(#14049,#14050,#14056,#14057));
#14049 = ORIENTED_EDGE('',*,*,#13912,.F.);
#14050 = ORIENTED_EDGE('',*,*,#14051,.F.);
#14051 = EDGE_CURVE('',#10758,#13879,#14052,.T.);
#14052 = LINE('',#14053,#14054);
#14053 = CARTESIAN_POINT('',(86.984551580639,-159.5943824537,
    -379.9226602656));
#14054 = VECTOR('',#14055,1.);
#14055 = DIRECTION('',(-5.756219417785E-30,-1.,5.195843755246E-14));
#14056 = ORIENTED_EDGE('',*,*,#10757,.T.);
#14057 = ORIENTED_EDGE('',*,*,#14035,.F.);
#14058 = PLANE('',#14059);
#14059 = AXIS2_PLACEMENT_3D('',#14060,#14061,#14062);
#14060 = CARTESIAN_POINT('',(86.984551580639,-159.5943824537,
    -353.2976602656));
#14061 = DIRECTION('',(1.,-1.959209087103E-28,-3.659938563404E-15));
#14062 = DIRECTION('',(-3.659938563404E-15,-5.195843755246E-14,-1.));
#14063 = ADVANCED_FACE('',(#14064),#14070,.F.);
#14064 = FACE_BOUND('',#14065,.F.);
#14065 = EDGE_LOOP('',(#14066,#14067,#14068,#14069));
#14066 = ORIENTED_EDGE('',*,*,#14051,.F.);
#14067 = ORIENTED_EDGE('',*,*,#10765,.F.);
#14068 = ORIENTED_EDGE('',*,*,#11738,.F.);
#14069 = ORIENTED_EDGE('',*,*,#13886,.T.);
#14070 = CYLINDRICAL_SURFACE('',#14071,2.);
#14071 = AXIS2_PLACEMENT_3D('',#14072,#14073,#14074);
#14072 = CARTESIAN_POINT('',(84.984551580639,-159.5943824537,
    -379.9226602656));
#14073 = DIRECTION('',(-5.756219417785E-30,-1.,5.195843755246E-14));
#14074 = DIRECTION('',(0.707106781187,3.67401635332E-14,0.707106781187)
  );
#14075 = ADVANCED_FACE('',(#14076),#14092,.T.);
#14076 = FACE_BOUND('',#14077,.T.);
#14077 = EDGE_LOOP('',(#14078,#14084,#14085,#14091));
#14078 = ORIENTED_EDGE('',*,*,#14079,.T.);
#14079 = EDGE_CURVE('',#13378,#1579,#14080,.T.);
#14080 = LINE('',#14081,#14082);
#14081 = CARTESIAN_POINT('',(84.984551580639,-153.0943824537,
    -352.9226602656));
#14082 = VECTOR('',#14083,1.);
#14083 = DIRECTION('',(-3.218689540305E-15,-0.707106781186,
    0.707106781187));
#14084 = ORIENTED_EDGE('',*,*,#1578,.T.);
#14085 = ORIENTED_EDGE('',*,*,#14086,.T.);
#14086 = EDGE_CURVE('',#1581,#13386,#14087,.T.);
#14087 = LINE('',#14088,#14089);
#14088 = CARTESIAN_POINT('',(66.484551580639,-153.5943824537,
    -352.4226602656));
#14089 = VECTOR('',#14090,1.);
#14090 = DIRECTION('',(7.850462293428E-17,0.707106781186,-0.707106781187
    ));
#14091 = ORIENTED_EDGE('',*,*,#13385,.T.);
#14092 = PLANE('',#14093);
#14093 = AXIS2_PLACEMENT_3D('',#14094,#14095,#14096);
#14094 = CARTESIAN_POINT('',(169.59066726735,-153.3443824537,
    -352.6726602656));
#14095 = DIRECTION('',(-8.831769144237E-17,-0.707106781187,
    -0.707106781186));
#14096 = DIRECTION('',(-1.,2.359223794974E-16,-1.110223024625E-16));
#14097 = ADVANCED_FACE('',(#14098),#14117,.F.);
#14098 = FACE_BOUND('',#14099,.F.);
#14099 = EDGE_LOOP('',(#14100,#14101,#14109,#14116));
#14100 = ORIENTED_EDGE('',*,*,#1588,.F.);
#14101 = ORIENTED_EDGE('',*,*,#14102,.F.);
#14102 = EDGE_CURVE('',#14103,#1589,#14105,.T.);
#14103 = VERTEX_POINT('',#14104);
#14104 = CARTESIAN_POINT('',(86.984551580639,-153.0943824537,
    -354.9226602656));
#14105 = LINE('',#14106,#14107);
#14106 = CARTESIAN_POINT('',(86.984551580639,-153.0943824537,
    -354.9226602656));
#14107 = VECTOR('',#14108,1.);
#14108 = DIRECTION('',(0.707106781187,-0.707106781187,3.681866815613E-14
    ));
#14109 = ORIENTED_EDGE('',*,*,#14110,.F.);
#14110 = EDGE_CURVE('',#13378,#14103,#14111,.T.);
#14111 = CIRCLE('',#14112,2.);
#14112 = AXIS2_PLACEMENT_3D('',#14113,#14114,#14115);
#14113 = CARTESIAN_POINT('',(84.984551580639,-153.0943824537,
    -354.9226602656));
#14114 = DIRECTION('',(-1.651508103427E-29,1.,-5.200354036283E-14));
#14115 = DIRECTION('',(0.707106781187,3.677205603627E-14,0.707106781187)
  );
#14116 = ORIENTED_EDGE('',*,*,#14079,.T.);
#14117 = CONICAL_SURFACE('',#14118,2.25,0.785398163397);
#14118 = AXIS2_PLACEMENT_3D('',#14119,#14120,#14121);
#14119 = CARTESIAN_POINT('',(84.984551580639,-153.3443824537,
    -354.9226602656));
#14120 = DIRECTION('',(-5.756219417785E-30,-1.,5.195843755246E-14));
#14121 = DIRECTION('',(0.707106781187,3.67401635332E-14,0.707106781187)
  );
#14122 = ADVANCED_FACE('',(#14123),#14141,.T.);
#14123 = FACE_BOUND('',#14124,.T.);
#14124 = EDGE_LOOP('',(#14125,#14133,#14134,#14135));
#14125 = ORIENTED_EDGE('',*,*,#14126,.T.);
#14126 = EDGE_CURVE('',#14127,#1598,#14129,.T.);
#14127 = VERTEX_POINT('',#14128);
#14128 = CARTESIAN_POINT('',(86.984551580639,-153.0943824537,
    -361.7226602656));
#14129 = LINE('',#14130,#14131);
#14130 = CARTESIAN_POINT('',(86.984551580639,-153.0943824537,
    -361.7226602656));
#14131 = VECTOR('',#14132,1.);
#14132 = DIRECTION('',(0.707106781187,-0.707106781186,3.367848323872E-14
    ));
#14133 = ORIENTED_EDGE('',*,*,#1597,.T.);
#14134 = ORIENTED_EDGE('',*,*,#14102,.F.);
#14135 = ORIENTED_EDGE('',*,*,#14136,.T.);
#14136 = EDGE_CURVE('',#14103,#14127,#14137,.T.);
#14137 = LINE('',#14138,#14139);
#14138 = CARTESIAN_POINT('',(86.984551580639,-153.0943824537,
    -396.9225066288));
#14139 = VECTOR('',#14140,1.);
#14140 = DIRECTION('',(-3.659938563404E-15,-5.200354036283E-14,-1.));
#14141 = PLANE('',#14142);
#14142 = AXIS2_PLACEMENT_3D('',#14143,#14144,#14145);
#14143 = CARTESIAN_POINT('',(87.234551580639,-153.3443824537,
    -396.9225066288));
#14144 = DIRECTION('',(-0.707106781186,-0.707106781187,
    3.936002341322E-14));
#14145 = DIRECTION('',(-0.707106781187,0.707106781186,
    -3.681866815609E-14));
#14146 = ADVANCED_FACE('',(#14147),#14164,.F.);
#14147 = FACE_BOUND('',#14148,.F.);
#14148 = EDGE_LOOP('',(#14149,#14150,#14156,#14163));
#14149 = ORIENTED_EDGE('',*,*,#1605,.F.);
#14150 = ORIENTED_EDGE('',*,*,#14151,.F.);
#14151 = EDGE_CURVE('',#13343,#1606,#14152,.T.);
#14152 = LINE('',#14153,#14154);
#14153 = CARTESIAN_POINT('',(84.984551580639,-153.0943824537,
    -363.7226602656));
#14154 = VECTOR('',#14155,1.);
#14155 = DIRECTION('',(7.850462293418E-17,-0.707106781187,
    -0.707106781187));
#14156 = ORIENTED_EDGE('',*,*,#14157,.F.);
#14157 = EDGE_CURVE('',#14127,#13343,#14158,.T.);
#14158 = CIRCLE('',#14159,2.);
#14159 = AXIS2_PLACEMENT_3D('',#14160,#14161,#14162);
#14160 = CARTESIAN_POINT('',(84.984551580639,-153.0943824537,
    -361.7226602656));
#14161 = DIRECTION('',(-1.653814314063E-29,1.,-5.200354036283E-14));
#14162 = DIRECTION('',(0.707106781187,-3.677205603627E-14,
    -0.707106781187));
#14163 = ORIENTED_EDGE('',*,*,#14126,.T.);
#14164 = CONICAL_SURFACE('',#14165,2.25,0.785398163397);
#14165 = AXIS2_PLACEMENT_3D('',#14166,#14167,#14168);
#14166 = CARTESIAN_POINT('',(84.984551580639,-153.3443824537,
    -361.7226602656));
#14167 = DIRECTION('',(-5.756219417785E-30,-1.,5.195843755246E-14));
#14168 = DIRECTION('',(0.707106781187,-3.67401635332E-14,-0.707106781187
    ));
#14169 = ADVANCED_FACE('',(#14170),#14181,.T.);
#14170 = FACE_BOUND('',#14171,.T.);
#14171 = EDGE_LOOP('',(#14172,#14178,#14179,#14180));
#14172 = ORIENTED_EDGE('',*,*,#14173,.T.);
#14173 = EDGE_CURVE('',#13335,#1615,#14174,.T.);
#14174 = LINE('',#14175,#14176);
#14175 = CARTESIAN_POINT('',(66.484551580639,-153.0943824537,
    -363.7226602656));
#14176 = VECTOR('',#14177,1.);
#14177 = DIRECTION('',(6.358874457676E-15,-0.707106781186,
    -0.707106781187));
#14178 = ORIENTED_EDGE('',*,*,#1614,.T.);
#14179 = ORIENTED_EDGE('',*,*,#14151,.F.);
#14180 = ORIENTED_EDGE('',*,*,#13342,.T.);
#14181 = PLANE('',#14182);
#14182 = AXIS2_PLACEMENT_3D('',#14183,#14184,#14185);
#14183 = CARTESIAN_POINT('',(178.84066726735,-153.3443824537,
    -363.9726602656));
#14184 = DIRECTION('',(8.83176914424E-17,-0.707106781187,0.707106781186)
  );
#14185 = DIRECTION('',(-1.,-2.359223794974E-16,-1.110223024625E-16));
#14186 = ADVANCED_FACE('',(#14187),#14206,.F.);
#14187 = FACE_BOUND('',#14188,.F.);
#14188 = EDGE_LOOP('',(#14189,#14190,#14198,#14205));
#14189 = ORIENTED_EDGE('',*,*,#1622,.F.);
#14190 = ORIENTED_EDGE('',*,*,#14191,.F.);
#14191 = EDGE_CURVE('',#14192,#1623,#14194,.T.);
#14192 = VERTEX_POINT('',#14193);
#14193 = CARTESIAN_POINT('',(64.484551580639,-153.0943824537,
    -361.7226602656));
#14194 = LINE('',#14195,#14196);
#14195 = CARTESIAN_POINT('',(64.484551580639,-153.0943824537,
    -361.7226602656));
#14196 = VECTOR('',#14197,1.);
#14197 = DIRECTION('',(-0.707106781187,-0.707106781187,3.35214739929E-14
    ));
#14198 = ORIENTED_EDGE('',*,*,#14199,.F.);
#14199 = EDGE_CURVE('',#13335,#14192,#14200,.T.);
#14200 = CIRCLE('',#14201,2.);
#14201 = AXIS2_PLACEMENT_3D('',#14202,#14203,#14204);
#14202 = CARTESIAN_POINT('',(66.484551580639,-153.0943824537,
    -361.7226602656));
#14203 = DIRECTION('',(-1.562049637835E-29,1.,-5.200354036283E-14));
#14204 = DIRECTION('',(-0.707106781187,-3.677205603627E-14,
    -0.707106781187));
#14205 = ORIENTED_EDGE('',*,*,#14173,.T.);
#14206 = CONICAL_SURFACE('',#14207,2.25,0.785398163397);
#14207 = AXIS2_PLACEMENT_3D('',#14208,#14209,#14210);
#14208 = CARTESIAN_POINT('',(66.484551580639,-153.3443824537,
    -361.7226602656));
#14209 = DIRECTION('',(-5.756219417785E-30,-1.,5.195843755246E-14));
#14210 = DIRECTION('',(-0.707106781187,-3.67401635332E-14,
    -0.707106781187));
#14211 = ADVANCED_FACE('',(#14212),#14230,.T.);
#14212 = FACE_BOUND('',#14213,.T.);
#14213 = EDGE_LOOP('',(#14214,#14222,#14223,#14224));
#14214 = ORIENTED_EDGE('',*,*,#14215,.T.);
#14215 = EDGE_CURVE('',#14216,#1632,#14218,.T.);
#14216 = VERTEX_POINT('',#14217);
#14217 = CARTESIAN_POINT('',(64.484551580639,-153.0943824537,
    -354.9226602656));
#14218 = LINE('',#14219,#14220);
#14219 = CARTESIAN_POINT('',(64.484551580639,-153.0943824537,
    -354.9226602656));
#14220 = VECTOR('',#14221,1.);
#14221 = DIRECTION('',(-0.707106781187,-0.707106781186,
    3.352147399285E-14));
#14222 = ORIENTED_EDGE('',*,*,#1631,.T.);
#14223 = ORIENTED_EDGE('',*,*,#14191,.F.);
#14224 = ORIENTED_EDGE('',*,*,#14225,.T.);
#14225 = EDGE_CURVE('',#14192,#14216,#14226,.T.);
#14226 = LINE('',#14227,#14228);
#14227 = CARTESIAN_POINT('',(64.484551580639,-153.0943824537,
    -401.9475066288));
#14228 = VECTOR('',#14229,1.);
#14229 = DIRECTION('',(-3.410138409333E-15,5.200354036283E-14,1.));
#14230 = PLANE('',#14231);
#14231 = AXIS2_PLACEMENT_3D('',#14232,#14233,#14234);
#14232 = CARTESIAN_POINT('',(64.234551580639,-153.3443824537,
    -401.9475066288));
#14233 = DIRECTION('',(0.707106781186,-0.707106781187,3.918338803033E-14
    ));
#14234 = DIRECTION('',(-0.707106781187,-0.707106781186,
    3.666165891022E-14));
#14235 = ADVANCED_FACE('',(#14236),#14248,.F.);
#14236 = FACE_BOUND('',#14237,.F.);
#14237 = EDGE_LOOP('',(#14238,#14239,#14240,#14247));
#14238 = ORIENTED_EDGE('',*,*,#1639,.F.);
#14239 = ORIENTED_EDGE('',*,*,#14086,.T.);
#14240 = ORIENTED_EDGE('',*,*,#14241,.F.);
#14241 = EDGE_CURVE('',#14216,#13386,#14242,.T.);
#14242 = CIRCLE('',#14243,2.);
#14243 = AXIS2_PLACEMENT_3D('',#14244,#14245,#14246);
#14244 = CARTESIAN_POINT('',(66.484551580639,-153.0943824537,
    -354.9226602656));
#14245 = DIRECTION('',(-1.52578723129E-29,1.,-5.200354036283E-14));
#14246 = DIRECTION('',(-0.707106781187,3.677205603627E-14,0.707106781187
    ));
#14247 = ORIENTED_EDGE('',*,*,#14215,.T.);
#14248 = CONICAL_SURFACE('',#14249,2.25,0.785398163397);
#14249 = AXIS2_PLACEMENT_3D('',#14250,#14251,#14252);
#14250 = CARTESIAN_POINT('',(66.484551580639,-153.3443824537,
    -354.9226602656));
#14251 = DIRECTION('',(-5.756219417785E-30,-1.,5.195843755246E-14));
#14252 = DIRECTION('',(-0.707106781187,3.67401635332E-14,0.707106781187)
  );
#14253 = ADVANCED_FACE('',(#14254),#14265,.F.);
#14254 = FACE_BOUND('',#14255,.F.);
#14255 = EDGE_LOOP('',(#14256,#14257,#14258,#14264));
#14256 = ORIENTED_EDGE('',*,*,#13350,.F.);
#14257 = ORIENTED_EDGE('',*,*,#13143,.F.);
#14258 = ORIENTED_EDGE('',*,*,#14259,.F.);
#14259 = EDGE_CURVE('',#14127,#13144,#14260,.T.);
#14260 = LINE('',#14261,#14262);
#14261 = CARTESIAN_POINT('',(86.984551580639,-159.5943824537,
    -361.7226602656));
#14262 = VECTOR('',#14263,1.);
#14263 = DIRECTION('',(5.756219417785E-30,1.,-5.195843755246E-14));
#14264 = ORIENTED_EDGE('',*,*,#14157,.T.);
#14265 = CYLINDRICAL_SURFACE('',#14266,2.);
#14266 = AXIS2_PLACEMENT_3D('',#14267,#14268,#14269);
#14267 = CARTESIAN_POINT('',(84.984551580639,-159.5943824537,
    -361.7226602656));
#14268 = DIRECTION('',(-5.756219417785E-30,-1.,5.195843755246E-14));
#14269 = DIRECTION('',(0.707106781187,-3.67401635332E-14,-0.707106781187
    ));
#14270 = ADVANCED_FACE('',(#14271),#14282,.F.);
#14271 = FACE_BOUND('',#14272,.T.);
#14272 = EDGE_LOOP('',(#14273,#14274,#14280,#14281));
#14273 = ORIENTED_EDGE('',*,*,#14136,.F.);
#14274 = ORIENTED_EDGE('',*,*,#14275,.F.);
#14275 = EDGE_CURVE('',#13153,#14103,#14276,.T.);
#14276 = LINE('',#14277,#14278);
#14277 = CARTESIAN_POINT('',(86.984551580639,-159.5943824537,
    -354.9226602656));
#14278 = VECTOR('',#14279,1.);
#14279 = DIRECTION('',(-5.756219417785E-30,-1.,5.195843755246E-14));
#14280 = ORIENTED_EDGE('',*,*,#13152,.T.);
#14281 = ORIENTED_EDGE('',*,*,#14259,.F.);
#14282 = PLANE('',#14283);
#14283 = AXIS2_PLACEMENT_3D('',#14284,#14285,#14286);
#14284 = CARTESIAN_POINT('',(86.984551580639,-159.5943824537,
    -353.2976602656));
#14285 = DIRECTION('',(1.,-1.959209087103E-28,-3.659938563404E-15));
#14286 = DIRECTION('',(-3.659938563404E-15,-5.195843755246E-14,-1.));
#14287 = ADVANCED_FACE('',(#14288),#14294,.F.);
#14288 = FACE_BOUND('',#14289,.F.);
#14289 = EDGE_LOOP('',(#14290,#14291,#14292,#14293));
#14290 = ORIENTED_EDGE('',*,*,#14275,.F.);
#14291 = ORIENTED_EDGE('',*,*,#13160,.F.);
#14292 = ORIENTED_EDGE('',*,*,#13377,.F.);
#14293 = ORIENTED_EDGE('',*,*,#14110,.T.);
#14294 = CYLINDRICAL_SURFACE('',#14295,2.);
#14295 = AXIS2_PLACEMENT_3D('',#14296,#14297,#14298);
#14296 = CARTESIAN_POINT('',(84.984551580639,-159.5943824537,
    -354.9226602656));
#14297 = DIRECTION('',(-5.756219417785E-30,-1.,5.195843755246E-14));
#14298 = DIRECTION('',(0.707106781187,3.67401635332E-14,0.707106781187)
  );
#14299 = ADVANCED_FACE('',(#14300),#14325,.T.);
#14300 = FACE_BOUND('',#14301,.T.);
#14301 = EDGE_LOOP('',(#14302,#14310,#14311,#14319));
#14302 = ORIENTED_EDGE('',*,*,#14303,.T.);
#14303 = EDGE_CURVE('',#14304,#1161,#14306,.T.);
#14304 = VERTEX_POINT('',#14305);
#14305 = CARTESIAN_POINT('',(288.43978295406,-152.5943824537,
    -336.3970407982));
#14306 = LINE('',#14307,#14308);
#14307 = CARTESIAN_POINT('',(288.43978295406,-152.5943824537,
    -336.3970407982));
#14308 = VECTOR('',#14309,1.);
#14309 = DIRECTION('',(7.850462293423E-17,-0.707106781186,
    -0.707106781187));
#14310 = ORIENTED_EDGE('',*,*,#1160,.T.);
#14311 = ORIENTED_EDGE('',*,*,#14312,.T.);
#14312 = EDGE_CURVE('',#1163,#14313,#14315,.T.);
#14313 = VERTEX_POINT('',#14314);
#14314 = CARTESIAN_POINT('',(444.43978295406,-152.5943824537,
    -336.3970407982));
#14315 = LINE('',#14316,#14317);
#14316 = CARTESIAN_POINT('',(444.43978295406,-153.5943824537,
    -337.3970407982));
#14317 = VECTOR('',#14318,1.);
#14318 = DIRECTION('',(-7.850462293423E-17,0.707106781186,0.707106781187
    ));
#14319 = ORIENTED_EDGE('',*,*,#14320,.T.);
#14320 = EDGE_CURVE('',#14313,#14304,#14321,.T.);
#14321 = LINE('',#14322,#14323);
#14322 = CARTESIAN_POINT('',(354.58628295406,-152.5943824537,
    -336.3970407982));
#14323 = VECTOR('',#14324,1.);
#14324 = DIRECTION('',(-1.,-2.108155807776E-29,-4.924291309876E-17));
#14325 = PLANE('',#14326);
#14326 = AXIS2_PLACEMENT_3D('',#14327,#14328,#14329);
#14327 = CARTESIAN_POINT('',(354.58628295406,-153.0943824537,
    -336.8970407982));
#14328 = DIRECTION('',(-3.481999777748E-17,-0.707106781187,
    0.707106781186));
#14329 = DIRECTION('',(-1.,-6.177938936372E-17,-1.110223024625E-16));
#14330 = ADVANCED_FACE('',(#14331),#14350,.F.);
#14331 = FACE_BOUND('',#14332,.F.);
#14332 = EDGE_LOOP('',(#14333,#14334,#14342,#14349));
#14333 = ORIENTED_EDGE('',*,*,#1170,.F.);
#14334 = ORIENTED_EDGE('',*,*,#14335,.F.);
#14335 = EDGE_CURVE('',#14336,#1171,#14338,.T.);
#14336 = VERTEX_POINT('',#14337);
#14337 = CARTESIAN_POINT('',(286.43978295406,-152.5943824536,
    -334.3970407982));
#14338 = LINE('',#14339,#14340);
#14339 = CARTESIAN_POINT('',(286.43978295406,-152.5943824536,
    -334.3970407982));
#14340 = VECTOR('',#14341,1.);
#14341 = DIRECTION('',(-0.707106781187,-0.707106781187,
    3.666165891026E-14));
#14342 = ORIENTED_EDGE('',*,*,#14343,.F.);
#14343 = EDGE_CURVE('',#14304,#14336,#14344,.T.);
#14344 = CIRCLE('',#14345,2.);
#14345 = AXIS2_PLACEMENT_3D('',#14346,#14347,#14348);
#14346 = CARTESIAN_POINT('',(288.43978295406,-152.5943824536,
    -334.3970407982));
#14347 = DIRECTION('',(-1.753121995411E-29,1.,-5.200354036283E-14));
#14348 = DIRECTION('',(-0.707106781187,-3.677205603627E-14,
    -0.707106781187));
#14349 = ORIENTED_EDGE('',*,*,#14303,.T.);
#14350 = CONICAL_SURFACE('',#14351,2.5,0.785398163397);
#14351 = AXIS2_PLACEMENT_3D('',#14352,#14353,#14354);
#14352 = CARTESIAN_POINT('',(288.43978295406,-153.0943824536,
    -334.3970407982));
#14353 = DIRECTION('',(-5.756219417785E-30,-1.,5.195843755246E-14));
#14354 = DIRECTION('',(-0.707106781187,-3.67401635332E-14,
    -0.707106781187));
#14355 = ADVANCED_FACE('',(#14356),#14374,.T.);
#14356 = FACE_BOUND('',#14357,.T.);
#14357 = EDGE_LOOP('',(#14358,#14366,#14367,#14368));
#14358 = ORIENTED_EDGE('',*,*,#14359,.T.);
#14359 = EDGE_CURVE('',#14360,#1180,#14362,.T.);
#14360 = VERTEX_POINT('',#14361);
#14361 = CARTESIAN_POINT('',(286.43978295406,-152.5943824536,
    -292.0970407982));
#14362 = LINE('',#14363,#14364);
#14363 = CARTESIAN_POINT('',(286.43978295406,-152.5943824536,
    -292.0970407982));
#14364 = VECTOR('',#14365,1.);
#14365 = DIRECTION('',(-0.707106781187,-0.707106781186,
    3.666165891025E-14));
#14366 = ORIENTED_EDGE('',*,*,#1179,.T.);
#14367 = ORIENTED_EDGE('',*,*,#14335,.F.);
#14368 = ORIENTED_EDGE('',*,*,#14369,.T.);
#14369 = EDGE_CURVE('',#14336,#14360,#14370,.T.);
#14370 = LINE('',#14371,#14372);
#14371 = CARTESIAN_POINT('',(286.43978295406,-152.5943824537,
    -382.5701968951));
#14372 = VECTOR('',#14373,1.);
#14373 = DIRECTION('',(-4.924291309876E-17,5.200354036283E-14,1.));
#14374 = PLANE('',#14375);
#14375 = AXIS2_PLACEMENT_3D('',#14376,#14377,#14378);
#14376 = CARTESIAN_POINT('',(285.93978295406,-153.0943824537,
    -382.5701968951));
#14377 = DIRECTION('',(0.707106781186,-0.707106781187,3.680687603406E-14
    ));
#14378 = DIRECTION('',(-0.707106781187,-0.707106781186,
    3.666165891025E-14));
#14379 = ADVANCED_FACE('',(#14380),#14399,.F.);
#14380 = FACE_BOUND('',#14381,.F.);
#14381 = EDGE_LOOP('',(#14382,#14383,#14391,#14398));
#14382 = ORIENTED_EDGE('',*,*,#1187,.F.);
#14383 = ORIENTED_EDGE('',*,*,#14384,.F.);
#14384 = EDGE_CURVE('',#14385,#1188,#14387,.T.);
#14385 = VERTEX_POINT('',#14386);
#14386 = CARTESIAN_POINT('',(288.43978295406,-152.5943824536,
    -290.0970407982));
#14387 = LINE('',#14388,#14389);
#14388 = CARTESIAN_POINT('',(288.43978295406,-152.5943824536,
    -290.0970407982));
#14389 = VECTOR('',#14390,1.);
#14390 = DIRECTION('',(-7.850462293419E-17,-0.707106781186,
    0.707106781187));
#14391 = ORIENTED_EDGE('',*,*,#14392,.F.);
#14392 = EDGE_CURVE('',#14360,#14385,#14393,.T.);
#14393 = CIRCLE('',#14394,2.);
#14394 = AXIS2_PLACEMENT_3D('',#14395,#14396,#14397);
#14395 = CARTESIAN_POINT('',(288.43978295406,-152.5943824536,
    -292.0970407982));
#14396 = DIRECTION('',(-1.265744922315E-29,1.,-5.200354036283E-14));
#14397 = DIRECTION('',(-0.707106781187,3.677205603627E-14,0.707106781187
    ));
#14398 = ORIENTED_EDGE('',*,*,#14359,.T.);
#14399 = CONICAL_SURFACE('',#14400,2.5,0.785398163397);
#14400 = AXIS2_PLACEMENT_3D('',#14401,#14402,#14403);
#14401 = CARTESIAN_POINT('',(288.43978295406,-153.0943824536,
    -292.0970407982));
#14402 = DIRECTION('',(-5.756219417785E-30,-1.,5.195843755246E-14));
#14403 = DIRECTION('',(-0.707106781187,3.67401635332E-14,0.707106781187)
  );
#14404 = ADVANCED_FACE('',(#14405),#14423,.T.);
#14405 = FACE_BOUND('',#14406,.T.);
#14406 = EDGE_LOOP('',(#14407,#14415,#14416,#14417));
#14407 = ORIENTED_EDGE('',*,*,#14408,.T.);
#14408 = EDGE_CURVE('',#14409,#1197,#14411,.T.);
#14409 = VERTEX_POINT('',#14410);
#14410 = CARTESIAN_POINT('',(444.43978295406,-152.5943824536,
    -290.0970407982));
#14411 = LINE('',#14412,#14413);
#14412 = CARTESIAN_POINT('',(444.43978295406,-152.5943824536,
    -290.0970407982));
#14413 = VECTOR('',#14414,1.);
#14414 = DIRECTION('',(-7.850462293423E-17,-0.707106781186,
    0.707106781187));
#14415 = ORIENTED_EDGE('',*,*,#1196,.T.);
#14416 = ORIENTED_EDGE('',*,*,#14384,.F.);
#14417 = ORIENTED_EDGE('',*,*,#14418,.T.);
#14418 = EDGE_CURVE('',#14385,#14409,#14419,.T.);
#14419 = LINE('',#14420,#14421);
#14420 = CARTESIAN_POINT('',(274.58628295406,-152.5943824536,
    -290.0970407982));
#14421 = VECTOR('',#14422,1.);
#14422 = DIRECTION('',(1.,2.108155807776E-29,4.924291309876E-17));
#14423 = PLANE('',#14424);
#14424 = AXIS2_PLACEMENT_3D('',#14425,#14426,#14427);
#14425 = CARTESIAN_POINT('',(274.58628295406,-153.0943824536,
    -289.5970407982));
#14426 = DIRECTION('',(3.48199977775E-17,-0.707106781187,-0.707106781186
    ));
#14427 = DIRECTION('',(-1.,6.177938936367E-17,-1.110223024625E-16));
#14428 = ADVANCED_FACE('',(#14429),#14448,.F.);
#14429 = FACE_BOUND('',#14430,.F.);
#14430 = EDGE_LOOP('',(#14431,#14432,#14440,#14447));
#14431 = ORIENTED_EDGE('',*,*,#1204,.F.);
#14432 = ORIENTED_EDGE('',*,*,#14433,.F.);
#14433 = EDGE_CURVE('',#14434,#1205,#14436,.T.);
#14434 = VERTEX_POINT('',#14435);
#14435 = CARTESIAN_POINT('',(446.43978295406,-152.5943824536,
    -292.0970407982));
#14436 = LINE('',#14437,#14438);
#14437 = CARTESIAN_POINT('',(446.43978295406,-152.5943824536,
    -292.0970407982));
#14438 = VECTOR('',#14439,1.);
#14439 = DIRECTION('',(0.707106781187,-0.707106781187,3.681866815613E-14
    ));
#14440 = ORIENTED_EDGE('',*,*,#14441,.F.);
#14441 = EDGE_CURVE('',#14409,#14434,#14442,.T.);
#14442 = CIRCLE('',#14443,2.);
#14443 = AXIS2_PLACEMENT_3D('',#14444,#14445,#14446);
#14444 = CARTESIAN_POINT('',(444.43978295406,-152.5943824536,
    -292.0970407982));
#14445 = DIRECTION('',(-1.637250339029E-29,1.,-5.200354036283E-14));
#14446 = DIRECTION('',(0.707106781187,3.677205603627E-14,0.707106781187)
  );
#14447 = ORIENTED_EDGE('',*,*,#14408,.T.);
#14448 = CONICAL_SURFACE('',#14449,2.5,0.785398163397);
#14449 = AXIS2_PLACEMENT_3D('',#14450,#14451,#14452);
#14450 = CARTESIAN_POINT('',(444.43978295406,-153.0943824536,
    -292.0970407982));
#14451 = DIRECTION('',(-5.756219417785E-30,-1.,5.195843755246E-14));
#14452 = DIRECTION('',(0.707106781187,3.67401635332E-14,0.707106781187)
  );
#14453 = ADVANCED_FACE('',(#14454),#14472,.T.);
#14454 = FACE_BOUND('',#14455,.T.);
#14455 = EDGE_LOOP('',(#14456,#14464,#14465,#14466));
#14456 = ORIENTED_EDGE('',*,*,#14457,.T.);
#14457 = EDGE_CURVE('',#14458,#1214,#14460,.T.);
#14458 = VERTEX_POINT('',#14459);
#14459 = CARTESIAN_POINT('',(446.43978295406,-152.5943824537,
    -334.3970407982));
#14460 = LINE('',#14461,#14462);
#14461 = CARTESIAN_POINT('',(446.43978295406,-152.5943824537,
    -334.3970407982));
#14462 = VECTOR('',#14463,1.);
#14463 = DIRECTION('',(0.707106781187,-0.707106781186,3.681866815611E-14
    ));
#14464 = ORIENTED_EDGE('',*,*,#1213,.T.);
#14465 = ORIENTED_EDGE('',*,*,#14433,.F.);
#14466 = ORIENTED_EDGE('',*,*,#14467,.T.);
#14467 = EDGE_CURVE('',#14434,#14458,#14468,.T.);
#14468 = LINE('',#14469,#14470);
#14469 = CARTESIAN_POINT('',(446.43978295406,-152.5943824537,
    -387.0701968951));
#14470 = VECTOR('',#14471,1.);
#14471 = DIRECTION('',(4.924291309876E-17,-5.200354036283E-14,-1.));
#14472 = PLANE('',#14473);
#14473 = AXIS2_PLACEMENT_3D('',#14474,#14475,#14476);
#14474 = CARTESIAN_POINT('',(446.93978295406,-153.0943824537,
    -387.0701968951));
#14475 = DIRECTION('',(-0.707106781186,-0.707106781187,
    3.673723603851E-14));
#14476 = DIRECTION('',(-0.707106781187,0.707106781186,
    -3.681866815611E-14));
#14477 = ADVANCED_FACE('',(#14478),#14490,.F.);
#14478 = FACE_BOUND('',#14479,.F.);
#14479 = EDGE_LOOP('',(#14480,#14481,#14482,#14489));
#14480 = ORIENTED_EDGE('',*,*,#1221,.F.);
#14481 = ORIENTED_EDGE('',*,*,#14312,.T.);
#14482 = ORIENTED_EDGE('',*,*,#14483,.F.);
#14483 = EDGE_CURVE('',#14458,#14313,#14484,.T.);
#14484 = CIRCLE('',#14485,2.);
#14485 = AXIS2_PLACEMENT_3D('',#14486,#14487,#14488);
#14486 = CARTESIAN_POINT('',(444.43978295406,-152.5943824536,
    -334.3970407982));
#14487 = DIRECTION('',(-1.554876093613E-29,1.,-5.200354036283E-14));
#14488 = DIRECTION('',(0.707106781187,-3.677205603627E-14,
    -0.707106781187));
#14489 = ORIENTED_EDGE('',*,*,#14457,.T.);
#14490 = CONICAL_SURFACE('',#14491,2.5,0.785398163397);
#14491 = AXIS2_PLACEMENT_3D('',#14492,#14493,#14494);
#14492 = CARTESIAN_POINT('',(444.43978295406,-153.0943824536,
    -334.3970407982));
#14493 = DIRECTION('',(-5.756219417785E-30,-1.,5.195843755246E-14));
#14494 = DIRECTION('',(0.707106781187,-3.67401635332E-14,-0.707106781187
    ));
#14495 = ADVANCED_FACE('',(#14496),#14512,.F.);
#14496 = FACE_BOUND('',#14497,.F.);
#14497 = EDGE_LOOP('',(#14498,#14504,#14505,#14511));
#14498 = ORIENTED_EDGE('',*,*,#14499,.F.);
#14499 = EDGE_CURVE('',#11882,#14385,#14500,.T.);
#14500 = LINE('',#14501,#14502);
#14501 = CARTESIAN_POINT('',(288.43978295406,-159.5943824536,
    -290.0970407982));
#14502 = VECTOR('',#14503,1.);
#14503 = DIRECTION('',(-8.470329497818E-22,-1.,5.162537233914E-14));
#14504 = ORIENTED_EDGE('',*,*,#11889,.F.);
#14505 = ORIENTED_EDGE('',*,*,#14506,.F.);
#14506 = EDGE_CURVE('',#14360,#11829,#14507,.T.);
#14507 = LINE('',#14508,#14509);
#14508 = CARTESIAN_POINT('',(286.43978295406,-159.5943824536,
    -292.0970407982));
#14509 = VECTOR('',#14510,1.);
#14510 = DIRECTION('',(8.470329497818E-22,1.,-5.162537233914E-14));
#14511 = ORIENTED_EDGE('',*,*,#14392,.T.);
#14512 = CYLINDRICAL_SURFACE('',#14513,2.);
#14513 = AXIS2_PLACEMENT_3D('',#14514,#14515,#14516);
#14514 = CARTESIAN_POINT('',(288.43978295406,-159.5943824536,
    -292.0970407982));
#14515 = DIRECTION('',(-8.470329497818E-22,-1.,5.162537233914E-14));
#14516 = DIRECTION('',(-0.707106781187,3.650465146123E-14,0.707106781187
    ));
#14517 = ADVANCED_FACE('',(#14518),#14529,.F.);
#14518 = FACE_BOUND('',#14519,.T.);
#14519 = EDGE_LOOP('',(#14520,#14521,#14527,#14528));
#14520 = ORIENTED_EDGE('',*,*,#14369,.F.);
#14521 = ORIENTED_EDGE('',*,*,#14522,.F.);
#14522 = EDGE_CURVE('',#11831,#14336,#14523,.T.);
#14523 = LINE('',#14524,#14525);
#14524 = CARTESIAN_POINT('',(286.43978295406,-159.5943824537,
    -334.3970407982));
#14525 = VECTOR('',#14526,1.);
#14526 = DIRECTION('',(-8.470329497818E-22,-1.,5.162537233914E-14));
#14527 = ORIENTED_EDGE('',*,*,#11828,.F.);
#14528 = ORIENTED_EDGE('',*,*,#14506,.F.);
#14529 = PLANE('',#14530);
#14530 = AXIS2_PLACEMENT_3D('',#14531,#14532,#14533);
#14531 = CARTESIAN_POINT('',(286.43978295406,-159.5943824537,
    -324.5930407982));
#14532 = DIRECTION('',(-1.,8.470329472396E-22,-4.924291309876E-17));
#14533 = DIRECTION('',(-4.924291309876E-17,5.195843755246E-14,1.));
#14534 = ADVANCED_FACE('',(#14535),#14546,.F.);
#14535 = FACE_BOUND('',#14536,.F.);
#14536 = EDGE_LOOP('',(#14537,#14538,#14539,#14545));
#14537 = ORIENTED_EDGE('',*,*,#14522,.F.);
#14538 = ORIENTED_EDGE('',*,*,#11838,.F.);
#14539 = ORIENTED_EDGE('',*,*,#14540,.F.);
#14540 = EDGE_CURVE('',#14304,#11839,#14541,.T.);
#14541 = LINE('',#14542,#14543);
#14542 = CARTESIAN_POINT('',(288.43978295406,-159.5943824537,
    -336.3970407982));
#14543 = VECTOR('',#14544,1.);
#14544 = DIRECTION('',(8.470329497818E-22,1.,-5.162537233914E-14));
#14545 = ORIENTED_EDGE('',*,*,#14343,.T.);
#14546 = CYLINDRICAL_SURFACE('',#14547,2.);
#14547 = AXIS2_PLACEMENT_3D('',#14548,#14549,#14550);
#14548 = CARTESIAN_POINT('',(288.43978295406,-159.5943824537,
    -334.3970407982));
#14549 = DIRECTION('',(8.470329497818E-22,1.,-5.162537233914E-14));
#14550 = DIRECTION('',(-0.707106781187,-3.650465026334E-14,
    -0.707106781187));
#14551 = ADVANCED_FACE('',(#14552),#14563,.F.);
#14552 = FACE_BOUND('',#14553,.T.);
#14553 = EDGE_LOOP('',(#14554,#14555,#14561,#14562));
#14554 = ORIENTED_EDGE('',*,*,#14320,.F.);
#14555 = ORIENTED_EDGE('',*,*,#14556,.F.);
#14556 = EDGE_CURVE('',#11848,#14313,#14557,.T.);
#14557 = LINE('',#14558,#14559);
#14558 = CARTESIAN_POINT('',(444.43978295406,-159.5943824537,
    -336.3970407982));
#14559 = VECTOR('',#14560,1.);
#14560 = DIRECTION('',(-8.470329497864E-22,-1.,5.162537233914E-14));
#14561 = ORIENTED_EDGE('',*,*,#11847,.F.);
#14562 = ORIENTED_EDGE('',*,*,#14540,.F.);
#14563 = PLANE('',#14564);
#14564 = AXIS2_PLACEMENT_3D('',#14565,#14566,#14567);
#14565 = CARTESIAN_POINT('',(436.47578295406,-159.5943824537,
    -336.3970407982));
#14566 = DIRECTION('',(4.924291309876E-17,-5.162537233914E-14,-1.));
#14567 = DIRECTION('',(-1.,3.193012417346E-30,-4.924291309876E-17));
#14568 = ADVANCED_FACE('',(#14569),#14594,.T.);
#14569 = FACE_BOUND('',#14570,.T.);
#14570 = EDGE_LOOP('',(#14571,#14579,#14580,#14588));
#14571 = ORIENTED_EDGE('',*,*,#14572,.T.);
#14572 = EDGE_CURVE('',#14573,#1286,#14575,.T.);
#14573 = VERTEX_POINT('',#14574);
#14574 = CARTESIAN_POINT('',(406.69680831362,-152.5943824537,
    -382.3476602656));
#14575 = LINE('',#14576,#14577);
#14576 = CARTESIAN_POINT('',(406.69680831362,-152.5943824537,
    -382.3476602656));
#14577 = VECTOR('',#14578,1.);
#14578 = DIRECTION('',(2.504297471602E-14,-0.707106781186,0.707106781187
    ));
#14579 = ORIENTED_EDGE('',*,*,#1285,.T.);
#14580 = ORIENTED_EDGE('',*,*,#14581,.T.);
#14581 = EDGE_CURVE('',#1277,#14582,#14584,.T.);
#14582 = VERTEX_POINT('',#14583);
#14583 = CARTESIAN_POINT('',(282.69680831362,-152.5943824537,
    -382.3476602656));
#14584 = LINE('',#14585,#14586);
#14585 = CARTESIAN_POINT('',(282.69680831362,-153.5943824537,
    -381.3476602656));
#14586 = VECTOR('',#14587,1.);
#14587 = DIRECTION('',(-2.504297471602E-14,0.707106781186,
    -0.707106781187));
#14588 = ORIENTED_EDGE('',*,*,#14589,.T.);
#14589 = EDGE_CURVE('',#14582,#14573,#14590,.T.);
#14590 = LINE('',#14591,#14592);
#14591 = CARTESIAN_POINT('',(269.07629563385,-152.5943824537,
    -382.3476602656));
#14592 = VECTOR('',#14593,1.);
#14593 = DIRECTION('',(1.,-9.127906049213E-28,-1.79086145036E-14));
#14594 = PLANE('',#14595);
#14595 = AXIS2_PLACEMENT_3D('',#14596,#14597,#14598);
#14596 = CARTESIAN_POINT('',(269.07629563385,-153.0943824537,
    -381.8476602656));
#14597 = DIRECTION('',(-1.266330275714E-14,-0.707106781187,
    -0.707106781186));
#14598 = DIRECTION('',(-1.,1.801963680604E-14,-1.110223024634E-16));
#14599 = ADVANCED_FACE('',(#14600),#14619,.F.);
#14600 = FACE_BOUND('',#14601,.F.);
#14601 = EDGE_LOOP('',(#14602,#14611,#14612,#14613));
#14602 = ORIENTED_EDGE('',*,*,#14603,.F.);
#14603 = EDGE_CURVE('',#14573,#14604,#14606,.T.);
#14604 = VERTEX_POINT('',#14605);
#14605 = CARTESIAN_POINT('',(411.69680831362,-152.5943824537,
    -387.3476602656));
#14606 = CIRCLE('',#14607,5.);
#14607 = AXIS2_PLACEMENT_3D('',#14608,#14609,#14610);
#14608 = CARTESIAN_POINT('',(406.69680831362,-152.5943824537,
    -387.3476602656));
#14609 = DIRECTION('',(-1.906199069333E-29,1.,-5.200354036283E-14));
#14610 = DIRECTION('',(0.707106781187,3.677205603627E-14,0.707106781187)
  );
#14611 = ORIENTED_EDGE('',*,*,#14572,.T.);
#14612 = ORIENTED_EDGE('',*,*,#1293,.F.);
#14613 = ORIENTED_EDGE('',*,*,#14614,.F.);
#14614 = EDGE_CURVE('',#14604,#1294,#14615,.T.);
#14615 = LINE('',#14616,#14617);
#14616 = CARTESIAN_POINT('',(411.69680831362,-152.5943824537,
    -387.3476602656));
#14617 = VECTOR('',#14618,1.);
#14618 = DIRECTION('',(0.707106781187,-0.707106781186,2.425792848664E-14
    ));
#14619 = CONICAL_SURFACE('',#14620,5.5,0.785398163398);
#14620 = AXIS2_PLACEMENT_3D('',#14621,#14622,#14623);
#14621 = CARTESIAN_POINT('',(406.69680831362,-153.0943824537,
    -387.3476602656));
#14622 = DIRECTION('',(-5.756219417785E-30,-1.,5.195843755246E-14));
#14623 = DIRECTION('',(0.707106781187,3.67401635332E-14,0.707106781187)
  );
#14624 = ADVANCED_FACE('',(#14625),#14643,.T.);
#14625 = FACE_BOUND('',#14626,.T.);
#14626 = EDGE_LOOP('',(#14627,#14635,#14636,#14637));
#14627 = ORIENTED_EDGE('',*,*,#14628,.T.);
#14628 = EDGE_CURVE('',#14629,#1303,#14631,.T.);
#14629 = VERTEX_POINT('',#14630);
#14630 = CARTESIAN_POINT('',(411.69680831362,-152.5943824537,
    -439.3476602656));
#14631 = LINE('',#14632,#14633);
#14632 = CARTESIAN_POINT('',(411.69680831362,-152.5943824537,
    -439.3476602656));
#14633 = VECTOR('',#14634,1.);
#14634 = DIRECTION('',(0.707106781187,-0.707106781186,2.425792848664E-14
    ));
#14635 = ORIENTED_EDGE('',*,*,#1302,.T.);
#14636 = ORIENTED_EDGE('',*,*,#14614,.F.);
#14637 = ORIENTED_EDGE('',*,*,#14638,.T.);
#14638 = EDGE_CURVE('',#14604,#14629,#14639,.T.);
#14639 = LINE('',#14640,#14641);
#14640 = CARTESIAN_POINT('',(411.69680831362,-152.5943824537,
    -405.2140066288));
#14641 = VECTOR('',#14642,1.);
#14642 = DIRECTION('',(-1.79086145036E-14,-5.200354036283E-14,-1.));
#14643 = PLANE('',#14644);
#14644 = AXIS2_PLACEMENT_3D('',#14645,#14646,#14647);
#14645 = CARTESIAN_POINT('',(412.19680831362,-153.0943824537,
    -405.2140066288));
#14646 = DIRECTION('',(-0.707106781186,-0.707106781187,
    4.943535879343E-14));
#14647 = DIRECTION('',(-0.707106781187,0.707106781186,
    -3.681866815611E-14));
#14648 = ADVANCED_FACE('',(#14649),#14668,.F.);
#14649 = FACE_BOUND('',#14650,.F.);
#14650 = EDGE_LOOP('',(#14651,#14660,#14661,#14662));
#14651 = ORIENTED_EDGE('',*,*,#14652,.F.);
#14652 = EDGE_CURVE('',#14629,#14653,#14655,.T.);
#14653 = VERTEX_POINT('',#14654);
#14654 = CARTESIAN_POINT('',(406.69680831362,-152.5943824537,
    -444.3476602656));
#14655 = CIRCLE('',#14656,5.);
#14656 = AXIS2_PLACEMENT_3D('',#14657,#14658,#14659);
#14657 = CARTESIAN_POINT('',(406.69680831362,-152.5943824537,
    -439.3476602656));
#14658 = DIRECTION('',(-1.777802525663E-29,1.,-5.200354036283E-14));
#14659 = DIRECTION('',(0.707106781187,-3.677205603627E-14,
    -0.707106781187));
#14660 = ORIENTED_EDGE('',*,*,#14628,.T.);
#14661 = ORIENTED_EDGE('',*,*,#1310,.F.);
#14662 = ORIENTED_EDGE('',*,*,#14663,.F.);
#14663 = EDGE_CURVE('',#14653,#1311,#14664,.T.);
#14664 = LINE('',#14665,#14666);
#14665 = CARTESIAN_POINT('',(406.69680831362,-152.5943824537,
    -444.3476602656));
#14666 = VECTOR('',#14667,1.);
#14667 = DIRECTION('',(-2.504297471602E-14,-0.707106781186,
    -0.707106781187));
#14668 = CONICAL_SURFACE('',#14669,5.5,0.785398163398);
#14669 = AXIS2_PLACEMENT_3D('',#14670,#14671,#14672);
#14670 = CARTESIAN_POINT('',(406.69680831362,-153.0943824537,
    -439.3476602656));
#14671 = DIRECTION('',(-5.756219417785E-30,-1.,5.195843755246E-14));
#14672 = DIRECTION('',(0.707106781187,-3.67401635332E-14,-0.707106781187
    ));
#14673 = ADVANCED_FACE('',(#14674),#14692,.T.);
#14674 = FACE_BOUND('',#14675,.T.);
#14675 = EDGE_LOOP('',(#14676,#14684,#14685,#14686));
#14676 = ORIENTED_EDGE('',*,*,#14677,.T.);
#14677 = EDGE_CURVE('',#14678,#1233,#14680,.T.);
#14678 = VERTEX_POINT('',#14679);
#14679 = CARTESIAN_POINT('',(282.69680831362,-152.5943824537,
    -444.3476602656));
#14680 = LINE('',#14681,#14682);
#14681 = CARTESIAN_POINT('',(282.69680831362,-152.5943824537,
    -444.3476602656));
#14682 = VECTOR('',#14683,1.);
#14683 = DIRECTION('',(-2.504297471602E-14,-0.707106781186,
    -0.707106781187));
#14684 = ORIENTED_EDGE('',*,*,#1319,.T.);
#14685 = ORIENTED_EDGE('',*,*,#14663,.F.);
#14686 = ORIENTED_EDGE('',*,*,#14687,.T.);
#14687 = EDGE_CURVE('',#14653,#14678,#14688,.T.);
#14688 = LINE('',#14689,#14690);
#14689 = CARTESIAN_POINT('',(346.57629563384,-152.5943824537,
    -444.3476602656));
#14690 = VECTOR('',#14691,1.);
#14691 = DIRECTION('',(-1.,9.127906049213E-28,1.79086145036E-14));
#14692 = PLANE('',#14693);
#14693 = AXIS2_PLACEMENT_3D('',#14694,#14695,#14696);
#14694 = CARTESIAN_POINT('',(346.57629563384,-153.0943824537,
    -444.8476602656));
#14695 = DIRECTION('',(1.266330275714E-14,-0.707106781187,0.707106781186
    ));
#14696 = DIRECTION('',(-1.,-1.801963680604E-14,-1.110223024616E-16));
#14697 = ADVANCED_FACE('',(#14698),#14727,.F.);
#14698 = FACE_BOUND('',#14699,.F.);
#14699 = EDGE_LOOP('',(#14700,#14701,#14709,#14716,#14717,#14718));
#14700 = ORIENTED_EDGE('',*,*,#1259,.F.);
#14701 = ORIENTED_EDGE('',*,*,#14702,.F.);
#14702 = EDGE_CURVE('',#14703,#1260,#14705,.T.);
#14703 = VERTEX_POINT('',#14704);
#14704 = CARTESIAN_POINT('',(277.69680831362,-152.5943824537,
    -439.3476602656));
#14705 = LINE('',#14706,#14707);
#14706 = CARTESIAN_POINT('',(277.69680831362,-152.5943824537,
    -439.3476602656));
#14707 = VECTOR('',#14708,1.);
#14708 = DIRECTION('',(-0.707106781187,-0.707106781186,
    4.922239857972E-14));
#14709 = ORIENTED_EDGE('',*,*,#14710,.F.);
#14710 = EDGE_CURVE('',#14678,#14703,#14711,.T.);
#14711 = CIRCLE('',#14712,5.);
#14712 = AXIS2_PLACEMENT_3D('',#14713,#14714,#14715);
#14713 = CARTESIAN_POINT('',(282.69680831362,-152.5943824537,
    -439.3476602656));
#14714 = DIRECTION('',(-1.906199069333E-29,1.,-5.200354036283E-14));
#14715 = DIRECTION('',(-0.707106781187,-3.677205603627E-14,
    -0.707106781187));
#14716 = ORIENTED_EDGE('',*,*,#14677,.T.);
#14717 = ORIENTED_EDGE('',*,*,#1230,.F.);
#14718 = ORIENTED_EDGE('',*,*,#14719,.T.);
#14719 = EDGE_CURVE('',#1231,#1251,#14720,.T.);
#14720 = B_SPLINE_CURVE_WITH_KNOTS('',3,(#14721,#14722,#14723,#14724,
    #14725,#14726),.UNSPECIFIED.,.F.,.F.,(4,2,4),(0.520824608022,
    0.557681000648,0.594537393274),.UNSPECIFIED.);
#14721 = CARTESIAN_POINT('',(276.79507819055,-153.5943824537,
    -440.4291322044));
#14722 = CARTESIAN_POINT('',(276.79149636971,-153.5755247253,
    -440.304963185));
#14723 = CARTESIAN_POINT('',(276.78222674554,-153.5661136767,
    -440.1809620946));
#14724 = CARTESIAN_POINT('',(276.75295912168,-153.5661136767,
    -439.9370021419));
#14725 = CARTESIAN_POINT('',(276.73263527847,-153.5755247253,
    -439.8143272146));
#14726 = CARTESIAN_POINT('',(276.70674531217,-153.5943824537,
    -439.6928344805));
#14727 = CONICAL_SURFACE('',#14728,5.5,0.785398163398);
#14728 = AXIS2_PLACEMENT_3D('',#14729,#14730,#14731);
#14729 = CARTESIAN_POINT('',(282.69680831362,-153.0943824537,
    -439.3476602656));
#14730 = DIRECTION('',(-5.756219417785E-30,-1.,5.195843755246E-14));
#14731 = DIRECTION('',(-0.707106781187,-3.67401635332E-14,
    -0.707106781187));
#14732 = ADVANCED_FACE('',(#14733),#14751,.T.);
#14733 = FACE_BOUND('',#14734,.T.);
#14734 = EDGE_LOOP('',(#14735,#14743,#14744,#14745));
#14735 = ORIENTED_EDGE('',*,*,#14736,.T.);
#14736 = EDGE_CURVE('',#14737,#1269,#14739,.T.);
#14737 = VERTEX_POINT('',#14738);
#14738 = CARTESIAN_POINT('',(277.69680831362,-152.5943824537,
    -387.3476602656));
#14739 = LINE('',#14740,#14741);
#14740 = CARTESIAN_POINT('',(277.69680831362,-152.5943824537,
    -387.3476602656));
#14741 = VECTOR('',#14742,1.);
#14742 = DIRECTION('',(-0.707106781187,-0.707106781186,
    4.922239857972E-14));
#14743 = ORIENTED_EDGE('',*,*,#1268,.T.);
#14744 = ORIENTED_EDGE('',*,*,#14702,.F.);
#14745 = ORIENTED_EDGE('',*,*,#14746,.T.);
#14746 = EDGE_CURVE('',#14703,#14737,#14747,.T.);
#14747 = LINE('',#14748,#14749);
#14748 = CARTESIAN_POINT('',(277.69680831362,-152.5943824537,
    -450.2140066288));
#14749 = VECTOR('',#14750,1.);
#14750 = DIRECTION('',(1.79086145036E-14,5.200354036283E-14,1.));
#14751 = PLANE('',#14752);
#14752 = AXIS2_PLACEMENT_3D('',#14753,#14754,#14755);
#14753 = CARTESIAN_POINT('',(277.19680831362,-153.0943824537,
    -450.2140066288));
#14754 = DIRECTION('',(0.707106781186,-0.707106781187,2.410875327915E-14
    ));
#14755 = DIRECTION('',(-0.707106781187,-0.707106781186,
    3.666165891024E-14));
#14756 = ADVANCED_FACE('',(#14757),#14769,.F.);
#14757 = FACE_BOUND('',#14758,.F.);
#14758 = EDGE_LOOP('',(#14759,#14760,#14761,#14768));
#14759 = ORIENTED_EDGE('',*,*,#1276,.F.);
#14760 = ORIENTED_EDGE('',*,*,#14581,.T.);
#14761 = ORIENTED_EDGE('',*,*,#14762,.F.);
#14762 = EDGE_CURVE('',#14737,#14582,#14763,.T.);
#14763 = CIRCLE('',#14764,5.);
#14764 = AXIS2_PLACEMENT_3D('',#14765,#14766,#14767);
#14765 = CARTESIAN_POINT('',(282.69680831362,-152.5943824537,
    -387.3476602656));
#14766 = DIRECTION('',(-1.777802525663E-29,1.,-5.200354036283E-14));
#14767 = DIRECTION('',(-0.707106781187,3.677205603627E-14,0.707106781187
    ));
#14768 = ORIENTED_EDGE('',*,*,#14736,.T.);
#14769 = CONICAL_SURFACE('',#14770,5.5,0.785398163398);
#14770 = AXIS2_PLACEMENT_3D('',#14771,#14772,#14773);
#14771 = CARTESIAN_POINT('',(282.69680831362,-153.0943824537,
    -387.3476602656));
#14772 = DIRECTION('',(-5.756219417785E-30,-1.,5.195843755246E-14));
#14773 = DIRECTION('',(-0.707106781187,3.67401635332E-14,0.707106781187)
  );
#14774 = ADVANCED_FACE('',(#14775),#14801,.F.);
#14775 = FACE_BOUND('',#14776,.F.);
#14776 = EDGE_LOOP('',(#14777,#14785,#14794,#14800));
#14777 = ORIENTED_EDGE('',*,*,#14778,.F.);
#14778 = EDGE_CURVE('',#14779,#14653,#14781,.T.);
#14779 = VERTEX_POINT('',#14780);
#14780 = CARTESIAN_POINT('',(406.69680831362,-151.5941440063,
    -444.3476602656));
#14781 = LINE('',#14782,#14783);
#14782 = CARTESIAN_POINT('',(406.69680831362,-159.5943824537,
    -444.3476602656));
#14783 = VECTOR('',#14784,1.);
#14784 = DIRECTION('',(8.470329366935E-22,-1.,5.056024873675E-14));
#14785 = ORIENTED_EDGE('',*,*,#14786,.F.);
#14786 = EDGE_CURVE('',#14787,#14779,#14789,.T.);
#14787 = VERTEX_POINT('',#14788);
#14788 = CARTESIAN_POINT('',(411.69680831362,-151.5941440063,
    -439.3476602656));
#14789 = CIRCLE('',#14790,5.);
#14790 = AXIS2_PLACEMENT_3D('',#14791,#14792,#14793);
#14791 = CARTESIAN_POINT('',(406.69680831362,-151.5941440063,
    -439.3476602656));
#14792 = DIRECTION('',(-2.153159805343E-16,1.,-1.058325354962E-13));
#14793 = DIRECTION('',(0.707106781187,-7.468265212958E-14,
    -0.707106781187));
#14794 = ORIENTED_EDGE('',*,*,#14795,.F.);
#14795 = EDGE_CURVE('',#14629,#14787,#14796,.T.);
#14796 = LINE('',#14797,#14798);
#14797 = CARTESIAN_POINT('',(411.69680831362,-159.5943824537,
    -439.3476602656));
#14798 = VECTOR('',#14799,1.);
#14799 = DIRECTION('',(-8.470329366935E-22,1.,-5.056024873675E-14));
#14800 = ORIENTED_EDGE('',*,*,#14652,.T.);
#14801 = CYLINDRICAL_SURFACE('',#14802,5.);
#14802 = AXIS2_PLACEMENT_3D('',#14803,#14804,#14805);
#14803 = CARTESIAN_POINT('',(406.69680831362,-159.5943824537,
    -439.3476602656));
#14804 = DIRECTION('',(-8.470329366935E-22,1.,-5.056024873675E-14));
#14805 = DIRECTION('',(0.707106781187,-3.57514941413E-14,-0.707106781187
    ));
#14806 = ADVANCED_FACE('',(#14807),#14825,.F.);
#14807 = FACE_BOUND('',#14808,.T.);
#14808 = EDGE_LOOP('',(#14809,#14810,#14818,#14824));
#14809 = ORIENTED_EDGE('',*,*,#14638,.F.);
#14810 = ORIENTED_EDGE('',*,*,#14811,.T.);
#14811 = EDGE_CURVE('',#14604,#14812,#14814,.T.);
#14812 = VERTEX_POINT('',#14813);
#14813 = CARTESIAN_POINT('',(411.69680831362,-151.5941440063,
    -387.3476602656));
#14814 = LINE('',#14815,#14816);
#14815 = CARTESIAN_POINT('',(411.69680831362,-159.5943824537,
    -387.3476602656));
#14816 = VECTOR('',#14817,1.);
#14817 = DIRECTION('',(-8.470329366935E-22,1.,-5.056024873675E-14));
#14818 = ORIENTED_EDGE('',*,*,#14819,.F.);
#14819 = EDGE_CURVE('',#14787,#14812,#14820,.T.);
#14820 = LINE('',#14821,#14822);
#14821 = CARTESIAN_POINT('',(411.69680831362,-151.5941440063,
    -391.6140066288));
#14822 = VECTOR('',#14823,1.);
#14823 = DIRECTION('',(1.79086145036E-14,1.058325354962E-13,1.));
#14824 = ORIENTED_EDGE('',*,*,#14795,.F.);
#14825 = PLANE('',#14826);
#14826 = AXIS2_PLACEMENT_3D('',#14827,#14828,#14829);
#14827 = CARTESIAN_POINT('',(411.69680831362,-159.5943824537,
    -369.8806602656));
#14828 = DIRECTION('',(1.,8.470320312428E-22,-1.79086145036E-14));
#14829 = DIRECTION('',(-1.79086145036E-14,-5.200354036283E-14,-1.));
#14830 = ADVANCED_FACE('',(#14831),#14850,.F.);
#14831 = FACE_BOUND('',#14832,.F.);
#14832 = EDGE_LOOP('',(#14833,#14834,#14843,#14849));
#14833 = ORIENTED_EDGE('',*,*,#14811,.T.);
#14834 = ORIENTED_EDGE('',*,*,#14835,.F.);
#14835 = EDGE_CURVE('',#14836,#14812,#14838,.T.);
#14836 = VERTEX_POINT('',#14837);
#14837 = CARTESIAN_POINT('',(406.69680831362,-151.5941440063,
    -382.3476602656));
#14838 = CIRCLE('',#14839,5.);
#14839 = AXIS2_PLACEMENT_3D('',#14840,#14841,#14842);
#14840 = CARTESIAN_POINT('',(406.69680831362,-151.5941440063,
    -387.3476602656));
#14841 = DIRECTION('',(-2.153159805343E-16,1.,-1.058325354962E-13));
#14842 = DIRECTION('',(0.707106781187,7.498715490944E-14,0.707106781187)
  );
#14843 = ORIENTED_EDGE('',*,*,#14844,.F.);
#14844 = EDGE_CURVE('',#14573,#14836,#14845,.T.);
#14845 = LINE('',#14846,#14847);
#14846 = CARTESIAN_POINT('',(406.69680831362,-159.5943824537,
    -382.3476602656));
#14847 = VECTOR('',#14848,1.);
#14848 = DIRECTION('',(-8.470329366935E-22,1.,-5.056024873675E-14));
#14849 = ORIENTED_EDGE('',*,*,#14603,.T.);
#14850 = CYLINDRICAL_SURFACE('',#14851,5.);
#14851 = AXIS2_PLACEMENT_3D('',#14852,#14853,#14854);
#14852 = CARTESIAN_POINT('',(406.69680831362,-159.5943824537,
    -387.3476602656));
#14853 = DIRECTION('',(-8.470329366935E-22,1.,-5.056024873675E-14));
#14854 = DIRECTION('',(0.707106781187,3.575149533918E-14,0.707106781187)
  );
#14855 = ADVANCED_FACE('',(#14856),#14874,.F.);
#14856 = FACE_BOUND('',#14857,.T.);
#14857 = EDGE_LOOP('',(#14858,#14859,#14867,#14873));
#14858 = ORIENTED_EDGE('',*,*,#14589,.F.);
#14859 = ORIENTED_EDGE('',*,*,#14860,.T.);
#14860 = EDGE_CURVE('',#14582,#14861,#14863,.T.);
#14861 = VERTEX_POINT('',#14862);
#14862 = CARTESIAN_POINT('',(282.69680831362,-151.5941440063,
    -382.3476602656));
#14863 = LINE('',#14864,#14865);
#14864 = CARTESIAN_POINT('',(282.69680831362,-159.5943824537,
    -382.3476602656));
#14865 = VECTOR('',#14866,1.);
#14866 = DIRECTION('',(-8.470329366935E-22,1.,-5.056024873675E-14));
#14867 = ORIENTED_EDGE('',*,*,#14868,.T.);
#14868 = EDGE_CURVE('',#14861,#14836,#14869,.T.);
#14869 = LINE('',#14870,#14871);
#14870 = CARTESIAN_POINT('',(303.57629563385,-151.5941440063,
    -382.3476602656));
#14871 = VECTOR('',#14872,1.);
#14872 = DIRECTION('',(1.,2.153159805324E-16,-1.79086145036E-14));
#14873 = ORIENTED_EDGE('',*,*,#14844,.F.);
#14874 = PLANE('',#14875);
#14875 = AXIS2_PLACEMENT_3D('',#14876,#14877,#14878);
#14876 = CARTESIAN_POINT('',(265.45580831362,-159.5943824537,
    -382.3476602656));
#14877 = DIRECTION('',(1.79086145036E-14,5.056024873675E-14,1.));
#14878 = DIRECTION('',(1.,-9.128560818827E-28,-1.79086145036E-14));
#14879 = ADVANCED_FACE('',(#14880),#14901,.F.);
#14880 = FACE_BOUND('',#14881,.F.);
#14881 = EDGE_LOOP('',(#14882,#14890,#14897,#14898,#14899,#14900));
#14882 = ORIENTED_EDGE('',*,*,#14883,.T.);
#14883 = EDGE_CURVE('',#1242,#14884,#14886,.T.);
#14884 = VERTEX_POINT('',#14885);
#14885 = CARTESIAN_POINT('',(268.59678295407,-152.5943824537,
    -440.547352992));
#14886 = LINE('',#14887,#14888);
#14887 = CARTESIAN_POINT('',(268.59678295407,-156.5943824537,
    -440.547352992));
#14888 = VECTOR('',#14889,1.);
#14889 = DIRECTION('',(-1.110214554296E-16,1.,-7.116529757254E-14));
#14890 = ORIENTED_EDGE('',*,*,#14891,.F.);
#14891 = EDGE_CURVE('',#14884,#14884,#14892,.T.);
#14892 = CIRCLE('',#14893,4.1);
#14893 = AXIS2_PLACEMENT_3D('',#14894,#14895,#14896);
#14894 = CARTESIAN_POINT('',(272.69678295407,-152.5943824537,
    -440.547352992));
#14895 = DIRECTION('',(5.693050114613E-30,1.,-5.195843755246E-14));
#14896 = DIRECTION('',(1.,-1.218266296756E-29,-1.249000770354E-16));
#14897 = ORIENTED_EDGE('',*,*,#14883,.F.);
#14898 = ORIENTED_EDGE('',*,*,#1250,.T.);
#14899 = ORIENTED_EDGE('',*,*,#14719,.F.);
#14900 = ORIENTED_EDGE('',*,*,#1241,.T.);
#14901 = CYLINDRICAL_SURFACE('',#14902,4.1);
#14902 = AXIS2_PLACEMENT_3D('',#14903,#14904,#14905);
#14903 = CARTESIAN_POINT('',(272.69678295407,-156.5943824537,
    -440.547352992));
#14904 = DIRECTION('',(-1.110214554296E-16,1.,-7.116529757254E-14));
#14905 = DIRECTION('',(1.,1.110214554296E-16,-1.249000770354E-16));
#14906 = ADVANCED_FACE('',(#14907),#14932,.T.);
#14907 = FACE_BOUND('',#14908,.T.);
#14908 = EDGE_LOOP('',(#14909,#14917,#14918,#14926));
#14909 = ORIENTED_EDGE('',*,*,#14910,.T.);
#14910 = EDGE_CURVE('',#14911,#1383,#14913,.T.);
#14911 = VERTEX_POINT('',#14912);
#14912 = CARTESIAN_POINT('',(251.69680831362,-152.5943824537,
    -382.3476602656));
#14913 = LINE('',#14914,#14915);
#14914 = CARTESIAN_POINT('',(251.69680831362,-152.5943824537,
    -382.3476602656));
#14915 = VECTOR('',#14916,1.);
#14916 = DIRECTION('',(-7.850462293424E-17,-0.707106781186,
    0.707106781187));
#14917 = ORIENTED_EDGE('',*,*,#1382,.T.);
#14918 = ORIENTED_EDGE('',*,*,#14919,.T.);
#14919 = EDGE_CURVE('',#1374,#14920,#14922,.T.);
#14920 = VERTEX_POINT('',#14921);
#14921 = CARTESIAN_POINT('',(127.69680831362,-152.5943824537,
    -382.3476602656));
#14922 = LINE('',#14923,#14924);
#14923 = CARTESIAN_POINT('',(127.69680831362,-153.5943824537,
    -381.3476602656));
#14924 = VECTOR('',#14925,1.);
#14925 = DIRECTION('',(-1.562241996391E-14,0.707106781186,
    -0.707106781187));
#14926 = ORIENTED_EDGE('',*,*,#14927,.T.);
#14927 = EDGE_CURVE('',#14920,#14911,#14928,.T.);
#14928 = LINE('',#14929,#14930);
#14929 = CARTESIAN_POINT('',(191.57629563384,-152.5943824537,
    -382.3476602656));
#14930 = VECTOR('',#14931,1.);
#14931 = DIRECTION('',(1.,-9.806298501719E-28,-1.921312655753E-14));
#14932 = PLANE('',#14933);
#14933 = AXIS2_PLACEMENT_3D('',#14934,#14935,#14936);
#14934 = CARTESIAN_POINT('',(191.57629563384,-153.0943824537,
    -381.8476602656));
#14935 = DIRECTION('',(-1.358573207662E-14,-0.707106781187,
    -0.707106781186));
#14936 = DIRECTION('',(-1.,1.932414885997E-14,-1.110223024636E-16));
#14937 = ADVANCED_FACE('',(#14938),#14957,.F.);
#14938 = FACE_BOUND('',#14939,.F.);
#14939 = EDGE_LOOP('',(#14940,#14941,#14949,#14956));
#14940 = ORIENTED_EDGE('',*,*,#1390,.F.);
#14941 = ORIENTED_EDGE('',*,*,#14942,.F.);
#14942 = EDGE_CURVE('',#14943,#1391,#14945,.T.);
#14943 = VERTEX_POINT('',#14944);
#14944 = CARTESIAN_POINT('',(256.69680831362,-152.5943824537,
    -387.3476602656));
#14945 = LINE('',#14946,#14947);
#14946 = CARTESIAN_POINT('',(256.69680831362,-152.5943824537,
    -387.3476602656));
#14947 = VECTOR('',#14948,1.);
#14948 = DIRECTION('',(0.707106781187,-0.707106781186,3.681866815611E-14
    ));
#14949 = ORIENTED_EDGE('',*,*,#14950,.F.);
#14950 = EDGE_CURVE('',#14911,#14943,#14951,.T.);
#14951 = CIRCLE('',#14952,5.);
#14952 = AXIS2_PLACEMENT_3D('',#14953,#14954,#14955);
#14953 = CARTESIAN_POINT('',(251.69680831362,-152.5943824537,
    -387.3476602656));
#14954 = DIRECTION('',(-1.906199069333E-29,1.,-5.200354036283E-14));
#14955 = DIRECTION('',(0.707106781187,3.677205603627E-14,0.707106781187)
  );
#14956 = ORIENTED_EDGE('',*,*,#14910,.T.);
#14957 = CONICAL_SURFACE('',#14958,5.5,0.785398163398);
#14958 = AXIS2_PLACEMENT_3D('',#14959,#14960,#14961);
#14959 = CARTESIAN_POINT('',(251.69680831362,-153.0943824537,
    -387.3476602656));
#14960 = DIRECTION('',(-5.756219417785E-30,-1.,5.195843755246E-14));
#14961 = DIRECTION('',(0.707106781187,3.67401635332E-14,0.707106781187)
  );
#14962 = ADVANCED_FACE('',(#14963),#14981,.T.);
#14963 = FACE_BOUND('',#14964,.T.);
#14964 = EDGE_LOOP('',(#14965,#14973,#14974,#14975));
#14965 = ORIENTED_EDGE('',*,*,#14966,.T.);
#14966 = EDGE_CURVE('',#14967,#1400,#14969,.T.);
#14967 = VERTEX_POINT('',#14968);
#14968 = CARTESIAN_POINT('',(256.69680831362,-152.5943824537,
    -439.3476602656));
#14969 = LINE('',#14970,#14971);
#14970 = CARTESIAN_POINT('',(256.69680831362,-152.5943824537,
    -439.3476602656));
#14971 = VECTOR('',#14972,1.);
#14972 = DIRECTION('',(0.707106781187,-0.707106781186,2.425792848664E-14
    ));
#14973 = ORIENTED_EDGE('',*,*,#1399,.T.);
#14974 = ORIENTED_EDGE('',*,*,#14942,.F.);
#14975 = ORIENTED_EDGE('',*,*,#14976,.T.);
#14976 = EDGE_CURVE('',#14943,#14967,#14977,.T.);
#14977 = LINE('',#14978,#14979);
#14978 = CARTESIAN_POINT('',(256.69680831362,-152.5943824537,
    -405.2140066288));
#14979 = VECTOR('',#14980,1.);
#14980 = DIRECTION('',(-1.921312655753E-14,-5.200354036283E-14,-1.));
#14981 = PLANE('',#14982);
#14982 = AXIS2_PLACEMENT_3D('',#14983,#14984,#14985);
#14983 = CARTESIAN_POINT('',(257.19680831362,-153.0943824537,
    -405.2140066288));
#14984 = DIRECTION('',(-0.707106781186,-0.707106781187,
    5.035778811291E-14));
#14985 = DIRECTION('',(-0.707106781187,0.707106781186,
    -3.681866815611E-14));
#14986 = ADVANCED_FACE('',(#14987),#15006,.F.);
#14987 = FACE_BOUND('',#14988,.F.);
#14988 = EDGE_LOOP('',(#14989,#14998,#14999,#15000));
#14989 = ORIENTED_EDGE('',*,*,#14990,.F.);
#14990 = EDGE_CURVE('',#14967,#14991,#14993,.T.);
#14991 = VERTEX_POINT('',#14992);
#14992 = CARTESIAN_POINT('',(251.69680831362,-152.5943824537,
    -444.3476602656));
#14993 = CIRCLE('',#14994,5.);
#14994 = AXIS2_PLACEMENT_3D('',#14995,#14996,#14997);
#14995 = CARTESIAN_POINT('',(251.69680831362,-152.5943824537,
    -439.3476602656));
#14996 = DIRECTION('',(-2.104928980615E-29,1.,-5.200354036283E-14));
#14997 = DIRECTION('',(0.707106781187,-3.677205603627E-14,
    -0.707106781187));
#14998 = ORIENTED_EDGE('',*,*,#14966,.T.);
#14999 = ORIENTED_EDGE('',*,*,#1407,.F.);
#15000 = ORIENTED_EDGE('',*,*,#15001,.F.);
#15001 = EDGE_CURVE('',#14991,#1408,#15002,.T.);
#15002 = LINE('',#15003,#15004);
#15003 = CARTESIAN_POINT('',(251.69680831362,-152.5943824537,
    -444.3476602656));
#15004 = VECTOR('',#15005,1.);
#15005 = DIRECTION('',(-2.504297471602E-14,-0.707106781186,
    -0.707106781187));
#15006 = CONICAL_SURFACE('',#15007,5.5,0.785398163398);
#15007 = AXIS2_PLACEMENT_3D('',#15008,#15009,#15010);
#15008 = CARTESIAN_POINT('',(251.69680831362,-153.0943824537,
    -439.3476602656));
#15009 = DIRECTION('',(-5.756219417785E-30,-1.,5.195843755246E-14));
#15010 = DIRECTION('',(0.707106781187,-3.67401635332E-14,-0.707106781187
    ));
#15011 = ADVANCED_FACE('',(#15012),#15030,.T.);
#15012 = FACE_BOUND('',#15013,.T.);
#15013 = EDGE_LOOP('',(#15014,#15022,#15023,#15024));
#15014 = ORIENTED_EDGE('',*,*,#15015,.T.);
#15015 = EDGE_CURVE('',#15016,#1330,#15018,.T.);
#15016 = VERTEX_POINT('',#15017);
#15017 = CARTESIAN_POINT('',(127.69680831362,-152.5943824537,
    -444.3476602656));
#15018 = LINE('',#15019,#15020);
#15019 = CARTESIAN_POINT('',(127.69680831362,-152.5943824537,
    -444.3476602656));
#15020 = VECTOR('',#15021,1.);
#15021 = DIRECTION('',(-2.504297471602E-14,-0.707106781186,
    -0.707106781187));
#15022 = ORIENTED_EDGE('',*,*,#1416,.T.);
#15023 = ORIENTED_EDGE('',*,*,#15001,.F.);
#15024 = ORIENTED_EDGE('',*,*,#15025,.T.);
#15025 = EDGE_CURVE('',#14991,#15016,#15026,.T.);
#15026 = LINE('',#15027,#15028);
#15027 = CARTESIAN_POINT('',(269.07629563384,-152.5943824537,
    -444.3476602656));
#15028 = VECTOR('',#15029,1.);
#15029 = DIRECTION('',(-1.,9.806298501719E-28,1.921312655753E-14));
#15030 = PLANE('',#15031);
#15031 = AXIS2_PLACEMENT_3D('',#15032,#15033,#15034);
#15032 = CARTESIAN_POINT('',(269.07629563384,-153.0943824537,
    -444.8476602656));
#15033 = DIRECTION('',(1.358573207662E-14,-0.707106781187,0.707106781186
    ));
#15034 = DIRECTION('',(-1.,-1.932414885997E-14,-1.110223024615E-16));
#15035 = ADVANCED_FACE('',(#15036),#15065,.F.);
#15036 = FACE_BOUND('',#15037,.F.);
#15037 = EDGE_LOOP('',(#15038,#15039,#15047,#15054,#15055,#15056));
#15038 = ORIENTED_EDGE('',*,*,#1356,.F.);
#15039 = ORIENTED_EDGE('',*,*,#15040,.F.);
#15040 = EDGE_CURVE('',#15041,#1357,#15043,.T.);
#15041 = VERTEX_POINT('',#15042);
#15042 = CARTESIAN_POINT('',(122.69680831362,-152.5943824537,
    -439.3476602656));
#15043 = LINE('',#15044,#15045);
#15044 = CARTESIAN_POINT('',(122.69680831362,-152.5943824537,
    -439.3476602656));
#15045 = VECTOR('',#15046,1.);
#15046 = DIRECTION('',(-0.707106781187,-0.707106781186,
    4.922239857972E-14));
#15047 = ORIENTED_EDGE('',*,*,#15048,.F.);
#15048 = EDGE_CURVE('',#15016,#15041,#15049,.T.);
#15049 = CIRCLE('',#15050,5.);
#15050 = AXIS2_PLACEMENT_3D('',#15051,#15052,#15053);
#15051 = CARTESIAN_POINT('',(127.69680831362,-152.5943824537,
    -439.3476602656));
#15052 = DIRECTION('',(-2.141191387158E-29,1.,-5.200354036283E-14));
#15053 = DIRECTION('',(-0.707106781187,-3.677205603627E-14,
    -0.707106781187));
#15054 = ORIENTED_EDGE('',*,*,#15015,.T.);
#15055 = ORIENTED_EDGE('',*,*,#1327,.F.);
#15056 = ORIENTED_EDGE('',*,*,#15057,.T.);
#15057 = EDGE_CURVE('',#1328,#1348,#15058,.T.);
#15058 = B_SPLINE_CURVE_WITH_KNOTS('',3,(#15059,#15060,#15061,#15062,
    #15063,#15064),.UNSPECIFIED.,.F.,.F.,(4,2,4),(0.520824608022,
    0.557681000648,0.594537393275),.UNSPECIFIED.);
#15059 = CARTESIAN_POINT('',(121.79507819054,-153.5943824537,
    -440.4291322044));
#15060 = CARTESIAN_POINT('',(121.79149636971,-153.5755247253,
    -440.304963185));
#15061 = CARTESIAN_POINT('',(121.78222674554,-153.5661136767,
    -440.1809620946));
#15062 = CARTESIAN_POINT('',(121.75295912168,-153.5661136767,
    -439.9370021419));
#15063 = CARTESIAN_POINT('',(121.73263527847,-153.5755247253,
    -439.8143272146));
#15064 = CARTESIAN_POINT('',(121.70674531217,-153.5943824537,
    -439.6928344805));
#15065 = CONICAL_SURFACE('',#15066,5.5,0.785398163398);
#15066 = AXIS2_PLACEMENT_3D('',#15067,#15068,#15069);
#15067 = CARTESIAN_POINT('',(127.69680831362,-153.0943824537,
    -439.3476602656));
#15068 = DIRECTION('',(-5.756219417785E-30,-1.,5.195843755246E-14));
#15069 = DIRECTION('',(-0.707106781187,-3.67401635332E-14,
    -0.707106781187));
#15070 = ADVANCED_FACE('',(#15071),#15089,.T.);
#15071 = FACE_BOUND('',#15072,.T.);
#15072 = EDGE_LOOP('',(#15073,#15074,#15082,#15088));
#15073 = ORIENTED_EDGE('',*,*,#15040,.F.);
#15074 = ORIENTED_EDGE('',*,*,#15075,.T.);
#15075 = EDGE_CURVE('',#15041,#15076,#15078,.T.);
#15076 = VERTEX_POINT('',#15077);
#15077 = CARTESIAN_POINT('',(122.69680831362,-152.5943824537,
    -387.3476602656));
#15078 = LINE('',#15079,#15080);
#15079 = CARTESIAN_POINT('',(122.69680831362,-152.5943824537,
    -450.2140066288));
#15080 = VECTOR('',#15081,1.);
#15081 = DIRECTION('',(1.921312655753E-14,5.200354036283E-14,1.));
#15082 = ORIENTED_EDGE('',*,*,#15083,.T.);
#15083 = EDGE_CURVE('',#15076,#1366,#15084,.T.);
#15084 = LINE('',#15085,#15086);
#15085 = CARTESIAN_POINT('',(122.69680831362,-152.5943824537,
    -387.3476602656));
#15086 = VECTOR('',#15087,1.);
#15087 = DIRECTION('',(-0.707106781187,-0.707106781186,
    4.922239857972E-14));
#15088 = ORIENTED_EDGE('',*,*,#1365,.T.);
#15089 = PLANE('',#15090);
#15090 = AXIS2_PLACEMENT_3D('',#15091,#15092,#15093);
#15091 = CARTESIAN_POINT('',(122.19680831362,-153.0943824537,
    -450.2140066288));
#15092 = DIRECTION('',(0.707106781186,-0.707106781187,2.318632395967E-14
    ));
#15093 = DIRECTION('',(-0.707106781187,-0.707106781186,
    3.666165891025E-14));
#15094 = ADVANCED_FACE('',(#15095),#15107,.F.);
#15095 = FACE_BOUND('',#15096,.F.);
#15096 = EDGE_LOOP('',(#15097,#15104,#15105,#15106));
#15097 = ORIENTED_EDGE('',*,*,#15098,.F.);
#15098 = EDGE_CURVE('',#15076,#14920,#15099,.T.);
#15099 = CIRCLE('',#15100,5.);
#15100 = AXIS2_PLACEMENT_3D('',#15101,#15102,#15103);
#15101 = CARTESIAN_POINT('',(127.69680831362,-152.5943824537,
    -387.3476602656));
#15102 = DIRECTION('',(-2.104928980615E-29,1.,-5.200354036283E-14));
#15103 = DIRECTION('',(-0.707106781187,3.677205603627E-14,0.707106781187
    ));
#15104 = ORIENTED_EDGE('',*,*,#15083,.T.);
#15105 = ORIENTED_EDGE('',*,*,#1373,.F.);
#15106 = ORIENTED_EDGE('',*,*,#14919,.T.);
#15107 = CONICAL_SURFACE('',#15108,5.5,0.785398163398);
#15108 = AXIS2_PLACEMENT_3D('',#15109,#15110,#15111);
#15109 = CARTESIAN_POINT('',(127.69680831362,-153.0943824537,
    -387.3476602656));
#15110 = DIRECTION('',(-5.756219417785E-30,-1.,5.195843755246E-14));
#15111 = DIRECTION('',(-0.707106781187,3.67401635332E-14,0.707106781187)
  );
#15112 = ADVANCED_FACE('',(#15113),#15139,.F.);
#15113 = FACE_BOUND('',#15114,.F.);
#15114 = EDGE_LOOP('',(#15115,#15123,#15132,#15138));
#15115 = ORIENTED_EDGE('',*,*,#15116,.F.);
#15116 = EDGE_CURVE('',#15117,#14991,#15119,.T.);
#15117 = VERTEX_POINT('',#15118);
#15118 = CARTESIAN_POINT('',(251.69680831362,-151.5941440063,
    -444.3476602656));
#15119 = LINE('',#15120,#15121);
#15120 = CARTESIAN_POINT('',(251.69680831362,-159.5943824537,
    -444.3476602656));
#15121 = VECTOR('',#15122,1.);
#15122 = DIRECTION('',(8.470330030322E-22,-1.,5.056371818371E-14));
#15123 = ORIENTED_EDGE('',*,*,#15124,.F.);
#15124 = EDGE_CURVE('',#15125,#15117,#15127,.T.);
#15125 = VERTEX_POINT('',#15126);
#15126 = CARTESIAN_POINT('',(256.69680831362,-151.5941440063,
    -439.3476602656));
#15127 = CIRCLE('',#15128,5.);
#15128 = AXIS2_PLACEMENT_3D('',#15129,#15130,#15131);
#15129 = CARTESIAN_POINT('',(251.69680831362,-151.5941440063,
    -439.3476602656));
#15130 = DIRECTION('',(-2.153159805345E-16,1.,-1.058360049431E-13));
#15131 = DIRECTION('',(0.707106781187,-7.468510539904E-14,
    -0.707106781187));
#15132 = ORIENTED_EDGE('',*,*,#15133,.F.);
#15133 = EDGE_CURVE('',#14967,#15125,#15134,.T.);
#15134 = LINE('',#15135,#15136);
#15135 = CARTESIAN_POINT('',(256.69680831362,-159.5943824537,
    -439.3476602656));
#15136 = VECTOR('',#15137,1.);
#15137 = DIRECTION('',(-8.470330030322E-22,1.,-5.056371818371E-14));
#15138 = ORIENTED_EDGE('',*,*,#14990,.T.);
#15139 = CYLINDRICAL_SURFACE('',#15140,5.);
#15140 = AXIS2_PLACEMENT_3D('',#15141,#15142,#15143);
#15141 = CARTESIAN_POINT('',(251.69680831362,-159.5943824537,
    -439.3476602656));
#15142 = DIRECTION('',(-8.470330030322E-22,1.,-5.056371818371E-14));
#15143 = DIRECTION('',(0.707106781187,-3.575394741076E-14,
    -0.707106781187));
#15144 = ADVANCED_FACE('',(#15145),#15163,.F.);
#15145 = FACE_BOUND('',#15146,.T.);
#15146 = EDGE_LOOP('',(#15147,#15148,#15156,#15162));
#15147 = ORIENTED_EDGE('',*,*,#14976,.F.);
#15148 = ORIENTED_EDGE('',*,*,#15149,.T.);
#15149 = EDGE_CURVE('',#14943,#15150,#15152,.T.);
#15150 = VERTEX_POINT('',#15151);
#15151 = CARTESIAN_POINT('',(256.69680831362,-151.5941440063,
    -387.3476602656));
#15152 = LINE('',#15153,#15154);
#15153 = CARTESIAN_POINT('',(256.69680831362,-159.5943824537,
    -387.3476602656));
#15154 = VECTOR('',#15155,1.);
#15155 = DIRECTION('',(-8.470330030322E-22,1.,-5.056371818371E-14));
#15156 = ORIENTED_EDGE('',*,*,#15157,.F.);
#15157 = EDGE_CURVE('',#15125,#15150,#15158,.T.);
#15158 = LINE('',#15159,#15160);
#15159 = CARTESIAN_POINT('',(256.69680831362,-151.5941440063,
    -391.6140066288));
#15160 = VECTOR('',#15161,1.);
#15161 = DIRECTION('',(1.921312655753E-14,1.058360049431E-13,1.));
#15162 = ORIENTED_EDGE('',*,*,#15133,.F.);
#15163 = PLANE('',#15164);
#15164 = AXIS2_PLACEMENT_3D('',#15165,#15166,#15167);
#15165 = CARTESIAN_POINT('',(256.69680831362,-159.5943824537,
    -369.8806602656));
#15166 = DIRECTION('',(1.,8.470320315417E-22,-1.921312655753E-14));
#15167 = DIRECTION('',(-1.921312655753E-14,-5.200700980978E-14,-1.));
#15168 = ADVANCED_FACE('',(#15169),#15188,.F.);
#15169 = FACE_BOUND('',#15170,.F.);
#15170 = EDGE_LOOP('',(#15171,#15172,#15181,#15187));
#15171 = ORIENTED_EDGE('',*,*,#15149,.T.);
#15172 = ORIENTED_EDGE('',*,*,#15173,.F.);
#15173 = EDGE_CURVE('',#15174,#15150,#15176,.T.);
#15174 = VERTEX_POINT('',#15175);
#15175 = CARTESIAN_POINT('',(251.69680831362,-151.5941440063,
    -382.3476602656));
#15176 = CIRCLE('',#15177,5.);
#15177 = AXIS2_PLACEMENT_3D('',#15178,#15179,#15180);
#15178 = CARTESIAN_POINT('',(251.69680831362,-151.5941440063,
    -387.3476602656));
#15179 = DIRECTION('',(-2.153159805345E-16,1.,-1.058360049431E-13));
#15180 = DIRECTION('',(0.707106781187,7.498960817891E-14,0.707106781187)
  );
#15181 = ORIENTED_EDGE('',*,*,#15182,.F.);
#15182 = EDGE_CURVE('',#14911,#15174,#15183,.T.);
#15183 = LINE('',#15184,#15185);
#15184 = CARTESIAN_POINT('',(251.69680831362,-159.5943824537,
    -382.3476602656));
#15185 = VECTOR('',#15186,1.);
#15186 = DIRECTION('',(-8.470330030322E-22,1.,-5.056371818371E-14));
#15187 = ORIENTED_EDGE('',*,*,#14950,.T.);
#15188 = CYLINDRICAL_SURFACE('',#15189,5.);
#15189 = AXIS2_PLACEMENT_3D('',#15190,#15191,#15192);
#15190 = CARTESIAN_POINT('',(251.69680831362,-159.5943824537,
    -387.3476602656));
#15191 = DIRECTION('',(-8.470330030322E-22,1.,-5.056371818371E-14));
#15192 = DIRECTION('',(0.707106781187,3.575394860865E-14,0.707106781187)
  );
#15193 = ADVANCED_FACE('',(#15194),#15212,.F.);
#15194 = FACE_BOUND('',#15195,.T.);
#15195 = EDGE_LOOP('',(#15196,#15197,#15205,#15211));
#15196 = ORIENTED_EDGE('',*,*,#14927,.F.);
#15197 = ORIENTED_EDGE('',*,*,#15198,.T.);
#15198 = EDGE_CURVE('',#14920,#15199,#15201,.T.);
#15199 = VERTEX_POINT('',#15200);
#15200 = CARTESIAN_POINT('',(127.69680831362,-151.5941440063,
    -382.3476602656));
#15201 = LINE('',#15202,#15203);
#15202 = CARTESIAN_POINT('',(127.69680831362,-159.5943824537,
    -382.3476602656));
#15203 = VECTOR('',#15204,1.);
#15204 = DIRECTION('',(-8.470330030322E-22,1.,-5.056371818371E-14));
#15205 = ORIENTED_EDGE('',*,*,#15206,.T.);
#15206 = EDGE_CURVE('',#15199,#15174,#15207,.T.);
#15207 = LINE('',#15208,#15209);
#15208 = CARTESIAN_POINT('',(148.57629563384,-151.5941440063,
    -382.3476602656));
#15209 = VECTOR('',#15210,1.);
#15210 = DIRECTION('',(1.,2.153159805324E-16,-1.921312655753E-14));
#15211 = ORIENTED_EDGE('',*,*,#15182,.F.);
#15212 = PLANE('',#15213);
#15213 = AXIS2_PLACEMENT_3D('',#15214,#15215,#15216);
#15214 = CARTESIAN_POINT('',(110.45580831362,-159.5943824537,
    -382.3476602656));
#15215 = DIRECTION('',(1.921312655753E-14,5.056371818371E-14,1.));
#15216 = DIRECTION('',(1.,-9.124585721521E-28,-1.921312655753E-14));
#15217 = ADVANCED_FACE('',(#15218),#15239,.F.);
#15218 = FACE_BOUND('',#15219,.F.);
#15219 = EDGE_LOOP('',(#15220,#15228,#15235,#15236,#15237,#15238));
#15220 = ORIENTED_EDGE('',*,*,#15221,.T.);
#15221 = EDGE_CURVE('',#1339,#15222,#15224,.T.);
#15222 = VERTEX_POINT('',#15223);
#15223 = CARTESIAN_POINT('',(113.59678295406,-152.5943824537,
    -440.547352992));
#15224 = LINE('',#15225,#15226);
#15225 = CARTESIAN_POINT('',(113.59678295406,-156.5943824537,
    -440.547352992));
#15226 = VECTOR('',#15227,1.);
#15227 = DIRECTION('',(-1.110214554296E-16,1.,-7.116529757254E-14));
#15228 = ORIENTED_EDGE('',*,*,#15229,.F.);
#15229 = EDGE_CURVE('',#15222,#15222,#15230,.T.);
#15230 = CIRCLE('',#15231,4.1);
#15231 = AXIS2_PLACEMENT_3D('',#15232,#15233,#15234);
#15232 = CARTESIAN_POINT('',(117.69678295406,-152.5943824537,
    -440.547352992));
#15233 = DIRECTION('',(5.693050114613E-30,1.,-5.195843755246E-14));
#15234 = DIRECTION('',(1.,-1.218266296756E-29,-1.249000770354E-16));
#15235 = ORIENTED_EDGE('',*,*,#15221,.F.);
#15236 = ORIENTED_EDGE('',*,*,#1347,.T.);
#15237 = ORIENTED_EDGE('',*,*,#15057,.F.);
#15238 = ORIENTED_EDGE('',*,*,#1338,.T.);
#15239 = CYLINDRICAL_SURFACE('',#15240,4.1);
#15240 = AXIS2_PLACEMENT_3D('',#15241,#15242,#15243);
#15241 = CARTESIAN_POINT('',(117.69678295406,-156.5943824537,
    -440.547352992));
#15242 = DIRECTION('',(-1.110214554296E-16,1.,-7.116529757254E-14));
#15243 = DIRECTION('',(1.,1.110214554296E-16,-1.249000770354E-16));
#15244 = ADVANCED_FACE('',(#15245),#15256,.F.);
#15245 = FACE_BOUND('',#15246,.T.);
#15246 = EDGE_LOOP('',(#15247));
#15247 = ORIENTED_EDGE('',*,*,#15248,.F.);
#15248 = EDGE_CURVE('',#15249,#15249,#15251,.T.);
#15249 = VERTEX_POINT('',#15250);
#15250 = CARTESIAN_POINT('',(65.73455158064,-152.5943824537,
    -302.3430407982));
#15251 = CIRCLE('',#15252,1.25);
#15252 = AXIS2_PLACEMENT_3D('',#15253,#15254,#15255);
#15253 = CARTESIAN_POINT('',(65.73455158064,-152.5943824537,
    -303.5930407982));
#15254 = DIRECTION('',(-5.702294465205E-30,-1.,5.195843755246E-14));
#15255 = DIRECTION('',(4.924291309876E-17,-5.195843755246E-14,-1.));
#15256 = PLANE('',#15257);
#15257 = AXIS2_PLACEMENT_3D('',#15258,#15259,#15260);
#15258 = CARTESIAN_POINT('',(65.73455158064,-152.5943824537,
    -303.5930407982));
#15259 = DIRECTION('',(-5.702294465205E-30,-1.,5.195843755246E-14));
#15260 = DIRECTION('',(1.,-1.219190731815E-29,-1.249000770354E-16));
#15261 = ADVANCED_FACE('',(#15262),#15273,.F.);
#15262 = FACE_BOUND('',#15263,.T.);
#15263 = EDGE_LOOP('',(#15264));
#15264 = ORIENTED_EDGE('',*,*,#15265,.F.);
#15265 = EDGE_CURVE('',#15266,#15266,#15268,.T.);
#15266 = VERTEX_POINT('',#15267);
#15267 = CARTESIAN_POINT('',(85.73455158064,-152.5943824537,
    -302.3430407982));
#15268 = CIRCLE('',#15269,1.25);
#15269 = AXIS2_PLACEMENT_3D('',#15270,#15271,#15272);
#15270 = CARTESIAN_POINT('',(85.73455158064,-152.5943824537,
    -303.5930407982));
#15271 = DIRECTION('',(-5.702294465205E-30,-1.,5.195843755246E-14));
#15272 = DIRECTION('',(4.924291309876E-17,-5.195843755246E-14,-1.));
#15273 = PLANE('',#15274);
#15274 = AXIS2_PLACEMENT_3D('',#15275,#15276,#15277);
#15275 = CARTESIAN_POINT('',(85.73455158064,-152.5943824537,
    -303.5930407982));
#15276 = DIRECTION('',(-5.702294465205E-30,-1.,5.195843755246E-14));
#15277 = DIRECTION('',(1.,-1.219190731815E-29,-1.249000770354E-16));
#15278 = ADVANCED_FACE('',(#15279),#15290,.F.);
#15279 = FACE_BOUND('',#15280,.T.);
#15280 = EDGE_LOOP('',(#15281));
#15281 = ORIENTED_EDGE('',*,*,#15282,.F.);
#15282 = EDGE_CURVE('',#15283,#15283,#15285,.T.);
#15283 = VERTEX_POINT('',#15284);
#15284 = CARTESIAN_POINT('',(65.73455158064,-152.5943824537,
    -322.3430407982));
#15285 = CIRCLE('',#15286,1.25);
#15286 = AXIS2_PLACEMENT_3D('',#15287,#15288,#15289);
#15287 = CARTESIAN_POINT('',(65.73455158064,-152.5943824537,
    -323.5930407982));
#15288 = DIRECTION('',(-5.702294465205E-30,-1.,5.195843755246E-14));
#15289 = DIRECTION('',(4.924291309876E-17,-5.195843755246E-14,-1.));
#15290 = PLANE('',#15291);
#15291 = AXIS2_PLACEMENT_3D('',#15292,#15293,#15294);
#15292 = CARTESIAN_POINT('',(65.73455158064,-152.5943824537,
    -323.5930407982));
#15293 = DIRECTION('',(-5.702294465205E-30,-1.,5.195843755246E-14));
#15294 = DIRECTION('',(1.,-1.219190731815E-29,-1.249000770354E-16));
#15295 = ADVANCED_FACE('',(#15296),#15307,.F.);
#15296 = FACE_BOUND('',#15297,.T.);
#15297 = EDGE_LOOP('',(#15298));
#15298 = ORIENTED_EDGE('',*,*,#15299,.F.);
#15299 = EDGE_CURVE('',#15300,#15300,#15302,.T.);
#15300 = VERTEX_POINT('',#15301);
#15301 = CARTESIAN_POINT('',(85.73455158064,-152.5943824537,
    -322.3430407982));
#15302 = CIRCLE('',#15303,1.25);
#15303 = AXIS2_PLACEMENT_3D('',#15304,#15305,#15306);
#15304 = CARTESIAN_POINT('',(85.73455158064,-152.5943824537,
    -323.5930407982));
#15305 = DIRECTION('',(-5.702294465205E-30,-1.,5.195843755246E-14));
#15306 = DIRECTION('',(4.924291309876E-17,-5.195843755246E-14,-1.));
#15307 = PLANE('',#15308);
#15308 = AXIS2_PLACEMENT_3D('',#15309,#15310,#15311);
#15309 = CARTESIAN_POINT('',(85.73455158064,-152.5943824537,
    -323.5930407982));
#15310 = DIRECTION('',(-5.702294465205E-30,-1.,5.195843755246E-14));
#15311 = DIRECTION('',(1.,-1.219190731815E-29,-1.249000770354E-16));
#15312 = ADVANCED_FACE('',(#15313),#15324,.F.);
#15313 = FACE_BOUND('',#15314,.F.);
#15314 = EDGE_LOOP('',(#15315,#15321,#15322,#15323));
#15315 = ORIENTED_EDGE('',*,*,#15316,.T.);
#15316 = EDGE_CURVE('',#15283,#12955,#15317,.T.);
#15317 = LINE('',#15318,#15319);
#15318 = CARTESIAN_POINT('',(65.73455158064,-159.5943824537,
    -322.3430407982));
#15319 = VECTOR('',#15320,1.);
#15320 = DIRECTION('',(5.733109284071E-30,1.,-5.195843755246E-14));
#15321 = ORIENTED_EDGE('',*,*,#12954,.T.);
#15322 = ORIENTED_EDGE('',*,*,#15316,.F.);
#15323 = ORIENTED_EDGE('',*,*,#15282,.F.);
#15324 = CYLINDRICAL_SURFACE('',#15325,1.25);
#15325 = AXIS2_PLACEMENT_3D('',#15326,#15327,#15328);
#15326 = CARTESIAN_POINT('',(65.73455158064,-159.5943824537,
    -323.5930407982));
#15327 = DIRECTION('',(5.733109284071E-30,1.,-5.195843755246E-14));
#15328 = DIRECTION('',(4.924291309876E-17,-5.195843755246E-14,-1.));
#15329 = ADVANCED_FACE('',(#15330),#15341,.F.);
#15330 = FACE_BOUND('',#15331,.F.);
#15331 = EDGE_LOOP('',(#15332,#15338,#15339,#15340));
#15332 = ORIENTED_EDGE('',*,*,#15333,.T.);
#15333 = EDGE_CURVE('',#15249,#12941,#15334,.T.);
#15334 = LINE('',#15335,#15336);
#15335 = CARTESIAN_POINT('',(65.73455158064,-159.5943824536,
    -302.3430407982));
#15336 = VECTOR('',#15337,1.);
#15337 = DIRECTION('',(5.733109284071E-30,1.,-5.195843755246E-14));
#15338 = ORIENTED_EDGE('',*,*,#12940,.T.);
#15339 = ORIENTED_EDGE('',*,*,#15333,.F.);
#15340 = ORIENTED_EDGE('',*,*,#15248,.F.);
#15341 = CYLINDRICAL_SURFACE('',#15342,1.25);
#15342 = AXIS2_PLACEMENT_3D('',#15343,#15344,#15345);
#15343 = CARTESIAN_POINT('',(65.73455158064,-159.5943824536,
    -303.5930407982));
#15344 = DIRECTION('',(5.733109284071E-30,1.,-5.195843755246E-14));
#15345 = DIRECTION('',(4.924291309876E-17,-5.195843755246E-14,-1.));
#15346 = ADVANCED_FACE('',(#15347),#15358,.F.);
#15347 = FACE_BOUND('',#15348,.F.);
#15348 = EDGE_LOOP('',(#15349,#15355,#15356,#15357));
#15349 = ORIENTED_EDGE('',*,*,#15350,.T.);
#15350 = EDGE_CURVE('',#15300,#12930,#15351,.T.);
#15351 = LINE('',#15352,#15353);
#15352 = CARTESIAN_POINT('',(85.73455158064,-159.5943824537,
    -322.3430407982));
#15353 = VECTOR('',#15354,1.);
#15354 = DIRECTION('',(5.733109284071E-30,1.,-5.195843755246E-14));
#15355 = ORIENTED_EDGE('',*,*,#12929,.T.);
#15356 = ORIENTED_EDGE('',*,*,#15350,.F.);
#15357 = ORIENTED_EDGE('',*,*,#15299,.F.);
#15358 = CYLINDRICAL_SURFACE('',#15359,1.25);
#15359 = AXIS2_PLACEMENT_3D('',#15360,#15361,#15362);
#15360 = CARTESIAN_POINT('',(85.73455158064,-159.5943824537,
    -323.5930407982));
#15361 = DIRECTION('',(5.733109284071E-30,1.,-5.195843755246E-14));
#15362 = DIRECTION('',(4.924291309876E-17,-5.195843755246E-14,-1.));
#15363 = ADVANCED_FACE('',(#15364),#15375,.F.);
#15364 = FACE_BOUND('',#15365,.F.);
#15365 = EDGE_LOOP('',(#15366,#15372,#15373,#15374));
#15366 = ORIENTED_EDGE('',*,*,#15367,.T.);
#15367 = EDGE_CURVE('',#15266,#12919,#15368,.T.);
#15368 = LINE('',#15369,#15370);
#15369 = CARTESIAN_POINT('',(85.73455158064,-159.5943824536,
    -302.3430407982));
#15370 = VECTOR('',#15371,1.);
#15371 = DIRECTION('',(5.733109284071E-30,1.,-5.195843755246E-14));
#15372 = ORIENTED_EDGE('',*,*,#12918,.T.);
#15373 = ORIENTED_EDGE('',*,*,#15367,.F.);
#15374 = ORIENTED_EDGE('',*,*,#15265,.F.);
#15375 = CYLINDRICAL_SURFACE('',#15376,1.25);
#15376 = AXIS2_PLACEMENT_3D('',#15377,#15378,#15379);
#15377 = CARTESIAN_POINT('',(85.73455158064,-159.5943824536,
    -303.5930407982));
#15378 = DIRECTION('',(5.733109284071E-30,1.,-5.195843755246E-14));
#15379 = DIRECTION('',(4.924291309876E-17,-5.195843755246E-14,-1.));
#15380 = ADVANCED_FACE('',(#15381),#15392,.F.);
#15381 = FACE_BOUND('',#15382,.F.);
#15382 = EDGE_LOOP('',(#15383,#15384,#15385,#15391));
#15383 = ORIENTED_EDGE('',*,*,#11562,.F.);
#15384 = ORIENTED_EDGE('',*,*,#11187,.F.);
#15385 = ORIENTED_EDGE('',*,*,#15386,.F.);
#15386 = EDGE_CURVE('',#13544,#11188,#15387,.T.);
#15387 = LINE('',#15388,#15389);
#15388 = CARTESIAN_POINT('',(64.484551580639,-159.5943824537,
    -429.9226602656));
#15389 = VECTOR('',#15390,1.);
#15390 = DIRECTION('',(5.756219417784E-30,1.,-5.195843755246E-14));
#15391 = ORIENTED_EDGE('',*,*,#13569,.T.);
#15392 = CYLINDRICAL_SURFACE('',#15393,2.);
#15393 = AXIS2_PLACEMENT_3D('',#15394,#15395,#15396);
#15394 = CARTESIAN_POINT('',(66.484551580639,-159.5943824537,
    -429.9226602656));
#15395 = DIRECTION('',(5.756219417784E-30,1.,-5.195843755246E-14));
#15396 = DIRECTION('',(-0.707106781187,3.67401635332E-14,0.707106781187)
  );
#15397 = ADVANCED_FACE('',(#15398),#15409,.F.);
#15398 = FACE_BOUND('',#15399,.F.);
#15399 = EDGE_LOOP('',(#15400,#15401,#15402,#15408));
#15400 = ORIENTED_EDGE('',*,*,#11514,.F.);
#15401 = ORIENTED_EDGE('',*,*,#10980,.F.);
#15402 = ORIENTED_EDGE('',*,*,#15403,.F.);
#15403 = EDGE_CURVE('',#13768,#10981,#15404,.T.);
#15404 = LINE('',#15405,#15406);
#15405 = CARTESIAN_POINT('',(64.484551580639,-159.5943824537,
    -404.9226602656));
#15406 = VECTOR('',#15407,1.);
#15407 = DIRECTION('',(5.756219417785E-30,1.,-5.195843755246E-14));
#15408 = ORIENTED_EDGE('',*,*,#13793,.T.);
#15409 = CYLINDRICAL_SURFACE('',#15410,2.);
#15410 = AXIS2_PLACEMENT_3D('',#15411,#15412,#15413);
#15411 = CARTESIAN_POINT('',(66.484551580639,-159.5943824537,
    -404.9226602656));
#15412 = DIRECTION('',(5.756219417785E-30,1.,-5.195843755246E-14));
#15413 = DIRECTION('',(-0.707106781187,3.67401635332E-14,0.707106781187)
  );
#15414 = ADVANCED_FACE('',(#15415),#15426,.F.);
#15415 = FACE_BOUND('',#15416,.F.);
#15416 = EDGE_LOOP('',(#15417,#15418,#15419,#15425));
#15417 = ORIENTED_EDGE('',*,*,#11754,.F.);
#15418 = ORIENTED_EDGE('',*,*,#10782,.F.);
#15419 = ORIENTED_EDGE('',*,*,#15420,.F.);
#15420 = EDGE_CURVE('',#13992,#10783,#15421,.T.);
#15421 = LINE('',#15422,#15423);
#15422 = CARTESIAN_POINT('',(64.484551580639,-159.5943824537,
    -379.9226602656));
#15423 = VECTOR('',#15424,1.);
#15424 = DIRECTION('',(5.756219417785E-30,1.,-5.195843755246E-14));
#15425 = ORIENTED_EDGE('',*,*,#14017,.T.);
#15426 = CYLINDRICAL_SURFACE('',#15427,2.);
#15427 = AXIS2_PLACEMENT_3D('',#15428,#15429,#15430);
#15428 = CARTESIAN_POINT('',(66.484551580639,-159.5943824537,
    -379.9226602656));
#15429 = DIRECTION('',(5.756219417785E-30,1.,-5.195843755246E-14));
#15430 = DIRECTION('',(-0.707106781187,3.67401635332E-14,0.707106781187)
  );
#15431 = ADVANCED_FACE('',(#15432),#15443,.F.);
#15432 = FACE_BOUND('',#15433,.F.);
#15433 = EDGE_LOOP('',(#15434,#15435,#15436,#15442));
#15434 = ORIENTED_EDGE('',*,*,#13393,.F.);
#15435 = ORIENTED_EDGE('',*,*,#13177,.F.);
#15436 = ORIENTED_EDGE('',*,*,#15437,.F.);
#15437 = EDGE_CURVE('',#14216,#13178,#15438,.T.);
#15438 = LINE('',#15439,#15440);
#15439 = CARTESIAN_POINT('',(64.484551580639,-159.5943824537,
    -354.9226602656));
#15440 = VECTOR('',#15441,1.);
#15441 = DIRECTION('',(5.756219417785E-30,1.,-5.195843755246E-14));
#15442 = ORIENTED_EDGE('',*,*,#14241,.T.);
#15443 = CYLINDRICAL_SURFACE('',#15444,2.);
#15444 = AXIS2_PLACEMENT_3D('',#15445,#15446,#15447);
#15445 = CARTESIAN_POINT('',(66.484551580639,-159.5943824537,
    -354.9226602656));
#15446 = DIRECTION('',(-5.756219417785E-30,-1.,5.195843755246E-14));
#15447 = DIRECTION('',(-0.707106781187,3.67401635332E-14,0.707106781187)
  );
#15448 = ADVANCED_FACE('',(#15449),#15460,.F.);
#15449 = FACE_BOUND('',#15450,.F.);
#15450 = EDGE_LOOP('',(#15451,#15457,#15458,#15459));
#15451 = ORIENTED_EDGE('',*,*,#15452,.F.);
#15452 = EDGE_CURVE('',#11197,#13520,#15453,.T.);
#15453 = LINE('',#15454,#15455);
#15454 = CARTESIAN_POINT('',(64.484551580639,-159.5943824537,
    -436.7226602656));
#15455 = VECTOR('',#15456,1.);
#15456 = DIRECTION('',(-5.756219417784E-30,-1.,5.195843755246E-14));
#15457 = ORIENTED_EDGE('',*,*,#11204,.F.);
#15458 = ORIENTED_EDGE('',*,*,#11594,.F.);
#15459 = ORIENTED_EDGE('',*,*,#13527,.T.);
#15460 = CYLINDRICAL_SURFACE('',#15461,2.);
#15461 = AXIS2_PLACEMENT_3D('',#15462,#15463,#15464);
#15462 = CARTESIAN_POINT('',(66.484551580639,-159.5943824537,
    -436.7226602656));
#15463 = DIRECTION('',(-5.756219417784E-30,-1.,5.195843755246E-14));
#15464 = DIRECTION('',(-0.707106781187,-3.67401635332E-14,
    -0.707106781187));
#15465 = ADVANCED_FACE('',(#15466),#15472,.F.);
#15466 = FACE_BOUND('',#15467,.T.);
#15467 = EDGE_LOOP('',(#15468,#15469,#15470,#15471));
#15468 = ORIENTED_EDGE('',*,*,#13553,.F.);
#15469 = ORIENTED_EDGE('',*,*,#15452,.F.);
#15470 = ORIENTED_EDGE('',*,*,#11196,.T.);
#15471 = ORIENTED_EDGE('',*,*,#15386,.F.);
#15472 = PLANE('',#15473);
#15473 = AXIS2_PLACEMENT_3D('',#15474,#15475,#15476);
#15474 = CARTESIAN_POINT('',(64.484551580639,-159.5943824537,
    -363.3476602656));
#15475 = DIRECTION('',(-1.,-1.714292441688E-28,-3.410138409333E-15));
#15476 = DIRECTION('',(-3.410138409333E-15,5.184796759976E-14,1.));
#15477 = ADVANCED_FACE('',(#15478),#15489,.F.);
#15478 = FACE_BOUND('',#15479,.F.);
#15479 = EDGE_LOOP('',(#15480,#15486,#15487,#15488));
#15480 = ORIENTED_EDGE('',*,*,#15481,.F.);
#15481 = EDGE_CURVE('',#10990,#13744,#15482,.T.);
#15482 = LINE('',#15483,#15484);
#15483 = CARTESIAN_POINT('',(64.484551580639,-159.5943824537,
    -411.7226602656));
#15484 = VECTOR('',#15485,1.);
#15485 = DIRECTION('',(-5.756219417785E-30,-1.,5.195843755246E-14));
#15486 = ORIENTED_EDGE('',*,*,#10997,.F.);
#15487 = ORIENTED_EDGE('',*,*,#11642,.F.);
#15488 = ORIENTED_EDGE('',*,*,#13751,.T.);
#15489 = CYLINDRICAL_SURFACE('',#15490,2.);
#15490 = AXIS2_PLACEMENT_3D('',#15491,#15492,#15493);
#15491 = CARTESIAN_POINT('',(66.484551580639,-159.5943824537,
    -411.7226602656));
#15492 = DIRECTION('',(-5.756219417785E-30,-1.,5.195843755246E-14));
#15493 = DIRECTION('',(-0.707106781187,-3.67401635332E-14,
    -0.707106781187));
#15494 = ADVANCED_FACE('',(#15495),#15501,.F.);
#15495 = FACE_BOUND('',#15496,.T.);
#15496 = EDGE_LOOP('',(#15497,#15498,#15499,#15500));
#15497 = ORIENTED_EDGE('',*,*,#13777,.F.);
#15498 = ORIENTED_EDGE('',*,*,#15481,.F.);
#15499 = ORIENTED_EDGE('',*,*,#10989,.T.);
#15500 = ORIENTED_EDGE('',*,*,#15403,.F.);
#15501 = PLANE('',#15502);
#15502 = AXIS2_PLACEMENT_3D('',#15503,#15504,#15505);
#15503 = CARTESIAN_POINT('',(64.484551580639,-159.5943824537,
    -363.3476602656));
#15504 = DIRECTION('',(-1.,-1.714292441688E-28,-3.410138409333E-15));
#15505 = DIRECTION('',(-3.410138409333E-15,5.184796759976E-14,1.));
#15506 = ADVANCED_FACE('',(#15507),#15518,.F.);
#15507 = FACE_BOUND('',#15508,.F.);
#15508 = EDGE_LOOP('',(#15509,#15515,#15516,#15517));
#15509 = ORIENTED_EDGE('',*,*,#15510,.F.);
#15510 = EDGE_CURVE('',#10792,#13968,#15511,.T.);
#15511 = LINE('',#15512,#15513);
#15512 = CARTESIAN_POINT('',(64.484551580639,-159.5943824537,
    -386.7226602656));
#15513 = VECTOR('',#15514,1.);
#15514 = DIRECTION('',(-5.756219417785E-30,-1.,5.195843755246E-14));
#15515 = ORIENTED_EDGE('',*,*,#10799,.F.);
#15516 = ORIENTED_EDGE('',*,*,#11690,.F.);
#15517 = ORIENTED_EDGE('',*,*,#13975,.T.);
#15518 = CYLINDRICAL_SURFACE('',#15519,2.);
#15519 = AXIS2_PLACEMENT_3D('',#15520,#15521,#15522);
#15520 = CARTESIAN_POINT('',(66.484551580639,-159.5943824537,
    -386.7226602656));
#15521 = DIRECTION('',(-5.756219417785E-30,-1.,5.195843755246E-14));
#15522 = DIRECTION('',(-0.707106781187,-3.67401635332E-14,
    -0.707106781187));
#15523 = ADVANCED_FACE('',(#15524),#15530,.F.);
#15524 = FACE_BOUND('',#15525,.T.);
#15525 = EDGE_LOOP('',(#15526,#15527,#15528,#15529));
#15526 = ORIENTED_EDGE('',*,*,#14001,.F.);
#15527 = ORIENTED_EDGE('',*,*,#15510,.F.);
#15528 = ORIENTED_EDGE('',*,*,#10791,.T.);
#15529 = ORIENTED_EDGE('',*,*,#15420,.F.);
#15530 = PLANE('',#15531);
#15531 = AXIS2_PLACEMENT_3D('',#15532,#15533,#15534);
#15532 = CARTESIAN_POINT('',(64.484551580639,-159.5943824537,
    -363.3476602656));
#15533 = DIRECTION('',(-1.,-1.714292441688E-28,-3.410138409333E-15));
#15534 = DIRECTION('',(-3.410138409333E-15,5.184796759976E-14,1.));
#15535 = ADVANCED_FACE('',(#15536),#15547,.F.);
#15536 = FACE_BOUND('',#15537,.F.);
#15537 = EDGE_LOOP('',(#15538,#15544,#15545,#15546));
#15538 = ORIENTED_EDGE('',*,*,#15539,.F.);
#15539 = EDGE_CURVE('',#13187,#14192,#15540,.T.);
#15540 = LINE('',#15541,#15542);
#15541 = CARTESIAN_POINT('',(64.484551580639,-159.5943824537,
    -361.7226602656));
#15542 = VECTOR('',#15543,1.);
#15543 = DIRECTION('',(-5.756219417785E-30,-1.,5.195843755246E-14));
#15544 = ORIENTED_EDGE('',*,*,#13194,.F.);
#15545 = ORIENTED_EDGE('',*,*,#13334,.F.);
#15546 = ORIENTED_EDGE('',*,*,#14199,.T.);
#15547 = CYLINDRICAL_SURFACE('',#15548,2.);
#15548 = AXIS2_PLACEMENT_3D('',#15549,#15550,#15551);
#15549 = CARTESIAN_POINT('',(66.484551580639,-159.5943824537,
    -361.7226602656));
#15550 = DIRECTION('',(-5.756219417785E-30,-1.,5.195843755246E-14));
#15551 = DIRECTION('',(-0.707106781187,-3.67401635332E-14,
    -0.707106781187));
#15552 = ADVANCED_FACE('',(#15553),#15559,.F.);
#15553 = FACE_BOUND('',#15554,.T.);
#15554 = EDGE_LOOP('',(#15555,#15556,#15557,#15558));
#15555 = ORIENTED_EDGE('',*,*,#14225,.F.);
#15556 = ORIENTED_EDGE('',*,*,#15539,.F.);
#15557 = ORIENTED_EDGE('',*,*,#13186,.T.);
#15558 = ORIENTED_EDGE('',*,*,#15437,.F.);
#15559 = PLANE('',#15560);
#15560 = AXIS2_PLACEMENT_3D('',#15561,#15562,#15563);
#15561 = CARTESIAN_POINT('',(64.484551580639,-159.5943824537,
    -363.3476602656));
#15562 = DIRECTION('',(-1.,-1.714292441688E-28,-3.410138409333E-15));
#15563 = DIRECTION('',(-3.410138409333E-15,5.184796759976E-14,1.));
#15564 = ADVANCED_FACE('',(#15565),#15576,.F.);
#15565 = FACE_BOUND('',#15566,.F.);
#15566 = EDGE_LOOP('',(#15567,#15568,#15569,#15575));
#15567 = ORIENTED_EDGE('',*,*,#14556,.F.);
#15568 = ORIENTED_EDGE('',*,*,#11855,.F.);
#15569 = ORIENTED_EDGE('',*,*,#15570,.F.);
#15570 = EDGE_CURVE('',#14458,#11856,#15571,.T.);
#15571 = LINE('',#15572,#15573);
#15572 = CARTESIAN_POINT('',(446.43978295406,-159.5943824537,
    -334.3970407982));
#15573 = VECTOR('',#15574,1.);
#15574 = DIRECTION('',(8.470329497864E-22,1.,-5.162537233914E-14));
#15575 = ORIENTED_EDGE('',*,*,#14483,.T.);
#15576 = CYLINDRICAL_SURFACE('',#15577,2.);
#15577 = AXIS2_PLACEMENT_3D('',#15578,#15579,#15580);
#15578 = CARTESIAN_POINT('',(444.43978295406,-159.5943824537,
    -334.3970407982));
#15579 = DIRECTION('',(8.470329497864E-22,1.,-5.162537233914E-14));
#15580 = DIRECTION('',(0.707106781187,-3.650465146123E-14,
    -0.707106781187));
#15581 = ADVANCED_FACE('',(#15582),#15593,.F.);
#15582 = FACE_BOUND('',#15583,.T.);
#15583 = EDGE_LOOP('',(#15584,#15585,#15591,#15592));
#15584 = ORIENTED_EDGE('',*,*,#14467,.F.);
#15585 = ORIENTED_EDGE('',*,*,#15586,.F.);
#15586 = EDGE_CURVE('',#11865,#14434,#15587,.T.);
#15587 = LINE('',#15588,#15589);
#15588 = CARTESIAN_POINT('',(446.43978295406,-159.5943824536,
    -292.0970407982));
#15589 = VECTOR('',#15590,1.);
#15590 = DIRECTION('',(-8.470329497864E-22,-1.,5.162537233914E-14));
#15591 = ORIENTED_EDGE('',*,*,#11864,.F.);
#15592 = ORIENTED_EDGE('',*,*,#15570,.F.);
#15593 = PLANE('',#15594);
#15594 = AXIS2_PLACEMENT_3D('',#15595,#15596,#15597);
#15595 = CARTESIAN_POINT('',(446.43978295406,-159.5943824537,
    -333.5930407982));
#15596 = DIRECTION('',(1.,-8.470329472442E-22,4.924291309876E-17));
#15597 = DIRECTION('',(4.924291309876E-17,-5.195843755246E-14,-1.));
#15598 = ADVANCED_FACE('',(#15599),#15610,.F.);
#15599 = FACE_BOUND('',#15600,.F.);
#15600 = EDGE_LOOP('',(#15601,#15602,#15603,#15609));
#15601 = ORIENTED_EDGE('',*,*,#15586,.F.);
#15602 = ORIENTED_EDGE('',*,*,#11872,.F.);
#15603 = ORIENTED_EDGE('',*,*,#15604,.F.);
#15604 = EDGE_CURVE('',#14409,#11873,#15605,.T.);
#15605 = LINE('',#15606,#15607);
#15606 = CARTESIAN_POINT('',(444.43978295406,-159.5943824536,
    -290.0970407982));
#15607 = VECTOR('',#15608,1.);
#15608 = DIRECTION('',(8.470329497864E-22,1.,-5.162537233914E-14));
#15609 = ORIENTED_EDGE('',*,*,#14441,.T.);
#15610 = CYLINDRICAL_SURFACE('',#15611,2.);
#15611 = AXIS2_PLACEMENT_3D('',#15612,#15613,#15614);
#15612 = CARTESIAN_POINT('',(444.43978295406,-159.5943824536,
    -292.0970407982));
#15613 = DIRECTION('',(8.470329497864E-22,1.,-5.162537233914E-14));
#15614 = DIRECTION('',(0.707106781187,3.650465026334E-14,0.707106781187)
  );
#15615 = ADVANCED_FACE('',(#15616),#15622,.F.);
#15616 = FACE_BOUND('',#15617,.T.);
#15617 = EDGE_LOOP('',(#15618,#15619,#15620,#15621));
#15618 = ORIENTED_EDGE('',*,*,#14418,.F.);
#15619 = ORIENTED_EDGE('',*,*,#14499,.F.);
#15620 = ORIENTED_EDGE('',*,*,#11881,.F.);
#15621 = ORIENTED_EDGE('',*,*,#15604,.F.);
#15622 = PLANE('',#15623);
#15623 = AXIS2_PLACEMENT_3D('',#15624,#15625,#15626);
#15624 = CARTESIAN_POINT('',(276.47578295406,-159.5943824536,
    -290.0970407982));
#15625 = DIRECTION('',(-4.924291309876E-17,5.162537233914E-14,1.));
#15626 = DIRECTION('',(1.,-3.193012417346E-30,4.924291309876E-17));
#15627 = ADVANCED_FACE('',(#15628),#15654,.F.);
#15628 = FACE_BOUND('',#15629,.F.);
#15629 = EDGE_LOOP('',(#15630,#15638,#15639,#15647));
#15630 = ORIENTED_EDGE('',*,*,#15631,.F.);
#15631 = EDGE_CURVE('',#11901,#15632,#15634,.T.);
#15632 = VERTEX_POINT('',#15633);
#15633 = CARTESIAN_POINT('',(417.69678295407,-151.5941440063,
    -371.347352992));
#15634 = LINE('',#15635,#15636);
#15635 = CARTESIAN_POINT('',(417.69678295407,-154.5947693813,
    -371.347352992));
#15636 = VECTOR('',#15637,1.);
#15637 = DIRECTION('',(1.110214554296E-16,-1.,5.340172917854E-14));
#15638 = ORIENTED_EDGE('',*,*,#11908,.F.);
#15639 = ORIENTED_EDGE('',*,*,#15640,.F.);
#15640 = EDGE_CURVE('',#15641,#11909,#15643,.T.);
#15641 = VERTEX_POINT('',#15642);
#15642 = CARTESIAN_POINT('',(415.69678295407,-151.5941440063,
    -369.347352992));
#15643 = LINE('',#15644,#15645);
#15644 = CARTESIAN_POINT('',(415.69678295407,-154.5947693813,
    -369.347352992));
#15645 = VECTOR('',#15646,1.);
#15646 = DIRECTION('',(-1.110214554296E-16,1.,-5.340172917854E-14));
#15647 = ORIENTED_EDGE('',*,*,#15648,.T.);
#15648 = EDGE_CURVE('',#15641,#15632,#15649,.T.);
#15649 = CIRCLE('',#15650,2.);
#15650 = AXIS2_PLACEMENT_3D('',#15651,#15652,#15653);
#15651 = CARTESIAN_POINT('',(415.69678295407,-151.5941440063,
    -371.347352992));
#15652 = DIRECTION('',(-2.153159805343E-16,1.,-1.058325354962E-13));
#15653 = DIRECTION('',(0.707106781187,7.498715490944E-14,0.707106781187)
  );
#15654 = CYLINDRICAL_SURFACE('',#15655,2.);
#15655 = AXIS2_PLACEMENT_3D('',#15656,#15657,#15658);
#15656 = CARTESIAN_POINT('',(415.69678295407,-154.5947693813,
    -371.347352992));
#15657 = DIRECTION('',(-1.110214554296E-16,1.,-5.340172917854E-14));
#15658 = DIRECTION('',(0.707106781187,3.783922885322E-14,0.707106781187)
  );
#15659 = ADVANCED_FACE('',(#15660),#15678,.T.);
#15660 = FACE_BOUND('',#15661,.T.);
#15661 = EDGE_LOOP('',(#15662,#15663,#15671,#15677));
#15662 = ORIENTED_EDGE('',*,*,#15640,.F.);
#15663 = ORIENTED_EDGE('',*,*,#15664,.T.);
#15664 = EDGE_CURVE('',#15641,#15665,#15667,.T.);
#15665 = VERTEX_POINT('',#15666);
#15666 = CARTESIAN_POINT('',(112.69678295406,-151.5941440063,
    -369.347352992));
#15667 = LINE('',#15668,#15669);
#15668 = CARTESIAN_POINT('',(254.69679671456,-151.5941440063,
    -369.347352992));
#15669 = VECTOR('',#15670,1.);
#15670 = DIRECTION('',(-1.,-2.153159805343E-16,-4.924291309874E-17));
#15671 = ORIENTED_EDGE('',*,*,#15672,.F.);
#15672 = EDGE_CURVE('',#11918,#15665,#15673,.T.);
#15673 = LINE('',#15674,#15675);
#15674 = CARTESIAN_POINT('',(112.69678295406,-154.5947693813,
    -369.347352992));
#15675 = VECTOR('',#15676,1.);
#15676 = DIRECTION('',(1.110214554297E-16,-1.,5.340172917854E-14));
#15677 = ORIENTED_EDGE('',*,*,#11917,.T.);
#15678 = PLANE('',#15679);
#15679 = AXIS2_PLACEMENT_3D('',#15680,#15681,#15682);
#15680 = CARTESIAN_POINT('',(167.69681047506,-154.5953947564,
    -369.347352992));
#15681 = DIRECTION('',(4.924291309876E-17,-5.340172917854E-14,-1.));
#15682 = DIRECTION('',(1.110214554296E-16,-1.,5.340172917854E-14));
#15683 = ADVANCED_FACE('',(#15684),#15703,.F.);
#15684 = FACE_BOUND('',#15685,.F.);
#15685 = EDGE_LOOP('',(#15686,#15687,#15688,#15696));
#15686 = ORIENTED_EDGE('',*,*,#15672,.F.);
#15687 = ORIENTED_EDGE('',*,*,#11925,.F.);
#15688 = ORIENTED_EDGE('',*,*,#15689,.F.);
#15689 = EDGE_CURVE('',#15690,#11926,#15692,.T.);
#15690 = VERTEX_POINT('',#15691);
#15691 = CARTESIAN_POINT('',(110.69678295406,-151.5941440063,
    -371.347352992));
#15692 = LINE('',#15693,#15694);
#15693 = CARTESIAN_POINT('',(110.69678295406,-154.5947693813,
    -371.347352992));
#15694 = VECTOR('',#15695,1.);
#15695 = DIRECTION('',(-1.110214554297E-16,1.,-5.340172917854E-14));
#15696 = ORIENTED_EDGE('',*,*,#15697,.T.);
#15697 = EDGE_CURVE('',#15690,#15665,#15698,.T.);
#15698 = CIRCLE('',#15699,2.);
#15699 = AXIS2_PLACEMENT_3D('',#15700,#15701,#15702);
#15700 = CARTESIAN_POINT('',(112.69678295406,-151.5941440063,
    -371.347352992));
#15701 = DIRECTION('',(-2.153159805343E-16,1.,-1.058325354962E-13));
#15702 = DIRECTION('',(-0.707106781187,7.468265212958E-14,0.707106781187
    ));
#15703 = CYLINDRICAL_SURFACE('',#15704,2.);
#15704 = AXIS2_PLACEMENT_3D('',#15705,#15706,#15707);
#15705 = CARTESIAN_POINT('',(112.69678295406,-154.5947693813,
    -371.347352992));
#15706 = DIRECTION('',(-1.110214554297E-16,1.,-5.340172917854E-14));
#15707 = DIRECTION('',(-0.707106781187,3.768222080524E-14,0.707106781187
    ));
#15708 = ADVANCED_FACE('',(#15709,#15754,#15792,#15803,#15814,#15825,
    #15836,#15847,#15858,#15869,#15880),#15918,.F.);
#15709 = FACE_BOUND('',#15710,.T.);
#15710 = EDGE_LOOP('',(#15711,#15712,#15720,#15729,#15737,#15746,#15752,
    #15753));
#15711 = ORIENTED_EDGE('',*,*,#15648,.T.);
#15712 = ORIENTED_EDGE('',*,*,#15713,.T.);
#15713 = EDGE_CURVE('',#15632,#15714,#15716,.T.);
#15714 = VERTEX_POINT('',#15715);
#15715 = CARTESIAN_POINT('',(417.69678295407,-151.5941440063,
    -455.347352992));
#15716 = LINE('',#15717,#15718);
#15717 = CARTESIAN_POINT('',(417.69678295407,-151.5941440063,
    -435.347352992));
#15718 = VECTOR('',#15719,1.);
#15719 = DIRECTION('',(-1.42941213097E-15,-1.058325354962E-13,-1.));
#15720 = ORIENTED_EDGE('',*,*,#15721,.T.);
#15721 = EDGE_CURVE('',#15714,#15722,#15724,.T.);
#15722 = VERTEX_POINT('',#15723);
#15723 = CARTESIAN_POINT('',(415.69678295407,-151.5941440063,
    -457.347352992));
#15724 = CIRCLE('',#15725,2.);
#15725 = AXIS2_PLACEMENT_3D('',#15726,#15727,#15728);
#15726 = CARTESIAN_POINT('',(415.69678295407,-151.5941440063,
    -455.347352992));
#15727 = DIRECTION('',(-2.153159805343E-16,1.,-1.058325354962E-13));
#15728 = DIRECTION('',(0.707106781187,-7.468265212958E-14,
    -0.707106781187));
#15729 = ORIENTED_EDGE('',*,*,#15730,.T.);
#15730 = EDGE_CURVE('',#15722,#15731,#15733,.T.);
#15731 = VERTEX_POINT('',#15732);
#15732 = CARTESIAN_POINT('',(112.69678295406,-151.5941440063,
    -457.347352992));
#15733 = LINE('',#15734,#15735);
#15734 = CARTESIAN_POINT('',(226.19678295407,-151.5941440063,
    -457.347352992));
#15735 = VECTOR('',#15736,1.);
#15736 = DIRECTION('',(-1.,-2.153159805342E-16,1.42941213097E-15));
#15737 = ORIENTED_EDGE('',*,*,#15738,.T.);
#15738 = EDGE_CURVE('',#15731,#15739,#15741,.T.);
#15739 = VERTEX_POINT('',#15740);
#15740 = CARTESIAN_POINT('',(110.69678295406,-151.5941440063,
    -455.347352992));
#15741 = CIRCLE('',#15742,2.);
#15742 = AXIS2_PLACEMENT_3D('',#15743,#15744,#15745);
#15743 = CARTESIAN_POINT('',(112.69678295406,-151.5941440063,
    -455.347352992));
#15744 = DIRECTION('',(-2.153159805343E-16,1.,-1.058325354962E-13));
#15745 = DIRECTION('',(-0.707106781187,-7.498715490944E-14,
    -0.707106781187));
#15746 = ORIENTED_EDGE('',*,*,#15747,.T.);
#15747 = EDGE_CURVE('',#15739,#15690,#15748,.T.);
#15748 = LINE('',#15749,#15750);
#15749 = CARTESIAN_POINT('',(110.69678295406,-151.5941440063,
    -391.347352992));
#15750 = VECTOR('',#15751,1.);
#15751 = DIRECTION('',(1.02569466747E-15,1.058325354962E-13,1.));
#15752 = ORIENTED_EDGE('',*,*,#15697,.T.);
#15753 = ORIENTED_EDGE('',*,*,#15664,.F.);
#15754 = FACE_BOUND('',#15755,.F.);
#15755 = EDGE_LOOP('',(#15756,#15767,#15775,#15782,#15783,#15784,#15785,
    #15786));
#15756 = ORIENTED_EDGE('',*,*,#15757,.T.);
#15757 = EDGE_CURVE('',#15758,#15760,#15762,.T.);
#15758 = VERTEX_POINT('',#15759);
#15759 = CARTESIAN_POINT('',(282.69680831362,-151.5941440063,
    -444.3476602656));
#15760 = VERTEX_POINT('',#15761);
#15761 = CARTESIAN_POINT('',(277.69680831362,-151.5941440063,
    -439.3476602656));
#15762 = CIRCLE('',#15763,5.);
#15763 = AXIS2_PLACEMENT_3D('',#15764,#15765,#15766);
#15764 = CARTESIAN_POINT('',(282.69680831362,-151.5941440063,
    -439.3476602656));
#15765 = DIRECTION('',(-2.153159805343E-16,1.,-1.058325354962E-13));
#15766 = DIRECTION('',(-0.707106781187,-7.498715490944E-14,
    -0.707106781187));
#15767 = ORIENTED_EDGE('',*,*,#15768,.T.);
#15768 = EDGE_CURVE('',#15760,#15769,#15771,.T.);
#15769 = VERTEX_POINT('',#15770);
#15770 = CARTESIAN_POINT('',(277.69680831362,-151.5941440063,
    -387.3476602656));
#15771 = LINE('',#15772,#15773);
#15772 = CARTESIAN_POINT('',(277.69680831362,-151.5941440063,
    -436.6140066288));
#15773 = VECTOR('',#15774,1.);
#15774 = DIRECTION('',(1.79086145036E-14,1.058325354962E-13,1.));
#15775 = ORIENTED_EDGE('',*,*,#15776,.T.);
#15776 = EDGE_CURVE('',#15769,#14861,#15777,.T.);
#15777 = CIRCLE('',#15778,5.);
#15778 = AXIS2_PLACEMENT_3D('',#15779,#15780,#15781);
#15779 = CARTESIAN_POINT('',(282.69680831362,-151.5941440063,
    -387.3476602656));
#15780 = DIRECTION('',(-2.153159805343E-16,1.,-1.058325354962E-13));
#15781 = DIRECTION('',(-0.707106781187,7.468265212958E-14,0.707106781187
    ));
#15782 = ORIENTED_EDGE('',*,*,#14868,.T.);
#15783 = ORIENTED_EDGE('',*,*,#14835,.T.);
#15784 = ORIENTED_EDGE('',*,*,#14819,.F.);
#15785 = ORIENTED_EDGE('',*,*,#14786,.T.);
#15786 = ORIENTED_EDGE('',*,*,#15787,.T.);
#15787 = EDGE_CURVE('',#14779,#15758,#15788,.T.);
#15788 = LINE('',#15789,#15790);
#15789 = CARTESIAN_POINT('',(381.07629563384,-151.5941440063,
    -444.3476602656));
#15790 = VECTOR('',#15791,1.);
#15791 = DIRECTION('',(-1.,-2.153159805324E-16,1.79086145036E-14));
#15792 = FACE_BOUND('',#15793,.T.);
#15793 = EDGE_LOOP('',(#15794));
#15794 = ORIENTED_EDGE('',*,*,#15795,.F.);
#15795 = EDGE_CURVE('',#15796,#15796,#15798,.T.);
#15796 = VERTEX_POINT('',#15797);
#15797 = CARTESIAN_POINT('',(386.6967627683,-151.5941440063,
    -452.097352992));
#15798 = CIRCLE('',#15799,1.75);
#15799 = AXIS2_PLACEMENT_3D('',#15800,#15801,#15802);
#15800 = CARTESIAN_POINT('',(386.6967627683,-151.5941440063,
    -450.347352992));
#15801 = DIRECTION('',(-2.153159805343E-16,1.,-1.058325354962E-13));
#15802 = DIRECTION('',(1.79086145036E-14,1.058325354962E-13,1.));
#15803 = FACE_BOUND('',#15804,.T.);
#15804 = EDGE_LOOP('',(#15805));
#15805 = ORIENTED_EDGE('',*,*,#15806,.F.);
#15806 = EDGE_CURVE('',#15807,#15807,#15809,.T.);
#15807 = VERTEX_POINT('',#15808);
#15808 = CARTESIAN_POINT('',(272.69678295407,-151.5941440063,
    -442.297352992));
#15809 = CIRCLE('',#15810,1.75);
#15810 = AXIS2_PLACEMENT_3D('',#15811,#15812,#15813);
#15811 = CARTESIAN_POINT('',(272.69678295407,-151.5941440063,
    -440.547352992));
#15812 = DIRECTION('',(-2.153159805343E-16,1.,-1.058325354962E-13));
#15813 = DIRECTION('',(1.79086145036E-14,1.058325354962E-13,1.));
#15814 = FACE_BOUND('',#15815,.T.);
#15815 = EDGE_LOOP('',(#15816));
#15816 = ORIENTED_EDGE('',*,*,#15817,.F.);
#15817 = EDGE_CURVE('',#15818,#15818,#15820,.T.);
#15818 = VERTEX_POINT('',#15819);
#15819 = CARTESIAN_POINT('',(410.69678295407,-151.5941440063,
    -378.397352992));
#15820 = CIRCLE('',#15821,1.75);
#15821 = AXIS2_PLACEMENT_3D('',#15822,#15823,#15824);
#15822 = CARTESIAN_POINT('',(410.69678295407,-151.5941440063,
    -376.647352992));
#15823 = DIRECTION('',(-2.153159805343E-16,1.,-1.058325354962E-13));
#15824 = DIRECTION('',(1.79086145036E-14,1.058325354962E-13,1.));
#15825 = FACE_BOUND('',#15826,.T.);
#15826 = EDGE_LOOP('',(#15827));
#15827 = ORIENTED_EDGE('',*,*,#15828,.F.);
#15828 = EDGE_CURVE('',#15829,#15829,#15831,.T.);
#15829 = VERTEX_POINT('',#15830);
#15830 = CARTESIAN_POINT('',(272.69678295407,-151.5941440063,
    -378.397352992));
#15831 = CIRCLE('',#15832,1.75);
#15832 = AXIS2_PLACEMENT_3D('',#15833,#15834,#15835);
#15833 = CARTESIAN_POINT('',(272.69678295407,-151.5941440063,
    -376.647352992));
#15834 = DIRECTION('',(-2.153159805343E-16,1.,-1.058325354962E-13));
#15835 = DIRECTION('',(1.79086145036E-14,1.058325354962E-13,1.));
#15836 = FACE_BOUND('',#15837,.T.);
#15837 = EDGE_LOOP('',(#15838));
#15838 = ORIENTED_EDGE('',*,*,#15839,.F.);
#15839 = EDGE_CURVE('',#15840,#15840,#15842,.T.);
#15840 = VERTEX_POINT('',#15841);
#15841 = CARTESIAN_POINT('',(117.69678295406,-151.5941440063,
    -378.397352992));
#15842 = CIRCLE('',#15843,1.75);
#15843 = AXIS2_PLACEMENT_3D('',#15844,#15845,#15846);
#15844 = CARTESIAN_POINT('',(117.69678295406,-151.5941440063,
    -376.647352992));
#15845 = DIRECTION('',(-2.153159805345E-16,1.,-1.058360049431E-13));
#15846 = DIRECTION('',(1.921312655753E-14,1.058360049431E-13,1.));
#15847 = FACE_BOUND('',#15848,.T.);
#15848 = EDGE_LOOP('',(#15849));
#15849 = ORIENTED_EDGE('',*,*,#15850,.F.);
#15850 = EDGE_CURVE('',#15851,#15851,#15853,.T.);
#15851 = VERTEX_POINT('',#15852);
#15852 = CARTESIAN_POINT('',(255.69678295406,-151.5941440063,
    -378.397352992));
#15853 = CIRCLE('',#15854,1.75);
#15854 = AXIS2_PLACEMENT_3D('',#15855,#15856,#15857);
#15855 = CARTESIAN_POINT('',(255.69678295406,-151.5941440063,
    -376.647352992));
#15856 = DIRECTION('',(-2.153159805345E-16,1.,-1.058360049431E-13));
#15857 = DIRECTION('',(1.921312655753E-14,1.058360049431E-13,1.));
#15858 = FACE_BOUND('',#15859,.T.);
#15859 = EDGE_LOOP('',(#15860));
#15860 = ORIENTED_EDGE('',*,*,#15861,.F.);
#15861 = EDGE_CURVE('',#15862,#15862,#15864,.T.);
#15862 = VERTEX_POINT('',#15863);
#15863 = CARTESIAN_POINT('',(117.69678295406,-151.5941440063,
    -442.297352992));
#15864 = CIRCLE('',#15865,1.75);
#15865 = AXIS2_PLACEMENT_3D('',#15866,#15867,#15868);
#15866 = CARTESIAN_POINT('',(117.69678295406,-151.5941440063,
    -440.547352992));
#15867 = DIRECTION('',(-2.153159805345E-16,1.,-1.058360049431E-13));
#15868 = DIRECTION('',(1.921312655753E-14,1.058360049431E-13,1.));
#15869 = FACE_BOUND('',#15870,.T.);
#15870 = EDGE_LOOP('',(#15871));
#15871 = ORIENTED_EDGE('',*,*,#15872,.F.);
#15872 = EDGE_CURVE('',#15873,#15873,#15875,.T.);
#15873 = VERTEX_POINT('',#15874);
#15874 = CARTESIAN_POINT('',(231.6967627683,-151.5941440063,
    -452.097352992));
#15875 = CIRCLE('',#15876,1.75);
#15876 = AXIS2_PLACEMENT_3D('',#15877,#15878,#15879);
#15877 = CARTESIAN_POINT('',(231.6967627683,-151.5941440063,
    -450.347352992));
#15878 = DIRECTION('',(-2.153159805345E-16,1.,-1.058360049431E-13));
#15879 = DIRECTION('',(1.921312655753E-14,1.058360049431E-13,1.));
#15880 = FACE_BOUND('',#15881,.F.);
#15881 = EDGE_LOOP('',(#15882,#15893,#15901,#15908,#15909,#15910,#15911,
    #15912));
#15882 = ORIENTED_EDGE('',*,*,#15883,.T.);
#15883 = EDGE_CURVE('',#15884,#15886,#15888,.T.);
#15884 = VERTEX_POINT('',#15885);
#15885 = CARTESIAN_POINT('',(127.69680831362,-151.5941440063,
    -444.3476602656));
#15886 = VERTEX_POINT('',#15887);
#15887 = CARTESIAN_POINT('',(122.69680831362,-151.5941440063,
    -439.3476602656));
#15888 = CIRCLE('',#15889,5.);
#15889 = AXIS2_PLACEMENT_3D('',#15890,#15891,#15892);
#15890 = CARTESIAN_POINT('',(127.69680831362,-151.5941440063,
    -439.3476602656));
#15891 = DIRECTION('',(-2.153159805345E-16,1.,-1.058360049431E-13));
#15892 = DIRECTION('',(-0.707106781187,-7.498960817891E-14,
    -0.707106781187));
#15893 = ORIENTED_EDGE('',*,*,#15894,.T.);
#15894 = EDGE_CURVE('',#15886,#15895,#15897,.T.);
#15895 = VERTEX_POINT('',#15896);
#15896 = CARTESIAN_POINT('',(122.69680831362,-151.5941440063,
    -387.3476602656));
#15897 = LINE('',#15898,#15899);
#15898 = CARTESIAN_POINT('',(122.69680831362,-151.5941440063,
    -436.6140066288));
#15899 = VECTOR('',#15900,1.);
#15900 = DIRECTION('',(1.921312655753E-14,1.058360049431E-13,1.));
#15901 = ORIENTED_EDGE('',*,*,#15902,.T.);
#15902 = EDGE_CURVE('',#15895,#15199,#15903,.T.);
#15903 = CIRCLE('',#15904,5.);
#15904 = AXIS2_PLACEMENT_3D('',#15905,#15906,#15907);
#15905 = CARTESIAN_POINT('',(127.69680831362,-151.5941440063,
    -387.3476602656));
#15906 = DIRECTION('',(-2.153159805345E-16,1.,-1.058360049431E-13));
#15907 = DIRECTION('',(-0.707106781187,7.468510539904E-14,0.707106781187
    ));
#15908 = ORIENTED_EDGE('',*,*,#15206,.T.);
#15909 = ORIENTED_EDGE('',*,*,#15173,.T.);
#15910 = ORIENTED_EDGE('',*,*,#15157,.F.);
#15911 = ORIENTED_EDGE('',*,*,#15124,.T.);
#15912 = ORIENTED_EDGE('',*,*,#15913,.T.);
#15913 = EDGE_CURVE('',#15117,#15884,#15914,.T.);
#15914 = LINE('',#15915,#15916);
#15915 = CARTESIAN_POINT('',(226.07629563384,-151.5941440063,
    -444.3476602656));
#15916 = VECTOR('',#15917,1.);
#15917 = DIRECTION('',(-1.,-2.153159805324E-16,1.921312655753E-14));
#15918 = PLANE('',#15919);
#15919 = AXIS2_PLACEMENT_3D('',#15920,#15921,#15922);
#15920 = CARTESIAN_POINT('',(341.69678295407,-151.5941440063,
    -413.347352992));
#15921 = DIRECTION('',(2.153159805343E-16,-1.,1.058325354962E-13));
#15922 = DIRECTION('',(1.,2.153159805325E-16,-1.784683511423E-14));
#15923 = ADVANCED_FACE('',(#15924),#15935,.T.);
#15924 = FACE_BOUND('',#15925,.T.);
#15925 = EDGE_LOOP('',(#15926,#15927,#15928,#15934));
#15926 = ORIENTED_EDGE('',*,*,#15631,.F.);
#15927 = ORIENTED_EDGE('',*,*,#11898,.F.);
#15928 = ORIENTED_EDGE('',*,*,#15929,.F.);
#15929 = EDGE_CURVE('',#15714,#11899,#15930,.T.);
#15930 = LINE('',#15931,#15932);
#15931 = CARTESIAN_POINT('',(417.69678295407,-154.5941440063,
    -455.347352992));
#15932 = VECTOR('',#15933,1.);
#15933 = DIRECTION('',(-1.110214554297E-16,1.,-1.066924343605E-13));
#15934 = ORIENTED_EDGE('',*,*,#15713,.F.);
#15935 = PLANE('',#15936);
#15936 = AXIS2_PLACEMENT_3D('',#15937,#15938,#15939);
#15937 = CARTESIAN_POINT('',(417.69678295407,-154.5941440063,
    -457.347352992));
#15938 = DIRECTION('',(-1.,-1.110214554296E-16,1.42941213097E-15));
#15939 = DIRECTION('',(1.42941213097E-15,1.058493553631E-13,1.));
#15940 = ADVANCED_FACE('',(#15941),#15952,.T.);
#15941 = FACE_BOUND('',#15942,.T.);
#15942 = EDGE_LOOP('',(#15943,#15944,#15945,#15951));
#15943 = ORIENTED_EDGE('',*,*,#15689,.F.);
#15944 = ORIENTED_EDGE('',*,*,#15747,.F.);
#15945 = ORIENTED_EDGE('',*,*,#15946,.F.);
#15946 = EDGE_CURVE('',#11935,#15739,#15947,.T.);
#15947 = LINE('',#15948,#15949);
#15948 = CARTESIAN_POINT('',(110.69678295406,-154.5941440063,
    -455.347352992));
#15949 = VECTOR('',#15950,1.);
#15950 = DIRECTION('',(1.110214554297E-16,-1.,1.066924343605E-13));
#15951 = ORIENTED_EDGE('',*,*,#11934,.F.);
#15952 = PLANE('',#15953);
#15953 = AXIS2_PLACEMENT_3D('',#15954,#15955,#15956);
#15954 = CARTESIAN_POINT('',(110.69678295406,-154.5941440063,
    -369.347352992));
#15955 = DIRECTION('',(1.,1.110214554296E-16,-1.02569466747E-15));
#15956 = DIRECTION('',(-1.02569466747E-15,-1.058493553631E-13,-1.));
#15957 = ADVANCED_FACE('',(#15958,#15961),#15972,.T.);
#15958 = FACE_BOUND('',#15959,.T.);
#15959 = EDGE_LOOP('',(#15960));
#15960 = ORIENTED_EDGE('',*,*,#14891,.F.);
#15961 = FACE_BOUND('',#15962,.T.);
#15962 = EDGE_LOOP('',(#15963));
#15963 = ORIENTED_EDGE('',*,*,#15964,.F.);
#15964 = EDGE_CURVE('',#15965,#15965,#15967,.T.);
#15965 = VERTEX_POINT('',#15966);
#15966 = CARTESIAN_POINT('',(272.69678295407,-152.5943824537,
    -442.297352992));
#15967 = CIRCLE('',#15968,1.75);
#15968 = AXIS2_PLACEMENT_3D('',#15969,#15970,#15971);
#15969 = CARTESIAN_POINT('',(272.69678295407,-152.5943824537,
    -440.547352992));
#15970 = DIRECTION('',(-5.693050114613E-30,-1.,5.195843755246E-14));
#15971 = DIRECTION('',(1.79086145036E-14,5.195843755246E-14,1.));
#15972 = PLANE('',#15973);
#15973 = AXIS2_PLACEMENT_3D('',#15974,#15975,#15976);
#15974 = CARTESIAN_POINT('',(264.19636790679,-152.5943824536,
    -159.3470205699));
#15975 = DIRECTION('',(-5.693050114613E-30,-1.,5.195843755246E-14));
#15976 = DIRECTION('',(1.,-1.218266296756E-29,-1.249000770354E-16));
#15977 = ADVANCED_FACE('',(#15978),#15997,.F.);
#15978 = FACE_BOUND('',#15979,.F.);
#15979 = EDGE_LOOP('',(#15980,#15988,#15995,#15996));
#15980 = ORIENTED_EDGE('',*,*,#15981,.T.);
#15981 = EDGE_CURVE('',#1568,#15982,#15984,.T.);
#15982 = VERTEX_POINT('',#15983);
#15983 = CARTESIAN_POINT('',(113.59678295406,-152.5943824537,
    -376.647352992));
#15984 = LINE('',#15985,#15986);
#15985 = CARTESIAN_POINT('',(113.59678295406,-156.5943824537,
    -376.647352992));
#15986 = VECTOR('',#15987,1.);
#15987 = DIRECTION('',(-1.110214554296E-16,1.,-7.116529757254E-14));
#15988 = ORIENTED_EDGE('',*,*,#15989,.F.);
#15989 = EDGE_CURVE('',#15982,#15982,#15990,.T.);
#15990 = CIRCLE('',#15991,4.1);
#15991 = AXIS2_PLACEMENT_3D('',#15992,#15993,#15994);
#15992 = CARTESIAN_POINT('',(117.69678295406,-152.5943824537,
    -376.647352992));
#15993 = DIRECTION('',(5.693050114613E-30,1.,-5.195843755246E-14));
#15994 = DIRECTION('',(1.,-1.218266296756E-29,-1.249000770354E-16));
#15995 = ORIENTED_EDGE('',*,*,#15981,.F.);
#15996 = ORIENTED_EDGE('',*,*,#1567,.T.);
#15997 = CYLINDRICAL_SURFACE('',#15998,4.1);
#15998 = AXIS2_PLACEMENT_3D('',#15999,#16000,#16001);
#15999 = CARTESIAN_POINT('',(117.69678295406,-156.5943824537,
    -376.647352992));
#16000 = DIRECTION('',(-1.110214554296E-16,1.,-7.116529757254E-14));
#16001 = DIRECTION('',(1.,1.110214554296E-16,-1.249000770354E-16));
#16002 = ADVANCED_FACE('',(#16003,#16006),#16017,.T.);
#16003 = FACE_BOUND('',#16004,.T.);
#16004 = EDGE_LOOP('',(#16005));
#16005 = ORIENTED_EDGE('',*,*,#15989,.F.);
#16006 = FACE_BOUND('',#16007,.T.);
#16007 = EDGE_LOOP('',(#16008));
#16008 = ORIENTED_EDGE('',*,*,#16009,.F.);
#16009 = EDGE_CURVE('',#16010,#16010,#16012,.T.);
#16010 = VERTEX_POINT('',#16011);
#16011 = CARTESIAN_POINT('',(117.69678295406,-152.5943824537,
    -378.397352992));
#16012 = CIRCLE('',#16013,1.75);
#16013 = AXIS2_PLACEMENT_3D('',#16014,#16015,#16016);
#16014 = CARTESIAN_POINT('',(117.69678295406,-152.5943824537,
    -376.647352992));
#16015 = DIRECTION('',(-5.693050114613E-30,-1.,5.195843755246E-14));
#16016 = DIRECTION('',(1.921312655753E-14,5.195843755246E-14,1.));
#16017 = PLANE('',#16018);
#16018 = AXIS2_PLACEMENT_3D('',#16019,#16020,#16021);
#16019 = CARTESIAN_POINT('',(264.19636790679,-152.5943824536,
    -159.3470205699));
#16020 = DIRECTION('',(-5.693050114613E-30,-1.,5.195843755246E-14));
#16021 = DIRECTION('',(1.,-1.218266296756E-29,-1.249000770354E-16));
#16022 = ADVANCED_FACE('',(#16023),#16042,.F.);
#16023 = FACE_BOUND('',#16024,.F.);
#16024 = EDGE_LOOP('',(#16025,#16033,#16040,#16041));
#16025 = ORIENTED_EDGE('',*,*,#16026,.T.);
#16026 = EDGE_CURVE('',#1557,#16027,#16029,.T.);
#16027 = VERTEX_POINT('',#16028);
#16028 = CARTESIAN_POINT('',(251.59678295406,-152.5943824537,
    -376.647352992));
#16029 = LINE('',#16030,#16031);
#16030 = CARTESIAN_POINT('',(251.59678295406,-156.5943824537,
    -376.647352992));
#16031 = VECTOR('',#16032,1.);
#16032 = DIRECTION('',(-1.110214554296E-16,1.,-7.116529757254E-14));
#16033 = ORIENTED_EDGE('',*,*,#16034,.F.);
#16034 = EDGE_CURVE('',#16027,#16027,#16035,.T.);
#16035 = CIRCLE('',#16036,4.1);
#16036 = AXIS2_PLACEMENT_3D('',#16037,#16038,#16039);
#16037 = CARTESIAN_POINT('',(255.69678295406,-152.5943824537,
    -376.647352992));
#16038 = DIRECTION('',(5.693050114613E-30,1.,-5.195843755246E-14));
#16039 = DIRECTION('',(1.,-1.218266296756E-29,-1.249000770354E-16));
#16040 = ORIENTED_EDGE('',*,*,#16026,.F.);
#16041 = ORIENTED_EDGE('',*,*,#1556,.T.);
#16042 = CYLINDRICAL_SURFACE('',#16043,4.1);
#16043 = AXIS2_PLACEMENT_3D('',#16044,#16045,#16046);
#16044 = CARTESIAN_POINT('',(255.69678295406,-156.5943824537,
    -376.647352992));
#16045 = DIRECTION('',(-1.110214554296E-16,1.,-7.116529757254E-14));
#16046 = DIRECTION('',(1.,1.110214554296E-16,-1.249000770354E-16));
#16047 = ADVANCED_FACE('',(#16048,#16051),#16062,.T.);
#16048 = FACE_BOUND('',#16049,.T.);
#16049 = EDGE_LOOP('',(#16050));
#16050 = ORIENTED_EDGE('',*,*,#16034,.F.);
#16051 = FACE_BOUND('',#16052,.T.);
#16052 = EDGE_LOOP('',(#16053));
#16053 = ORIENTED_EDGE('',*,*,#16054,.F.);
#16054 = EDGE_CURVE('',#16055,#16055,#16057,.T.);
#16055 = VERTEX_POINT('',#16056);
#16056 = CARTESIAN_POINT('',(255.69678295406,-152.5943824537,
    -378.397352992));
#16057 = CIRCLE('',#16058,1.75);
#16058 = AXIS2_PLACEMENT_3D('',#16059,#16060,#16061);
#16059 = CARTESIAN_POINT('',(255.69678295406,-152.5943824537,
    -376.647352992));
#16060 = DIRECTION('',(-5.693050114613E-30,-1.,5.195843755246E-14));
#16061 = DIRECTION('',(1.921312655753E-14,5.195843755246E-14,1.));
#16062 = PLANE('',#16063);
#16063 = AXIS2_PLACEMENT_3D('',#16064,#16065,#16066);
#16064 = CARTESIAN_POINT('',(264.19636790679,-152.5943824536,
    -159.3470205699));
#16065 = DIRECTION('',(-5.693050114613E-30,-1.,5.195843755246E-14));
#16066 = DIRECTION('',(1.,-1.218266296756E-29,-1.249000770354E-16));
#16067 = ADVANCED_FACE('',(#16068),#16087,.F.);
#16068 = FACE_BOUND('',#16069,.F.);
#16069 = EDGE_LOOP('',(#16070,#16078,#16085,#16086));
#16070 = ORIENTED_EDGE('',*,*,#16071,.T.);
#16071 = EDGE_CURVE('',#1546,#16072,#16074,.T.);
#16072 = VERTEX_POINT('',#16073);
#16073 = CARTESIAN_POINT('',(382.5967627683,-152.5943824537,
    -450.347352992));
#16074 = LINE('',#16075,#16076);
#16075 = CARTESIAN_POINT('',(382.5967627683,-156.5943824537,
    -450.347352992));
#16076 = VECTOR('',#16077,1.);
#16077 = DIRECTION('',(-1.110214554296E-16,1.,-7.116529757254E-14));
#16078 = ORIENTED_EDGE('',*,*,#16079,.F.);
#16079 = EDGE_CURVE('',#16072,#16072,#16080,.T.);
#16080 = CIRCLE('',#16081,4.1);
#16081 = AXIS2_PLACEMENT_3D('',#16082,#16083,#16084);
#16082 = CARTESIAN_POINT('',(386.6967627683,-152.5943824537,
    -450.347352992));
#16083 = DIRECTION('',(5.693050114613E-30,1.,-5.195843755246E-14));
#16084 = DIRECTION('',(1.,-1.218266296756E-29,-1.249000770354E-16));
#16085 = ORIENTED_EDGE('',*,*,#16071,.F.);
#16086 = ORIENTED_EDGE('',*,*,#1545,.T.);
#16087 = CYLINDRICAL_SURFACE('',#16088,4.1);
#16088 = AXIS2_PLACEMENT_3D('',#16089,#16090,#16091);
#16089 = CARTESIAN_POINT('',(386.6967627683,-156.5943824537,
    -450.347352992));
#16090 = DIRECTION('',(-1.110214554296E-16,1.,-7.116529757254E-14));
#16091 = DIRECTION('',(1.,1.110214554296E-16,-1.249000770354E-16));
#16092 = ADVANCED_FACE('',(#16093,#16096),#16107,.T.);
#16093 = FACE_BOUND('',#16094,.T.);
#16094 = EDGE_LOOP('',(#16095));
#16095 = ORIENTED_EDGE('',*,*,#16079,.F.);
#16096 = FACE_BOUND('',#16097,.T.);
#16097 = EDGE_LOOP('',(#16098));
#16098 = ORIENTED_EDGE('',*,*,#16099,.F.);
#16099 = EDGE_CURVE('',#16100,#16100,#16102,.T.);
#16100 = VERTEX_POINT('',#16101);
#16101 = CARTESIAN_POINT('',(386.6967627683,-152.5943824537,
    -452.097352992));
#16102 = CIRCLE('',#16103,1.75);
#16103 = AXIS2_PLACEMENT_3D('',#16104,#16105,#16106);
#16104 = CARTESIAN_POINT('',(386.6967627683,-152.5943824537,
    -450.347352992));
#16105 = DIRECTION('',(-5.693050114613E-30,-1.,5.195843755246E-14));
#16106 = DIRECTION('',(1.79086145036E-14,5.195843755246E-14,1.));
#16107 = PLANE('',#16108);
#16108 = AXIS2_PLACEMENT_3D('',#16109,#16110,#16111);
#16109 = CARTESIAN_POINT('',(264.19636790679,-152.5943824536,
    -159.3470205699));
#16110 = DIRECTION('',(-5.693050114613E-30,-1.,5.195843755246E-14));
#16111 = DIRECTION('',(1.,-1.218266296756E-29,-1.249000770354E-16));
#16112 = ADVANCED_FACE('',(#16113),#16132,.F.);
#16113 = FACE_BOUND('',#16114,.F.);
#16114 = EDGE_LOOP('',(#16115,#16123,#16130,#16131));
#16115 = ORIENTED_EDGE('',*,*,#16116,.T.);
#16116 = EDGE_CURVE('',#1535,#16117,#16119,.T.);
#16117 = VERTEX_POINT('',#16118);
#16118 = CARTESIAN_POINT('',(268.59678295407,-152.5943824537,
    -376.647352992));
#16119 = LINE('',#16120,#16121);
#16120 = CARTESIAN_POINT('',(268.59678295407,-156.5943824537,
    -376.647352992));
#16121 = VECTOR('',#16122,1.);
#16122 = DIRECTION('',(-1.110214554296E-16,1.,-7.116529757254E-14));
#16123 = ORIENTED_EDGE('',*,*,#16124,.F.);
#16124 = EDGE_CURVE('',#16117,#16117,#16125,.T.);
#16125 = CIRCLE('',#16126,4.1);
#16126 = AXIS2_PLACEMENT_3D('',#16127,#16128,#16129);
#16127 = CARTESIAN_POINT('',(272.69678295407,-152.5943824537,
    -376.647352992));
#16128 = DIRECTION('',(5.693050114613E-30,1.,-5.195843755246E-14));
#16129 = DIRECTION('',(1.,-1.218266296756E-29,-1.249000770354E-16));
#16130 = ORIENTED_EDGE('',*,*,#16116,.F.);
#16131 = ORIENTED_EDGE('',*,*,#1534,.T.);
#16132 = CYLINDRICAL_SURFACE('',#16133,4.1);
#16133 = AXIS2_PLACEMENT_3D('',#16134,#16135,#16136);
#16134 = CARTESIAN_POINT('',(272.69678295407,-156.5943824537,
    -376.647352992));
#16135 = DIRECTION('',(-1.110214554296E-16,1.,-7.116529757254E-14));
#16136 = DIRECTION('',(1.,1.110214554296E-16,-1.249000770354E-16));
#16137 = ADVANCED_FACE('',(#16138,#16141),#16152,.T.);
#16138 = FACE_BOUND('',#16139,.T.);
#16139 = EDGE_LOOP('',(#16140));
#16140 = ORIENTED_EDGE('',*,*,#16124,.F.);
#16141 = FACE_BOUND('',#16142,.T.);
#16142 = EDGE_LOOP('',(#16143));
#16143 = ORIENTED_EDGE('',*,*,#16144,.F.);
#16144 = EDGE_CURVE('',#16145,#16145,#16147,.T.);
#16145 = VERTEX_POINT('',#16146);
#16146 = CARTESIAN_POINT('',(272.69678295407,-152.5943824537,
    -378.397352992));
#16147 = CIRCLE('',#16148,1.75);
#16148 = AXIS2_PLACEMENT_3D('',#16149,#16150,#16151);
#16149 = CARTESIAN_POINT('',(272.69678295407,-152.5943824537,
    -376.647352992));
#16150 = DIRECTION('',(-5.693050114613E-30,-1.,5.195843755246E-14));
#16151 = DIRECTION('',(1.79086145036E-14,5.195843755246E-14,1.));
#16152 = PLANE('',#16153);
#16153 = AXIS2_PLACEMENT_3D('',#16154,#16155,#16156);
#16154 = CARTESIAN_POINT('',(264.19636790679,-152.5943824536,
    -159.3470205699));
#16155 = DIRECTION('',(-5.693050114613E-30,-1.,5.195843755246E-14));
#16156 = DIRECTION('',(1.,-1.218266296756E-29,-1.249000770354E-16));
#16157 = ADVANCED_FACE('',(#16158,#16161),#16172,.T.);
#16158 = FACE_BOUND('',#16159,.T.);
#16159 = EDGE_LOOP('',(#16160));
#16160 = ORIENTED_EDGE('',*,*,#15229,.F.);
#16161 = FACE_BOUND('',#16162,.T.);
#16162 = EDGE_LOOP('',(#16163));
#16163 = ORIENTED_EDGE('',*,*,#16164,.F.);
#16164 = EDGE_CURVE('',#16165,#16165,#16167,.T.);
#16165 = VERTEX_POINT('',#16166);
#16166 = CARTESIAN_POINT('',(117.69678295406,-152.5943824537,
    -442.297352992));
#16167 = CIRCLE('',#16168,1.75);
#16168 = AXIS2_PLACEMENT_3D('',#16169,#16170,#16171);
#16169 = CARTESIAN_POINT('',(117.69678295406,-152.5943824537,
    -440.547352992));
#16170 = DIRECTION('',(-5.693050114613E-30,-1.,5.195843755246E-14));
#16171 = DIRECTION('',(1.921312655753E-14,5.195843755246E-14,1.));
#16172 = PLANE('',#16173);
#16173 = AXIS2_PLACEMENT_3D('',#16174,#16175,#16176);
#16174 = CARTESIAN_POINT('',(264.19636790679,-152.5943824536,
    -159.3470205699));
#16175 = DIRECTION('',(-5.693050114613E-30,-1.,5.195843755246E-14));
#16176 = DIRECTION('',(1.,-1.218266296756E-29,-1.249000770354E-16));
#16177 = ADVANCED_FACE('',(#16178),#16197,.F.);
#16178 = FACE_BOUND('',#16179,.F.);
#16179 = EDGE_LOOP('',(#16180,#16188,#16195,#16196));
#16180 = ORIENTED_EDGE('',*,*,#16181,.T.);
#16181 = EDGE_CURVE('',#1524,#16182,#16184,.T.);
#16182 = VERTEX_POINT('',#16183);
#16183 = CARTESIAN_POINT('',(227.5967627683,-152.5943824537,
    -450.347352992));
#16184 = LINE('',#16185,#16186);
#16185 = CARTESIAN_POINT('',(227.5967627683,-156.5943824537,
    -450.347352992));
#16186 = VECTOR('',#16187,1.);
#16187 = DIRECTION('',(-1.110214554296E-16,1.,-7.116529757254E-14));
#16188 = ORIENTED_EDGE('',*,*,#16189,.F.);
#16189 = EDGE_CURVE('',#16182,#16182,#16190,.T.);
#16190 = CIRCLE('',#16191,4.1);
#16191 = AXIS2_PLACEMENT_3D('',#16192,#16193,#16194);
#16192 = CARTESIAN_POINT('',(231.6967627683,-152.5943824537,
    -450.347352992));
#16193 = DIRECTION('',(5.693050114613E-30,1.,-5.195843755246E-14));
#16194 = DIRECTION('',(1.,-1.218266296756E-29,-1.249000770354E-16));
#16195 = ORIENTED_EDGE('',*,*,#16181,.F.);
#16196 = ORIENTED_EDGE('',*,*,#1523,.T.);
#16197 = CYLINDRICAL_SURFACE('',#16198,4.1);
#16198 = AXIS2_PLACEMENT_3D('',#16199,#16200,#16201);
#16199 = CARTESIAN_POINT('',(231.6967627683,-156.5943824537,
    -450.347352992));
#16200 = DIRECTION('',(-1.110214554296E-16,1.,-7.116529757254E-14));
#16201 = DIRECTION('',(1.,1.110214554296E-16,-1.249000770354E-16));
#16202 = ADVANCED_FACE('',(#16203,#16206),#16217,.T.);
#16203 = FACE_BOUND('',#16204,.T.);
#16204 = EDGE_LOOP('',(#16205));
#16205 = ORIENTED_EDGE('',*,*,#16189,.F.);
#16206 = FACE_BOUND('',#16207,.T.);
#16207 = EDGE_LOOP('',(#16208));
#16208 = ORIENTED_EDGE('',*,*,#16209,.F.);
#16209 = EDGE_CURVE('',#16210,#16210,#16212,.T.);
#16210 = VERTEX_POINT('',#16211);
#16211 = CARTESIAN_POINT('',(231.6967627683,-152.5943824537,
    -452.097352992));
#16212 = CIRCLE('',#16213,1.75);
#16213 = AXIS2_PLACEMENT_3D('',#16214,#16215,#16216);
#16214 = CARTESIAN_POINT('',(231.6967627683,-152.5943824537,
    -450.347352992));
#16215 = DIRECTION('',(-5.693050114613E-30,-1.,5.195843755246E-14));
#16216 = DIRECTION('',(1.921312655753E-14,5.195843755246E-14,1.));
#16217 = PLANE('',#16218);
#16218 = AXIS2_PLACEMENT_3D('',#16219,#16220,#16221);
#16219 = CARTESIAN_POINT('',(264.19636790679,-152.5943824536,
    -159.3470205699));
#16220 = DIRECTION('',(-5.693050114613E-30,-1.,5.195843755246E-14));
#16221 = DIRECTION('',(1.,-1.218266296756E-29,-1.249000770354E-16));
#16222 = ADVANCED_FACE('',(#16223),#16242,.F.);
#16223 = FACE_BOUND('',#16224,.F.);
#16224 = EDGE_LOOP('',(#16225,#16233,#16240,#16241));
#16225 = ORIENTED_EDGE('',*,*,#16226,.T.);
#16226 = EDGE_CURVE('',#1513,#16227,#16229,.T.);
#16227 = VERTEX_POINT('',#16228);
#16228 = CARTESIAN_POINT('',(406.59678295407,-152.5943824537,
    -376.647352992));
#16229 = LINE('',#16230,#16231);
#16230 = CARTESIAN_POINT('',(406.59678295407,-156.5943824537,
    -376.647352992));
#16231 = VECTOR('',#16232,1.);
#16232 = DIRECTION('',(-1.110214554296E-16,1.,-7.116529757254E-14));
#16233 = ORIENTED_EDGE('',*,*,#16234,.F.);
#16234 = EDGE_CURVE('',#16227,#16227,#16235,.T.);
#16235 = CIRCLE('',#16236,4.1);
#16236 = AXIS2_PLACEMENT_3D('',#16237,#16238,#16239);
#16237 = CARTESIAN_POINT('',(410.69678295407,-152.5943824537,
    -376.647352992));
#16238 = DIRECTION('',(5.693050114613E-30,1.,-5.195843755246E-14));
#16239 = DIRECTION('',(1.,-1.218266296756E-29,-1.249000770354E-16));
#16240 = ORIENTED_EDGE('',*,*,#16226,.F.);
#16241 = ORIENTED_EDGE('',*,*,#1512,.T.);
#16242 = CYLINDRICAL_SURFACE('',#16243,4.1);
#16243 = AXIS2_PLACEMENT_3D('',#16244,#16245,#16246);
#16244 = CARTESIAN_POINT('',(410.69678295407,-156.5943824537,
    -376.647352992));
#16245 = DIRECTION('',(-1.110214554296E-16,1.,-7.116529757254E-14));
#16246 = DIRECTION('',(1.,1.110214554296E-16,-1.249000770354E-16));
#16247 = ADVANCED_FACE('',(#16248,#16251),#16262,.T.);
#16248 = FACE_BOUND('',#16249,.T.);
#16249 = EDGE_LOOP('',(#16250));
#16250 = ORIENTED_EDGE('',*,*,#16234,.F.);
#16251 = FACE_BOUND('',#16252,.T.);
#16252 = EDGE_LOOP('',(#16253));
#16253 = ORIENTED_EDGE('',*,*,#16254,.F.);
#16254 = EDGE_CURVE('',#16255,#16255,#16257,.T.);
#16255 = VERTEX_POINT('',#16256);
#16256 = CARTESIAN_POINT('',(410.69678295407,-152.5943824537,
    -378.397352992));
#16257 = CIRCLE('',#16258,1.75);
#16258 = AXIS2_PLACEMENT_3D('',#16259,#16260,#16261);
#16259 = CARTESIAN_POINT('',(410.69678295407,-152.5943824537,
    -376.647352992));
#16260 = DIRECTION('',(-5.693050114613E-30,-1.,5.195843755246E-14));
#16261 = DIRECTION('',(1.79086145036E-14,5.195843755246E-14,1.));
#16262 = PLANE('',#16263);
#16263 = AXIS2_PLACEMENT_3D('',#16264,#16265,#16266);
#16264 = CARTESIAN_POINT('',(264.19636790679,-152.5943824536,
    -159.3470205699));
#16265 = DIRECTION('',(-5.693050114613E-30,-1.,5.195843755246E-14));
#16266 = DIRECTION('',(1.,-1.218266296756E-29,-1.249000770354E-16));
#16267 = ADVANCED_FACE('',(#16268),#16279,.F.);
#16268 = FACE_BOUND('',#16269,.F.);
#16269 = EDGE_LOOP('',(#16270,#16271,#16272,#16278));
#16270 = ORIENTED_EDGE('',*,*,#15198,.T.);
#16271 = ORIENTED_EDGE('',*,*,#15902,.F.);
#16272 = ORIENTED_EDGE('',*,*,#16273,.F.);
#16273 = EDGE_CURVE('',#15076,#15895,#16274,.T.);
#16274 = LINE('',#16275,#16276);
#16275 = CARTESIAN_POINT('',(122.69680831362,-159.5943824537,
    -387.3476602656));
#16276 = VECTOR('',#16277,1.);
#16277 = DIRECTION('',(-8.470330030322E-22,1.,-5.056371818371E-14));
#16278 = ORIENTED_EDGE('',*,*,#15098,.T.);
#16279 = CYLINDRICAL_SURFACE('',#16280,5.);
#16280 = AXIS2_PLACEMENT_3D('',#16281,#16282,#16283);
#16281 = CARTESIAN_POINT('',(127.69680831362,-159.5943824537,
    -387.3476602656));
#16282 = DIRECTION('',(-8.470330030322E-22,1.,-5.056371818371E-14));
#16283 = DIRECTION('',(-0.707106781187,3.575394741076E-14,0.707106781187
    ));
#16284 = ADVANCED_FACE('',(#16285),#16296,.F.);
#16285 = FACE_BOUND('',#16286,.T.);
#16286 = EDGE_LOOP('',(#16287,#16288,#16294,#16295));
#16287 = ORIENTED_EDGE('',*,*,#15075,.F.);
#16288 = ORIENTED_EDGE('',*,*,#16289,.F.);
#16289 = EDGE_CURVE('',#15886,#15041,#16290,.T.);
#16290 = LINE('',#16291,#16292);
#16291 = CARTESIAN_POINT('',(122.69680831362,-159.5943824537,
    -439.3476602656));
#16292 = VECTOR('',#16293,1.);
#16293 = DIRECTION('',(8.470330030322E-22,-1.,5.056371818371E-14));
#16294 = ORIENTED_EDGE('',*,*,#15894,.T.);
#16295 = ORIENTED_EDGE('',*,*,#16273,.F.);
#16296 = PLANE('',#16297);
#16297 = AXIS2_PLACEMENT_3D('',#16298,#16299,#16300);
#16298 = CARTESIAN_POINT('',(122.69680831362,-159.5943824537,
    -459.8806602656));
#16299 = DIRECTION('',(-1.,-8.470320315417E-22,1.921312655753E-14));
#16300 = DIRECTION('',(1.921312655753E-14,5.200700980978E-14,1.));
#16301 = ADVANCED_FACE('',(#16302),#16313,.F.);
#16302 = FACE_BOUND('',#16303,.F.);
#16303 = EDGE_LOOP('',(#16304,#16305,#16306,#16312));
#16304 = ORIENTED_EDGE('',*,*,#16289,.F.);
#16305 = ORIENTED_EDGE('',*,*,#15883,.F.);
#16306 = ORIENTED_EDGE('',*,*,#16307,.F.);
#16307 = EDGE_CURVE('',#15016,#15884,#16308,.T.);
#16308 = LINE('',#16309,#16310);
#16309 = CARTESIAN_POINT('',(127.69680831362,-159.5943824537,
    -444.3476602656));
#16310 = VECTOR('',#16311,1.);
#16311 = DIRECTION('',(-8.470330030322E-22,1.,-5.056371818371E-14));
#16312 = ORIENTED_EDGE('',*,*,#15048,.T.);
#16313 = CYLINDRICAL_SURFACE('',#16314,5.);
#16314 = AXIS2_PLACEMENT_3D('',#16315,#16316,#16317);
#16315 = CARTESIAN_POINT('',(127.69680831362,-159.5943824537,
    -439.3476602656));
#16316 = DIRECTION('',(8.470330030322E-22,-1.,5.056371818371E-14));
#16317 = DIRECTION('',(-0.707106781187,-3.575394860865E-14,
    -0.707106781187));
#16318 = ADVANCED_FACE('',(#16319),#16325,.F.);
#16319 = FACE_BOUND('',#16320,.T.);
#16320 = EDGE_LOOP('',(#16321,#16322,#16323,#16324));
#16321 = ORIENTED_EDGE('',*,*,#15025,.F.);
#16322 = ORIENTED_EDGE('',*,*,#15116,.F.);
#16323 = ORIENTED_EDGE('',*,*,#15913,.T.);
#16324 = ORIENTED_EDGE('',*,*,#16307,.F.);
#16325 = PLANE('',#16326);
#16326 = AXIS2_PLACEMENT_3D('',#16327,#16328,#16329);
#16327 = CARTESIAN_POINT('',(265.45580831362,-159.5943824537,
    -444.3476602656));
#16328 = DIRECTION('',(-1.921312655753E-14,-5.056371818371E-14,-1.));
#16329 = DIRECTION('',(-1.,9.124585721521E-28,1.921312655753E-14));
#16330 = ADVANCED_FACE('',(#16331),#16347,.F.);
#16331 = FACE_BOUND('',#16332,.F.);
#16332 = EDGE_LOOP('',(#16333,#16339,#16340,#16346));
#16333 = ORIENTED_EDGE('',*,*,#16334,.F.);
#16334 = EDGE_CURVE('',#15760,#14703,#16335,.T.);
#16335 = LINE('',#16336,#16337);
#16336 = CARTESIAN_POINT('',(277.69680831362,-159.5943824537,
    -439.3476602656));
#16337 = VECTOR('',#16338,1.);
#16338 = DIRECTION('',(8.470329366935E-22,-1.,5.056024873675E-14));
#16339 = ORIENTED_EDGE('',*,*,#15757,.F.);
#16340 = ORIENTED_EDGE('',*,*,#16341,.F.);
#16341 = EDGE_CURVE('',#14678,#15758,#16342,.T.);
#16342 = LINE('',#16343,#16344);
#16343 = CARTESIAN_POINT('',(282.69680831362,-159.5943824537,
    -444.3476602656));
#16344 = VECTOR('',#16345,1.);
#16345 = DIRECTION('',(-8.470329366935E-22,1.,-5.056024873675E-14));
#16346 = ORIENTED_EDGE('',*,*,#14710,.T.);
#16347 = CYLINDRICAL_SURFACE('',#16348,5.);
#16348 = AXIS2_PLACEMENT_3D('',#16349,#16350,#16351);
#16349 = CARTESIAN_POINT('',(282.69680831362,-159.5943824537,
    -439.3476602656));
#16350 = DIRECTION('',(8.470329366935E-22,-1.,5.056024873675E-14));
#16351 = DIRECTION('',(-0.707106781187,-3.575149533918E-14,
    -0.707106781187));
#16352 = ADVANCED_FACE('',(#16353),#16359,.F.);
#16353 = FACE_BOUND('',#16354,.T.);
#16354 = EDGE_LOOP('',(#16355,#16356,#16357,#16358));
#16355 = ORIENTED_EDGE('',*,*,#14687,.F.);
#16356 = ORIENTED_EDGE('',*,*,#14778,.F.);
#16357 = ORIENTED_EDGE('',*,*,#15787,.T.);
#16358 = ORIENTED_EDGE('',*,*,#16341,.F.);
#16359 = PLANE('',#16360);
#16360 = AXIS2_PLACEMENT_3D('',#16361,#16362,#16363);
#16361 = CARTESIAN_POINT('',(420.45580831362,-159.5943824537,
    -444.3476602656));
#16362 = DIRECTION('',(-1.79086145036E-14,-5.056024873675E-14,-1.));
#16363 = DIRECTION('',(-1.,9.128560818827E-28,1.79086145036E-14));
#16364 = ADVANCED_FACE('',(#16365),#16376,.F.);
#16365 = FACE_BOUND('',#16366,.T.);
#16366 = EDGE_LOOP('',(#16367,#16368,#16369,#16370));
#16367 = ORIENTED_EDGE('',*,*,#14746,.F.);
#16368 = ORIENTED_EDGE('',*,*,#16334,.F.);
#16369 = ORIENTED_EDGE('',*,*,#15768,.T.);
#16370 = ORIENTED_EDGE('',*,*,#16371,.F.);
#16371 = EDGE_CURVE('',#14737,#15769,#16372,.T.);
#16372 = LINE('',#16373,#16374);
#16373 = CARTESIAN_POINT('',(277.69680831362,-159.5943824537,
    -387.3476602656));
#16374 = VECTOR('',#16375,1.);
#16375 = DIRECTION('',(-8.470329366935E-22,1.,-5.056024873675E-14));
#16376 = PLANE('',#16377);
#16377 = AXIS2_PLACEMENT_3D('',#16378,#16379,#16380);
#16378 = CARTESIAN_POINT('',(277.69680831362,-159.5943824537,
    -459.8806602656));
#16379 = DIRECTION('',(-1.,-8.470320312428E-22,1.79086145036E-14));
#16380 = DIRECTION('',(1.79086145036E-14,5.200354036283E-14,1.));
#16381 = ADVANCED_FACE('',(#16382),#16393,.T.);
#16382 = FACE_BOUND('',#16383,.T.);
#16383 = EDGE_LOOP('',(#16384,#16385,#16391,#16392));
#16384 = ORIENTED_EDGE('',*,*,#10379,.F.);
#16385 = ORIENTED_EDGE('',*,*,#16386,.T.);
#16386 = EDGE_CURVE('',#10372,#11770,#16387,.T.);
#16387 = LINE('',#16388,#16389);
#16388 = CARTESIAN_POINT('',(15.196395427789,-146.5950251985,
    143.90296757549));
#16389 = VECTOR('',#16390,1.);
#16390 = DIRECTION('',(1.110209776768E-16,1.,-4.571807428086E-08));
#16391 = ORIENTED_EDGE('',*,*,#11769,.F.);
#16392 = ORIENTED_EDGE('',*,*,#10467,.F.);
#16393 = PLANE('',#16394);
#16394 = AXIS2_PLACEMENT_3D('',#16395,#16396,#16397);
#16395 = CARTESIAN_POINT('',(15.196395427785,-154.5941440063,
    -274.347352992));
#16396 = DIRECTION('',(-1.,1.110214554295E-16,1.04499741862E-14));
#16397 = DIRECTION('',(-1.04499741862E-14,-1.0585282481E-13,-1.));
#16398 = ADVANCED_FACE('',(#16399),#16410,.F.);
#16399 = FACE_BOUND('',#16400,.F.);
#16400 = EDGE_LOOP('',(#16401,#16407,#16408,#16409));
#16401 = ORIENTED_EDGE('',*,*,#16402,.T.);
#16402 = EDGE_CURVE('',#1425,#10809,#16403,.T.);
#16403 = LINE('',#16404,#16405);
#16404 = CARTESIAN_POINT('',(87.734551580639,-159.5943824537,
    -383.3226602656));
#16405 = VECTOR('',#16406,1.);
#16406 = DIRECTION('',(5.756219417785E-30,1.,-5.195843755246E-14));
#16407 = ORIENTED_EDGE('',*,*,#10808,.F.);
#16408 = ORIENTED_EDGE('',*,*,#16402,.F.);
#16409 = ORIENTED_EDGE('',*,*,#1424,.T.);
#16410 = CYLINDRICAL_SURFACE('',#16411,1.5);
#16411 = AXIS2_PLACEMENT_3D('',#16412,#16413,#16414);
#16412 = CARTESIAN_POINT('',(89.234551580639,-159.5943824537,
    -383.3226602656));
#16413 = DIRECTION('',(5.756219417785E-30,1.,-5.195843755246E-14));
#16414 = DIRECTION('',(1.,-1.224583227073E-29,-1.249000770354E-16));
#16415 = ADVANCED_FACE('',(#16416),#16427,.F.);
#16416 = FACE_BOUND('',#16417,.F.);
#16417 = EDGE_LOOP('',(#16418,#16424,#16425,#16426));
#16418 = ORIENTED_EDGE('',*,*,#16419,.T.);
#16419 = EDGE_CURVE('',#1436,#10820,#16420,.T.);
#16420 = LINE('',#16421,#16422);
#16421 = CARTESIAN_POINT('',(60.734551580639,-159.5943824537,
    -383.3226602656));
#16422 = VECTOR('',#16423,1.);
#16423 = DIRECTION('',(5.756219417785E-30,1.,-5.195843755246E-14));
#16424 = ORIENTED_EDGE('',*,*,#10819,.F.);
#16425 = ORIENTED_EDGE('',*,*,#16419,.F.);
#16426 = ORIENTED_EDGE('',*,*,#1435,.T.);
#16427 = CYLINDRICAL_SURFACE('',#16428,1.5);
#16428 = AXIS2_PLACEMENT_3D('',#16429,#16430,#16431);
#16429 = CARTESIAN_POINT('',(62.234551580639,-159.5943824537,
    -383.3226602656));
#16430 = DIRECTION('',(5.756219417785E-30,1.,-5.195843755246E-14));
#16431 = DIRECTION('',(1.,-1.224583227073E-29,-1.249000770354E-16));
#16432 = ADVANCED_FACE('',(#16433),#16444,.F.);
#16433 = FACE_BOUND('',#16434,.F.);
#16434 = EDGE_LOOP('',(#16435,#16441,#16442,#16443));
#16435 = ORIENTED_EDGE('',*,*,#16436,.T.);
#16436 = EDGE_CURVE('',#1447,#13204,#16437,.T.);
#16437 = LINE('',#16438,#16439);
#16438 = CARTESIAN_POINT('',(87.734551580639,-159.5943824537,
    -358.3226602656));
#16439 = VECTOR('',#16440,1.);
#16440 = DIRECTION('',(5.756219417785E-30,1.,-5.195843755246E-14));
#16441 = ORIENTED_EDGE('',*,*,#13203,.F.);
#16442 = ORIENTED_EDGE('',*,*,#16436,.F.);
#16443 = ORIENTED_EDGE('',*,*,#1446,.T.);
#16444 = CYLINDRICAL_SURFACE('',#16445,1.5);
#16445 = AXIS2_PLACEMENT_3D('',#16446,#16447,#16448);
#16446 = CARTESIAN_POINT('',(89.234551580639,-159.5943824537,
    -358.3226602656));
#16447 = DIRECTION('',(5.756219417785E-30,1.,-5.195843755246E-14));
#16448 = DIRECTION('',(1.,-1.224583227073E-29,-1.249000770354E-16));
#16449 = ADVANCED_FACE('',(#16450),#16461,.F.);
#16450 = FACE_BOUND('',#16451,.F.);
#16451 = EDGE_LOOP('',(#16452,#16458,#16459,#16460));
#16452 = ORIENTED_EDGE('',*,*,#16453,.T.);
#16453 = EDGE_CURVE('',#1458,#11052,#16454,.T.);
#16454 = LINE('',#16455,#16456);
#16455 = CARTESIAN_POINT('',(87.734551580639,-159.5943824537,
    -408.3226602656));
#16456 = VECTOR('',#16457,1.);
#16457 = DIRECTION('',(5.756219417785E-30,1.,-5.195843755246E-14));
#16458 = ORIENTED_EDGE('',*,*,#11051,.F.);
#16459 = ORIENTED_EDGE('',*,*,#16453,.F.);
#16460 = ORIENTED_EDGE('',*,*,#1457,.T.);
#16461 = CYLINDRICAL_SURFACE('',#16462,1.5);
#16462 = AXIS2_PLACEMENT_3D('',#16463,#16464,#16465);
#16463 = CARTESIAN_POINT('',(89.234551580639,-159.5943824537,
    -408.3226602656));
#16464 = DIRECTION('',(5.756219417785E-30,1.,-5.195843755246E-14));
#16465 = DIRECTION('',(1.,-1.224583227073E-29,-1.249000770354E-16));
#16466 = ADVANCED_FACE('',(#16467),#16478,.F.);
#16467 = FACE_BOUND('',#16468,.F.);
#16468 = EDGE_LOOP('',(#16469,#16475,#16476,#16477));
#16469 = ORIENTED_EDGE('',*,*,#16470,.T.);
#16470 = EDGE_CURVE('',#1469,#11041,#16471,.T.);
#16471 = LINE('',#16472,#16473);
#16472 = CARTESIAN_POINT('',(60.734551580639,-159.5943824537,
    -408.3226602656));
#16473 = VECTOR('',#16474,1.);
#16474 = DIRECTION('',(5.756219417785E-30,1.,-5.195843755246E-14));
#16475 = ORIENTED_EDGE('',*,*,#11040,.F.);
#16476 = ORIENTED_EDGE('',*,*,#16470,.F.);
#16477 = ORIENTED_EDGE('',*,*,#1468,.T.);
#16478 = CYLINDRICAL_SURFACE('',#16479,1.5);
#16479 = AXIS2_PLACEMENT_3D('',#16480,#16481,#16482);
#16480 = CARTESIAN_POINT('',(62.234551580639,-159.5943824537,
    -408.3226602656));
#16481 = DIRECTION('',(5.756219417785E-30,1.,-5.195843755246E-14));
#16482 = DIRECTION('',(1.,-1.224583227073E-29,-1.249000770354E-16));
#16483 = ADVANCED_FACE('',(#16484),#16495,.F.);
#16484 = FACE_BOUND('',#16485,.F.);
#16485 = EDGE_LOOP('',(#16486,#16492,#16493,#16494));
#16486 = ORIENTED_EDGE('',*,*,#16487,.T.);
#16487 = EDGE_CURVE('',#1480,#13215,#16488,.T.);
#16488 = LINE('',#16489,#16490);
#16489 = CARTESIAN_POINT('',(60.734551580639,-159.5943824537,
    -358.3226602656));
#16490 = VECTOR('',#16491,1.);
#16491 = DIRECTION('',(5.756219417785E-30,1.,-5.195843755246E-14));
#16492 = ORIENTED_EDGE('',*,*,#13214,.F.);
#16493 = ORIENTED_EDGE('',*,*,#16487,.F.);
#16494 = ORIENTED_EDGE('',*,*,#1479,.T.);
#16495 = CYLINDRICAL_SURFACE('',#16496,1.5);
#16496 = AXIS2_PLACEMENT_3D('',#16497,#16498,#16499);
#16497 = CARTESIAN_POINT('',(62.234551580639,-159.5943824537,
    -358.3226602656));
#16498 = DIRECTION('',(5.756219417785E-30,1.,-5.195843755246E-14));
#16499 = DIRECTION('',(1.,-1.224583227073E-29,-1.249000770354E-16));
#16500 = ADVANCED_FACE('',(#16501),#16512,.F.);
#16501 = FACE_BOUND('',#16502,.F.);
#16502 = EDGE_LOOP('',(#16503,#16509,#16510,#16511));
#16503 = ORIENTED_EDGE('',*,*,#16504,.T.);
#16504 = EDGE_CURVE('',#1491,#11248,#16505,.T.);
#16505 = LINE('',#16506,#16507);
#16506 = CARTESIAN_POINT('',(60.734551580639,-159.5943824537,
    -433.3226602656));
#16507 = VECTOR('',#16508,1.);
#16508 = DIRECTION('',(5.746975067193E-30,1.,-5.195843755246E-14));
#16509 = ORIENTED_EDGE('',*,*,#11247,.F.);
#16510 = ORIENTED_EDGE('',*,*,#16504,.F.);
#16511 = ORIENTED_EDGE('',*,*,#1490,.T.);
#16512 = CYLINDRICAL_SURFACE('',#16513,1.5);
#16513 = AXIS2_PLACEMENT_3D('',#16514,#16515,#16516);
#16514 = CARTESIAN_POINT('',(62.234551580639,-159.5943824537,
    -433.3226602656));
#16515 = DIRECTION('',(5.746975067193E-30,1.,-5.195843755246E-14));
#16516 = DIRECTION('',(1.,-1.223658792014E-29,-1.249000770354E-16));
#16517 = ADVANCED_FACE('',(#16518),#16529,.F.);
#16518 = FACE_BOUND('',#16519,.F.);
#16519 = EDGE_LOOP('',(#16520,#16526,#16527,#16528));
#16520 = ORIENTED_EDGE('',*,*,#16521,.T.);
#16521 = EDGE_CURVE('',#1502,#11259,#16522,.T.);
#16522 = LINE('',#16523,#16524);
#16523 = CARTESIAN_POINT('',(87.734551580639,-159.5943824537,
    -433.3226602656));
#16524 = VECTOR('',#16525,1.);
#16525 = DIRECTION('',(5.746975067193E-30,1.,-5.195843755246E-14));
#16526 = ORIENTED_EDGE('',*,*,#11258,.F.);
#16527 = ORIENTED_EDGE('',*,*,#16521,.F.);
#16528 = ORIENTED_EDGE('',*,*,#1501,.T.);
#16529 = CYLINDRICAL_SURFACE('',#16530,1.5);
#16530 = AXIS2_PLACEMENT_3D('',#16531,#16532,#16533);
#16531 = CARTESIAN_POINT('',(89.234551580639,-159.5943824537,
    -433.3226602656));
#16532 = DIRECTION('',(5.746975067193E-30,1.,-5.195843755246E-14));
#16533 = DIRECTION('',(1.,-1.223658792014E-29,-1.249000770354E-16));
#16534 = ADVANCED_FACE('',(#16535),#16546,.F.);
#16535 = FACE_BOUND('',#16536,.T.);
#16536 = EDGE_LOOP('',(#16537,#16538,#16539,#16540));
#16537 = ORIENTED_EDGE('',*,*,#2929,.F.);
#16538 = ORIENTED_EDGE('',*,*,#3010,.F.);
#16539 = ORIENTED_EDGE('',*,*,#12006,.F.);
#16540 = ORIENTED_EDGE('',*,*,#16541,.F.);
#16541 = EDGE_CURVE('',#2920,#12007,#16542,.T.);
#16542 = LINE('',#16543,#16544);
#16543 = CARTESIAN_POINT('',(484.19636790678,-159.5943824536,
    -272.0970318374));
#16544 = VECTOR('',#16545,1.);
#16545 = DIRECTION('',(5.95343464409E-30,1.,-5.373479439186E-14));
#16546 = PLANE('',#16547);
#16547 = AXIS2_PLACEMENT_3D('',#16548,#16549,#16550);
#16548 = CARTESIAN_POINT('',(484.19636790678,-159.5943824536,
    121.90296816252));
#16549 = DIRECTION('',(1.,-1.266491460312E-29,-1.249000770354E-16));
#16550 = DIRECTION('',(-1.249000770354E-16,-5.195843755246E-14,-1.));
#16551 = ADVANCED_FACE('',(#16552),#16563,.F.);
#16552 = FACE_BOUND('',#16553,.T.);
#16553 = EDGE_LOOP('',(#16554,#16555,#16556,#16557));
#16554 = ORIENTED_EDGE('',*,*,#3230,.F.);
#16555 = ORIENTED_EDGE('',*,*,#3311,.F.);
#16556 = ORIENTED_EDGE('',*,*,#12044,.F.);
#16557 = ORIENTED_EDGE('',*,*,#16558,.F.);
#16558 = EDGE_CURVE('',#3221,#12045,#16559,.T.);
#16559 = LINE('',#16560,#16561);
#16560 = CARTESIAN_POINT('',(466.19636790678,-159.5943824536,
    -272.0970318374));
#16561 = VECTOR('',#16562,1.);
#16562 = DIRECTION('',(5.95343464409E-30,1.,-5.373479439186E-14));
#16563 = PLANE('',#16564);
#16564 = AXIS2_PLACEMENT_3D('',#16565,#16566,#16567);
#16565 = CARTESIAN_POINT('',(466.19636790678,-159.5943824536,
    121.90296816252));
#16566 = DIRECTION('',(1.,-1.266491460312E-29,-1.249000770354E-16));
#16567 = DIRECTION('',(-1.249000770354E-16,-5.195843755246E-14,-1.));
#16568 = ADVANCED_FACE('',(#16569),#16580,.F.);
#16569 = FACE_BOUND('',#16570,.T.);
#16570 = EDGE_LOOP('',(#16571,#16572,#16573,#16574));
#16571 = ORIENTED_EDGE('',*,*,#3531,.F.);
#16572 = ORIENTED_EDGE('',*,*,#3612,.F.);
#16573 = ORIENTED_EDGE('',*,*,#12082,.F.);
#16574 = ORIENTED_EDGE('',*,*,#16575,.F.);
#16575 = EDGE_CURVE('',#3522,#12083,#16576,.T.);
#16576 = LINE('',#16577,#16578);
#16577 = CARTESIAN_POINT('',(448.19636790678,-159.5943824536,
    -272.0970318374));
#16578 = VECTOR('',#16579,1.);
#16579 = DIRECTION('',(5.95343464409E-30,1.,-5.373479439186E-14));
#16580 = PLANE('',#16581);
#16581 = AXIS2_PLACEMENT_3D('',#16582,#16583,#16584);
#16582 = CARTESIAN_POINT('',(448.19636790678,-159.5943824536,
    121.90296816252));
#16583 = DIRECTION('',(1.,-1.266491460312E-29,-1.249000770354E-16));
#16584 = DIRECTION('',(-1.249000770354E-16,-5.195843755246E-14,-1.));
#16585 = ADVANCED_FACE('',(#16586),#16597,.F.);
#16586 = FACE_BOUND('',#16587,.T.);
#16587 = EDGE_LOOP('',(#16588,#16589,#16590,#16591));
#16588 = ORIENTED_EDGE('',*,*,#3832,.F.);
#16589 = ORIENTED_EDGE('',*,*,#3913,.F.);
#16590 = ORIENTED_EDGE('',*,*,#12120,.F.);
#16591 = ORIENTED_EDGE('',*,*,#16592,.F.);
#16592 = EDGE_CURVE('',#3823,#12121,#16593,.T.);
#16593 = LINE('',#16594,#16595);
#16594 = CARTESIAN_POINT('',(430.19636790678,-159.5943824536,
    -272.0970318374));
#16595 = VECTOR('',#16596,1.);
#16596 = DIRECTION('',(5.95343464409E-30,1.,-5.373479439186E-14));
#16597 = PLANE('',#16598);
#16598 = AXIS2_PLACEMENT_3D('',#16599,#16600,#16601);
#16599 = CARTESIAN_POINT('',(430.19636790678,-159.5943824536,
    121.90296816252));
#16600 = DIRECTION('',(1.,-1.266491460312E-29,-1.249000770354E-16));
#16601 = DIRECTION('',(-1.249000770354E-16,-5.195843755246E-14,-1.));
#16602 = ADVANCED_FACE('',(#16603),#16614,.F.);
#16603 = FACE_BOUND('',#16604,.T.);
#16604 = EDGE_LOOP('',(#16605,#16606,#16607,#16608));
#16605 = ORIENTED_EDGE('',*,*,#4133,.F.);
#16606 = ORIENTED_EDGE('',*,*,#4214,.F.);
#16607 = ORIENTED_EDGE('',*,*,#12158,.F.);
#16608 = ORIENTED_EDGE('',*,*,#16609,.F.);
#16609 = EDGE_CURVE('',#4124,#12159,#16610,.T.);
#16610 = LINE('',#16611,#16612);
#16611 = CARTESIAN_POINT('',(412.19636790678,-159.5943824536,
    -272.0970318374));
#16612 = VECTOR('',#16613,1.);
#16613 = DIRECTION('',(5.95343464409E-30,1.,-5.373479439186E-14));
#16614 = PLANE('',#16615);
#16615 = AXIS2_PLACEMENT_3D('',#16616,#16617,#16618);
#16616 = CARTESIAN_POINT('',(412.19636790678,-159.5943824536,
    121.90296816252));
#16617 = DIRECTION('',(1.,-1.266491460312E-29,-1.249000770354E-16));
#16618 = DIRECTION('',(-1.249000770354E-16,-5.195843755246E-14,-1.));
#16619 = ADVANCED_FACE('',(#16620),#16631,.F.);
#16620 = FACE_BOUND('',#16621,.T.);
#16621 = EDGE_LOOP('',(#16622,#16623,#16624,#16625));
#16622 = ORIENTED_EDGE('',*,*,#4434,.F.);
#16623 = ORIENTED_EDGE('',*,*,#4515,.F.);
#16624 = ORIENTED_EDGE('',*,*,#12196,.F.);
#16625 = ORIENTED_EDGE('',*,*,#16626,.F.);
#16626 = EDGE_CURVE('',#4425,#12197,#16627,.T.);
#16627 = LINE('',#16628,#16629);
#16628 = CARTESIAN_POINT('',(394.19636790678,-159.5943824536,
    -272.0970318374));
#16629 = VECTOR('',#16630,1.);
#16630 = DIRECTION('',(5.95343464409E-30,1.,-5.373479439186E-14));
#16631 = PLANE('',#16632);
#16632 = AXIS2_PLACEMENT_3D('',#16633,#16634,#16635);
#16633 = CARTESIAN_POINT('',(394.19636790678,-159.5943824536,
    121.90296816252));
#16634 = DIRECTION('',(1.,-1.266491460312E-29,-1.249000770354E-16));
#16635 = DIRECTION('',(-1.249000770354E-16,-5.195843755246E-14,-1.));
#16636 = ADVANCED_FACE('',(#16637),#16648,.F.);
#16637 = FACE_BOUND('',#16638,.T.);
#16638 = EDGE_LOOP('',(#16639,#16640,#16641,#16642));
#16639 = ORIENTED_EDGE('',*,*,#4735,.F.);
#16640 = ORIENTED_EDGE('',*,*,#4816,.F.);
#16641 = ORIENTED_EDGE('',*,*,#12234,.F.);
#16642 = ORIENTED_EDGE('',*,*,#16643,.F.);
#16643 = EDGE_CURVE('',#4726,#12235,#16644,.T.);
#16644 = LINE('',#16645,#16646);
#16645 = CARTESIAN_POINT('',(376.19636790678,-159.5943824536,
    -272.0970318374));
#16646 = VECTOR('',#16647,1.);
#16647 = DIRECTION('',(5.95343464409E-30,1.,-5.373479439186E-14));
#16648 = PLANE('',#16649);
#16649 = AXIS2_PLACEMENT_3D('',#16650,#16651,#16652);
#16650 = CARTESIAN_POINT('',(376.19636790678,-159.5943824536,
    121.90296816252));
#16651 = DIRECTION('',(1.,-1.266491460312E-29,-1.249000770354E-16));
#16652 = DIRECTION('',(-1.249000770354E-16,-5.195843755246E-14,-1.));
#16653 = ADVANCED_FACE('',(#16654),#16665,.F.);
#16654 = FACE_BOUND('',#16655,.T.);
#16655 = EDGE_LOOP('',(#16656,#16657,#16658,#16659));
#16656 = ORIENTED_EDGE('',*,*,#5036,.F.);
#16657 = ORIENTED_EDGE('',*,*,#5117,.F.);
#16658 = ORIENTED_EDGE('',*,*,#12272,.F.);
#16659 = ORIENTED_EDGE('',*,*,#16660,.F.);
#16660 = EDGE_CURVE('',#5027,#12273,#16661,.T.);
#16661 = LINE('',#16662,#16663);
#16662 = CARTESIAN_POINT('',(358.19636790678,-159.5943824536,
    -272.0970318374));
#16663 = VECTOR('',#16664,1.);
#16664 = DIRECTION('',(5.95343464409E-30,1.,-5.373479439186E-14));
#16665 = PLANE('',#16666);
#16666 = AXIS2_PLACEMENT_3D('',#16667,#16668,#16669);
#16667 = CARTESIAN_POINT('',(358.19636790678,-159.5943824536,
    121.90296816252));
#16668 = DIRECTION('',(1.,-1.266491460312E-29,-1.249000770354E-16));
#16669 = DIRECTION('',(-1.249000770354E-16,-5.195843755246E-14,-1.));
#16670 = ADVANCED_FACE('',(#16671),#16682,.F.);
#16671 = FACE_BOUND('',#16672,.T.);
#16672 = EDGE_LOOP('',(#16673,#16674,#16675,#16676));
#16673 = ORIENTED_EDGE('',*,*,#5337,.F.);
#16674 = ORIENTED_EDGE('',*,*,#5418,.F.);
#16675 = ORIENTED_EDGE('',*,*,#12310,.F.);
#16676 = ORIENTED_EDGE('',*,*,#16677,.F.);
#16677 = EDGE_CURVE('',#5328,#12311,#16678,.T.);
#16678 = LINE('',#16679,#16680);
#16679 = CARTESIAN_POINT('',(340.19636790678,-159.5943824536,
    -272.0970318374));
#16680 = VECTOR('',#16681,1.);
#16681 = DIRECTION('',(5.95343464409E-30,1.,-5.373479439186E-14));
#16682 = PLANE('',#16683);
#16683 = AXIS2_PLACEMENT_3D('',#16684,#16685,#16686);
#16684 = CARTESIAN_POINT('',(340.19636790678,-159.5943824536,
    121.90296816252));
#16685 = DIRECTION('',(1.,-1.266491460312E-29,-1.249000770354E-16));
#16686 = DIRECTION('',(-1.249000770354E-16,-5.195843755246E-14,-1.));
#16687 = ADVANCED_FACE('',(#16688),#16699,.F.);
#16688 = FACE_BOUND('',#16689,.T.);
#16689 = EDGE_LOOP('',(#16690,#16691,#16692,#16693));
#16690 = ORIENTED_EDGE('',*,*,#5638,.F.);
#16691 = ORIENTED_EDGE('',*,*,#5719,.F.);
#16692 = ORIENTED_EDGE('',*,*,#12348,.F.);
#16693 = ORIENTED_EDGE('',*,*,#16694,.F.);
#16694 = EDGE_CURVE('',#5629,#12349,#16695,.T.);
#16695 = LINE('',#16696,#16697);
#16696 = CARTESIAN_POINT('',(322.19636790678,-159.5943824536,
    -272.0970318374));
#16697 = VECTOR('',#16698,1.);
#16698 = DIRECTION('',(5.95343464409E-30,1.,-5.373479439186E-14));
#16699 = PLANE('',#16700);
#16700 = AXIS2_PLACEMENT_3D('',#16701,#16702,#16703);
#16701 = CARTESIAN_POINT('',(322.19636790678,-159.5943824536,
    121.90296816252));
#16702 = DIRECTION('',(1.,-1.266491460312E-29,-1.249000770354E-16));
#16703 = DIRECTION('',(-1.249000770354E-16,-5.195843755246E-14,-1.));
#16704 = ADVANCED_FACE('',(#16705),#16716,.F.);
#16705 = FACE_BOUND('',#16706,.T.);
#16706 = EDGE_LOOP('',(#16707,#16708,#16709,#16710));
#16707 = ORIENTED_EDGE('',*,*,#5939,.F.);
#16708 = ORIENTED_EDGE('',*,*,#6020,.F.);
#16709 = ORIENTED_EDGE('',*,*,#12386,.F.);
#16710 = ORIENTED_EDGE('',*,*,#16711,.F.);
#16711 = EDGE_CURVE('',#5930,#12387,#16712,.T.);
#16712 = LINE('',#16713,#16714);
#16713 = CARTESIAN_POINT('',(304.19636790678,-159.5943824536,
    -272.0970318374));
#16714 = VECTOR('',#16715,1.);
#16715 = DIRECTION('',(5.95343464409E-30,1.,-5.373479439186E-14));
#16716 = PLANE('',#16717);
#16717 = AXIS2_PLACEMENT_3D('',#16718,#16719,#16720);
#16718 = CARTESIAN_POINT('',(304.19636790678,-159.5943824536,
    121.90296816252));
#16719 = DIRECTION('',(1.,-1.266491460312E-29,-1.249000770354E-16));
#16720 = DIRECTION('',(-1.249000770354E-16,-5.195843755246E-14,-1.));
#16721 = ADVANCED_FACE('',(#16722),#16733,.F.);
#16722 = FACE_BOUND('',#16723,.T.);
#16723 = EDGE_LOOP('',(#16724,#16725,#16726,#16727));
#16724 = ORIENTED_EDGE('',*,*,#6240,.F.);
#16725 = ORIENTED_EDGE('',*,*,#6321,.F.);
#16726 = ORIENTED_EDGE('',*,*,#12424,.F.);
#16727 = ORIENTED_EDGE('',*,*,#16728,.F.);
#16728 = EDGE_CURVE('',#6231,#12425,#16729,.T.);
#16729 = LINE('',#16730,#16731);
#16730 = CARTESIAN_POINT('',(286.19636790678,-159.5943824536,
    -272.0970318374));
#16731 = VECTOR('',#16732,1.);
#16732 = DIRECTION('',(5.95343464409E-30,1.,-5.373479439186E-14));
#16733 = PLANE('',#16734);
#16734 = AXIS2_PLACEMENT_3D('',#16735,#16736,#16737);
#16735 = CARTESIAN_POINT('',(286.19636790678,-159.5943824536,
    121.90296816252));
#16736 = DIRECTION('',(1.,-1.266491460312E-29,-1.249000770354E-16));
#16737 = DIRECTION('',(-1.249000770354E-16,-5.195843755246E-14,-1.));
#16738 = ADVANCED_FACE('',(#16739),#16750,.F.);
#16739 = FACE_BOUND('',#16740,.T.);
#16740 = EDGE_LOOP('',(#16741,#16742,#16743,#16744));
#16741 = ORIENTED_EDGE('',*,*,#6541,.F.);
#16742 = ORIENTED_EDGE('',*,*,#6622,.F.);
#16743 = ORIENTED_EDGE('',*,*,#12462,.F.);
#16744 = ORIENTED_EDGE('',*,*,#16745,.F.);
#16745 = EDGE_CURVE('',#6532,#12463,#16746,.T.);
#16746 = LINE('',#16747,#16748);
#16747 = CARTESIAN_POINT('',(268.19636790678,-159.5943824536,
    -272.0970318374));
#16748 = VECTOR('',#16749,1.);
#16749 = DIRECTION('',(5.95343464409E-30,1.,-5.373479439186E-14));
#16750 = PLANE('',#16751);
#16751 = AXIS2_PLACEMENT_3D('',#16752,#16753,#16754);
#16752 = CARTESIAN_POINT('',(268.19636790678,-159.5943824536,
    121.90296816252));
#16753 = DIRECTION('',(1.,-1.266491460312E-29,-1.249000770354E-16));
#16754 = DIRECTION('',(-1.249000770354E-16,-5.195843755246E-14,-1.));
#16755 = ADVANCED_FACE('',(#16756),#16767,.F.);
#16756 = FACE_BOUND('',#16757,.T.);
#16757 = EDGE_LOOP('',(#16758,#16759,#16760,#16761));
#16758 = ORIENTED_EDGE('',*,*,#6842,.F.);
#16759 = ORIENTED_EDGE('',*,*,#6923,.F.);
#16760 = ORIENTED_EDGE('',*,*,#12500,.F.);
#16761 = ORIENTED_EDGE('',*,*,#16762,.F.);
#16762 = EDGE_CURVE('',#6833,#12501,#16763,.T.);
#16763 = LINE('',#16764,#16765);
#16764 = CARTESIAN_POINT('',(250.19636790678,-159.5943824536,
    -272.0970318374));
#16765 = VECTOR('',#16766,1.);
#16766 = DIRECTION('',(5.95343464409E-30,1.,-5.373479439186E-14));
#16767 = PLANE('',#16768);
#16768 = AXIS2_PLACEMENT_3D('',#16769,#16770,#16771);
#16769 = CARTESIAN_POINT('',(250.19636790678,-159.5943824536,
    121.90296816252));
#16770 = DIRECTION('',(1.,-1.266491460312E-29,-1.249000770354E-16));
#16771 = DIRECTION('',(-1.249000770354E-16,-5.195843755246E-14,-1.));
#16772 = ADVANCED_FACE('',(#16773),#16784,.F.);
#16773 = FACE_BOUND('',#16774,.T.);
#16774 = EDGE_LOOP('',(#16775,#16776,#16777,#16778));
#16775 = ORIENTED_EDGE('',*,*,#7143,.F.);
#16776 = ORIENTED_EDGE('',*,*,#7224,.F.);
#16777 = ORIENTED_EDGE('',*,*,#12538,.F.);
#16778 = ORIENTED_EDGE('',*,*,#16779,.F.);
#16779 = EDGE_CURVE('',#7134,#12539,#16780,.T.);
#16780 = LINE('',#16781,#16782);
#16781 = CARTESIAN_POINT('',(232.19636790678,-159.5943824536,
    -272.0970318374));
#16782 = VECTOR('',#16783,1.);
#16783 = DIRECTION('',(5.95343464409E-30,1.,-5.373479439186E-14));
#16784 = PLANE('',#16785);
#16785 = AXIS2_PLACEMENT_3D('',#16786,#16787,#16788);
#16786 = CARTESIAN_POINT('',(232.19636790678,-159.5943824536,
    121.90296816252));
#16787 = DIRECTION('',(1.,-1.266491460312E-29,-1.249000770354E-16));
#16788 = DIRECTION('',(-1.249000770354E-16,-5.195843755246E-14,-1.));
#16789 = ADVANCED_FACE('',(#16790),#16801,.F.);
#16790 = FACE_BOUND('',#16791,.T.);
#16791 = EDGE_LOOP('',(#16792,#16793,#16794,#16795));
#16792 = ORIENTED_EDGE('',*,*,#7444,.F.);
#16793 = ORIENTED_EDGE('',*,*,#7525,.F.);
#16794 = ORIENTED_EDGE('',*,*,#12576,.F.);
#16795 = ORIENTED_EDGE('',*,*,#16796,.F.);
#16796 = EDGE_CURVE('',#7435,#12577,#16797,.T.);
#16797 = LINE('',#16798,#16799);
#16798 = CARTESIAN_POINT('',(214.19636790678,-159.5943824536,
    -272.0970318374));
#16799 = VECTOR('',#16800,1.);
#16800 = DIRECTION('',(5.95343464409E-30,1.,-5.373479439186E-14));
#16801 = PLANE('',#16802);
#16802 = AXIS2_PLACEMENT_3D('',#16803,#16804,#16805);
#16803 = CARTESIAN_POINT('',(214.19636790678,-159.5943824536,
    121.90296816252));
#16804 = DIRECTION('',(1.,-1.266491460312E-29,-1.249000770354E-16));
#16805 = DIRECTION('',(-1.249000770354E-16,-5.195843755246E-14,-1.));
#16806 = ADVANCED_FACE('',(#16807),#16818,.F.);
#16807 = FACE_BOUND('',#16808,.T.);
#16808 = EDGE_LOOP('',(#16809,#16810,#16811,#16812));
#16809 = ORIENTED_EDGE('',*,*,#7745,.F.);
#16810 = ORIENTED_EDGE('',*,*,#7826,.F.);
#16811 = ORIENTED_EDGE('',*,*,#12614,.F.);
#16812 = ORIENTED_EDGE('',*,*,#16813,.F.);
#16813 = EDGE_CURVE('',#7736,#12615,#16814,.T.);
#16814 = LINE('',#16815,#16816);
#16815 = CARTESIAN_POINT('',(196.19636790678,-159.5943824536,
    -272.0970318374));
#16816 = VECTOR('',#16817,1.);
#16817 = DIRECTION('',(5.95343464409E-30,1.,-5.373479439186E-14));
#16818 = PLANE('',#16819);
#16819 = AXIS2_PLACEMENT_3D('',#16820,#16821,#16822);
#16820 = CARTESIAN_POINT('',(196.19636790678,-159.5943824536,
    121.90296816252));
#16821 = DIRECTION('',(1.,-1.266491460312E-29,-1.249000770354E-16));
#16822 = DIRECTION('',(-1.249000770354E-16,-5.195843755246E-14,-1.));
#16823 = ADVANCED_FACE('',(#16824),#16835,.F.);
#16824 = FACE_BOUND('',#16825,.T.);
#16825 = EDGE_LOOP('',(#16826,#16827,#16828,#16829));
#16826 = ORIENTED_EDGE('',*,*,#8046,.F.);
#16827 = ORIENTED_EDGE('',*,*,#8127,.F.);
#16828 = ORIENTED_EDGE('',*,*,#11994,.F.);
#16829 = ORIENTED_EDGE('',*,*,#16830,.F.);
#16830 = EDGE_CURVE('',#8037,#11986,#16831,.T.);
#16831 = LINE('',#16832,#16833);
#16832 = CARTESIAN_POINT('',(178.19636790678,-159.5943824536,
    -272.0970318374));
#16833 = VECTOR('',#16834,1.);
#16834 = DIRECTION('',(5.95343464409E-30,1.,-5.373479439186E-14));
#16835 = PLANE('',#16836);
#16836 = AXIS2_PLACEMENT_3D('',#16837,#16838,#16839);
#16837 = CARTESIAN_POINT('',(178.19636790678,-159.5943824536,
    121.90296816252));
#16838 = DIRECTION('',(1.,-1.266491460312E-29,-1.249000770354E-16));
#16839 = DIRECTION('',(-1.249000770354E-16,-5.195843755246E-14,-1.));
#16840 = ADVANCED_FACE('',(#16841),#16852,.F.);
#16841 = FACE_BOUND('',#16842,.T.);
#16842 = EDGE_LOOP('',(#16843,#16844,#16845,#16846));
#16843 = ORIENTED_EDGE('',*,*,#8347,.F.);
#16844 = ORIENTED_EDGE('',*,*,#8428,.F.);
#16845 = ORIENTED_EDGE('',*,*,#12652,.F.);
#16846 = ORIENTED_EDGE('',*,*,#16847,.F.);
#16847 = EDGE_CURVE('',#8338,#12653,#16848,.T.);
#16848 = LINE('',#16849,#16850);
#16849 = CARTESIAN_POINT('',(160.19636790678,-159.5943824536,
    -272.0970318374));
#16850 = VECTOR('',#16851,1.);
#16851 = DIRECTION('',(5.95343464409E-30,1.,-5.373479439186E-14));
#16852 = PLANE('',#16853);
#16853 = AXIS2_PLACEMENT_3D('',#16854,#16855,#16856);
#16854 = CARTESIAN_POINT('',(160.19636790678,-159.5943824536,
    121.90296816252));
#16855 = DIRECTION('',(1.,-1.266491460312E-29,-1.249000770354E-16));
#16856 = DIRECTION('',(-1.249000770354E-16,-5.195843755246E-14,-1.));
#16857 = ADVANCED_FACE('',(#16858),#16869,.F.);
#16858 = FACE_BOUND('',#16859,.T.);
#16859 = EDGE_LOOP('',(#16860,#16861,#16862,#16863));
#16860 = ORIENTED_EDGE('',*,*,#8648,.F.);
#16861 = ORIENTED_EDGE('',*,*,#8729,.F.);
#16862 = ORIENTED_EDGE('',*,*,#12690,.F.);
#16863 = ORIENTED_EDGE('',*,*,#16864,.F.);
#16864 = EDGE_CURVE('',#8639,#12691,#16865,.T.);
#16865 = LINE('',#16866,#16867);
#16866 = CARTESIAN_POINT('',(142.19636790678,-159.5943824536,
    -272.0970318374));
#16867 = VECTOR('',#16868,1.);
#16868 = DIRECTION('',(5.95343464409E-30,1.,-5.373479439186E-14));
#16869 = PLANE('',#16870);
#16870 = AXIS2_PLACEMENT_3D('',#16871,#16872,#16873);
#16871 = CARTESIAN_POINT('',(142.19636790678,-159.5943824536,
    121.90296816252));
#16872 = DIRECTION('',(1.,-1.266491460312E-29,-1.249000770354E-16));
#16873 = DIRECTION('',(-1.249000770354E-16,-5.195843755246E-14,-1.));
#16874 = ADVANCED_FACE('',(#16875),#16886,.F.);
#16875 = FACE_BOUND('',#16876,.T.);
#16876 = EDGE_LOOP('',(#16877,#16878,#16879,#16880));
#16877 = ORIENTED_EDGE('',*,*,#8949,.F.);
#16878 = ORIENTED_EDGE('',*,*,#9030,.F.);
#16879 = ORIENTED_EDGE('',*,*,#12728,.F.);
#16880 = ORIENTED_EDGE('',*,*,#16881,.F.);
#16881 = EDGE_CURVE('',#8940,#12729,#16882,.T.);
#16882 = LINE('',#16883,#16884);
#16883 = CARTESIAN_POINT('',(124.19636790678,-159.5943824536,
    -272.0970318374));
#16884 = VECTOR('',#16885,1.);
#16885 = DIRECTION('',(5.95343464409E-30,1.,-5.373479439186E-14));
#16886 = PLANE('',#16887);
#16887 = AXIS2_PLACEMENT_3D('',#16888,#16889,#16890);
#16888 = CARTESIAN_POINT('',(124.19636790678,-159.5943824536,
    121.90296816252));
#16889 = DIRECTION('',(1.,-1.266491460312E-29,-1.249000770354E-16));
#16890 = DIRECTION('',(-1.249000770354E-16,-5.195843755246E-14,-1.));
#16891 = ADVANCED_FACE('',(#16892),#16903,.F.);
#16892 = FACE_BOUND('',#16893,.T.);
#16893 = EDGE_LOOP('',(#16894,#16895,#16896,#16897));
#16894 = ORIENTED_EDGE('',*,*,#9250,.F.);
#16895 = ORIENTED_EDGE('',*,*,#9331,.F.);
#16896 = ORIENTED_EDGE('',*,*,#12766,.F.);
#16897 = ORIENTED_EDGE('',*,*,#16898,.F.);
#16898 = EDGE_CURVE('',#9241,#12767,#16899,.T.);
#16899 = LINE('',#16900,#16901);
#16900 = CARTESIAN_POINT('',(106.19636790678,-159.5943824536,
    -272.0970318374));
#16901 = VECTOR('',#16902,1.);
#16902 = DIRECTION('',(5.95343464409E-30,1.,-5.373479439186E-14));
#16903 = PLANE('',#16904);
#16904 = AXIS2_PLACEMENT_3D('',#16905,#16906,#16907);
#16905 = CARTESIAN_POINT('',(106.19636790678,-159.5943824536,
    121.90296816252));
#16906 = DIRECTION('',(1.,-1.266491460312E-29,-1.249000770354E-16));
#16907 = DIRECTION('',(-1.249000770354E-16,-5.195843755246E-14,-1.));
#16908 = ADVANCED_FACE('',(#16909),#16920,.F.);
#16909 = FACE_BOUND('',#16910,.T.);
#16910 = EDGE_LOOP('',(#16911,#16912,#16913,#16914));
#16911 = ORIENTED_EDGE('',*,*,#9551,.F.);
#16912 = ORIENTED_EDGE('',*,*,#9632,.F.);
#16913 = ORIENTED_EDGE('',*,*,#12804,.F.);
#16914 = ORIENTED_EDGE('',*,*,#16915,.F.);
#16915 = EDGE_CURVE('',#9542,#12805,#16916,.T.);
#16916 = LINE('',#16917,#16918);
#16917 = CARTESIAN_POINT('',(88.196367906788,-159.5943824536,
    -272.0970318374));
#16918 = VECTOR('',#16919,1.);
#16919 = DIRECTION('',(5.95343464409E-30,1.,-5.373479439186E-14));
#16920 = PLANE('',#16921);
#16921 = AXIS2_PLACEMENT_3D('',#16922,#16923,#16924);
#16922 = CARTESIAN_POINT('',(88.196367906789,-159.5943824536,
    121.90296816252));
#16923 = DIRECTION('',(1.,-1.266491460312E-29,-1.249000770354E-16));
#16924 = DIRECTION('',(-1.249000770354E-16,-5.195843755246E-14,-1.));
#16925 = ADVANCED_FACE('',(#16926),#16937,.F.);
#16926 = FACE_BOUND('',#16927,.T.);
#16927 = EDGE_LOOP('',(#16928,#16929,#16930,#16931));
#16928 = ORIENTED_EDGE('',*,*,#9852,.F.);
#16929 = ORIENTED_EDGE('',*,*,#9933,.F.);
#16930 = ORIENTED_EDGE('',*,*,#12842,.F.);
#16931 = ORIENTED_EDGE('',*,*,#16932,.F.);
#16932 = EDGE_CURVE('',#9843,#12843,#16933,.T.);
#16933 = LINE('',#16934,#16935);
#16934 = CARTESIAN_POINT('',(70.196367906788,-159.5943824536,
    -272.0970318374));
#16935 = VECTOR('',#16936,1.);
#16936 = DIRECTION('',(5.95343464409E-30,1.,-5.373479439186E-14));
#16937 = PLANE('',#16938);
#16938 = AXIS2_PLACEMENT_3D('',#16939,#16940,#16941);
#16939 = CARTESIAN_POINT('',(70.196367906789,-159.5943824536,
    121.90296816252));
#16940 = DIRECTION('',(1.,-1.266491460312E-29,-1.249000770354E-16));
#16941 = DIRECTION('',(-1.249000770354E-16,-5.195843755246E-14,-1.));
#16942 = ADVANCED_FACE('',(#16943),#16954,.F.);
#16943 = FACE_BOUND('',#16944,.T.);
#16944 = EDGE_LOOP('',(#16945,#16946,#16947,#16948));
#16945 = ORIENTED_EDGE('',*,*,#10153,.F.);
#16946 = ORIENTED_EDGE('',*,*,#10234,.F.);
#16947 = ORIENTED_EDGE('',*,*,#12880,.F.);
#16948 = ORIENTED_EDGE('',*,*,#16949,.F.);
#16949 = EDGE_CURVE('',#10144,#12881,#16950,.T.);
#16950 = LINE('',#16951,#16952);
#16951 = CARTESIAN_POINT('',(52.196367906788,-159.5943824536,
    -272.0970318374));
#16952 = VECTOR('',#16953,1.);
#16953 = DIRECTION('',(5.95343464409E-30,1.,-5.373479439186E-14));
#16954 = PLANE('',#16955);
#16955 = AXIS2_PLACEMENT_3D('',#16956,#16957,#16958);
#16956 = CARTESIAN_POINT('',(52.196367906789,-159.5943824536,
    121.90296816252));
#16957 = DIRECTION('',(1.,-1.266491460312E-29,-1.249000770354E-16));
#16958 = DIRECTION('',(-1.249000770354E-16,-5.195843755246E-14,-1.));
#16959 = ADVANCED_FACE('',(#16960),#16971,.F.);
#16960 = FACE_BOUND('',#16961,.F.);
#16961 = EDGE_LOOP('',(#16962,#16963,#16964,#16970));
#16962 = ORIENTED_EDGE('',*,*,#3092,.T.);
#16963 = ORIENTED_EDGE('',*,*,#12018,.T.);
#16964 = ORIENTED_EDGE('',*,*,#16965,.F.);
#16965 = EDGE_CURVE('',#2969,#12019,#16966,.T.);
#16966 = LINE('',#16967,#16968);
#16967 = CARTESIAN_POINT('',(478.19636790678,-159.5943824536,
    -274.0970318374));
#16968 = VECTOR('',#16969,1.);
#16969 = DIRECTION('',(5.95343464409E-30,1.,-5.373479439186E-14));
#16970 = ORIENTED_EDGE('',*,*,#2992,.T.);
#16971 = CYLINDRICAL_SURFACE('',#16972,2.);
#16972 = AXIS2_PLACEMENT_3D('',#16973,#16974,#16975);
#16973 = CARTESIAN_POINT('',(478.19636790678,-159.5943824536,
    -272.0970318374));
#16974 = DIRECTION('',(5.95343464409E-30,1.,-5.373479439186E-14));
#16975 = DIRECTION('',(-1.,-1.896378476032E-27,-3.540223671097E-14));
#16976 = ADVANCED_FACE('',(#16977),#16988,.F.);
#16977 = FACE_BOUND('',#16978,.T.);
#16978 = EDGE_LOOP('',(#16979,#16980,#16986,#16987));
#16979 = ORIENTED_EDGE('',*,*,#2978,.F.);
#16980 = ORIENTED_EDGE('',*,*,#16981,.T.);
#16981 = EDGE_CURVE('',#2944,#12028,#16982,.T.);
#16982 = LINE('',#16983,#16984);
#16983 = CARTESIAN_POINT('',(482.19636790678,-159.5943824536,
    -274.0970318374));
#16984 = VECTOR('',#16985,1.);
#16985 = DIRECTION('',(5.95343464409E-30,1.,-5.373479439186E-14));
#16986 = ORIENTED_EDGE('',*,*,#12027,.F.);
#16987 = ORIENTED_EDGE('',*,*,#16965,.F.);
#16988 = PLANE('',#16989);
#16989 = AXIS2_PLACEMENT_3D('',#16990,#16991,#16992);
#16990 = CARTESIAN_POINT('',(482.19636790678,-159.5943824536,
    -274.0970318374));
#16991 = DIRECTION('',(-1.249000770353E-16,-5.373479439186E-14,-1.));
#16992 = DIRECTION('',(-1.,-6.95019727745E-14,1.249000770391E-16));
#16993 = ADVANCED_FACE('',(#16994),#17000,.F.);
#16994 = FACE_BOUND('',#16995,.F.);
#16995 = EDGE_LOOP('',(#16996,#16997,#16998,#16999));
#16996 = ORIENTED_EDGE('',*,*,#16981,.T.);
#16997 = ORIENTED_EDGE('',*,*,#12035,.T.);
#16998 = ORIENTED_EDGE('',*,*,#16541,.F.);
#16999 = ORIENTED_EDGE('',*,*,#2943,.T.);
#17000 = CYLINDRICAL_SURFACE('',#17001,2.);
#17001 = AXIS2_PLACEMENT_3D('',#17002,#17003,#17004);
#17002 = CARTESIAN_POINT('',(482.19636790678,-159.5943824536,
    -272.0970318374));
#17003 = DIRECTION('',(5.95343464409E-30,1.,-5.373479439186E-14));
#17004 = DIRECTION('',(-1.249000770354E-16,-5.373479439186E-14,-1.));
#17005 = ADVANCED_FACE('',(#17006),#17017,.F.);
#17006 = FACE_BOUND('',#17007,.F.);
#17007 = EDGE_LOOP('',(#17008,#17009,#17010,#17016));
#17008 = ORIENTED_EDGE('',*,*,#3393,.T.);
#17009 = ORIENTED_EDGE('',*,*,#12056,.T.);
#17010 = ORIENTED_EDGE('',*,*,#17011,.F.);
#17011 = EDGE_CURVE('',#3270,#12057,#17012,.T.);
#17012 = LINE('',#17013,#17014);
#17013 = CARTESIAN_POINT('',(460.19636790678,-159.5943824536,
    -274.0970318374));
#17014 = VECTOR('',#17015,1.);
#17015 = DIRECTION('',(5.95343464409E-30,1.,-5.373479439186E-14));
#17016 = ORIENTED_EDGE('',*,*,#3293,.T.);
#17017 = CYLINDRICAL_SURFACE('',#17018,2.);
#17018 = AXIS2_PLACEMENT_3D('',#17019,#17020,#17021);
#17019 = CARTESIAN_POINT('',(460.19636790678,-159.5943824536,
    -272.0970318374));
#17020 = DIRECTION('',(5.95343464409E-30,1.,-5.373479439186E-14));
#17021 = DIRECTION('',(-1.,-1.896378476032E-27,-3.540223671097E-14));
#17022 = ADVANCED_FACE('',(#17023),#17034,.F.);
#17023 = FACE_BOUND('',#17024,.T.);
#17024 = EDGE_LOOP('',(#17025,#17026,#17032,#17033));
#17025 = ORIENTED_EDGE('',*,*,#3279,.F.);
#17026 = ORIENTED_EDGE('',*,*,#17027,.T.);
#17027 = EDGE_CURVE('',#3245,#12066,#17028,.T.);
#17028 = LINE('',#17029,#17030);
#17029 = CARTESIAN_POINT('',(464.19636790678,-159.5943824536,
    -274.0970318374));
#17030 = VECTOR('',#17031,1.);
#17031 = DIRECTION('',(5.95343464409E-30,1.,-5.373479439186E-14));
#17032 = ORIENTED_EDGE('',*,*,#12065,.F.);
#17033 = ORIENTED_EDGE('',*,*,#17011,.F.);
#17034 = PLANE('',#17035);
#17035 = AXIS2_PLACEMENT_3D('',#17036,#17037,#17038);
#17036 = CARTESIAN_POINT('',(464.19636790678,-159.5943824536,
    -274.0970318374));
#17037 = DIRECTION('',(-1.249000770353E-16,-5.373479439186E-14,-1.));
#17038 = DIRECTION('',(-1.,-6.95019727745E-14,1.249000770391E-16));
#17039 = ADVANCED_FACE('',(#17040),#17046,.F.);
#17040 = FACE_BOUND('',#17041,.F.);
#17041 = EDGE_LOOP('',(#17042,#17043,#17044,#17045));
#17042 = ORIENTED_EDGE('',*,*,#17027,.T.);
#17043 = ORIENTED_EDGE('',*,*,#12073,.T.);
#17044 = ORIENTED_EDGE('',*,*,#16558,.F.);
#17045 = ORIENTED_EDGE('',*,*,#3244,.T.);
#17046 = CYLINDRICAL_SURFACE('',#17047,2.);
#17047 = AXIS2_PLACEMENT_3D('',#17048,#17049,#17050);
#17048 = CARTESIAN_POINT('',(464.19636790678,-159.5943824536,
    -272.0970318374));
#17049 = DIRECTION('',(5.95343464409E-30,1.,-5.373479439186E-14));
#17050 = DIRECTION('',(-1.249000770354E-16,-5.373479439186E-14,-1.));
#17051 = ADVANCED_FACE('',(#17052),#17063,.F.);
#17052 = FACE_BOUND('',#17053,.F.);
#17053 = EDGE_LOOP('',(#17054,#17055,#17056,#17062));
#17054 = ORIENTED_EDGE('',*,*,#3694,.T.);
#17055 = ORIENTED_EDGE('',*,*,#12094,.T.);
#17056 = ORIENTED_EDGE('',*,*,#17057,.F.);
#17057 = EDGE_CURVE('',#3571,#12095,#17058,.T.);
#17058 = LINE('',#17059,#17060);
#17059 = CARTESIAN_POINT('',(442.19636790678,-159.5943824536,
    -274.0970318374));
#17060 = VECTOR('',#17061,1.);
#17061 = DIRECTION('',(5.95343464409E-30,1.,-5.373479439186E-14));
#17062 = ORIENTED_EDGE('',*,*,#3594,.T.);
#17063 = CYLINDRICAL_SURFACE('',#17064,2.);
#17064 = AXIS2_PLACEMENT_3D('',#17065,#17066,#17067);
#17065 = CARTESIAN_POINT('',(442.19636790678,-159.5943824536,
    -272.0970318374));
#17066 = DIRECTION('',(5.95343464409E-30,1.,-5.373479439186E-14));
#17067 = DIRECTION('',(-1.,-1.896378476032E-27,-3.540223671097E-14));
#17068 = ADVANCED_FACE('',(#17069),#17080,.F.);
#17069 = FACE_BOUND('',#17070,.T.);
#17070 = EDGE_LOOP('',(#17071,#17072,#17078,#17079));
#17071 = ORIENTED_EDGE('',*,*,#3580,.F.);
#17072 = ORIENTED_EDGE('',*,*,#17073,.T.);
#17073 = EDGE_CURVE('',#3546,#12104,#17074,.T.);
#17074 = LINE('',#17075,#17076);
#17075 = CARTESIAN_POINT('',(446.19636790678,-159.5943824536,
    -274.0970318374));
#17076 = VECTOR('',#17077,1.);
#17077 = DIRECTION('',(5.95343464409E-30,1.,-5.373479439186E-14));
#17078 = ORIENTED_EDGE('',*,*,#12103,.F.);
#17079 = ORIENTED_EDGE('',*,*,#17057,.F.);
#17080 = PLANE('',#17081);
#17081 = AXIS2_PLACEMENT_3D('',#17082,#17083,#17084);
#17082 = CARTESIAN_POINT('',(446.19636790678,-159.5943824536,
    -274.0970318374));
#17083 = DIRECTION('',(-1.249000770353E-16,-5.373479439186E-14,-1.));
#17084 = DIRECTION('',(-1.,-6.95019727745E-14,1.249000770391E-16));
#17085 = ADVANCED_FACE('',(#17086),#17092,.F.);
#17086 = FACE_BOUND('',#17087,.F.);
#17087 = EDGE_LOOP('',(#17088,#17089,#17090,#17091));
#17088 = ORIENTED_EDGE('',*,*,#17073,.T.);
#17089 = ORIENTED_EDGE('',*,*,#12111,.T.);
#17090 = ORIENTED_EDGE('',*,*,#16575,.F.);
#17091 = ORIENTED_EDGE('',*,*,#3545,.T.);
#17092 = CYLINDRICAL_SURFACE('',#17093,2.);
#17093 = AXIS2_PLACEMENT_3D('',#17094,#17095,#17096);
#17094 = CARTESIAN_POINT('',(446.19636790678,-159.5943824536,
    -272.0970318374));
#17095 = DIRECTION('',(5.95343464409E-30,1.,-5.373479439186E-14));
#17096 = DIRECTION('',(-1.249000770354E-16,-5.373479439186E-14,-1.));
#17097 = ADVANCED_FACE('',(#17098),#17109,.F.);
#17098 = FACE_BOUND('',#17099,.F.);
#17099 = EDGE_LOOP('',(#17100,#17101,#17102,#17108));
#17100 = ORIENTED_EDGE('',*,*,#3995,.T.);
#17101 = ORIENTED_EDGE('',*,*,#12132,.T.);
#17102 = ORIENTED_EDGE('',*,*,#17103,.F.);
#17103 = EDGE_CURVE('',#3872,#12133,#17104,.T.);
#17104 = LINE('',#17105,#17106);
#17105 = CARTESIAN_POINT('',(424.19636790678,-159.5943824536,
    -274.0970318374));
#17106 = VECTOR('',#17107,1.);
#17107 = DIRECTION('',(5.95343464409E-30,1.,-5.373479439186E-14));
#17108 = ORIENTED_EDGE('',*,*,#3895,.T.);
#17109 = CYLINDRICAL_SURFACE('',#17110,2.);
#17110 = AXIS2_PLACEMENT_3D('',#17111,#17112,#17113);
#17111 = CARTESIAN_POINT('',(424.19636790678,-159.5943824536,
    -272.0970318374));
#17112 = DIRECTION('',(5.95343464409E-30,1.,-5.373479439186E-14));
#17113 = DIRECTION('',(-1.,-1.896378476032E-27,-3.540223671097E-14));
#17114 = ADVANCED_FACE('',(#17115),#17126,.F.);
#17115 = FACE_BOUND('',#17116,.T.);
#17116 = EDGE_LOOP('',(#17117,#17118,#17124,#17125));
#17117 = ORIENTED_EDGE('',*,*,#3881,.F.);
#17118 = ORIENTED_EDGE('',*,*,#17119,.T.);
#17119 = EDGE_CURVE('',#3847,#12142,#17120,.T.);
#17120 = LINE('',#17121,#17122);
#17121 = CARTESIAN_POINT('',(428.19636790678,-159.5943824536,
    -274.0970318374));
#17122 = VECTOR('',#17123,1.);
#17123 = DIRECTION('',(5.95343464409E-30,1.,-5.373479439186E-14));
#17124 = ORIENTED_EDGE('',*,*,#12141,.F.);
#17125 = ORIENTED_EDGE('',*,*,#17103,.F.);
#17126 = PLANE('',#17127);
#17127 = AXIS2_PLACEMENT_3D('',#17128,#17129,#17130);
#17128 = CARTESIAN_POINT('',(428.19636790678,-159.5943824536,
    -274.0970318374));
#17129 = DIRECTION('',(-1.249000770353E-16,-5.373479439186E-14,-1.));
#17130 = DIRECTION('',(-1.,-6.95019727745E-14,1.249000770391E-16));
#17131 = ADVANCED_FACE('',(#17132),#17138,.F.);
#17132 = FACE_BOUND('',#17133,.F.);
#17133 = EDGE_LOOP('',(#17134,#17135,#17136,#17137));
#17134 = ORIENTED_EDGE('',*,*,#17119,.T.);
#17135 = ORIENTED_EDGE('',*,*,#12149,.T.);
#17136 = ORIENTED_EDGE('',*,*,#16592,.F.);
#17137 = ORIENTED_EDGE('',*,*,#3846,.T.);
#17138 = CYLINDRICAL_SURFACE('',#17139,2.);
#17139 = AXIS2_PLACEMENT_3D('',#17140,#17141,#17142);
#17140 = CARTESIAN_POINT('',(428.19636790678,-159.5943824536,
    -272.0970318374));
#17141 = DIRECTION('',(5.95343464409E-30,1.,-5.373479439186E-14));
#17142 = DIRECTION('',(-1.249000770354E-16,-5.373479439186E-14,-1.));
#17143 = ADVANCED_FACE('',(#17144),#17155,.F.);
#17144 = FACE_BOUND('',#17145,.F.);
#17145 = EDGE_LOOP('',(#17146,#17147,#17148,#17154));
#17146 = ORIENTED_EDGE('',*,*,#4296,.T.);
#17147 = ORIENTED_EDGE('',*,*,#12170,.T.);
#17148 = ORIENTED_EDGE('',*,*,#17149,.F.);
#17149 = EDGE_CURVE('',#4173,#12171,#17150,.T.);
#17150 = LINE('',#17151,#17152);
#17151 = CARTESIAN_POINT('',(406.19636790678,-159.5943824536,
    -274.0970318374));
#17152 = VECTOR('',#17153,1.);
#17153 = DIRECTION('',(5.95343464409E-30,1.,-5.373479439186E-14));
#17154 = ORIENTED_EDGE('',*,*,#4196,.T.);
#17155 = CYLINDRICAL_SURFACE('',#17156,2.);
#17156 = AXIS2_PLACEMENT_3D('',#17157,#17158,#17159);
#17157 = CARTESIAN_POINT('',(406.19636790678,-159.5943824536,
    -272.0970318374));
#17158 = DIRECTION('',(5.95343464409E-30,1.,-5.373479439186E-14));
#17159 = DIRECTION('',(-1.,-1.896378476032E-27,-3.540223671097E-14));
#17160 = ADVANCED_FACE('',(#17161),#17172,.F.);
#17161 = FACE_BOUND('',#17162,.T.);
#17162 = EDGE_LOOP('',(#17163,#17164,#17170,#17171));
#17163 = ORIENTED_EDGE('',*,*,#4182,.F.);
#17164 = ORIENTED_EDGE('',*,*,#17165,.T.);
#17165 = EDGE_CURVE('',#4148,#12180,#17166,.T.);
#17166 = LINE('',#17167,#17168);
#17167 = CARTESIAN_POINT('',(410.19636790678,-159.5943824536,
    -274.0970318374));
#17168 = VECTOR('',#17169,1.);
#17169 = DIRECTION('',(5.95343464409E-30,1.,-5.373479439186E-14));
#17170 = ORIENTED_EDGE('',*,*,#12179,.F.);
#17171 = ORIENTED_EDGE('',*,*,#17149,.F.);
#17172 = PLANE('',#17173);
#17173 = AXIS2_PLACEMENT_3D('',#17174,#17175,#17176);
#17174 = CARTESIAN_POINT('',(410.19636790678,-159.5943824536,
    -274.0970318374));
#17175 = DIRECTION('',(-1.249000770353E-16,-5.373479439186E-14,-1.));
#17176 = DIRECTION('',(-1.,-6.95019727745E-14,1.249000770391E-16));
#17177 = ADVANCED_FACE('',(#17178),#17184,.F.);
#17178 = FACE_BOUND('',#17179,.F.);
#17179 = EDGE_LOOP('',(#17180,#17181,#17182,#17183));
#17180 = ORIENTED_EDGE('',*,*,#17165,.T.);
#17181 = ORIENTED_EDGE('',*,*,#12187,.T.);
#17182 = ORIENTED_EDGE('',*,*,#16609,.F.);
#17183 = ORIENTED_EDGE('',*,*,#4147,.T.);
#17184 = CYLINDRICAL_SURFACE('',#17185,2.);
#17185 = AXIS2_PLACEMENT_3D('',#17186,#17187,#17188);
#17186 = CARTESIAN_POINT('',(410.19636790678,-159.5943824536,
    -272.0970318374));
#17187 = DIRECTION('',(5.95343464409E-30,1.,-5.373479439186E-14));
#17188 = DIRECTION('',(-1.249000770354E-16,-5.373479439186E-14,-1.));
#17189 = ADVANCED_FACE('',(#17190),#17201,.F.);
#17190 = FACE_BOUND('',#17191,.F.);
#17191 = EDGE_LOOP('',(#17192,#17193,#17194,#17200));
#17192 = ORIENTED_EDGE('',*,*,#4597,.T.);
#17193 = ORIENTED_EDGE('',*,*,#12208,.T.);
#17194 = ORIENTED_EDGE('',*,*,#17195,.F.);
#17195 = EDGE_CURVE('',#4474,#12209,#17196,.T.);
#17196 = LINE('',#17197,#17198);
#17197 = CARTESIAN_POINT('',(388.19636790678,-159.5943824536,
    -274.0970318374));
#17198 = VECTOR('',#17199,1.);
#17199 = DIRECTION('',(5.95343464409E-30,1.,-5.373479439186E-14));
#17200 = ORIENTED_EDGE('',*,*,#4497,.T.);
#17201 = CYLINDRICAL_SURFACE('',#17202,2.);
#17202 = AXIS2_PLACEMENT_3D('',#17203,#17204,#17205);
#17203 = CARTESIAN_POINT('',(388.19636790678,-159.5943824536,
    -272.0970318374));
#17204 = DIRECTION('',(5.95343464409E-30,1.,-5.373479439186E-14));
#17205 = DIRECTION('',(-1.,-1.896378476032E-27,-3.540223671097E-14));
#17206 = ADVANCED_FACE('',(#17207),#17218,.F.);
#17207 = FACE_BOUND('',#17208,.T.);
#17208 = EDGE_LOOP('',(#17209,#17210,#17216,#17217));
#17209 = ORIENTED_EDGE('',*,*,#4483,.F.);
#17210 = ORIENTED_EDGE('',*,*,#17211,.T.);
#17211 = EDGE_CURVE('',#4449,#12218,#17212,.T.);
#17212 = LINE('',#17213,#17214);
#17213 = CARTESIAN_POINT('',(392.19636790678,-159.5943824536,
    -274.0970318374));
#17214 = VECTOR('',#17215,1.);
#17215 = DIRECTION('',(5.95343464409E-30,1.,-5.373479439186E-14));
#17216 = ORIENTED_EDGE('',*,*,#12217,.F.);
#17217 = ORIENTED_EDGE('',*,*,#17195,.F.);
#17218 = PLANE('',#17219);
#17219 = AXIS2_PLACEMENT_3D('',#17220,#17221,#17222);
#17220 = CARTESIAN_POINT('',(392.19636790678,-159.5943824536,
    -274.0970318374));
#17221 = DIRECTION('',(-1.249000770353E-16,-5.373479439186E-14,-1.));
#17222 = DIRECTION('',(-1.,-6.95019727745E-14,1.249000770391E-16));
#17223 = ADVANCED_FACE('',(#17224),#17230,.F.);
#17224 = FACE_BOUND('',#17225,.F.);
#17225 = EDGE_LOOP('',(#17226,#17227,#17228,#17229));
#17226 = ORIENTED_EDGE('',*,*,#17211,.T.);
#17227 = ORIENTED_EDGE('',*,*,#12225,.T.);
#17228 = ORIENTED_EDGE('',*,*,#16626,.F.);
#17229 = ORIENTED_EDGE('',*,*,#4448,.T.);
#17230 = CYLINDRICAL_SURFACE('',#17231,2.);
#17231 = AXIS2_PLACEMENT_3D('',#17232,#17233,#17234);
#17232 = CARTESIAN_POINT('',(392.19636790678,-159.5943824536,
    -272.0970318374));
#17233 = DIRECTION('',(5.95343464409E-30,1.,-5.373479439186E-14));
#17234 = DIRECTION('',(-1.249000770354E-16,-5.373479439186E-14,-1.));
#17235 = ADVANCED_FACE('',(#17236),#17247,.F.);
#17236 = FACE_BOUND('',#17237,.F.);
#17237 = EDGE_LOOP('',(#17238,#17239,#17240,#17246));
#17238 = ORIENTED_EDGE('',*,*,#4898,.T.);
#17239 = ORIENTED_EDGE('',*,*,#12246,.T.);
#17240 = ORIENTED_EDGE('',*,*,#17241,.F.);
#17241 = EDGE_CURVE('',#4775,#12247,#17242,.T.);
#17242 = LINE('',#17243,#17244);
#17243 = CARTESIAN_POINT('',(370.19636790678,-159.5943824536,
    -274.0970318374));
#17244 = VECTOR('',#17245,1.);
#17245 = DIRECTION('',(5.95343464409E-30,1.,-5.373479439186E-14));
#17246 = ORIENTED_EDGE('',*,*,#4798,.T.);
#17247 = CYLINDRICAL_SURFACE('',#17248,2.);
#17248 = AXIS2_PLACEMENT_3D('',#17249,#17250,#17251);
#17249 = CARTESIAN_POINT('',(370.19636790678,-159.5943824536,
    -272.0970318374));
#17250 = DIRECTION('',(5.95343464409E-30,1.,-5.373479439186E-14));
#17251 = DIRECTION('',(-1.,-1.896378476032E-27,-3.540223671097E-14));
#17252 = ADVANCED_FACE('',(#17253),#17264,.F.);
#17253 = FACE_BOUND('',#17254,.T.);
#17254 = EDGE_LOOP('',(#17255,#17256,#17262,#17263));
#17255 = ORIENTED_EDGE('',*,*,#4784,.F.);
#17256 = ORIENTED_EDGE('',*,*,#17257,.T.);
#17257 = EDGE_CURVE('',#4750,#12256,#17258,.T.);
#17258 = LINE('',#17259,#17260);
#17259 = CARTESIAN_POINT('',(374.19636790678,-159.5943824536,
    -274.0970318374));
#17260 = VECTOR('',#17261,1.);
#17261 = DIRECTION('',(5.95343464409E-30,1.,-5.373479439186E-14));
#17262 = ORIENTED_EDGE('',*,*,#12255,.F.);
#17263 = ORIENTED_EDGE('',*,*,#17241,.F.);
#17264 = PLANE('',#17265);
#17265 = AXIS2_PLACEMENT_3D('',#17266,#17267,#17268);
#17266 = CARTESIAN_POINT('',(374.19636790678,-159.5943824536,
    -274.0970318374));
#17267 = DIRECTION('',(-1.249000770353E-16,-5.373479439186E-14,-1.));
#17268 = DIRECTION('',(-1.,-6.95019727745E-14,1.249000770391E-16));
#17269 = ADVANCED_FACE('',(#17270),#17276,.F.);
#17270 = FACE_BOUND('',#17271,.F.);
#17271 = EDGE_LOOP('',(#17272,#17273,#17274,#17275));
#17272 = ORIENTED_EDGE('',*,*,#17257,.T.);
#17273 = ORIENTED_EDGE('',*,*,#12263,.T.);
#17274 = ORIENTED_EDGE('',*,*,#16643,.F.);
#17275 = ORIENTED_EDGE('',*,*,#4749,.T.);
#17276 = CYLINDRICAL_SURFACE('',#17277,2.);
#17277 = AXIS2_PLACEMENT_3D('',#17278,#17279,#17280);
#17278 = CARTESIAN_POINT('',(374.19636790678,-159.5943824536,
    -272.0970318374));
#17279 = DIRECTION('',(5.95343464409E-30,1.,-5.373479439186E-14));
#17280 = DIRECTION('',(-1.249000770354E-16,-5.373479439186E-14,-1.));
#17281 = ADVANCED_FACE('',(#17282),#17293,.F.);
#17282 = FACE_BOUND('',#17283,.F.);
#17283 = EDGE_LOOP('',(#17284,#17285,#17286,#17292));
#17284 = ORIENTED_EDGE('',*,*,#5199,.T.);
#17285 = ORIENTED_EDGE('',*,*,#12284,.T.);
#17286 = ORIENTED_EDGE('',*,*,#17287,.F.);
#17287 = EDGE_CURVE('',#5076,#12285,#17288,.T.);
#17288 = LINE('',#17289,#17290);
#17289 = CARTESIAN_POINT('',(352.19636790678,-159.5943824536,
    -274.0970318374));
#17290 = VECTOR('',#17291,1.);
#17291 = DIRECTION('',(5.95343464409E-30,1.,-5.373479439186E-14));
#17292 = ORIENTED_EDGE('',*,*,#5099,.T.);
#17293 = CYLINDRICAL_SURFACE('',#17294,2.);
#17294 = AXIS2_PLACEMENT_3D('',#17295,#17296,#17297);
#17295 = CARTESIAN_POINT('',(352.19636790678,-159.5943824536,
    -272.0970318374));
#17296 = DIRECTION('',(5.95343464409E-30,1.,-5.373479439186E-14));
#17297 = DIRECTION('',(-1.,-1.896378476032E-27,-3.540223671097E-14));
#17298 = ADVANCED_FACE('',(#17299),#17310,.F.);
#17299 = FACE_BOUND('',#17300,.T.);
#17300 = EDGE_LOOP('',(#17301,#17302,#17308,#17309));
#17301 = ORIENTED_EDGE('',*,*,#5085,.F.);
#17302 = ORIENTED_EDGE('',*,*,#17303,.T.);
#17303 = EDGE_CURVE('',#5051,#12294,#17304,.T.);
#17304 = LINE('',#17305,#17306);
#17305 = CARTESIAN_POINT('',(356.19636790678,-159.5943824536,
    -274.0970318374));
#17306 = VECTOR('',#17307,1.);
#17307 = DIRECTION('',(5.95343464409E-30,1.,-5.373479439186E-14));
#17308 = ORIENTED_EDGE('',*,*,#12293,.F.);
#17309 = ORIENTED_EDGE('',*,*,#17287,.F.);
#17310 = PLANE('',#17311);
#17311 = AXIS2_PLACEMENT_3D('',#17312,#17313,#17314);
#17312 = CARTESIAN_POINT('',(356.19636790678,-159.5943824536,
    -274.0970318374));
#17313 = DIRECTION('',(-1.249000770353E-16,-5.373479439186E-14,-1.));
#17314 = DIRECTION('',(-1.,-6.95019727745E-14,1.249000770391E-16));
#17315 = ADVANCED_FACE('',(#17316),#17322,.F.);
#17316 = FACE_BOUND('',#17317,.F.);
#17317 = EDGE_LOOP('',(#17318,#17319,#17320,#17321));
#17318 = ORIENTED_EDGE('',*,*,#17303,.T.);
#17319 = ORIENTED_EDGE('',*,*,#12301,.T.);
#17320 = ORIENTED_EDGE('',*,*,#16660,.F.);
#17321 = ORIENTED_EDGE('',*,*,#5050,.T.);
#17322 = CYLINDRICAL_SURFACE('',#17323,2.);
#17323 = AXIS2_PLACEMENT_3D('',#17324,#17325,#17326);
#17324 = CARTESIAN_POINT('',(356.19636790678,-159.5943824536,
    -272.0970318374));
#17325 = DIRECTION('',(5.95343464409E-30,1.,-5.373479439186E-14));
#17326 = DIRECTION('',(-1.249000770354E-16,-5.373479439186E-14,-1.));
#17327 = ADVANCED_FACE('',(#17328),#17339,.F.);
#17328 = FACE_BOUND('',#17329,.F.);
#17329 = EDGE_LOOP('',(#17330,#17331,#17332,#17338));
#17330 = ORIENTED_EDGE('',*,*,#5500,.T.);
#17331 = ORIENTED_EDGE('',*,*,#12322,.T.);
#17332 = ORIENTED_EDGE('',*,*,#17333,.F.);
#17333 = EDGE_CURVE('',#5377,#12323,#17334,.T.);
#17334 = LINE('',#17335,#17336);
#17335 = CARTESIAN_POINT('',(334.19636790678,-159.5943824536,
    -274.0970318374));
#17336 = VECTOR('',#17337,1.);
#17337 = DIRECTION('',(5.95343464409E-30,1.,-5.373479439186E-14));
#17338 = ORIENTED_EDGE('',*,*,#5400,.T.);
#17339 = CYLINDRICAL_SURFACE('',#17340,2.);
#17340 = AXIS2_PLACEMENT_3D('',#17341,#17342,#17343);
#17341 = CARTESIAN_POINT('',(334.19636790678,-159.5943824536,
    -272.0970318374));
#17342 = DIRECTION('',(5.95343464409E-30,1.,-5.373479439186E-14));
#17343 = DIRECTION('',(-1.,-1.896378476032E-27,-3.540223671097E-14));
#17344 = ADVANCED_FACE('',(#17345),#17356,.F.);
#17345 = FACE_BOUND('',#17346,.T.);
#17346 = EDGE_LOOP('',(#17347,#17348,#17354,#17355));
#17347 = ORIENTED_EDGE('',*,*,#5386,.F.);
#17348 = ORIENTED_EDGE('',*,*,#17349,.T.);
#17349 = EDGE_CURVE('',#5352,#12332,#17350,.T.);
#17350 = LINE('',#17351,#17352);
#17351 = CARTESIAN_POINT('',(338.19636790678,-159.5943824536,
    -274.0970318374));
#17352 = VECTOR('',#17353,1.);
#17353 = DIRECTION('',(5.95343464409E-30,1.,-5.373479439186E-14));
#17354 = ORIENTED_EDGE('',*,*,#12331,.F.);
#17355 = ORIENTED_EDGE('',*,*,#17333,.F.);
#17356 = PLANE('',#17357);
#17357 = AXIS2_PLACEMENT_3D('',#17358,#17359,#17360);
#17358 = CARTESIAN_POINT('',(338.19636790678,-159.5943824536,
    -274.0970318374));
#17359 = DIRECTION('',(-1.249000770353E-16,-5.373479439186E-14,-1.));
#17360 = DIRECTION('',(-1.,-6.95019727745E-14,1.249000770391E-16));
#17361 = ADVANCED_FACE('',(#17362),#17368,.F.);
#17362 = FACE_BOUND('',#17363,.F.);
#17363 = EDGE_LOOP('',(#17364,#17365,#17366,#17367));
#17364 = ORIENTED_EDGE('',*,*,#17349,.T.);
#17365 = ORIENTED_EDGE('',*,*,#12339,.T.);
#17366 = ORIENTED_EDGE('',*,*,#16677,.F.);
#17367 = ORIENTED_EDGE('',*,*,#5351,.T.);
#17368 = CYLINDRICAL_SURFACE('',#17369,2.);
#17369 = AXIS2_PLACEMENT_3D('',#17370,#17371,#17372);
#17370 = CARTESIAN_POINT('',(338.19636790678,-159.5943824536,
    -272.0970318374));
#17371 = DIRECTION('',(5.95343464409E-30,1.,-5.373479439186E-14));
#17372 = DIRECTION('',(-1.249000770354E-16,-5.373479439186E-14,-1.));
#17373 = ADVANCED_FACE('',(#17374),#17385,.F.);
#17374 = FACE_BOUND('',#17375,.F.);
#17375 = EDGE_LOOP('',(#17376,#17377,#17378,#17384));
#17376 = ORIENTED_EDGE('',*,*,#5801,.T.);
#17377 = ORIENTED_EDGE('',*,*,#12360,.T.);
#17378 = ORIENTED_EDGE('',*,*,#17379,.F.);
#17379 = EDGE_CURVE('',#5678,#12361,#17380,.T.);
#17380 = LINE('',#17381,#17382);
#17381 = CARTESIAN_POINT('',(316.19636790678,-159.5943824536,
    -274.0970318374));
#17382 = VECTOR('',#17383,1.);
#17383 = DIRECTION('',(5.95343464409E-30,1.,-5.373479439186E-14));
#17384 = ORIENTED_EDGE('',*,*,#5701,.T.);
#17385 = CYLINDRICAL_SURFACE('',#17386,2.);
#17386 = AXIS2_PLACEMENT_3D('',#17387,#17388,#17389);
#17387 = CARTESIAN_POINT('',(316.19636790678,-159.5943824536,
    -272.0970318374));
#17388 = DIRECTION('',(5.95343464409E-30,1.,-5.373479439186E-14));
#17389 = DIRECTION('',(-1.,-1.896378476032E-27,-3.540223671097E-14));
#17390 = ADVANCED_FACE('',(#17391),#17402,.F.);
#17391 = FACE_BOUND('',#17392,.T.);
#17392 = EDGE_LOOP('',(#17393,#17394,#17400,#17401));
#17393 = ORIENTED_EDGE('',*,*,#5687,.F.);
#17394 = ORIENTED_EDGE('',*,*,#17395,.T.);
#17395 = EDGE_CURVE('',#5653,#12370,#17396,.T.);
#17396 = LINE('',#17397,#17398);
#17397 = CARTESIAN_POINT('',(320.19636790678,-159.5943824536,
    -274.0970318374));
#17398 = VECTOR('',#17399,1.);
#17399 = DIRECTION('',(5.95343464409E-30,1.,-5.373479439186E-14));
#17400 = ORIENTED_EDGE('',*,*,#12369,.F.);
#17401 = ORIENTED_EDGE('',*,*,#17379,.F.);
#17402 = PLANE('',#17403);
#17403 = AXIS2_PLACEMENT_3D('',#17404,#17405,#17406);
#17404 = CARTESIAN_POINT('',(320.19636790678,-159.5943824536,
    -274.0970318374));
#17405 = DIRECTION('',(-1.249000770353E-16,-5.373479439186E-14,-1.));
#17406 = DIRECTION('',(-1.,-6.95019727745E-14,1.249000770391E-16));
#17407 = ADVANCED_FACE('',(#17408),#17414,.F.);
#17408 = FACE_BOUND('',#17409,.F.);
#17409 = EDGE_LOOP('',(#17410,#17411,#17412,#17413));
#17410 = ORIENTED_EDGE('',*,*,#17395,.T.);
#17411 = ORIENTED_EDGE('',*,*,#12377,.T.);
#17412 = ORIENTED_EDGE('',*,*,#16694,.F.);
#17413 = ORIENTED_EDGE('',*,*,#5652,.T.);
#17414 = CYLINDRICAL_SURFACE('',#17415,2.);
#17415 = AXIS2_PLACEMENT_3D('',#17416,#17417,#17418);
#17416 = CARTESIAN_POINT('',(320.19636790678,-159.5943824536,
    -272.0970318374));
#17417 = DIRECTION('',(5.95343464409E-30,1.,-5.373479439186E-14));
#17418 = DIRECTION('',(-1.249000770354E-16,-5.373479439186E-14,-1.));
#17419 = ADVANCED_FACE('',(#17420),#17431,.F.);
#17420 = FACE_BOUND('',#17421,.F.);
#17421 = EDGE_LOOP('',(#17422,#17423,#17424,#17430));
#17422 = ORIENTED_EDGE('',*,*,#6102,.T.);
#17423 = ORIENTED_EDGE('',*,*,#12398,.T.);
#17424 = ORIENTED_EDGE('',*,*,#17425,.F.);
#17425 = EDGE_CURVE('',#5979,#12399,#17426,.T.);
#17426 = LINE('',#17427,#17428);
#17427 = CARTESIAN_POINT('',(298.19636790678,-159.5943824536,
    -274.0970318374));
#17428 = VECTOR('',#17429,1.);
#17429 = DIRECTION('',(5.95343464409E-30,1.,-5.373479439186E-14));
#17430 = ORIENTED_EDGE('',*,*,#6002,.T.);
#17431 = CYLINDRICAL_SURFACE('',#17432,2.);
#17432 = AXIS2_PLACEMENT_3D('',#17433,#17434,#17435);
#17433 = CARTESIAN_POINT('',(298.19636790678,-159.5943824536,
    -272.0970318374));
#17434 = DIRECTION('',(5.95343464409E-30,1.,-5.373479439186E-14));
#17435 = DIRECTION('',(-1.,-1.896378476032E-27,-3.540223671097E-14));
#17436 = ADVANCED_FACE('',(#17437),#17448,.F.);
#17437 = FACE_BOUND('',#17438,.T.);
#17438 = EDGE_LOOP('',(#17439,#17440,#17446,#17447));
#17439 = ORIENTED_EDGE('',*,*,#5988,.F.);
#17440 = ORIENTED_EDGE('',*,*,#17441,.T.);
#17441 = EDGE_CURVE('',#5954,#12408,#17442,.T.);
#17442 = LINE('',#17443,#17444);
#17443 = CARTESIAN_POINT('',(302.19636790678,-159.5943824536,
    -274.0970318374));
#17444 = VECTOR('',#17445,1.);
#17445 = DIRECTION('',(5.95343464409E-30,1.,-5.373479439186E-14));
#17446 = ORIENTED_EDGE('',*,*,#12407,.F.);
#17447 = ORIENTED_EDGE('',*,*,#17425,.F.);
#17448 = PLANE('',#17449);
#17449 = AXIS2_PLACEMENT_3D('',#17450,#17451,#17452);
#17450 = CARTESIAN_POINT('',(302.19636790678,-159.5943824536,
    -274.0970318374));
#17451 = DIRECTION('',(-1.249000770353E-16,-5.373479439186E-14,-1.));
#17452 = DIRECTION('',(-1.,-6.95019727745E-14,1.249000770391E-16));
#17453 = ADVANCED_FACE('',(#17454),#17460,.F.);
#17454 = FACE_BOUND('',#17455,.F.);
#17455 = EDGE_LOOP('',(#17456,#17457,#17458,#17459));
#17456 = ORIENTED_EDGE('',*,*,#17441,.T.);
#17457 = ORIENTED_EDGE('',*,*,#12415,.T.);
#17458 = ORIENTED_EDGE('',*,*,#16711,.F.);
#17459 = ORIENTED_EDGE('',*,*,#5953,.T.);
#17460 = CYLINDRICAL_SURFACE('',#17461,2.);
#17461 = AXIS2_PLACEMENT_3D('',#17462,#17463,#17464);
#17462 = CARTESIAN_POINT('',(302.19636790678,-159.5943824536,
    -272.0970318374));
#17463 = DIRECTION('',(5.95343464409E-30,1.,-5.373479439186E-14));
#17464 = DIRECTION('',(-1.249000770354E-16,-5.373479439186E-14,-1.));
#17465 = ADVANCED_FACE('',(#17466),#17477,.F.);
#17466 = FACE_BOUND('',#17467,.F.);
#17467 = EDGE_LOOP('',(#17468,#17469,#17470,#17476));
#17468 = ORIENTED_EDGE('',*,*,#6403,.T.);
#17469 = ORIENTED_EDGE('',*,*,#12436,.T.);
#17470 = ORIENTED_EDGE('',*,*,#17471,.F.);
#17471 = EDGE_CURVE('',#6280,#12437,#17472,.T.);
#17472 = LINE('',#17473,#17474);
#17473 = CARTESIAN_POINT('',(280.19636790678,-159.5943824536,
    -274.0970318374));
#17474 = VECTOR('',#17475,1.);
#17475 = DIRECTION('',(5.95343464409E-30,1.,-5.373479439186E-14));
#17476 = ORIENTED_EDGE('',*,*,#6303,.T.);
#17477 = CYLINDRICAL_SURFACE('',#17478,2.);
#17478 = AXIS2_PLACEMENT_3D('',#17479,#17480,#17481);
#17479 = CARTESIAN_POINT('',(280.19636790678,-159.5943824536,
    -272.0970318374));
#17480 = DIRECTION('',(5.95343464409E-30,1.,-5.373479439186E-14));
#17481 = DIRECTION('',(-1.,-1.896378476032E-27,-3.540223671097E-14));
#17482 = ADVANCED_FACE('',(#17483),#17494,.F.);
#17483 = FACE_BOUND('',#17484,.T.);
#17484 = EDGE_LOOP('',(#17485,#17486,#17492,#17493));
#17485 = ORIENTED_EDGE('',*,*,#6289,.F.);
#17486 = ORIENTED_EDGE('',*,*,#17487,.T.);
#17487 = EDGE_CURVE('',#6255,#12446,#17488,.T.);
#17488 = LINE('',#17489,#17490);
#17489 = CARTESIAN_POINT('',(284.19636790678,-159.5943824536,
    -274.0970318374));
#17490 = VECTOR('',#17491,1.);
#17491 = DIRECTION('',(5.95343464409E-30,1.,-5.373479439186E-14));
#17492 = ORIENTED_EDGE('',*,*,#12445,.F.);
#17493 = ORIENTED_EDGE('',*,*,#17471,.F.);
#17494 = PLANE('',#17495);
#17495 = AXIS2_PLACEMENT_3D('',#17496,#17497,#17498);
#17496 = CARTESIAN_POINT('',(284.19636790678,-159.5943824536,
    -274.0970318374));
#17497 = DIRECTION('',(-1.249000770353E-16,-5.373479439186E-14,-1.));
#17498 = DIRECTION('',(-1.,-6.95019727745E-14,1.249000770391E-16));
#17499 = ADVANCED_FACE('',(#17500),#17506,.F.);
#17500 = FACE_BOUND('',#17501,.F.);
#17501 = EDGE_LOOP('',(#17502,#17503,#17504,#17505));
#17502 = ORIENTED_EDGE('',*,*,#17487,.T.);
#17503 = ORIENTED_EDGE('',*,*,#12453,.T.);
#17504 = ORIENTED_EDGE('',*,*,#16728,.F.);
#17505 = ORIENTED_EDGE('',*,*,#6254,.T.);
#17506 = CYLINDRICAL_SURFACE('',#17507,2.);
#17507 = AXIS2_PLACEMENT_3D('',#17508,#17509,#17510);
#17508 = CARTESIAN_POINT('',(284.19636790678,-159.5943824536,
    -272.0970318374));
#17509 = DIRECTION('',(5.95343464409E-30,1.,-5.373479439186E-14));
#17510 = DIRECTION('',(-1.249000770354E-16,-5.373479439186E-14,-1.));
#17511 = ADVANCED_FACE('',(#17512),#17523,.F.);
#17512 = FACE_BOUND('',#17513,.F.);
#17513 = EDGE_LOOP('',(#17514,#17515,#17516,#17522));
#17514 = ORIENTED_EDGE('',*,*,#7005,.T.);
#17515 = ORIENTED_EDGE('',*,*,#12512,.T.);
#17516 = ORIENTED_EDGE('',*,*,#17517,.F.);
#17517 = EDGE_CURVE('',#6882,#12513,#17518,.T.);
#17518 = LINE('',#17519,#17520);
#17519 = CARTESIAN_POINT('',(244.19636790678,-159.5943824536,
    -274.0970318374));
#17520 = VECTOR('',#17521,1.);
#17521 = DIRECTION('',(5.95343464409E-30,1.,-5.373479439186E-14));
#17522 = ORIENTED_EDGE('',*,*,#6905,.T.);
#17523 = CYLINDRICAL_SURFACE('',#17524,2.);
#17524 = AXIS2_PLACEMENT_3D('',#17525,#17526,#17527);
#17525 = CARTESIAN_POINT('',(244.19636790678,-159.5943824536,
    -272.0970318374));
#17526 = DIRECTION('',(5.95343464409E-30,1.,-5.373479439186E-14));
#17527 = DIRECTION('',(-1.,-1.896378476032E-27,-3.540223671097E-14));
#17528 = ADVANCED_FACE('',(#17529),#17540,.F.);
#17529 = FACE_BOUND('',#17530,.T.);
#17530 = EDGE_LOOP('',(#17531,#17532,#17538,#17539));
#17531 = ORIENTED_EDGE('',*,*,#6891,.F.);
#17532 = ORIENTED_EDGE('',*,*,#17533,.T.);
#17533 = EDGE_CURVE('',#6857,#12522,#17534,.T.);
#17534 = LINE('',#17535,#17536);
#17535 = CARTESIAN_POINT('',(248.19636790678,-159.5943824536,
    -274.0970318374));
#17536 = VECTOR('',#17537,1.);
#17537 = DIRECTION('',(5.95343464409E-30,1.,-5.373479439186E-14));
#17538 = ORIENTED_EDGE('',*,*,#12521,.F.);
#17539 = ORIENTED_EDGE('',*,*,#17517,.F.);
#17540 = PLANE('',#17541);
#17541 = AXIS2_PLACEMENT_3D('',#17542,#17543,#17544);
#17542 = CARTESIAN_POINT('',(248.19636790678,-159.5943824536,
    -274.0970318374));
#17543 = DIRECTION('',(-1.249000770353E-16,-5.373479439186E-14,-1.));
#17544 = DIRECTION('',(-1.,-6.95019727745E-14,1.249000770391E-16));
#17545 = ADVANCED_FACE('',(#17546),#17552,.F.);
#17546 = FACE_BOUND('',#17547,.F.);
#17547 = EDGE_LOOP('',(#17548,#17549,#17550,#17551));
#17548 = ORIENTED_EDGE('',*,*,#17533,.T.);
#17549 = ORIENTED_EDGE('',*,*,#12529,.T.);
#17550 = ORIENTED_EDGE('',*,*,#16762,.F.);
#17551 = ORIENTED_EDGE('',*,*,#6856,.T.);
#17552 = CYLINDRICAL_SURFACE('',#17553,2.);
#17553 = AXIS2_PLACEMENT_3D('',#17554,#17555,#17556);
#17554 = CARTESIAN_POINT('',(248.19636790678,-159.5943824536,
    -272.0970318374));
#17555 = DIRECTION('',(5.95343464409E-30,1.,-5.373479439186E-14));
#17556 = DIRECTION('',(-1.249000770354E-16,-5.373479439186E-14,-1.));
#17557 = ADVANCED_FACE('',(#17558),#17569,.F.);
#17558 = FACE_BOUND('',#17559,.F.);
#17559 = EDGE_LOOP('',(#17560,#17561,#17562,#17568));
#17560 = ORIENTED_EDGE('',*,*,#7306,.T.);
#17561 = ORIENTED_EDGE('',*,*,#12550,.T.);
#17562 = ORIENTED_EDGE('',*,*,#17563,.F.);
#17563 = EDGE_CURVE('',#7183,#12551,#17564,.T.);
#17564 = LINE('',#17565,#17566);
#17565 = CARTESIAN_POINT('',(226.19636790678,-159.5943824536,
    -274.0970318374));
#17566 = VECTOR('',#17567,1.);
#17567 = DIRECTION('',(5.95343464409E-30,1.,-5.373479439186E-14));
#17568 = ORIENTED_EDGE('',*,*,#7206,.T.);
#17569 = CYLINDRICAL_SURFACE('',#17570,2.);
#17570 = AXIS2_PLACEMENT_3D('',#17571,#17572,#17573);
#17571 = CARTESIAN_POINT('',(226.19636790678,-159.5943824536,
    -272.0970318374));
#17572 = DIRECTION('',(5.95343464409E-30,1.,-5.373479439186E-14));
#17573 = DIRECTION('',(-1.,-1.896378476032E-27,-3.540223671097E-14));
#17574 = ADVANCED_FACE('',(#17575),#17586,.F.);
#17575 = FACE_BOUND('',#17576,.T.);
#17576 = EDGE_LOOP('',(#17577,#17578,#17584,#17585));
#17577 = ORIENTED_EDGE('',*,*,#7192,.F.);
#17578 = ORIENTED_EDGE('',*,*,#17579,.T.);
#17579 = EDGE_CURVE('',#7158,#12560,#17580,.T.);
#17580 = LINE('',#17581,#17582);
#17581 = CARTESIAN_POINT('',(230.19636790678,-159.5943824536,
    -274.0970318374));
#17582 = VECTOR('',#17583,1.);
#17583 = DIRECTION('',(5.95343464409E-30,1.,-5.373479439186E-14));
#17584 = ORIENTED_EDGE('',*,*,#12559,.F.);
#17585 = ORIENTED_EDGE('',*,*,#17563,.F.);
#17586 = PLANE('',#17587);
#17587 = AXIS2_PLACEMENT_3D('',#17588,#17589,#17590);
#17588 = CARTESIAN_POINT('',(230.19636790678,-159.5943824536,
    -274.0970318374));
#17589 = DIRECTION('',(-1.249000770353E-16,-5.373479439186E-14,-1.));
#17590 = DIRECTION('',(-1.,-6.95019727745E-14,1.249000770391E-16));
#17591 = ADVANCED_FACE('',(#17592),#17598,.F.);
#17592 = FACE_BOUND('',#17593,.F.);
#17593 = EDGE_LOOP('',(#17594,#17595,#17596,#17597));
#17594 = ORIENTED_EDGE('',*,*,#17579,.T.);
#17595 = ORIENTED_EDGE('',*,*,#12567,.T.);
#17596 = ORIENTED_EDGE('',*,*,#16779,.F.);
#17597 = ORIENTED_EDGE('',*,*,#7157,.T.);
#17598 = CYLINDRICAL_SURFACE('',#17599,2.);
#17599 = AXIS2_PLACEMENT_3D('',#17600,#17601,#17602);
#17600 = CARTESIAN_POINT('',(230.19636790678,-159.5943824536,
    -272.0970318374));
#17601 = DIRECTION('',(5.95343464409E-30,1.,-5.373479439186E-14));
#17602 = DIRECTION('',(-1.249000770354E-16,-5.373479439186E-14,-1.));
#17603 = ADVANCED_FACE('',(#17604),#17615,.F.);
#17604 = FACE_BOUND('',#17605,.F.);
#17605 = EDGE_LOOP('',(#17606,#17607,#17608,#17614));
#17606 = ORIENTED_EDGE('',*,*,#7607,.T.);
#17607 = ORIENTED_EDGE('',*,*,#12588,.T.);
#17608 = ORIENTED_EDGE('',*,*,#17609,.F.);
#17609 = EDGE_CURVE('',#7484,#12589,#17610,.T.);
#17610 = LINE('',#17611,#17612);
#17611 = CARTESIAN_POINT('',(208.19636790678,-159.5943824536,
    -274.0970318374));
#17612 = VECTOR('',#17613,1.);
#17613 = DIRECTION('',(5.95343464409E-30,1.,-5.373479439186E-14));
#17614 = ORIENTED_EDGE('',*,*,#7507,.T.);
#17615 = CYLINDRICAL_SURFACE('',#17616,2.);
#17616 = AXIS2_PLACEMENT_3D('',#17617,#17618,#17619);
#17617 = CARTESIAN_POINT('',(208.19636790678,-159.5943824536,
    -272.0970318374));
#17618 = DIRECTION('',(5.95343464409E-30,1.,-5.373479439186E-14));
#17619 = DIRECTION('',(-1.,-1.896378476032E-27,-3.540223671097E-14));
#17620 = ADVANCED_FACE('',(#17621),#17632,.F.);
#17621 = FACE_BOUND('',#17622,.T.);
#17622 = EDGE_LOOP('',(#17623,#17624,#17630,#17631));
#17623 = ORIENTED_EDGE('',*,*,#7493,.F.);
#17624 = ORIENTED_EDGE('',*,*,#17625,.T.);
#17625 = EDGE_CURVE('',#7459,#12598,#17626,.T.);
#17626 = LINE('',#17627,#17628);
#17627 = CARTESIAN_POINT('',(212.19636790678,-159.5943824536,
    -274.0970318374));
#17628 = VECTOR('',#17629,1.);
#17629 = DIRECTION('',(5.95343464409E-30,1.,-5.373479439186E-14));
#17630 = ORIENTED_EDGE('',*,*,#12597,.F.);
#17631 = ORIENTED_EDGE('',*,*,#17609,.F.);
#17632 = PLANE('',#17633);
#17633 = AXIS2_PLACEMENT_3D('',#17634,#17635,#17636);
#17634 = CARTESIAN_POINT('',(212.19636790678,-159.5943824536,
    -274.0970318374));
#17635 = DIRECTION('',(-1.249000770353E-16,-5.373479439186E-14,-1.));
#17636 = DIRECTION('',(-1.,-6.95019727745E-14,1.249000770391E-16));
#17637 = ADVANCED_FACE('',(#17638),#17644,.F.);
#17638 = FACE_BOUND('',#17639,.F.);
#17639 = EDGE_LOOP('',(#17640,#17641,#17642,#17643));
#17640 = ORIENTED_EDGE('',*,*,#17625,.T.);
#17641 = ORIENTED_EDGE('',*,*,#12605,.T.);
#17642 = ORIENTED_EDGE('',*,*,#16796,.F.);
#17643 = ORIENTED_EDGE('',*,*,#7458,.T.);
#17644 = CYLINDRICAL_SURFACE('',#17645,2.);
#17645 = AXIS2_PLACEMENT_3D('',#17646,#17647,#17648);
#17646 = CARTESIAN_POINT('',(212.19636790678,-159.5943824536,
    -272.0970318374));
#17647 = DIRECTION('',(5.95343464409E-30,1.,-5.373479439186E-14));
#17648 = DIRECTION('',(-1.249000770354E-16,-5.373479439186E-14,-1.));
#17649 = ADVANCED_FACE('',(#17650),#17661,.F.);
#17650 = FACE_BOUND('',#17651,.F.);
#17651 = EDGE_LOOP('',(#17652,#17653,#17654,#17660));
#17652 = ORIENTED_EDGE('',*,*,#7908,.T.);
#17653 = ORIENTED_EDGE('',*,*,#12626,.T.);
#17654 = ORIENTED_EDGE('',*,*,#17655,.F.);
#17655 = EDGE_CURVE('',#7785,#12627,#17656,.T.);
#17656 = LINE('',#17657,#17658);
#17657 = CARTESIAN_POINT('',(190.19636790678,-159.5943824536,
    -274.0970318374));
#17658 = VECTOR('',#17659,1.);
#17659 = DIRECTION('',(5.95343464409E-30,1.,-5.373479439186E-14));
#17660 = ORIENTED_EDGE('',*,*,#7808,.T.);
#17661 = CYLINDRICAL_SURFACE('',#17662,2.);
#17662 = AXIS2_PLACEMENT_3D('',#17663,#17664,#17665);
#17663 = CARTESIAN_POINT('',(190.19636790678,-159.5943824536,
    -272.0970318374));
#17664 = DIRECTION('',(5.95343464409E-30,1.,-5.373479439186E-14));
#17665 = DIRECTION('',(-1.,-1.896378476032E-27,-3.540223671097E-14));
#17666 = ADVANCED_FACE('',(#17667),#17678,.F.);
#17667 = FACE_BOUND('',#17668,.T.);
#17668 = EDGE_LOOP('',(#17669,#17670,#17676,#17677));
#17669 = ORIENTED_EDGE('',*,*,#7794,.F.);
#17670 = ORIENTED_EDGE('',*,*,#17671,.T.);
#17671 = EDGE_CURVE('',#7760,#12636,#17672,.T.);
#17672 = LINE('',#17673,#17674);
#17673 = CARTESIAN_POINT('',(194.19636790678,-159.5943824536,
    -274.0970318374));
#17674 = VECTOR('',#17675,1.);
#17675 = DIRECTION('',(5.95343464409E-30,1.,-5.373479439186E-14));
#17676 = ORIENTED_EDGE('',*,*,#12635,.F.);
#17677 = ORIENTED_EDGE('',*,*,#17655,.F.);
#17678 = PLANE('',#17679);
#17679 = AXIS2_PLACEMENT_3D('',#17680,#17681,#17682);
#17680 = CARTESIAN_POINT('',(194.19636790678,-159.5943824536,
    -274.0970318374));
#17681 = DIRECTION('',(-1.249000770353E-16,-5.373479439186E-14,-1.));
#17682 = DIRECTION('',(-1.,-6.95019727745E-14,1.249000770391E-16));
#17683 = ADVANCED_FACE('',(#17684),#17690,.F.);
#17684 = FACE_BOUND('',#17685,.F.);
#17685 = EDGE_LOOP('',(#17686,#17687,#17688,#17689));
#17686 = ORIENTED_EDGE('',*,*,#17671,.T.);
#17687 = ORIENTED_EDGE('',*,*,#12643,.T.);
#17688 = ORIENTED_EDGE('',*,*,#16813,.F.);
#17689 = ORIENTED_EDGE('',*,*,#7759,.T.);
#17690 = CYLINDRICAL_SURFACE('',#17691,2.);
#17691 = AXIS2_PLACEMENT_3D('',#17692,#17693,#17694);
#17692 = CARTESIAN_POINT('',(194.19636790678,-159.5943824536,
    -272.0970318374));
#17693 = DIRECTION('',(5.95343464409E-30,1.,-5.373479439186E-14));
#17694 = DIRECTION('',(-1.249000770354E-16,-5.373479439186E-14,-1.));
#17695 = ADVANCED_FACE('',(#17696),#17707,.F.);
#17696 = FACE_BOUND('',#17697,.F.);
#17697 = EDGE_LOOP('',(#17698,#17699,#17700,#17706));
#17698 = ORIENTED_EDGE('',*,*,#8209,.T.);
#17699 = ORIENTED_EDGE('',*,*,#11968,.T.);
#17700 = ORIENTED_EDGE('',*,*,#17701,.F.);
#17701 = EDGE_CURVE('',#8086,#11969,#17702,.T.);
#17702 = LINE('',#17703,#17704);
#17703 = CARTESIAN_POINT('',(172.19636790678,-159.5943824536,
    -274.0970318374));
#17704 = VECTOR('',#17705,1.);
#17705 = DIRECTION('',(5.95343464409E-30,1.,-5.373479439186E-14));
#17706 = ORIENTED_EDGE('',*,*,#8109,.T.);
#17707 = CYLINDRICAL_SURFACE('',#17708,2.);
#17708 = AXIS2_PLACEMENT_3D('',#17709,#17710,#17711);
#17709 = CARTESIAN_POINT('',(172.19636790678,-159.5943824536,
    -272.0970318374));
#17710 = DIRECTION('',(5.95343464409E-30,1.,-5.373479439186E-14));
#17711 = DIRECTION('',(-1.,-1.896378476032E-27,-3.540223671097E-14));
#17712 = ADVANCED_FACE('',(#17713),#17724,.F.);
#17713 = FACE_BOUND('',#17714,.T.);
#17714 = EDGE_LOOP('',(#17715,#17716,#17722,#17723));
#17715 = ORIENTED_EDGE('',*,*,#8095,.F.);
#17716 = ORIENTED_EDGE('',*,*,#17717,.T.);
#17717 = EDGE_CURVE('',#8061,#11978,#17718,.T.);
#17718 = LINE('',#17719,#17720);
#17719 = CARTESIAN_POINT('',(176.19636790678,-159.5943824536,
    -274.0970318374));
#17720 = VECTOR('',#17721,1.);
#17721 = DIRECTION('',(5.95343464409E-30,1.,-5.373479439186E-14));
#17722 = ORIENTED_EDGE('',*,*,#11977,.F.);
#17723 = ORIENTED_EDGE('',*,*,#17701,.F.);
#17724 = PLANE('',#17725);
#17725 = AXIS2_PLACEMENT_3D('',#17726,#17727,#17728);
#17726 = CARTESIAN_POINT('',(176.19636790678,-159.5943824536,
    -274.0970318374));
#17727 = DIRECTION('',(-1.249000770353E-16,-5.373479439186E-14,-1.));
#17728 = DIRECTION('',(-1.,-6.95019727745E-14,1.249000770391E-16));
#17729 = ADVANCED_FACE('',(#17730),#17736,.F.);
#17730 = FACE_BOUND('',#17731,.F.);
#17731 = EDGE_LOOP('',(#17732,#17733,#17734,#17735));
#17732 = ORIENTED_EDGE('',*,*,#17717,.T.);
#17733 = ORIENTED_EDGE('',*,*,#11985,.T.);
#17734 = ORIENTED_EDGE('',*,*,#16830,.F.);
#17735 = ORIENTED_EDGE('',*,*,#8060,.T.);
#17736 = CYLINDRICAL_SURFACE('',#17737,2.);
#17737 = AXIS2_PLACEMENT_3D('',#17738,#17739,#17740);
#17738 = CARTESIAN_POINT('',(176.19636790678,-159.5943824536,
    -272.0970318374));
#17739 = DIRECTION('',(5.95343464409E-30,1.,-5.373479439186E-14));
#17740 = DIRECTION('',(-1.249000770354E-16,-5.373479439186E-14,-1.));
#17741 = ADVANCED_FACE('',(#17742),#17753,.F.);
#17742 = FACE_BOUND('',#17743,.F.);
#17743 = EDGE_LOOP('',(#17744,#17745,#17746,#17752));
#17744 = ORIENTED_EDGE('',*,*,#8510,.T.);
#17745 = ORIENTED_EDGE('',*,*,#12664,.T.);
#17746 = ORIENTED_EDGE('',*,*,#17747,.F.);
#17747 = EDGE_CURVE('',#8387,#12665,#17748,.T.);
#17748 = LINE('',#17749,#17750);
#17749 = CARTESIAN_POINT('',(154.19636790678,-159.5943824536,
    -274.0970318374));
#17750 = VECTOR('',#17751,1.);
#17751 = DIRECTION('',(5.95343464409E-30,1.,-5.373479439186E-14));
#17752 = ORIENTED_EDGE('',*,*,#8410,.T.);
#17753 = CYLINDRICAL_SURFACE('',#17754,2.);
#17754 = AXIS2_PLACEMENT_3D('',#17755,#17756,#17757);
#17755 = CARTESIAN_POINT('',(154.19636790678,-159.5943824536,
    -272.0970318374));
#17756 = DIRECTION('',(5.95343464409E-30,1.,-5.373479439186E-14));
#17757 = DIRECTION('',(-1.,-1.896378476032E-27,-3.540223671097E-14));
#17758 = ADVANCED_FACE('',(#17759),#17770,.F.);
#17759 = FACE_BOUND('',#17760,.T.);
#17760 = EDGE_LOOP('',(#17761,#17762,#17768,#17769));
#17761 = ORIENTED_EDGE('',*,*,#8396,.F.);
#17762 = ORIENTED_EDGE('',*,*,#17763,.T.);
#17763 = EDGE_CURVE('',#8362,#12674,#17764,.T.);
#17764 = LINE('',#17765,#17766);
#17765 = CARTESIAN_POINT('',(158.19636790678,-159.5943824536,
    -274.0970318374));
#17766 = VECTOR('',#17767,1.);
#17767 = DIRECTION('',(5.95343464409E-30,1.,-5.373479439186E-14));
#17768 = ORIENTED_EDGE('',*,*,#12673,.F.);
#17769 = ORIENTED_EDGE('',*,*,#17747,.F.);
#17770 = PLANE('',#17771);
#17771 = AXIS2_PLACEMENT_3D('',#17772,#17773,#17774);
#17772 = CARTESIAN_POINT('',(158.19636790678,-159.5943824536,
    -274.0970318374));
#17773 = DIRECTION('',(-1.249000770353E-16,-5.373479439186E-14,-1.));
#17774 = DIRECTION('',(-1.,-6.95019727745E-14,1.249000770391E-16));
#17775 = ADVANCED_FACE('',(#17776),#17782,.F.);
#17776 = FACE_BOUND('',#17777,.F.);
#17777 = EDGE_LOOP('',(#17778,#17779,#17780,#17781));
#17778 = ORIENTED_EDGE('',*,*,#17763,.T.);
#17779 = ORIENTED_EDGE('',*,*,#12681,.T.);
#17780 = ORIENTED_EDGE('',*,*,#16847,.F.);
#17781 = ORIENTED_EDGE('',*,*,#8361,.T.);
#17782 = CYLINDRICAL_SURFACE('',#17783,2.);
#17783 = AXIS2_PLACEMENT_3D('',#17784,#17785,#17786);
#17784 = CARTESIAN_POINT('',(158.19636790678,-159.5943824536,
    -272.0970318374));
#17785 = DIRECTION('',(5.95343464409E-30,1.,-5.373479439186E-14));
#17786 = DIRECTION('',(-1.249000770354E-16,-5.373479439186E-14,-1.));
#17787 = ADVANCED_FACE('',(#17788),#17799,.F.);
#17788 = FACE_BOUND('',#17789,.F.);
#17789 = EDGE_LOOP('',(#17790,#17791,#17792,#17798));
#17790 = ORIENTED_EDGE('',*,*,#8811,.T.);
#17791 = ORIENTED_EDGE('',*,*,#12702,.T.);
#17792 = ORIENTED_EDGE('',*,*,#17793,.F.);
#17793 = EDGE_CURVE('',#8688,#12703,#17794,.T.);
#17794 = LINE('',#17795,#17796);
#17795 = CARTESIAN_POINT('',(136.19636790678,-159.5943824536,
    -274.0970318374));
#17796 = VECTOR('',#17797,1.);
#17797 = DIRECTION('',(5.95343464409E-30,1.,-5.373479439186E-14));
#17798 = ORIENTED_EDGE('',*,*,#8711,.T.);
#17799 = CYLINDRICAL_SURFACE('',#17800,2.);
#17800 = AXIS2_PLACEMENT_3D('',#17801,#17802,#17803);
#17801 = CARTESIAN_POINT('',(136.19636790678,-159.5943824536,
    -272.0970318374));
#17802 = DIRECTION('',(5.95343464409E-30,1.,-5.373479439186E-14));
#17803 = DIRECTION('',(-1.,-1.896378476032E-27,-3.540223671097E-14));
#17804 = ADVANCED_FACE('',(#17805),#17816,.F.);
#17805 = FACE_BOUND('',#17806,.T.);
#17806 = EDGE_LOOP('',(#17807,#17808,#17814,#17815));
#17807 = ORIENTED_EDGE('',*,*,#8697,.F.);
#17808 = ORIENTED_EDGE('',*,*,#17809,.T.);
#17809 = EDGE_CURVE('',#8663,#12712,#17810,.T.);
#17810 = LINE('',#17811,#17812);
#17811 = CARTESIAN_POINT('',(140.19636790678,-159.5943824536,
    -274.0970318374));
#17812 = VECTOR('',#17813,1.);
#17813 = DIRECTION('',(5.95343464409E-30,1.,-5.373479439186E-14));
#17814 = ORIENTED_EDGE('',*,*,#12711,.F.);
#17815 = ORIENTED_EDGE('',*,*,#17793,.F.);
#17816 = PLANE('',#17817);
#17817 = AXIS2_PLACEMENT_3D('',#17818,#17819,#17820);
#17818 = CARTESIAN_POINT('',(140.19636790678,-159.5943824536,
    -274.0970318374));
#17819 = DIRECTION('',(-1.249000770353E-16,-5.373479439186E-14,-1.));
#17820 = DIRECTION('',(-1.,-6.95019727745E-14,1.249000770391E-16));
#17821 = ADVANCED_FACE('',(#17822),#17828,.F.);
#17822 = FACE_BOUND('',#17823,.F.);
#17823 = EDGE_LOOP('',(#17824,#17825,#17826,#17827));
#17824 = ORIENTED_EDGE('',*,*,#17809,.T.);
#17825 = ORIENTED_EDGE('',*,*,#12719,.T.);
#17826 = ORIENTED_EDGE('',*,*,#16864,.F.);
#17827 = ORIENTED_EDGE('',*,*,#8662,.T.);
#17828 = CYLINDRICAL_SURFACE('',#17829,2.);
#17829 = AXIS2_PLACEMENT_3D('',#17830,#17831,#17832);
#17830 = CARTESIAN_POINT('',(140.19636790678,-159.5943824536,
    -272.0970318374));
#17831 = DIRECTION('',(5.95343464409E-30,1.,-5.373479439186E-14));
#17832 = DIRECTION('',(-1.249000770354E-16,-5.373479439186E-14,-1.));
#17833 = ADVANCED_FACE('',(#17834),#17845,.F.);
#17834 = FACE_BOUND('',#17835,.F.);
#17835 = EDGE_LOOP('',(#17836,#17837,#17838,#17844));
#17836 = ORIENTED_EDGE('',*,*,#9112,.T.);
#17837 = ORIENTED_EDGE('',*,*,#12740,.T.);
#17838 = ORIENTED_EDGE('',*,*,#17839,.F.);
#17839 = EDGE_CURVE('',#8989,#12741,#17840,.T.);
#17840 = LINE('',#17841,#17842);
#17841 = CARTESIAN_POINT('',(118.19636790678,-159.5943824536,
    -274.0970318374));
#17842 = VECTOR('',#17843,1.);
#17843 = DIRECTION('',(5.95343464409E-30,1.,-5.373479439186E-14));
#17844 = ORIENTED_EDGE('',*,*,#9012,.T.);
#17845 = CYLINDRICAL_SURFACE('',#17846,2.);
#17846 = AXIS2_PLACEMENT_3D('',#17847,#17848,#17849);
#17847 = CARTESIAN_POINT('',(118.19636790678,-159.5943824536,
    -272.0970318374));
#17848 = DIRECTION('',(5.95343464409E-30,1.,-5.373479439186E-14));
#17849 = DIRECTION('',(-1.,-1.896378476032E-27,-3.540223671097E-14));
#17850 = ADVANCED_FACE('',(#17851),#17862,.F.);
#17851 = FACE_BOUND('',#17852,.T.);
#17852 = EDGE_LOOP('',(#17853,#17854,#17860,#17861));
#17853 = ORIENTED_EDGE('',*,*,#8998,.F.);
#17854 = ORIENTED_EDGE('',*,*,#17855,.T.);
#17855 = EDGE_CURVE('',#8964,#12750,#17856,.T.);
#17856 = LINE('',#17857,#17858);
#17857 = CARTESIAN_POINT('',(122.19636790678,-159.5943824536,
    -274.0970318374));
#17858 = VECTOR('',#17859,1.);
#17859 = DIRECTION('',(5.95343464409E-30,1.,-5.373479439186E-14));
#17860 = ORIENTED_EDGE('',*,*,#12749,.F.);
#17861 = ORIENTED_EDGE('',*,*,#17839,.F.);
#17862 = PLANE('',#17863);
#17863 = AXIS2_PLACEMENT_3D('',#17864,#17865,#17866);
#17864 = CARTESIAN_POINT('',(122.19636790678,-159.5943824536,
    -274.0970318374));
#17865 = DIRECTION('',(-1.249000770353E-16,-5.373479439186E-14,-1.));
#17866 = DIRECTION('',(-1.,-6.95019727745E-14,1.249000770391E-16));
#17867 = ADVANCED_FACE('',(#17868),#17874,.F.);
#17868 = FACE_BOUND('',#17869,.F.);
#17869 = EDGE_LOOP('',(#17870,#17871,#17872,#17873));
#17870 = ORIENTED_EDGE('',*,*,#17855,.T.);
#17871 = ORIENTED_EDGE('',*,*,#12757,.T.);
#17872 = ORIENTED_EDGE('',*,*,#16881,.F.);
#17873 = ORIENTED_EDGE('',*,*,#8963,.T.);
#17874 = CYLINDRICAL_SURFACE('',#17875,2.);
#17875 = AXIS2_PLACEMENT_3D('',#17876,#17877,#17878);
#17876 = CARTESIAN_POINT('',(122.19636790678,-159.5943824536,
    -272.0970318374));
#17877 = DIRECTION('',(5.95343464409E-30,1.,-5.373479439186E-14));
#17878 = DIRECTION('',(-1.249000770354E-16,-5.373479439186E-14,-1.));
#17879 = ADVANCED_FACE('',(#17880),#17891,.F.);
#17880 = FACE_BOUND('',#17881,.F.);
#17881 = EDGE_LOOP('',(#17882,#17883,#17884,#17890));
#17882 = ORIENTED_EDGE('',*,*,#9413,.T.);
#17883 = ORIENTED_EDGE('',*,*,#12778,.T.);
#17884 = ORIENTED_EDGE('',*,*,#17885,.F.);
#17885 = EDGE_CURVE('',#9290,#12779,#17886,.T.);
#17886 = LINE('',#17887,#17888);
#17887 = CARTESIAN_POINT('',(100.19636790678,-159.5943824536,
    -274.0970318374));
#17888 = VECTOR('',#17889,1.);
#17889 = DIRECTION('',(5.95343464409E-30,1.,-5.373479439186E-14));
#17890 = ORIENTED_EDGE('',*,*,#9313,.T.);
#17891 = CYLINDRICAL_SURFACE('',#17892,2.);
#17892 = AXIS2_PLACEMENT_3D('',#17893,#17894,#17895);
#17893 = CARTESIAN_POINT('',(100.19636790678,-159.5943824536,
    -272.0970318374));
#17894 = DIRECTION('',(5.95343464409E-30,1.,-5.373479439186E-14));
#17895 = DIRECTION('',(-1.,-1.896378476032E-27,-3.540223671097E-14));
#17896 = ADVANCED_FACE('',(#17897),#17908,.F.);
#17897 = FACE_BOUND('',#17898,.T.);
#17898 = EDGE_LOOP('',(#17899,#17900,#17906,#17907));
#17899 = ORIENTED_EDGE('',*,*,#9299,.F.);
#17900 = ORIENTED_EDGE('',*,*,#17901,.T.);
#17901 = EDGE_CURVE('',#9265,#12788,#17902,.T.);
#17902 = LINE('',#17903,#17904);
#17903 = CARTESIAN_POINT('',(104.19636790678,-159.5943824536,
    -274.0970318374));
#17904 = VECTOR('',#17905,1.);
#17905 = DIRECTION('',(5.95343464409E-30,1.,-5.373479439186E-14));
#17906 = ORIENTED_EDGE('',*,*,#12787,.F.);
#17907 = ORIENTED_EDGE('',*,*,#17885,.F.);
#17908 = PLANE('',#17909);
#17909 = AXIS2_PLACEMENT_3D('',#17910,#17911,#17912);
#17910 = CARTESIAN_POINT('',(104.19636790678,-159.5943824536,
    -274.0970318374));
#17911 = DIRECTION('',(-1.249000770353E-16,-5.373479439186E-14,-1.));
#17912 = DIRECTION('',(-1.,-6.95019727745E-14,1.249000770391E-16));
#17913 = ADVANCED_FACE('',(#17914),#17920,.F.);
#17914 = FACE_BOUND('',#17915,.F.);
#17915 = EDGE_LOOP('',(#17916,#17917,#17918,#17919));
#17916 = ORIENTED_EDGE('',*,*,#17901,.T.);
#17917 = ORIENTED_EDGE('',*,*,#12795,.T.);
#17918 = ORIENTED_EDGE('',*,*,#16898,.F.);
#17919 = ORIENTED_EDGE('',*,*,#9264,.T.);
#17920 = CYLINDRICAL_SURFACE('',#17921,2.);
#17921 = AXIS2_PLACEMENT_3D('',#17922,#17923,#17924);
#17922 = CARTESIAN_POINT('',(104.19636790678,-159.5943824536,
    -272.0970318374));
#17923 = DIRECTION('',(5.95343464409E-30,1.,-5.373479439186E-14));
#17924 = DIRECTION('',(-1.249000770354E-16,-5.373479439186E-14,-1.));
#17925 = ADVANCED_FACE('',(#17926),#17937,.F.);
#17926 = FACE_BOUND('',#17927,.F.);
#17927 = EDGE_LOOP('',(#17928,#17929,#17930,#17936));
#17928 = ORIENTED_EDGE('',*,*,#9714,.T.);
#17929 = ORIENTED_EDGE('',*,*,#12816,.T.);
#17930 = ORIENTED_EDGE('',*,*,#17931,.F.);
#17931 = EDGE_CURVE('',#9591,#12817,#17932,.T.);
#17932 = LINE('',#17933,#17934);
#17933 = CARTESIAN_POINT('',(82.196367906788,-159.5943824536,
    -274.0970318374));
#17934 = VECTOR('',#17935,1.);
#17935 = DIRECTION('',(5.95343464409E-30,1.,-5.373479439186E-14));
#17936 = ORIENTED_EDGE('',*,*,#9614,.T.);
#17937 = CYLINDRICAL_SURFACE('',#17938,2.);
#17938 = AXIS2_PLACEMENT_3D('',#17939,#17940,#17941);
#17939 = CARTESIAN_POINT('',(82.196367906788,-159.5943824536,
    -272.0970318374));
#17940 = DIRECTION('',(5.95343464409E-30,1.,-5.373479439186E-14));
#17941 = DIRECTION('',(-1.,-1.896378476032E-27,-3.540223671097E-14));
#17942 = ADVANCED_FACE('',(#17943),#17954,.F.);
#17943 = FACE_BOUND('',#17944,.T.);
#17944 = EDGE_LOOP('',(#17945,#17946,#17952,#17953));
#17945 = ORIENTED_EDGE('',*,*,#9600,.F.);
#17946 = ORIENTED_EDGE('',*,*,#17947,.T.);
#17947 = EDGE_CURVE('',#9566,#12826,#17948,.T.);
#17948 = LINE('',#17949,#17950);
#17949 = CARTESIAN_POINT('',(86.196367906788,-159.5943824536,
    -274.0970318374));
#17950 = VECTOR('',#17951,1.);
#17951 = DIRECTION('',(5.95343464409E-30,1.,-5.373479439186E-14));
#17952 = ORIENTED_EDGE('',*,*,#12825,.F.);
#17953 = ORIENTED_EDGE('',*,*,#17931,.F.);
#17954 = PLANE('',#17955);
#17955 = AXIS2_PLACEMENT_3D('',#17956,#17957,#17958);
#17956 = CARTESIAN_POINT('',(86.196367906788,-159.5943824536,
    -274.0970318374));
#17957 = DIRECTION('',(-1.249000770353E-16,-5.373479439186E-14,-1.));
#17958 = DIRECTION('',(-1.,-6.95019727745E-14,1.249000770391E-16));
#17959 = ADVANCED_FACE('',(#17960),#17966,.F.);
#17960 = FACE_BOUND('',#17961,.F.);
#17961 = EDGE_LOOP('',(#17962,#17963,#17964,#17965));
#17962 = ORIENTED_EDGE('',*,*,#17947,.T.);
#17963 = ORIENTED_EDGE('',*,*,#12833,.T.);
#17964 = ORIENTED_EDGE('',*,*,#16915,.F.);
#17965 = ORIENTED_EDGE('',*,*,#9565,.T.);
#17966 = CYLINDRICAL_SURFACE('',#17967,2.);
#17967 = AXIS2_PLACEMENT_3D('',#17968,#17969,#17970);
#17968 = CARTESIAN_POINT('',(86.196367906788,-159.5943824536,
    -272.0970318374));
#17969 = DIRECTION('',(5.95343464409E-30,1.,-5.373479439186E-14));
#17970 = DIRECTION('',(-1.249000770354E-16,-5.373479439186E-14,-1.));
#17971 = ADVANCED_FACE('',(#17972),#17983,.F.);
#17972 = FACE_BOUND('',#17973,.F.);
#17973 = EDGE_LOOP('',(#17974,#17975,#17976,#17982));
#17974 = ORIENTED_EDGE('',*,*,#10015,.T.);
#17975 = ORIENTED_EDGE('',*,*,#12854,.T.);
#17976 = ORIENTED_EDGE('',*,*,#17977,.F.);
#17977 = EDGE_CURVE('',#9892,#12855,#17978,.T.);
#17978 = LINE('',#17979,#17980);
#17979 = CARTESIAN_POINT('',(64.196367906788,-159.5943824536,
    -274.0970318374));
#17980 = VECTOR('',#17981,1.);
#17981 = DIRECTION('',(5.95343464409E-30,1.,-5.373479439186E-14));
#17982 = ORIENTED_EDGE('',*,*,#9915,.T.);
#17983 = CYLINDRICAL_SURFACE('',#17984,2.);
#17984 = AXIS2_PLACEMENT_3D('',#17985,#17986,#17987);
#17985 = CARTESIAN_POINT('',(64.196367906788,-159.5943824536,
    -272.0970318374));
#17986 = DIRECTION('',(5.95343464409E-30,1.,-5.373479439186E-14));
#17987 = DIRECTION('',(-1.,-1.896378476032E-27,-3.540223671097E-14));
#17988 = ADVANCED_FACE('',(#17989),#18000,.F.);
#17989 = FACE_BOUND('',#17990,.T.);
#17990 = EDGE_LOOP('',(#17991,#17992,#17998,#17999));
#17991 = ORIENTED_EDGE('',*,*,#9901,.F.);
#17992 = ORIENTED_EDGE('',*,*,#17993,.T.);
#17993 = EDGE_CURVE('',#9867,#12864,#17994,.T.);
#17994 = LINE('',#17995,#17996);
#17995 = CARTESIAN_POINT('',(68.196367906788,-159.5943824536,
    -274.0970318374));
#17996 = VECTOR('',#17997,1.);
#17997 = DIRECTION('',(5.95343464409E-30,1.,-5.373479439186E-14));
#17998 = ORIENTED_EDGE('',*,*,#12863,.F.);
#17999 = ORIENTED_EDGE('',*,*,#17977,.F.);
#18000 = PLANE('',#18001);
#18001 = AXIS2_PLACEMENT_3D('',#18002,#18003,#18004);
#18002 = CARTESIAN_POINT('',(68.196367906788,-159.5943824536,
    -274.0970318374));
#18003 = DIRECTION('',(-1.249000770353E-16,-5.373479439186E-14,-1.));
#18004 = DIRECTION('',(-1.,-6.95019727745E-14,1.249000770391E-16));
#18005 = ADVANCED_FACE('',(#18006),#18012,.F.);
#18006 = FACE_BOUND('',#18007,.F.);
#18007 = EDGE_LOOP('',(#18008,#18009,#18010,#18011));
#18008 = ORIENTED_EDGE('',*,*,#17993,.T.);
#18009 = ORIENTED_EDGE('',*,*,#12871,.T.);
#18010 = ORIENTED_EDGE('',*,*,#16932,.F.);
#18011 = ORIENTED_EDGE('',*,*,#9866,.T.);
#18012 = CYLINDRICAL_SURFACE('',#18013,2.);
#18013 = AXIS2_PLACEMENT_3D('',#18014,#18015,#18016);
#18014 = CARTESIAN_POINT('',(68.196367906788,-159.5943824536,
    -272.0970318374));
#18015 = DIRECTION('',(5.95343464409E-30,1.,-5.373479439186E-14));
#18016 = DIRECTION('',(-1.249000770354E-16,-5.373479439186E-14,-1.));
#18017 = ADVANCED_FACE('',(#18018),#18029,.F.);
#18018 = FACE_BOUND('',#18019,.F.);
#18019 = EDGE_LOOP('',(#18020,#18021,#18022,#18028));
#18020 = ORIENTED_EDGE('',*,*,#10316,.T.);
#18021 = ORIENTED_EDGE('',*,*,#12892,.T.);
#18022 = ORIENTED_EDGE('',*,*,#18023,.F.);
#18023 = EDGE_CURVE('',#10193,#12893,#18024,.T.);
#18024 = LINE('',#18025,#18026);
#18025 = CARTESIAN_POINT('',(46.196367906788,-159.5943824536,
    -274.0970318374));
#18026 = VECTOR('',#18027,1.);
#18027 = DIRECTION('',(5.95343464409E-30,1.,-5.373479439186E-14));
#18028 = ORIENTED_EDGE('',*,*,#10216,.T.);
#18029 = CYLINDRICAL_SURFACE('',#18030,2.);
#18030 = AXIS2_PLACEMENT_3D('',#18031,#18032,#18033);
#18031 = CARTESIAN_POINT('',(46.196367906788,-159.5943824536,
    -272.0970318374));
#18032 = DIRECTION('',(5.95343464409E-30,1.,-5.373479439186E-14));
#18033 = DIRECTION('',(-1.,-1.896378476032E-27,-3.540223671097E-14));
#18034 = ADVANCED_FACE('',(#18035),#18046,.F.);
#18035 = FACE_BOUND('',#18036,.T.);
#18036 = EDGE_LOOP('',(#18037,#18038,#18044,#18045));
#18037 = ORIENTED_EDGE('',*,*,#10202,.F.);
#18038 = ORIENTED_EDGE('',*,*,#18039,.T.);
#18039 = EDGE_CURVE('',#10168,#12902,#18040,.T.);
#18040 = LINE('',#18041,#18042);
#18041 = CARTESIAN_POINT('',(50.196367906788,-159.5943824536,
    -274.0970318374));
#18042 = VECTOR('',#18043,1.);
#18043 = DIRECTION('',(5.95343464409E-30,1.,-5.373479439186E-14));
#18044 = ORIENTED_EDGE('',*,*,#12901,.F.);
#18045 = ORIENTED_EDGE('',*,*,#18023,.F.);
#18046 = PLANE('',#18047);
#18047 = AXIS2_PLACEMENT_3D('',#18048,#18049,#18050);
#18048 = CARTESIAN_POINT('',(50.196367906788,-159.5943824536,
    -274.0970318374));
#18049 = DIRECTION('',(-1.249000770353E-16,-5.373479439186E-14,-1.));
#18050 = DIRECTION('',(-1.,-6.95019727745E-14,1.249000770391E-16));
#18051 = ADVANCED_FACE('',(#18052),#18058,.F.);
#18052 = FACE_BOUND('',#18053,.F.);
#18053 = EDGE_LOOP('',(#18054,#18055,#18056,#18057));
#18054 = ORIENTED_EDGE('',*,*,#18039,.T.);
#18055 = ORIENTED_EDGE('',*,*,#12909,.T.);
#18056 = ORIENTED_EDGE('',*,*,#16949,.F.);
#18057 = ORIENTED_EDGE('',*,*,#10167,.T.);
#18058 = CYLINDRICAL_SURFACE('',#18059,2.);
#18059 = AXIS2_PLACEMENT_3D('',#18060,#18061,#18062);
#18060 = CARTESIAN_POINT('',(50.196367906788,-159.5943824536,
    -272.0970318374));
#18061 = DIRECTION('',(5.95343464409E-30,1.,-5.373479439186E-14));
#18062 = DIRECTION('',(-1.249000770354E-16,-5.373479439186E-14,-1.));
#18063 = ADVANCED_FACE('',(#18064),#18075,.F.);
#18064 = FACE_BOUND('',#18065,.F.);
#18065 = EDGE_LOOP('',(#18066,#18067,#18068,#18074));
#18066 = ORIENTED_EDGE('',*,*,#6704,.T.);
#18067 = ORIENTED_EDGE('',*,*,#12474,.T.);
#18068 = ORIENTED_EDGE('',*,*,#18069,.F.);
#18069 = EDGE_CURVE('',#6581,#12475,#18070,.T.);
#18070 = LINE('',#18071,#18072);
#18071 = CARTESIAN_POINT('',(262.19636790678,-159.5943824536,
    -274.0970318374));
#18072 = VECTOR('',#18073,1.);
#18073 = DIRECTION('',(5.95343464409E-30,1.,-5.373479439186E-14));
#18074 = ORIENTED_EDGE('',*,*,#6604,.T.);
#18075 = CYLINDRICAL_SURFACE('',#18076,2.);
#18076 = AXIS2_PLACEMENT_3D('',#18077,#18078,#18079);
#18077 = CARTESIAN_POINT('',(262.19636790678,-159.5943824536,
    -272.0970318374));
#18078 = DIRECTION('',(5.95343464409E-30,1.,-5.373479439186E-14));
#18079 = DIRECTION('',(-1.,-1.896378476032E-27,-3.540223671097E-14));
#18080 = ADVANCED_FACE('',(#18081),#18092,.F.);
#18081 = FACE_BOUND('',#18082,.T.);
#18082 = EDGE_LOOP('',(#18083,#18084,#18090,#18091));
#18083 = ORIENTED_EDGE('',*,*,#6590,.F.);
#18084 = ORIENTED_EDGE('',*,*,#18085,.T.);
#18085 = EDGE_CURVE('',#6556,#12484,#18086,.T.);
#18086 = LINE('',#18087,#18088);
#18087 = CARTESIAN_POINT('',(266.19636790678,-159.5943824536,
    -274.0970318374));
#18088 = VECTOR('',#18089,1.);
#18089 = DIRECTION('',(5.95343464409E-30,1.,-5.373479439186E-14));
#18090 = ORIENTED_EDGE('',*,*,#12483,.F.);
#18091 = ORIENTED_EDGE('',*,*,#18069,.F.);
#18092 = PLANE('',#18093);
#18093 = AXIS2_PLACEMENT_3D('',#18094,#18095,#18096);
#18094 = CARTESIAN_POINT('',(266.19636790678,-159.5943824536,
    -274.0970318374));
#18095 = DIRECTION('',(-1.249000770353E-16,-5.373479439186E-14,-1.));
#18096 = DIRECTION('',(-1.,-6.95019727745E-14,1.249000770391E-16));
#18097 = ADVANCED_FACE('',(#18098),#18104,.F.);
#18098 = FACE_BOUND('',#18099,.F.);
#18099 = EDGE_LOOP('',(#18100,#18101,#18102,#18103));
#18100 = ORIENTED_EDGE('',*,*,#18085,.T.);
#18101 = ORIENTED_EDGE('',*,*,#12491,.T.);
#18102 = ORIENTED_EDGE('',*,*,#16745,.F.);
#18103 = ORIENTED_EDGE('',*,*,#6555,.T.);
#18104 = CYLINDRICAL_SURFACE('',#18105,2.);
#18105 = AXIS2_PLACEMENT_3D('',#18106,#18107,#18108);
#18106 = CARTESIAN_POINT('',(266.19636790678,-159.5943824536,
    -272.0970318374));
#18107 = DIRECTION('',(5.95343464409E-30,1.,-5.373479439186E-14));
#18108 = DIRECTION('',(-1.249000770354E-16,-5.373479439186E-14,-1.));
#18109 = ADVANCED_FACE('',(#18110),#18121,.F.);
#18110 = FACE_BOUND('',#18111,.F.);
#18111 = EDGE_LOOP('',(#18112,#18113,#18114,#18120));
#18112 = ORIENTED_EDGE('',*,*,#15946,.F.);
#18113 = ORIENTED_EDGE('',*,*,#11942,.T.);
#18114 = ORIENTED_EDGE('',*,*,#18115,.F.);
#18115 = EDGE_CURVE('',#15731,#11943,#18116,.T.);
#18116 = LINE('',#18117,#18118);
#18117 = CARTESIAN_POINT('',(112.69678295406,-154.5941440063,
    -457.347352992));
#18118 = VECTOR('',#18119,1.);
#18119 = DIRECTION('',(-1.110214554297E-16,1.,-1.066924343605E-13));
#18120 = ORIENTED_EDGE('',*,*,#15738,.T.);
#18121 = CYLINDRICAL_SURFACE('',#18122,2.);
#18122 = AXIS2_PLACEMENT_3D('',#18123,#18124,#18125);
#18123 = CARTESIAN_POINT('',(112.69678295406,-154.5941440063,
    -455.347352992));
#18124 = DIRECTION('',(-1.110214554297E-16,1.,-1.066924343605E-13));
#18125 = DIRECTION('',(-0.707106781187,-7.552144786163E-14,
    -0.707106781187));
#18126 = ADVANCED_FACE('',(#18127),#18138,.F.);
#18127 = FACE_BOUND('',#18128,.F.);
#18128 = EDGE_LOOP('',(#18129,#18135,#18136,#18137));
#18129 = ORIENTED_EDGE('',*,*,#18130,.F.);
#18130 = EDGE_CURVE('',#11952,#15722,#18131,.T.);
#18131 = LINE('',#18132,#18133);
#18132 = CARTESIAN_POINT('',(415.69678295407,-154.5941440063,
    -457.347352992));
#18133 = VECTOR('',#18134,1.);
#18134 = DIRECTION('',(1.110214554297E-16,-1.,1.066924343605E-13));
#18135 = ORIENTED_EDGE('',*,*,#11959,.T.);
#18136 = ORIENTED_EDGE('',*,*,#15929,.F.);
#18137 = ORIENTED_EDGE('',*,*,#15721,.T.);
#18138 = CYLINDRICAL_SURFACE('',#18139,2.);
#18139 = AXIS2_PLACEMENT_3D('',#18140,#18141,#18142);
#18140 = CARTESIAN_POINT('',(415.69678295407,-154.5941440063,
    -455.347352992));
#18141 = DIRECTION('',(-1.110214554297E-16,1.,-1.066924343605E-13));
#18142 = DIRECTION('',(0.707106781187,-7.536443981365E-14,
    -0.707106781187));
#18143 = ADVANCED_FACE('',(#18144),#18150,.T.);
#18144 = FACE_BOUND('',#18145,.T.);
#18145 = EDGE_LOOP('',(#18146,#18147,#18148,#18149));
#18146 = ORIENTED_EDGE('',*,*,#18115,.F.);
#18147 = ORIENTED_EDGE('',*,*,#15730,.F.);
#18148 = ORIENTED_EDGE('',*,*,#18130,.F.);
#18149 = ORIENTED_EDGE('',*,*,#11951,.F.);
#18150 = PLANE('',#18151);
#18151 = AXIS2_PLACEMENT_3D('',#18152,#18153,#18154);
#18152 = CARTESIAN_POINT('',(110.69678295406,-154.5941440063,
    -457.347352992));
#18153 = DIRECTION('',(1.42941213097E-15,1.066924343605E-13,1.));
#18154 = DIRECTION('',(1.,2.220454519589E-16,-1.42941213097E-15));
#18155 = ADVANCED_FACE('',(#18156),#18167,.F.);
#18156 = FACE_BOUND('',#18157,.F.);
#18157 = EDGE_LOOP('',(#18158,#18164,#18165,#18166));
#18158 = ORIENTED_EDGE('',*,*,#18159,.T.);
#18159 = EDGE_CURVE('',#16010,#15840,#18160,.T.);
#18160 = LINE('',#18161,#18162);
#18161 = CARTESIAN_POINT('',(117.69678295406,-159.5943824537,
    -378.397352992));
#18162 = VECTOR('',#18163,1.);
#18163 = DIRECTION('',(-8.672375764078E-29,1.,-5.200700980978E-14));
#18164 = ORIENTED_EDGE('',*,*,#15839,.F.);
#18165 = ORIENTED_EDGE('',*,*,#18159,.F.);
#18166 = ORIENTED_EDGE('',*,*,#16009,.F.);
#18167 = CYLINDRICAL_SURFACE('',#18168,1.75);
#18168 = AXIS2_PLACEMENT_3D('',#18169,#18170,#18171);
#18169 = CARTESIAN_POINT('',(117.69678295406,-159.5943824537,
    -376.647352992));
#18170 = DIRECTION('',(-8.672375764078E-29,1.,-5.200700980978E-14));
#18171 = DIRECTION('',(1.921312655753E-14,5.200700980978E-14,1.));
#18172 = ADVANCED_FACE('',(#18173),#18184,.F.);
#18173 = FACE_BOUND('',#18174,.F.);
#18174 = EDGE_LOOP('',(#18175,#18181,#18182,#18183));
#18175 = ORIENTED_EDGE('',*,*,#18176,.T.);
#18176 = EDGE_CURVE('',#16055,#15851,#18177,.T.);
#18177 = LINE('',#18178,#18179);
#18178 = CARTESIAN_POINT('',(255.69678295406,-159.5943824537,
    -378.397352992));
#18179 = VECTOR('',#18180,1.);
#18180 = DIRECTION('',(-8.672375764078E-29,1.,-5.200700980978E-14));
#18181 = ORIENTED_EDGE('',*,*,#15850,.F.);
#18182 = ORIENTED_EDGE('',*,*,#18176,.F.);
#18183 = ORIENTED_EDGE('',*,*,#16054,.F.);
#18184 = CYLINDRICAL_SURFACE('',#18185,1.75);
#18185 = AXIS2_PLACEMENT_3D('',#18186,#18187,#18188);
#18186 = CARTESIAN_POINT('',(255.69678295406,-159.5943824537,
    -376.647352992));
#18187 = DIRECTION('',(-8.672375764078E-29,1.,-5.200700980978E-14));
#18188 = DIRECTION('',(1.921312655753E-14,5.200700980978E-14,1.));
#18189 = ADVANCED_FACE('',(#18190),#18201,.F.);
#18190 = FACE_BOUND('',#18191,.F.);
#18191 = EDGE_LOOP('',(#18192,#18198,#18199,#18200));
#18192 = ORIENTED_EDGE('',*,*,#18193,.T.);
#18193 = EDGE_CURVE('',#16165,#15862,#18194,.T.);
#18194 = LINE('',#18195,#18196);
#18195 = CARTESIAN_POINT('',(117.69678295406,-159.5943824537,
    -442.297352992));
#18196 = VECTOR('',#18197,1.);
#18197 = DIRECTION('',(-8.672375764078E-29,1.,-5.200700980978E-14));
#18198 = ORIENTED_EDGE('',*,*,#15861,.F.);
#18199 = ORIENTED_EDGE('',*,*,#18193,.F.);
#18200 = ORIENTED_EDGE('',*,*,#16164,.F.);
#18201 = CYLINDRICAL_SURFACE('',#18202,1.75);
#18202 = AXIS2_PLACEMENT_3D('',#18203,#18204,#18205);
#18203 = CARTESIAN_POINT('',(117.69678295406,-159.5943824537,
    -440.547352992));
#18204 = DIRECTION('',(-8.672375764078E-29,1.,-5.200700980978E-14));
#18205 = DIRECTION('',(1.921312655753E-14,5.200700980978E-14,1.));
#18206 = ADVANCED_FACE('',(#18207),#18218,.F.);
#18207 = FACE_BOUND('',#18208,.F.);
#18208 = EDGE_LOOP('',(#18209,#18215,#18216,#18217));
#18209 = ORIENTED_EDGE('',*,*,#18210,.T.);
#18210 = EDGE_CURVE('',#16210,#15873,#18211,.T.);
#18211 = LINE('',#18212,#18213);
#18212 = CARTESIAN_POINT('',(231.6967627683,-159.5943824537,
    -452.097352992));
#18213 = VECTOR('',#18214,1.);
#18214 = DIRECTION('',(-8.672375764078E-29,1.,-5.200700980978E-14));
#18215 = ORIENTED_EDGE('',*,*,#15872,.F.);
#18216 = ORIENTED_EDGE('',*,*,#18210,.F.);
#18217 = ORIENTED_EDGE('',*,*,#16209,.F.);
#18218 = CYLINDRICAL_SURFACE('',#18219,1.75);
#18219 = AXIS2_PLACEMENT_3D('',#18220,#18221,#18222);
#18220 = CARTESIAN_POINT('',(231.6967627683,-159.5943824537,
    -450.347352992));
#18221 = DIRECTION('',(-8.672375764078E-29,1.,-5.200700980978E-14));
#18222 = DIRECTION('',(1.921312655753E-14,5.200700980978E-14,1.));
#18223 = ADVANCED_FACE('',(#18224),#18235,.F.);
#18224 = FACE_BOUND('',#18225,.F.);
#18225 = EDGE_LOOP('',(#18226,#18232,#18233,#18234));
#18226 = ORIENTED_EDGE('',*,*,#18227,.T.);
#18227 = EDGE_CURVE('',#16145,#15829,#18228,.T.);
#18228 = LINE('',#18229,#18230);
#18229 = CARTESIAN_POINT('',(272.69678295407,-159.5943824537,
    -378.397352992));
#18230 = VECTOR('',#18231,1.);
#18231 = DIRECTION('',(-1.851150790826E-29,1.,-5.200354036283E-14));
#18232 = ORIENTED_EDGE('',*,*,#15828,.F.);
#18233 = ORIENTED_EDGE('',*,*,#18227,.F.);
#18234 = ORIENTED_EDGE('',*,*,#16144,.F.);
#18235 = CYLINDRICAL_SURFACE('',#18236,1.75);
#18236 = AXIS2_PLACEMENT_3D('',#18237,#18238,#18239);
#18237 = CARTESIAN_POINT('',(272.69678295407,-159.5943824537,
    -376.647352992));
#18238 = DIRECTION('',(-1.851150790826E-29,1.,-5.200354036283E-14));
#18239 = DIRECTION('',(1.79086145036E-14,5.200354036283E-14,1.));
#18240 = ADVANCED_FACE('',(#18241),#18252,.F.);
#18241 = FACE_BOUND('',#18242,.F.);
#18242 = EDGE_LOOP('',(#18243,#18249,#18250,#18251));
#18243 = ORIENTED_EDGE('',*,*,#18244,.T.);
#18244 = EDGE_CURVE('',#16255,#15818,#18245,.T.);
#18245 = LINE('',#18246,#18247);
#18246 = CARTESIAN_POINT('',(410.69678295407,-159.5943824537,
    -378.397352992));
#18247 = VECTOR('',#18248,1.);
#18248 = DIRECTION('',(-1.851150790826E-29,1.,-5.200354036283E-14));
#18249 = ORIENTED_EDGE('',*,*,#15817,.F.);
#18250 = ORIENTED_EDGE('',*,*,#18244,.F.);
#18251 = ORIENTED_EDGE('',*,*,#16254,.F.);
#18252 = CYLINDRICAL_SURFACE('',#18253,1.75);
#18253 = AXIS2_PLACEMENT_3D('',#18254,#18255,#18256);
#18254 = CARTESIAN_POINT('',(410.69678295407,-159.5943824537,
    -376.647352992));
#18255 = DIRECTION('',(-1.851150790826E-29,1.,-5.200354036283E-14));
#18256 = DIRECTION('',(1.79086145036E-14,5.200354036283E-14,1.));
#18257 = ADVANCED_FACE('',(#18258),#18269,.F.);
#18258 = FACE_BOUND('',#18259,.F.);
#18259 = EDGE_LOOP('',(#18260,#18266,#18267,#18268));
#18260 = ORIENTED_EDGE('',*,*,#18261,.T.);
#18261 = EDGE_CURVE('',#15965,#15807,#18262,.T.);
#18262 = LINE('',#18263,#18264);
#18263 = CARTESIAN_POINT('',(272.69678295407,-159.5943824537,
    -442.297352992));
#18264 = VECTOR('',#18265,1.);
#18265 = DIRECTION('',(-1.851150790826E-29,1.,-5.200354036283E-14));
#18266 = ORIENTED_EDGE('',*,*,#15806,.F.);
#18267 = ORIENTED_EDGE('',*,*,#18261,.F.);
#18268 = ORIENTED_EDGE('',*,*,#15964,.F.);
#18269 = CYLINDRICAL_SURFACE('',#18270,1.75);
#18270 = AXIS2_PLACEMENT_3D('',#18271,#18272,#18273);
#18271 = CARTESIAN_POINT('',(272.69678295407,-159.5943824537,
    -440.547352992));
#18272 = DIRECTION('',(-1.851150790826E-29,1.,-5.200354036283E-14));
#18273 = DIRECTION('',(1.79086145036E-14,5.200354036283E-14,1.));
#18274 = ADVANCED_FACE('',(#18275),#18286,.F.);
#18275 = FACE_BOUND('',#18276,.F.);
#18276 = EDGE_LOOP('',(#18277,#18283,#18284,#18285));
#18277 = ORIENTED_EDGE('',*,*,#18278,.T.);
#18278 = EDGE_CURVE('',#16100,#15796,#18279,.T.);
#18279 = LINE('',#18280,#18281);
#18280 = CARTESIAN_POINT('',(386.6967627683,-159.5943824537,
    -452.097352992));
#18281 = VECTOR('',#18282,1.);
#18282 = DIRECTION('',(-1.851150790826E-29,1.,-5.200354036283E-14));
#18283 = ORIENTED_EDGE('',*,*,#15795,.F.);
#18284 = ORIENTED_EDGE('',*,*,#18278,.F.);
#18285 = ORIENTED_EDGE('',*,*,#16099,.F.);
#18286 = CYLINDRICAL_SURFACE('',#18287,1.75);
#18287 = AXIS2_PLACEMENT_3D('',#18288,#18289,#18290);
#18288 = CARTESIAN_POINT('',(386.6967627683,-159.5943824537,
    -450.347352992));
#18289 = DIRECTION('',(-1.851150790826E-29,1.,-5.200354036283E-14));
#18290 = DIRECTION('',(1.79086145036E-14,5.200354036283E-14,1.));
#18291 = ADVANCED_FACE('',(#18292),#18298,.F.);
#18292 = FACE_BOUND('',#18293,.F.);
#18293 = EDGE_LOOP('',(#18294,#18295,#18296,#18297));
#18294 = ORIENTED_EDGE('',*,*,#14860,.T.);
#18295 = ORIENTED_EDGE('',*,*,#15776,.F.);
#18296 = ORIENTED_EDGE('',*,*,#16371,.F.);
#18297 = ORIENTED_EDGE('',*,*,#14762,.T.);
#18298 = CYLINDRICAL_SURFACE('',#18299,5.);
#18299 = AXIS2_PLACEMENT_3D('',#18300,#18301,#18302);
#18300 = CARTESIAN_POINT('',(282.69680831362,-159.5943824537,
    -387.3476602656));
#18301 = DIRECTION('',(-8.470329366935E-22,1.,-5.056024873675E-14));
#18302 = DIRECTION('',(-0.707106781187,3.57514941413E-14,0.707106781187)
  );
#18303 = ADVANCED_FACE('',(#18304),#18310,.F.);
#18304 = FACE_BOUND('',#18305,.T.);
#18305 = EDGE_LOOP('',(#18306,#18307,#18308,#18309));
#18306 = ORIENTED_EDGE('',*,*,#10403,.F.);
#18307 = ORIENTED_EDGE('',*,*,#10452,.F.);
#18308 = ORIENTED_EDGE('',*,*,#11777,.F.);
#18309 = ORIENTED_EDGE('',*,*,#16386,.F.);
#18310 = PLANE('',#18311);
#18311 = AXIS2_PLACEMENT_3D('',#18312,#18313,#18314);
#18312 = CARTESIAN_POINT('',(275.23498190631,-138.5959255122,
    143.90296720978));
#18313 = DIRECTION('',(-5.96423329407E-15,-4.571807428086E-08,-1.));
#18314 = DIRECTION('',(1.110214611398E-16,-1.,4.571807428086E-08));
#18315 = ( GEOMETRIC_REPRESENTATION_CONTEXT(3) 
GLOBAL_UNCERTAINTY_ASSIGNED_CONTEXT((#18319)) 
GLOBAL_UNIT_ASSIGNED_CONTEXT((#18316,#18317,#18318)) 
REPRESENTATION_CONTEXT('Context #1',
  '3D Context with UNIT and UNCERTAINTY') );
#18316 = ( LENGTH_UNIT() NAMED_UNIT(*) SI_UNIT(.MILLI.,.METRE.) );
#18317 = ( NAMED_UNIT(*) PLANE_ANGLE_UNIT() SI_UNIT($,.RADIAN.) );
#18318 = ( NAMED_UNIT(*) SI_UNIT($,.STERADIAN.) SOLID_ANGLE_UNIT() );
#18319 = UNCERTAINTY_MEASURE_WITH_UNIT(LENGTH_MEASURE(1.E-07),#18316,
  'distance_accuracy_value','confusion accuracy');
#18320 = PRODUCT_RELATED_PRODUCT_CATEGORY('part',$,(#7));
ENDSEC;
END-ISO-10303-21;
