999
FreeCAD v1.1 20260928 (Git shallow)
  0
SECTION
  2
HEADER
  9
$ACADVER
  1
AC1014
  9
$ACADMAINTVER
 70
     9
  9
$DWGCODEPAGE
  3
ANSI_1252
  9
$TEXTSTYLE
  7
STANDARD
  9
$DIMSTYLE
  2
STANDARD
  9
$DIMTXSTY
  7
STANDARD
  9
$CMLSTYLE
  2
STANDARD
  9
$LUNITS
 70
2
  9
$INSUNITS
 70
4
  9
$PEXTMAX
 10
50
 20
50
 30
50
  9
$PEXTMIN
 10
0
 20
0
 30
0
  9
$HANDSEED
  5
FFFF
  0
ENDSEC
  0
SECTION
  2
CLASSES
  0
CLASS
  1
ACDBDICTIONARYWDFLT
  2
AcDbDictionaryWithDefault
  3
ObjectDBX Classes
 90
        0
280
     0
281
     0
  0
CLASS
  1
XRECORD
  2
AcDbXrecord
  3
ObjectDBX Classes
 90
        0
280
     0
281
     0
  0
CLASS
  1
LWPOLYLINE
  2
AcDbPolyline
  3
ObjectDBX Classes
 90
        0
280
     0
281
     1
  0
ENDSEC
  0
SECTION
  2
TABLES
  0
TABLE
  2
VPORT
  5
20
330
0
100
AcDbSymbolTable
 70
     1
  0
VPORT
  5
21
330
20
100
AcDbSymbolTableRecord
100
AcDbViewportTableRecord
  2
*ACTIVE
 70
     0
  0
ENDTAB
  0
TABLE
  2
LTYPE
  5
22
330
0
100
AcDbSymbolTable
 70
     1
  0
LTYPE
  5
23
330
21
100
AcDbSymbolTableRecord
100
AcDbLinetypeTableRecord
  2
BYBLOCK
 70
     0
  3

 72
    65
 73
     0
 40
0.0
  0
LTYPE
  5
24
330
21
100
AcDbSymbolTableRecord
100
AcDbLinetypeTableRecord
  2
BYLAYER
 70
     0
  3

 72
    65
 73
     0
 40
0.0
  0
LTYPE
  5
25
330
21
100
AcDbSymbolTableRecord
100
AcDbLinetypeTableRecord
  2
CONTINUOUS
 70
     0
  3
Solid line
 72
    65
 73
     0
 40
0.0
  0
ENDTAB
  0
TABLE
  2
LAYER
  5
139C
330
0
100
AcDbSymbolTable
 70
3
  0
LAYER
  5
139D
330
139C
100
AcDbSymbolTableRecord
100
AcDbLayerTableRecord
  2
0
 70
   0
 62
   7
  6
CONTINUOUS
  0
LAYER
  5
139E
330
139C
100
AcDbSymbolTableRecord
100
AcDbLayerTableRecord
  2
none
 70
    0
 62
    7
  6
CONTINUOUS
  0
LAYER
  5
139F
330
139C
100
AcDbSymbolTableRecord
100
AcDbLayerTableRecord
  2
f
 70
    0
 62
    7
  6
CONTINUOUS
  0
ENDTAB
  0
TABLE
  2
STYLE
  5
70
330
0
100
AcDbSymbolTable
 70
     2
  0
STYLE
  5
71
330
70
100
AcDbSymbolTableRecord
100
AcDbTextStyleTableRecord
  2
STANDARD
 70
     0
 40
0.0
 41
1.0
 50
0.0
 71
     0
 42
2.5
  3
arial.ttf
  4

  0
STYLE
  5
72
330
70
100
AcDbSymbolTableRecord
100
AcDbTextStyleTableRecord
  2
ANNOTATIVE
 70
     0
 40
0.0
 41
1.0
 50
0.0
 71
     0
 42
2.5
  3
arial.ttf
  4

  0
ENDTAB
  0
TABLE
  2
VIEW
  5
73
330
0
100
AcDbSymbolTable
 70
     0
  0
ENDTAB
  0
TABLE
  2
UCS
  5
74
330
0
100
AcDbSymbolTable
 70
     0
  0
ENDTAB
  0
TABLE
  2
APPID
  5
75
330
0
100
AcDbSymbolTable
 70
     2
  0
APPID
  5
76
330
75
100
AcDbSymbolTableRecord
100
AcDbRegAppTableRecord
  2
ACAD
 70
     0
  0
APPID
  5
77
330
75
100
AcDbSymbolTableRecord
100
AcDbRegAppTableRecord
  2
ACADANNOTATIVE
 70
     0
  0
ENDTAB
  0
TABLE
  2
DIMSTYLE
  5
78
330
0
100
AcDbSymbolTable
 70
     2
  0
DIMSTYLE
105
79
330
78
100
AcDbSymbolTableRecord
100
AcDbDimStyleTableRecord
  2
STANDARD
 70
     0
  3

  4

  5

  6

  7

 40
0.0
 41
2.5
 42
0.625
 43
3.75
 44
1.25
 45
0.0
 46
0.0
 47
0.0
 48
0.0
140
2.5
141
2.5
142
0.0
143
0.03937007874016
144
1.0
145
0.0
146
1.0
147
0.625
 71
     0
 72
     0
 73
     0
 74
     0
 75
     0
 76
     0
 77
     1
 78
     8
170
     0
171
     3
172
     1
173
     0
174
     0
175
     0
176
     0
177
     0
178
     0
270
     2
271
     2
272
     2
273
     2
274
     3
340
71
275
     0
280
     0
281
     0
282
     0
283
     0
284
     8
285
     0
286
     0
287
     3
288
     0
  0
ENDTAB
  0
TABLE
  2
BLOCK_RECORD
  5
A01
330
0
100
AcDbSymbolTable
  70
5
  0
BLOCK_RECORD
  5
A02
330
A01
100
AcDbSymbolTableRecord
100
AcDbBlockTableRecord
  2
*MODEL_SPACE
  0
BLOCK_RECORD
  5
A03
330
A01
100
AcDbSymbolTableRecord
100
AcDbBlockTableRecord
  2
*PAPER_SPACE
  0
ENDTAB
  0
ENDSEC
  0
SECTION
  2
BLOCKS
  0
BLOCK
  5
A04
330
A02
100
AcDbEntity
  8
0
100
AcDbBlockBegin
  2
*MODEL_SPACE
 70
   0
 10
0
 20
0
 30
0
  3
*MODEL_SPACE
  1
 
  0
ENDBLK
  5
A05
330
A02
100
AcDbEntity
  8
0
100
AcDbBlockEnd
  0
BLOCK
  5
A06
330
A03
100
AcDbEntity
 67
1
  8
0
100
AcDbBlockBegin
  2
*PAPER_SPACE
 70
   0
 10
0
 20
0
 30
0
  3
*PAPER_SPACE
  1
 
  0
ENDBLK
  5
A07
330
A03
100
AcDbEntity
 67
    1
  8
0
100
AcDbBlockEnd
  0
ENDSEC
  0
SECTION
  2
ENTITIES
  0
LINE
  5
A08
330
A02
100
AcDbEntity
  8
f
100
AcDbLine
 10
307.155741089
 20
-192.004200694
 30
-19.741231547
 11
307.155741089
 21
-192.004200471
 31
373.258768453
  0
LINE
  5
A09
330
A02
100
AcDbEntity
  8
f
100
AcDbLine
 10
307.155740713
 20
121.995799527
 30
373.258768275
 11
307.155741089
 21
-192.004200471
 31
373.258768453
  0
LINE
  5
A0A
330
A02
100
AcDbEntity
  8
f
100
AcDbLine
 10
307.155740713
 20
121.995799527
 30
373.258768275
 11
307.155740713
 21
121.995799304
 31
-19.741231725
  0
LINE
  5
A0B
330
A02
100
AcDbEntity
  8
f
100
AcDbLine
 10
307.155741089
 20
-192.004200694
 30
-19.741231547
 11
307.155740713
 21
121.995799304
 31
-19.741231725
  0
LINE
  5
A0C
330
A02
100
AcDbEntity
  8
f
100
AcDbLine
 10
307.155741080
 20
-184.106532862
 30
339.570265699
 11
307.155741064
 21
-171.221234700
 31
365.818095251
  0
ARC
  5
A0D
330
A02
100
AcDbEntity
  8
f
100
AcDbCircle
 10
307.155741065
 20
-172.118902310
 30
366.258768442
 40
0.897667610
100
AcDbArc
 50
-89.999999931
 51
90.000000069
  0
LINE
  5
A0E
330
A02
100
AcDbEntity
  8
f
100
AcDbLine
 10
307.155741066
 20
-173.016569921
 30
366.699441633
 11
307.155741082
 21
-185.901868083
 31
340.451612081
  0
ARC
  5
A0F
330
A02
100
AcDbEntity
  8
f
100
AcDbCircle
 10
307.155741081
 20
-185.004200473
 30
340.010938890
 40
0.897667610
100
AcDbArc
 50
-89.999999931
 51
90.000000069
  0
LINE
  5
A10
330
A02
100
AcDbEntity
  8
f
100
AcDbLine
 10
307.155741080
 20
-184.106532862
 30
117.647287397
 11
307.155741072
 21
-177.640863541
 31
130.818095255
  0
ARC
  5
A11
330
A02
100
AcDbEntity
  8
f
100
AcDbCircle
 10
307.155741073
 20
-178.538531151
 30
131.258768446
 40
0.000000001
100
AcDbArc
 50
90.000000000
 51
90.000000069
  0
LINE
  5
A12
330
A02
100
AcDbEntity
  8
f
100
AcDbLine
 10
307.155741073
 20
-178.538531151
 30
132.258768446
 11
307.155741081
 21
-185.004200472
 31
132.258768449
  0
ARC
  5
A13
330
A02
100
AcDbEntity
  8
f
100
AcDbCircle
 10
307.155741081
 20
-185.004200473
 30
131.258768449
 40
1.000000000
100
AcDbArc
 50
90.000000000
 51
-89.999999931
  0
LINE
  5
A14
330
A02
100
AcDbEntity
  8
f
100
AcDbLine
 10
307.155741082
 20
-186.004200473
 30
131.258768449
 11
307.155741082
 21
-186.004200473
 31
118.087960588
  0
ARC
  5
A15
330
A02
100
AcDbEntity
  8
f
100
AcDbCircle
 10
307.155741081
 20
-185.004200473
 30
118.087960588
 40
0.897667610
100
AcDbArc
 50
-89.999999931
 51
90.000000069
  0
LINE
  5
A16
330
A02
100
AcDbEntity
  8
f
100
AcDbLine
 10
307.155740730
 20
107.632501736
 30
169.318095093
 11
307.155740722
 21
114.098131917
 31
156.147366928
  0
ARC
  5
A17
330
A02
100
AcDbEntity
  8
f
100
AcDbCircle
 10
307.155740721
 20
114.995799527
 30
156.588040118
 40
1.000000000
100
AcDbArc
 50
-89.999999931
 51
90.000000069
  0
LINE
  5
A18
330
A02
100
AcDbEntity
  8
f
100
AcDbLine
 10
307.155740720
 20
115.995799527
 30
169.758768279
 11
307.155740720
 21
115.995799527
 31
156.588040118
  0
ARC
  5
A19
330
A02
100
AcDbEntity
  8
f
100
AcDbCircle
 10
307.155740721
 20
114.995799527
 30
169.758768279
 40
0.000000000
100
AcDbArc
 50
-90.000000000
 51
90.000000069
  0
LINE
  5
A1A
330
A02
100
AcDbEntity
  8
f
100
AcDbLine
 10
307.155740721
 20
114.995799527
 30
170.758768279
 11
307.155740729
 21
108.530169347
 31
170.758768283
  0
ARC
  5
A1B
330
A02
100
AcDbEntity
  8
f
100
AcDbCircle
 10
307.155740729
 20
108.530169347
 30
169.758768283
 40
0.897667611
100
AcDbArc
 50
90.000000000
 51
-89.999999931
  0
LINE
  5
A1C
330
A02
100
AcDbEntity
  8
f
100
AcDbLine
 10
307.155740730
 20
107.632501758
 30
207.818095093
 11
307.155740722
 21
114.098131917
 31
194.647366973
  0
ARC
  5
A1D
330
A02
100
AcDbEntity
  8
f
100
AcDbCircle
 10
307.155740721
 20
114.995799527
 30
195.088040163
 40
1.000000000
100
AcDbArc
 50
-89.999999931
 51
90.000000069
  0
LINE
  5
A1E
330
A02
100
AcDbEntity
  8
f
100
AcDbLine
 10
307.155740720
 20
115.995799527
 30
208.258768279
 11
307.155740720
 21
115.995799527
 31
195.088040163
  0
ARC
  5
A1F
330
A02
100
AcDbEntity
  8
f
100
AcDbCircle
 10
307.155740721
 20
114.995799527
 30
208.258768279
 40
0.000000001
100
AcDbArc
 50
90.000000069
 51
90.000000000
  0
LINE
  5
A20
330
A02
100
AcDbEntity
  8
f
100
AcDbLine
 10
307.155740721
 20
114.995799528
 30
209.258768279
 11
307.155740729
 21
108.530169369
 31
209.258768283
  0
ARC
  5
A21
330
A02
100
AcDbEntity
  8
f
100
AcDbCircle
 10
307.155740729
 20
108.530169369
 30
208.258768283
 40
0.897667611
100
AcDbArc
 50
90.000000000
 51
-89.999999931
  0
LINE
  5
A22
330
A02
100
AcDbEntity
  8
f
100
AcDbLine
 10
307.155740721
 20
114.995799528
 30
213.258768279
 11
307.155740737
 21
102.110540664
 31
213.258768286
  0
ARC
  5
A23
330
A02
100
AcDbEntity
  8
f
100
AcDbCircle
 10
307.155740737
 20
102.110540664
 30
212.258768286
 40
0.000000001
100
AcDbArc
 50
-90.000000000
 51
90.000000000
  0
LINE
  5
A24
330
A02
100
AcDbEntity
  8
f
100
AcDbLine
 10
307.155740737
 20
102.110540663
 30
211.258768286
 11
307.155740721
 21
114.995799525
 31
211.258768279
  0
ARC
  5
A25
330
A02
100
AcDbEntity
  8
f
100
AcDbCircle
 10
307.155740721
 20
114.995799527
 30
212.258768279
 40
0.000000001
100
AcDbArc
 50
90.000000000
 51
-90.000000000
  0
LINE
  5
A26
330
A02
100
AcDbEntity
  8
f
100
AcDbLine
 10
307.155740720
 20
115.995799527
 30
246.758768279
 11
307.155740720
 21
115.995799527
 31
233.588040207
  0
ARC
  5
A27
330
A02
100
AcDbEntity
  8
f
100
AcDbCircle
 10
307.155740721
 20
114.995799527
 30
246.758768279
 40
0.000000001
100
AcDbArc
 50
90.000000069
 51
90.000000000
  0
LINE
  5
A28
330
A02
100
AcDbEntity
  8
f
100
AcDbLine
 10
307.155740721
 20
114.995799528
 30
247.758768279
 11
307.155740729
 21
108.530169391
 31
247.758768283
  0
ARC
  5
A29
330
A02
100
AcDbEntity
  8
f
100
AcDbCircle
 10
307.155740729
 20
108.530169391
 30
246.758768283
 40
0.897667611
100
AcDbArc
 50
90.000000000
 51
-89.999999931
  0
LINE
  5
A2A
330
A02
100
AcDbEntity
  8
f
100
AcDbLine
 10
307.155740730
 20
107.632501780
 30
246.318095093
 11
307.155740722
 21
114.098131917
 31
233.147367017
  0
ARC
  5
A2B
330
A02
100
AcDbEntity
  8
f
100
AcDbCircle
 10
307.155740721
 20
114.995799527
 30
233.588040207
 40
1.000000000
100
AcDbArc
 50
90.000000069
 51
-89.999999931
  0
LINE
  5
A2C
330
A02
100
AcDbEntity
  8
f
100
AcDbLine
 10
307.155740730
 20
107.632501802
 30
284.818095093
 11
307.155740722
 21
114.098131917
 31
271.647367060
  0
ARC
  5
A2D
330
A02
100
AcDbEntity
  8
f
100
AcDbCircle
 10
307.155740721
 20
114.995799527
 30
272.088040252
 40
1.000000000
100
AcDbArc
 50
90.000000069
 51
-89.999999931
  0
LINE
  5
A2E
330
A02
100
AcDbEntity
  8
f
100
AcDbLine
 10
307.155740720
 20
115.995799527
 30
285.258768279
 11
307.155740720
 21
115.995799527
 31
272.088040252
  0
ARC
  5
A2F
330
A02
100
AcDbEntity
  8
f
100
AcDbCircle
 10
307.155740721
 20
114.995799527
 30
285.258768279
 40
0.000000001
100
AcDbArc
 50
90.000000069
 51
90.000000000
  0
LINE
  5
A30
330
A02
100
AcDbEntity
  8
f
100
AcDbLine
 10
307.155740721
 20
114.995799528
 30
286.258768279
 11
307.155740729
 21
108.530169413
 31
286.258768283
  0
ARC
  5
A31
330
A02
100
AcDbEntity
  8
f
100
AcDbCircle
 10
307.155740729
 20
108.530169412
 30
285.258768283
 40
0.897667611
100
AcDbArc
 50
90.000000000
 51
-89.999999931
  0
LINE
  5
A32
330
A02
100
AcDbEntity
  8
f
100
AcDbLine
 10
307.155740721
 20
114.995799528
 30
328.758768279
 11
307.155740737
 21
102.110540730
 31
328.758768286
  0
ARC
  5
A33
330
A02
100
AcDbEntity
  8
f
100
AcDbCircle
 10
307.155740737
 20
102.110540729
 30
327.758768286
 40
0.000000001
100
AcDbArc
 50
-90.000000000
 51
90.000000000
  0
LINE
  5
A34
330
A02
100
AcDbEntity
  8
f
100
AcDbLine
 10
307.155740737
 20
102.110540729
 30
326.758768286
 11
307.155740721
 21
114.995799527
 31
326.758768279
  0
ARC
  5
A35
330
A02
100
AcDbEntity
  8
f
100
AcDbCircle
 10
307.155740721
 20
114.995799527
 30
327.758768279
 40
0.000000001
100
AcDbArc
 50
90.000000000
 51
-90.000000000
  0
LINE
  5
A36
330
A02
100
AcDbEntity
  8
f
100
AcDbLine
 10
307.155740721
 20
114.995799528
 30
290.258768279
 11
307.155740737
 21
102.110540708
 31
290.258768286
  0
ARC
  5
A37
330
A02
100
AcDbEntity
  8
f
100
AcDbCircle
 10
307.155740737
 20
102.110540707
 30
289.258768286
 40
0.000000001
100
AcDbArc
 50
-90.000000000
 51
90.000000000
  0
LINE
  5
A38
330
A02
100
AcDbEntity
  8
f
100
AcDbLine
 10
307.155740737
 20
102.110540707
 30
288.258768286
 11
307.155740721
 21
114.995799527
 31
288.258768279
  0
ARC
  5
A39
330
A02
100
AcDbEntity
  8
f
100
AcDbCircle
 10
307.155740721
 20
114.995799527
 30
289.258768279
 40
0.000000001
100
AcDbArc
 50
90.000000000
 51
-90.000000000
  0
LINE
  5
A3A
330
A02
100
AcDbEntity
  8
f
100
AcDbLine
 10
307.155740721
 20
114.995799528
 30
251.758768279
 11
307.155740737
 21
102.110540686
 31
251.758768286
  0
ARC
  5
A3B
330
A02
100
AcDbEntity
  8
f
100
AcDbCircle
 10
307.155740737
 20
102.110540685
 30
250.758768286
 40
0.000000001
100
AcDbArc
 50
-90.000000000
 51
90.000000000
  0
LINE
  5
A3C
330
A02
100
AcDbEntity
  8
f
100
AcDbLine
 10
307.155740737
 20
102.110540685
 30
249.758768286
 11
307.155740721
 21
114.995799527
 31
249.758768279
  0
ARC
  5
A3D
330
A02
100
AcDbEntity
  8
f
100
AcDbCircle
 10
307.155740721
 20
114.995799527
 30
250.758768279
 40
0.000000001
100
AcDbArc
 50
90.000000000
 51
-90.000000000
  0
LINE
  5
A3E
330
A02
100
AcDbEntity
  8
f
100
AcDbLine
 10
307.155740721
 20
114.995799528
 30
97.758768279
 11
307.155740737
 21
102.110540599
 31
97.758768286
  0
ARC
  5
A3F
330
A02
100
AcDbEntity
  8
f
100
AcDbCircle
 10
307.155740737
 20
102.110540598
 30
96.758768286
 40
0.000000001
100
AcDbArc
 50
-90.000000000
 51
90.000000000
  0
LINE
  5
A40
330
A02
100
AcDbEntity
  8
f
100
AcDbLine
 10
307.155740737
 20
102.110540597
 30
95.758768286
 11
307.155740721
 21
114.995799527
 31
95.758768279
  0
ARC
  5
A41
330
A02
100
AcDbEntity
  8
f
100
AcDbCircle
 10
307.155740721
 20
114.995799527
 30
96.758768279
 40
0.000000001
100
AcDbArc
 50
90.000000000
 51
-90.000000000
  0
LINE
  5
A42
330
A02
100
AcDbEntity
  8
f
100
AcDbLine
 10
307.155740721
 20
114.995799528
 30
20.758768279
 11
307.155740737
 21
102.110540555
 31
20.758768286
  0
ARC
  5
A43
330
A02
100
AcDbEntity
  8
f
100
AcDbCircle
 10
307.155740737
 20
102.110540554
 30
19.758768286
 40
0.000000001
100
AcDbArc
 50
-90.000000000
 51
90.000000000
  0
LINE
  5
A44
330
A02
100
AcDbEntity
  8
f
100
AcDbLine
 10
307.155740737
 20
102.110540554
 30
18.758768286
 11
307.155740721
 21
114.995799527
 31
18.758768279
  0
ARC
  5
A45
330
A02
100
AcDbEntity
  8
f
100
AcDbCircle
 10
307.155740721
 20
114.995799527
 30
19.758768279
 40
0.000000001
100
AcDbArc
 50
90.000000000
 51
-90.000000000
  0
LINE
  5
A46
330
A02
100
AcDbEntity
  8
f
100
AcDbLine
 10
307.155740721
 20
114.995799528
 30
174.758768279
 11
307.155740737
 21
102.110540642
 31
174.758768286
  0
ARC
  5
A47
330
A02
100
AcDbEntity
  8
f
100
AcDbCircle
 10
307.155740737
 20
102.110540642
 30
173.758768286
 40
0.000000001
100
AcDbArc
 50
-90.000000000
 51
90.000000000
  0
LINE
  5
A48
330
A02
100
AcDbEntity
  8
f
100
AcDbLine
 10
307.155740737
 20
102.110540641
 30
172.758768286
 11
307.155740721
 21
114.995799527
 31
172.758768279
  0
ARC
  5
A49
330
A02
100
AcDbEntity
  8
f
100
AcDbCircle
 10
307.155740721
 20
114.995799527
 30
173.758768279
 40
0.000000001
100
AcDbArc
 50
90.000000000
 51
-90.000000000
  0
LINE
  5
A4A
330
A02
100
AcDbEntity
  8
f
100
AcDbLine
 10
307.155740809
 20
41.493486661
 30
67.625861211
 11
307.155740792
 21
55.578765147
 31
96.318095122
  0
ARC
  5
A4B
330
A02
100
AcDbEntity
  8
f
100
AcDbCircle
 10
307.155740793
 20
54.681097537
 30
96.758768313
 40
0.897667610
100
AcDbArc
 50
90.000000069
 51
-89.999999931
  0
LINE
  5
A4C
330
A02
100
AcDbEntity
  8
f
100
AcDbLine
 10
307.155740795
 20
53.783429926
 30
97.199441505
 11
307.155740811
 21
39.698151441
 31
68.507207593
  0
ARC
  5
A4D
330
A02
100
AcDbEntity
  8
f
100
AcDbCircle
 10
307.155740810
 20
40.595819051
 30
68.066534402
 40
0.897667610
100
AcDbArc
 50
90.000000069
 51
-89.999999931
  0
LINE
  5
A4E
330
A02
100
AcDbEntity
  8
f
100
AcDbLine
 10
307.155740834
 20
20.798151411
 30
15.510329061
 11
307.155740817
 21
34.883429864
 31
-13.181904866
  0
ARC
  5
A4F
330
A02
100
AcDbEntity
  8
f
100
AcDbCircle
 10
307.155740816
 20
35.781097475
 30
-12.741231676
 40
0.897667611
100
AcDbArc
 50
-89.999999931
 51
90.000000069
  0
LINE
  5
A50
330
A02
100
AcDbEntity
  8
f
100
AcDbLine
 10
307.155740815
 20
36.678765085
 30
-12.300558486
 11
307.155740832
 21
22.593486632
 31
16.391675441
  0
ARC
  5
A51
330
A02
100
AcDbEntity
  8
f
100
AcDbCircle
 10
307.155740833
 20
21.695819021
 30
15.951002251
 40
0.897667611
100
AcDbArc
 50
-89.999999931
 51
90.000000069
  0
LINE
  5
A52
330
A02
100
AcDbEntity
  8
f
100
AcDbLine
 10
307.155740834
 20
20.798151433
 30
54.010329061
 11
307.155740817
 21
34.883429886
 31
25.318095134
  0
ARC
  5
A53
330
A02
100
AcDbEntity
  8
f
100
AcDbCircle
 10
307.155740816
 20
35.781097496
 30
25.758768324
 40
0.897667611
100
AcDbArc
 50
-89.999999931
 51
90.000000069
  0
LINE
  5
A54
330
A02
100
AcDbEntity
  8
f
100
AcDbLine
 10
307.155740815
 20
36.678765107
 30
26.199441514
 11
307.155740832
 21
22.593486654
 31
54.891675441
  0
ARC
  5
A55
330
A02
100
AcDbEntity
  8
f
100
AcDbCircle
 10
307.155740833
 20
21.695819043
 30
54.451002251
 40
0.897667611
100
AcDbArc
 50
-89.999999931
 51
90.000000069
  0
LINE
  5
A56
330
A02
100
AcDbEntity
  8
f
100
AcDbLine
 10
307.155740846
 20
10.471844512
 30
-9.181904852
 11
307.155740835
 21
20.365490457
 31
10.971818341
  0
ARC
  5
A57
330
A02
100
AcDbEntity
  8
f
100
AcDbCircle
 10
307.155740836
 20
19.467822847
 30
11.412491532
 40
0.897667610
100
AcDbArc
 50
90.000000069
 51
-89.999999931
  0
LINE
  5
A58
330
A02
100
AcDbEntity
  8
f
100
AcDbLine
 10
307.155740837
 20
18.570155237
 30
11.853164723
 11
307.155740849
 21
8.676509301
 31
-8.300558451
  0
ARC
  5
A59
330
A02
100
AcDbEntity
  8
f
100
AcDbCircle
 10
307.155740847
 20
9.574176902
 30
-8.741231661
 40
0.897667610
100
AcDbArc
 50
-89.999999931
 51
90.000000069
  0
LINE
  5
A5A
330
A02
100
AcDbEntity
  8
f
100
AcDbLine
 10
307.155740900
 20
-34.106513382
 30
-9.374138746
 11
307.155740883
 21
-20.021234897
 31
19.318095165
  0
ARC
  5
A5B
330
A02
100
AcDbEntity
  8
f
100
AcDbCircle
 10
307.155740884
 20
-20.918902507
 30
19.758768356
 40
0.897667610
100
AcDbArc
 50
90.000000069
 51
-89.999999931
  0
LINE
  5
A5C
330
A02
100
AcDbEntity
  8
f
100
AcDbLine
 10
307.155740885
 20
-21.816570117
 30
20.199441547
 11
307.155740902
 21
-35.901848603
 31
-8.492792364
  0
ARC
  5
A5D
330
A02
100
AcDbEntity
  8
f
100
AcDbCircle
 10
307.155740901
 20
-35.004180993
 30
-8.933465555
 40
0.897667610
100
AcDbArc
 50
-89.999999931
 51
90.000000069
  0
LINE
  5
A5E
330
A02
100
AcDbEntity
  8
f
100
AcDbLine
 10
307.155740860
 20
-1.121234871
 30
64.699441536
 11
307.155740877
 21
-15.206513324
 31
93.391675463
  0
ARC
  5
A5F
330
A02
100
AcDbEntity
  8
f
100
AcDbCircle
 10
307.155740878
 20
-16.104180935
 30
92.951002273
 40
0.897667611
100
AcDbArc
 50
-89.999999931
 51
90.000000069
  0
LINE
  5
A60
330
A02
100
AcDbEntity
  8
f
100
AcDbLine
 10
307.155740879
 20
-17.001848546
 30
92.510329083
 11
307.155740862
 21
-2.916570093
 31
63.818095155
  0
ARC
  5
A61
330
A02
100
AcDbEntity
  8
f
100
AcDbCircle
 10
307.155740861
 20
-2.018902482
 30
64.258768346
 40
0.897667611
100
AcDbArc
 50
-89.999999931
 51
90.000000069
  0
LINE
  5
A62
330
A02
100
AcDbEntity
  8
f
100
AcDbLine
 10
307.155740844
 20
12.425105193
 30
97.758768337
 11
307.155740872
 21
-11.289459401
 31
97.758768351
  0
ARC
  5
A63
330
A02
100
AcDbEntity
  8
f
100
AcDbCircle
 10
307.155740872
 20
-11.289459402
 30
96.758768351
 40
0.000000001
100
AcDbArc
 50
-90.000000000
 51
90.000000000
  0
LINE
  5
A64
330
A02
100
AcDbEntity
  8
f
100
AcDbLine
 10
307.155740872
 20
-11.289459403
 30
95.758768351
 11
307.155740844
 21
12.425105192
 31
95.758768337
  0
ARC
  5
A65
330
A02
100
AcDbEntity
  8
f
100
AcDbCircle
 10
307.155740844
 20
12.425105193
 30
96.758768337
 40
0.000000001
100
AcDbArc
 50
90.000000000
 51
-90.000000000
  0
LINE
  5
A66
330
A02
100
AcDbEntity
  8
f
100
AcDbLine
 10
307.155740770
 20
74.478765260
 30
295.699441493
 11
307.155740787
 21
60.393486807
 31
324.391675420
  0
ARC
  5
A67
330
A02
100
AcDbEntity
  8
f
100
AcDbCircle
 10
307.155740788
 20
59.495819196
 30
323.951002230
 40
0.897667611
100
AcDbArc
 50
-89.999999931
 51
90.000000069
  0
LINE
  5
A68
330
A02
100
AcDbEntity
  8
f
100
AcDbLine
 10
307.155740789
 20
58.598151586
 30
323.510329040
 11
307.155740772
 21
72.683430039
 31
294.818095113
  0
ARC
  5
A69
330
A02
100
AcDbEntity
  8
f
100
AcDbCircle
 10
307.155740771
 20
73.581097649
 30
295.258768303
 40
0.897667611
100
AcDbArc
 50
90.000000069
 51
-89.999999931
  0
LINE
  5
A6A
330
A02
100
AcDbEntity
  8
f
100
AcDbLine
 10
307.155740900
 20
-34.106513339
 30
67.625861254
 11
307.155740883
 21
-20.021234853
 31
96.318095165
  0
ARC
  5
A6B
330
A02
100
AcDbEntity
  8
f
100
AcDbCircle
 10
307.155740884
 20
-20.918902463
 30
96.758768356
 40
0.897667610
100
AcDbArc
 50
90.000000069
 51
-89.999999931
  0
LINE
  5
A6C
330
A02
100
AcDbEntity
  8
f
100
AcDbLine
 10
307.155740885
 20
-21.816570074
 30
97.199441547
 11
307.155740902
 21
-35.901848559
 31
68.507207636
  0
ARC
  5
A6D
330
A02
100
AcDbEntity
  8
f
100
AcDbCircle
 10
307.155740901
 20
-35.004180949
 30
68.066534445
 40
0.897667610
100
AcDbArc
 50
-89.999999931
 51
90.000000069
  0
LINE
  5
A6E
330
A02
100
AcDbEntity
  8
f
100
AcDbLine
 10
307.155740844
 20
12.425105237
 30
174.758768337
 11
307.155740872
 21
-11.289459358
 31
174.758768351
  0
ARC
  5
A6F
330
A02
100
AcDbEntity
  8
f
100
AcDbCircle
 10
307.155740872
 20
-11.289459358
 30
173.758768351
 40
0.000000001
100
AcDbArc
 50
-90.000000000
 51
90.000000000
  0
LINE
  5
A70
330
A02
100
AcDbEntity
  8
f
100
AcDbLine
 10
307.155740872
 20
-11.289459359
 30
172.758768351
 11
307.155740844
 21
12.425105236
 31
172.758768337
  0
ARC
  5
A71
330
A02
100
AcDbEntity
  8
f
100
AcDbCircle
 10
307.155740844
 20
12.425105237
 30
173.758768337
 40
0.000000001
100
AcDbArc
 50
90.000000000
 51
-90.000000000
  0
LINE
  5
A72
330
A02
100
AcDbEntity
  8
f
100
AcDbLine
 10
307.155740815
 20
36.678765195
 30
180.199441514
 11
307.155740832
 21
22.593486751
 31
208.891675422
  0
ARC
  5
A73
330
A02
100
AcDbEntity
  8
f
100
AcDbCircle
 10
307.155740833
 20
21.695819131
 30
208.451002251
 40
0.897667611
100
AcDbArc
 50
-89.999999931
 51
90.000000069
  0
LINE
  5
A74
330
A02
100
AcDbEntity
  8
f
100
AcDbLine
 10
307.155740834
 20
20.798151520
 30
208.010329061
 11
307.155740817
 21
34.883429973
 31
179.318095134
  0
ARC
  5
A75
330
A02
100
AcDbEntity
  8
f
100
AcDbCircle
 10
307.155740816
 20
35.781097584
 30
179.758768324
 40
0.897667611
100
AcDbArc
 50
-89.999999931
 51
90.000000069
  0
LINE
  5
A76
330
A02
100
AcDbEntity
  8
f
100
AcDbLine
 10
307.155740844
 20
12.425105172
 30
59.258768337
 11
307.155740872
 21
-11.289459423
 31
59.258768351
  0
ARC
  5
A77
330
A02
100
AcDbEntity
  8
f
100
AcDbCircle
 10
307.155740872
 20
-11.289459424
 30
58.258768351
 40
0.000000001
100
AcDbArc
 50
-90.000000000
 51
90.000000000
  0
LINE
  5
A78
330
A02
100
AcDbEntity
  8
f
100
AcDbLine
 10
307.155740872
 20
-11.289459424
 30
57.258768351
 11
307.155740844
 21
12.425105170
 31
57.258768337
  0
ARC
  5
A79
330
A02
100
AcDbEntity
  8
f
100
AcDbCircle
 10
307.155740844
 20
12.425105171
 30
58.258768337
 40
0.000000001
100
AcDbArc
 50
90.000000000
 51
-90.000000000
  0
LINE
  5
A7A
330
A02
100
AcDbEntity
  8
f
100
AcDbLine
 10
307.155740867
 20
-6.474894869
 30
-11.741231652
 11
307.155740895
 21
-30.189459464
 31
-11.741231638
  0
ARC
  5
A7B
330
A02
100
AcDbEntity
  8
f
100
AcDbCircle
 10
307.155740895
 20
-30.189459464
 30
-12.741231638
 40
0.000000001
100
AcDbArc
 50
-90.000000000
 51
90.000000000
  0
LINE
  5
A7C
330
A02
100
AcDbEntity
  8
f
100
AcDbLine
 10
307.155740895
 20
-30.189459465
 30
-13.741231638
 11
307.155740867
 21
-6.474894870
 31
-13.741231652
  0
ARC
  5
A7D
330
A02
100
AcDbEntity
  8
f
100
AcDbCircle
 10
307.155740867
 20
-6.474894869
 30
-12.741231652
 40
0.000000001
100
AcDbArc
 50
90.000000000
 51
-90.000000000
  0
LINE
  5
A7E
330
A02
100
AcDbEntity
  8
f
100
AcDbLine
 10
307.155740892
 20
-27.328155488
 30
-9.181904831
 11
307.155740880
 21
-17.434509543
 31
10.971818362
  0
ARC
  5
A7F
330
A02
100
AcDbEntity
  8
f
100
AcDbCircle
 10
307.155740881
 20
-18.332177153
 30
11.412491553
 40
0.897667610
100
AcDbArc
 50
90.000000069
 51
-89.999999931
  0
LINE
  5
A80
330
A02
100
AcDbEntity
  8
f
100
AcDbLine
 10
307.155740882
 20
-19.229844763
 30
11.853164744
 11
307.155740894
 21
-29.123490709
 31
-8.300558448
  0
ARC
  5
A81
330
A02
100
AcDbEntity
  8
f
100
AcDbCircle
 10
307.155740893
 20
-28.225823098
 30
-8.741231640
 40
0.897667610
100
AcDbArc
 50
-89.999999931
 51
90.000000069
  0
LINE
  5
A82
330
A02
100
AcDbEntity
  8
f
100
AcDbLine
 10
307.155740776
 20
69.125105219
 30
142.258768305
 11
307.155740805
 21
45.410540624
 31
142.258768319
  0
ARC
  5
A83
330
A02
100
AcDbEntity
  8
f
100
AcDbCircle
 10
307.155740805
 20
45.410540623
 30
141.258768319
 40
0.000000001
100
AcDbArc
 50
-90.000000000
 51
90.000000000
  0
LINE
  5
A84
330
A02
100
AcDbEntity
  8
f
100
AcDbLine
 10
307.155740805
 20
45.410540623
 30
140.258768319
 11
307.155740776
 21
69.125105218
 31
140.258768305
  0
ARC
  5
A85
330
A02
100
AcDbEntity
  8
f
100
AcDbCircle
 10
307.155740776
 20
69.125105218
 30
141.258768305
 40
0.000000001
100
AcDbArc
 50
90.000000000
 51
-90.000000000
  0
LINE
  5
A86
330
A02
100
AcDbEntity
  8
f
100
AcDbLine
 10
307.155740791
 20
56.370155324
 30
165.853164702
 11
307.155740803
 21
46.476509388
 31
145.699441528
  0
ARC
  5
A87
330
A02
100
AcDbEntity
  8
f
100
AcDbCircle
 10
307.155740802
 20
47.374176989
 30
145.258768318
 40
0.897667610
100
AcDbArc
 50
-89.999999931
 51
90.000000069
  0
LINE
  5
A88
330
A02
100
AcDbEntity
  8
f
100
AcDbLine
 10
307.155740801
 20
48.271844599
 30
144.818095126
 11
307.155740789
 21
58.165490554
 31
164.971818338
  0
ARC
  5
A89
330
A02
100
AcDbEntity
  8
f
100
AcDbCircle
 10
307.155740790
 20
57.267822934
 30
165.412491510
 40
0.897667610
100
AcDbArc
 50
90.000000069
 51
-89.999999931
  0
LINE
  5
A8A
330
A02
100
AcDbEntity
  8
f
100
AcDbLine
 10
307.155740895
 20
-30.189459421
 30
63.258768362
 11
307.155740867
 21
-6.474894826
 31
63.258768348
  0
ARC
  5
A8B
330
A02
100
AcDbEntity
  8
f
100
AcDbCircle
 10
307.155740867
 20
-6.474894826
 30
64.258768348
 40
0.000000001
100
AcDbArc
 50
90.000000000
 51
-90.000000000
  0
LINE
  5
A8C
330
A02
100
AcDbEntity
  8
f
100
AcDbLine
 10
307.155740867
 20
-6.474894825
 30
65.258768348
 11
307.155740895
 21
-30.189459420
 31
65.258768362
  0
ARC
  5
A8D
330
A02
100
AcDbEntity
  8
f
100
AcDbCircle
 10
307.155740895
 20
-30.189459420
 30
64.258768362
 40
0.000000001
100
AcDbArc
 50
-90.000000000
 51
90.000000000
  0
LINE
  5
A8E
330
A02
100
AcDbEntity
  8
f
100
AcDbLine
 10
307.155740887
 20
-23.769830711
 30
67.258768358
 11
307.155740869
 21
-8.438531188
 31
67.258768349
  0
ARC
  5
A8F
330
A02
100
AcDbEntity
  8
f
100
AcDbCircle
 10
307.155740869
 20
-8.438531187
 30
68.258768349
 40
0.897667611
100
AcDbArc
 50
-90.000000000
 51
90.000000069
  0
LINE
  5
A90
330
A02
100
AcDbEntity
  8
f
100
AcDbLine
 10
307.155740868
 20
-7.540863576
 30
68.699441539
 11
307.155740877
 21
-15.206513329
 31
84.314654022
  0
ARC
  5
A91
330
A02
100
AcDbEntity
  8
f
100
AcDbCircle
 10
307.155740878
 20
-16.104180940
 30
83.873980831
 40
0.897667610
100
AcDbArc
 50
-89.999999931
 51
90.000000069
  0
LINE
  5
A92
330
A02
100
AcDbEntity
  8
f
100
AcDbLine
 10
307.155740879
 20
-17.001848550
 30
84.314654023
 11
307.155740889
 21
-24.667498321
 31
68.699441549
  0
ARC
  5
A93
330
A02
100
AcDbEntity
  8
f
100
AcDbCircle
 10
307.155740887
 20
-23.769830711
 30
68.258768358
 40
0.000000001
100
AcDbArc
 50
-89.999999931
 51
-90.000000000
  0
LINE
  5
A94
330
A02
100
AcDbEntity
  8
f
100
AcDbLine
 10
307.155740889
 20
-25.374894807
 30
97.758768359
 11
307.155740918
 21
-49.089459401
 31
97.758768372
  0
ARC
  5
A95
330
A02
100
AcDbEntity
  8
f
100
AcDbCircle
 10
307.155740918
 20
-49.089459402
 30
96.758768372
 40
0.000000001
100
AcDbArc
 50
-90.000000000
 51
90.000000000
  0
LINE
  5
A96
330
A02
100
AcDbEntity
  8
f
100
AcDbLine
 10
307.155740918
 20
-49.089459403
 30
95.758768372
 11
307.155740889
 21
-25.374894808
 31
95.758768359
  0
ARC
  5
A97
330
A02
100
AcDbEntity
  8
f
100
AcDbCircle
 10
307.155740889
 20
-25.374894807
 30
96.758768359
 40
0.000000001
100
AcDbArc
 50
90.000000000
 51
-90.000000000
  0
LINE
  5
A98
330
A02
100
AcDbEntity
  8
f
100
AcDbLine
 10
307.155740749
 20
91.583430058
 30
328.199441483
 11
307.155740766
 21
77.498151572
 31
299.507207572
  0
ARC
  5
A99
330
A02
100
AcDbEntity
  8
f
100
AcDbCircle
 10
307.155740765
 20
78.395819182
 30
299.066534381
 40
0.897667610
100
AcDbArc
 50
90.000000069
 51
-89.999999931
  0
LINE
  5
A9A
330
A02
100
AcDbEntity
  8
f
100
AcDbLine
 10
307.155740764
 20
79.293486793
 30
298.625861190
 11
307.155740747
 21
93.378765287
 31
327.318095120
  0
ARC
  5
A9B
330
A02
100
AcDbEntity
  8
f
100
AcDbCircle
 10
307.155740748
 20
92.481097668
 30
327.758768292
 40
0.897667610
100
AcDbArc
 50
-89.999999931
 51
90.000000069
  0
LINE
  5
A9C
330
A02
100
AcDbEntity
  8
f
100
AcDbLine
 10
307.155740756
 20
86.061468959
 30
324.758768296
 11
307.155740774
 21
70.730169435
 31
324.758768304
  0
ARC
  5
A9D
330
A02
100
AcDbEntity
  8
f
100
AcDbCircle
 10
307.155740774
 20
70.730169434
 30
323.758768304
 40
0.897667611
100
AcDbArc
 50
90.000000000
 51
-89.999999931
  0
LINE
  5
A9E
330
A02
100
AcDbEntity
  8
f
100
AcDbLine
 10
307.155740775
 20
69.832501824
 30
323.318095114
 11
307.155740766
 21
77.498151577
 31
307.702882632
  0
ARC
  5
A9F
330
A02
100
AcDbEntity
  8
f
100
AcDbCircle
 10
307.155740765
 20
78.395819187
 30
308.143555822
 40
0.897667610
100
AcDbArc
 50
90.000000069
 51
-89.999999931
  0
LINE
  5
AA0
330
A02
100
AcDbEntity
  8
f
100
AcDbLine
 10
307.155740764
 20
79.293486798
 30
307.702882631
 11
307.155740755
 21
86.959136568
 31
323.318095104
  0
ARC
  5
AA1
330
A02
100
AcDbEntity
  8
f
100
AcDbCircle
 10
307.155740756
 20
86.061468958
 30
323.758768296
 40
0.000000001
100
AcDbArc
 50
90.000000000
 51
90.000000069
  0
LINE
  5
AA2
330
A02
100
AcDbEntity
  8
f
100
AcDbLine
 10
307.155740857
 20
1.465490536
 30
150.045718336
 11
307.155740869
 21
-8.428155386
 31
170.199441540
  0
ARC
  5
AA3
330
A02
100
AcDbEntity
  8
f
100
AcDbCircle
 10
307.155740870
 20
-9.325822997
 30
169.758768350
 40
0.897667611
100
AcDbArc
 50
90.000000069
 51
-89.999999931
  0
LINE
  5
AA4
330
A02
100
AcDbEntity
  8
f
100
AcDbLine
 10
307.155740871
 20
-10.223490608
 30
169.318095160
 11
307.155740859
 21
-0.329844685
 31
149.164371955
  0
ARC
  5
AA5
330
A02
100
AcDbEntity
  8
f
100
AcDbCircle
 10
307.155740858
 20
0.567822925
 30
149.605045146
 40
0.897667611
100
AcDbArc
 50
-89.999999931
 51
90.000000069
  0
LINE
  5
AA6
330
A02
100
AcDbEntity
  8
f
100
AcDbLine
 10
307.155740900
 20
-34.106513295
 30
144.625861254
 11
307.155740883
 21
-20.021234809
 31
173.318095165
  0
ARC
  5
AA7
330
A02
100
AcDbEntity
  8
f
100
AcDbCircle
 10
307.155740884
 20
-20.918902420
 30
173.758768356
 40
0.897667610
100
AcDbArc
 50
90.000000069
 51
-89.999999931
  0
LINE
  5
AA8
330
A02
100
AcDbEntity
  8
f
100
AcDbLine
 10
307.155740885
 20
-21.816570030
 30
174.199441547
 11
307.155740902
 21
-35.901848516
 31
145.507207636
  0
ARC
  5
AA9
330
A02
100
AcDbEntity
  8
f
100
AcDbCircle
 10
307.155740901
 20
-35.004180905
 30
145.066534445
 40
0.897667610
100
AcDbArc
 50
-89.999999931
 51
90.000000069
  0
LINE
  5
AAA
330
A02
100
AcDbEntity
  8
f
100
AcDbLine
 10
307.155740892
 20
-27.338531129
 30
170.758768360
 11
307.155740910
 21
-42.669830653
 31
170.758768369
  0
ARC
  5
AAB
330
A02
100
AcDbEntity
  8
f
100
AcDbCircle
 10
307.155740910
 20
-42.669830653
 30
169.758768369
 40
0.897667611
100
AcDbArc
 50
90.000000000
 51
-89.999999931
  0
LINE
  5
AAC
330
A02
100
AcDbEntity
  8
f
100
AcDbLine
 10
307.155740911
 20
-43.567498264
 30
169.318095179
 11
307.155740902
 21
-35.901848511
 31
153.702882696
  0
ARC
  5
AAD
330
A02
100
AcDbEntity
  8
f
100
AcDbCircle
 10
307.155740901
 20
-35.004180900
 30
154.143555886
 40
0.897667610
100
AcDbArc
 50
90.000000069
 51
-89.999999931
  0
LINE
  5
AAE
330
A02
100
AcDbEntity
  8
f
100
AcDbLine
 10
307.155740900
 20
-34.106513290
 30
153.702882695
 11
307.155740891
 21
-26.440863519
 31
169.318095169
  0
ARC
  5
AAF
330
A02
100
AcDbEntity
  8
f
100
AcDbCircle
 10
307.155740892
 20
-27.338531129
 30
169.758768360
 40
0.000000001
100
AcDbArc
 50
90.000000000
 51
90.000000069
  0
LINE
  5
AB0
330
A02
100
AcDbEntity
  8
f
100
AcDbLine
 10
307.155740767
 20
77.065490536
 30
150.045718293
 11
307.155740778
 21
67.171844614
 31
170.199441497
  0
ARC
  5
AB1
330
A02
100
AcDbEntity
  8
f
100
AcDbCircle
 10
307.155740780
 20
66.274177003
 30
169.758768307
 40
0.897667611
100
AcDbArc
 50
90.000000069
 51
-89.999999931
  0
LINE
  5
AB2
330
A02
100
AcDbEntity
  8
f
100
AcDbLine
 10
307.155740781
 20
65.376509392
 30
169.318095117
 11
307.155740769
 21
75.270155315
 31
149.164371913
  0
ARC
  5
AB3
330
A02
100
AcDbEntity
  8
f
100
AcDbCircle
 10
307.155740768
 20
76.167822925
 30
149.605045103
 40
0.897667611
100
AcDbArc
 50
-89.999999931
 51
90.000000069
  0
LINE
  5
AB4
330
A02
100
AcDbEntity
  8
f
100
AcDbLine
 10
307.155740753
 20
88.025105237
 30
174.758768294
 11
307.155740782
 21
64.310540642
 31
174.758768308
  0
ARC
  5
AB5
330
A02
100
AcDbEntity
  8
f
100
AcDbCircle
 10
307.155740782
 20
64.310540642
 30
173.758768308
 40
0.000000001
100
AcDbArc
 50
-90.000000000
 51
90.000000000
  0
LINE
  5
AB6
330
A02
100
AcDbEntity
  8
f
100
AcDbLine
 10
307.155740782
 20
64.310540641
 30
172.758768308
 11
307.155740753
 21
88.025105236
 31
172.758768294
  0
ARC
  5
AB7
330
A02
100
AcDbEntity
  8
f
100
AcDbCircle
 10
307.155740753
 20
88.025105237
 30
173.758768294
 40
0.000000001
100
AcDbArc
 50
90.000000000
 51
-90.000000000
  0
LINE
  5
AB8
330
A02
100
AcDbEntity
  8
f
100
AcDbLine
 10
307.155740776
 20
69.125105328
 30
334.758768305
 11
307.155740805
 21
45.410540733
 31
334.758768319
  0
ARC
  5
AB9
330
A02
100
AcDbEntity
  8
f
100
AcDbCircle
 10
307.155740805
 20
45.410540733
 30
333.758768319
 40
0.000000001
100
AcDbArc
 50
-90.000000000
 51
90.000000000
  0
LINE
  5
ABA
330
A02
100
AcDbEntity
  8
f
100
AcDbLine
 10
307.155740805
 20
45.410540732
 30
332.758768319
 11
307.155740776
 21
69.125105327
 31
332.758768305
  0
ARC
  5
ABB
330
A02
100
AcDbEntity
  8
f
100
AcDbCircle
 10
307.155740776
 20
69.125105327
 30
333.758768305
 40
0.000000001
100
AcDbArc
 50
90.000000000
 51
-90.000000000
  0
LINE
  5
ABC
330
A02
100
AcDbEntity
  8
f
100
AcDbLine
 10
307.155740801
 20
48.271844709
 30
337.318095126
 11
307.155740789
 21
58.165490654
 31
357.471818319
  0
ARC
  5
ABD
330
A02
100
AcDbEntity
  8
f
100
AcDbCircle
 10
307.155740790
 20
57.267823044
 30
357.912491510
 40
0.897667610
100
AcDbArc
 50
90.000000069
 51
-89.999999931
  0
LINE
  5
ABE
330
A02
100
AcDbEntity
  8
f
100
AcDbLine
 10
307.155740791
 20
56.370155433
 30
358.353164702
 11
307.155740803
 21
46.476509488
 31
338.199441509
  0
ARC
  5
ABF
330
A02
100
AcDbEntity
  8
f
100
AcDbCircle
 10
307.155740802
 20
47.374177098
 30
337.758768318
 40
0.897667610
100
AcDbArc
 50
-89.999999931
 51
90.000000069
  0
LINE
  5
AC0
330
A02
100
AcDbEntity
  8
f
100
AcDbLine
 10
307.155740756
 20
86.071844709
 30
337.318095105
 11
307.155740744
 21
95.965490663
 31
357.471818317
  0
ARC
  5
AC1
330
A02
100
AcDbEntity
  8
f
100
AcDbCircle
 10
307.155740745
 20
95.067823044
 30
357.912491489
 40
0.897667610
100
AcDbArc
 50
90.000000069
 51
-89.999999931
  0
LINE
  5
AC2
330
A02
100
AcDbEntity
  8
f
100
AcDbLine
 10
307.155740746
 20
94.170155433
 30
358.353164680
 11
307.155740758
 21
84.276509488
 31
338.199441487
  0
ARC
  5
AC3
330
A02
100
AcDbEntity
  8
f
100
AcDbCircle
 10
307.155740757
 20
85.174177098
 30
337.758768296
 40
0.897667610
100
AcDbArc
 50
-89.999999931
 51
90.000000069
  0
LINE
  5
AC4
330
A02
100
AcDbEntity
  8
f
100
AcDbLine
 10
307.155740752
 20
89.630169442
 30
336.758768294
 11
307.155740733
 21
104.961468965
 31
336.758768285
  0
ARC
  5
AC5
330
A02
100
AcDbEntity
  8
f
100
AcDbCircle
 10
307.155740733
 20
104.961468966
 30
337.758768285
 40
0.897667611
100
AcDbArc
 50
90.000000069
 51
-90.000000000
  0
LINE
  5
AC6
330
A02
100
AcDbEntity
  8
f
100
AcDbLine
 10
307.155740732
 20
105.859136577
 30
338.199441475
 11
307.155740741
 21
98.193486824
 31
353.814653957
  0
ARC
  5
AC7
330
A02
100
AcDbEntity
  8
f
100
AcDbCircle
 10
307.155740742
 20
97.295819213
 30
353.373980767
 40
0.897667610
100
AcDbArc
 50
90.000000069
 51
-89.999999931
  0
LINE
  5
AC8
330
A02
100
AcDbEntity
  8
f
100
AcDbLine
 10
307.155740743
 20
96.398151603
 30
353.814653958
 11
307.155740753
 21
88.732501832
 31
338.199441485
  0
ARC
  5
AC9
330
A02
100
AcDbEntity
  8
f
100
AcDbCircle
 10
307.155740752
 20
89.630169442
 30
337.758768294
 40
0.000000001
100
AcDbArc
 50
-90.000000000
 51
-89.999999931
  0
LINE
  5
ACA
330
A02
100
AcDbEntity
  8
f
100
AcDbLine
 10
307.155740812
 20
39.265490646
 30
342.545718314
 11
307.155740824
 21
29.371844723
 31
362.699441518
  0
ARC
  5
ACB
330
A02
100
AcDbEntity
  8
f
100
AcDbCircle
 10
307.155740825
 20
28.474177112
 30
362.258768328
 40
0.897667611
100
AcDbArc
 50
90.000000069
 51
-89.999999931
  0
LINE
  5
ACC
330
A02
100
AcDbEntity
  8
f
100
AcDbLine
 10
307.155740826
 20
27.576509502
 30
361.818095138
 11
307.155740814
 21
37.470155424
 31
341.664371934
  0
ARC
  5
ACD
330
A02
100
AcDbEntity
  8
f
100
AcDbCircle
 10
307.155740813
 20
38.367823035
 30
342.105045124
 40
0.897667611
100
AcDbArc
 50
-89.999999931
 51
90.000000069
  0
LINE
  5
ACE
330
A02
100
AcDbEntity
  8
f
100
AcDbLine
 10
307.155740799
 20
50.225105346
 30
367.258768316
 11
307.155740827
 21
26.510540752
 31
367.258768329
  0
ARC
  5
ACF
330
A02
100
AcDbEntity
  8
f
100
AcDbCircle
 10
307.155740827
 20
26.510540751
 30
366.258768329
 40
0.000000001
100
AcDbArc
 50
-90.000000000
 51
90.000000000
  0
LINE
  5
AD0
330
A02
100
AcDbEntity
  8
f
100
AcDbLine
 10
307.155740827
 20
26.510540750
 30
365.258768329
 11
307.155740799
 21
50.225105345
 31
365.258768316
  0
ARC
  5
AD1
330
A02
100
AcDbEntity
  8
f
100
AcDbCircle
 10
307.155740799
 20
50.225105346
 30
366.258768316
 40
0.000000001
100
AcDbArc
 50
90.000000000
 51
-90.000000000
  0
LINE
  5
AD2
330
A02
100
AcDbEntity
  8
f
100
AcDbLine
 10
307.155740850
 20
7.610540535
 30
-13.741231660
 11
307.155740821
 21
31.325105130
 31
-13.741231673
  0
ARC
  5
AD3
330
A02
100
AcDbEntity
  8
f
100
AcDbCircle
 10
307.155740821
 20
31.325105131
 30
-12.741231673
 40
0.000000001
100
AcDbArc
 50
90.000000000
 51
-90.000000000
  0
LINE
  5
AD4
330
A02
100
AcDbEntity
  8
f
100
AcDbLine
 10
307.155740821
 20
31.325105131
 30
-11.741231673
 11
307.155740850
 21
7.610540536
 31
-11.741231660
  0
ARC
  5
AD5
330
A02
100
AcDbEntity
  8
f
100
AcDbCircle
 10
307.155740850
 20
7.610540536
 30
-12.741231660
 40
0.000000001
100
AcDbArc
 50
-90.000000000
 51
90.000000000
  0
LINE
  5
AD6
330
A02
100
AcDbEntity
  8
f
100
AcDbLine
 10
307.155740842
 20
14.030169245
 30
-9.741231664
 11
307.155740824
 21
29.361468769
 31
-9.741231672
  0
ARC
  5
AD7
330
A02
100
AcDbEntity
  8
f
100
AcDbCircle
 10
307.155740824
 20
29.361468769
 30
-8.741231672
 40
0.897667611
100
AcDbArc
 50
-90.000000000
 51
90.000000069
  0
LINE
  5
AD8
330
A02
100
AcDbEntity
  8
f
100
AcDbLine
 10
307.155740823
 20
30.259136380
 30
-8.300558482
 11
307.155740832
 21
22.593486627
 31
7.314654000
  0
ARC
  5
AD9
330
A02
100
AcDbEntity
  8
f
100
AcDbCircle
 10
307.155740833
 20
21.695819016
 30
6.873980810
 40
0.897667610
100
AcDbArc
 50
-89.999999931
 51
90.000000069
  0
LINE
  5
ADA
330
A02
100
AcDbEntity
  8
f
100
AcDbLine
 10
307.155740834
 20
20.798151406
 30
7.314654001
 11
307.155740843
 21
13.132501635
 31
-8.300558472
  0
ARC
  5
ADB
330
A02
100
AcDbEntity
  8
f
100
AcDbCircle
 10
307.155740842
 20
14.030169246
 30
-8.741231664
 40
0.000000001
100
AcDbArc
 50
-90.000000000
 51
-89.999999931
  0
LINE
  5
ADC
330
A02
100
AcDbEntity
  8
f
100
AcDbLine
 10
307.155740871
 20
-10.223490695
 30
15.318095160
 11
307.155740859
 21
-0.329844773
 31
-4.835628045
  0
ARC
  5
ADD
330
A02
100
AcDbEntity
  8
f
100
AcDbCircle
 10
307.155740858
 20
0.567822838
 30
-4.394954854
 40
0.897667611
100
AcDbArc
 50
-89.999999931
 51
90.000000069
  0
LINE
  5
ADE
330
A02
100
AcDbEntity
  8
f
100
AcDbLine
 10
307.155740857
 20
1.465490449
 30
-3.954281664
 11
307.155740869
 21
-8.428155474
 31
16.199441540
  0
ARC
  5
ADF
330
A02
100
AcDbEntity
  8
f
100
AcDbCircle
 10
307.155740870
 20
-9.325823084
 30
15.758768350
 40
0.897667611
100
AcDbArc
 50
90.000000069
 51
-89.999999931
  0
LINE
  5
AE0
330
A02
100
AcDbEntity
  8
f
100
AcDbLine
 10
307.155740844
 20
12.425105150
 30
20.758768337
 11
307.155740872
 21
-11.289459445
 31
20.758768351
  0
ARC
  5
AE1
330
A02
100
AcDbEntity
  8
f
100
AcDbCircle
 10
307.155740872
 20
-11.289459446
 30
19.758768351
 40
0.000000001
100
AcDbArc
 50
-90.000000000
 51
90.000000000
  0
LINE
  5
AE2
330
A02
100
AcDbEntity
  8
f
100
AcDbLine
 10
307.155740872
 20
-11.289459446
 30
18.758768351
 11
307.155740844
 21
12.425105149
 31
18.758768337
  0
ARC
  5
AE3
330
A02
100
AcDbEntity
  8
f
100
AcDbCircle
 10
307.155740844
 20
12.425105149
 30
19.758768337
 40
0.000000001
100
AcDbArc
 50
90.000000000
 51
-90.000000000
  0
LINE
  5
AE4
330
A02
100
AcDbEntity
  8
f
100
AcDbLine
 10
307.155740795
 20
53.783429970
 30
174.199441505
 11
307.155740811
 21
39.698151484
 31
145.507207593
  0
ARC
  5
AE5
330
A02
100
AcDbEntity
  8
f
100
AcDbCircle
 10
307.155740810
 20
40.595819095
 30
145.066534402
 40
0.897667610
100
AcDbArc
 50
90.000000069
 51
-89.999999931
  0
LINE
  5
AE6
330
A02
100
AcDbEntity
  8
f
100
AcDbLine
 10
307.155740809
 20
41.493486705
 30
144.625861211
 11
307.155740792
 21
55.578765191
 31
173.318095122
  0
ARC
  5
AE7
330
A02
100
AcDbEntity
  8
f
100
AcDbCircle
 10
307.155740793
 20
54.681097580
 30
173.758768313
 40
0.897667610
100
AcDbArc
 50
90.000000069
 51
-89.999999931
  0
LINE
  5
AE8
330
A02
100
AcDbEntity
  8
f
100
AcDbLine
 10
307.155740801
 20
48.261468871
 30
170.758768317
 11
307.155740819
 21
32.930169347
 31
170.758768326
  0
ARC
  5
AE9
330
A02
100
AcDbEntity
  8
f
100
AcDbCircle
 10
307.155740819
 20
32.930169347
 30
169.758768326
 40
0.897667611
100
AcDbArc
 50
90.000000000
 51
-89.999999931
  0
LINE
  5
AEA
330
A02
100
AcDbEntity
  8
f
100
AcDbLine
 10
307.155740821
 20
32.032501736
 30
169.318095136
 11
307.155740811
 21
39.698151489
 31
153.702882653
  0
ARC
  5
AEB
330
A02
100
AcDbEntity
  8
f
100
AcDbCircle
 10
307.155740810
 20
40.595819100
 30
154.143555844
 40
0.897667610
100
AcDbArc
 50
90.000000069
 51
-89.999999931
  0
LINE
  5
AEC
330
A02
100
AcDbEntity
  8
f
100
AcDbLine
 10
307.155740809
 20
41.493486710
 30
153.702882652
 11
307.155740800
 21
49.159136481
 31
169.318095126
  0
ARC
  5
AED
330
A02
100
AcDbEntity
  8
f
100
AcDbCircle
 10
307.155740801
 20
48.261468871
 30
169.758768317
 40
0.000000001
100
AcDbArc
 50
90.000000069
 51
90.000000000
  0
LINE
  5
AEE
330
A02
100
AcDbEntity
  8
f
100
AcDbLine
 10
307.155740837
 20
18.570155259
 30
50.353164723
 11
307.155740849
 21
8.676509313
 31
30.199441530
  0
ARC
  5
AEF
330
A02
100
AcDbEntity
  8
f
100
AcDbCircle
 10
307.155740847
 20
9.574176924
 30
29.758768339
 40
0.897667610
100
AcDbArc
 50
-89.999999931
 51
90.000000069
  0
LINE
  5
AF0
330
A02
100
AcDbEntity
  8
f
100
AcDbLine
 10
307.155740846
 20
10.471844534
 30
29.318095148
 11
307.155740835
 21
20.365490488
 31
49.471818360
  0
ARC
  5
AF1
330
A02
100
AcDbEntity
  8
f
100
AcDbCircle
 10
307.155740836
 20
19.467822869
 30
49.912491532
 40
0.897667610
100
AcDbArc
 50
90.000000069
 51
-89.999999931
  0
LINE
  5
AF2
330
A02
100
AcDbEntity
  8
f
100
AcDbLine
 10
307.155740860
 20
-1.121234827
 30
141.699441536
 11
307.155740877
 21
-15.206513271
 31
170.391675444
  0
ARC
  5
AF3
330
A02
100
AcDbEntity
  8
f
100
AcDbCircle
 10
307.155740878
 20
-16.104180891
 30
169.951002273
 40
0.897667611
100
AcDbArc
 50
-89.999999931
 51
90.000000069
  0
LINE
  5
AF4
330
A02
100
AcDbEntity
  8
f
100
AcDbLine
 10
307.155740879
 20
-17.001848502
 30
169.510329083
 11
307.155740862
 21
-2.916570049
 31
140.818095155
  0
ARC
  5
AF5
330
A02
100
AcDbEntity
  8
f
100
AcDbCircle
 10
307.155740861
 20
-2.018902438
 30
141.258768346
 40
0.897667611
100
AcDbArc
 50
-89.999999931
 51
90.000000069
  0
LINE
  5
AF6
330
A02
100
AcDbEntity
  8
f
100
AcDbLine
 10
307.155740887
 20
-23.769830668
 30
144.258768358
 11
307.155740869
 21
-8.438531144
 31
144.258768349
  0
ARC
  5
AF7
330
A02
100
AcDbEntity
  8
f
100
AcDbCircle
 10
307.155740869
 20
-8.438531143
 30
145.258768349
 40
0.897667611
100
AcDbArc
 50
-90.000000000
 51
90.000000069
  0
LINE
  5
AF8
330
A02
100
AcDbEntity
  8
f
100
AcDbLine
 10
307.155740868
 20
-7.540863532
 30
145.699441539
 11
307.155740877
 21
-15.206513285
 31
161.314654022
  0
ARC
  5
AF9
330
A02
100
AcDbEntity
  8
f
100
AcDbCircle
 10
307.155740878
 20
-16.104180896
 30
160.873980831
 40
0.897667610
100
AcDbArc
 50
-89.999999931
 51
90.000000069
  0
LINE
  5
AFA
330
A02
100
AcDbEntity
  8
f
100
AcDbLine
 10
307.155740879
 20
-17.001848507
 30
161.314654023
 11
307.155740889
 21
-24.667498277
 31
145.699441549
  0
ARC
  5
AFB
330
A02
100
AcDbEntity
  8
f
100
AcDbCircle
 10
307.155740887
 20
-23.769830667
 30
145.258768358
 40
0.000000001
100
AcDbArc
 50
-89.999999931
 51
-90.000000000
  0
LINE
  5
AFC
330
A02
100
AcDbEntity
  8
f
100
AcDbLine
 10
307.155740764
 20
79.293486749
 30
221.625861190
 11
307.155740747
 21
93.378765234
 31
250.318095101
  0
ARC
  5
AFD
330
A02
100
AcDbEntity
  8
f
100
AcDbCircle
 10
307.155740748
 20
92.481097624
 30
250.758768292
 40
0.897667610
100
AcDbArc
 50
-89.999999931
 51
90.000000069
  0
LINE
  5
AFE
330
A02
100
AcDbEntity
  8
f
100
AcDbLine
 10
307.155740749
 20
91.583430014
 30
251.199441483
 11
307.155740766
 21
77.498151528
 31
222.507207572
  0
ARC
  5
AFF
330
A02
100
AcDbEntity
  8
f
100
AcDbCircle
 10
307.155740765
 20
78.395819138
 30
222.066534381
 40
0.897667610
100
AcDbArc
 50
90.000000069
 51
-89.999999931
  0
LINE
  5
B00
330
A02
100
AcDbEntity
  8
f
100
AcDbLine
 10
307.155740756
 20
86.061468915
 30
247.758768296
 11
307.155740774
 21
70.730169391
 31
247.758768304
  0
ARC
  5
B01
330
A02
100
AcDbEntity
  8
f
100
AcDbCircle
 10
307.155740774
 20
70.730169391
 30
246.758768304
 40
0.897667611
100
AcDbArc
 50
90.000000000
 51
-89.999999931
  0
LINE
  5
B02
330
A02
100
AcDbEntity
  8
f
100
AcDbLine
 10
307.155740775
 20
69.832501780
 30
246.318095114
 11
307.155740766
 21
77.498151533
 31
230.702882632
  0
ARC
  5
B03
330
A02
100
AcDbEntity
  8
f
100
AcDbCircle
 10
307.155740765
 20
78.395819144
 30
231.143555822
 40
0.897667610
100
AcDbArc
 50
90.000000069
 51
-89.999999931
  0
LINE
  5
B04
330
A02
100
AcDbEntity
  8
f
100
AcDbLine
 10
307.155740764
 20
79.293486754
 30
230.702882631
 11
307.155740755
 21
86.959136525
 31
246.318095104
  0
ARC
  5
B05
330
A02
100
AcDbEntity
  8
f
100
AcDbCircle
 10
307.155740756
 20
86.061468914
 30
246.758768296
 40
0.000000001
100
AcDbArc
 50
90.000000000
 51
90.000000069
  0
LINE
  5
B06
330
A02
100
AcDbEntity
  8
f
100
AcDbLine
 10
307.155740993
 20
-111.934509442
 30
188.545718400
 11
307.155741005
 21
-121.828155364
 31
208.699441604
  0
ARC
  5
B07
330
A02
100
AcDbEntity
  8
f
100
AcDbCircle
 10
307.155741006
 20
-122.725822975
 30
208.258768414
 40
0.897667611
100
AcDbArc
 50
-89.999999931
 51
90.000000069
  0
LINE
  5
B08
330
A02
100
AcDbEntity
  8
f
100
AcDbLine
 10
307.155741007
 20
-123.623490586
 30
207.818095224
 11
307.155740995
 21
-113.729844664
 31
187.664372020
  0
ARC
  5
B09
330
A02
100
AcDbEntity
  8
f
100
AcDbCircle
 10
307.155740994
 20
-112.832177053
 30
188.105045210
 40
0.897667611
100
AcDbArc
 50
90.000000069
 51
-89.999999931
  0
LINE
  5
B0A
330
A02
100
AcDbEntity
  8
f
100
AcDbLine
 10
307.155740980
 20
-100.974894741
 30
213.258768402
 11
307.155741008
 21
-124.689459336
 31
213.258768415
  0
ARC
  5
B0B
330
A02
100
AcDbEntity
  8
f
100
AcDbCircle
 10
307.155741008
 20
-124.689459336
 30
212.258768415
 40
0.000000001
100
AcDbArc
 50
-90.000000000
 51
90.000000000
  0
LINE
  5
B0C
330
A02
100
AcDbEntity
  8
f
100
AcDbLine
 10
307.155741008
 20
-124.689459337
 30
211.258768415
 11
307.155740980
 21
-100.974894742
 31
211.258768402
  0
ARC
  5
B0D
330
A02
100
AcDbEntity
  8
f
100
AcDbCircle
 10
307.155740980
 20
-100.974894742
 30
212.258768402
 40
0.000000001
100
AcDbArc
 50
90.000000000
 51
-90.000000000
  0
LINE
  5
B0E
330
A02
100
AcDbEntity
  8
f
100
AcDbLine
 10
307.155740799
 20
50.225105281
 30
251.758768316
 11
307.155740827
 21
26.510540686
 31
251.758768329
  0
ARC
  5
B0F
330
A02
100
AcDbEntity
  8
f
100
AcDbCircle
 10
307.155740827
 20
26.510540685
 30
250.758768329
 40
0.000000001
100
AcDbArc
 50
-90.000000000
 51
90.000000000
  0
LINE
  5
B10
330
A02
100
AcDbEntity
  8
f
100
AcDbLine
 10
307.155740827
 20
26.510540685
 30
249.758768329
 11
307.155740799
 21
50.225105280
 31
249.758768316
  0
ARC
  5
B11
330
A02
100
AcDbEntity
  8
f
100
AcDbCircle
 10
307.155740799
 20
50.225105280
 30
250.758768316
 40
0.000000001
100
AcDbArc
 50
90.000000000
 51
-90.000000000
  0
LINE
  5
B12
330
A02
100
AcDbEntity
  8
f
100
AcDbLine
 10
307.155740812
 20
39.265490580
 30
227.045718314
 11
307.155740824
 21
29.371844658
 31
247.199441518
  0
ARC
  5
B13
330
A02
100
AcDbEntity
  8
f
100
AcDbCircle
 10
307.155740825
 20
28.474177047
 30
246.758768328
 40
0.897667611
100
AcDbArc
 50
90.000000069
 51
-89.999999931
  0
LINE
  5
B14
330
A02
100
AcDbEntity
  8
f
100
AcDbLine
 10
307.155740826
 20
27.576509436
 30
246.318095138
 11
307.155740814
 21
37.470155358
 31
226.164371934
  0
ARC
  5
B15
330
A02
100
AcDbEntity
  8
f
100
AcDbCircle
 10
307.155740813
 20
38.367822969
 30
226.605045124
 40
0.897667611
100
AcDbArc
 50
-89.999999931
 51
90.000000069
  0
LINE
  5
B16
330
A02
100
AcDbEntity
  8
f
100
AcDbLine
 10
307.155740996
 20
-114.521234893
 30
26.199441600
 11
307.155741013
 21
-128.606513346
 31
54.891675527
  0
ARC
  5
B17
330
A02
100
AcDbEntity
  8
f
100
AcDbCircle
 10
307.155741014
 20
-129.504180957
 30
54.451002337
 40
0.897667611
100
AcDbArc
 50
-89.999999931
 51
90.000000069
  0
LINE
  5
B18
330
A02
100
AcDbEntity
  8
f
100
AcDbLine
 10
307.155741015
 20
-130.401848567
 30
54.010329147
 11
307.155740998
 21
-116.316570114
 31
25.318095220
  0
ARC
  5
B19
330
A02
100
AcDbEntity
  8
f
100
AcDbCircle
 10
307.155740997
 20
-115.418902504
 30
25.758768410
 40
0.897667611
100
AcDbArc
 50
90.000000069
 51
-89.999999931
  0
LINE
  5
B1A
330
A02
100
AcDbEntity
  8
f
100
AcDbLine
 10
307.155741023
 20
-137.169830733
 30
28.758768422
 11
307.155741005
 21
-121.838531209
 31
28.758768414
  0
ARC
  5
B1B
330
A02
100
AcDbEntity
  8
f
100
AcDbCircle
 10
307.155741005
 20
-121.838531209
 30
29.758768414
 40
0.897667611
100
AcDbArc
 50
90.000000069
 51
-90.000000000
  0
LINE
  5
B1C
330
A02
100
AcDbEntity
  8
f
100
AcDbLine
 10
307.155741004
 20
-120.940863598
 30
30.199441604
 11
307.155741013
 21
-128.606513351
 31
45.814654086
  0
ARC
  5
B1D
330
A02
100
AcDbEntity
  8
f
100
AcDbCircle
 10
307.155741014
 20
-129.504180962
 30
45.373980896
 40
0.897667610
100
AcDbArc
 50
-89.999999931
 51
90.000000069
  0
LINE
  5
B1E
330
A02
100
AcDbEntity
  8
f
100
AcDbLine
 10
307.155741015
 20
-130.401848572
 30
45.814654087
 11
307.155741024
 21
-138.067498343
 31
30.199441613
  0
ARC
  5
B1F
330
A02
100
AcDbEntity
  8
f
100
AcDbCircle
 10
307.155741023
 20
-137.169830733
 30
29.758768422
 40
0.000000001
100
AcDbArc
 50
-90.000000000
 51
-89.999999931
  0
LINE
  5
B20
330
A02
100
AcDbEntity
  8
f
100
AcDbLine
 10
307.155741025
 20
-138.774894654
 30
367.258768423
 11
307.155741054
 21
-162.489459248
 31
367.258768437
  0
ARC
  5
B21
330
A02
100
AcDbEntity
  8
f
100
AcDbCircle
 10
307.155741054
 20
-162.489459249
 30
366.258768437
 40
0.000000001
100
AcDbArc
 50
-90.000000000
 51
90.000000000
  0
LINE
  5
B22
330
A02
100
AcDbEntity
  8
f
100
AcDbLine
 10
307.155741054
 20
-162.489459250
 30
365.258768437
 11
307.155741025
 21
-138.774894655
 31
365.258768423
  0
ARC
  5
B23
330
A02
100
AcDbEntity
  8
f
100
AcDbCircle
 10
307.155741025
 20
-138.774894654
 30
366.258768423
 40
0.000000001
100
AcDbArc
 50
90.000000000
 51
-90.000000000
  0
LINE
  5
B24
330
A02
100
AcDbEntity
  8
f
100
AcDbLine
 10
307.155741038
 20
-149.734509354
 30
342.545718422
 11
307.155741050
 21
-159.628155277
 31
362.699441626
  0
ARC
  5
B25
330
A02
100
AcDbEntity
  8
f
100
AcDbCircle
 10
307.155741051
 20
-160.525822888
 30
362.258768436
 40
0.897667611
100
AcDbArc
 50
-89.999999931
 51
90.000000069
  0
LINE
  5
B26
330
A02
100
AcDbEntity
  8
f
100
AcDbLine
 10
307.155741052
 20
-161.423490498
 30
361.818095245
 11
307.155741041
 21
-151.529844576
 31
341.664372041
  0
ARC
  5
B27
330
A02
100
AcDbEntity
  8
f
100
AcDbCircle
 10
307.155741039
 20
-150.632176965
 30
342.105045231
 40
0.897667611
100
AcDbArc
 50
90.000000069
 51
-89.999999931
  0
LINE
  5
B28
330
A02
100
AcDbEntity
  8
f
100
AcDbLine
 10
307.155740957
 20
-82.074894803
 30
103.758768391
 11
307.155740986
 21
-105.789459398
 31
103.758768404
  0
ARC
  5
B29
330
A02
100
AcDbEntity
  8
f
100
AcDbCircle
 10
307.155740986
 20
-105.789459399
 30
102.758768404
 40
0.000000001
100
AcDbArc
 50
-90.000000000
 51
90.000000000
  0
LINE
  5
B2A
330
A02
100
AcDbEntity
  8
f
100
AcDbLine
 10
307.155740986
 20
-105.789459399
 30
101.758768404
 11
307.155740957
 21
-82.074894804
 31
101.758768391
  0
ARC
  5
B2B
330
A02
100
AcDbEntity
  8
f
100
AcDbCircle
 10
307.155740957
 20
-82.074894804
 30
102.758768391
 40
0.000000001
100
AcDbArc
 50
90.000000000
 51
-90.000000000
  0
LINE
  5
B2C
330
A02
100
AcDbEntity
  8
f
100
AcDbLine
 10
307.155740982
 20
-102.928155422
 30
106.318095212
 11
307.155740970
 21
-93.034509477
 31
126.471818405
  0
ARC
  5
B2D
330
A02
100
AcDbEntity
  8
f
100
AcDbCircle
 10
307.155740972
 20
-93.932177087
 30
126.912491596
 40
0.897667610
100
AcDbArc
 50
-89.999999931
 51
90.000000069
  0
LINE
  5
B2E
330
A02
100
AcDbEntity
  8
f
100
AcDbLine
 10
307.155740973
 20
-94.829844698
 30
127.353164787
 11
307.155740984
 21
-104.723490643
 31
107.199441595
  0
ARC
  5
B2F
330
A02
100
AcDbEntity
  8
f
100
AcDbCircle
 10
307.155740983
 20
-103.825823033
 30
106.758768403
 40
0.897667610
100
AcDbArc
 50
90.000000069
 51
-89.999999931
  0
LINE
  5
B30
330
A02
100
AcDbEntity
  8
f
100
AcDbLine
 10
307.155741042
 20
-152.321234915
 30
-12.300558378
 11
307.155741058
 21
-166.406513368
 31
16.391675549
  0
ARC
  5
B31
330
A02
100
AcDbEntity
  8
f
100
AcDbCircle
 10
307.155741059
 20
-167.304180979
 30
15.951002358
 40
0.897667611
100
AcDbArc
 50
-89.999999931
 51
90.000000069
  0
LINE
  5
B32
330
A02
100
AcDbEntity
  8
f
100
AcDbLine
 10
307.155741061
 20
-168.201848589
 30
15.510329168
 11
307.155741044
 21
-154.116570136
 31
-13.181904759
  0
ARC
  5
B33
330
A02
100
AcDbEntity
  8
f
100
AcDbCircle
 10
307.155741043
 20
-153.218902525
 30
-12.741231569
 40
0.897667611
100
AcDbArc
 50
90.000000069
 51
-89.999999931
  0
LINE
  5
B34
330
A02
100
AcDbEntity
  8
f
100
AcDbLine
 10
307.155741069
 20
-174.969830755
 30
-9.741231556
 11
307.155741050
 21
-159.638531231
 31
-9.741231565
  0
ARC
  5
B35
330
A02
100
AcDbEntity
  8
f
100
AcDbCircle
 10
307.155741050
 20
-159.638531231
 30
-8.741231565
 40
0.897667611
100
AcDbArc
 50
90.000000069
 51
-90.000000000
  0
LINE
  5
B36
330
A02
100
AcDbEntity
  8
f
100
AcDbLine
 10
307.155741049
 20
-158.740863620
 30
-8.300558375
 11
307.155741058
 21
-166.406513373
 31
7.314654107
  0
ARC
  5
B37
330
A02
100
AcDbEntity
  8
f
100
AcDbCircle
 10
307.155741059
 20
-167.304180984
 30
6.873980917
 40
0.897667610
100
AcDbArc
 50
-89.999999931
 51
90.000000069
  0
LINE
  5
B38
330
A02
100
AcDbEntity
  8
f
100
AcDbLine
 10
307.155741061
 20
-168.201848594
 30
7.314654108
 11
307.155741070
 21
-175.867498365
 31
-8.300558365
  0
ARC
  5
B39
330
A02
100
AcDbEntity
  8
f
100
AcDbCircle
 10
307.155741069
 20
-174.969830754
 30
-8.741231556
 40
0.000000001
100
AcDbArc
 50
-90.000000000
 51
-89.999999931
  0
LINE
  5
B3A
330
A02
100
AcDbEntity
  8
f
100
AcDbLine
 10
307.155740930
 20
-59.616570095
 30
58.699441569
 11
307.155740947
 21
-73.701848581
 31
30.007207658
  0
ARC
  5
B3B
330
A02
100
AcDbEntity
  8
f
100
AcDbCircle
 10
307.155740946
 20
-72.804180971
 30
29.566534467
 40
0.897667610
100
AcDbArc
 50
-89.999999931
 51
90.000000069
  0
LINE
  5
B3C
330
A02
100
AcDbEntity
  8
f
100
AcDbLine
 10
307.155740945
 20
-71.906513360
 30
29.125861276
 11
307.155740928
 21
-57.821234875
 31
57.818095187
  0
ARC
  5
B3D
330
A02
100
AcDbEntity
  8
f
100
AcDbCircle
 10
307.155740929
 20
-58.718902485
 30
58.258768378
 40
0.897667610
100
AcDbArc
 50
90.000000069
 51
-89.999999931
  0
LINE
  5
B3E
330
A02
100
AcDbEntity
  8
f
100
AcDbLine
 10
307.155740937
 20
-65.138531194
 30
55.258768381
 11
307.155740955
 21
-80.469830718
 31
55.258768390
  0
ARC
  5
B3F
330
A02
100
AcDbEntity
  8
f
100
AcDbCircle
 10
307.155740955
 20
-80.469830719
 30
54.258768390
 40
0.897667611
100
AcDbArc
 50
90.000000000
 51
-89.999999931
  0
LINE
  5
B40
330
A02
100
AcDbEntity
  8
f
100
AcDbLine
 10
307.155740956
 20
-81.367498329
 30
53.818095200
 11
307.155740947
 21
-73.701848576
 31
38.202882718
  0
ARC
  5
B41
330
A02
100
AcDbEntity
  8
f
100
AcDbCircle
 10
307.155740946
 20
-72.804180966
 30
38.643555908
 40
0.897667610
100
AcDbArc
 50
90.000000069
 51
-89.999999931
  0
LINE
  5
B42
330
A02
100
AcDbEntity
  8
f
100
AcDbLine
 10
307.155740945
 20
-71.906513355
 30
38.202882717
 11
307.155740936
 21
-64.240863585
 31
53.818095190
  0
ARC
  5
B43
330
A02
100
AcDbEntity
  8
f
100
AcDbCircle
 10
307.155740937
 20
-65.138531195
 30
54.258768381
 40
0.000000001
100
AcDbArc
 50
90.000000000
 51
90.000000069
  0
LINE
  5
B44
330
A02
100
AcDbEntity
  8
f
100
AcDbLine
 10
307.155740980
 20
-100.974894850
 30
20.758768402
 11
307.155741008
 21
-124.689459445
 31
20.758768415
  0
ARC
  5
B45
330
A02
100
AcDbEntity
  8
f
100
AcDbCircle
 10
307.155741008
 20
-124.689459446
 30
19.758768415
 40
0.000000001
100
AcDbArc
 50
-90.000000000
 51
90.000000000
  0
LINE
  5
B46
330
A02
100
AcDbEntity
  8
f
100
AcDbLine
 10
307.155741008
 20
-124.689459446
 30
18.758768415
 11
307.155740980
 21
-100.974894851
 31
18.758768402
  0
ARC
  5
B47
330
A02
100
AcDbEntity
  8
f
100
AcDbCircle
 10
307.155740980
 20
-100.974894851
 30
19.758768402
 40
0.000000001
100
AcDbArc
 50
90.000000000
 51
-90.000000000
  0
LINE
  5
B48
330
A02
100
AcDbEntity
  8
f
100
AcDbLine
 10
307.155740993
 20
-111.934509551
 30
-3.954281600
 11
307.155741005
 21
-121.828155483
 31
16.199441623
  0
ARC
  5
B49
330
A02
100
AcDbEntity
  8
f
100
AcDbCircle
 10
307.155741006
 20
-122.725823084
 30
15.758768414
 40
0.897667611
100
AcDbArc
 50
-89.999999931
 51
90.000000069
  0
LINE
  5
B4A
330
A02
100
AcDbEntity
  8
f
100
AcDbLine
 10
307.155741007
 20
-123.623490695
 30
15.318095224
 11
307.155740995
 21
-113.729844773
 31
-4.835627980
  0
ARC
  5
B4B
330
A02
100
AcDbEntity
  8
f
100
AcDbCircle
 10
307.155740994
 20
-112.832177162
 30
-4.394954790
 40
0.897667611
100
AcDbArc
 50
90.000000069
 51
-89.999999931
  0
LINE
  5
B4C
330
A02
100
AcDbEntity
  8
f
100
AcDbLine
 10
307.155740801
 20
48.271844665
 30
260.318095126
 11
307.155740789
 21
58.165490610
 31
280.471818319
  0
ARC
  5
B4D
330
A02
100
AcDbEntity
  8
f
100
AcDbCircle
 10
307.155740790
 20
57.267823000
 30
280.912491510
 40
0.897667610
100
AcDbArc
 50
90.000000069
 51
-89.999999931
  0
LINE
  5
B4E
330
A02
100
AcDbEntity
  8
f
100
AcDbLine
 10
307.155740791
 20
56.370155390
 30
281.353164702
 11
307.155740803
 21
46.476509454
 31
261.199441528
  0
ARC
  5
B4F
330
A02
100
AcDbEntity
  8
f
100
AcDbCircle
 10
307.155740802
 20
47.374177055
 30
260.758768318
 40
0.897667610
100
AcDbArc
 50
-89.999999931
 51
90.000000069
  0
LINE
  5
B50
330
A02
100
AcDbEntity
  8
f
100
AcDbLine
 10
307.155740797
 20
51.830169398
 30
259.758768315
 11
307.155740778
 21
67.161468922
 31
259.758768306
  0
ARC
  5
B51
330
A02
100
AcDbEntity
  8
f
100
AcDbCircle
 10
307.155740778
 20
67.161468922
 30
260.758768306
 40
0.897667611
100
AcDbArc
 50
-90.000000000
 51
90.000000069
  0
LINE
  5
B52
330
A02
100
AcDbEntity
  8
f
100
AcDbLine
 10
307.155740777
 20
68.059136533
 30
261.199441496
 11
307.155740787
 21
60.393486780
 31
276.814653979
  0
ARC
  5
B53
330
A02
100
AcDbEntity
  8
f
100
AcDbCircle
 10
307.155740788
 20
59.495819169
 30
276.373980789
 40
0.897667610
100
AcDbArc
 50
-89.999999931
 51
90.000000069
  0
LINE
  5
B54
330
A02
100
AcDbEntity
  8
f
100
AcDbLine
 10
307.155740789
 20
58.598151559
 30
276.814653980
 11
307.155740798
 21
50.932501788
 31
261.199441506
  0
ARC
  5
B55
330
A02
100
AcDbEntity
  8
f
100
AcDbCircle
 10
307.155740797
 20
51.830169399
 30
260.758768315
 40
0.000000001
100
AcDbArc
 50
-90.000000000
 51
-89.999999931
  0
LINE
  5
B56
330
A02
100
AcDbEntity
  8
f
100
AcDbLine
 10
307.155741003
 20
-119.874894672
 30
334.758768412
 11
307.155741031
 21
-143.589459267
 31
334.758768426
  0
ARC
  5
B57
330
A02
100
AcDbEntity
  8
f
100
AcDbCircle
 10
307.155741031
 20
-143.589459267
 30
333.758768426
 40
0.000000001
100
AcDbArc
 50
-90.000000000
 51
90.000000000
  0
LINE
  5
B58
330
A02
100
AcDbEntity
  8
f
100
AcDbLine
 10
307.155741031
 20
-143.589459268
 30
332.758768426
 11
307.155741003
 21
-119.874894673
 31
332.758768412
  0
ARC
  5
B59
330
A02
100
AcDbEntity
  8
f
100
AcDbCircle
 10
307.155741003
 20
-119.874894673
 30
333.758768412
 40
0.000000001
100
AcDbArc
 50
90.000000000
 51
-90.000000000
  0
LINE
  5
B5A
330
A02
100
AcDbEntity
  8
f
100
AcDbLine
 10
307.155741028
 20
-140.728155291
 30
337.318095234
 11
307.155741016
 21
-130.834509337
 31
357.471818445
  0
ARC
  5
B5B
330
A02
100
AcDbEntity
  8
f
100
AcDbCircle
 10
307.155741017
 20
-131.732176956
 30
357.912491618
 40
0.897667610
100
AcDbArc
 50
-89.999999931
 51
90.000000069
  0
LINE
  5
B5C
330
A02
100
AcDbEntity
  8
f
100
AcDbLine
 10
307.155741018
 20
-132.629844567
 30
358.353164809
 11
307.155741030
 21
-142.523490512
 31
338.199441616
  0
ARC
  5
B5D
330
A02
100
AcDbEntity
  8
f
100
AcDbCircle
 10
307.155741029
 20
-141.625822902
 30
337.758768425
 40
0.897667610
100
AcDbArc
 50
90.000000069
 51
-89.999999931
  0
LINE
  5
B5E
330
A02
100
AcDbEntity
  8
f
100
AcDbLine
 10
307.155740867
 20
-6.474894694
 30
296.258768348
 11
307.155740895
 21
-30.189459289
 31
296.258768362
  0
ARC
  5
B5F
330
A02
100
AcDbEntity
  8
f
100
AcDbCircle
 10
307.155740895
 20
-30.189459289
 30
295.258768362
 40
0.000000001
100
AcDbArc
 50
-90.000000000
 51
90.000000000
  0
LINE
  5
B60
330
A02
100
AcDbEntity
  8
f
100
AcDbLine
 10
307.155740895
 20
-30.189459290
 30
294.258768362
 11
307.155740867
 21
-6.474894695
 31
294.258768348
  0
ARC
  5
B61
330
A02
100
AcDbEntity
  8
f
100
AcDbCircle
 10
307.155740867
 20
-6.474894694
 30
295.258768348
 40
0.000000001
100
AcDbArc
 50
90.000000000
 51
-90.000000000
  0
LINE
  5
B62
330
A02
100
AcDbEntity
  8
f
100
AcDbLine
 10
307.155740882
 20
-19.229844588
 30
319.853164744
 11
307.155740894
 21
-29.123490524
 31
299.699441571
  0
ARC
  5
B63
330
A02
100
AcDbEntity
  8
f
100
AcDbCircle
 10
307.155740893
 20
-28.225822923
 30
299.258768360
 40
0.897667610
100
AcDbArc
 50
-89.999999931
 51
90.000000069
  0
LINE
  5
B64
330
A02
100
AcDbEntity
  8
f
100
AcDbLine
 10
307.155740892
 20
-27.328155313
 30
298.818095169
 11
307.155740880
 21
-17.434509368
 31
318.971818362
  0
ARC
  5
B65
330
A02
100
AcDbEntity
  8
f
100
AcDbCircle
 10
307.155740881
 20
-18.332176978
 30
319.412491553
 40
0.897667610
100
AcDbArc
 50
90.000000069
 51
-89.999999931
  0
LINE
  5
B66
330
A02
100
AcDbEntity
  8
f
100
AcDbLine
 10
307.155740795
 20
53.783430058
 30
328.199441505
 11
307.155740811
 21
39.698151572
 31
299.507207593
  0
ARC
  5
B67
330
A02
100
AcDbEntity
  8
f
100
AcDbCircle
 10
307.155740810
 20
40.595819182
 30
299.066534402
 40
0.897667610
100
AcDbArc
 50
90.000000069
 51
-89.999999931
  0
LINE
  5
B68
330
A02
100
AcDbEntity
  8
f
100
AcDbLine
 10
307.155740809
 20
41.493486793
 30
298.625861211
 11
307.155740792
 21
55.578765278
 31
327.318095122
  0
ARC
  5
B69
330
A02
100
AcDbEntity
  8
f
100
AcDbCircle
 10
307.155740793
 20
54.681097668
 30
327.758768313
 40
0.897667610
100
AcDbArc
 50
90.000000069
 51
-89.999999931
  0
LINE
  5
B6A
330
A02
100
AcDbEntity
  8
f
100
AcDbLine
 10
307.155740801
 20
48.261468959
 30
324.758768317
 11
307.155740819
 21
32.930169435
 31
324.758768326
  0
ARC
  5
B6B
330
A02
100
AcDbEntity
  8
f
100
AcDbCircle
 10
307.155740819
 20
32.930169434
 30
323.758768326
 40
0.897667611
100
AcDbArc
 50
90.000000000
 51
-89.999999931
  0
LINE
  5
B6C
330
A02
100
AcDbEntity
  8
f
100
AcDbLine
 10
307.155740821
 20
32.032501824
 30
323.318095136
 11
307.155740811
 21
39.698151577
 31
307.702882653
  0
ARC
  5
B6D
330
A02
100
AcDbEntity
  8
f
100
AcDbCircle
 10
307.155740810
 20
40.595819187
 30
308.143555844
 40
0.897667610
100
AcDbArc
 50
90.000000069
 51
-89.999999931
  0
LINE
  5
B6E
330
A02
100
AcDbEntity
  8
f
100
AcDbLine
 10
307.155740809
 20
41.493486798
 30
307.702882652
 11
307.155740800
 21
49.159136568
 31
323.318095126
  0
ARC
  5
B6F
330
A02
100
AcDbEntity
  8
f
100
AcDbCircle
 10
307.155740801
 20
48.261468958
 30
323.758768317
 40
0.000000001
100
AcDbArc
 50
90.000000069
 51
90.000000000
  0
LINE
  5
B70
330
A02
100
AcDbEntity
  8
f
100
AcDbLine
 10
307.155741003
 20
-119.874894825
 30
65.258768412
 11
307.155741031
 21
-143.589459420
 31
65.258768426
  0
ARC
  5
B71
330
A02
100
AcDbEntity
  8
f
100
AcDbCircle
 10
307.155741031
 20
-143.589459420
 30
64.258768426
 40
0.000000001
100
AcDbArc
 50
-90.000000000
 51
90.000000000
  0
LINE
  5
B72
330
A02
100
AcDbEntity
  8
f
100
AcDbLine
 10
307.155741031
 20
-143.589459421
 30
63.258768426
 11
307.155741003
 21
-119.874894826
 31
63.258768412
  0
ARC
  5
B73
330
A02
100
AcDbEntity
  8
f
100
AcDbCircle
 10
307.155741003
 20
-119.874894826
 30
64.258768412
 40
0.000000001
100
AcDbArc
 50
90.000000000
 51
-90.000000000
  0
LINE
  5
B74
330
A02
100
AcDbEntity
  8
f
100
AcDbLine
 10
307.155741028
 20
-140.728155444
 30
67.818095234
 11
307.155741016
 21
-130.834509499
 31
87.971818427
  0
ARC
  5
B75
330
A02
100
AcDbEntity
  8
f
100
AcDbCircle
 10
307.155741017
 20
-131.732177109
 30
88.412491618
 40
0.897667610
100
AcDbArc
 50
-89.999999931
 51
90.000000069
  0
LINE
  5
B76
330
A02
100
AcDbEntity
  8
f
100
AcDbLine
 10
307.155741018
 20
-132.629844720
 30
88.853164809
 11
307.155741030
 21
-142.523490665
 31
68.699441616
  0
ARC
  5
B77
330
A02
100
AcDbEntity
  8
f
100
AcDbCircle
 10
307.155741029
 20
-141.625823055
 30
68.258768425
 40
0.897667610
100
AcDbArc
 50
90.000000069
 51
-89.999999931
  0
LINE
  5
B78
330
A02
100
AcDbEntity
  8
f
100
AcDbLine
 10
307.155740892
 20
-27.328155357
 30
221.818095169
 11
307.155740880
 21
-17.434509402
 31
241.971818381
  0
ARC
  5
B79
330
A02
100
AcDbEntity
  8
f
100
AcDbCircle
 10
307.155740881
 20
-18.332177022
 30
242.412491553
 40
0.897667610
100
AcDbArc
 50
90.000000069
 51
-89.999999931
  0
LINE
  5
B7A
330
A02
100
AcDbEntity
  8
f
100
AcDbLine
 10
307.155740882
 20
-19.229844632
 30
242.853164744
 11
307.155740894
 21
-29.123490568
 31
222.699441571
  0
ARC
  5
B7B
330
A02
100
AcDbEntity
  8
f
100
AcDbCircle
 10
307.155740893
 20
-28.225822967
 30
222.258768360
 40
0.897667610
100
AcDbArc
 50
-89.999999931
 51
90.000000069
  0
LINE
  5
B7C
330
A02
100
AcDbEntity
  8
f
100
AcDbLine
 10
307.155740887
 20
-23.769830624
 30
221.258768358
 11
307.155740869
 21
-8.438531100
 31
221.258768349
  0
ARC
  5
B7D
330
A02
100
AcDbEntity
  8
f
100
AcDbCircle
 10
307.155740869
 20
-8.438531100
 30
222.258768349
 40
0.897667611
100
AcDbArc
 50
-90.000000000
 51
90.000000069
  0
LINE
  5
B7E
330
A02
100
AcDbEntity
  8
f
100
AcDbLine
 10
307.155740868
 20
-7.540863489
 30
222.699441539
 11
307.155740877
 21
-15.206513242
 31
238.314654022
  0
ARC
  5
B7F
330
A02
100
AcDbEntity
  8
f
100
AcDbCircle
 10
307.155740878
 20
-16.104180853
 30
237.873980831
 40
0.897667610
100
AcDbArc
 50
-89.999999931
 51
90.000000069
  0
LINE
  5
B80
330
A02
100
AcDbEntity
  8
f
100
AcDbLine
 10
307.155740879
 20
-17.001848463
 30
238.314654023
 11
307.155740889
 21
-24.667498234
 31
222.699441549
  0
ARC
  5
B81
330
A02
100
AcDbEntity
  8
f
100
AcDbCircle
 10
307.155740887
 20
-23.769830623
 30
222.258768358
 40
0.000000001
100
AcDbArc
 50
-89.999999931
 51
-90.000000000
  0
LINE
  5
B82
330
A02
100
AcDbEntity
  8
f
100
AcDbLine
 10
307.155740871
 20
-10.223490564
 30
246.318095160
 11
307.155740859
 21
-0.329844642
 31
226.164371955
  0
ARC
  5
B83
330
A02
100
AcDbEntity
  8
f
100
AcDbCircle
 10
307.155740858
 20
0.567822969
 30
226.605045146
 40
0.897667611
100
AcDbArc
 50
90.000000069
 51
-89.999999931
  0
LINE
  5
B84
330
A02
100
AcDbEntity
  8
f
100
AcDbLine
 10
307.155740857
 20
1.465490580
 30
227.045718336
 11
307.155740869
 21
-8.428155342
 31
247.199441540
  0
ARC
  5
B85
330
A02
100
AcDbEntity
  8
f
100
AcDbCircle
 10
307.155740870
 20
-9.325822953
 30
246.758768350
 40
0.897667611
100
AcDbArc
 50
90.000000069
 51
-89.999999931
  0
LINE
  5
B86
330
A02
100
AcDbEntity
  8
f
100
AcDbLine
 10
307.155740844
 20
12.425105281
 30
251.758768337
 11
307.155740872
 21
-11.289459314
 31
251.758768351
  0
ARC
  5
B87
330
A02
100
AcDbEntity
  8
f
100
AcDbCircle
 10
307.155740872
 20
-11.289459315
 30
250.758768351
 40
0.000000001
100
AcDbArc
 50
-90.000000000
 51
90.000000000
  0
LINE
  5
B88
330
A02
100
AcDbEntity
  8
f
100
AcDbLine
 10
307.155740872
 20
-11.289459315
 30
249.758768351
 11
307.155740844
 21
12.425105280
 31
249.758768337
  0
ARC
  5
B89
330
A02
100
AcDbEntity
  8
f
100
AcDbCircle
 10
307.155740844
 20
12.425105280
 30
250.758768337
 40
0.000000001
100
AcDbArc
 50
90.000000000
 51
-90.000000000
  0
LINE
  5
B8A
330
A02
100
AcDbEntity
  8
f
100
AcDbLine
 10
307.155741048
 20
-157.674894716
 30
257.758768434
 11
307.155741076
 21
-181.389459311
 31
257.758768447
  0
ARC
  5
B8B
330
A02
100
AcDbEntity
  8
f
100
AcDbCircle
 10
307.155741076
 20
-181.389459311
 30
256.758768447
 40
0.000000001
100
AcDbArc
 50
-90.000000000
 51
90.000000000
  0
LINE
  5
B8C
330
A02
100
AcDbEntity
  8
f
100
AcDbLine
 10
307.155741076
 20
-181.389459312
 30
255.758768447
 11
307.155741048
 21
-157.674894717
 31
255.758768434
  0
ARC
  5
B8D
330
A02
100
AcDbEntity
  8
f
100
AcDbCircle
 10
307.155741048
 20
-157.674894716
 30
256.758768434
 40
0.000000001
100
AcDbArc
 50
90.000000000
 51
-90.000000000
  0
LINE
  5
B8E
330
A02
100
AcDbEntity
  8
f
100
AcDbLine
 10
307.155741073
 20
-178.528155335
 30
260.318095255
 11
307.155741061
 21
-168.634509380
 31
280.471818467
  0
ARC
  5
B8F
330
A02
100
AcDbEntity
  8
f
100
AcDbCircle
 10
307.155741062
 20
-169.532177000
 30
280.912491639
 40
0.897667610
100
AcDbArc
 50
-89.999999931
 51
90.000000069
  0
LINE
  5
B90
330
A02
100
AcDbEntity
  8
f
100
AcDbLine
 10
307.155741063
 20
-170.429844610
 30
281.353164830
 11
307.155741075
 21
-180.323490556
 31
261.199441637
  0
ARC
  5
B91
330
A02
100
AcDbEntity
  8
f
100
AcDbCircle
 10
307.155741074
 20
-179.425822945
 30
260.758768446
 40
0.897667610
100
AcDbArc
 50
-89.999999931
 51
90.000000069
  0
LINE
  5
B92
330
A02
100
AcDbEntity
  8
f
100
AcDbLine
 10
307.155740990
 20
-109.706513339
 30
67.625861297
 11
307.155740974
 21
-95.621234853
 31
96.318095208
  0
ARC
  5
B93
330
A02
100
AcDbEntity
  8
f
100
AcDbCircle
 10
307.155740975
 20
-96.518902463
 30
96.758768399
 40
0.897667610
100
AcDbArc
 50
90.000000069
 51
-89.999999931
  0
LINE
  5
B94
330
A02
100
AcDbEntity
  8
f
100
AcDbLine
 10
307.155740976
 20
-97.416570074
 30
97.199441590
 11
307.155740993
 21
-111.501848559
 31
68.507207679
  0
ARC
  5
B95
330
A02
100
AcDbEntity
  8
f
100
AcDbCircle
 10
307.155740992
 20
-110.604180949
 30
68.066534488
 40
0.897667610
100
AcDbArc
 50
-89.999999931
 51
90.000000069
  0
LINE
  5
B96
330
A02
100
AcDbEntity
  8
f
100
AcDbLine
 10
307.155740982
 20
-102.938531172
 30
93.758768403
 11
307.155741001
 21
-118.269830696
 31
93.758768412
  0
ARC
  5
B97
330
A02
100
AcDbEntity
  8
f
100
AcDbCircle
 10
307.155741001
 20
-118.269830697
 30
92.758768412
 40
0.897667611
100
AcDbArc
 50
90.000000000
 51
-89.999999931
  0
LINE
  5
B98
330
A02
100
AcDbEntity
  8
f
100
AcDbLine
 10
307.155741002
 20
-119.167498308
 30
92.318095221
 11
307.155740993
 21
-111.501848555
 31
76.702882739
  0
ARC
  5
B99
330
A02
100
AcDbEntity
  8
f
100
AcDbCircle
 10
307.155740992
 20
-110.604180944
 30
77.143555929
 40
0.897667610
100
AcDbArc
 50
-89.999999931
 51
90.000000069
  0
LINE
  5
B9A
330
A02
100
AcDbEntity
  8
f
100
AcDbLine
 10
307.155740990
 20
-109.706513333
 30
76.702882738
 11
307.155740981
 21
-102.040863563
 31
92.318095212
  0
ARC
  5
B9B
330
A02
100
AcDbEntity
  8
f
100
AcDbCircle
 10
307.155740982
 20
-102.938531173
 30
92.758768403
 40
0.000000001
100
AcDbArc
 50
90.000000000
 51
90.000000069
  0
LINE
  5
B9C
330
A02
100
AcDbEntity
  8
f
100
AcDbLine
 10
307.155740996
 20
-114.521234827
 30
141.699441600
 11
307.155741013
 21
-128.606513271
 31
170.391675508
  0
ARC
  5
B9D
330
A02
100
AcDbEntity
  8
f
100
AcDbCircle
 10
307.155741014
 20
-129.504180891
 30
169.951002337
 40
0.897667611
100
AcDbArc
 50
-89.999999931
 51
90.000000069
  0
LINE
  5
B9E
330
A02
100
AcDbEntity
  8
f
100
AcDbLine
 10
307.155741015
 20
-130.401848502
 30
169.510329147
 11
307.155740998
 21
-116.316570049
 31
140.818095220
  0
ARC
  5
B9F
330
A02
100
AcDbEntity
  8
f
100
AcDbCircle
 10
307.155740997
 20
-115.418902438
 30
141.258768410
 40
0.897667611
100
AcDbArc
 50
90.000000069
 51
-89.999999931
  0
LINE
  5
BA0
330
A02
100
AcDbEntity
  8
f
100
AcDbLine
 10
307.155741023
 20
-137.169830668
 30
144.258768422
 11
307.155741005
 21
-121.838531144
 31
144.258768414
  0
ARC
  5
BA1
330
A02
100
AcDbEntity
  8
f
100
AcDbCircle
 10
307.155741005
 20
-121.838531143
 30
145.258768414
 40
0.897667611
100
AcDbArc
 50
90.000000069
 51
-90.000000000
  0
LINE
  5
BA2
330
A02
100
AcDbEntity
  8
f
100
AcDbLine
 10
307.155741004
 20
-120.940863532
 30
145.699441604
 11
307.155741013
 21
-128.606513285
 31
161.314654086
  0
ARC
  5
BA3
330
A02
100
AcDbEntity
  8
f
100
AcDbCircle
 10
307.155741014
 20
-129.504180896
 30
160.873980896
 40
0.897667610
100
AcDbArc
 50
-89.999999931
 51
90.000000069
  0
LINE
  5
BA4
330
A02
100
AcDbEntity
  8
f
100
AcDbLine
 10
307.155741015
 20
-130.401848507
 30
161.314654087
 11
307.155741024
 21
-138.067498277
 31
145.699441613
  0
ARC
  5
BA5
330
A02
100
AcDbEntity
  8
f
100
AcDbCircle
 10
307.155741023
 20
-137.169830667
 30
145.258768422
 40
0.000000001
100
AcDbArc
 50
-90.000000000
 51
-89.999999931
  0
LINE
  5
BA6
330
A02
100
AcDbEntity
  8
f
100
AcDbLine
 10
307.155741076
 20
-181.389459377
 30
140.258768447
 11
307.155741048
 21
-157.674894782
 31
140.258768434
  0
ARC
  5
BA7
330
A02
100
AcDbEntity
  8
f
100
AcDbCircle
 10
307.155741048
 20
-157.674894782
 30
141.258768434
 40
0.000000001
100
AcDbArc
 50
90.000000000
 51
-90.000000000
  0
LINE
  5
BA8
330
A02
100
AcDbEntity
  8
f
100
AcDbLine
 10
307.155741048
 20
-157.674894781
 30
142.258768434
 11
307.155741076
 21
-181.389459376
 31
142.258768447
  0
ARC
  5
BA9
330
A02
100
AcDbEntity
  8
f
100
AcDbCircle
 10
307.155741076
 20
-181.389459377
 30
141.258768447
 40
0.000000001
100
AcDbArc
 50
-90.000000000
 51
90.000000000
  0
LINE
  5
BAA
330
A02
100
AcDbEntity
  8
f
100
AcDbLine
 10
307.155741042
 20
-152.321234827
 30
141.699441622
 11
307.155741058
 21
-166.406513271
 31
170.391675530
  0
ARC
  5
BAB
330
A02
100
AcDbEntity
  8
f
100
AcDbCircle
 10
307.155741059
 20
-167.304180891
 30
169.951002358
 40
0.897667611
100
AcDbArc
 50
-89.999999931
 51
90.000000069
  0
LINE
  5
BAC
330
A02
100
AcDbEntity
  8
f
100
AcDbLine
 10
307.155741061
 20
-168.201848502
 30
169.510329168
 11
307.155741044
 21
-154.116570049
 31
140.818095241
  0
ARC
  5
BAD
330
A02
100
AcDbEntity
  8
f
100
AcDbCircle
 10
307.155741043
 20
-153.218902438
 30
141.258768431
 40
0.897667611
100
AcDbArc
 50
90.000000069
 51
-89.999999931
  0
LINE
  5
BAE
330
A02
100
AcDbEntity
  8
f
100
AcDbLine
 10
307.155740770
 20
74.478765195
 30
180.199441493
 11
307.155740787
 21
60.393486751
 31
208.891675401
  0
ARC
  5
BAF
330
A02
100
AcDbEntity
  8
f
100
AcDbCircle
 10
307.155740788
 20
59.495819131
 30
208.451002230
 40
0.897667611
100
AcDbArc
 50
-89.999999931
 51
90.000000069
  0
LINE
  5
BB0
330
A02
100
AcDbEntity
  8
f
100
AcDbLine
 10
307.155740789
 20
58.598151520
 30
208.010329040
 11
307.155740772
 21
72.683429973
 31
179.318095113
  0
ARC
  5
BB1
330
A02
100
AcDbEntity
  8
f
100
AcDbCircle
 10
307.155740771
 20
73.581097584
 30
179.758768303
 40
0.897667611
100
AcDbArc
 50
90.000000069
 51
-89.999999931
  0
LINE
  5
BB2
330
A02
100
AcDbEntity
  8
f
100
AcDbLine
 10
307.155740797
 20
51.830169354
 30
182.758768315
 11
307.155740778
 21
67.161468878
 31
182.758768306
  0
ARC
  5
BB3
330
A02
100
AcDbEntity
  8
f
100
AcDbCircle
 10
307.155740778
 20
67.161468879
 30
183.758768306
 40
0.897667611
100
AcDbArc
 50
-90.000000000
 51
90.000000069
  0
LINE
  5
BB4
330
A02
100
AcDbEntity
  8
f
100
AcDbLine
 10
307.155740777
 20
68.059136489
 30
184.199441496
 11
307.155740787
 21
60.393486736
 31
199.814653979
  0
ARC
  5
BB5
330
A02
100
AcDbEntity
  8
f
100
AcDbCircle
 10
307.155740788
 20
59.495819126
 30
199.373980789
 40
0.897667610
100
AcDbArc
 50
-89.999999931
 51
90.000000069
  0
LINE
  5
BB6
330
A02
100
AcDbEntity
  8
f
100
AcDbLine
 10
307.155740789
 20
58.598151515
 30
199.814653980
 11
307.155740798
 21
50.932501745
 31
184.199441506
  0
ARC
  5
BB7
330
A02
100
AcDbEntity
  8
f
100
AcDbCircle
 10
307.155740797
 20
51.830169355
 30
183.758768315
 40
0.000000001
100
AcDbArc
 50
-90.000000000
 51
-89.999999931
  0
LINE
  5
BB8
330
A02
100
AcDbEntity
  8
f
100
AcDbLine
 10
307.155740735
 20
103.176509414
 30
207.818095095
 11
307.155740723
 21
113.070155336
 31
187.664371891
  0
ARC
  5
BB9
330
A02
100
AcDbEntity
  8
f
100
AcDbCircle
 10
307.155740722
 20
113.967822947
 30
188.105045081
 40
0.897667611
100
AcDbArc
 50
-89.999999931
 51
90.000000069
  0
LINE
  5
BBA
330
A02
100
AcDbEntity
  8
f
100
AcDbLine
 10
307.155740721
 20
114.865490558
 30
188.545718271
 11
307.155740733
 21
104.971844636
 31
208.699441475
  0
ARC
  5
BBB
330
A02
100
AcDbEntity
  8
f
100
AcDbCircle
 10
307.155740734
 20
104.074177025
 30
208.258768285
 40
0.897667611
100
AcDbArc
 50
-89.999999931
 51
90.000000069
  0
LINE
  5
BBC
330
A02
100
AcDbEntity
  8
f
100
AcDbLine
 10
307.155740844
 20
12.425105259
 30
213.258768337
 11
307.155740872
 21
-11.289459336
 31
213.258768351
  0
ARC
  5
BBD
330
A02
100
AcDbEntity
  8
f
100
AcDbCircle
 10
307.155740872
 20
-11.289459336
 30
212.258768351
 40
0.000000001
100
AcDbArc
 50
-90.000000000
 51
90.000000000
  0
LINE
  5
BBE
330
A02
100
AcDbEntity
  8
f
100
AcDbLine
 10
307.155740872
 20
-11.289459337
 30
211.258768351
 11
307.155740844
 21
12.425105258
 31
211.258768337
  0
ARC
  5
BBF
330
A02
100
AcDbEntity
  8
f
100
AcDbCircle
 10
307.155740844
 20
12.425105258
 30
212.258768337
 40
0.000000001
100
AcDbArc
 50
90.000000000
 51
-90.000000000
  0
LINE
  5
BC0
330
A02
100
AcDbEntity
  8
f
100
AcDbLine
 10
307.155740857
 20
1.465490558
 30
188.545718336
 11
307.155740869
 21
-8.428155364
 31
208.699441540
  0
ARC
  5
BC1
330
A02
100
AcDbEntity
  8
f
100
AcDbCircle
 10
307.155740870
 20
-9.325822975
 30
208.258768350
 40
0.897667611
100
AcDbArc
 50
90.000000069
 51
-89.999999931
  0
LINE
  5
BC2
330
A02
100
AcDbEntity
  8
f
100
AcDbLine
 10
307.155740871
 20
-10.223490586
 30
207.818095160
 11
307.155740859
 21
-0.329844673
 31
187.664371974
  0
ARC
  5
BC3
330
A02
100
AcDbEntity
  8
f
100
AcDbCircle
 10
307.155740858
 20
0.567822947
 30
188.105045146
 40
0.897667611
100
AcDbArc
 50
-89.999999931
 51
90.000000069
  0
LINE
  5
BC4
330
A02
100
AcDbEntity
  8
f
100
AcDbLine
 10
307.155740743
 20
96.398151411
 30
15.510329018
 11
307.155740727
 21
110.483429864
 31
-13.181904909
  0
ARC
  5
BC5
330
A02
100
AcDbEntity
  8
f
100
AcDbCircle
 10
307.155740725
 20
111.381097475
 30
-12.741231719
 40
0.897667611
100
AcDbArc
 50
90.000000069
 51
-89.999999931
  0
LINE
  5
BC6
330
A02
100
AcDbEntity
  8
f
100
AcDbLine
 10
307.155740724
 20
112.278765085
 30
-12.300558529
 11
307.155740741
 21
98.193486632
 31
16.391675398
  0
ARC
  5
BC7
330
A02
100
AcDbEntity
  8
f
100
AcDbCircle
 10
307.155740742
 20
97.295819021
 30
15.951002208
 40
0.897667611
100
AcDbArc
 50
-89.999999931
 51
90.000000069
  0
LINE
  5
BC8
330
A02
100
AcDbEntity
  8
f
100
AcDbLine
 10
307.155740752
 20
89.630169245
 30
-9.741231706
 11
307.155740733
 21
104.961468769
 31
-9.741231715
  0
ARC
  5
BC9
330
A02
100
AcDbEntity
  8
f
100
AcDbCircle
 10
307.155740733
 20
104.961468769
 30
-8.741231715
 40
0.897667611
100
AcDbArc
 50
90.000000069
 51
-90.000000000
  0
LINE
  5
BCA
330
A02
100
AcDbEntity
  8
f
100
AcDbLine
 10
307.155740732
 20
105.859136380
 30
-8.300558525
 11
307.155740741
 21
98.193486627
 31
7.314653957
  0
ARC
  5
BCB
330
A02
100
AcDbEntity
  8
f
100
AcDbCircle
 10
307.155740742
 20
97.295819016
 30
6.873980767
 40
0.897667610
100
AcDbArc
 50
90.000000069
 51
-89.999999931
  0
LINE
  5
BCC
330
A02
100
AcDbEntity
  8
f
100
AcDbLine
 10
307.155740743
 20
96.398151406
 30
7.314653958
 11
307.155740753
 21
88.732501635
 31
-8.300558515
  0
ARC
  5
BCD
330
A02
100
AcDbEntity
  8
f
100
AcDbCircle
 10
307.155740752
 20
89.630169246
 30
-8.741231706
 40
0.000000001
100
AcDbArc
 50
-90.000000000
 51
-89.999999931
  0
LINE
  5
BCE
330
A02
100
AcDbEntity
  8
f
100
AcDbLine
 10
307.155740837
 20
18.570155346
 30
204.353164723
 11
307.155740849
 21
8.676509410
 31
184.199441549
  0
ARC
  5
BCF
330
A02
100
AcDbEntity
  8
f
100
AcDbCircle
 10
307.155740847
 20
9.574177011
 30
183.758768339
 40
0.897667610
100
AcDbArc
 50
-89.999999931
 51
90.000000069
  0
LINE
  5
BD0
330
A02
100
AcDbEntity
  8
f
100
AcDbLine
 10
307.155740846
 20
10.471844621
 30
183.318095148
 11
307.155740835
 21
20.365490567
 31
203.471818341
  0
ARC
  5
BD1
330
A02
100
AcDbEntity
  8
f
100
AcDbCircle
 10
307.155740836
 20
19.467822956
 30
203.912491532
 40
0.897667610
100
AcDbArc
 50
90.000000069
 51
-89.999999931
  0
LINE
  5
BD2
330
A02
100
AcDbEntity
  8
f
100
AcDbLine
 10
307.155740930
 20
-59.616569921
 30
366.699441569
 11
307.155740947
 21
-73.701848416
 31
338.007207639
  0
ARC
  5
BD3
330
A02
100
AcDbEntity
  8
f
100
AcDbCircle
 10
307.155740946
 20
-72.804180796
 30
337.566534467
 40
0.897667610
100
AcDbArc
 50
-89.999999931
 51
90.000000069
  0
LINE
  5
BD4
330
A02
100
AcDbEntity
  8
f
100
AcDbLine
 10
307.155740945
 20
-71.906513186
 30
337.125861276
 11
307.155740928
 21
-57.821234700
 31
365.818095187
  0
ARC
  5
BD5
330
A02
100
AcDbEntity
  8
f
100
AcDbCircle
 10
307.155740929
 20
-58.718902310
 30
366.258768378
 40
0.897667610
100
AcDbArc
 50
90.000000069
 51
-89.999999931
  0
LINE
  5
BD6
330
A02
100
AcDbEntity
  8
f
100
AcDbLine
 10
307.155740937
 20
-65.138531019
 30
363.258768381
 11
307.155740955
 21
-80.469830543
 31
363.258768390
  0
ARC
  5
BD7
330
A02
100
AcDbEntity
  8
f
100
AcDbCircle
 10
307.155740955
 20
-80.469830544
 30
362.258768390
 40
0.897667611
100
AcDbArc
 50
90.000000000
 51
-89.999999931
  0
LINE
  5
BD8
330
A02
100
AcDbEntity
  8
f
100
AcDbLine
 10
307.155740956
 20
-81.367498155
 30
361.818095200
 11
307.155740947
 21
-73.701848402
 31
346.202882718
  0
ARC
  5
BD9
330
A02
100
AcDbEntity
  8
f
100
AcDbCircle
 10
307.155740946
 20
-72.804180791
 30
346.643555908
 40
0.897667610
100
AcDbArc
 50
90.000000069
 51
-89.999999931
  0
LINE
  5
BDA
330
A02
100
AcDbEntity
  8
f
100
AcDbLine
 10
307.155740945
 20
-71.906513180
 30
346.202882717
 11
307.155740936
 21
-64.240863410
 31
361.818095190
  0
ARC
  5
BDB
330
A02
100
AcDbEntity
  8
f
100
AcDbCircle
 10
307.155740937
 20
-65.138531020
 30
362.258768381
 40
0.000000001
100
AcDbArc
 50
90.000000000
 51
90.000000069
  0
LINE
  5
BDC
330
A02
100
AcDbEntity
  8
f
100
AcDbLine
 10
307.155740781
 20
65.376509414
 30
207.818095117
 11
307.155740769
 21
75.270155336
 31
187.664371913
  0
ARC
  5
BDD
330
A02
100
AcDbEntity
  8
f
100
AcDbCircle
 10
307.155740768
 20
76.167822947
 30
188.105045103
 40
0.897667611
100
AcDbArc
 50
-89.999999931
 51
90.000000069
  0
LINE
  5
BDE
330
A02
100
AcDbEntity
  8
f
100
AcDbLine
 10
307.155740767
 20
77.065490558
 30
188.545718293
 11
307.155740778
 21
67.171844636
 31
208.699441497
  0
ARC
  5
BDF
330
A02
100
AcDbEntity
  8
f
100
AcDbCircle
 10
307.155740780
 20
66.274177025
 30
208.258768307
 40
0.897667611
100
AcDbArc
 50
90.000000069
 51
-89.999999931
  0
LINE
  5
BE0
330
A02
100
AcDbEntity
  8
f
100
AcDbLine
 10
307.155740753
 20
88.025105259
 30
213.258768294
 11
307.155740782
 21
64.310540664
 31
213.258768308
  0
ARC
  5
BE1
330
A02
100
AcDbEntity
  8
f
100
AcDbCircle
 10
307.155740782
 20
64.310540664
 30
212.258768308
 40
0.000000001
100
AcDbArc
 50
-90.000000000
 51
90.000000000
  0
LINE
  5
BE2
330
A02
100
AcDbEntity
  8
f
100
AcDbLine
 10
307.155740782
 20
64.310540663
 30
211.258768308
 11
307.155740753
 21
88.025105258
 31
211.258768294
  0
ARC
  5
BE3
330
A02
100
AcDbEntity
  8
f
100
AcDbCircle
 10
307.155740753
 20
88.025105258
 30
212.258768294
 40
0.000000001
100
AcDbArc
 50
90.000000000
 51
-90.000000000
  0
LINE
  5
BE4
330
A02
100
AcDbEntity
  8
f
100
AcDbLine
 10
307.155740801
 20
48.261468893
 30
209.258768317
 11
307.155740819
 21
32.930169369
 31
209.258768326
  0
ARC
  5
BE5
330
A02
100
AcDbEntity
  8
f
100
AcDbCircle
 10
307.155740819
 20
32.930169369
 30
208.258768326
 40
0.897667611
100
AcDbArc
 50
90.000000000
 51
-89.999999931
  0
LINE
  5
BE6
330
A02
100
AcDbEntity
  8
f
100
AcDbLine
 10
307.155740821
 20
32.032501758
 30
207.818095136
 11
307.155740811
 21
39.698151511
 31
192.202882653
  0
ARC
  5
BE7
330
A02
100
AcDbEntity
  8
f
100
AcDbCircle
 10
307.155740810
 20
40.595819122
 30
192.643555844
 40
0.897667610
100
AcDbArc
 50
90.000000069
 51
-89.999999931
  0
LINE
  5
BE8
330
A02
100
AcDbEntity
  8
f
100
AcDbLine
 10
307.155740809
 20
41.493486732
 30
192.202882652
 11
307.155740800
 21
49.159136503
 31
207.818095126
  0
ARC
  5
BE9
330
A02
100
AcDbEntity
  8
f
100
AcDbCircle
 10
307.155740801
 20
48.261468893
 30
208.258768317
 40
0.000000001
100
AcDbArc
 50
90.000000069
 51
90.000000000
  0
LINE
  5
BEA
330
A02
100
AcDbEntity
  8
f
100
AcDbLine
 10
307.155740795
 20
53.783429992
 30
212.699441505
 11
307.155740811
 21
39.698151506
 31
184.007207593
  0
ARC
  5
BEB
330
A02
100
AcDbEntity
  8
f
100
AcDbCircle
 10
307.155740810
 20
40.595819117
 30
183.566534402
 40
0.897667610
100
AcDbArc
 50
90.000000069
 51
-89.999999931
  0
LINE
  5
BEC
330
A02
100
AcDbEntity
  8
f
100
AcDbLine
 10
307.155740809
 20
41.493486727
 30
183.125861211
 11
307.155740792
 21
55.578765213
 31
211.818095122
  0
ARC
  5
BED
330
A02
100
AcDbEntity
  8
f
100
AcDbCircle
 10
307.155740793
 20
54.681097602
 30
212.258768313
 40
0.897667610
100
AcDbArc
 50
90.000000069
 51
-89.999999931
  0
LINE
  5
BEE
330
A02
100
AcDbEntity
  8
f
100
AcDbLine
 10
307.155740764
 20
79.293486640
 30
29.125861190
 11
307.155740747
 21
93.378765125
 31
57.818095101
  0
ARC
  5
BEF
330
A02
100
AcDbEntity
  8
f
100
AcDbCircle
 10
307.155740748
 20
92.481097515
 30
58.258768292
 40
0.897667610
100
AcDbArc
 50
-89.999999931
 51
90.000000069
  0
LINE
  5
BF0
330
A02
100
AcDbEntity
  8
f
100
AcDbLine
 10
307.155740749
 20
91.583429905
 30
58.699441483
 11
307.155740766
 21
77.498151419
 31
30.007207572
  0
ARC
  5
BF1
330
A02
100
AcDbEntity
  8
f
100
AcDbCircle
 10
307.155740765
 20
78.395819029
 30
29.566534381
 40
0.897667610
100
AcDbArc
 50
90.000000069
 51
-89.999999931
  0
LINE
  5
BF2
330
A02
100
AcDbEntity
  8
f
100
AcDbLine
 10
307.155740756
 20
86.061468806
 30
55.258768296
 11
307.155740774
 21
70.730169282
 31
55.258768304
  0
ARC
  5
BF3
330
A02
100
AcDbEntity
  8
f
100
AcDbCircle
 10
307.155740774
 20
70.730169281
 30
54.258768304
 40
0.897667611
100
AcDbArc
 50
90.000000000
 51
-89.999999931
  0
LINE
  5
BF4
330
A02
100
AcDbEntity
  8
f
100
AcDbLine
 10
307.155740775
 20
69.832501671
 30
53.818095114
 11
307.155740766
 21
77.498151424
 31
38.202882632
  0
ARC
  5
BF5
330
A02
100
AcDbEntity
  8
f
100
AcDbCircle
 10
307.155740765
 20
78.395819034
 30
38.643555822
 40
0.897667610
100
AcDbArc
 50
90.000000069
 51
-89.999999931
  0
LINE
  5
BF6
330
A02
100
AcDbEntity
  8
f
100
AcDbLine
 10
307.155740764
 20
79.293486645
 30
38.202882631
 11
307.155740755
 21
86.959136415
 31
53.818095104
  0
ARC
  5
BF7
330
A02
100
AcDbEntity
  8
f
100
AcDbCircle
 10
307.155740756
 20
86.061468805
 30
54.258768296
 40
0.000000001
100
AcDbArc
 50
90.000000000
 51
90.000000069
  0
LINE
  5
BF8
330
A02
100
AcDbEntity
  8
f
100
AcDbLine
 10
307.155741038
 20
-149.734509464
 30
150.045718422
 11
307.155741050
 21
-159.628155386
 31
170.199441626
  0
ARC
  5
BF9
330
A02
100
AcDbEntity
  8
f
100
AcDbCircle
 10
307.155741051
 20
-160.525822997
 30
169.758768436
 40
0.897667611
100
AcDbArc
 50
-89.999999931
 51
90.000000069
  0
LINE
  5
BFA
330
A02
100
AcDbEntity
  8
f
100
AcDbLine
 10
307.155741052
 20
-161.423490608
 30
169.318095245
 11
307.155741041
 21
-151.529844685
 31
149.164372041
  0
ARC
  5
BFB
330
A02
100
AcDbEntity
  8
f
100
AcDbCircle
 10
307.155741039
 20
-150.632177075
 30
149.605045231
 40
0.897667611
100
AcDbArc
 50
90.000000069
 51
-89.999999931
  0
LINE
  5
BFC
330
A02
100
AcDbEntity
  8
f
100
AcDbLine
 10
307.155741025
 20
-138.774894763
 30
174.758768423
 11
307.155741054
 21
-162.489459358
 31
174.758768437
  0
ARC
  5
BFD
330
A02
100
AcDbEntity
  8
f
100
AcDbCircle
 10
307.155741054
 20
-162.489459358
 30
173.758768437
 40
0.000000001
100
AcDbArc
 50
-90.000000000
 51
90.000000000
  0
LINE
  5
BFE
330
A02
100
AcDbEntity
  8
f
100
AcDbLine
 10
307.155741054
 20
-162.489459359
 30
172.758768437
 11
307.155741025
 21
-138.774894764
 31
172.758768423
  0
ARC
  5
BFF
330
A02
100
AcDbEntity
  8
f
100
AcDbCircle
 10
307.155741025
 20
-138.774894763
 30
173.758768423
 40
0.000000001
100
AcDbArc
 50
90.000000000
 51
-90.000000000
  0
LINE
  5
C00
330
A02
100
AcDbEntity
  8
f
100
AcDbLine
 10
307.155740993
 20
-111.934509398
 30
265.545718400
 11
307.155741005
 21
-121.828155321
 31
285.699441604
  0
ARC
  5
C01
330
A02
100
AcDbEntity
  8
f
100
AcDbCircle
 10
307.155741006
 20
-122.725822931
 30
285.258768414
 40
0.897667611
100
AcDbArc
 50
-89.999999931
 51
90.000000069
  0
LINE
  5
C02
330
A02
100
AcDbEntity
  8
f
100
AcDbLine
 10
307.155741007
 20
-123.623490542
 30
284.818095224
 11
307.155740995
 21
-113.729844620
 31
264.664372020
  0
ARC
  5
C03
330
A02
100
AcDbEntity
  8
f
100
AcDbCircle
 10
307.155740994
 20
-112.832177009
 30
265.105045210
 40
0.897667611
100
AcDbArc
 50
90.000000069
 51
-89.999999931
  0
LINE
  5
C04
330
A02
100
AcDbEntity
  8
f
100
AcDbLine
 10
307.155740980
 20
-100.974894697
 30
290.258768402
 11
307.155741008
 21
-124.689459292
 31
290.258768415
  0
ARC
  5
C05
330
A02
100
AcDbEntity
  8
f
100
AcDbCircle
 10
307.155741008
 20
-124.689459293
 30
289.258768415
 40
0.000000001
100
AcDbArc
 50
-90.000000000
 51
90.000000000
  0
LINE
  5
C06
330
A02
100
AcDbEntity
  8
f
100
AcDbLine
 10
307.155741008
 20
-124.689459293
 30
288.258768415
 11
307.155740980
 21
-100.974894698
 31
288.258768402
  0
ARC
  5
C07
330
A02
100
AcDbEntity
  8
f
100
AcDbCircle
 10
307.155740980
 20
-100.974894698
 30
289.258768402
 40
0.000000001
100
AcDbArc
 50
90.000000000
 51
-90.000000000
  0
LINE
  5
C08
330
A02
100
AcDbEntity
  8
f
100
AcDbLine
 10
307.155740935
 20
-63.174894697
 30
290.258768380
 11
307.155740963
 21
-86.889459292
 31
290.258768394
  0
ARC
  5
C09
330
A02
100
AcDbEntity
  8
f
100
AcDbCircle
 10
307.155740963
 20
-86.889459293
 30
289.258768394
 40
0.000000001
100
AcDbArc
 50
-90.000000000
 51
90.000000000
  0
LINE
  5
C0A
330
A02
100
AcDbEntity
  8
f
100
AcDbLine
 10
307.155740963
 20
-86.889459293
 30
288.258768394
 11
307.155740935
 21
-63.174894698
 31
288.258768380
  0
ARC
  5
C0B
330
A02
100
AcDbEntity
  8
f
100
AcDbCircle
 10
307.155740935
 20
-63.174894698
 30
289.258768380
 40
0.000000001
100
AcDbArc
 50
90.000000000
 51
-90.000000000
  0
LINE
  5
C0C
330
A02
100
AcDbEntity
  8
f
100
AcDbLine
 10
307.155740948
 20
-74.134509398
 30
265.545718379
 11
307.155740960
 21
-84.028155321
 31
285.699441583
  0
ARC
  5
C0D
330
A02
100
AcDbEntity
  8
f
100
AcDbCircle
 10
307.155740961
 20
-84.925822931
 30
285.258768393
 40
0.897667611
100
AcDbArc
 50
-89.999999931
 51
90.000000069
  0
LINE
  5
C0E
330
A02
100
AcDbEntity
  8
f
100
AcDbLine
 10
307.155740962
 20
-85.823490542
 30
284.818095203
 11
307.155740950
 21
-75.929844629
 31
264.664372017
  0
ARC
  5
C0F
330
A02
100
AcDbEntity
  8
f
100
AcDbCircle
 10
307.155740949
 20
-75.032177009
 30
265.105045189
 40
0.897667611
100
AcDbArc
 50
90.000000069
 51
-89.999999931
  0
LINE
  5
C10
330
A02
100
AcDbEntity
  8
f
100
AcDbLine
 10
307.155740749
 20
91.583429926
 30
97.199441483
 11
307.155740766
 21
77.498151431
 31
68.507207553
  0
ARC
  5
C11
330
A02
100
AcDbEntity
  8
f
100
AcDbCircle
 10
307.155740765
 20
78.395819051
 30
68.066534381
 40
0.897667610
100
AcDbArc
 50
90.000000069
 51
-89.999999931
  0
LINE
  5
C12
330
A02
100
AcDbEntity
  8
f
100
AcDbLine
 10
307.155740764
 20
79.293486661
 30
67.625861190
 11
307.155740747
 21
93.378765147
 31
96.318095101
  0
ARC
  5
C13
330
A02
100
AcDbEntity
  8
f
100
AcDbCircle
 10
307.155740748
 20
92.481097537
 30
96.758768292
 40
0.897667610
100
AcDbArc
 50
-89.999999931
 51
90.000000069
  0
LINE
  5
C14
330
A02
100
AcDbEntity
  8
f
100
AcDbLine
 10
307.155740756
 20
86.061468828
 30
93.758768296
 11
307.155740774
 21
70.730169304
 31
93.758768304
  0
ARC
  5
C15
330
A02
100
AcDbEntity
  8
f
100
AcDbCircle
 10
307.155740774
 20
70.730169303
 30
92.758768304
 40
0.897667611
100
AcDbArc
 50
90.000000000
 51
-89.999999931
  0
LINE
  5
C16
330
A02
100
AcDbEntity
  8
f
100
AcDbLine
 10
307.155740775
 20
69.832501692
 30
92.318095114
 11
307.155740766
 21
77.498151445
 31
76.702882632
  0
ARC
  5
C17
330
A02
100
AcDbEntity
  8
f
100
AcDbCircle
 10
307.155740765
 20
78.395819056
 30
77.143555822
 40
0.897667610
100
AcDbArc
 50
90.000000069
 51
-89.999999931
  0
LINE
  5
C18
330
A02
100
AcDbEntity
  8
f
100
AcDbLine
 10
307.155740764
 20
79.293486667
 30
76.702882631
 11
307.155740755
 21
86.959136437
 31
92.318095104
  0
ARC
  5
C19
330
A02
100
AcDbEntity
  8
f
100
AcDbCircle
 10
307.155740756
 20
86.061468827
 30
92.758768296
 40
0.000000001
100
AcDbArc
 50
90.000000000
 51
90.000000069
  0
LINE
  5
C1A
330
A02
100
AcDbEntity
  8
f
100
AcDbLine
 10
307.155740805
 20
45.410540535
 30
-13.741231681
 11
307.155740776
 21
69.125105130
 31
-13.741231695
  0
ARC
  5
C1B
330
A02
100
AcDbEntity
  8
f
100
AcDbCircle
 10
307.155740776
 20
69.125105131
 30
-12.741231695
 40
0.000000001
100
AcDbArc
 50
90.000000000
 51
-90.000000000
  0
LINE
  5
C1C
330
A02
100
AcDbEntity
  8
f
100
AcDbLine
 10
307.155740776
 20
69.125105131
 30
-11.741231695
 11
307.155740805
 21
45.410540536
 31
-11.741231681
  0
ARC
  5
C1D
330
A02
100
AcDbEntity
  8
f
100
AcDbCircle
 10
307.155740805
 20
45.410540536
 30
-12.741231681
 40
0.000000001
100
AcDbArc
 50
-90.000000000
 51
90.000000000
  0
LINE
  5
C1E
330
A02
100
AcDbEntity
  8
f
100
AcDbLine
 10
307.155740791
 20
56.370155237
 30
11.853164702
 11
307.155740803
 21
46.476509291
 31
-8.300558491
  0
ARC
  5
C1F
330
A02
100
AcDbEntity
  8
f
100
AcDbCircle
 10
307.155740802
 20
47.374176902
 30
-8.741231682
 40
0.897667610
100
AcDbArc
 50
-89.999999931
 51
90.000000069
  0
LINE
  5
C20
330
A02
100
AcDbEntity
  8
f
100
AcDbLine
 10
307.155740801
 20
48.271844512
 30
-9.181904874
 11
307.155740789
 21
58.165490467
 31
10.971818338
  0
ARC
  5
C21
330
A02
100
AcDbEntity
  8
f
100
AcDbCircle
 10
307.155740790
 20
57.267822847
 30
11.412491510
 40
0.897667610
100
AcDbArc
 50
90.000000069
 51
-89.999999931
  0
LINE
  5
C22
330
A02
100
AcDbEntity
  8
f
100
AcDbLine
 10
307.155740770
 20
74.478765107
 30
26.199441493
 11
307.155740787
 21
60.393486663
 31
54.891675401
  0
ARC
  5
C23
330
A02
100
AcDbEntity
  8
f
100
AcDbCircle
 10
307.155740788
 20
59.495819043
 30
54.451002230
 40
0.897667611
100
AcDbArc
 50
-89.999999931
 51
90.000000069
  0
LINE
  5
C24
330
A02
100
AcDbEntity
  8
f
100
AcDbLine
 10
307.155740789
 20
58.598151433
 30
54.010329040
 11
307.155740772
 21
72.683429886
 31
25.318095113
  0
ARC
  5
C25
330
A02
100
AcDbEntity
  8
f
100
AcDbCircle
 10
307.155740771
 20
73.581097496
 30
25.758768303
 40
0.897667611
100
AcDbArc
 50
90.000000069
 51
-89.999999931
  0
LINE
  5
C26
330
A02
100
AcDbEntity
  8
f
100
AcDbLine
 10
307.155740797
 20
51.830169267
 30
28.758768315
 11
307.155740778
 21
67.161468791
 31
28.758768306
  0
ARC
  5
C27
330
A02
100
AcDbEntity
  8
f
100
AcDbCircle
 10
307.155740778
 20
67.161468791
 30
29.758768306
 40
0.897667611
100
AcDbArc
 50
-90.000000000
 51
90.000000069
  0
LINE
  5
C28
330
A02
100
AcDbEntity
  8
f
100
AcDbLine
 10
307.155740777
 20
68.059136402
 30
30.199441496
 11
307.155740787
 21
60.393486649
 31
45.814653979
  0
ARC
  5
C29
330
A02
100
AcDbEntity
  8
f
100
AcDbCircle
 10
307.155740788
 20
59.495819038
 30
45.373980789
 40
0.897667610
100
AcDbArc
 50
-89.999999931
 51
90.000000069
  0
LINE
  5
C2A
330
A02
100
AcDbEntity
  8
f
100
AcDbLine
 10
307.155740789
 20
58.598151428
 30
45.814653980
 11
307.155740798
 21
50.932501657
 31
30.199441506
  0
ARC
  5
C2B
330
A02
100
AcDbEntity
  8
f
100
AcDbCircle
 10
307.155740797
 20
51.830169267
 30
29.758768315
 40
0.000000001
100
AcDbArc
 50
-90.000000000
 51
-89.999999931
  0
LINE
  5
C2C
330
A02
100
AcDbEntity
  8
f
100
AcDbLine
 10
307.155740889
 20
-25.374894654
 30
367.258768359
 11
307.155740918
 21
-49.089459248
 31
367.258768372
  0
ARC
  5
C2D
330
A02
100
AcDbEntity
  8
f
100
AcDbCircle
 10
307.155740918
 20
-49.089459249
 30
366.258768372
 40
0.000000001
100
AcDbArc
 50
-90.000000000
 51
90.000000000
  0
LINE
  5
C2E
330
A02
100
AcDbEntity
  8
f
100
AcDbLine
 10
307.155740918
 20
-49.089459250
 30
365.258768372
 11
307.155740889
 21
-25.374894655
 31
365.258768359
  0
ARC
  5
C2F
330
A02
100
AcDbEntity
  8
f
100
AcDbCircle
 10
307.155740889
 20
-25.374894654
 30
366.258768359
 40
0.000000001
100
AcDbArc
 50
90.000000000
 51
-90.000000000
  0
LINE
  5
C30
330
A02
100
AcDbEntity
  8
f
100
AcDbLine
 10
307.155740903
 20
-36.334509354
 30
342.545718357
 11
307.155740914
 21
-46.228155277
 31
362.699441561
  0
ARC
  5
C31
330
A02
100
AcDbEntity
  8
f
100
AcDbCircle
 10
307.155740915
 20
-47.125822888
 30
362.258768371
 40
0.897667611
100
AcDbArc
 50
90.000000069
 51
-89.999999931
  0
LINE
  5
C32
330
A02
100
AcDbEntity
  8
f
100
AcDbLine
 10
307.155740917
 20
-48.023490498
 30
361.818095181
 11
307.155740905
 21
-38.129844576
 31
341.664371977
  0
ARC
  5
C33
330
A02
100
AcDbEntity
  8
f
100
AcDbCircle
 10
307.155740904
 20
-37.232176965
 30
342.105045167
 40
0.897667611
100
AcDbArc
 50
90.000000069
 51
-89.999999931
  0
LINE
  5
C34
330
A02
100
AcDbEntity
  8
f
100
AcDbLine
 10
307.155740731
 20
106.925105175
 30
65.258768284
 11
307.155740759
 21
83.210540580
 31
65.258768297
  0
ARC
  5
C35
330
A02
100
AcDbEntity
  8
f
100
AcDbCircle
 10
307.155740759
 20
83.210540580
 30
64.258768297
 40
0.000000001
100
AcDbArc
 50
-90.000000000
 51
90.000000000
  0
LINE
  5
C36
330
A02
100
AcDbEntity
  8
f
100
AcDbLine
 10
307.155740759
 20
83.210540579
 30
63.258768297
 11
307.155740731
 21
106.925105174
 31
63.258768284
  0
ARC
  5
C37
330
A02
100
AcDbEntity
  8
f
100
AcDbCircle
 10
307.155740731
 20
106.925105174
 30
64.258768284
 40
0.000000001
100
AcDbArc
 50
90.000000000
 51
-90.000000000
  0
LINE
  5
C38
330
A02
100
AcDbEntity
  8
f
100
AcDbLine
 10
307.155740724
 20
112.278765129
 30
64.699441471
 11
307.155740741
 21
98.193486676
 31
93.391675398
  0
ARC
  5
C39
330
A02
100
AcDbEntity
  8
f
100
AcDbCircle
 10
307.155740742
 20
97.295819065
 30
92.951002208
 40
0.897667611
100
AcDbArc
 50
-89.999999931
 51
90.000000069
  0
LINE
  5
C3A
330
A02
100
AcDbEntity
  8
f
100
AcDbLine
 10
307.155740743
 20
96.398151454
 30
92.510329018
 11
307.155740727
 21
110.483429907
 31
63.818095091
  0
ARC
  5
C3B
330
A02
100
AcDbEntity
  8
f
100
AcDbCircle
 10
307.155740725
 20
111.381097518
 30
64.258768281
 40
0.897667611
100
AcDbArc
 50
90.000000069
 51
-89.999999931
  0
LINE
  5
C3C
330
A02
100
AcDbEntity
  8
f
100
AcDbLine
 10
307.155741015
 20
-130.401848458
 30
246.510329147
 11
307.155740998
 21
-116.316570014
 31
217.818095239
  0
ARC
  5
C3D
330
A02
100
AcDbEntity
  8
f
100
AcDbCircle
 10
307.155740997
 20
-115.418902394
 30
218.258768410
 40
0.897667611
100
AcDbArc
 50
90.000000069
 51
-89.999999931
  0
LINE
  5
C3E
330
A02
100
AcDbEntity
  8
f
100
AcDbLine
 10
307.155740996
 20
-114.521234783
 30
218.699441600
 11
307.155741013
 21
-128.606513227
 31
247.391675508
  0
ARC
  5
C3F
330
A02
100
AcDbEntity
  8
f
100
AcDbCircle
 10
307.155741014
 20
-129.504180847
 30
246.951002337
 40
0.897667611
100
AcDbArc
 50
-89.999999931
 51
90.000000069
  0
LINE
  5
C40
330
A02
100
AcDbEntity
  8
f
100
AcDbLine
 10
307.155741023
 20
-137.169830624
 30
221.258768422
 11
307.155741005
 21
-121.838531100
 31
221.258768414
  0
ARC
  5
C41
330
A02
100
AcDbEntity
  8
f
100
AcDbCircle
 10
307.155741005
 20
-121.838531100
 30
222.258768414
 40
0.897667611
100
AcDbArc
 50
90.000000069
 51
-90.000000000
  0
LINE
  5
C42
330
A02
100
AcDbEntity
  8
f
100
AcDbLine
 10
307.155741004
 20
-120.940863489
 30
222.699441604
 11
307.155741013
 21
-128.606513242
 31
238.314654086
  0
ARC
  5
C43
330
A02
100
AcDbEntity
  8
f
100
AcDbCircle
 10
307.155741014
 20
-129.504180853
 30
237.873980896
 40
0.897667610
100
AcDbArc
 50
-89.999999931
 51
90.000000069
  0
LINE
  5
C44
330
A02
100
AcDbEntity
  8
f
100
AcDbLine
 10
307.155741015
 20
-130.401848463
 30
238.314654087
 11
307.155741024
 21
-138.067498234
 31
222.699441613
  0
ARC
  5
C45
330
A02
100
AcDbEntity
  8
f
100
AcDbCircle
 10
307.155741023
 20
-137.169830623
 30
222.258768422
 40
0.000000001
100
AcDbArc
 50
-90.000000000
 51
-89.999999931
  0
LINE
  5
C46
330
A02
100
AcDbEntity
  8
f
100
AcDbLine
 10
307.155740976
 20
-97.416570052
 30
135.699441590
 11
307.155740993
 21
-111.501848547
 31
107.007207660
  0
ARC
  5
C47
330
A02
100
AcDbEntity
  8
f
100
AcDbCircle
 10
307.155740992
 20
-110.604180927
 30
106.566534488
 40
0.897667610
100
AcDbArc
 50
-89.999999931
 51
90.000000069
  0
LINE
  5
C48
330
A02
100
AcDbEntity
  8
f
100
AcDbLine
 10
307.155740990
 20
-109.706513317
 30
106.125861297
 11
307.155740974
 21
-95.621234831
 31
134.818095208
  0
ARC
  5
C49
330
A02
100
AcDbEntity
  8
f
100
AcDbCircle
 10
307.155740975
 20
-96.518902441
 30
135.258768399
 40
0.897667610
100
AcDbArc
 50
90.000000069
 51
-89.999999931
  0
LINE
  5
C4A
330
A02
100
AcDbEntity
  8
f
100
AcDbLine
 10
307.155740982
 20
-102.938531151
 30
132.258768403
 11
307.155741001
 21
-118.269830674
 31
132.258768412
  0
ARC
  5
C4B
330
A02
100
AcDbEntity
  8
f
100
AcDbCircle
 10
307.155741001
 20
-118.269830675
 30
131.258768412
 40
0.897667611
100
AcDbArc
 50
90.000000000
 51
-89.999999931
  0
LINE
  5
C4C
330
A02
100
AcDbEntity
  8
f
100
AcDbLine
 10
307.155741002
 20
-119.167498286
 30
130.818095221
 11
307.155740993
 21
-111.501848533
 31
115.202882739
  0
ARC
  5
C4D
330
A02
100
AcDbEntity
  8
f
100
AcDbCircle
 10
307.155740992
 20
-110.604180922
 30
115.643555929
 40
0.897667610
100
AcDbArc
 50
-89.999999931
 51
90.000000069
  0
LINE
  5
C4E
330
A02
100
AcDbEntity
  8
f
100
AcDbLine
 10
307.155740990
 20
-109.706513312
 30
115.202882738
 11
307.155740981
 21
-102.040863541
 31
130.818095212
  0
ARC
  5
C4F
330
A02
100
AcDbEntity
  8
f
100
AcDbCircle
 10
307.155740982
 20
-102.938531151
 30
131.258768403
 40
0.000000001
100
AcDbArc
 50
90.000000000
 51
90.000000069
  0
LINE
  5
C50
330
A02
100
AcDbEntity
  8
f
100
AcDbLine
 10
307.155740940
 20
-67.989459312
 30
255.758768383
 11
307.155740912
 21
-44.274894717
 31
255.758768370
  0
ARC
  5
C51
330
A02
100
AcDbEntity
  8
f
100
AcDbCircle
 10
307.155740912
 20
-44.274894716
 30
256.758768370
 40
0.000000001
100
AcDbArc
 50
90.000000000
 51
-90.000000000
  0
LINE
  5
C52
330
A02
100
AcDbEntity
  8
f
100
AcDbLine
 10
307.155740912
 20
-44.274894716
 30
257.758768370
 11
307.155740940
 21
-67.989459311
 31
257.758768383
  0
ARC
  5
C53
330
A02
100
AcDbEntity
  8
f
100
AcDbCircle
 10
307.155740940
 20
-67.989459311
 30
256.758768383
 40
0.000000001
100
AcDbArc
 50
-90.000000000
 51
90.000000000
  0
LINE
  5
C54
330
A02
100
AcDbEntity
  8
f
100
AcDbLine
 10
307.155740927
 20
-57.029844610
 30
281.353164766
 11
307.155740939
 21
-66.923490546
 31
261.199441592
  0
ARC
  5
C55
330
A02
100
AcDbEntity
  8
f
100
AcDbCircle
 10
307.155740938
 20
-66.025822945
 30
260.758768382
 40
0.897667610
100
AcDbArc
 50
-89.999999931
 51
90.000000069
  0
LINE
  5
C56
330
A02
100
AcDbEntity
  8
f
100
AcDbLine
 10
307.155740937
 20
-65.128155335
 30
260.318095191
 11
307.155740925
 21
-55.234509390
 31
280.471818384
  0
ARC
  5
C57
330
A02
100
AcDbEntity
  8
f
100
AcDbCircle
 10
307.155740926
 20
-56.132177000
 30
280.912491575
 40
0.897667610
100
AcDbArc
 50
-89.999999931
 51
90.000000069
  0
LINE
  5
C58
330
A02
100
AcDbEntity
  8
f
100
AcDbLine
 10
307.155741036
 20
-147.506513339
 30
67.625861318
 11
307.155741019
 21
-133.421234853
 31
96.318095230
  0
ARC
  5
C59
330
A02
100
AcDbEntity
  8
f
100
AcDbCircle
 10
307.155741020
 20
-134.318902463
 30
96.758768421
 40
0.897667610
100
AcDbArc
 50
-89.999999931
 51
90.000000069
  0
LINE
  5
C5A
330
A02
100
AcDbEntity
  8
f
100
AcDbLine
 10
307.155741021
 20
-135.216570074
 30
97.199441612
 11
307.155741038
 21
-149.301848559
 31
68.507207701
  0
ARC
  5
C5B
330
A02
100
AcDbEntity
  8
f
100
AcDbCircle
 10
307.155741037
 20
-148.404180949
 30
68.066534510
 40
0.897667610
100
AcDbArc
 50
90.000000069
 51
-89.999999931
  0
LINE
  5
C5C
330
A02
100
AcDbEntity
  8
f
100
AcDbLine
 10
307.155741028
 20
-140.738531172
 30
93.758768424
 11
307.155741046
 21
-156.069830696
 31
93.758768433
  0
ARC
  5
C5D
330
A02
100
AcDbEntity
  8
f
100
AcDbCircle
 10
307.155741046
 20
-156.069830697
 30
92.758768433
 40
0.897667611
100
AcDbArc
 50
90.000000000
 51
-89.999999931
  0
LINE
  5
C5E
330
A02
100
AcDbEntity
  8
f
100
AcDbLine
 10
307.155741047
 20
-156.967498308
 30
92.318095243
 11
307.155741038
 21
-149.301848555
 31
76.702882761
  0
ARC
  5
C5F
330
A02
100
AcDbEntity
  8
f
100
AcDbCircle
 10
307.155741037
 20
-148.404180944
 30
77.143555951
 40
0.897667610
100
AcDbArc
 50
90.000000069
 51
-89.999999931
  0
LINE
  5
C60
330
A02
100
AcDbEntity
  8
f
100
AcDbLine
 10
307.155741036
 20
-147.506513333
 30
76.702882760
 11
307.155741027
 21
-139.840863563
 31
92.318095233
  0
ARC
  5
C61
330
A02
100
AcDbEntity
  8
f
100
AcDbCircle
 10
307.155741028
 20
-140.738531173
 30
92.758768424
 40
0.000000001
100
AcDbArc
 50
90.000000000
 51
90.000000069
  0
LINE
  5
C62
330
A02
100
AcDbEntity
  8
f
100
AcDbLine
 10
307.155741025
 20
-138.774894828
 30
59.258768423
 11
307.155741054
 21
-162.489459423
 31
59.258768437
  0
ARC
  5
C63
330
A02
100
AcDbEntity
  8
f
100
AcDbCircle
 10
307.155741054
 20
-162.489459424
 30
58.258768437
 40
0.000000001
100
AcDbArc
 50
-90.000000000
 51
90.000000000
  0
LINE
  5
C64
330
A02
100
AcDbEntity
  8
f
100
AcDbLine
 10
307.155741054
 20
-162.489459424
 30
57.258768437
 11
307.155741025
 21
-138.774894830
 31
57.258768423
  0
ARC
  5
C65
330
A02
100
AcDbEntity
  8
f
100
AcDbCircle
 10
307.155741025
 20
-138.774894829
 30
58.258768423
 40
0.000000001
100
AcDbArc
 50
90.000000000
 51
-90.000000000
  0
LINE
  5
C66
330
A02
100
AcDbEntity
  8
f
100
AcDbLine
 10
307.155741038
 20
-149.734509529
 30
34.545718422
 11
307.155741050
 21
-159.628155452
 31
54.699441626
  0
ARC
  5
C67
330
A02
100
AcDbEntity
  8
f
100
AcDbCircle
 10
307.155741051
 20
-160.525823063
 30
54.258768436
 40
0.897667611
100
AcDbArc
 50
-89.999999931
 51
90.000000069
  0
LINE
  5
C68
330
A02
100
AcDbEntity
  8
f
100
AcDbLine
 10
307.155741052
 20
-161.423490673
 30
53.818095245
 11
307.155741041
 21
-151.529844751
 31
33.664372041
  0
ARC
  5
C69
330
A02
100
AcDbEntity
  8
f
100
AcDbCircle
 10
307.155741039
 20
-150.632177140
 30
34.105045231
 40
0.897667611
100
AcDbArc
 50
90.000000069
 51
-89.999999931
  0
LINE
  5
C6A
330
A02
100
AcDbEntity
  8
f
100
AcDbLine
 10
307.155740970
 20
-92.601848502
 30
169.510329125
 11
307.155740953
 21
-78.516570049
 31
140.818095198
  0
ARC
  5
C6B
330
A02
100
AcDbEntity
  8
f
100
AcDbCircle
 10
307.155740952
 20
-77.618902438
 30
141.258768388
 40
0.897667611
100
AcDbArc
 50
-89.999999931
 51
90.000000069
  0
LINE
  5
C6C
330
A02
100
AcDbEntity
  8
f
100
AcDbLine
 10
307.155740951
 20
-76.721234827
 30
141.699441579
 11
307.155740968
 21
-90.806513280
 31
170.391675506
  0
ARC
  5
C6D
330
A02
100
AcDbEntity
  8
f
100
AcDbCircle
 10
307.155740969
 20
-91.704180891
 30
169.951002316
 40
0.897667611
100
AcDbArc
 50
90.000000069
 51
-89.999999931
  0
LINE
  5
C6E
330
A02
100
AcDbEntity
  8
f
100
AcDbLine
 10
307.155740978
 20
-99.369830668
 30
144.258768401
 11
307.155740960
 21
-84.038531144
 31
144.258768392
  0
ARC
  5
C6F
330
A02
100
AcDbEntity
  8
f
100
AcDbCircle
 10
307.155740960
 20
-84.038531143
 30
145.258768392
 40
0.897667611
100
AcDbArc
 50
-90.000000000
 51
90.000000069
  0
LINE
  5
C70
330
A02
100
AcDbEntity
  8
f
100
AcDbLine
 10
307.155740959
 20
-83.140863532
 30
145.699441582
 11
307.155740968
 21
-90.806513285
 31
161.314654065
  0
ARC
  5
C71
330
A02
100
AcDbEntity
  8
f
100
AcDbCircle
 10
307.155740969
 20
-91.704180896
 30
160.873980874
 40
0.897667610
100
AcDbArc
 50
-89.999999931
 51
90.000000069
  0
LINE
  5
C72
330
A02
100
AcDbEntity
  8
f
100
AcDbLine
 10
307.155740970
 20
-92.601848507
 30
161.314654066
 11
307.155740979
 21
-100.267498277
 31
145.699441592
  0
ARC
  5
C73
330
A02
100
AcDbEntity
  8
f
100
AcDbCircle
 10
307.155740978
 20
-99.369830667
 30
145.258768401
 40
0.000000001
100
AcDbArc
 50
-90.000000000
 51
-89.999999931
  0
LINE
  5
C74
330
A02
100
AcDbEntity
  8
f
100
AcDbLine
 10
307.155741052
 20
-161.423490520
 30
323.318095245
 11
307.155741041
 21
-151.529844598
 31
303.164372041
  0
ARC
  5
C75
330
A02
100
AcDbEntity
  8
f
100
AcDbCircle
 10
307.155741039
 20
-150.632176987
 30
303.605045231
 40
0.897667611
100
AcDbArc
 50
90.000000069
 51
-89.999999931
  0
LINE
  5
C76
330
A02
100
AcDbEntity
  8
f
100
AcDbLine
 10
307.155741038
 20
-149.734509376
 30
304.045718422
 11
307.155741050
 21
-159.628155299
 31
324.199441626
  0
ARC
  5
C77
330
A02
100
AcDbEntity
  8
f
100
AcDbCircle
 10
307.155741051
 20
-160.525822910
 30
323.758768436
 40
0.897667611
100
AcDbArc
 50
-89.999999931
 51
90.000000069
  0
LINE
  5
C78
330
A02
100
AcDbEntity
  8
f
100
AcDbLine
 10
307.155741025
 20
-138.774894675
 30
328.758768423
 11
307.155741054
 21
-162.489459270
 31
328.758768437
  0
ARC
  5
C79
330
A02
100
AcDbEntity
  8
f
100
AcDbCircle
 10
307.155741054
 20
-162.489459271
 30
327.758768437
 40
0.000000001
100
AcDbArc
 50
-90.000000000
 51
90.000000000
  0
LINE
  5
C7A
330
A02
100
AcDbEntity
  8
f
100
AcDbLine
 10
307.155741054
 20
-162.489459271
 30
326.758768437
 11
307.155741025
 21
-138.774894677
 31
326.758768423
  0
ARC
  5
C7B
330
A02
100
AcDbEntity
  8
f
100
AcDbCircle
 10
307.155741025
 20
-138.774894676
 30
327.758768423
 40
0.000000001
100
AcDbArc
 50
90.000000000
 51
-90.000000000
  0
LINE
  5
C7C
330
A02
100
AcDbEntity
  8
f
100
AcDbLine
 10
307.155740756
 20
86.071844534
 30
29.318095105
 11
307.155740744
 21
95.965490488
 31
49.471818317
  0
ARC
  5
C7D
330
A02
100
AcDbEntity
  8
f
100
AcDbCircle
 10
307.155740745
 20
95.067822869
 30
49.912491489
 40
0.897667610
100
AcDbArc
 50
90.000000069
 51
-89.999999931
  0
LINE
  5
C7E
330
A02
100
AcDbEntity
  8
f
100
AcDbLine
 10
307.155740746
 20
94.170155259
 30
50.353164680
 11
307.155740758
 21
84.276509313
 31
30.199441487
  0
ARC
  5
C7F
330
A02
100
AcDbEntity
  8
f
100
AcDbCircle
 10
307.155740757
 20
85.174176924
 30
29.758768296
 40
0.897667610
100
AcDbArc
 50
-89.999999931
 51
90.000000069
  0
LINE
  5
C80
330
A02
100
AcDbEntity
  8
f
100
AcDbLine
 10
307.155740752
 20
89.630169267
 30
28.758768294
 11
307.155740733
 21
104.961468791
 31
28.758768285
  0
ARC
  5
C81
330
A02
100
AcDbEntity
  8
f
100
AcDbCircle
 10
307.155740733
 20
104.961468791
 30
29.758768285
 40
0.897667611
100
AcDbArc
 50
90.000000069
 51
-90.000000000
  0
LINE
  5
C82
330
A02
100
AcDbEntity
  8
f
100
AcDbLine
 10
307.155740732
 20
105.859136402
 30
30.199441475
 11
307.155740741
 21
98.193486649
 31
45.814653957
  0
ARC
  5
C83
330
A02
100
AcDbEntity
  8
f
100
AcDbCircle
 10
307.155740742
 20
97.295819038
 30
45.373980767
 40
0.897667610
100
AcDbArc
 50
90.000000069
 51
-89.999999931
  0
LINE
  5
C84
330
A02
100
AcDbEntity
  8
f
100
AcDbLine
 10
307.155740743
 20
96.398151428
 30
45.814653958
 11
307.155740753
 21
88.732501657
 31
30.199441485
  0
ARC
  5
C85
330
A02
100
AcDbEntity
  8
f
100
AcDbCircle
 10
307.155740752
 20
89.630169267
 30
29.758768294
 40
0.000000001
100
AcDbArc
 50
-90.000000000
 51
-89.999999931
  0
LINE
  5
C86
330
A02
100
AcDbEntity
  8
f
100
AcDbLine
 10
307.155740930
 20
-59.616570030
 30
174.199441569
 11
307.155740947
 21
-73.701848516
 31
145.507207658
  0
ARC
  5
C87
330
A02
100
AcDbEntity
  8
f
100
AcDbCircle
 10
307.155740946
 20
-72.804180905
 30
145.066534467
 40
0.897667610
100
AcDbArc
 50
-89.999999931
 51
90.000000069
  0
LINE
  5
C88
330
A02
100
AcDbEntity
  8
f
100
AcDbLine
 10
307.155740945
 20
-71.906513295
 30
144.625861276
 11
307.155740928
 21
-57.821234809
 31
173.318095187
  0
ARC
  5
C89
330
A02
100
AcDbEntity
  8
f
100
AcDbCircle
 10
307.155740929
 20
-58.718902420
 30
173.758768378
 40
0.897667610
100
AcDbArc
 50
90.000000069
 51
-89.999999931
  0
LINE
  5
C8A
330
A02
100
AcDbEntity
  8
f
100
AcDbLine
 10
307.155740937
 20
-65.138531129
 30
170.758768381
 11
307.155740955
 21
-80.469830653
 31
170.758768390
  0
ARC
  5
C8B
330
A02
100
AcDbEntity
  8
f
100
AcDbCircle
 10
307.155740955
 20
-80.469830653
 30
169.758768390
 40
0.897667611
100
AcDbArc
 50
90.000000000
 51
-89.999999931
  0
LINE
  5
C8C
330
A02
100
AcDbEntity
  8
f
100
AcDbLine
 10
307.155740956
 20
-81.367498264
 30
169.318095200
 11
307.155740947
 21
-73.701848511
 31
153.702882718
  0
ARC
  5
C8D
330
A02
100
AcDbEntity
  8
f
100
AcDbCircle
 10
307.155740946
 20
-72.804180900
 30
154.143555908
 40
0.897667610
100
AcDbArc
 50
90.000000069
 51
-89.999999931
  0
LINE
  5
C8E
330
A02
100
AcDbEntity
  8
f
100
AcDbLine
 10
307.155740945
 20
-71.906513290
 30
153.702882717
 11
307.155740936
 21
-64.240863519
 31
169.318095190
  0
ARC
  5
C8F
330
A02
100
AcDbEntity
  8
f
100
AcDbCircle
 10
307.155740937
 20
-65.138531129
 30
169.758768381
 40
0.000000001
100
AcDbArc
 50
90.000000000
 51
90.000000069
  0
LINE
  5
C90
330
A02
100
AcDbEntity
  8
f
100
AcDbLine
 10
307.155741003
 20
-119.874894803
 30
103.758768412
 11
307.155741031
 21
-143.589459398
 31
103.758768426
  0
ARC
  5
C91
330
A02
100
AcDbEntity
  8
f
100
AcDbCircle
 10
307.155741031
 20
-143.589459399
 30
102.758768426
 40
0.000000001
100
AcDbArc
 50
-90.000000000
 51
90.000000000
  0
LINE
  5
C92
330
A02
100
AcDbEntity
  8
f
100
AcDbLine
 10
307.155741031
 20
-143.589459399
 30
101.758768426
 11
307.155741003
 21
-119.874894804
 31
101.758768412
  0
ARC
  5
C93
330
A02
100
AcDbEntity
  8
f
100
AcDbCircle
 10
307.155741003
 20
-119.874894804
 30
102.758768412
 40
0.000000001
100
AcDbArc
 50
90.000000000
 51
-90.000000000
  0
LINE
  5
C94
330
A02
100
AcDbEntity
  8
f
100
AcDbLine
 10
307.155741018
 20
-132.629844698
 30
127.353164809
 11
307.155741030
 21
-142.523490634
 31
107.199441635
  0
ARC
  5
C95
330
A02
100
AcDbEntity
  8
f
100
AcDbCircle
 10
307.155741029
 20
-141.625823033
 30
106.758768425
 40
0.897667610
100
AcDbArc
 50
90.000000069
 51
-89.999999931
  0
LINE
  5
C96
330
A02
100
AcDbEntity
  8
f
100
AcDbLine
 10
307.155741028
 20
-140.728155422
 30
106.318095234
 11
307.155741016
 21
-130.834509468
 31
126.471818445
  0
ARC
  5
C97
330
A02
100
AcDbEntity
  8
f
100
AcDbCircle
 10
307.155741017
 20
-131.732177087
 30
126.912491618
 40
0.897667610
100
AcDbArc
 50
-89.999999931
 51
90.000000069
  0
LINE
  5
C98
330
A02
100
AcDbEntity
  8
f
100
AcDbLine
 10
307.155740906
 20
-38.921234849
 30
103.199441557
 11
307.155740922
 21
-53.006513302
 31
131.891675484
  0
ARC
  5
C99
330
A02
100
AcDbEntity
  8
f
100
AcDbCircle
 10
307.155740924
 20
-53.904180913
 30
131.451002294
 40
0.897667611
100
AcDbArc
 50
90.000000069
 51
-89.999999931
  0
LINE
  5
C9A
330
A02
100
AcDbEntity
  8
f
100
AcDbLine
 10
307.155740925
 20
-54.801848524
 30
131.010329104
 11
307.155740908
 21
-40.716570071
 31
102.318095177
  0
ARC
  5
C9B
330
A02
100
AcDbEntity
  8
f
100
AcDbCircle
 10
307.155740907
 20
-39.818902460
 30
102.758768367
 40
0.897667611
100
AcDbArc
 50
-89.999999931
 51
90.000000069
  0
LINE
  5
C9C
330
A02
100
AcDbEntity
  8
f
100
AcDbLine
 10
307.155740933
 20
-61.569830689
 30
105.758768379
 11
307.155740914
 21
-46.238531166
 31
105.758768371
  0
ARC
  5
C9D
330
A02
100
AcDbEntity
  8
f
100
AcDbCircle
 10
307.155740914
 20
-46.238531165
 30
106.758768371
 40
0.897667611
100
AcDbArc
 50
-90.000000000
 51
90.000000069
  0
LINE
  5
C9E
330
A02
100
AcDbEntity
  8
f
100
AcDbLine
 10
307.155740913
 20
-45.340863554
 30
107.199441561
 11
307.155740922
 21
-53.006513307
 31
122.814654043
  0
ARC
  5
C9F
330
A02
100
AcDbEntity
  8
f
100
AcDbCircle
 10
307.155740924
 20
-53.904180918
 30
122.373980853
 40
0.897667610
100
AcDbArc
 50
-89.999999931
 51
90.000000069
  0
LINE
  5
CA0
330
A02
100
AcDbEntity
  8
f
100
AcDbLine
 10
307.155740925
 20
-54.801848528
 30
122.814654044
 11
307.155740934
 21
-62.467498299
 31
107.199441571
  0
ARC
  5
CA1
330
A02
100
AcDbEntity
  8
f
100
AcDbCircle
 10
307.155740933
 20
-61.569830689
 30
106.758768379
 40
0.000000001
100
AcDbArc
 50
-89.999999931
 51
-90.000000000
  0
LINE
  5
CA2
330
A02
100
AcDbEntity
  8
f
100
AcDbLine
 10
307.155740940
 20
-67.989459290
 30
294.258768383
 11
307.155740912
 21
-44.274894695
 31
294.258768370
  0
ARC
  5
CA3
330
A02
100
AcDbEntity
  8
f
100
AcDbCircle
 10
307.155740912
 20
-44.274894694
 30
295.258768370
 40
0.000000001
100
AcDbArc
 50
90.000000000
 51
-90.000000000
  0
LINE
  5
CA4
330
A02
100
AcDbEntity
  8
f
100
AcDbLine
 10
307.155740912
 20
-44.274894694
 30
296.258768370
 11
307.155740940
 21
-67.989459289
 31
296.258768383
  0
ARC
  5
CA5
330
A02
100
AcDbEntity
  8
f
100
AcDbCircle
 10
307.155740940
 20
-67.989459289
 30
295.258768383
 40
0.000000001
100
AcDbArc
 50
-90.000000000
 51
90.000000000
  0
LINE
  5
CA6
330
A02
100
AcDbEntity
  8
f
100
AcDbLine
 10
307.155740927
 20
-57.029844588
 30
319.853164766
 11
307.155740939
 21
-66.923490524
 31
299.699441592
  0
ARC
  5
CA7
330
A02
100
AcDbEntity
  8
f
100
AcDbCircle
 10
307.155740938
 20
-66.025822923
 30
299.258768382
 40
0.897667610
100
AcDbArc
 50
-89.999999931
 51
90.000000069
  0
LINE
  5
CA8
330
A02
100
AcDbEntity
  8
f
100
AcDbLine
 10
307.155740937
 20
-65.128155313
 30
298.818095191
 11
307.155740925
 21
-55.234509368
 31
318.971818384
  0
ARC
  5
CA9
330
A02
100
AcDbEntity
  8
f
100
AcDbCircle
 10
307.155740926
 20
-56.132176978
 30
319.412491575
 40
0.897667610
100
AcDbArc
 50
-89.999999931
 51
90.000000069
  0
LINE
  5
CAA
330
A02
100
AcDbEntity
  8
f
100
AcDbLine
 10
307.155740812
 20
39.265490493
 30
73.045718314
 11
307.155740824
 21
29.371844570
 31
93.199441518
  0
ARC
  5
CAB
330
A02
100
AcDbEntity
  8
f
100
AcDbCircle
 10
307.155740825
 20
28.474176959
 30
92.758768328
 40
0.897667611
100
AcDbArc
 50
90.000000069
 51
-89.999999931
  0
LINE
  5
CAC
330
A02
100
AcDbEntity
  8
f
100
AcDbLine
 10
307.155740826
 20
27.576509349
 30
92.318095138
 11
307.155740814
 21
37.470155271
 31
72.164371934
  0
ARC
  5
CAD
330
A02
100
AcDbEntity
  8
f
100
AcDbCircle
 10
307.155740813
 20
38.367822882
 30
72.605045124
 40
0.897667611
100
AcDbArc
 50
-89.999999931
 51
90.000000069
  0
LINE
  5
CAE
330
A02
100
AcDbEntity
  8
f
100
AcDbLine
 10
307.155740801
 20
48.261468828
 30
93.758768317
 11
307.155740819
 21
32.930169304
 31
93.758768326
  0
ARC
  5
CAF
330
A02
100
AcDbEntity
  8
f
100
AcDbCircle
 10
307.155740819
 20
32.930169303
 30
92.758768326
 40
0.897667611
100
AcDbArc
 50
90.000000000
 51
-89.999999931
  0
LINE
  5
CB0
330
A02
100
AcDbEntity
  8
f
100
AcDbLine
 10
307.155740821
 20
32.032501692
 30
92.318095136
 11
307.155740811
 21
39.698151445
 31
76.702882653
  0
ARC
  5
CB1
330
A02
100
AcDbEntity
  8
f
100
AcDbCircle
 10
307.155740810
 20
40.595819056
 30
77.143555844
 40
0.897667610
100
AcDbArc
 50
90.000000069
 51
-89.999999931
  0
LINE
  5
CB2
330
A02
100
AcDbEntity
  8
f
100
AcDbLine
 10
307.155740809
 20
41.493486667
 30
76.702882652
 11
307.155740800
 21
49.159136437
 31
92.318095126
  0
ARC
  5
CB3
330
A02
100
AcDbEntity
  8
f
100
AcDbCircle
 10
307.155740801
 20
48.261468827
 30
92.758768317
 40
0.000000001
100
AcDbArc
 50
90.000000069
 51
90.000000000
  0
LINE
  5
CB4
330
A02
100
AcDbEntity
  8
f
100
AcDbLine
 10
307.155740731
 20
106.925105197
 30
103.758768284
 11
307.155740759
 21
83.210540602
 31
103.758768297
  0
ARC
  5
CB5
330
A02
100
AcDbEntity
  8
f
100
AcDbCircle
 10
307.155740759
 20
83.210540601
 30
102.758768297
 40
0.000000001
100
AcDbArc
 50
-90.000000000
 51
90.000000000
  0
LINE
  5
CB6
330
A02
100
AcDbEntity
  8
f
100
AcDbLine
 10
307.155740759
 20
83.210540601
 30
101.758768297
 11
307.155740731
 21
106.925105196
 31
101.758768284
  0
ARC
  5
CB7
330
A02
100
AcDbEntity
  8
f
100
AcDbCircle
 10
307.155740731
 20
106.925105196
 30
102.758768284
 40
0.000000001
100
AcDbArc
 50
90.000000000
 51
-90.000000000
  0
LINE
  5
CB8
330
A02
100
AcDbEntity
  8
f
100
AcDbLine
 10
307.155740756
 20
86.071844578
 30
106.318095105
 11
307.155740744
 21
95.965490523
 31
126.471818298
  0
ARC
  5
CB9
330
A02
100
AcDbEntity
  8
f
100
AcDbCircle
 10
307.155740745
 20
95.067822913
 30
126.912491489
 40
0.897667610
100
AcDbArc
 50
90.000000069
 51
-89.999999931
  0
LINE
  5
CBA
330
A02
100
AcDbEntity
  8
f
100
AcDbLine
 10
307.155740746
 20
94.170155302
 30
127.353164680
 11
307.155740758
 21
84.276509357
 31
107.199441487
  0
ARC
  5
CBB
330
A02
100
AcDbEntity
  8
f
100
AcDbCircle
 10
307.155740757
 20
85.174176967
 30
106.758768296
 40
0.897667610
100
AcDbArc
 50
-89.999999931
 51
90.000000069
  0
LINE
  5
CBC
330
A02
100
AcDbEntity
  8
f
100
AcDbLine
 10
307.155740749
 20
91.583429948
 30
135.699441483
 11
307.155740766
 21
77.498151463
 31
107.007207572
  0
ARC
  5
CBD
330
A02
100
AcDbEntity
  8
f
100
AcDbCircle
 10
307.155740765
 20
78.395819073
 30
106.566534381
 40
0.897667610
100
AcDbArc
 50
90.000000069
 51
-89.999999931
  0
LINE
  5
CBE
330
A02
100
AcDbEntity
  8
f
100
AcDbLine
 10
307.155740764
 20
79.293486683
 30
106.125861190
 11
307.155740747
 21
93.378765169
 31
134.818095101
  0
ARC
  5
CBF
330
A02
100
AcDbEntity
  8
f
100
AcDbCircle
 10
307.155740748
 20
92.481097559
 30
135.258768292
 40
0.897667610
100
AcDbArc
 50
-89.999999931
 51
90.000000069
  0
LINE
  5
CC0
330
A02
100
AcDbEntity
  8
f
100
AcDbLine
 10
307.155740756
 20
86.061468849
 30
132.258768296
 11
307.155740774
 21
70.730169326
 31
132.258768304
  0
ARC
  5
CC1
330
A02
100
AcDbEntity
  8
f
100
AcDbCircle
 10
307.155740774
 20
70.730169325
 30
131.258768304
 40
0.897667611
100
AcDbArc
 50
90.000000000
 51
-89.999999931
  0
LINE
  5
CC2
330
A02
100
AcDbEntity
  8
f
100
AcDbLine
 10
307.155740775
 20
69.832501714
 30
130.818095114
 11
307.155740766
 21
77.498151467
 31
115.202882632
  0
ARC
  5
CC3
330
A02
100
AcDbEntity
  8
f
100
AcDbCircle
 10
307.155740765
 20
78.395819078
 30
115.643555822
 40
0.897667610
100
AcDbArc
 50
90.000000069
 51
-89.999999931
  0
LINE
  5
CC4
330
A02
100
AcDbEntity
  8
f
100
AcDbLine
 10
307.155740764
 20
79.293486688
 30
115.202882631
 11
307.155740755
 21
86.959136459
 31
130.818095104
  0
ARC
  5
CC5
330
A02
100
AcDbEntity
  8
f
100
AcDbCircle
 10
307.155740756
 20
86.061468849
 30
131.258768296
 40
0.000000001
100
AcDbArc
 50
90.000000000
 51
90.000000069
  0
LINE
  5
CC6
330
A02
100
AcDbEntity
  8
f
100
AcDbLine
 10
307.155740805
 20
45.410540579
 30
63.258768319
 11
307.155740776
 21
69.125105174
 31
63.258768305
  0
ARC
  5
CC7
330
A02
100
AcDbEntity
  8
f
100
AcDbCircle
 10
307.155740776
 20
69.125105174
 30
64.258768305
 40
0.000000001
100
AcDbArc
 50
90.000000000
 51
-90.000000000
  0
LINE
  5
CC8
330
A02
100
AcDbEntity
  8
f
100
AcDbLine
 10
307.155740776
 20
69.125105175
 30
65.258768305
 11
307.155740805
 21
45.410540580
 31
65.258768319
  0
ARC
  5
CC9
330
A02
100
AcDbEntity
  8
f
100
AcDbCircle
 10
307.155740805
 20
45.410540580
 30
64.258768319
 40
0.000000001
100
AcDbArc
 50
-90.000000000
 51
90.000000000
  0
LINE
  5
CCA
330
A02
100
AcDbEntity
  8
f
100
AcDbLine
 10
307.155740791
 20
56.370155280
 30
88.853164702
 11
307.155740803
 21
46.476509344
 31
68.699441528
  0
ARC
  5
CCB
330
A02
100
AcDbEntity
  8
f
100
AcDbCircle
 10
307.155740802
 20
47.374176945
 30
68.258768318
 40
0.897667610
100
AcDbArc
 50
-89.999999931
 51
90.000000069
  0
LINE
  5
CCC
330
A02
100
AcDbEntity
  8
f
100
AcDbLine
 10
307.155740801
 20
48.271844556
 30
67.818095126
 11
307.155740789
 21
58.165490510
 31
87.971818338
  0
ARC
  5
CCD
330
A02
100
AcDbEntity
  8
f
100
AcDbCircle
 10
307.155740790
 20
57.267822891
 30
88.412491510
 40
0.897667610
100
AcDbArc
 50
90.000000069
 51
-89.999999931
  0
LINE
  5
CCE
330
A02
100
AcDbEntity
  8
f
100
AcDbLine
 10
307.155740834
 20
20.798151476
 30
131.010329061
 11
307.155740817
 21
34.883429929
 31
102.318095134
  0
ARC
  5
CCF
330
A02
100
AcDbEntity
  8
f
100
AcDbCircle
 10
307.155740816
 20
35.781097540
 30
102.758768324
 40
0.897667611
100
AcDbArc
 50
-89.999999931
 51
90.000000069
  0
LINE
  5
CD0
330
A02
100
AcDbEntity
  8
f
100
AcDbLine
 10
307.155740815
 20
36.678765151
 30
103.199441514
 11
307.155740832
 21
22.593486698
 31
131.891675441
  0
ARC
  5
CD1
330
A02
100
AcDbEntity
  8
f
100
AcDbCircle
 10
307.155740833
 20
21.695819087
 30
131.451002251
 40
0.897667611
100
AcDbArc
 50
-89.999999931
 51
90.000000069
  0
LINE
  5
CD2
330
A02
100
AcDbEntity
  8
f
100
AcDbLine
 10
307.155740842
 20
14.030169311
 30
105.758768336
 11
307.155740824
 21
29.361468834
 31
105.758768328
  0
ARC
  5
CD3
330
A02
100
AcDbEntity
  8
f
100
AcDbCircle
 10
307.155740824
 20
29.361468835
 30
106.758768328
 40
0.897667611
100
AcDbArc
 50
-90.000000000
 51
90.000000069
  0
LINE
  5
CD4
330
A02
100
AcDbEntity
  8
f
100
AcDbLine
 10
307.155740823
 20
30.259136446
 30
107.199441518
 11
307.155740832
 21
22.593486693
 31
122.814654000
  0
ARC
  5
CD5
330
A02
100
AcDbEntity
  8
f
100
AcDbCircle
 10
307.155740833
 20
21.695819082
 30
122.373980810
 40
0.897667610
100
AcDbArc
 50
-89.999999931
 51
90.000000069
  0
LINE
  5
CD6
330
A02
100
AcDbEntity
  8
f
100
AcDbLine
 10
307.155740834
 20
20.798151472
 30
122.814654001
 11
307.155740843
 21
13.132501701
 31
107.199441528
  0
ARC
  5
CD7
330
A02
100
AcDbEntity
  8
f
100
AcDbCircle
 10
307.155740842
 20
14.030169311
 30
106.758768336
 40
0.000000001
100
AcDbArc
 50
-90.000000000
 51
-89.999999931
  0
LINE
  5
CD8
330
A02
100
AcDbEntity
  8
f
100
AcDbLine
 10
307.155740889
 20
-25.374894785
 30
136.258768359
 11
307.155740918
 21
-49.089459380
 31
136.258768372
  0
ARC
  5
CD9
330
A02
100
AcDbEntity
  8
f
100
AcDbCircle
 10
307.155740918
 20
-49.089459380
 30
135.258768372
 40
0.000000001
100
AcDbArc
 50
-90.000000000
 51
90.000000000
  0
LINE
  5
CDA
330
A02
100
AcDbEntity
  8
f
100
AcDbLine
 10
307.155740918
 20
-49.089459381
 30
134.258768372
 11
307.155740889
 21
-25.374894786
 31
134.258768359
  0
ARC
  5
CDB
330
A02
100
AcDbEntity
  8
f
100
AcDbCircle
 10
307.155740889
 20
-25.374894785
 30
135.258768359
 40
0.000000001
100
AcDbArc
 50
90.000000000
 51
-90.000000000
  0
LINE
  5
CDC
330
A02
100
AcDbEntity
  8
f
100
AcDbLine
 10
307.155740903
 20
-36.334509486
 30
111.545718357
 11
307.155740914
 21
-46.228155408
 31
131.699441561
  0
ARC
  5
CDD
330
A02
100
AcDbEntity
  8
f
100
AcDbCircle
 10
307.155740915
 20
-47.125823019
 30
131.258768371
 40
0.897667611
100
AcDbArc
 50
90.000000069
 51
-89.999999931
  0
LINE
  5
CDE
330
A02
100
AcDbEntity
  8
f
100
AcDbLine
 10
307.155740917
 20
-48.023490630
 30
130.818095181
 11
307.155740905
 21
-38.129844717
 31
110.664371996
  0
ARC
  5
CDF
330
A02
100
AcDbEntity
  8
f
100
AcDbCircle
 10
307.155740904
 20
-37.232177096
 30
111.105045167
 40
0.897667611
100
AcDbArc
 50
90.000000069
 51
-89.999999931
  0
LINE
  5
CE0
330
A02
100
AcDbEntity
  8
f
100
AcDbLine
 10
307.155740795
 20
53.783429948
 30
135.699441505
 11
307.155740811
 21
39.698151463
 31
107.007207593
  0
ARC
  5
CE1
330
A02
100
AcDbEntity
  8
f
100
AcDbCircle
 10
307.155740810
 20
40.595819073
 30
106.566534402
 40
0.897667610
100
AcDbArc
 50
90.000000069
 51
-89.999999931
  0
LINE
  5
CE2
330
A02
100
AcDbEntity
  8
f
100
AcDbLine
 10
307.155740809
 20
41.493486683
 30
106.125861211
 11
307.155740792
 21
55.578765169
 31
134.818095122
  0
ARC
  5
CE3
330
A02
100
AcDbEntity
  8
f
100
AcDbCircle
 10
307.155740793
 20
54.681097559
 30
135.258768313
 40
0.897667610
100
AcDbArc
 50
90.000000069
 51
-89.999999931
  0
LINE
  5
CE4
330
A02
100
AcDbEntity
  8
f
100
AcDbLine
 10
307.155740801
 20
48.261468849
 30
132.258768317
 11
307.155740819
 21
32.930169326
 31
132.258768326
  0
ARC
  5
CE5
330
A02
100
AcDbEntity
  8
f
100
AcDbCircle
 10
307.155740819
 20
32.930169325
 30
131.258768326
 40
0.897667611
100
AcDbArc
 50
90.000000000
 51
-89.999999931
  0
LINE
  5
CE6
330
A02
100
AcDbEntity
  8
f
100
AcDbLine
 10
307.155740821
 20
32.032501714
 30
130.818095136
 11
307.155740811
 21
39.698151467
 31
115.202882653
  0
ARC
  5
CE7
330
A02
100
AcDbEntity
  8
f
100
AcDbCircle
 10
307.155740810
 20
40.595819078
 30
115.643555844
 40
0.897667610
100
AcDbArc
 50
90.000000069
 51
-89.999999931
  0
LINE
  5
CE8
330
A02
100
AcDbEntity
  8
f
100
AcDbLine
 10
307.155740809
 20
41.493486688
 30
115.202882652
 11
307.155740800
 21
49.159136459
 31
130.818095126
  0
ARC
  5
CE9
330
A02
100
AcDbEntity
  8
f
100
AcDbCircle
 10
307.155740801
 20
48.261468849
 30
131.258768317
 40
0.000000001
100
AcDbArc
 50
90.000000069
 51
90.000000000
  0
LINE
  5
CEA
330
A02
100
AcDbEntity
  8
f
100
AcDbLine
 10
307.155740948
 20
-74.134509486
 30
111.545718379
 11
307.155740960
 21
-84.028155408
 31
131.699441583
  0
ARC
  5
CEB
330
A02
100
AcDbEntity
  8
f
100
AcDbCircle
 10
307.155740961
 20
-84.925823019
 30
131.258768393
 40
0.897667611
100
AcDbArc
 50
-89.999999931
 51
90.000000069
  0
LINE
  5
CEC
330
A02
100
AcDbEntity
  8
f
100
AcDbLine
 10
307.155740962
 20
-85.823490630
 30
130.818095203
 11
307.155740950
 21
-75.929844707
 31
110.664371998
  0
ARC
  5
CED
330
A02
100
AcDbEntity
  8
f
100
AcDbCircle
 10
307.155740949
 20
-75.032177096
 30
111.105045189
 40
0.897667611
100
AcDbArc
 50
90.000000069
 51
-89.999999931
  0
LINE
  5
CEE
330
A02
100
AcDbEntity
  8
f
100
AcDbLine
 10
307.155740935
 20
-63.174894785
 30
136.258768380
 11
307.155740963
 21
-86.889459380
 31
136.258768394
  0
ARC
  5
CEF
330
A02
100
AcDbEntity
  8
f
100
AcDbCircle
 10
307.155740963
 20
-86.889459380
 30
135.258768394
 40
0.000000001
100
AcDbArc
 50
-90.000000000
 51
90.000000000
  0
LINE
  5
CF0
330
A02
100
AcDbEntity
  8
f
100
AcDbLine
 10
307.155740963
 20
-86.889459381
 30
134.258768394
 11
307.155740935
 21
-63.174894786
 31
134.258768380
  0
ARC
  5
CF1
330
A02
100
AcDbEntity
  8
f
100
AcDbCircle
 10
307.155740935
 20
-63.174894785
 30
135.258768380
 40
0.000000001
100
AcDbArc
 50
90.000000000
 51
-90.000000000
  0
LINE
  5
CF2
330
A02
100
AcDbEntity
  8
f
100
AcDbLine
 10
307.155740925
 20
-54.801848502
 30
169.510329104
 11
307.155740908
 21
-40.716570049
 31
140.818095177
  0
ARC
  5
CF3
330
A02
100
AcDbEntity
  8
f
100
AcDbCircle
 10
307.155740907
 20
-39.818902438
 30
141.258768367
 40
0.897667611
100
AcDbArc
 50
-89.999999931
 51
90.000000069
  0
LINE
  5
CF4
330
A02
100
AcDbEntity
  8
f
100
AcDbLine
 10
307.155740906
 20
-38.921234827
 30
141.699441557
 11
307.155740922
 21
-53.006513280
 31
170.391675484
  0
ARC
  5
CF5
330
A02
100
AcDbEntity
  8
f
100
AcDbCircle
 10
307.155740924
 20
-53.904180891
 30
169.951002294
 40
0.897667611
100
AcDbArc
 50
90.000000069
 51
-89.999999931
  0
LINE
  5
CF6
330
A02
100
AcDbEntity
  8
f
100
AcDbLine
 10
307.155740933
 20
-61.569830668
 30
144.258768379
 11
307.155740914
 21
-46.238531144
 31
144.258768371
  0
ARC
  5
CF7
330
A02
100
AcDbEntity
  8
f
100
AcDbCircle
 10
307.155740914
 20
-46.238531143
 30
145.258768371
 40
0.897667611
100
AcDbArc
 50
-90.000000000
 51
90.000000069
  0
LINE
  5
CF8
330
A02
100
AcDbEntity
  8
f
100
AcDbLine
 10
307.155740913
 20
-45.340863532
 30
145.699441561
 11
307.155740922
 21
-53.006513285
 31
161.314654043
  0
ARC
  5
CF9
330
A02
100
AcDbEntity
  8
f
100
AcDbCircle
 10
307.155740924
 20
-53.904180896
 30
160.873980853
 40
0.897667610
100
AcDbArc
 50
-89.999999931
 51
90.000000069
  0
LINE
  5
CFA
330
A02
100
AcDbEntity
  8
f
100
AcDbLine
 10
307.155740925
 20
-54.801848507
 30
161.314654044
 11
307.155740934
 21
-62.467498277
 31
145.699441571
  0
ARC
  5
CFB
330
A02
100
AcDbEntity
  8
f
100
AcDbCircle
 10
307.155740933
 20
-61.569830667
 30
145.258768379
 40
0.000000001
100
AcDbArc
 50
-89.999999931
 51
-90.000000000
  0
LINE
  5
CFC
330
A02
100
AcDbEntity
  8
f
100
AcDbLine
 10
307.155740912
 20
-44.274894759
 30
180.758768370
 11
307.155740940
 21
-67.989459354
 31
180.758768383
  0
ARC
  5
CFD
330
A02
100
AcDbEntity
  8
f
100
AcDbCircle
 10
307.155740940
 20
-67.989459355
 30
179.758768383
 40
0.000000001
100
AcDbArc
 50
-90.000000000
 51
90.000000000
  0
LINE
  5
CFE
330
A02
100
AcDbEntity
  8
f
100
AcDbLine
 10
307.155740940
 20
-67.989459355
 30
178.758768383
 11
307.155740912
 21
-44.274894761
 31
178.758768370
  0
ARC
  5
CFF
330
A02
100
AcDbEntity
  8
f
100
AcDbCircle
 10
307.155740912
 20
-44.274894760
 30
179.758768370
 40
0.000000001
100
AcDbArc
 50
90.000000000
 51
-90.000000000
  0
LINE
  5
D00
330
A02
100
AcDbEntity
  8
f
100
AcDbLine
 10
307.155740906
 20
-38.921234805
 30
180.199441557
 11
307.155740922
 21
-53.006513249
 31
208.891675465
  0
ARC
  5
D01
330
A02
100
AcDbEntity
  8
f
100
AcDbCircle
 10
307.155740924
 20
-53.904180869
 30
208.451002294
 40
0.897667611
100
AcDbArc
 50
90.000000069
 51
-89.999999931
  0
LINE
  5
D02
330
A02
100
AcDbEntity
  8
f
100
AcDbLine
 10
307.155740925
 20
-54.801848480
 30
208.010329104
 11
307.155740908
 21
-40.716570027
 31
179.318095177
  0
ARC
  5
D03
330
A02
100
AcDbEntity
  8
f
100
AcDbCircle
 10
307.155740907
 20
-39.818902416
 30
179.758768367
 40
0.897667611
100
AcDbArc
 50
-89.999999931
 51
90.000000069
  0
LINE
  5
D04
330
A02
100
AcDbEntity
  8
f
100
AcDbLine
 10
307.155740930
 20
-59.616569942
 30
328.199441569
 11
307.155740947
 21
-73.701848437
 31
299.507207639
  0
ARC
  5
D05
330
A02
100
AcDbEntity
  8
f
100
AcDbCircle
 10
307.155740946
 20
-72.804180818
 30
299.066534467
 40
0.897667610
100
AcDbArc
 50
-89.999999931
 51
90.000000069
  0
LINE
  5
D06
330
A02
100
AcDbEntity
  8
f
100
AcDbLine
 10
307.155740945
 20
-71.906513207
 30
298.625861276
 11
307.155740928
 21
-57.821234722
 31
327.318095187
  0
ARC
  5
D07
330
A02
100
AcDbEntity
  8
f
100
AcDbCircle
 10
307.155740929
 20
-58.718902332
 30
327.758768378
 40
0.897667610
100
AcDbArc
 50
90.000000069
 51
-89.999999931
  0
LINE
  5
D08
330
A02
100
AcDbEntity
  8
f
100
AcDbLine
 10
307.155740937
 20
-65.138531041
 30
324.758768381
 11
307.155740955
 21
-80.469830565
 31
324.758768390
  0
ARC
  5
D09
330
A02
100
AcDbEntity
  8
f
100
AcDbCircle
 10
307.155740955
 20
-80.469830566
 30
323.758768390
 40
0.897667611
100
AcDbArc
 50
90.000000000
 51
-89.999999931
  0
LINE
  5
D0A
330
A02
100
AcDbEntity
  8
f
100
AcDbLine
 10
307.155740956
 20
-81.367498176
 30
323.318095200
 11
307.155740947
 21
-73.701848423
 31
307.702882718
  0
ARC
  5
D0B
330
A02
100
AcDbEntity
  8
f
100
AcDbCircle
 10
307.155740946
 20
-72.804180813
 30
308.143555908
 40
0.897667610
100
AcDbArc
 50
90.000000069
 51
-89.999999931
  0
LINE
  5
D0C
330
A02
100
AcDbEntity
  8
f
100
AcDbLine
 10
307.155740945
 20
-71.906513202
 30
307.702882717
 11
307.155740936
 21
-64.240863432
 31
323.318095190
  0
ARC
  5
D0D
330
A02
100
AcDbEntity
  8
f
100
AcDbCircle
 10
307.155740937
 20
-65.138531042
 30
323.758768381
 40
0.000000001
100
AcDbArc
 50
90.000000000
 51
90.000000069
  0
LINE
  5
D0E
330
A02
100
AcDbEntity
  8
f
100
AcDbLine
 10
307.155740982
 20
-102.928155291
 30
337.318095212
 11
307.155740970
 21
-93.034509337
 31
357.471818424
  0
ARC
  5
D0F
330
A02
100
AcDbEntity
  8
f
100
AcDbCircle
 10
307.155740972
 20
-93.932176956
 30
357.912491596
 40
0.897667610
100
AcDbArc
 50
-89.999999931
 51
90.000000069
  0
LINE
  5
D10
330
A02
100
AcDbEntity
  8
f
100
AcDbLine
 10
307.155740973
 20
-94.829844567
 30
358.353164787
 11
307.155740984
 21
-104.723490503
 31
338.199441613
  0
ARC
  5
D11
330
A02
100
AcDbEntity
  8
f
100
AcDbCircle
 10
307.155740983
 20
-103.825822902
 30
337.758768403
 40
0.897667610
100
AcDbArc
 50
90.000000069
 51
-89.999999931
  0
LINE
  5
D12
330
A02
100
AcDbEntity
  8
f
100
AcDbLine
 10
307.155740978
 20
-99.369830558
 30
336.758768401
 11
307.155740960
 21
-84.038531035
 31
336.758768392
  0
ARC
  5
D13
330
A02
100
AcDbEntity
  8
f
100
AcDbCircle
 10
307.155740960
 20
-84.038531034
 30
337.758768392
 40
0.897667611
100
AcDbArc
 50
-90.000000000
 51
90.000000069
  0
LINE
  5
D14
330
A02
100
AcDbEntity
  8
f
100
AcDbLine
 10
307.155740959
 20
-83.140863423
 30
338.199441582
 11
307.155740968
 21
-90.806513176
 31
353.814654065
  0
ARC
  5
D15
330
A02
100
AcDbEntity
  8
f
100
AcDbCircle
 10
307.155740969
 20
-91.704180787
 30
353.373980874
 40
0.897667610
100
AcDbArc
 50
-89.999999931
 51
90.000000069
  0
LINE
  5
D16
330
A02
100
AcDbEntity
  8
f
100
AcDbLine
 10
307.155740970
 20
-92.601848397
 30
353.814654066
 11
307.155740979
 21
-100.267498168
 31
338.199441592
  0
ARC
  5
D17
330
A02
100
AcDbEntity
  8
f
100
AcDbCircle
 10
307.155740978
 20
-99.369830558
 30
337.758768401
 40
0.000000001
100
AcDbArc
 50
-90.000000000
 51
-89.999999931
  0
LINE
  5
D18
330
A02
100
AcDbEntity
  8
f
100
AcDbLine
 10
307.155740986
 20
-105.789459290
 30
294.258768404
 11
307.155740957
 21
-82.074894695
 31
294.258768391
  0
ARC
  5
D19
330
A02
100
AcDbEntity
  8
f
100
AcDbCircle
 10
307.155740957
 20
-82.074894694
 30
295.258768391
 40
0.000000001
100
AcDbArc
 50
90.000000000
 51
-90.000000000
  0
LINE
  5
D1A
330
A02
100
AcDbEntity
  8
f
100
AcDbLine
 10
307.155740957
 20
-82.074894694
 30
296.258768391
 11
307.155740986
 21
-105.789459289
 31
296.258768404
  0
ARC
  5
D1B
330
A02
100
AcDbEntity
  8
f
100
AcDbCircle
 10
307.155740986
 20
-105.789459289
 30
295.258768404
 40
0.000000001
100
AcDbArc
 50
-90.000000000
 51
90.000000000
  0
LINE
  5
D1C
330
A02
100
AcDbEntity
  8
f
100
AcDbLine
 10
307.155740982
 20
-102.928155313
 30
298.818095212
 11
307.155740970
 21
-93.034509359
 31
318.971818424
  0
ARC
  5
D1D
330
A02
100
AcDbEntity
  8
f
100
AcDbCircle
 10
307.155740972
 20
-93.932176978
 30
319.412491596
 40
0.897667610
100
AcDbArc
 50
-89.999999931
 51
90.000000069
  0
LINE
  5
D1E
330
A02
100
AcDbEntity
  8
f
100
AcDbLine
 10
307.155740973
 20
-94.829844588
 30
319.853164787
 11
307.155740984
 21
-104.723490534
 31
299.699441595
  0
ARC
  5
D1F
330
A02
100
AcDbEntity
  8
f
100
AcDbCircle
 10
307.155740983
 20
-103.825822923
 30
299.258768403
 40
0.897667610
100
AcDbArc
 50
90.000000069
 51
-89.999999931
  0
LINE
  5
D20
330
A02
100
AcDbEntity
  8
f
100
AcDbLine
 10
307.155740895
 20
-30.189459355
 30
178.758768362
 11
307.155740867
 21
-6.474894761
 31
178.758768348
  0
ARC
  5
D21
330
A02
100
AcDbEntity
  8
f
100
AcDbCircle
 10
307.155740867
 20
-6.474894760
 30
179.758768348
 40
0.000000001
100
AcDbArc
 50
90.000000000
 51
-90.000000000
  0
LINE
  5
D22
330
A02
100
AcDbEntity
  8
f
100
AcDbLine
 10
307.155740867
 20
-6.474894759
 30
180.758768348
 11
307.155740895
 21
-30.189459354
 31
180.758768362
  0
ARC
  5
D23
330
A02
100
AcDbEntity
  8
f
100
AcDbCircle
 10
307.155740895
 20
-30.189459355
 30
179.758768362
 40
0.000000001
100
AcDbArc
 50
-90.000000000
 51
90.000000000
  0
LINE
  5
D24
330
A02
100
AcDbEntity
  8
f
100
AcDbLine
 10
307.155740882
 20
-19.229844654
 30
204.353164744
 11
307.155740894
 21
-29.123490590
 31
184.199441571
  0
ARC
  5
D25
330
A02
100
AcDbEntity
  8
f
100
AcDbCircle
 10
307.155740893
 20
-28.225822989
 30
183.758768360
 40
0.897667610
100
AcDbArc
 50
-89.999999931
 51
90.000000069
  0
LINE
  5
D26
330
A02
100
AcDbEntity
  8
f
100
AcDbLine
 10
307.155740892
 20
-27.328155379
 30
183.318095169
 11
307.155740880
 21
-17.434509424
 31
203.471818381
  0
ARC
  5
D27
330
A02
100
AcDbEntity
  8
f
100
AcDbCircle
 10
307.155740881
 20
-18.332177044
 30
203.912491553
 40
0.897667610
100
AcDbArc
 50
90.000000069
 51
-89.999999931
  0
LINE
  5
D28
330
A02
100
AcDbEntity
  8
f
100
AcDbLine
 10
307.155740957
 20
-82.074894759
 30
180.758768391
 11
307.155740986
 21
-105.789459354
 31
180.758768404
  0
ARC
  5
D29
330
A02
100
AcDbEntity
  8
f
100
AcDbCircle
 10
307.155740986
 20
-105.789459355
 30
179.758768404
 40
0.000000001
100
AcDbArc
 50
-90.000000000
 51
90.000000000
  0
LINE
  5
D2A
330
A02
100
AcDbEntity
  8
f
100
AcDbLine
 10
307.155740986
 20
-105.789459355
 30
178.758768404
 11
307.155740957
 21
-82.074894761
 31
178.758768391
  0
ARC
  5
D2B
330
A02
100
AcDbEntity
  8
f
100
AcDbCircle
 10
307.155740957
 20
-82.074894760
 30
179.758768391
 40
0.000000001
100
AcDbArc
 50
90.000000000
 51
-90.000000000
  0
LINE
  5
D2C
330
A02
100
AcDbEntity
  8
f
100
AcDbLine
 10
307.155740982
 20
-102.928155379
 30
183.318095212
 11
307.155740970
 21
-93.034509433
 31
203.471818405
  0
ARC
  5
D2D
330
A02
100
AcDbEntity
  8
f
100
AcDbCircle
 10
307.155740972
 20
-93.932177044
 30
203.912491596
 40
0.897667610
100
AcDbArc
 50
-89.999999931
 51
90.000000069
  0
LINE
  5
D2E
330
A02
100
AcDbEntity
  8
f
100
AcDbLine
 10
307.155740973
 20
-94.829844654
 30
204.353164787
 11
307.155740984
 21
-104.723490599
 31
184.199441595
  0
ARC
  5
D2F
330
A02
100
AcDbEntity
  8
f
100
AcDbCircle
 10
307.155740983
 20
-103.825822989
 30
183.758768403
 40
0.897667610
100
AcDbArc
 50
90.000000069
 51
-89.999999931
  0
LINE
  5
D30
330
A02
100
AcDbEntity
  8
f
100
AcDbLine
 10
307.155741036
 20
-147.506513273
 30
183.125861318
 11
307.155741019
 21
-133.421234787
 31
211.818095230
  0
ARC
  5
D31
330
A02
100
AcDbEntity
  8
f
100
AcDbCircle
 10
307.155741020
 20
-134.318902398
 30
212.258768421
 40
0.897667610
100
AcDbArc
 50
-89.999999931
 51
90.000000069
  0
LINE
  5
D32
330
A02
100
AcDbEntity
  8
f
100
AcDbLine
 10
307.155741021
 20
-135.216570008
 30
212.699441612
 11
307.155741038
 21
-149.301848494
 31
184.007207701
  0
ARC
  5
D33
330
A02
100
AcDbEntity
  8
f
100
AcDbCircle
 10
307.155741037
 20
-148.404180883
 30
183.566534510
 40
0.897667610
100
AcDbArc
 50
90.000000069
 51
-89.999999931
  0
LINE
  5
D34
330
A02
100
AcDbEntity
  8
f
100
AcDbLine
 10
307.155741028
 20
-140.738531107
 30
209.258768424
 11
307.155741046
 21
-156.069830631
 31
209.258768433
  0
ARC
  5
D35
330
A02
100
AcDbEntity
  8
f
100
AcDbCircle
 10
307.155741046
 20
-156.069830631
 30
208.258768433
 40
0.897667611
100
AcDbArc
 50
90.000000000
 51
-89.999999931
  0
LINE
  5
D36
330
A02
100
AcDbEntity
  8
f
100
AcDbLine
 10
307.155741047
 20
-156.967498242
 30
207.818095243
 11
307.155741038
 21
-149.301848489
 31
192.202882761
  0
ARC
  5
D37
330
A02
100
AcDbEntity
  8
f
100
AcDbCircle
 10
307.155741037
 20
-148.404180878
 30
192.643555951
 40
0.897667610
100
AcDbArc
 50
90.000000069
 51
-89.999999931
  0
LINE
  5
D38
330
A02
100
AcDbEntity
  8
f
100
AcDbLine
 10
307.155741036
 20
-147.506513268
 30
192.202882760
 11
307.155741027
 21
-139.840863497
 31
207.818095233
  0
ARC
  5
D39
330
A02
100
AcDbEntity
  8
f
100
AcDbCircle
 10
307.155741028
 20
-140.738531107
 30
208.258768424
 40
0.000000001
100
AcDbArc
 50
90.000000000
 51
90.000000069
  0
LINE
  5
D3A
330
A02
100
AcDbEntity
  8
f
100
AcDbLine
 10
307.155741073
 20
-178.528155422
 30
106.318095255
 11
307.155741061
 21
-168.634509468
 31
126.471818467
  0
ARC
  5
D3B
330
A02
100
AcDbEntity
  8
f
100
AcDbCircle
 10
307.155741062
 20
-169.532177087
 30
126.912491639
 40
0.897667610
100
AcDbArc
 50
-89.999999931
 51
90.000000069
  0
LINE
  5
D3C
330
A02
100
AcDbEntity
  8
f
100
AcDbLine
 10
307.155741063
 20
-170.429844698
 30
127.353164830
 11
307.155741075
 21
-180.323490643
 31
107.199441637
  0
ARC
  5
D3D
330
A02
100
AcDbEntity
  8
f
100
AcDbCircle
 10
307.155741074
 20
-179.425823033
 30
106.758768446
 40
0.897667610
100
AcDbArc
 50
-89.999999931
 51
90.000000069
  0
LINE
  5
D3E
330
A02
100
AcDbEntity
  8
f
100
AcDbLine
 10
307.155741069
 20
-174.969830689
 30
105.758768444
 11
307.155741050
 21
-159.638531166
 31
105.758768435
  0
ARC
  5
D3F
330
A02
100
AcDbEntity
  8
f
100
AcDbCircle
 10
307.155741050
 20
-159.638531165
 30
106.758768435
 40
0.897667611
100
AcDbArc
 50
90.000000069
 51
-90.000000000
  0
LINE
  5
D40
330
A02
100
AcDbEntity
  8
f
100
AcDbLine
 10
307.155741049
 20
-158.740863554
 30
107.199441625
 11
307.155741058
 21
-166.406513307
 31
122.814654107
  0
ARC
  5
D41
330
A02
100
AcDbEntity
  8
f
100
AcDbCircle
 10
307.155741059
 20
-167.304180918
 30
122.373980917
 40
0.897667610
100
AcDbArc
 50
-89.999999931
 51
90.000000069
  0
LINE
  5
D42
330
A02
100
AcDbEntity
  8
f
100
AcDbLine
 10
307.155741061
 20
-168.201848528
 30
122.814654108
 11
307.155741070
 21
-175.867498299
 31
107.199441635
  0
ARC
  5
D43
330
A02
100
AcDbEntity
  8
f
100
AcDbCircle
 10
307.155741069
 20
-174.969830689
 30
106.758768444
 40
0.000000001
100
AcDbArc
 50
-90.000000000
 51
-89.999999931
  0
LINE
  5
D44
330
A02
100
AcDbEntity
  8
f
100
AcDbLine
 10
307.155740867
 20
-6.474894716
 30
257.758768348
 11
307.155740895
 21
-30.189459311
 31
257.758768362
  0
ARC
  5
D45
330
A02
100
AcDbEntity
  8
f
100
AcDbCircle
 10
307.155740895
 20
-30.189459311
 30
256.758768362
 40
0.000000001
100
AcDbArc
 50
-90.000000000
 51
90.000000000
  0
LINE
  5
D46
330
A02
100
AcDbEntity
  8
f
100
AcDbLine
 10
307.155740895
 20
-30.189459312
 30
255.758768362
 11
307.155740867
 21
-6.474894717
 31
255.758768348
  0
ARC
  5
D47
330
A02
100
AcDbEntity
  8
f
100
AcDbCircle
 10
307.155740867
 20
-6.474894716
 30
256.758768348
 40
0.000000001
100
AcDbArc
 50
90.000000000
 51
-90.000000000
  0
LINE
  5
D48
330
A02
100
AcDbEntity
  8
f
100
AcDbLine
 10
307.155740892
 20
-27.328155335
 30
260.318095169
 11
307.155740880
 21
-17.434509390
 31
280.471818362
  0
ARC
  5
D49
330
A02
100
AcDbEntity
  8
f
100
AcDbCircle
 10
307.155740881
 20
-18.332177000
 30
280.912491553
 40
0.897667610
100
AcDbArc
 50
90.000000069
 51
-89.999999931
  0
LINE
  5
D4A
330
A02
100
AcDbEntity
  8
f
100
AcDbLine
 10
307.155740882
 20
-19.229844610
 30
281.353164744
 11
307.155740894
 21
-29.123490556
 31
261.199441552
  0
ARC
  5
D4B
330
A02
100
AcDbEntity
  8
f
100
AcDbCircle
 10
307.155740893
 20
-28.225822945
 30
260.758768360
 40
0.897667610
100
AcDbArc
 50
-89.999999931
 51
90.000000069
  0
LINE
  5
D4C
330
A02
100
AcDbEntity
  8
f
100
AcDbLine
 10
307.155740789
 20
58.598151542
 30
246.510329040
 11
307.155740772
 21
72.683429995
 31
217.818095113
  0
ARC
  5
D4D
330
A02
100
AcDbEntity
  8
f
100
AcDbCircle
 10
307.155740771
 20
73.581097606
 30
218.258768303
 40
0.897667611
100
AcDbArc
 50
90.000000069
 51
-89.999999931
  0
LINE
  5
D4E
330
A02
100
AcDbEntity
  8
f
100
AcDbLine
 10
307.155740770
 20
74.478765217
 30
218.699441493
 11
307.155740787
 21
60.393486763
 31
247.391675420
  0
ARC
  5
D4F
330
A02
100
AcDbEntity
  8
f
100
AcDbCircle
 10
307.155740788
 20
59.495819153
 30
246.951002230
 40
0.897667611
100
AcDbArc
 50
-89.999999931
 51
90.000000069
  0
LINE
  5
D50
330
A02
100
AcDbEntity
  8
f
100
AcDbLine
 10
307.155740797
 20
51.830169376
 30
221.258768315
 11
307.155740778
 21
67.161468900
 31
221.258768306
  0
ARC
  5
D51
330
A02
100
AcDbEntity
  8
f
100
AcDbCircle
 10
307.155740778
 20
67.161468900
 30
222.258768306
 40
0.897667611
100
AcDbArc
 50
-90.000000000
 51
90.000000069
  0
LINE
  5
D52
330
A02
100
AcDbEntity
  8
f
100
AcDbLine
 10
307.155740777
 20
68.059136511
 30
222.699441496
 11
307.155740787
 21
60.393486758
 31
238.314653979
  0
ARC
  5
D53
330
A02
100
AcDbEntity
  8
f
100
AcDbCircle
 10
307.155740788
 20
59.495819147
 30
237.873980789
 40
0.897667610
100
AcDbArc
 50
-89.999999931
 51
90.000000069
  0
LINE
  5
D54
330
A02
100
AcDbEntity
  8
f
100
AcDbLine
 10
307.155740789
 20
58.598151537
 30
238.314653980
 11
307.155740798
 21
50.932501766
 31
222.699441506
  0
ARC
  5
D55
330
A02
100
AcDbEntity
  8
f
100
AcDbCircle
 10
307.155740797
 20
51.830169377
 30
222.258768315
 40
0.000000001
100
AcDbArc
 50
-90.000000000
 51
-89.999999931
  0
LINE
  5
D56
330
A02
100
AcDbEntity
  8
f
100
AcDbLine
 10
307.155741003
 20
-119.874894716
 30
257.758768412
 11
307.155741031
 21
-143.589459311
 31
257.758768426
  0
ARC
  5
D57
330
A02
100
AcDbEntity
  8
f
100
AcDbCircle
 10
307.155741031
 20
-143.589459311
 30
256.758768426
 40
0.000000001
100
AcDbArc
 50
-90.000000000
 51
90.000000000
  0
LINE
  5
D58
330
A02
100
AcDbEntity
  8
f
100
AcDbLine
 10
307.155741031
 20
-143.589459312
 30
255.758768426
 11
307.155741003
 21
-119.874894717
 31
255.758768412
  0
ARC
  5
D59
330
A02
100
AcDbEntity
  8
f
100
AcDbCircle
 10
307.155741003
 20
-119.874894716
 30
256.758768412
 40
0.000000001
100
AcDbArc
 50
90.000000000
 51
-90.000000000
  0
LINE
  5
D5A
330
A02
100
AcDbEntity
  8
f
100
AcDbLine
 10
307.155741028
 20
-140.728155335
 30
260.318095234
 11
307.155741016
 21
-130.834509380
 31
280.471818445
  0
ARC
  5
D5B
330
A02
100
AcDbEntity
  8
f
100
AcDbCircle
 10
307.155741017
 20
-131.732177000
 30
280.912491618
 40
0.897667610
100
AcDbArc
 50
-89.999999931
 51
90.000000069
  0
LINE
  5
D5C
330
A02
100
AcDbEntity
  8
f
100
AcDbLine
 10
307.155741018
 20
-132.629844610
 30
281.353164809
 11
307.155741030
 21
-142.523490556
 31
261.199441616
  0
ARC
  5
D5D
330
A02
100
AcDbEntity
  8
f
100
AcDbCircle
 10
307.155741029
 20
-141.625822945
 30
260.758768425
 40
0.897667610
100
AcDbArc
 50
90.000000069
 51
-89.999999931
  0
LINE
  5
D5E
330
A02
100
AcDbEntity
  8
f
100
AcDbLine
 10
307.155741061
 20
-168.201848458
 30
246.510329168
 11
307.155741044
 21
-154.116570014
 31
217.818095260
  0
ARC
  5
D5F
330
A02
100
AcDbEntity
  8
f
100
AcDbCircle
 10
307.155741043
 20
-153.218902394
 30
218.258768431
 40
0.897667611
100
AcDbArc
 50
90.000000069
 51
-89.999999931
  0
LINE
  5
D60
330
A02
100
AcDbEntity
  8
f
100
AcDbLine
 10
307.155741042
 20
-152.321234783
 30
218.699441622
 11
307.155741058
 21
-166.406513227
 31
247.391675530
  0
ARC
  5
D61
330
A02
100
AcDbEntity
  8
f
100
AcDbCircle
 10
307.155741059
 20
-167.304180847
 30
246.951002358
 40
0.897667611
100
AcDbArc
 50
-89.999999931
 51
90.000000069
  0
LINE
  5
D62
330
A02
100
AcDbEntity
  8
f
100
AcDbLine
 10
307.155741069
 20
-174.969830624
 30
221.258768444
 11
307.155741050
 21
-159.638531100
 31
221.258768435
  0
ARC
  5
D63
330
A02
100
AcDbEntity
  8
f
100
AcDbCircle
 10
307.155741050
 20
-159.638531100
 30
222.258768435
 40
0.897667611
100
AcDbArc
 50
90.000000069
 51
-90.000000000
  0
LINE
  5
D64
330
A02
100
AcDbEntity
  8
f
100
AcDbLine
 10
307.155741049
 20
-158.740863489
 30
222.699441625
 11
307.155741058
 21
-166.406513242
 31
238.314654107
  0
ARC
  5
D65
330
A02
100
AcDbEntity
  8
f
100
AcDbCircle
 10
307.155741059
 20
-167.304180853
 30
237.873980917
 40
0.897667610
100
AcDbArc
 50
-89.999999931
 51
90.000000069
  0
LINE
  5
D66
330
A02
100
AcDbEntity
  8
f
100
AcDbLine
 10
307.155741061
 20
-168.201848463
 30
238.314654108
 11
307.155741070
 21
-175.867498234
 31
222.699441635
  0
ARC
  5
D67
330
A02
100
AcDbEntity
  8
f
100
AcDbCircle
 10
307.155741069
 20
-174.969830623
 30
222.258768444
 40
0.000000001
100
AcDbArc
 50
-90.000000000
 51
-89.999999931
  0
LINE
  5
D68
330
A02
100
AcDbEntity
  8
f
100
AcDbLine
 10
307.155740912
 20
-44.274894825
 30
65.258768370
 11
307.155740940
 21
-67.989459420
 31
65.258768383
  0
ARC
  5
D69
330
A02
100
AcDbEntity
  8
f
100
AcDbCircle
 10
307.155740940
 20
-67.989459420
 30
64.258768383
 40
0.000000001
100
AcDbArc
 50
-90.000000000
 51
90.000000000
  0
LINE
  5
D6A
330
A02
100
AcDbEntity
  8
f
100
AcDbLine
 10
307.155740940
 20
-67.989459421
 30
63.258768383
 11
307.155740912
 21
-44.274894826
 31
63.258768370
  0
ARC
  5
D6B
330
A02
100
AcDbEntity
  8
f
100
AcDbCircle
 10
307.155740912
 20
-44.274894826
 30
64.258768370
 40
0.000000001
100
AcDbArc
 50
90.000000000
 51
-90.000000000
  0
LINE
  5
D6C
330
A02
100
AcDbEntity
  8
f
100
AcDbLine
 10
307.155740906
 20
-38.921234871
 30
64.699441557
 11
307.155740922
 21
-53.006513324
 31
93.391675484
  0
ARC
  5
D6D
330
A02
100
AcDbEntity
  8
f
100
AcDbCircle
 10
307.155740924
 20
-53.904180935
 30
92.951002294
 40
0.897667611
100
AcDbArc
 50
90.000000069
 51
-89.999999931
  0
LINE
  5
D6E
330
A02
100
AcDbEntity
  8
f
100
AcDbLine
 10
307.155740925
 20
-54.801848546
 30
92.510329104
 11
307.155740908
 21
-40.716570093
 31
63.818095177
  0
ARC
  5
D6F
330
A02
100
AcDbEntity
  8
f
100
AcDbCircle
 10
307.155740907
 20
-39.818902482
 30
64.258768367
 40
0.897667611
100
AcDbArc
 50
-89.999999931
 51
90.000000069
  0
LINE
  5
D70
330
A02
100
AcDbEntity
  8
f
100
AcDbLine
 10
307.155740879
 20
-17.001848393
 30
362.010329083
 11
307.155740862
 21
-2.916569940
 31
333.318095155
  0
ARC
  5
D71
330
A02
100
AcDbEntity
  8
f
100
AcDbCircle
 10
307.155740861
 20
-2.018902329
 30
333.758768346
 40
0.897667611
100
AcDbArc
 50
-89.999999931
 51
90.000000069
  0
LINE
  5
D72
330
A02
100
AcDbEntity
  8
f
100
AcDbLine
 10
307.155740860
 20
-1.121234718
 30
334.199441536
 11
307.155740877
 21
-15.206513162
 31
362.891675444
  0
ARC
  5
D73
330
A02
100
AcDbEntity
  8
f
100
AcDbCircle
 10
307.155740878
 20
-16.104180782
 30
362.451002273
 40
0.897667611
100
AcDbArc
 50
-89.999999931
 51
90.000000069
  0
LINE
  5
D74
330
A02
100
AcDbEntity
  8
f
100
AcDbLine
 10
307.155740887
 20
-23.769830558
 30
336.758768358
 11
307.155740869
 21
-8.438531035
 31
336.758768349
  0
ARC
  5
D75
330
A02
100
AcDbEntity
  8
f
100
AcDbCircle
 10
307.155740869
 20
-8.438531034
 30
337.758768349
 40
0.897667611
100
AcDbArc
 50
-90.000000000
 51
90.000000069
  0
LINE
  5
D76
330
A02
100
AcDbEntity
  8
f
100
AcDbLine
 10
307.155740868
 20
-7.540863423
 30
338.199441539
 11
307.155740877
 21
-15.206513176
 31
353.814654022
  0
ARC
  5
D77
330
A02
100
AcDbEntity
  8
f
100
AcDbCircle
 10
307.155740878
 20
-16.104180787
 30
353.373980831
 40
0.897667610
100
AcDbArc
 50
-89.999999931
 51
90.000000069
  0
LINE
  5
D78
330
A02
100
AcDbEntity
  8
f
100
AcDbLine
 10
307.155740879
 20
-17.001848397
 30
353.814654023
 11
307.155740889
 21
-24.667498168
 31
338.199441549
  0
ARC
  5
D79
330
A02
100
AcDbEntity
  8
f
100
AcDbCircle
 10
307.155740887
 20
-23.769830558
 30
337.758768358
 40
0.000000001
100
AcDbArc
 50
-89.999999931
 51
-90.000000000
  0
LINE
  5
D7A
330
A02
100
AcDbEntity
  8
f
100
AcDbLine
 10
307.155741036
 20
-147.506513317
 30
106.125861318
 11
307.155741019
 21
-133.421234831
 31
134.818095230
  0
ARC
  5
D7B
330
A02
100
AcDbEntity
  8
f
100
AcDbCircle
 10
307.155741020
 20
-134.318902441
 30
135.258768421
 40
0.897667610
100
AcDbArc
 50
-89.999999931
 51
90.000000069
  0
LINE
  5
D7C
330
A02
100
AcDbEntity
  8
f
100
AcDbLine
 10
307.155741021
 20
-135.216570052
 30
135.699441612
 11
307.155741038
 21
-149.301848537
 31
107.007207701
  0
ARC
  5
D7D
330
A02
100
AcDbEntity
  8
f
100
AcDbCircle
 10
307.155741037
 20
-148.404180927
 30
106.566534510
 40
0.897667610
100
AcDbArc
 50
90.000000069
 51
-89.999999931
  0
LINE
  5
D7E
330
A02
100
AcDbEntity
  8
f
100
AcDbLine
 10
307.155741028
 20
-140.738531151
 30
132.258768424
 11
307.155741046
 21
-156.069830674
 31
132.258768433
  0
ARC
  5
D7F
330
A02
100
AcDbEntity
  8
f
100
AcDbCircle
 10
307.155741046
 20
-156.069830675
 30
131.258768433
 40
0.897667611
100
AcDbArc
 50
90.000000000
 51
-89.999999931
  0
LINE
  5
D80
330
A02
100
AcDbEntity
  8
f
100
AcDbLine
 10
307.155741047
 20
-156.967498286
 30
130.818095243
 11
307.155741038
 21
-149.301848533
 31
115.202882761
  0
ARC
  5
D81
330
A02
100
AcDbEntity
  8
f
100
AcDbCircle
 10
307.155741037
 20
-148.404180922
 30
115.643555951
 40
0.897667610
100
AcDbArc
 50
90.000000069
 51
-89.999999931
  0
LINE
  5
D82
330
A02
100
AcDbEntity
  8
f
100
AcDbLine
 10
307.155741036
 20
-147.506513312
 30
115.202882760
 11
307.155741027
 21
-139.840863541
 31
130.818095233
  0
ARC
  5
D83
330
A02
100
AcDbEntity
  8
f
100
AcDbCircle
 10
307.155741028
 20
-140.738531151
 30
131.258768424
 40
0.000000001
100
AcDbArc
 50
90.000000000
 51
90.000000069
  0
LINE
  5
D84
330
A02
100
AcDbEntity
  8
f
100
AcDbLine
 10
307.155740885
 20
-21.816569986
 30
251.199441547
 11
307.155740902
 21
-35.901848472
 31
222.507207636
  0
ARC
  5
D85
330
A02
100
AcDbEntity
  8
f
100
AcDbCircle
 10
307.155740901
 20
-35.004180862
 30
222.066534445
 40
0.897667610
100
AcDbArc
 50
-89.999999931
 51
90.000000069
  0
LINE
  5
D86
330
A02
100
AcDbEntity
  8
f
100
AcDbLine
 10
307.155740900
 20
-34.106513251
 30
221.625861254
 11
307.155740883
 21
-20.021234766
 31
250.318095165
  0
ARC
  5
D87
330
A02
100
AcDbEntity
  8
f
100
AcDbCircle
 10
307.155740884
 20
-20.918902376
 30
250.758768356
 40
0.897667610
100
AcDbArc
 50
90.000000069
 51
-89.999999931
  0
LINE
  5
D88
330
A02
100
AcDbEntity
  8
f
100
AcDbLine
 10
307.155740892
 20
-27.338531085
 30
247.758768360
 11
307.155740910
 21
-42.669830609
 31
247.758768369
  0
ARC
  5
D89
330
A02
100
AcDbEntity
  8
f
100
AcDbCircle
 10
307.155740910
 20
-42.669830609
 30
246.758768369
 40
0.897667611
100
AcDbArc
 50
90.000000000
 51
-89.999999931
  0
LINE
  5
D8A
330
A02
100
AcDbEntity
  8
f
100
AcDbLine
 10
307.155740911
 20
-43.567498220
 30
246.318095179
 11
307.155740902
 21
-35.901848467
 31
230.702882696
  0
ARC
  5
D8B
330
A02
100
AcDbEntity
  8
f
100
AcDbCircle
 10
307.155740901
 20
-35.004180856
 30
231.143555886
 40
0.897667610
100
AcDbArc
 50
90.000000069
 51
-89.999999931
  0
LINE
  5
D8C
330
A02
100
AcDbEntity
  8
f
100
AcDbLine
 10
307.155740900
 20
-34.106513246
 30
230.702882695
 11
307.155740891
 21
-26.440863475
 31
246.318095169
  0
ARC
  5
D8D
330
A02
100
AcDbEntity
  8
f
100
AcDbCircle
 10
307.155740892
 20
-27.338531086
 30
246.758768360
 40
0.000000001
100
AcDbArc
 50
90.000000000
 51
90.000000069
  0
LINE
  5
D8E
330
A02
100
AcDbEntity
  8
f
100
AcDbLine
 10
307.155740957
 20
-82.074894869
 30
-11.741231609
 11
307.155740986
 21
-105.789459464
 31
-11.741231596
  0
ARC
  5
D8F
330
A02
100
AcDbEntity
  8
f
100
AcDbCircle
 10
307.155740986
 20
-105.789459464
 30
-12.741231596
 40
0.000000001
100
AcDbArc
 50
-90.000000000
 51
90.000000000
  0
LINE
  5
D90
330
A02
100
AcDbEntity
  8
f
100
AcDbLine
 10
307.155740986
 20
-105.789459465
 30
-13.741231596
 11
307.155740957
 21
-82.074894870
 31
-13.741231609
  0
ARC
  5
D91
330
A02
100
AcDbEntity
  8
f
100
AcDbCircle
 10
307.155740957
 20
-82.074894869
 30
-12.741231609
 40
0.000000001
100
AcDbArc
 50
90.000000000
 51
-90.000000000
  0
LINE
  5
D92
330
A02
100
AcDbEntity
  8
f
100
AcDbLine
 10
307.155740973
 20
-94.829844763
 30
11.853164787
 11
307.155740984
 21
-104.723490699
 31
-8.300558387
  0
ARC
  5
D93
330
A02
100
AcDbEntity
  8
f
100
AcDbCircle
 10
307.155740983
 20
-103.825823098
 30
-8.741231597
 40
0.897667610
100
AcDbArc
 50
90.000000069
 51
-89.999999931
  0
LINE
  5
D94
330
A02
100
AcDbEntity
  8
f
100
AcDbLine
 10
307.155740982
 20
-102.928155488
 30
-9.181904788
 11
307.155740970
 21
-93.034509543
 31
10.971818405
  0
ARC
  5
D95
330
A02
100
AcDbEntity
  8
f
100
AcDbCircle
 10
307.155740972
 20
-93.932177153
 30
11.412491596
 40
0.897667610
100
AcDbArc
 50
-89.999999931
 51
90.000000069
  0
LINE
  5
D96
330
A02
100
AcDbEntity
  8
f
100
AcDbLine
 10
307.155740976
 20
-97.416570095
 30
58.699441590
 11
307.155740993
 21
-111.501848581
 31
30.007207679
  0
ARC
  5
D97
330
A02
100
AcDbEntity
  8
f
100
AcDbCircle
 10
307.155740992
 20
-110.604180971
 30
29.566534488
 40
0.897667610
100
AcDbArc
 50
-89.999999931
 51
90.000000069
  0
LINE
  5
D98
330
A02
100
AcDbEntity
  8
f
100
AcDbLine
 10
307.155740990
 20
-109.706513360
 30
29.125861297
 11
307.155740974
 21
-95.621234875
 31
57.818095208
  0
ARC
  5
D99
330
A02
100
AcDbEntity
  8
f
100
AcDbCircle
 10
307.155740975
 20
-96.518902485
 30
58.258768399
 40
0.897667610
100
AcDbArc
 50
90.000000069
 51
-89.999999931
  0
LINE
  5
D9A
330
A02
100
AcDbEntity
  8
f
100
AcDbLine
 10
307.155740982
 20
-102.938531194
 30
55.258768403
 11
307.155741001
 21
-118.269830718
 31
55.258768412
  0
ARC
  5
D9B
330
A02
100
AcDbEntity
  8
f
100
AcDbCircle
 10
307.155741001
 20
-118.269830719
 30
54.258768412
 40
0.897667611
100
AcDbArc
 50
90.000000000
 51
-89.999999931
  0
LINE
  5
D9C
330
A02
100
AcDbEntity
  8
f
100
AcDbLine
 10
307.155741002
 20
-119.167498329
 30
53.818095221
 11
307.155740993
 21
-111.501848576
 31
38.202882739
  0
ARC
  5
D9D
330
A02
100
AcDbEntity
  8
f
100
AcDbCircle
 10
307.155740992
 20
-110.604180966
 30
38.643555929
 40
0.897667610
100
AcDbArc
 50
-89.999999931
 51
90.000000069
  0
LINE
  5
D9E
330
A02
100
AcDbEntity
  8
f
100
AcDbLine
 10
307.155740990
 20
-109.706513355
 30
38.202882738
 11
307.155740981
 21
-102.040863585
 31
53.818095212
  0
ARC
  5
D9F
330
A02
100
AcDbEntity
  8
f
100
AcDbCircle
 10
307.155740982
 20
-102.938531195
 30
54.258768403
 40
0.000000001
100
AcDbArc
 50
90.000000000
 51
90.000000069
  0
LINE
  5
DA0
330
A02
100
AcDbEntity
  8
f
100
AcDbLine
 10
307.155740957
 20
-82.074894847
 30
26.758768391
 11
307.155740986
 21
-105.789459442
 31
26.758768404
  0
ARC
  5
DA1
330
A02
100
AcDbEntity
  8
f
100
AcDbCircle
 10
307.155740986
 20
-105.789459442
 30
25.758768404
 40
0.000000001
100
AcDbArc
 50
-90.000000000
 51
90.000000000
  0
LINE
  5
DA2
330
A02
100
AcDbEntity
  8
f
100
AcDbLine
 10
307.155740986
 20
-105.789459443
 30
24.758768404
 11
307.155740957
 21
-82.074894848
 31
24.758768391
  0
ARC
  5
DA3
330
A02
100
AcDbEntity
  8
f
100
AcDbCircle
 10
307.155740957
 20
-82.074894847
 30
25.758768391
 40
0.000000001
100
AcDbArc
 50
90.000000000
 51
-90.000000000
  0
LINE
  5
DA4
330
A02
100
AcDbEntity
  8
f
100
AcDbLine
 10
307.155740982
 20
-102.928155466
 30
29.318095212
 11
307.155740970
 21
-93.034509521
 31
49.471818405
  0
ARC
  5
DA5
330
A02
100
AcDbEntity
  8
f
100
AcDbCircle
 10
307.155740972
 20
-93.932177131
 30
49.912491596
 40
0.897667610
100
AcDbArc
 50
-89.999999931
 51
90.000000069
  0
LINE
  5
DA6
330
A02
100
AcDbEntity
  8
f
100
AcDbLine
 10
307.155740973
 20
-94.829844741
 30
50.353164787
 11
307.155740984
 21
-104.723490687
 31
30.199441595
  0
ARC
  5
DA7
330
A02
100
AcDbEntity
  8
f
100
AcDbCircle
 10
307.155740983
 20
-103.825823076
 30
29.758768403
 40
0.897667610
100
AcDbArc
 50
90.000000069
 51
-89.999999931
  0
LINE
  5
DA8
330
A02
100
AcDbEntity
  8
f
100
AcDbLine
 10
307.155740925
 20
-54.801848589
 30
15.510329104
 11
307.155740908
 21
-40.716570136
 31
-13.181904823
  0
ARC
  5
DA9
330
A02
100
AcDbEntity
  8
f
100
AcDbCircle
 10
307.155740907
 20
-39.818902525
 30
-12.741231633
 40
0.897667611
100
AcDbArc
 50
-89.999999931
 51
90.000000069
  0
LINE
  5
DAA
330
A02
100
AcDbEntity
  8
f
100
AcDbLine
 10
307.155740906
 20
-38.921234915
 30
-12.300558443
 11
307.155740922
 21
-53.006513368
 31
16.391675484
  0
ARC
  5
DAB
330
A02
100
AcDbEntity
  8
f
100
AcDbCircle
 10
307.155740924
 20
-53.904180979
 30
15.951002294
 40
0.897667611
100
AcDbArc
 50
90.000000069
 51
-89.999999931
  0
LINE
  5
DAC
330
A02
100
AcDbEntity
  8
f
100
AcDbLine
 10
307.155740933
 20
-61.569830755
 30
-9.741231621
 11
307.155740914
 21
-46.238531231
 31
-9.741231629
  0
ARC
  5
DAD
330
A02
100
AcDbEntity
  8
f
100
AcDbCircle
 10
307.155740914
 20
-46.238531231
 30
-8.741231629
 40
0.897667611
100
AcDbArc
 50
-90.000000000
 51
90.000000069
  0
LINE
  5
DAE
330
A02
100
AcDbEntity
  8
f
100
AcDbLine
 10
307.155740913
 20
-45.340863620
 30
-8.300558439
 11
307.155740922
 21
-53.006513373
 31
7.314654043
  0
ARC
  5
DAF
330
A02
100
AcDbEntity
  8
f
100
AcDbCircle
 10
307.155740924
 20
-53.904180984
 30
6.873980853
 40
0.897667610
100
AcDbArc
 50
-89.999999931
 51
90.000000069
  0
LINE
  5
DB0
330
A02
100
AcDbEntity
  8
f
100
AcDbLine
 10
307.155740925
 20
-54.801848594
 30
7.314654044
 11
307.155740934
 21
-62.467498365
 31
-8.300558429
  0
ARC
  5
DB1
330
A02
100
AcDbEntity
  8
f
100
AcDbCircle
 10
307.155740933
 20
-61.569830754
 30
-8.741231621
 40
0.000000001
100
AcDbArc
 50
-89.999999931
 51
-90.000000000
  0
LINE
  5
DB2
330
A02
100
AcDbEntity
  8
f
100
AcDbLine
 10
307.155741076
 20
-181.389459421
 30
63.258768447
 11
307.155741048
 21
-157.674894826
 31
63.258768434
  0
ARC
  5
DB3
330
A02
100
AcDbEntity
  8
f
100
AcDbCircle
 10
307.155741048
 20
-157.674894826
 30
64.258768434
 40
0.000000001
100
AcDbArc
 50
90.000000000
 51
-90.000000000
  0
LINE
  5
DB4
330
A02
100
AcDbEntity
  8
f
100
AcDbLine
 10
307.155741048
 20
-157.674894825
 30
65.258768434
 11
307.155741076
 21
-181.389459420
 31
65.258768447
  0
ARC
  5
DB5
330
A02
100
AcDbEntity
  8
f
100
AcDbCircle
 10
307.155741076
 20
-181.389459420
 30
64.258768447
 40
0.000000001
100
AcDbArc
 50
-90.000000000
 51
90.000000000
  0
LINE
  5
DB6
330
A02
100
AcDbEntity
  8
f
100
AcDbLine
 10
307.155741073
 20
-178.528155444
 30
67.818095255
 11
307.155741061
 21
-168.634509499
 31
87.971818448
  0
ARC
  5
DB7
330
A02
100
AcDbEntity
  8
f
100
AcDbCircle
 10
307.155741062
 20
-169.532177109
 30
88.412491639
 40
0.897667610
100
AcDbArc
 50
-89.999999931
 51
90.000000069
  0
LINE
  5
DB8
330
A02
100
AcDbEntity
  8
f
100
AcDbLine
 10
307.155741063
 20
-170.429844720
 30
88.853164830
 11
307.155741075
 21
-180.323490665
 31
68.699441637
  0
ARC
  5
DB9
330
A02
100
AcDbEntity
  8
f
100
AcDbCircle
 10
307.155741074
 20
-179.425823055
 30
68.258768446
 40
0.897667610
100
AcDbArc
 50
-89.999999931
 51
90.000000069
  0
LINE
  5
DBA
330
A02
100
AcDbEntity
  8
f
100
AcDbLine
 10
307.155741025
 20
-138.774894850
 30
20.758768423
 11
307.155741054
 21
-162.489459445
 31
20.758768437
  0
ARC
  5
DBB
330
A02
100
AcDbEntity
  8
f
100
AcDbCircle
 10
307.155741054
 20
-162.489459446
 30
19.758768437
 40
0.000000001
100
AcDbArc
 50
-90.000000000
 51
90.000000000
  0
LINE
  5
DBC
330
A02
100
AcDbEntity
  8
f
100
AcDbLine
 10
307.155741054
 20
-162.489459446
 30
18.758768437
 11
307.155741025
 21
-138.774894851
 31
18.758768423
  0
ARC
  5
DBD
330
A02
100
AcDbEntity
  8
f
100
AcDbCircle
 10
307.155741025
 20
-138.774894851
 30
19.758768423
 40
0.000000001
100
AcDbArc
 50
90.000000000
 51
-90.000000000
  0
LINE
  5
DBE
330
A02
100
AcDbEntity
  8
f
100
AcDbLine
 10
307.155741038
 20
-149.734509551
 30
-3.954281578
 11
307.155741050
 21
-159.628155483
 31
16.199441645
  0
ARC
  5
DBF
330
A02
100
AcDbEntity
  8
f
100
AcDbCircle
 10
307.155741051
 20
-160.525823084
 30
15.758768436
 40
0.897667611
100
AcDbArc
 50
-89.999999931
 51
90.000000069
  0
LINE
  5
DC0
330
A02
100
AcDbEntity
  8
f
100
AcDbLine
 10
307.155741052
 20
-161.423490695
 30
15.318095245
 11
307.155741041
 21
-151.529844773
 31
-4.835627959
  0
ARC
  5
DC1
330
A02
100
AcDbEntity
  8
f
100
AcDbCircle
 10
307.155741039
 20
-150.632177162
 30
-4.394954769
 40
0.897667611
100
AcDbArc
 50
90.000000069
 51
-89.999999931
  0
LINE
  5
DC2
330
A02
100
AcDbEntity
  8
f
100
AcDbLine
 10
307.155741003
 20
-119.874894694
 30
296.258768412
 11
307.155741031
 21
-143.589459289
 31
296.258768426
  0
ARC
  5
DC3
330
A02
100
AcDbEntity
  8
f
100
AcDbCircle
 10
307.155741031
 20
-143.589459289
 30
295.258768426
 40
0.000000001
100
AcDbArc
 50
-90.000000000
 51
90.000000000
  0
LINE
  5
DC4
330
A02
100
AcDbEntity
  8
f
100
AcDbLine
 10
307.155741031
 20
-143.589459290
 30
294.258768426
 11
307.155741003
 21
-119.874894695
 31
294.258768412
  0
ARC
  5
DC5
330
A02
100
AcDbEntity
  8
f
100
AcDbCircle
 10
307.155741003
 20
-119.874894694
 30
295.258768412
 40
0.000000001
100
AcDbArc
 50
90.000000000
 51
-90.000000000
  0
LINE
  5
DC6
330
A02
100
AcDbEntity
  8
f
100
AcDbLine
 10
307.155741015
 20
-130.401848414
 30
323.510329147
 11
307.155740998
 21
-116.316569973
 31
294.818095243
  0
ARC
  5
DC7
330
A02
100
AcDbEntity
  8
f
100
AcDbCircle
 10
307.155740997
 20
-115.418902351
 30
295.258768410
 40
0.897667611
100
AcDbArc
 50
90.000000069
 51
-89.999999931
  0
LINE
  5
DC8
330
A02
100
AcDbEntity
  8
f
100
AcDbLine
 10
307.155740996
 20
-114.521234740
 30
295.699441600
 11
307.155741013
 21
-128.606513184
 31
324.391675508
  0
ARC
  5
DC9
330
A02
100
AcDbEntity
  8
f
100
AcDbCircle
 10
307.155741014
 20
-129.504180804
 30
323.951002337
 40
0.897667611
100
AcDbArc
 50
-89.999999931
 51
90.000000069
  0
LINE
  5
DCA
330
A02
100
AcDbEntity
  8
f
100
AcDbLine
 10
307.155740846
 20
10.461468981
 30
363.258768338
 11
307.155740865
 21
-4.869830543
 31
363.258768347
  0
ARC
  5
DCB
330
A02
100
AcDbEntity
  8
f
100
AcDbCircle
 10
307.155740865
 20
-4.869830544
 30
362.258768347
 40
0.897667611
100
AcDbArc
 50
90.000000000
 51
-89.999999931
  0
LINE
  5
DCC
330
A02
100
AcDbEntity
  8
f
100
AcDbLine
 10
307.155740866
 20
-5.767498155
 30
361.818095157
 11
307.155740857
 21
1.898151598
 31
346.202882675
  0
ARC
  5
DCD
330
A02
100
AcDbEntity
  8
f
100
AcDbCircle
 10
307.155740856
 20
2.795819209
 30
346.643555865
 40
0.897667610
100
AcDbArc
 50
90.000000069
 51
-89.999999931
  0
LINE
  5
DCE
330
A02
100
AcDbEntity
  8
f
100
AcDbLine
 10
307.155740855
 20
3.693486820
 30
346.202882674
 11
307.155740845
 21
11.359136590
 31
361.818095147
  0
ARC
  5
DCF
330
A02
100
AcDbEntity
  8
f
100
AcDbCircle
 10
307.155740846
 20
10.461468980
 30
362.258768338
 40
0.000000001
100
AcDbArc
 50
90.000000069
 51
90.000000000
  0
LINE
  5
DD0
330
A02
100
AcDbEntity
  8
f
100
AcDbLine
 10
307.155740840
 20
15.983430079
 30
366.699441526
 11
307.155740857
 21
1.898151584
 31
338.007207596
  0
ARC
  5
DD1
330
A02
100
AcDbEntity
  8
f
100
AcDbCircle
 10
307.155740856
 20
2.795819204
 30
337.566534424
 40
0.897667610
100
AcDbArc
 50
90.000000069
 51
-89.999999931
  0
LINE
  5
DD2
330
A02
100
AcDbEntity
  8
f
100
AcDbLine
 10
307.155740855
 20
3.693486814
 30
337.125861233
 11
307.155740838
 21
17.778765300
 31
365.818095144
  0
ARC
  5
DD3
330
A02
100
AcDbEntity
  8
f
100
AcDbCircle
 10
307.155740839
 20
16.881097690
 30
366.258768335
 40
0.897667610
100
AcDbArc
 50
90.000000069
 51
-89.999999931
  0
LINE
  5
DD4
330
A02
100
AcDbEntity
  8
f
100
AcDbLine
 10
307.155740940
 20
-67.989459334
 30
217.258768383
 11
307.155740912
 21
-44.274894739
 31
217.258768370
  0
ARC
  5
DD5
330
A02
100
AcDbEntity
  8
f
100
AcDbCircle
 10
307.155740912
 20
-44.274894738
 30
218.258768370
 40
0.000000001
100
AcDbArc
 50
90.000000000
 51
-90.000000000
  0
LINE
  5
DD6
330
A02
100
AcDbEntity
  8
f
100
AcDbLine
 10
307.155740912
 20
-44.274894738
 30
219.258768370
 11
307.155740940
 21
-67.989459332
 31
219.258768383
  0
ARC
  5
DD7
330
A02
100
AcDbEntity
  8
f
100
AcDbCircle
 10
307.155740940
 20
-67.989459333
 30
218.258768383
 40
0.000000001
100
AcDbArc
 50
-90.000000000
 51
90.000000000
  0
LINE
  5
DD8
330
A02
100
AcDbEntity
  8
f
100
AcDbLine
 10
307.155740925
 20
-54.801848458
 30
246.510329104
 11
307.155740908
 21
-40.716570005
 31
217.818095177
  0
ARC
  5
DD9
330
A02
100
AcDbEntity
  8
f
100
AcDbCircle
 10
307.155740907
 20
-39.818902394
 30
218.258768367
 40
0.897667611
100
AcDbArc
 50
-89.999999931
 51
90.000000069
  0
LINE
  5
DDA
330
A02
100
AcDbEntity
  8
f
100
AcDbLine
 10
307.155740906
 20
-38.921234783
 30
218.699441557
 11
307.155740922
 21
-53.006513237
 31
247.391675484
  0
ARC
  5
DDB
330
A02
100
AcDbEntity
  8
f
100
AcDbCircle
 10
307.155740924
 20
-53.904180847
 30
246.951002294
 40
0.897667611
100
AcDbArc
 50
90.000000069
 51
-89.999999931
  0
LINE
  5
DDC
330
A02
100
AcDbEntity
  8
f
100
AcDbLine
 10
307.155740970
 20
-92.601848458
 30
246.510329125
 11
307.155740953
 21
-78.516569996
 31
217.818095179
  0
ARC
  5
DDD
330
A02
100
AcDbEntity
  8
f
100
AcDbCircle
 10
307.155740952
 20
-77.618902394
 30
218.258768388
 40
0.897667611
100
AcDbArc
 50
-89.999999931
 51
90.000000069
  0
LINE
  5
DDE
330
A02
100
AcDbEntity
  8
f
100
AcDbLine
 10
307.155740951
 20
-76.721234783
 30
218.699441579
 11
307.155740968
 21
-90.806513227
 31
247.391675487
  0
ARC
  5
DDF
330
A02
100
AcDbEntity
  8
f
100
AcDbCircle
 10
307.155740969
 20
-91.704180847
 30
246.951002316
 40
0.897667611
100
AcDbArc
 50
90.000000069
 51
-89.999999931
  0
LINE
  5
DE0
330
A02
100
AcDbEntity
  8
f
100
AcDbLine
 10
307.155740978
 20
-99.369830624
 30
221.258768401
 11
307.155740960
 21
-84.038531100
 31
221.258768392
  0
ARC
  5
DE1
330
A02
100
AcDbEntity
  8
f
100
AcDbCircle
 10
307.155740960
 20
-84.038531100
 30
222.258768392
 40
0.897667611
100
AcDbArc
 50
-90.000000000
 51
90.000000069
  0
LINE
  5
DE2
330
A02
100
AcDbEntity
  8
f
100
AcDbLine
 10
307.155740959
 20
-83.140863489
 30
222.699441582
 11
307.155740968
 21
-90.806513242
 31
238.314654065
  0
ARC
  5
DE3
330
A02
100
AcDbEntity
  8
f
100
AcDbCircle
 10
307.155740969
 20
-91.704180853
 30
237.873980874
 40
0.897667610
100
AcDbArc
 50
-89.999999931
 51
90.000000069
  0
LINE
  5
DE4
330
A02
100
AcDbEntity
  8
f
100
AcDbLine
 10
307.155740970
 20
-92.601848463
 30
238.314654066
 11
307.155740979
 21
-100.267498234
 31
222.699441592
  0
ARC
  5
DE5
330
A02
100
AcDbEntity
  8
f
100
AcDbCircle
 10
307.155740978
 20
-99.369830623
 30
222.258768401
 40
0.000000001
100
AcDbArc
 50
-90.000000000
 51
-89.999999931
  0
LINE
  5
DE6
330
A02
100
AcDbEntity
  8
f
100
AcDbLine
 10
307.155740980
 20
-100.974894719
 30
251.758768402
 11
307.155741008
 21
-124.689459314
 31
251.758768415
  0
ARC
  5
DE7
330
A02
100
AcDbEntity
  8
f
100
AcDbCircle
 10
307.155741008
 20
-124.689459315
 30
250.758768415
 40
0.000000001
100
AcDbArc
 50
-90.000000000
 51
90.000000000
  0
LINE
  5
DE8
330
A02
100
AcDbEntity
  8
f
100
AcDbLine
 10
307.155741008
 20
-124.689459315
 30
249.758768415
 11
307.155740980
 21
-100.974894720
 31
249.758768402
  0
ARC
  5
DE9
330
A02
100
AcDbEntity
  8
f
100
AcDbCircle
 10
307.155740980
 20
-100.974894720
 30
250.758768402
 40
0.000000001
100
AcDbArc
 50
90.000000000
 51
-90.000000000
  0
LINE
  5
DEA
330
A02
100
AcDbEntity
  8
f
100
AcDbLine
 10
307.155740993
 20
-111.934509420
 30
227.045718400
 11
307.155741005
 21
-121.828155352
 31
247.199441623
  0
ARC
  5
DEB
330
A02
100
AcDbEntity
  8
f
100
AcDbCircle
 10
307.155741006
 20
-122.725822953
 30
246.758768414
 40
0.897667611
100
AcDbArc
 50
-89.999999931
 51
90.000000069
  0
LINE
  5
DEC
330
A02
100
AcDbEntity
  8
f
100
AcDbLine
 10
307.155741007
 20
-123.623490564
 30
246.318095224
 11
307.155740995
 21
-113.729844642
 31
226.164372020
  0
ARC
  5
DED
330
A02
100
AcDbEntity
  8
f
100
AcDbCircle
 10
307.155740994
 20
-112.832177031
 30
226.605045210
 40
0.897667611
100
AcDbArc
 50
90.000000069
 51
-89.999999931
  0
LINE
  5
DEE
330
A02
100
AcDbEntity
  8
f
100
AcDbLine
 10
307.155740871
 20
-10.223490673
 30
53.818095160
 11
307.155740859
 21
-0.329844751
 31
33.664371955
  0
ARC
  5
DEF
330
A02
100
AcDbEntity
  8
f
100
AcDbCircle
 10
307.155740858
 20
0.567822860
 30
34.105045146
 40
0.897667611
100
AcDbArc
 50
-89.999999931
 51
90.000000069
  0
LINE
  5
DF0
330
A02
100
AcDbEntity
  8
f
100
AcDbLine
 10
307.155740857
 20
1.465490471
 30
34.545718336
 11
307.155740869
 21
-8.428155452
 31
54.699441540
  0
ARC
  5
DF1
330
A02
100
AcDbEntity
  8
f
100
AcDbCircle
 10
307.155740870
 20
-9.325823063
 30
54.258768350
 40
0.897667611
100
AcDbArc
 50
90.000000069
 51
-89.999999931
  0
LINE
  5
DF2
330
A02
100
AcDbEntity
  8
f
100
AcDbLine
 10
307.155740935
 20
-63.174894719
 30
251.758768380
 11
307.155740963
 21
-86.889459314
 31
251.758768394
  0
ARC
  5
DF3
330
A02
100
AcDbEntity
  8
f
100
AcDbCircle
 10
307.155740963
 20
-86.889459315
 30
250.758768394
 40
0.000000001
100
AcDbArc
 50
-90.000000000
 51
90.000000000
  0
LINE
  5
DF4
330
A02
100
AcDbEntity
  8
f
100
AcDbLine
 10
307.155740963
 20
-86.889459315
 30
249.758768394
 11
307.155740935
 21
-63.174894720
 31
249.758768380
  0
ARC
  5
DF5
330
A02
100
AcDbEntity
  8
f
100
AcDbCircle
 10
307.155740935
 20
-63.174894720
 30
250.758768380
 40
0.000000001
100
AcDbArc
 50
90.000000000
 51
-90.000000000
  0
LINE
  5
DF6
330
A02
100
AcDbEntity
  8
f
100
AcDbLine
 10
307.155740948
 20
-74.134509420
 30
227.045718379
 11
307.155740960
 21
-84.028155342
 31
247.199441583
  0
ARC
  5
DF7
330
A02
100
AcDbEntity
  8
f
100
AcDbCircle
 10
307.155740961
 20
-84.925822953
 30
246.758768393
 40
0.897667611
100
AcDbArc
 50
-89.999999931
 51
90.000000069
  0
LINE
  5
DF8
330
A02
100
AcDbEntity
  8
f
100
AcDbLine
 10
307.155740962
 20
-85.823490564
 30
246.318095203
 11
307.155740950
 21
-75.929844642
 31
226.164371998
  0
ARC
  5
DF9
330
A02
100
AcDbEntity
  8
f
100
AcDbCircle
 10
307.155740949
 20
-75.032177031
 30
226.605045189
 40
0.897667611
100
AcDbArc
 50
90.000000069
 51
-89.999999931
  0
LINE
  5
DFA
330
A02
100
AcDbEntity
  8
f
100
AcDbLine
 10
307.155740834
 20
20.798151564
 30
285.010329061
 11
307.155740817
 21
34.883430007
 31
256.318095153
  0
ARC
  5
DFB
330
A02
100
AcDbEntity
  8
f
100
AcDbCircle
 10
307.155740816
 20
35.781097628
 30
256.758768324
 40
0.897667611
100
AcDbArc
 50
-89.999999931
 51
90.000000069
  0
LINE
  5
DFC
330
A02
100
AcDbEntity
  8
f
100
AcDbLine
 10
307.155740815
 20
36.678765238
 30
257.199441514
 11
307.155740832
 21
22.593486785
 31
285.891675441
  0
ARC
  5
DFD
330
A02
100
AcDbEntity
  8
f
100
AcDbCircle
 10
307.155740833
 20
21.695819174
 30
285.451002251
 40
0.897667611
100
AcDbArc
 50
-89.999999931
 51
90.000000069
  0
LINE
  5
DFE
330
A02
100
AcDbEntity
  8
f
100
AcDbLine
 10
307.155740842
 20
14.030169398
 30
259.758768336
 11
307.155740824
 21
29.361468922
 31
259.758768328
  0
ARC
  5
DFF
330
A02
100
AcDbEntity
  8
f
100
AcDbCircle
 10
307.155740824
 20
29.361468922
 30
260.758768328
 40
0.897667611
100
AcDbArc
 50
-90.000000000
 51
90.000000069
  0
LINE
  5
E00
330
A02
100
AcDbEntity
  8
f
100
AcDbLine
 10
307.155740823
 20
30.259136533
 30
261.199441518
 11
307.155740832
 21
22.593486780
 31
276.814654000
  0
ARC
  5
E01
330
A02
100
AcDbEntity
  8
f
100
AcDbCircle
 10
307.155740833
 20
21.695819169
 30
276.373980810
 40
0.897667610
100
AcDbArc
 50
-89.999999931
 51
90.000000069
  0
LINE
  5
E02
330
A02
100
AcDbEntity
  8
f
100
AcDbLine
 10
307.155740834
 20
20.798151559
 30
276.814654001
 11
307.155740843
 21
13.132501788
 31
261.199441528
  0
ARC
  5
E03
330
A02
100
AcDbEntity
  8
f
100
AcDbCircle
 10
307.155740842
 20
14.030169399
 30
260.758768336
 40
0.000000001
100
AcDbArc
 50
-90.000000000
 51
-89.999999931
  0
LINE
  5
E04
330
A02
100
AcDbEntity
  8
f
100
AcDbLine
 10
307.155740801
 20
48.271844687
 30
298.818095126
 11
307.155740789
 21
58.165490632
 31
318.971818319
  0
ARC
  5
E05
330
A02
100
AcDbEntity
  8
f
100
AcDbCircle
 10
307.155740790
 20
57.267823022
 30
319.412491510
 40
0.897667610
100
AcDbArc
 50
90.000000069
 51
-89.999999931
  0
LINE
  5
E06
330
A02
100
AcDbEntity
  8
f
100
AcDbLine
 10
307.155740791
 20
56.370155412
 30
319.853164702
 11
307.155740803
 21
46.476509466
 31
299.699441509
  0
ARC
  5
E07
330
A02
100
AcDbEntity
  8
f
100
AcDbCircle
 10
307.155740802
 20
47.374177077
 30
299.258768318
 40
0.897667610
100
AcDbArc
 50
-89.999999931
 51
90.000000069
  0
LINE
  5
E08
330
A02
100
AcDbEntity
  8
f
100
AcDbLine
 10
307.155740889
 20
-25.374894850
 30
20.758768359
 11
307.155740918
 21
-49.089459445
 31
20.758768372
  0
ARC
  5
E09
330
A02
100
AcDbEntity
  8
f
100
AcDbCircle
 10
307.155740918
 20
-49.089459446
 30
19.758768372
 40
0.000000001
100
AcDbArc
 50
-90.000000000
 51
90.000000000
  0
LINE
  5
E0A
330
A02
100
AcDbEntity
  8
f
100
AcDbLine
 10
307.155740918
 20
-49.089459446
 30
18.758768372
 11
307.155740889
 21
-25.374894851
 31
18.758768359
  0
ARC
  5
E0B
330
A02
100
AcDbEntity
  8
f
100
AcDbCircle
 10
307.155740889
 20
-25.374894851
 30
19.758768359
 40
0.000000001
100
AcDbArc
 50
90.000000000
 51
-90.000000000
  0
LINE
  5
E0C
330
A02
100
AcDbEntity
  8
f
100
AcDbLine
 10
307.155740889
 20
-25.374894828
 30
59.258768359
 11
307.155740918
 21
-49.089459423
 31
59.258768372
  0
ARC
  5
E0D
330
A02
100
AcDbEntity
  8
f
100
AcDbCircle
 10
307.155740918
 20
-49.089459424
 30
58.258768372
 40
0.000000001
100
AcDbArc
 50
-90.000000000
 51
90.000000000
  0
LINE
  5
E0E
330
A02
100
AcDbEntity
  8
f
100
AcDbLine
 10
307.155740918
 20
-49.089459424
 30
57.258768372
 11
307.155740889
 21
-25.374894830
 31
57.258768359
  0
ARC
  5
E0F
330
A02
100
AcDbEntity
  8
f
100
AcDbCircle
 10
307.155740889
 20
-25.374894829
 30
58.258768359
 40
0.000000001
100
AcDbArc
 50
90.000000000
 51
-90.000000000
  0
LINE
  5
E10
330
A02
100
AcDbEntity
  8
f
100
AcDbLine
 10
307.155740903
 20
-36.334509529
 30
34.545718357
 11
307.155740914
 21
-46.228155452
 31
54.699441561
  0
ARC
  5
E11
330
A02
100
AcDbEntity
  8
f
100
AcDbCircle
 10
307.155740915
 20
-47.125823063
 30
54.258768371
 40
0.897667611
100
AcDbArc
 50
90.000000069
 51
-89.999999931
  0
LINE
  5
E12
330
A02
100
AcDbEntity
  8
f
100
AcDbLine
 10
307.155740917
 20
-48.023490673
 30
53.818095181
 11
307.155740905
 21
-38.129844751
 31
33.664371977
  0
ARC
  5
E13
330
A02
100
AcDbEntity
  8
f
100
AcDbCircle
 10
307.155740904
 20
-37.232177140
 30
34.105045167
 40
0.897667611
100
AcDbArc
 50
90.000000069
 51
-89.999999931
  0
LINE
  5
E14
330
A02
100
AcDbEntity
  8
f
100
AcDbLine
 10
307.155740821
 20
31.325105175
 30
65.258768327
 11
307.155740850
 21
7.610540580
 31
65.258768340
  0
ARC
  5
E15
330
A02
100
AcDbEntity
  8
f
100
AcDbCircle
 10
307.155740850
 20
7.610540580
 30
64.258768340
 40
0.000000001
100
AcDbArc
 50
-90.000000000
 51
90.000000000
  0
LINE
  5
E16
330
A02
100
AcDbEntity
  8
f
100
AcDbLine
 10
307.155740850
 20
7.610540579
 30
63.258768340
 11
307.155740821
 21
31.325105174
 31
63.258768327
  0
ARC
  5
E17
330
A02
100
AcDbEntity
  8
f
100
AcDbCircle
 10
307.155740821
 20
31.325105174
 30
64.258768327
 40
0.000000001
100
AcDbArc
 50
90.000000000
 51
-90.000000000
  0
LINE
  5
E18
330
A02
100
AcDbEntity
  8
f
100
AcDbLine
 10
307.155740837
 20
18.570155280
 30
88.853164723
 11
307.155740849
 21
8.676509344
 31
68.699441549
  0
ARC
  5
E19
330
A02
100
AcDbEntity
  8
f
100
AcDbCircle
 10
307.155740847
 20
9.574176945
 30
68.258768339
 40
0.897667610
100
AcDbArc
 50
-89.999999931
 51
90.000000069
  0
LINE
  5
E1A
330
A02
100
AcDbEntity
  8
f
100
AcDbLine
 10
307.155740846
 20
10.471844556
 30
67.818095148
 11
307.155740835
 21
20.365490501
 31
87.971818341
  0
ARC
  5
E1B
330
A02
100
AcDbEntity
  8
f
100
AcDbCircle
 10
307.155740836
 20
19.467822891
 30
88.412491532
 40
0.897667610
100
AcDbArc
 50
90.000000069
 51
-89.999999931
  0
LINE
  5
E1C
330
A02
100
AcDbEntity
  8
f
100
AcDbLine
 10
307.155740844
 20
12.425105325
 30
328.758768337
 11
307.155740872
 21
-11.289459270
 31
328.758768351
  0
ARC
  5
E1D
330
A02
100
AcDbEntity
  8
f
100
AcDbCircle
 10
307.155740872
 20
-11.289459271
 30
327.758768351
 40
0.000000001
100
AcDbArc
 50
-90.000000000
 51
90.000000000
  0
LINE
  5
E1E
330
A02
100
AcDbEntity
  8
f
100
AcDbLine
 10
307.155740872
 20
-11.289459271
 30
326.758768351
 11
307.155740844
 21
12.425105323
 31
326.758768337
  0
ARC
  5
E1F
330
A02
100
AcDbEntity
  8
f
100
AcDbCircle
 10
307.155740844
 20
12.425105324
 30
327.758768337
 40
0.000000001
100
AcDbArc
 50
90.000000000
 51
-90.000000000
  0
LINE
  5
E20
330
A02
100
AcDbEntity
  8
f
100
AcDbLine
 10
307.155740857
 20
1.465490624
 30
304.045718336
 11
307.155740869
 21
-8.428155299
 31
324.199441540
  0
ARC
  5
E21
330
A02
100
AcDbEntity
  8
f
100
AcDbCircle
 10
307.155740870
 20
-9.325822910
 30
323.758768350
 40
0.897667611
100
AcDbArc
 50
90.000000069
 51
-89.999999931
  0
LINE
  5
E22
330
A02
100
AcDbEntity
  8
f
100
AcDbLine
 10
307.155740871
 20
-10.223490520
 30
323.318095160
 11
307.155740859
 21
-0.329844607
 31
303.164371974
  0
ARC
  5
E23
330
A02
100
AcDbEntity
  8
f
100
AcDbCircle
 10
307.155740858
 20
0.567823013
 30
303.605045146
 40
0.897667611
100
AcDbArc
 50
-89.999999931
 51
90.000000069
  0
LINE
  5
E24
330
A02
100
AcDbEntity
  8
f
100
AcDbLine
 10
307.155740857
 20
1.465490493
 30
73.045718336
 11
307.155740869
 21
-8.428155430
 31
93.199441540
  0
ARC
  5
E25
330
A02
100
AcDbEntity
  8
f
100
AcDbCircle
 10
307.155740870
 20
-9.325823041
 30
92.758768350
 40
0.897667611
100
AcDbArc
 50
90.000000069
 51
-89.999999931
  0
LINE
  5
E26
330
A02
100
AcDbEntity
  8
f
100
AcDbLine
 10
307.155740871
 20
-10.223490651
 30
92.318095160
 11
307.155740859
 21
-0.329844729
 31
72.164371955
  0
ARC
  5
E27
330
A02
100
AcDbEntity
  8
f
100
AcDbCircle
 10
307.155740858
 20
0.567822882
 30
72.605045146
 40
0.897667611
100
AcDbArc
 50
-89.999999931
 51
90.000000069
  0
LINE
  5
E28
330
A02
100
AcDbEntity
  8
f
100
AcDbLine
 10
307.155741076
 20
-181.389459268
 30
332.758768447
 11
307.155741043
 21
-153.218902329
 31
332.758768431
  0
ARC
  5
E29
330
A02
100
AcDbEntity
  8
f
100
AcDbCircle
 10
307.155741043
 20
-153.218902329
 30
333.758768431
 40
0.897667611
100
AcDbArc
 50
-90.000000000
 51
90.000000069
  0
LINE
  5
E2A
330
A02
100
AcDbEntity
  8
f
100
AcDbLine
 10
307.155741042
 20
-152.321234718
 30
334.199441622
 11
307.155741058
 21
-166.406513171
 31
362.891675549
  0
ARC
  5
E2B
330
A02
100
AcDbEntity
  8
f
100
AcDbCircle
 10
307.155741059
 20
-167.304180782
 30
362.451002358
 40
0.897667610
100
AcDbArc
 50
-89.999999931
 51
90.000000069
  0
LINE
  5
E2C
330
A02
100
AcDbEntity
  8
f
100
AcDbLine
 10
307.155741061
 20
-168.201848392
 30
362.891675550
 11
307.155741077
 21
-182.287126878
 31
334.199441639
  0
ARC
  5
E2D
330
A02
100
AcDbEntity
  8
f
100
AcDbCircle
 10
307.155741076
 20
-181.389459267
 30
333.758768447
 40
0.000000001
100
AcDbArc
 50
-90.000000000
 51
-89.999999931
  0
LINE
  5
E2E
330
A02
100
AcDbEntity
  8
f
100
AcDbLine
 10
307.155740975
 20
-96.518902332
 30
328.758768399
 11
307.155741008
 21
-124.689459270
 31
328.758768415
  0
ARC
  5
E2F
330
A02
100
AcDbEntity
  8
f
100
AcDbCircle
 10
307.155741008
 20
-124.689459271
 30
327.758768415
 40
0.897667611
100
AcDbArc
 50
90.000000000
 51
-89.999999931
  0
LINE
  5
E30
330
A02
100
AcDbEntity
  8
f
100
AcDbLine
 10
307.155741009
 20
-125.587126882
 30
327.318095225
 11
307.155740993
 21
-111.501848429
 31
298.625861298
  0
ARC
  5
E31
330
A02
100
AcDbEntity
  8
f
100
AcDbCircle
 10
307.155740992
 20
-110.604180818
 30
299.066534488
 40
0.897667610
100
AcDbArc
 50
-89.999999931
 51
90.000000069
  0
LINE
  5
E32
330
A02
100
AcDbEntity
  8
f
100
AcDbLine
 10
307.155740990
 20
-109.706513207
 30
298.625861297
 11
307.155740974
 21
-95.621234722
 31
327.318095208
  0
ARC
  5
E33
330
A02
100
AcDbEntity
  8
f
100
AcDbCircle
 10
307.155740975
 20
-96.518902332
 30
327.758768399
 40
0.000000001
100
AcDbArc
 50
90.000000000
 51
90.000000069
  0
LINE
  5
E34
330
A02
100
AcDbEntity
  8
f
100
AcDbLine
 10
307.155740748
 20
92.481097647
 30
290.258768292
 11
307.155740782
 21
64.310540708
 31
290.258768308
  0
ARC
  5
E35
330
A02
100
AcDbEntity
  8
f
100
AcDbCircle
 10
307.155740782
 20
64.310540707
 30
289.258768308
 40
0.897667611
100
AcDbArc
 50
-89.999999931
 51
90.000000000
  0
LINE
  5
E36
330
A02
100
AcDbEntity
  8
f
100
AcDbLine
 10
307.155740783
 20
63.412873096
 30
288.818095118
 11
307.155740766
 21
77.498151550
 31
260.125861191
  0
ARC
  5
E37
330
A02
100
AcDbEntity
  8
f
100
AcDbCircle
 10
307.155740765
 20
78.395819160
 30
260.566534381
 40
0.897667610
100
AcDbArc
 50
90.000000069
 51
-89.999999931
  0
LINE
  5
E38
330
A02
100
AcDbEntity
  8
f
100
AcDbLine
 10
307.155740764
 20
79.293486771
 30
260.125861190
 11
307.155740747
 21
93.378765256
 31
288.818095101
  0
ARC
  5
E39
330
A02
100
AcDbEntity
  8
f
100
AcDbCircle
 10
307.155740748
 20
92.481097646
 30
289.258768292
 40
0.000000001
100
AcDbArc
 50
90.000000000
 51
90.000000069
  0
LINE
  5
E3A
330
A02
100
AcDbEntity
  8
f
100
AcDbLine
 10
307.155740975
 20
-96.518902310
 30
367.258768399
 11
307.155741008
 21
-124.689459248
 31
367.258768415
  0
ARC
  5
E3B
330
A02
100
AcDbEntity
  8
f
100
AcDbCircle
 10
307.155741008
 20
-124.689459249
 30
366.258768415
 40
0.897667611
100
AcDbArc
 50
90.000000000
 51
-89.999999931
  0
LINE
  5
E3C
330
A02
100
AcDbEntity
  8
f
100
AcDbLine
 10
307.155741009
 20
-125.587126860
 30
365.818095225
 11
307.155740993
 21
-111.501848407
 31
337.125861298
  0
ARC
  5
E3D
330
A02
100
AcDbEntity
  8
f
100
AcDbCircle
 10
307.155740992
 20
-110.604180796
 30
337.566534488
 40
0.897667610
100
AcDbArc
 50
-89.999999931
 51
90.000000069
  0
LINE
  5
E3E
330
A02
100
AcDbEntity
  8
f
100
AcDbLine
 10
307.155740990
 20
-109.706513186
 30
337.125861297
 11
307.155740974
 21
-95.621234700
 31
365.818095208
  0
ARC
  5
E3F
330
A02
100
AcDbEntity
  8
f
100
AcDbCircle
 10
307.155740975
 20
-96.518902310
 30
366.258768399
 40
0.000000001
100
AcDbArc
 50
90.000000000
 51
90.000000069
  0
LINE
  5
E40
330
A02
100
AcDbEntity
  8
f
100
AcDbLine
 10
307.155740748
 20
92.481097690
 30
367.258768292
 11
307.155740782
 21
64.310540752
 31
367.258768308
  0
ARC
  5
E41
330
A02
100
AcDbEntity
  8
f
100
AcDbCircle
 10
307.155740782
 20
64.310540751
 30
366.258768308
 40
0.897667611
100
AcDbArc
 50
-89.999999931
 51
90.000000000
  0
LINE
  5
E42
330
A02
100
AcDbEntity
  8
f
100
AcDbLine
 10
307.155740783
 20
63.412873140
 30
365.818095118
 11
307.155740766
 21
77.498151593
 31
337.125861191
  0
ARC
  5
E43
330
A02
100
AcDbEntity
  8
f
100
AcDbCircle
 10
307.155740765
 20
78.395819204
 30
337.566534381
 40
0.897667610
100
AcDbArc
 50
90.000000069
 51
-89.999999931
  0
LINE
  5
E44
330
A02
100
AcDbEntity
  8
f
100
AcDbLine
 10
307.155740764
 20
79.293486814
 30
337.125861190
 11
307.155740747
 21
93.378765300
 31
365.818095101
  0
ARC
  5
E45
330
A02
100
AcDbEntity
  8
f
100
AcDbCircle
 10
307.155740748
 20
92.481097690
 30
366.258768292
 40
0.000000001
100
AcDbArc
 50
90.000000000
 51
90.000000069
  0
LINE
  5
E46
330
A02
100
AcDbEntity
  8
f
100
AcDbLine
 10
307.155740940
 20
-67.989459268
 30
332.758768383
 11
307.155740907
 21
-39.818902329
 31
332.758768367
  0
ARC
  5
E47
330
A02
100
AcDbEntity
  8
f
100
AcDbCircle
 10
307.155740907
 20
-39.818902329
 30
333.758768367
 40
0.897667611
100
AcDbArc
 50
-90.000000000
 51
90.000000069
  0
LINE
  5
E48
330
A02
100
AcDbEntity
  8
f
100
AcDbLine
 10
307.155740906
 20
-38.921234718
 30
334.199441557
 11
307.155740922
 21
-53.006513171
 31
362.891675484
  0
ARC
  5
E49
330
A02
100
AcDbEntity
  8
f
100
AcDbCircle
 10
307.155740924
 20
-53.904180782
 30
362.451002294
 40
0.897667610
100
AcDbArc
 50
-89.999999931
 51
90.000000069
  0
LINE
  5
E4A
330
A02
100
AcDbEntity
  8
f
100
AcDbLine
 10
307.155740925
 20
-54.801848392
 30
362.891675485
 11
307.155740942
 21
-68.887126878
 31
334.199441574
  0
ARC
  5
E4B
330
A02
100
AcDbEntity
  8
f
100
AcDbCircle
 10
307.155740940
 20
-67.989459267
 30
333.758768383
 40
0.000000001
100
AcDbArc
 50
-90.000000000
 51
-89.999999931
  0
LINE
  5
E4C
330
A02
100
AcDbEntity
  8
f
100
AcDbLine
 10
307.155740986
 20
-105.789459312
 30
255.758768404
 11
307.155740952
 21
-77.618902373
 31
255.758768388
  0
ARC
  5
E4D
330
A02
100
AcDbEntity
  8
f
100
AcDbCircle
 10
307.155740952
 20
-77.618902372
 30
256.758768388
 40
0.897667611
100
AcDbArc
 50
-90.000000000
 51
90.000000069
  0
LINE
  5
E4E
330
A02
100
AcDbEntity
  8
f
100
AcDbLine
 10
307.155740951
 20
-76.721234762
 30
257.199441579
 11
307.155740968
 21
-90.806513215
 31
285.891675506
  0
ARC
  5
E4F
330
A02
100
AcDbEntity
  8
f
100
AcDbCircle
 10
307.155740969
 20
-91.704180826
 30
285.451002316
 40
0.897667610
100
AcDbArc
 50
-89.999999931
 51
90.000000069
  0
LINE
  5
E50
330
A02
100
AcDbEntity
  8
f
100
AcDbLine
 10
307.155740970
 20
-92.601848436
 30
285.891675507
 11
307.155740987
 21
-106.687126921
 31
257.199441596
  0
ARC
  5
E51
330
A02
100
AcDbEntity
  8
f
100
AcDbCircle
 10
307.155740986
 20
-105.789459311
 30
256.758768404
 40
0.000000001
100
AcDbArc
 50
-90.000000000
 51
-89.999999931
  0
LINE
  5
E52
330
A02
100
AcDbEntity
  8
f
100
AcDbLine
 10
307.155740793
 20
54.681097647
 30
290.258768313
 11
307.155740827
 21
26.510540708
 31
290.258768329
  0
ARC
  5
E53
330
A02
100
AcDbEntity
  8
f
100
AcDbCircle
 10
307.155740827
 20
26.510540707
 30
289.258768329
 40
0.897667611
100
AcDbArc
 50
-89.999999931
 51
90.000000000
  0
LINE
  5
E54
330
A02
100
AcDbEntity
  8
f
100
AcDbLine
 10
307.155740828
 20
25.612873096
 30
288.818095139
 11
307.155740811
 21
39.698151550
 31
260.125861212
  0
ARC
  5
E55
330
A02
100
AcDbEntity
  8
f
100
AcDbCircle
 10
307.155740810
 20
40.595819160
 30
260.566534402
 40
0.897667610
100
AcDbArc
 50
90.000000069
 51
-89.999999931
  0
LINE
  5
E56
330
A02
100
AcDbEntity
  8
f
100
AcDbLine
 10
307.155740809
 20
41.493486771
 30
260.125861211
 11
307.155740792
 21
55.578765256
 31
288.818095122
  0
ARC
  5
E57
330
A02
100
AcDbEntity
  8
f
100
AcDbCircle
 10
307.155740793
 20
54.681097646
 30
289.258768313
 40
0.000000001
100
AcDbArc
 50
90.000000069
 51
90.000000000
  0
LINE
  5
E58
330
A02
100
AcDbEntity
  8
f
100
AcDbLine
 10
307.155740884
 20
-20.918902353
 30
290.258768356
 11
307.155740918
 21
-49.089459292
 31
290.258768372
  0
ARC
  5
E59
330
A02
100
AcDbEntity
  8
f
100
AcDbCircle
 10
307.155740918
 20
-49.089459293
 30
289.258768372
 40
0.897667611
100
AcDbArc
 50
90.000000000
 51
-89.999999931
  0
LINE
  5
E5A
330
A02
100
AcDbEntity
  8
f
100
AcDbLine
 10
307.155740919
 20
-49.987126904
 30
288.818095182
 11
307.155740902
 21
-35.901848450
 31
260.125861255
  0
ARC
  5
E5B
330
A02
100
AcDbEntity
  8
f
100
AcDbCircle
 10
307.155740901
 20
-35.004180840
 30
260.566534445
 40
0.897667610
100
AcDbArc
 50
90.000000069
 51
-89.999999931
  0
LINE
  5
E5C
330
A02
100
AcDbEntity
  8
f
100
AcDbLine
 10
307.155740900
 20
-34.106513229
 30
260.125861254
 11
307.155740883
 21
-20.021234744
 31
288.818095165
  0
ARC
  5
E5D
330
A02
100
AcDbEntity
  8
f
100
AcDbCircle
 10
307.155740884
 20
-20.918902354
 30
289.258768356
 40
0.000000001
100
AcDbArc
 50
90.000000000
 51
90.000000069
  0
LINE
  5
E5E
330
A02
100
AcDbEntity
  8
f
100
AcDbLine
 10
307.155740884
 20
-20.918902332
 30
328.758768356
 11
307.155740918
 21
-49.089459270
 31
328.758768372
  0
ARC
  5
E5F
330
A02
100
AcDbEntity
  8
f
100
AcDbCircle
 10
307.155740918
 20
-49.089459271
 30
327.758768372
 40
0.897667611
100
AcDbArc
 50
90.000000000
 51
-89.999999931
  0
LINE
  5
E60
330
A02
100
AcDbEntity
  8
f
100
AcDbLine
 10
307.155740919
 20
-49.987126882
 30
327.318095182
 11
307.155740902
 21
-35.901848429
 31
298.625861255
  0
ARC
  5
E61
330
A02
100
AcDbEntity
  8
f
100
AcDbCircle
 10
307.155740901
 20
-35.004180818
 30
299.066534445
 40
0.897667610
100
AcDbArc
 50
90.000000069
 51
-89.999999931
  0
LINE
  5
E62
330
A02
100
AcDbEntity
  8
f
100
AcDbLine
 10
307.155740900
 20
-34.106513207
 30
298.625861254
 11
307.155740883
 21
-20.021234722
 31
327.318095165
  0
ARC
  5
E63
330
A02
100
AcDbEntity
  8
f
100
AcDbCircle
 10
307.155740884
 20
-20.918902332
 30
327.758768356
 40
0.000000001
100
AcDbArc
 50
90.000000000
 51
90.000000069
  0
LINE
  5
E64
330
A02
100
AcDbEntity
  8
f
100
AcDbLine
 10
307.155740850
 20
7.610540710
 30
294.258768340
 11
307.155740816
 21
35.781097649
 31
294.258768324
  0
ARC
  5
E65
330
A02
100
AcDbEntity
  8
f
100
AcDbCircle
 10
307.155740816
 20
35.781097649
 30
295.258768324
 40
0.897667611
100
AcDbArc
 50
-90.000000000
 51
90.000000069
  0
LINE
  5
E66
330
A02
100
AcDbEntity
  8
f
100
AcDbLine
 10
307.155740815
 20
36.678765260
 30
295.699441514
 11
307.155740832
 21
22.593486807
 31
324.391675441
  0
ARC
  5
E67
330
A02
100
AcDbEntity
  8
f
100
AcDbCircle
 10
307.155740833
 20
21.695819196
 30
323.951002251
 40
0.897667610
100
AcDbArc
 50
-89.999999931
 51
90.000000069
  0
LINE
  5
E68
330
A02
100
AcDbEntity
  8
f
100
AcDbLine
 10
307.155740834
 20
20.798151586
 30
324.391675442
 11
307.155740851
 21
6.712873100
 31
295.699441531
  0
ARC
  5
E69
330
A02
100
AcDbEntity
  8
f
100
AcDbCircle
 10
307.155740850
 20
7.610540711
 30
295.258768340
 40
0.000000001
100
AcDbArc
 50
-90.000000000
 51
-89.999999931
  0
LINE
  5
E6A
330
A02
100
AcDbEntity
  8
f
100
AcDbLine
 10
307.155740839
 20
16.881097647
 30
290.258768335
 11
307.155740872
 21
-11.289459292
 31
290.258768351
  0
ARC
  5
E6B
330
A02
100
AcDbEntity
  8
f
100
AcDbCircle
 10
307.155740872
 20
-11.289459293
 30
289.258768351
 40
0.897667611
100
AcDbArc
 50
90.000000000
 51
-89.999999931
  0
LINE
  5
E6C
330
A02
100
AcDbEntity
  8
f
100
AcDbLine
 10
307.155740874
 20
-12.187126904
 30
288.818095161
 11
307.155740857
 21
1.898151550
 31
260.125861234
  0
ARC
  5
E6D
330
A02
100
AcDbEntity
  8
f
100
AcDbCircle
 10
307.155740856
 20
2.795819160
 30
260.566534424
 40
0.897667610
100
AcDbArc
 50
90.000000069
 51
-89.999999931
  0
LINE
  5
E6E
330
A02
100
AcDbEntity
  8
f
100
AcDbLine
 10
307.155740855
 20
3.693486771
 30
260.125861233
 11
307.155740838
 21
17.778765256
 31
288.818095144
  0
ARC
  5
E6F
330
A02
100
AcDbEntity
  8
f
100
AcDbCircle
 10
307.155740839
 20
16.881097646
 30
289.258768335
 40
0.000000001
100
AcDbArc
 50
90.000000069
 51
90.000000000
  0
LINE
  5
E70
330
A02
100
AcDbEntity
  8
f
100
AcDbLine
 10
307.155740850
 20
7.610540666
 30
217.258768340
 11
307.155740816
 21
35.781097605
 31
217.258768324
  0
ARC
  5
E71
330
A02
100
AcDbEntity
  8
f
100
AcDbCircle
 10
307.155740816
 20
35.781097606
 30
218.258768324
 40
0.897667611
100
AcDbArc
 50
-90.000000000
 51
90.000000069
  0
LINE
  5
E72
330
A02
100
AcDbEntity
  8
f
100
AcDbLine
 10
307.155740815
 20
36.678765217
 30
218.699441514
 11
307.155740832
 21
22.593486763
 31
247.391675441
  0
ARC
  5
E73
330
A02
100
AcDbEntity
  8
f
100
AcDbCircle
 10
307.155740833
 20
21.695819153
 30
246.951002251
 40
0.897667610
100
AcDbArc
 50
-89.999999931
 51
90.000000069
  0
LINE
  5
E74
330
A02
100
AcDbEntity
  8
f
100
AcDbLine
 10
307.155740834
 20
20.798151542
 30
247.391675442
 11
307.155740851
 21
6.712873057
 31
218.699441531
  0
ARC
  5
E75
330
A02
100
AcDbEntity
  8
f
100
AcDbCircle
 10
307.155740850
 20
7.610540667
 30
218.258768340
 40
0.000000001
100
AcDbArc
 50
-90.000000000
 51
-89.999999931
  0
LINE
  5
E76
330
A02
100
AcDbEntity
  8
f
100
AcDbLine
 10
307.155740759
 20
83.210540666
 30
217.258768297
 11
307.155740725
 21
111.381097605
 31
217.258768281
  0
ARC
  5
E77
330
A02
100
AcDbEntity
  8
f
100
AcDbCircle
 10
307.155740725
 20
111.381097606
 30
218.258768281
 40
0.897667611
100
AcDbArc
 50
-90.000000000
 51
90.000000069
  0
LINE
  5
E78
330
A02
100
AcDbEntity
  8
f
100
AcDbLine
 10
307.155740724
 20
112.278765217
 30
218.699441471
 11
307.155740741
 21
98.193486763
 31
247.391675398
  0
ARC
  5
E79
330
A02
100
AcDbEntity
  8
f
100
AcDbCircle
 10
307.155740742
 20
97.295819153
 30
246.951002208
 40
0.897667610
100
AcDbArc
 50
90.000000069
 51
-89.999999931
  0
LINE
  5
E7A
330
A02
100
AcDbEntity
  8
f
100
AcDbLine
 10
307.155740743
 20
96.398151542
 30
247.391675399
 11
307.155740760
 21
82.312873057
 31
218.699441488
  0
ARC
  5
E7B
330
A02
100
AcDbEntity
  8
f
100
AcDbCircle
 10
307.155740759
 20
83.210540667
 30
218.258768297
 40
0.000000001
100
AcDbArc
 50
-90.000000000
 51
-89.999999931
  0
LINE
  5
E7C
330
A02
100
AcDbEntity
  8
f
100
AcDbLine
 10
307.155740759
 20
83.210540688
 30
255.758768297
 11
307.155740725
 21
111.381097627
 31
255.758768281
  0
ARC
  5
E7D
330
A02
100
AcDbEntity
  8
f
100
AcDbCircle
 10
307.155740725
 20
111.381097628
 30
256.758768281
 40
0.897667611
100
AcDbArc
 50
-90.000000000
 51
90.000000069
  0
LINE
  5
E7E
330
A02
100
AcDbEntity
  8
f
100
AcDbLine
 10
307.155740724
 20
112.278765238
 30
257.199441471
 11
307.155740741
 21
98.193486785
 31
285.891675398
  0
ARC
  5
E7F
330
A02
100
AcDbEntity
  8
f
100
AcDbCircle
 10
307.155740742
 20
97.295819174
 30
285.451002208
 40
0.897667610
100
AcDbArc
 50
90.000000069
 51
-89.999999931
  0
LINE
  5
E80
330
A02
100
AcDbEntity
  8
f
100
AcDbLine
 10
307.155740743
 20
96.398151564
 30
285.891675399
 11
307.155740760
 21
82.312873079
 31
257.199441488
  0
ARC
  5
E81
330
A02
100
AcDbEntity
  8
f
100
AcDbCircle
 10
307.155740759
 20
83.210540689
 30
256.758768297
 40
0.000000001
100
AcDbArc
 50
-90.000000000
 51
-89.999999931
  0
LINE
  5
E82
330
A02
100
AcDbEntity
  8
f
100
AcDbLine
 10
307.155740759
 20
83.210540710
 30
294.258768297
 11
307.155740725
 21
111.381097649
 31
294.258768281
  0
ARC
  5
E83
330
A02
100
AcDbEntity
  8
f
100
AcDbCircle
 10
307.155740725
 20
111.381097649
 30
295.258768281
 40
0.897667611
100
AcDbArc
 50
-90.000000000
 51
90.000000069
  0
LINE
  5
E84
330
A02
100
AcDbEntity
  8
f
100
AcDbLine
 10
307.155740724
 20
112.278765260
 30
295.699441471
 11
307.155740741
 21
98.193486807
 31
324.391675398
  0
ARC
  5
E85
330
A02
100
AcDbEntity
  8
f
100
AcDbCircle
 10
307.155740742
 20
97.295819196
 30
323.951002208
 40
0.897667610
100
AcDbArc
 50
90.000000069
 51
-89.999999931
  0
LINE
  5
E86
330
A02
100
AcDbEntity
  8
f
100
AcDbLine
 10
307.155740743
 20
96.398151586
 30
324.391675399
 11
307.155740760
 21
82.312873100
 31
295.699441488
  0
ARC
  5
E87
330
A02
100
AcDbEntity
  8
f
100
AcDbCircle
 10
307.155740759
 20
83.210540711
 30
295.258768297
 40
0.000000001
100
AcDbArc
 50
-90.000000000
 51
-89.999999931
  0
LINE
  5
E88
330
A02
100
AcDbEntity
  8
f
100
AcDbLine
 10
307.155741076
 20
-181.389459290
 30
294.258768447
 11
307.155741043
 21
-153.218902351
 31
294.258768431
  0
ARC
  5
E89
330
A02
100
AcDbEntity
  8
f
100
AcDbCircle
 10
307.155741043
 20
-153.218902351
 30
295.258768431
 40
0.897667611
100
AcDbArc
 50
-90.000000000
 51
90.000000069
  0
LINE
  5
E8A
330
A02
100
AcDbEntity
  8
f
100
AcDbLine
 10
307.155741042
 20
-152.321234740
 30
295.699441622
 11
307.155741058
 21
-166.406513193
 31
324.391675549
  0
ARC
  5
E8B
330
A02
100
AcDbEntity
  8
f
100
AcDbCircle
 10
307.155741059
 20
-167.304180804
 30
323.951002358
 40
0.897667610
100
AcDbArc
 50
-89.999999931
 51
90.000000069
  0
LINE
  5
E8C
330
A02
100
AcDbEntity
  8
f
100
AcDbLine
 10
307.155741061
 20
-168.201848414
 30
324.391675550
 11
307.155741077
 21
-182.287126900
 31
295.699441639
  0
ARC
  5
E8D
330
A02
100
AcDbEntity
  8
f
100
AcDbCircle
 10
307.155741076
 20
-181.389459289
 30
295.258768447
 40
0.000000001
100
AcDbArc
 50
-90.000000000
 51
-89.999999931
  0
LINE
  5
E8E
330
A02
100
AcDbEntity
  8
f
100
AcDbLine
 10
307.155741020
 20
-134.318902353
 30
290.258768421
 11
307.155741054
 21
-162.489459292
 31
290.258768437
  0
ARC
  5
E8F
330
A02
100
AcDbEntity
  8
f
100
AcDbCircle
 10
307.155741054
 20
-162.489459293
 30
289.258768437
 40
0.897667611
100
AcDbArc
 50
90.000000000
 51
-89.999999931
  0
LINE
  5
E90
330
A02
100
AcDbEntity
  8
f
100
AcDbLine
 10
307.155741055
 20
-163.387126904
 30
288.818095247
 11
307.155741038
 21
-149.301848450
 31
260.125861319
  0
ARC
  5
E91
330
A02
100
AcDbEntity
  8
f
100
AcDbCircle
 10
307.155741037
 20
-148.404180840
 30
260.566534510
 40
0.897667610
100
AcDbArc
 50
90.000000069
 51
-89.999999931
  0
LINE
  5
E92
330
A02
100
AcDbEntity
  8
f
100
AcDbLine
 10
307.155741036
 20
-147.506513229
 30
260.125861318
 11
307.155741019
 21
-133.421234744
 31
288.818095230
  0
ARC
  5
E93
330
A02
100
AcDbEntity
  8
f
100
AcDbCircle
 10
307.155741020
 20
-134.318902354
 30
289.258768421
 40
0.000000001
100
AcDbArc
 50
90.000000000
 51
90.000000069
  0
LINE
  5
E94
330
A02
100
AcDbEntity
  8
f
100
AcDbLine
 10
307.155740850
 20
7.610540732
 30
332.758768340
 11
307.155740816
 21
35.781097671
 31
332.758768324
  0
ARC
  5
E95
330
A02
100
AcDbEntity
  8
f
100
AcDbCircle
 10
307.155740816
 20
35.781097671
 30
333.758768324
 40
0.897667611
100
AcDbArc
 50
-90.000000000
 51
90.000000069
  0
LINE
  5
E96
330
A02
100
AcDbEntity
  8
f
100
AcDbLine
 10
307.155740815
 20
36.678765282
 30
334.199441514
 11
307.155740832
 21
22.593486829
 31
362.891675441
  0
ARC
  5
E97
330
A02
100
AcDbEntity
  8
f
100
AcDbCircle
 10
307.155740833
 20
21.695819218
 30
362.451002251
 40
0.897667610
100
AcDbArc
 50
-89.999999931
 51
90.000000069
  0
LINE
  5
E98
330
A02
100
AcDbEntity
  8
f
100
AcDbLine
 10
307.155740834
 20
20.798151608
 30
362.891675442
 11
307.155740851
 21
6.712873122
 31
334.199441531
  0
ARC
  5
E99
330
A02
100
AcDbEntity
  8
f
100
AcDbCircle
 10
307.155740850
 20
7.610540733
 30
333.758768340
 40
0.000000001
100
AcDbArc
 50
-90.000000000
 51
-89.999999931
  0
LINE
  5
E9A
330
A02
100
AcDbEntity
  8
f
100
AcDbLine
 10
307.155741020
 20
-134.318902375
 30
251.758768421
 11
307.155741054
 21
-162.489459314
 31
251.758768437
  0
ARC
  5
E9B
330
A02
100
AcDbEntity
  8
f
100
AcDbCircle
 10
307.155741054
 20
-162.489459315
 30
250.758768437
 40
0.897667611
100
AcDbArc
 50
90.000000000
 51
-89.999999931
  0
LINE
  5
E9C
330
A02
100
AcDbEntity
  8
f
100
AcDbLine
 10
307.155741055
 20
-163.387126925
 30
250.318095247
 11
307.155741038
 21
-149.301848472
 31
221.625861319
  0
ARC
  5
E9D
330
A02
100
AcDbEntity
  8
f
100
AcDbCircle
 10
307.155741037
 20
-148.404180862
 30
222.066534510
 40
0.897667610
100
AcDbArc
 50
90.000000069
 51
-89.999999931
  0
LINE
  5
E9E
330
A02
100
AcDbEntity
  8
f
100
AcDbLine
 10
307.155741036
 20
-147.506513251
 30
221.625861318
 11
307.155741019
 21
-133.421234766
 31
250.318095230
  0
ARC
  5
E9F
330
A02
100
AcDbEntity
  8
f
100
AcDbCircle
 10
307.155741020
 20
-134.318902376
 30
250.758768421
 40
0.000000001
100
AcDbArc
 50
90.000000000
 51
90.000000069
  0
LINE
  5
EA0
330
A02
100
AcDbEntity
  8
f
100
AcDbLine
 10
307.155740929
 20
-58.718902506
 30
20.758768378
 11
307.155740963
 21
-86.889459445
 31
20.758768394
  0
ARC
  5
EA1
330
A02
100
AcDbEntity
  8
f
100
AcDbCircle
 10
307.155740963
 20
-86.889459446
 30
19.758768394
 40
0.897667611
100
AcDbArc
 50
90.000000000
 51
-89.999999931
  0
LINE
  5
EA2
330
A02
100
AcDbEntity
  8
f
100
AcDbLine
 10
307.155740964
 20
-87.787127057
 30
19.318095204
 11
307.155740947
 21
-73.701848603
 31
-9.374138723
  0
ARC
  5
EA3
330
A02
100
AcDbEntity
  8
f
100
AcDbCircle
 10
307.155740946
 20
-72.804180993
 30
-8.933465533
 40
0.897667610
100
AcDbArc
 50
90.000000069
 51
-89.999999931
  0
LINE
  5
EA4
330
A02
100
AcDbEntity
  8
f
100
AcDbLine
 10
307.155740945
 20
-71.906513382
 30
-9.374138724
 11
307.155740928
 21
-57.821234897
 31
19.318095187
  0
ARC
  5
EA5
330
A02
100
AcDbEntity
  8
f
100
AcDbCircle
 10
307.155740929
 20
-58.718902507
 30
19.758768378
 40
0.000000001
100
AcDbArc
 50
90.000000000
 51
90.000000069
  0
LINE
  5
EA6
330
A02
100
AcDbEntity
  8
f
100
AcDbLine
 10
307.155740940
 20
-67.989459443
 30
24.758768383
 11
307.155740907
 21
-39.818902504
 31
24.758768367
  0
ARC
  5
EA7
330
A02
100
AcDbEntity
  8
f
100
AcDbCircle
 10
307.155740907
 20
-39.818902504
 30
25.758768367
 40
0.897667611
100
AcDbArc
 50
-90.000000000
 51
90.000000069
  0
LINE
  5
EA8
330
A02
100
AcDbEntity
  8
f
100
AcDbLine
 10
307.155740906
 20
-38.921234893
 30
26.199441557
 11
307.155740922
 21
-53.006513346
 31
54.891675484
  0
ARC
  5
EA9
330
A02
100
AcDbEntity
  8
f
100
AcDbCircle
 10
307.155740924
 20
-53.904180957
 30
54.451002294
 40
0.897667610
100
AcDbArc
 50
-89.999999931
 51
90.000000069
  0
LINE
  5
EAA
330
A02
100
AcDbEntity
  8
f
100
AcDbLine
 10
307.155740925
 20
-54.801848567
 30
54.891675485
 11
307.155740942
 21
-68.887127053
 31
26.199441574
  0
ARC
  5
EAB
330
A02
100
AcDbEntity
  8
f
100
AcDbCircle
 10
307.155740940
 20
-67.989459442
 30
25.758768383
 40
0.000000001
100
AcDbArc
 50
-90.000000000
 51
-89.999999931
  0
LINE
  5
EAC
330
A02
100
AcDbEntity
  8
f
100
AcDbLine
 10
307.155741031
 20
-143.589459465
 30
-13.741231574
 11
307.155740997
 21
-115.418902526
 31
-13.741231590
  0
ARC
  5
EAD
330
A02
100
AcDbEntity
  8
f
100
AcDbCircle
 10
307.155740997
 20
-115.418902525
 30
-12.741231590
 40
0.897667611
100
AcDbArc
 50
-90.000000000
 51
90.000000069
  0
LINE
  5
EAE
330
A02
100
AcDbEntity
  8
f
100
AcDbLine
 10
307.155740996
 20
-114.521234915
 30
-12.300558400
 11
307.155741013
 21
-128.606513368
 31
16.391675527
  0
ARC
  5
EAF
330
A02
100
AcDbEntity
  8
f
100
AcDbCircle
 10
307.155741014
 20
-129.504180979
 30
15.951002337
 40
0.897667610
100
AcDbArc
 50
-89.999999931
 51
90.000000069
  0
LINE
  5
EB0
330
A02
100
AcDbEntity
  8
f
100
AcDbLine
 10
307.155741015
 20
-130.401848589
 30
16.391675528
 11
307.155741032
 21
-144.487127074
 31
-12.300558383
  0
ARC
  5
EB1
330
A02
100
AcDbEntity
  8
f
100
AcDbCircle
 10
307.155741031
 20
-143.589459464
 30
-12.741231574
 40
0.000000001
100
AcDbArc
 50
-90.000000000
 51
-89.999999931
  0
LINE
  5
EB2
330
A02
100
AcDbEntity
  8
f
100
AcDbLine
 10
307.155741076
 20
-181.389459443
 30
24.758768447
 11
307.155741043
 21
-153.218902504
 31
24.758768431
  0
ARC
  5
EB3
330
A02
100
AcDbEntity
  8
f
100
AcDbCircle
 10
307.155741043
 20
-153.218902504
 30
25.758768431
 40
0.897667611
100
AcDbArc
 50
-90.000000000
 51
90.000000069
  0
LINE
  5
EB4
330
A02
100
AcDbEntity
  8
f
100
AcDbLine
 10
307.155741042
 20
-152.321234893
 30
26.199441622
 11
307.155741058
 21
-166.406513346
 31
54.891675549
  0
ARC
  5
EB5
330
A02
100
AcDbEntity
  8
f
100
AcDbCircle
 10
307.155741059
 20
-167.304180957
 30
54.451002358
 40
0.897667610
100
AcDbArc
 50
-89.999999931
 51
90.000000069
  0
LINE
  5
EB6
330
A02
100
AcDbEntity
  8
f
100
AcDbLine
 10
307.155741061
 20
-168.201848567
 30
54.891675550
 11
307.155741077
 21
-182.287127053
 31
26.199441639
  0
ARC
  5
EB7
330
A02
100
AcDbEntity
  8
f
100
AcDbCircle
 10
307.155741076
 20
-181.389459442
 30
25.758768447
 40
0.000000001
100
AcDbArc
 50
-90.000000000
 51
-89.999999931
  0
LINE
  5
EB8
330
A02
100
AcDbEntity
  8
f
100
AcDbLine
 10
307.155740975
 20
-96.518902419
 30
174.758768399
 11
307.155741008
 21
-124.689459358
 31
174.758768415
  0
ARC
  5
EB9
330
A02
100
AcDbEntity
  8
f
100
AcDbCircle
 10
307.155741008
 20
-124.689459358
 30
173.758768415
 40
0.897667611
100
AcDbArc
 50
90.000000000
 51
-89.999999931
  0
LINE
  5
EBA
330
A02
100
AcDbEntity
  8
f
100
AcDbLine
 10
307.155741009
 20
-125.587126969
 30
173.318095225
 11
307.155740993
 21
-111.501848516
 31
144.625861298
  0
ARC
  5
EBB
330
A02
100
AcDbEntity
  8
f
100
AcDbCircle
 10
307.155740992
 20
-110.604180905
 30
145.066534488
 40
0.897667610
100
AcDbArc
 50
-89.999999931
 51
90.000000069
  0
LINE
  5
EBC
330
A02
100
AcDbEntity
  8
f
100
AcDbLine
 10
307.155740990
 20
-109.706513295
 30
144.625861297
 11
307.155740974
 21
-95.621234809
 31
173.318095208
  0
ARC
  5
EBD
330
A02
100
AcDbEntity
  8
f
100
AcDbCircle
 10
307.155740975
 20
-96.518902420
 30
173.758768399
 40
0.000000001
100
AcDbArc
 50
90.000000000
 51
90.000000069
  0
LINE
  5
EBE
330
A02
100
AcDbEntity
  8
f
100
AcDbLine
 10
307.155740805
 20
45.410540601
 30
101.758768319
 11
307.155740771
 21
73.581097540
 31
101.758768303
  0
ARC
  5
EBF
330
A02
100
AcDbEntity
  8
f
100
AcDbCircle
 10
307.155740771
 20
73.581097540
 30
102.758768303
 40
0.897667611
100
AcDbArc
 50
-90.000000000
 51
90.000000069
  0
LINE
  5
EC0
330
A02
100
AcDbEntity
  8
f
100
AcDbLine
 10
307.155740770
 20
74.478765151
 30
103.199441493
 11
307.155740787
 21
60.393486698
 31
131.891675420
  0
ARC
  5
EC1
330
A02
100
AcDbEntity
  8
f
100
AcDbCircle
 10
307.155740788
 20
59.495819087
 30
131.451002230
 40
0.897667610
100
AcDbArc
 50
-89.999999931
 51
90.000000069
  0
LINE
  5
EC2
330
A02
100
AcDbEntity
  8
f
100
AcDbLine
 10
307.155740789
 20
58.598151477
 30
131.891675421
 11
307.155740806
 21
44.512872991
 31
103.199441510
  0
ARC
  5
EC3
330
A02
100
AcDbEntity
  8
f
100
AcDbCircle
 10
307.155740805
 20
45.410540601
 30
102.758768319
 40
0.000000001
100
AcDbArc
 50
-90.000000000
 51
-89.999999931
  0
LINE
  5
EC4
330
A02
100
AcDbEntity
  8
f
100
AcDbLine
 10
307.155740793
 20
54.681097515
 30
59.258768313
 11
307.155740827
 21
26.510540577
 31
59.258768329
  0
ARC
  5
EC5
330
A02
100
AcDbEntity
  8
f
100
AcDbCircle
 10
307.155740827
 20
26.510540576
 30
58.258768329
 40
0.897667611
100
AcDbArc
 50
-89.999999931
 51
90.000000000
  0
LINE
  5
EC6
330
A02
100
AcDbEntity
  8
f
100
AcDbLine
 10
307.155740828
 20
25.612872965
 30
57.818095139
 11
307.155740811
 21
39.698151418
 31
29.125861212
  0
ARC
  5
EC7
330
A02
100
AcDbEntity
  8
f
100
AcDbCircle
 10
307.155740810
 20
40.595819029
 30
29.566534402
 40
0.897667610
100
AcDbArc
 50
90.000000069
 51
-89.999999931
  0
LINE
  5
EC8
330
A02
100
AcDbEntity
  8
f
100
AcDbLine
 10
307.155740809
 20
41.493486640
 30
29.125861211
 11
307.155740792
 21
55.578765125
 31
57.818095122
  0
ARC
  5
EC9
330
A02
100
AcDbEntity
  8
f
100
AcDbCircle
 10
307.155740793
 20
54.681097515
 30
58.258768313
 40
0.000000001
100
AcDbArc
 50
90.000000069
 51
90.000000000
  0
LINE
  5
ECA
330
A02
100
AcDbEntity
  8
f
100
AcDbLine
 10
307.155740793
 20
54.681097494
 30
20.758768313
 11
307.155740827
 21
26.510540555
 31
20.758768329
  0
ARC
  5
ECB
330
A02
100
AcDbEntity
  8
f
100
AcDbCircle
 10
307.155740827
 20
26.510540554
 30
19.758768329
 40
0.897667611
100
AcDbArc
 50
-89.999999931
 51
90.000000000
  0
LINE
  5
ECC
330
A02
100
AcDbEntity
  8
f
100
AcDbLine
 10
307.155740828
 20
25.612872943
 30
19.318095139
 11
307.155740811
 21
39.698151397
 31
-9.374138788
  0
ARC
  5
ECD
330
A02
100
AcDbEntity
  8
f
100
AcDbCircle
 10
307.155740810
 20
40.595819007
 30
-8.933465598
 40
0.897667610
100
AcDbArc
 50
90.000000069
 51
-89.999999931
  0
LINE
  5
ECE
330
A02
100
AcDbEntity
  8
f
100
AcDbLine
 10
307.155740809
 20
41.493486618
 30
-9.374138789
 11
307.155740792
 21
55.578765103
 31
19.318095122
  0
ARC
  5
ECF
330
A02
100
AcDbEntity
  8
f
100
AcDbCircle
 10
307.155740793
 20
54.681097493
 30
19.758768313
 40
0.000000001
100
AcDbArc
 50
90.000000069
 51
90.000000000
  0
LINE
  5
ED0
330
A02
100
AcDbEntity
  8
f
100
AcDbLine
 10
307.155740759
 20
83.210540623
 30
140.258768297
 11
307.155740725
 21
111.381097561
 31
140.258768281
  0
ARC
  5
ED1
330
A02
100
AcDbEntity
  8
f
100
AcDbCircle
 10
307.155740725
 20
111.381097562
 30
141.258768281
 40
0.897667611
100
AcDbArc
 50
-90.000000000
 51
90.000000069
  0
LINE
  5
ED2
330
A02
100
AcDbEntity
  8
f
100
AcDbLine
 10
307.155740724
 20
112.278765173
 30
141.699441471
 11
307.155740741
 21
98.193486720
 31
170.391675398
  0
ARC
  5
ED3
330
A02
100
AcDbEntity
  8
f
100
AcDbCircle
 10
307.155740742
 20
97.295819109
 30
169.951002208
 40
0.897667610
100
AcDbArc
 50
90.000000069
 51
-89.999999931
  0
LINE
  5
ED4
330
A02
100
AcDbEntity
  8
f
100
AcDbLine
 10
307.155740743
 20
96.398151499
 30
170.391675399
 11
307.155740760
 21
82.312873013
 31
141.699441488
  0
ARC
  5
ED5
330
A02
100
AcDbEntity
  8
f
100
AcDbCircle
 10
307.155740759
 20
83.210540623
 30
141.258768297
 40
0.000000001
100
AcDbArc
 50
-90.000000000
 51
-89.999999931
  0
LINE
  5
ED6
330
A02
100
AcDbEntity
  8
f
100
AcDbLine
 10
307.155740850
 20
7.610540623
 30
140.258768340
 11
307.155740816
 21
35.781097561
 31
140.258768324
  0
ARC
  5
ED7
330
A02
100
AcDbEntity
  8
f
100
AcDbCircle
 10
307.155740816
 20
35.781097562
 30
141.258768324
 40
0.897667611
100
AcDbArc
 50
-90.000000000
 51
90.000000069
  0
LINE
  5
ED8
330
A02
100
AcDbEntity
  8
f
100
AcDbLine
 10
307.155740815
 20
36.678765173
 30
141.699441514
 11
307.155740832
 21
22.593486720
 31
170.391675441
  0
ARC
  5
ED9
330
A02
100
AcDbEntity
  8
f
100
AcDbCircle
 10
307.155740833
 20
21.695819109
 30
169.951002251
 40
0.897667610
100
AcDbArc
 50
-89.999999931
 51
90.000000069
  0
LINE
  5
EDA
330
A02
100
AcDbEntity
  8
f
100
AcDbLine
 10
307.155740834
 20
20.798151499
 30
170.391675442
 11
307.155740851
 21
6.712873013
 31
141.699441531
  0
ARC
  5
EDB
330
A02
100
AcDbEntity
  8
f
100
AcDbCircle
 10
307.155740850
 20
7.610540623
 30
141.258768340
 40
0.000000001
100
AcDbArc
 50
-90.000000000
 51
-89.999999931
  0
LINE
  5
EDC
330
A02
100
AcDbEntity
  8
f
100
AcDbLine
 10
307.155740748
 20
92.481097494
 30
20.758768292
 11
307.155740782
 21
64.310540555
 31
20.758768308
  0
ARC
  5
EDD
330
A02
100
AcDbEntity
  8
f
100
AcDbCircle
 10
307.155740782
 20
64.310540554
 30
19.758768308
 40
0.897667611
100
AcDbArc
 50
-89.999999931
 51
90.000000000
  0
LINE
  5
EDE
330
A02
100
AcDbEntity
  8
f
100
AcDbLine
 10
307.155740783
 20
63.412872943
 30
19.318095118
 11
307.155740766
 21
77.498151397
 31
-9.374138809
  0
ARC
  5
EDF
330
A02
100
AcDbEntity
  8
f
100
AcDbCircle
 10
307.155740765
 20
78.395819007
 30
-8.933465619
 40
0.897667610
100
AcDbArc
 50
90.000000069
 51
-89.999999931
  0
LINE
  5
EE0
330
A02
100
AcDbEntity
  8
f
100
AcDbLine
 10
307.155740764
 20
79.293486618
 30
-9.374138810
 11
307.155740747
 21
93.378765103
 31
19.318095101
  0
ARC
  5
EE1
330
A02
100
AcDbEntity
  8
f
100
AcDbCircle
 10
307.155740748
 20
92.481097493
 30
19.758768292
 40
0.000000001
100
AcDbArc
 50
90.000000000
 51
90.000000069
  0
LINE
  5
EE2
330
A02
100
AcDbEntity
  8
f
100
AcDbLine
 10
307.155740929
 20
-58.718902397
 30
213.258768378
 11
307.155740963
 21
-86.889459336
 31
213.258768394
  0
ARC
  5
EE3
330
A02
100
AcDbEntity
  8
f
100
AcDbCircle
 10
307.155740963
 20
-86.889459336
 30
212.258768394
 40
0.897667611
100
AcDbArc
 50
90.000000000
 51
-89.999999931
  0
LINE
  5
EE4
330
A02
100
AcDbEntity
  8
f
100
AcDbLine
 10
307.155740964
 20
-87.787126947
 30
211.818095204
 11
307.155740947
 21
-73.701848494
 31
183.125861277
  0
ARC
  5
EE5
330
A02
100
AcDbEntity
  8
f
100
AcDbCircle
 10
307.155740946
 20
-72.804180883
 30
183.566534467
 40
0.897667610
100
AcDbArc
 50
90.000000069
 51
-89.999999931
  0
LINE
  5
EE6
330
A02
100
AcDbEntity
  8
f
100
AcDbLine
 10
307.155740945
 20
-71.906513273
 30
183.125861276
 11
307.155740928
 21
-57.821234787
 31
211.818095187
  0
ARC
  5
EE7
330
A02
100
AcDbEntity
  8
f
100
AcDbCircle
 10
307.155740929
 20
-58.718902398
 30
212.258768378
 40
0.000000001
100
AcDbArc
 50
90.000000000
 51
90.000000069
  0
LINE
  5
EE8
330
A02
100
AcDbEntity
  8
f
100
AcDbLine
 10
307.155740884
 20
-20.918902397
 30
213.258768356
 11
307.155740918
 21
-49.089459336
 31
213.258768372
  0
ARC
  5
EE9
330
A02
100
AcDbEntity
  8
f
100
AcDbCircle
 10
307.155740918
 20
-49.089459336
 30
212.258768372
 40
0.897667611
100
AcDbArc
 50
90.000000000
 51
-89.999999931
  0
LINE
  5
EEA
330
A02
100
AcDbEntity
  8
f
100
AcDbLine
 10
307.155740919
 20
-49.987126947
 30
211.818095182
 11
307.155740902
 21
-35.901848494
 31
183.125861255
  0
ARC
  5
EEB
330
A02
100
AcDbEntity
  8
f
100
AcDbCircle
 10
307.155740901
 20
-35.004180883
 30
183.566534445
 40
0.897667610
100
AcDbArc
 50
90.000000069
 51
-89.999999931
  0
LINE
  5
EEC
330
A02
100
AcDbEntity
  8
f
100
AcDbLine
 10
307.155740900
 20
-34.106513273
 30
183.125861254
 11
307.155740883
 21
-20.021234787
 31
211.818095165
  0
ARC
  5
EED
330
A02
100
AcDbEntity
  8
f
100
AcDbCircle
 10
307.155740884
 20
-20.918902398
 30
212.258768356
 40
0.000000001
100
AcDbArc
 50
90.000000000
 51
90.000000069
  0
LINE
  5
EEE
330
A02
100
AcDbEntity
  8
f
100
AcDbLine
 10
307.155740986
 20
-105.789459421
 30
63.258768404
 11
307.155740952
 21
-77.618902482
 31
63.258768388
  0
ARC
  5
EEF
330
A02
100
AcDbEntity
  8
f
100
AcDbCircle
 10
307.155740952
 20
-77.618902482
 30
64.258768388
 40
0.897667611
100
AcDbArc
 50
-90.000000000
 51
90.000000069
  0
LINE
  5
EF0
330
A02
100
AcDbEntity
  8
f
100
AcDbLine
 10
307.155740951
 20
-76.721234871
 30
64.699441579
 11
307.155740968
 21
-90.806513324
 31
93.391675506
  0
ARC
  5
EF1
330
A02
100
AcDbEntity
  8
f
100
AcDbCircle
 10
307.155740969
 20
-91.704180935
 30
92.951002316
 40
0.897667610
100
AcDbArc
 50
-89.999999931
 51
90.000000069
  0
LINE
  5
EF2
330
A02
100
AcDbEntity
  8
f
100
AcDbLine
 10
307.155740970
 20
-92.601848545
 30
93.391675507
 11
307.155740987
 21
-106.687127031
 31
64.699441596
  0
ARC
  5
EF3
330
A02
100
AcDbEntity
  8
f
100
AcDbCircle
 10
307.155740986
 20
-105.789459420
 30
64.258768404
 40
0.000000001
100
AcDbArc
 50
-90.000000000
 51
-89.999999931
  0
LINE
  5
EF4
330
A02
100
AcDbEntity
  8
f
100
AcDbLine
 10
307.155740929
 20
-58.718902463
 30
97.758768378
 11
307.155740963
 21
-86.889459401
 31
97.758768394
  0
ARC
  5
EF5
330
A02
100
AcDbEntity
  8
f
100
AcDbCircle
 10
307.155740963
 20
-86.889459402
 30
96.758768394
 40
0.897667611
100
AcDbArc
 50
90.000000000
 51
-89.999999931
  0
LINE
  5
EF6
330
A02
100
AcDbEntity
  8
f
100
AcDbLine
 10
307.155740964
 20
-87.787127013
 30
96.318095204
 11
307.155740947
 21
-73.701848560
 31
67.625861277
  0
ARC
  5
EF7
330
A02
100
AcDbEntity
  8
f
100
AcDbCircle
 10
307.155740946
 20
-72.804180949
 30
68.066534467
 40
0.897667610
100
AcDbArc
 50
90.000000069
 51
-89.999999931
  0
LINE
  5
EF8
330
A02
100
AcDbEntity
  8
f
100
AcDbLine
 10
307.155740945
 20
-71.906513339
 30
67.625861276
 11
307.155740928
 21
-57.821234853
 31
96.318095187
  0
ARC
  5
EF9
330
A02
100
AcDbEntity
  8
f
100
AcDbCircle
 10
307.155740929
 20
-58.718902463
 30
96.758768378
 40
0.000000001
100
AcDbArc
 50
90.000000000
 51
90.000000069
  0
LINE
  5
EFA
330
A02
100
AcDbEntity
  8
f
100
AcDbLine
 10
307.155740895
 20
-30.189459443
 30
24.758768362
 11
307.155740861
 21
-2.018902504
 31
24.758768346
  0
ARC
  5
EFB
330
A02
100
AcDbEntity
  8
f
100
AcDbCircle
 10
307.155740861
 20
-2.018902504
 30
25.758768346
 40
0.897667611
100
AcDbArc
 50
-90.000000000
 51
90.000000069
  0
LINE
  5
EFC
330
A02
100
AcDbEntity
  8
f
100
AcDbLine
 10
307.155740860
 20
-1.121234893
 30
26.199441536
 11
307.155740877
 21
-15.206513346
 31
54.891675463
  0
ARC
  5
EFD
330
A02
100
AcDbEntity
  8
f
100
AcDbCircle
 10
307.155740878
 20
-16.104180957
 30
54.451002273
 40
0.897667610
100
AcDbArc
 50
-89.999999931
 51
90.000000069
  0
LINE
  5
EFE
330
A02
100
AcDbEntity
  8
f
100
AcDbLine
 10
307.155740879
 20
-17.001848567
 30
54.891675464
 11
307.155740896
 21
-31.087127053
 31
26.199441553
  0
ARC
  5
EFF
330
A02
100
AcDbEntity
  8
f
100
AcDbCircle
 10
307.155740895
 20
-30.189459442
 30
25.758768362
 40
0.000000001
100
AcDbArc
 50
-90.000000000
 51
-89.999999931
  0
LINE
  5
F00
330
A02
100
AcDbEntity
  8
f
100
AcDbLine
 10
307.155740895
 20
-30.189459399
 30
101.758768362
 11
307.155740861
 21
-2.018902460
 31
101.758768346
  0
ARC
  5
F01
330
A02
100
AcDbEntity
  8
f
100
AcDbCircle
 10
307.155740861
 20
-2.018902460
 30
102.758768346
 40
0.897667611
100
AcDbArc
 50
-90.000000000
 51
90.000000069
  0
LINE
  5
F02
330
A02
100
AcDbEntity
  8
f
100
AcDbLine
 10
307.155740860
 20
-1.121234849
 30
103.199441536
 11
307.155740877
 21
-15.206513302
 31
131.891675463
  0
ARC
  5
F03
330
A02
100
AcDbEntity
  8
f
100
AcDbCircle
 10
307.155740878
 20
-16.104180913
 30
131.451002273
 40
0.897667610
100
AcDbArc
 50
-89.999999931
 51
90.000000069
  0
LINE
  5
F04
330
A02
100
AcDbEntity
  8
f
100
AcDbLine
 10
307.155740879
 20
-17.001848523
 30
131.891675464
 11
307.155740896
 21
-31.087127009
 31
103.199441553
  0
ARC
  5
F05
330
A02
100
AcDbEntity
  8
f
100
AcDbCircle
 10
307.155740895
 20
-30.189459399
 30
102.758768362
 40
0.000000001
100
AcDbArc
 50
-90.000000000
 51
-89.999999931
  0
LINE
  5
F06
330
A02
100
AcDbEntity
  8
f
100
AcDbLine
 10
307.155740839
 20
16.881097559
 30
136.258768335
 11
307.155740872
 21
-11.289459380
 31
136.258768351
  0
ARC
  5
F07
330
A02
100
AcDbEntity
  8
f
100
AcDbCircle
 10
307.155740872
 20
-11.289459380
 30
135.258768351
 40
0.897667611
100
AcDbArc
 50
90.000000000
 51
-89.999999931
  0
LINE
  5
F08
330
A02
100
AcDbEntity
  8
f
100
AcDbLine
 10
307.155740874
 20
-12.187126991
 30
134.818095161
 11
307.155740857
 21
1.898151462
 31
106.125861234
  0
ARC
  5
F09
330
A02
100
AcDbEntity
  8
f
100
AcDbCircle
 10
307.155740856
 20
2.795819073
 30
106.566534424
 40
0.897667610
100
AcDbArc
 50
90.000000069
 51
-89.999999931
  0
LINE
  5
F0A
330
A02
100
AcDbEntity
  8
f
100
AcDbLine
 10
307.155740855
 20
3.693486683
 30
106.125861233
 11
307.155740838
 21
17.778765169
 31
134.818095144
  0
ARC
  5
F0B
330
A02
100
AcDbEntity
  8
f
100
AcDbCircle
 10
307.155740839
 20
16.881097559
 30
135.258768335
 40
0.000000001
100
AcDbArc
 50
90.000000069
 51
90.000000000
  0
LINE
  5
F0C
330
A02
100
AcDbEntity
  8
f
100
AcDbLine
 10
307.155741076
 20
-181.389459355
 30
178.758768447
 11
307.155741043
 21
-153.218902417
 31
178.758768431
  0
ARC
  5
F0D
330
A02
100
AcDbEntity
  8
f
100
AcDbCircle
 10
307.155741043
 20
-153.218902416
 30
179.758768431
 40
0.897667611
100
AcDbArc
 50
-90.000000000
 51
90.000000069
  0
LINE
  5
F0E
330
A02
100
AcDbEntity
  8
f
100
AcDbLine
 10
307.155741042
 20
-152.321234805
 30
180.199441622
 11
307.155741058
 21
-166.406513258
 31
208.891675549
  0
ARC
  5
F0F
330
A02
100
AcDbEntity
  8
f
100
AcDbCircle
 10
307.155741059
 20
-167.304180869
 30
208.451002358
 40
0.897667610
100
AcDbArc
 50
-89.999999931
 51
90.000000069
  0
LINE
  5
F10
330
A02
100
AcDbEntity
  8
f
100
AcDbLine
 10
307.155741061
 20
-168.201848480
 30
208.891675550
 11
307.155741077
 21
-182.287126965
 31
180.199441639
  0
ARC
  5
F11
330
A02
100
AcDbEntity
  8
f
100
AcDbCircle
 10
307.155741076
 20
-181.389459355
 30
179.758768447
 40
0.000000001
100
AcDbArc
 50
-90.000000000
 51
-89.999999931
  0
LINE
  5
F12
330
A02
100
AcDbEntity
  8
f
100
AcDbLine
 10
307.155741031
 20
-143.589459355
 30
178.758768426
 11
307.155740997
 21
-115.418902417
 31
178.758768410
  0
ARC
  5
F13
330
A02
100
AcDbEntity
  8
f
100
AcDbCircle
 10
307.155740997
 20
-115.418902416
 30
179.758768410
 40
0.897667611
100
AcDbArc
 50
-90.000000000
 51
90.000000069
  0
LINE
  5
F14
330
A02
100
AcDbEntity
  8
f
100
AcDbLine
 10
307.155740996
 20
-114.521234805
 30
180.199441600
 11
307.155741013
 21
-128.606513258
 31
208.891675527
  0
ARC
  5
F15
330
A02
100
AcDbEntity
  8
f
100
AcDbCircle
 10
307.155741014
 20
-129.504180869
 30
208.451002337
 40
0.897667610
100
AcDbArc
 50
-89.999999931
 51
90.000000069
  0
LINE
  5
F16
330
A02
100
AcDbEntity
  8
f
100
AcDbLine
 10
307.155741015
 20
-130.401848480
 30
208.891675528
 11
307.155741032
 21
-144.487126965
 31
180.199441617
  0
ARC
  5
F17
330
A02
100
AcDbEntity
  8
f
100
AcDbCircle
 10
307.155741031
 20
-143.589459355
 30
179.758768426
 40
0.000000001
100
AcDbArc
 50
-90.000000000
 51
-89.999999931
  0
LINE
  5
F18
330
A02
100
AcDbEntity
  8
f
100
AcDbLine
 10
307.155740759
 20
83.210540645
 30
178.758768297
 11
307.155740725
 21
111.381097583
 31
178.758768281
  0
ARC
  5
F19
330
A02
100
AcDbEntity
  8
f
100
AcDbCircle
 10
307.155740725
 20
111.381097584
 30
179.758768281
 40
0.897667611
100
AcDbArc
 50
-90.000000000
 51
90.000000069
  0
LINE
  5
F1A
330
A02
100
AcDbEntity
  8
f
100
AcDbLine
 10
307.155740724
 20
112.278765195
 30
180.199441471
 11
307.155740741
 21
98.193486742
 31
208.891675398
  0
ARC
  5
F1B
330
A02
100
AcDbEntity
  8
f
100
AcDbCircle
 10
307.155740742
 20
97.295819131
 30
208.451002208
 40
0.897667610
100
AcDbArc
 50
90.000000069
 51
-89.999999931
  0
LINE
  5
F1C
330
A02
100
AcDbEntity
  8
f
100
AcDbLine
 10
307.155740743
 20
96.398151520
 30
208.891675399
 11
307.155740760
 21
82.312873035
 31
180.199441488
  0
ARC
  5
F1D
330
A02
100
AcDbEntity
  8
f
100
AcDbCircle
 10
307.155740759
 20
83.210540645
 30
179.758768297
 40
0.000000001
100
AcDbArc
 50
-90.000000000
 51
-89.999999931
  0
LINE
  5
F1E
330
A02
100
AcDbEntity
  8
f
100
AcDbLine
 10
307.155740846
 20
10.461468828
 30
93.758768338
 11
307.155740865
 21
-4.869830696
 31
93.758768347
  0
ARC
  5
F1F
330
A02
100
AcDbEntity
  8
f
100
AcDbCircle
 10
307.155740865
 20
-4.869830697
 30
92.758768347
 40
0.897667611
100
AcDbArc
 50
90.000000000
 51
-89.999999931
  0
LINE
  5
F20
330
A02
100
AcDbEntity
  8
f
100
AcDbLine
 10
307.155740866
 20
-5.767498308
 30
92.318095157
 11
307.155740857
 21
1.898151445
 31
76.702882675
  0
ARC
  5
F21
330
A02
100
AcDbEntity
  8
f
100
AcDbCircle
 10
307.155740856
 20
2.795819056
 30
77.143555865
 40
0.897667610
100
AcDbArc
 50
90.000000069
 51
-89.999999931
  0
LINE
  5
F22
330
A02
100
AcDbEntity
  8
f
100
AcDbLine
 10
307.155740855
 20
3.693486667
 30
76.702882674
 11
307.155740845
 21
11.359136437
 31
92.318095147
  0
ARC
  5
F23
330
A02
100
AcDbEntity
  8
f
100
AcDbCircle
 10
307.155740846
 20
10.461468827
 30
92.758768338
 40
0.000000001
100
AcDbArc
 50
90.000000069
 51
90.000000000
  0
LINE
  5
F24
330
A02
100
AcDbEntity
  8
f
100
AcDbLine
 10
307.155740855
 20
3.693486661
 30
67.625861233
 11
307.155740838
 21
17.778765147
 31
96.318095144
  0
ARC
  5
F25
330
A02
100
AcDbEntity
  8
f
100
AcDbCircle
 10
307.155740839
 20
16.881097537
 30
96.758768335
 40
0.897667610
100
AcDbArc
 50
90.000000069
 51
-89.999999931
  0
LINE
  5
F26
330
A02
100
AcDbEntity
  8
f
100
AcDbLine
 10
307.155740840
 20
15.983429926
 30
97.199441526
 11
307.155740857
 21
1.898151441
 31
68.507207615
  0
ARC
  5
F27
330
A02
100
AcDbEntity
  8
f
100
AcDbCircle
 10
307.155740856
 20
2.795819051
 30
68.066534424
 40
0.897667610
100
AcDbArc
 50
90.000000069
 51
-89.999999931
  0
LINE
  5
F28
330
A02
100
AcDbEntity
  8
f
100
AcDbLine
 10
307.155740846
 20
10.461468959
 30
324.758768338
 11
307.155740865
 21
-4.869830565
 31
324.758768347
  0
ARC
  5
F29
330
A02
100
AcDbEntity
  8
f
100
AcDbCircle
 10
307.155740865
 20
-4.869830566
 30
323.758768347
 40
0.897667611
100
AcDbArc
 50
90.000000000
 51
-89.999999931
  0
LINE
  5
F2A
330
A02
100
AcDbEntity
  8
f
100
AcDbLine
 10
307.155740866
 20
-5.767498176
 30
323.318095157
 11
307.155740857
 21
1.898151577
 31
307.702882675
  0
ARC
  5
F2B
330
A02
100
AcDbEntity
  8
f
100
AcDbCircle
 10
307.155740856
 20
2.795819187
 30
308.143555865
 40
0.897667610
100
AcDbArc
 50
90.000000069
 51
-89.999999931
  0
LINE
  5
F2C
330
A02
100
AcDbEntity
  8
f
100
AcDbLine
 10
307.155740855
 20
3.693486798
 30
307.702882674
 11
307.155740845
 21
11.359136568
 31
323.318095147
  0
ARC
  5
F2D
330
A02
100
AcDbEntity
  8
f
100
AcDbCircle
 10
307.155740846
 20
10.461468958
 30
323.758768338
 40
0.000000001
100
AcDbArc
 50
90.000000069
 51
90.000000000
  0
LINE
  5
F2E
330
A02
100
AcDbEntity
  8
f
100
AcDbLine
 10
307.155740855
 20
3.693486793
 30
298.625861233
 11
307.155740838
 21
17.778765287
 31
327.318095163
  0
ARC
  5
F2F
330
A02
100
AcDbEntity
  8
f
100
AcDbCircle
 10
307.155740839
 20
16.881097668
 30
327.758768335
 40
0.897667610
100
AcDbArc
 50
90.000000069
 51
-89.999999931
  0
LINE
  5
F30
330
A02
100
AcDbEntity
  8
f
100
AcDbLine
 10
307.155740840
 20
15.983430058
 30
328.199441526
 11
307.155740857
 21
1.898151572
 31
299.507207615
  0
ARC
  5
F31
330
A02
100
AcDbEntity
  8
f
100
AcDbCircle
 10
307.155740856
 20
2.795819182
 30
299.066534424
 40
0.897667610
100
AcDbArc
 50
90.000000069
 51
-89.999999931
  0
LINE
  5
F32
330
A02
100
AcDbEntity
  8
f
100
AcDbLine
 10
307.155740721
 20
114.865490536
 30
150.045718271
 11
307.155740733
 21
104.971844614
 31
170.199441475
  0
ARC
  5
F33
330
A02
100
AcDbEntity
  8
f
100
AcDbCircle
 10
307.155740734
 20
104.074177003
 30
169.758768285
 40
0.897667611
100
AcDbArc
 50
-89.999999931
 51
90.000000069
  0
LINE
  5
F34
330
A02
100
AcDbEntity
  8
f
100
AcDbLine
 10
307.155740735
 20
103.176509392
 30
169.318095095
 11
307.155740723
 21
113.070155315
 31
149.164371891
  0
ARC
  5
F35
330
A02
100
AcDbEntity
  8
f
100
AcDbCircle
 10
307.155740722
 20
113.967822925
 30
149.605045081
 40
0.897667611
100
AcDbArc
 50
-89.999999931
 51
90.000000069
  0
LINE
  5
F36
330
A02
100
AcDbEntity
  8
f
100
AcDbLine
 10
307.155740842
 20
14.030169289
 30
67.258768336
 11
307.155740824
 21
29.361468812
 31
67.258768328
  0
ARC
  5
F37
330
A02
100
AcDbEntity
  8
f
100
AcDbCircle
 10
307.155740824
 20
29.361468813
 30
68.258768328
 40
0.897667611
100
AcDbArc
 50
-90.000000000
 51
90.000000069
  0
LINE
  5
F38
330
A02
100
AcDbEntity
  8
f
100
AcDbLine
 10
307.155740823
 20
30.259136424
 30
68.699441518
 11
307.155740832
 21
22.593486671
 31
84.314654000
  0
ARC
  5
F39
330
A02
100
AcDbEntity
  8
f
100
AcDbCircle
 10
307.155740833
 20
21.695819060
 30
83.873980810
 40
0.897667610
100
AcDbArc
 50
-89.999999931
 51
90.000000069
  0
LINE
  5
F3A
330
A02
100
AcDbEntity
  8
f
100
AcDbLine
 10
307.155740834
 20
20.798151450
 30
84.314654001
 11
307.155740843
 21
13.132501679
 31
68.699441528
  0
ARC
  5
F3B
330
A02
100
AcDbEntity
  8
f
100
AcDbCircle
 10
307.155740842
 20
14.030169289
 30
68.258768336
 40
0.000000001
100
AcDbArc
 50
-90.000000000
 51
-89.999999931
  0
LINE
  5
F3C
330
A02
100
AcDbEntity
  8
f
100
AcDbLine
 10
307.155740834
 20
20.798151454
 30
92.510329061
 11
307.155740817
 21
34.883429907
 31
63.818095134
  0
ARC
  5
F3D
330
A02
100
AcDbEntity
  8
f
100
AcDbCircle
 10
307.155740816
 20
35.781097518
 30
64.258768324
 40
0.897667611
100
AcDbArc
 50
-89.999999931
 51
90.000000069
  0
LINE
  5
F3E
330
A02
100
AcDbEntity
  8
f
100
AcDbLine
 10
307.155740815
 20
36.678765129
 30
64.699441514
 11
307.155740832
 21
22.593486676
 31
93.391675441
  0
ARC
  5
F3F
330
A02
100
AcDbEntity
  8
f
100
AcDbCircle
 10
307.155740833
 20
21.695819065
 30
92.951002251
 40
0.897667611
100
AcDbArc
 50
-89.999999931
 51
90.000000069
  0
LINE
  5
F40
330
A02
100
AcDbEntity
  8
f
100
AcDbLine
 10
307.155740721
 20
114.865490624
 30
304.045718271
 11
307.155740733
 21
104.971844701
 31
324.199441475
  0
ARC
  5
F41
330
A02
100
AcDbEntity
  8
f
100
AcDbCircle
 10
307.155740734
 20
104.074177090
 30
323.758768285
 40
0.897667611
100
AcDbArc
 50
-89.999999931
 51
90.000000069
  0
LINE
  5
F42
330
A02
100
AcDbEntity
  8
f
100
AcDbLine
 10
307.155740735
 20
103.176509480
 30
323.318095095
 11
307.155740723
 21
113.070155402
 31
303.164371891
  0
ARC
  5
F43
330
A02
100
AcDbEntity
  8
f
100
AcDbCircle
 10
307.155740722
 20
113.967823013
 30
303.605045081
 40
0.897667611
100
AcDbArc
 50
-89.999999931
 51
90.000000069
  0
LINE
  5
F44
330
A02
100
AcDbEntity
  8
f
100
AcDbLine
 10
307.155740892
 20
-27.338531194
 30
55.258768360
 11
307.155740910
 21
-42.669830718
 31
55.258768369
  0
ARC
  5
F45
330
A02
100
AcDbEntity
  8
f
100
AcDbCircle
 10
307.155740910
 20
-42.669830719
 30
54.258768369
 40
0.897667611
100
AcDbArc
 50
90.000000000
 51
-89.999999931
  0
LINE
  5
F46
330
A02
100
AcDbEntity
  8
f
100
AcDbLine
 10
307.155740911
 20
-43.567498329
 30
53.818095179
 11
307.155740902
 21
-35.901848576
 31
38.202882696
  0
ARC
  5
F47
330
A02
100
AcDbEntity
  8
f
100
AcDbCircle
 10
307.155740901
 20
-35.004180966
 30
38.643555886
 40
0.897667610
100
AcDbArc
 50
90.000000069
 51
-89.999999931
  0
LINE
  5
F48
330
A02
100
AcDbEntity
  8
f
100
AcDbLine
 10
307.155740900
 20
-34.106513355
 30
38.202882695
 11
307.155740891
 21
-26.440863585
 31
53.818095169
  0
ARC
  5
F49
330
A02
100
AcDbEntity
  8
f
100
AcDbCircle
 10
307.155740892
 20
-27.338531195
 30
54.258768360
 40
0.000000001
100
AcDbArc
 50
90.000000000
 51
90.000000069
  0
LINE
  5
F4A
330
A02
100
AcDbEntity
  8
f
100
AcDbLine
 10
307.155740885
 20
-21.816570095
 30
58.699441547
 11
307.155740902
 21
-35.901848581
 31
30.007207636
  0
ARC
  5
F4B
330
A02
100
AcDbEntity
  8
f
100
AcDbCircle
 10
307.155740901
 20
-35.004180971
 30
29.566534445
 40
0.897667610
100
AcDbArc
 50
-89.999999931
 51
90.000000069
  0
LINE
  5
F4C
330
A02
100
AcDbEntity
  8
f
100
AcDbLine
 10
307.155740900
 20
-34.106513360
 30
29.125861254
 11
307.155740883
 21
-20.021234875
 31
57.818095165
  0
ARC
  5
F4D
330
A02
100
AcDbEntity
  8
f
100
AcDbCircle
 10
307.155740884
 20
-20.918902485
 30
58.258768356
 40
0.897667610
100
AcDbArc
 50
90.000000069
 51
-89.999999931
  0
LINE
  5
F4E
330
A02
100
AcDbEntity
  8
f
100
AcDbLine
 10
307.155740735
 20
103.176509458
 30
284.818095095
 11
307.155740723
 21
113.070155371
 31
264.664371910
  0
ARC
  5
F4F
330
A02
100
AcDbEntity
  8
f
100
AcDbCircle
 10
307.155740722
 20
113.967822991
 30
265.105045081
 40
0.897667611
100
AcDbArc
 50
90.000000069
 51
-89.999999931
  0
LINE
  5
F50
330
A02
100
AcDbEntity
  8
f
100
AcDbLine
 10
307.155740721
 20
114.865490602
 30
265.545718271
 11
307.155740733
 21
104.971844679
 31
285.699441475
  0
ARC
  5
F51
330
A02
100
AcDbEntity
  8
f
100
AcDbCircle
 10
307.155740734
 20
104.074177069
 30
285.258768285
 40
0.897667611
100
AcDbArc
 50
-89.999999931
 51
90.000000069
  0
LINE
  5
F52
330
A02
100
AcDbEntity
  8
f
100
AcDbLine
 10
307.155740892
 20
-27.338531216
 30
16.758768360
 11
307.155740910
 21
-42.669830740
 31
16.758768369
  0
ARC
  5
F53
330
A02
100
AcDbEntity
  8
f
100
AcDbCircle
 10
307.155740910
 20
-42.669830740
 30
15.758768369
 40
0.897667611
100
AcDbArc
 50
90.000000000
 51
-89.999999931
  0
LINE
  5
F54
330
A02
100
AcDbEntity
  8
f
100
AcDbLine
 10
307.155740911
 20
-43.567498351
 30
15.318095179
 11
307.155740902
 21
-35.901848598
 31
-0.297117304
  0
ARC
  5
F55
330
A02
100
AcDbEntity
  8
f
100
AcDbCircle
 10
307.155740901
 20
-35.004180987
 30
0.143555886
 40
0.897667610
100
AcDbArc
 50
90.000000069
 51
-89.999999931
  0
LINE
  5
F56
330
A02
100
AcDbEntity
  8
f
100
AcDbLine
 10
307.155740900
 20
-34.106513377
 30
-0.297117305
 11
307.155740891
 21
-26.440863606
 31
15.318095169
  0
ARC
  5
F57
330
A02
100
AcDbEntity
  8
f
100
AcDbCircle
 10
307.155740892
 20
-27.338531217
 30
15.758768360
 40
0.000000001
100
AcDbArc
 50
90.000000000
 51
90.000000069
  0
LINE
  5
F58
330
A02
100
AcDbEntity
  8
f
100
AcDbLine
 10
307.155740903
 20
-36.334509551
 30
-3.954281643
 11
307.155740914
 21
-46.228155474
 31
16.199441561
  0
ARC
  5
F59
330
A02
100
AcDbEntity
  8
f
100
AcDbCircle
 10
307.155740915
 20
-47.125823084
 30
15.758768371
 40
0.897667611
100
AcDbArc
 50
90.000000069
 51
-89.999999931
  0
LINE
  5
F5A
330
A02
100
AcDbEntity
  8
f
100
AcDbLine
 10
307.155740917
 20
-48.023490695
 30
15.318095181
 11
307.155740905
 21
-38.129844773
 31
-4.835628023
  0
ARC
  5
F5B
330
A02
100
AcDbEntity
  8
f
100
AcDbCircle
 10
307.155740904
 20
-37.232177162
 30
-4.394954833
 40
0.897667611
100
AcDbArc
 50
90.000000069
 51
-89.999999931
  0
LINE
  5
F5C
330
A02
100
AcDbEntity
  8
f
100
AcDbLine
 10
307.155740797
 20
51.830169420
 30
298.258768315
 11
307.155740778
 21
67.161468944
 31
298.258768306
  0
ARC
  5
F5D
330
A02
100
AcDbEntity
  8
f
100
AcDbCircle
 10
307.155740778
 20
67.161468944
 30
299.258768306
 40
0.897667611
100
AcDbArc
 50
-90.000000000
 51
90.000000069
  0
LINE
  5
F5E
330
A02
100
AcDbEntity
  8
f
100
AcDbLine
 10
307.155740777
 20
68.059136555
 30
299.699441496
 11
307.155740787
 21
60.393486802
 31
315.314653979
  0
ARC
  5
F5F
330
A02
100
AcDbEntity
  8
f
100
AcDbCircle
 10
307.155740788
 20
59.495819191
 30
314.873980789
 40
0.897667610
100
AcDbArc
 50
-89.999999931
 51
90.000000069
  0
LINE
  5
F60
330
A02
100
AcDbEntity
  8
f
100
AcDbLine
 10
307.155740789
 20
58.598151581
 30
315.314653980
 11
307.155740798
 21
50.932501810
 31
299.699441506
  0
ARC
  5
F61
330
A02
100
AcDbEntity
  8
f
100
AcDbCircle
 10
307.155740797
 20
51.830169420
 30
299.258768315
 40
0.000000001
100
AcDbArc
 50
-90.000000000
 51
-89.999999931
  0
LINE
  5
F62
330
A02
100
AcDbEntity
  8
f
100
AcDbLine
 10
307.155740805
 20
45.410540710
 30
294.258768319
 11
307.155740776
 21
69.125105305
 31
294.258768305
  0
ARC
  5
F63
330
A02
100
AcDbEntity
  8
f
100
AcDbCircle
 10
307.155740776
 20
69.125105306
 30
295.258768305
 40
0.000000001
100
AcDbArc
 50
90.000000000
 51
-90.000000000
  0
LINE
  5
F64
330
A02
100
AcDbEntity
  8
f
100
AcDbLine
 10
307.155740776
 20
69.125105306
 30
296.258768305
 11
307.155740805
 21
45.410540711
 31
296.258768319
  0
ARC
  5
F65
330
A02
100
AcDbEntity
  8
f
100
AcDbCircle
 10
307.155740805
 20
45.410540711
 30
295.258768319
 40
0.000000001
100
AcDbArc
 50
-90.000000000
 51
90.000000000
  0
LINE
  5
F66
330
A02
100
AcDbEntity
  8
f
100
AcDbLine
 10
307.155740846
 20
10.471844665
 30
260.318095148
 11
307.155740835
 21
20.365490610
 31
280.471818341
  0
ARC
  5
F67
330
A02
100
AcDbEntity
  8
f
100
AcDbCircle
 10
307.155740836
 20
19.467823000
 30
280.912491532
 40
0.897667610
100
AcDbArc
 50
90.000000069
 51
-89.999999931
  0
LINE
  5
F68
330
A02
100
AcDbEntity
  8
f
100
AcDbLine
 10
307.155740837
 20
18.570155390
 30
281.353164723
 11
307.155740849
 21
8.676509444
 31
261.199441530
  0
ARC
  5
F69
330
A02
100
AcDbEntity
  8
f
100
AcDbCircle
 10
307.155740847
 20
9.574177055
 30
260.758768339
 40
0.897667610
100
AcDbArc
 50
-89.999999931
 51
90.000000069
  0
LINE
  5
F6A
330
A02
100
AcDbEntity
  8
f
100
AcDbLine
 10
307.155740850
 20
7.610540688
 30
255.758768340
 11
307.155740821
 21
31.325105283
 31
255.758768327
  0
ARC
  5
F6B
330
A02
100
AcDbEntity
  8
f
100
AcDbCircle
 10
307.155740821
 20
31.325105284
 30
256.758768327
 40
0.000000001
100
AcDbArc
 50
90.000000000
 51
-90.000000000
  0
LINE
  5
F6C
330
A02
100
AcDbEntity
  8
f
100
AcDbLine
 10
307.155740821
 20
31.325105284
 30
257.758768327
 11
307.155740850
 21
7.610540689
 31
257.758768340
  0
ARC
  5
F6D
330
A02
100
AcDbEntity
  8
f
100
AcDbCircle
 10
307.155740850
 20
7.610540689
 30
256.758768340
 40
0.000000001
100
AcDbArc
 50
-90.000000000
 51
90.000000000
  0
LINE
  5
F6E
330
A02
100
AcDbEntity
  8
f
100
AcDbLine
 10
307.155740937
 20
-65.138531085
 30
247.758768381
 11
307.155740955
 21
-80.469830609
 31
247.758768390
  0
ARC
  5
F6F
330
A02
100
AcDbEntity
  8
f
100
AcDbCircle
 10
307.155740955
 20
-80.469830609
 30
246.758768390
 40
0.897667611
100
AcDbArc
 50
90.000000000
 51
-89.999999931
  0
LINE
  5
F70
330
A02
100
AcDbEntity
  8
f
100
AcDbLine
 10
307.155740956
 20
-81.367498220
 30
246.318095200
 11
307.155740947
 21
-73.701848467
 31
230.702882718
  0
ARC
  5
F71
330
A02
100
AcDbEntity
  8
f
100
AcDbCircle
 10
307.155740946
 20
-72.804180856
 30
231.143555908
 40
0.897667610
100
AcDbArc
 50
90.000000069
 51
-89.999999931
  0
LINE
  5
F72
330
A02
100
AcDbEntity
  8
f
100
AcDbLine
 10
307.155740945
 20
-71.906513246
 30
230.702882717
 11
307.155740936
 21
-64.240863475
 31
246.318095190
  0
ARC
  5
F73
330
A02
100
AcDbEntity
  8
f
100
AcDbCircle
 10
307.155740937
 20
-65.138531086
 30
246.758768381
 40
0.000000001
100
AcDbArc
 50
90.000000000
 51
90.000000069
  0
LINE
  5
F74
330
A02
100
AcDbEntity
  8
f
100
AcDbLine
 10
307.155740930
 20
-59.616569986
 30
251.199441569
 11
307.155740947
 21
-73.701848472
 31
222.507207658
  0
ARC
  5
F75
330
A02
100
AcDbEntity
  8
f
100
AcDbCircle
 10
307.155740946
 20
-72.804180862
 30
222.066534467
 40
0.897667610
100
AcDbArc
 50
-89.999999931
 51
90.000000069
  0
LINE
  5
F76
330
A02
100
AcDbEntity
  8
f
100
AcDbLine
 10
307.155740945
 20
-71.906513251
 30
221.625861276
 11
307.155740928
 21
-57.821234766
 31
250.318095187
  0
ARC
  5
F77
330
A02
100
AcDbEntity
  8
f
100
AcDbCircle
 10
307.155740929
 20
-58.718902376
 30
250.758768378
 40
0.897667610
100
AcDbArc
 50
90.000000069
 51
-89.999999931
  0
LINE
  5
F78
330
A02
100
AcDbEntity
  8
f
100
AcDbLine
 10
307.155740846
 20
10.461468806
 30
55.258768338
 11
307.155740865
 21
-4.869830718
 31
55.258768347
  0
ARC
  5
F79
330
A02
100
AcDbEntity
  8
f
100
AcDbCircle
 10
307.155740865
 20
-4.869830719
 30
54.258768347
 40
0.897667611
100
AcDbArc
 50
90.000000000
 51
-89.999999931
  0
LINE
  5
F7A
330
A02
100
AcDbEntity
  8
f
100
AcDbLine
 10
307.155740866
 20
-5.767498329
 30
53.818095157
 11
307.155740857
 21
1.898151424
 31
38.202882675
  0
ARC
  5
F7B
330
A02
100
AcDbEntity
  8
f
100
AcDbCircle
 10
307.155740856
 20
2.795819034
 30
38.643555865
 40
0.897667610
100
AcDbArc
 50
90.000000069
 51
-89.999999931
  0
LINE
  5
F7C
330
A02
100
AcDbEntity
  8
f
100
AcDbLine
 10
307.155740855
 20
3.693486645
 30
38.202882674
 11
307.155740845
 21
11.359136415
 31
53.818095147
  0
ARC
  5
F7D
330
A02
100
AcDbEntity
  8
f
100
AcDbCircle
 10
307.155740846
 20
10.461468805
 30
54.258768338
 40
0.000000001
100
AcDbArc
 50
90.000000069
 51
90.000000000
  0
LINE
  5
F7E
330
A02
100
AcDbEntity
  8
f
100
AcDbLine
 10
307.155740855
 20
3.693486640
 30
29.125861233
 11
307.155740838
 21
17.778765125
 31
57.818095144
  0
ARC
  5
F7F
330
A02
100
AcDbEntity
  8
f
100
AcDbCircle
 10
307.155740839
 20
16.881097515
 30
58.258768335
 40
0.897667610
100
AcDbArc
 50
90.000000069
 51
-89.999999931
  0
LINE
  5
F80
330
A02
100
AcDbEntity
  8
f
100
AcDbLine
 10
307.155740840
 20
15.983429905
 30
58.699441526
 11
307.155740857
 21
1.898151419
 31
30.007207615
  0
ARC
  5
F81
330
A02
100
AcDbEntity
  8
f
100
AcDbCircle
 10
307.155740856
 20
2.795819029
 30
29.566534424
 40
0.897667610
100
AcDbArc
 50
90.000000069
 51
-89.999999931
  0
LINE
  5
F82
330
A02
100
AcDbEntity
  8
f
100
AcDbLine
 10
307.155740982
 20
-102.938531085
 30
247.758768403
 11
307.155741001
 21
-118.269830609
 31
247.758768412
  0
ARC
  5
F83
330
A02
100
AcDbEntity
  8
f
100
AcDbCircle
 10
307.155741001
 20
-118.269830609
 30
246.758768412
 40
0.897667611
100
AcDbArc
 50
90.000000000
 51
-89.999999931
  0
LINE
  5
F84
330
A02
100
AcDbEntity
  8
f
100
AcDbLine
 10
307.155741002
 20
-119.167498220
 30
246.318095221
 11
307.155740993
 21
-111.501848467
 31
230.702882739
  0
ARC
  5
F85
330
A02
100
AcDbEntity
  8
f
100
AcDbCircle
 10
307.155740992
 20
-110.604180856
 30
231.143555929
 40
0.897667610
100
AcDbArc
 50
-89.999999931
 51
90.000000069
  0
LINE
  5
F86
330
A02
100
AcDbEntity
  8
f
100
AcDbLine
 10
307.155740990
 20
-109.706513246
 30
230.702882738
 11
307.155740981
 21
-102.040863475
 31
246.318095212
  0
ARC
  5
F87
330
A02
100
AcDbEntity
  8
f
100
AcDbCircle
 10
307.155740982
 20
-102.938531086
 30
246.758768403
 40
0.000000001
100
AcDbArc
 50
90.000000000
 51
90.000000069
  0
LINE
  5
F88
330
A02
100
AcDbEntity
  8
f
100
AcDbLine
 10
307.155740990
 20
-109.706513251
 30
221.625861297
 11
307.155740974
 21
-95.621234766
 31
250.318095208
  0
ARC
  5
F89
330
A02
100
AcDbEntity
  8
f
100
AcDbCircle
 10
307.155740975
 20
-96.518902376
 30
250.758768399
 40
0.897667610
100
AcDbArc
 50
90.000000069
 51
-89.999999931
  0
LINE
  5
F8A
330
A02
100
AcDbEntity
  8
f
100
AcDbLine
 10
307.155740976
 20
-97.416569986
 30
251.199441590
 11
307.155740993
 21
-111.501848472
 31
222.507207679
  0
ARC
  5
F8B
330
A02
100
AcDbEntity
  8
f
100
AcDbCircle
 10
307.155740992
 20
-110.604180862
 30
222.066534488
 40
0.897667610
100
AcDbArc
 50
-89.999999931
 51
90.000000069
  0
LINE
  5
F8C
330
A02
100
AcDbEntity
  8
f
100
AcDbLine
 10
307.155740973
 20
-94.829844632
 30
242.853164787
 11
307.155740984
 21
-104.723490577
 31
222.699441595
  0
ARC
  5
F8D
330
A02
100
AcDbEntity
  8
f
100
AcDbCircle
 10
307.155740983
 20
-103.825822967
 30
222.258768403
 40
0.897667610
100
AcDbArc
 50
90.000000069
 51
-89.999999931
  0
LINE
  5
F8E
330
A02
100
AcDbEntity
  8
f
100
AcDbLine
 10
307.155740982
 20
-102.928155357
 30
221.818095212
 11
307.155740970
 21
-93.034509402
 31
241.971818424
  0
ARC
  5
F8F
330
A02
100
AcDbEntity
  8
f
100
AcDbCircle
 10
307.155740972
 20
-93.932177022
 30
242.412491596
 40
0.897667610
100
AcDbArc
 50
-89.999999931
 51
90.000000069
  0
LINE
  5
F90
330
A02
100
AcDbEntity
  8
f
100
AcDbLine
 10
307.155740986
 20
-105.789459334
 30
217.258768404
 11
307.155740957
 21
-82.074894739
 31
217.258768391
  0
ARC
  5
F91
330
A02
100
AcDbEntity
  8
f
100
AcDbCircle
 10
307.155740957
 20
-82.074894738
 30
218.258768391
 40
0.000000001
100
AcDbArc
 50
90.000000000
 51
-90.000000000
  0
LINE
  5
F92
330
A02
100
AcDbEntity
  8
f
100
AcDbLine
 10
307.155740957
 20
-82.074894738
 30
219.258768391
 11
307.155740986
 21
-105.789459332
 31
219.258768404
  0
ARC
  5
F93
330
A02
100
AcDbEntity
  8
f
100
AcDbCircle
 10
307.155740986
 20
-105.789459333
 30
218.258768404
 40
0.000000001
100
AcDbArc
 50
-90.000000000
 51
90.000000000
  0
LINE
  5
F94
330
A02
100
AcDbEntity
  8
f
100
AcDbLine
 10
307.155740933
 20
-61.569830624
 30
221.258768379
 11
307.155740914
 21
-46.238531100
 31
221.258768371
  0
ARC
  5
F95
330
A02
100
AcDbEntity
  8
f
100
AcDbCircle
 10
307.155740914
 20
-46.238531100
 30
222.258768371
 40
0.897667611
100
AcDbArc
 50
-90.000000000
 51
90.000000069
  0
LINE
  5
F96
330
A02
100
AcDbEntity
  8
f
100
AcDbLine
 10
307.155740913
 20
-45.340863489
 30
222.699441561
 11
307.155740922
 21
-53.006513242
 31
238.314654043
  0
ARC
  5
F97
330
A02
100
AcDbEntity
  8
f
100
AcDbCircle
 10
307.155740924
 20
-53.904180853
 30
237.873980853
 40
0.897667610
100
AcDbArc
 50
-89.999999931
 51
90.000000069
  0
LINE
  5
F98
330
A02
100
AcDbEntity
  8
f
100
AcDbLine
 10
307.155740925
 20
-54.801848463
 30
238.314654044
 11
307.155740934
 21
-62.467498234
 31
222.699441571
  0
ARC
  5
F99
330
A02
100
AcDbEntity
  8
f
100
AcDbCircle
 10
307.155740933
 20
-61.569830623
 30
222.258768379
 40
0.000000001
100
AcDbArc
 50
-89.999999931
 51
-90.000000000
  0
LINE
  5
F9A
330
A02
100
AcDbEntity
  8
f
100
AcDbLine
 10
307.155740937
 20
-65.128155357
 30
221.818095191
 11
307.155740925
 21
-55.234509412
 31
241.971818384
  0
ARC
  5
F9B
330
A02
100
AcDbEntity
  8
f
100
AcDbCircle
 10
307.155740926
 20
-56.132177022
 30
242.412491575
 40
0.897667610
100
AcDbArc
 50
-89.999999931
 51
90.000000069
  0
LINE
  5
F9C
330
A02
100
AcDbEntity
  8
f
100
AcDbLine
 10
307.155740927
 20
-57.029844632
 30
242.853164766
 11
307.155740939
 21
-66.923490568
 31
222.699441592
  0
ARC
  5
F9D
330
A02
100
AcDbEntity
  8
f
100
AcDbCircle
 10
307.155740938
 20
-66.025822967
 30
222.258768382
 40
0.897667610
100
AcDbArc
 50
-89.999999931
 51
90.000000069
  0
LINE
  5
F9E
330
A02
100
AcDbEntity
  8
f
100
AcDbLine
 10
307.155740844
 20
12.425105346
 30
367.258768337
 11
307.155740872
 21
-11.289459248
 31
367.258768351
  0
ARC
  5
F9F
330
A02
100
AcDbEntity
  8
f
100
AcDbCircle
 10
307.155740872
 20
-11.289459249
 30
366.258768351
 40
0.000000001
100
AcDbArc
 50
-90.000000000
 51
90.000000000
  0
LINE
  5
FA0
330
A02
100
AcDbEntity
  8
f
100
AcDbLine
 10
307.155740872
 20
-11.289459250
 30
365.258768351
 11
307.155740844
 21
12.425105345
 31
365.258768337
  0
ARC
  5
FA1
330
A02
100
AcDbEntity
  8
f
100
AcDbCircle
 10
307.155740844
 20
12.425105346
 30
366.258768337
 40
0.000000001
100
AcDbArc
 50
90.000000000
 51
-90.000000000
  0
LINE
  5
FA2
330
A02
100
AcDbEntity
  8
f
100
AcDbLine
 10
307.155740857
 20
1.465490646
 30
342.545718336
 11
307.155740869
 21
-8.428155286
 31
362.699441559
  0
ARC
  5
FA3
330
A02
100
AcDbEntity
  8
f
100
AcDbCircle
 10
307.155740870
 20
-9.325822888
 30
362.258768350
 40
0.897667611
100
AcDbArc
 50
90.000000069
 51
-89.999999931
  0
LINE
  5
FA4
330
A02
100
AcDbEntity
  8
f
100
AcDbLine
 10
307.155740871
 20
-10.223490498
 30
361.818095160
 11
307.155740859
 21
-0.329844576
 31
341.664371955
  0
ARC
  5
FA5
330
A02
100
AcDbEntity
  8
f
100
AcDbCircle
 10
307.155740858
 20
0.567823035
 30
342.105045146
 40
0.897667611
100
AcDbArc
 50
-89.999999931
 51
90.000000069
  0
LINE
  5
FA6
330
A02
100
AcDbEntity
  8
f
100
AcDbLine
 10
307.155741023
 20
-137.169830580
 30
298.258768422
 11
307.155741005
 21
-121.838531056
 31
298.258768414
  0
ARC
  5
FA7
330
A02
100
AcDbEntity
  8
f
100
AcDbCircle
 10
307.155741005
 20
-121.838531056
 30
299.258768414
 40
0.897667611
100
AcDbArc
 50
90.000000069
 51
-90.000000000
  0
LINE
  5
FA8
330
A02
100
AcDbEntity
  8
f
100
AcDbLine
 10
307.155741004
 20
-120.940863445
 30
299.699441604
 11
307.155741013
 21
-128.606513198
 31
315.314654086
  0
ARC
  5
FA9
330
A02
100
AcDbEntity
  8
f
100
AcDbCircle
 10
307.155741014
 20
-129.504180809
 30
314.873980896
 40
0.897667610
100
AcDbArc
 50
-89.999999931
 51
90.000000069
  0
LINE
  5
FAA
330
A02
100
AcDbEntity
  8
f
100
AcDbLine
 10
307.155741015
 20
-130.401848419
 30
315.314654087
 11
307.155741024
 21
-138.067498190
 31
299.699441613
  0
ARC
  5
FAB
330
A02
100
AcDbEntity
  8
f
100
AcDbCircle
 10
307.155741023
 20
-137.169830580
 30
299.258768422
 40
0.000000001
100
AcDbArc
 50
-90.000000000
 51
-89.999999931
  0
LINE
  5
FAC
330
A02
100
AcDbEntity
  8
f
100
AcDbLine
 10
307.155741028
 20
-140.728155313
 30
298.818095234
 11
307.155741016
 21
-130.834509359
 31
318.971818445
  0
ARC
  5
FAD
330
A02
100
AcDbEntity
  8
f
100
AcDbCircle
 10
307.155741017
 20
-131.732176978
 30
319.412491618
 40
0.897667610
100
AcDbArc
 50
-89.999999931
 51
90.000000069
  0
LINE
  5
FAE
330
A02
100
AcDbEntity
  8
f
100
AcDbLine
 10
307.155741018
 20
-132.629844588
 30
319.853164809
 11
307.155741030
 21
-142.523490524
 31
299.699441635
  0
ARC
  5
FAF
330
A02
100
AcDbEntity
  8
f
100
AcDbCircle
 10
307.155741029
 20
-141.625822923
 30
299.258768425
 40
0.897667610
100
AcDbArc
 50
90.000000069
 51
-89.999999931
  0
LINE
  5
FB0
330
A02
100
AcDbEntity
  8
f
100
AcDbLine
 10
307.155741028
 20
-140.738531216
 30
16.758768424
 11
307.155741046
 21
-156.069830740
 31
16.758768433
  0
ARC
  5
FB1
330
A02
100
AcDbEntity
  8
f
100
AcDbCircle
 10
307.155741046
 20
-156.069830740
 30
15.758768433
 40
0.897667611
100
AcDbArc
 50
90.000000000
 51
-89.999999931
  0
LINE
  5
FB2
330
A02
100
AcDbEntity
  8
f
100
AcDbLine
 10
307.155741047
 20
-156.967498351
 30
15.318095243
 11
307.155741038
 21
-149.301848598
 31
-0.297117239
  0
ARC
  5
FB3
330
A02
100
AcDbEntity
  8
f
100
AcDbCircle
 10
307.155741037
 20
-148.404180987
 30
0.143555951
 40
0.897667610
100
AcDbArc
 50
90.000000069
 51
-89.999999931
  0
LINE
  5
FB4
330
A02
100
AcDbEntity
  8
f
100
AcDbLine
 10
307.155741036
 20
-147.506513377
 30
-0.297117240
 11
307.155741027
 21
-139.840863606
 31
15.318095233
  0
ARC
  5
FB5
330
A02
100
AcDbEntity
  8
f
100
AcDbCircle
 10
307.155741028
 20
-140.738531217
 30
15.758768424
 40
0.000000001
100
AcDbArc
 50
90.000000000
 51
90.000000069
  0
LINE
  5
FB6
330
A02
100
AcDbEntity
  8
f
100
AcDbLine
 10
307.155741021
 20
-135.216570117
 30
20.199441612
 11
307.155741038
 21
-149.301848603
 31
-8.492792299
  0
ARC
  5
FB7
330
A02
100
AcDbEntity
  8
f
100
AcDbCircle
 10
307.155741037
 20
-148.404180993
 30
-8.933465490
 40
0.897667610
100
AcDbArc
 50
90.000000069
 51
-89.999999931
  0
LINE
  5
FB8
330
A02
100
AcDbEntity
  8
f
100
AcDbLine
 10
307.155741036
 20
-147.506513382
 30
-9.374138682
 11
307.155741019
 21
-133.421234897
 31
19.318095230
  0
ARC
  5
FB9
330
A02
100
AcDbEntity
  8
f
100
AcDbCircle
 10
307.155741020
 20
-134.318902507
 30
19.758768421
 40
0.897667610
100
AcDbArc
 50
-89.999999931
 51
90.000000069
  0
LINE
  5
FBA
330
A02
100
AcDbEntity
  8
f
100
AcDbLine
 10
307.155741069
 20
-174.969830711
 30
67.258768444
 11
307.155741050
 21
-159.638531188
 31
67.258768435
  0
ARC
  5
FBB
330
A02
100
AcDbEntity
  8
f
100
AcDbCircle
 10
307.155741050
 20
-159.638531187
 30
68.258768435
 40
0.897667611
100
AcDbArc
 50
90.000000069
 51
-90.000000000
  0
LINE
  5
FBC
330
A02
100
AcDbEntity
  8
f
100
AcDbLine
 10
307.155741049
 20
-158.740863576
 30
68.699441625
 11
307.155741058
 21
-166.406513329
 31
84.314654107
  0
ARC
  5
FBD
330
A02
100
AcDbEntity
  8
f
100
AcDbCircle
 10
307.155741059
 20
-167.304180940
 30
83.873980917
 40
0.897667610
100
AcDbArc
 50
-89.999999931
 51
90.000000069
  0
LINE
  5
FBE
330
A02
100
AcDbEntity
  8
f
100
AcDbLine
 10
307.155741061
 20
-168.201848550
 30
84.314654108
 11
307.155741070
 21
-175.867498321
 31
68.699441635
  0
ARC
  5
FBF
330
A02
100
AcDbEntity
  8
f
100
AcDbCircle
 10
307.155741069
 20
-174.969830711
 30
68.258768444
 40
0.000000001
100
AcDbArc
 50
-90.000000000
 51
-89.999999931
  0
LINE
  5
FC0
330
A02
100
AcDbEntity
  8
f
100
AcDbLine
 10
307.155741061
 20
-168.201848546
 30
92.510329168
 11
307.155741044
 21
-154.116570102
 31
63.818095260
  0
ARC
  5
FC1
330
A02
100
AcDbEntity
  8
f
100
AcDbCircle
 10
307.155741043
 20
-153.218902482
 30
64.258768431
 40
0.897667611
100
AcDbArc
 50
90.000000069
 51
-89.999999931
  0
LINE
  5
FC2
330
A02
100
AcDbEntity
  8
f
100
AcDbLine
 10
307.155741042
 20
-152.321234871
 30
64.699441622
 11
307.155741058
 21
-166.406513324
 31
93.391675549
  0
ARC
  5
FC3
330
A02
100
AcDbEntity
  8
f
100
AcDbCircle
 10
307.155741059
 20
-167.304180935
 30
92.951002358
 40
0.897667611
100
AcDbArc
 50
-89.999999931
 51
90.000000069
  0
LINE
  5
FC4
330
A02
100
AcDbEntity
  8
f
100
AcDbLine
 10
307.155740937
 20
-65.128155488
 30
-9.181904809
 11
307.155740925
 21
-55.234509533
 31
10.971818403
  0
ARC
  5
FC5
330
A02
100
AcDbEntity
  8
f
100
AcDbCircle
 10
307.155740926
 20
-56.132177153
 30
11.412491575
 40
0.897667610
100
AcDbArc
 50
-89.999999931
 51
90.000000069
  0
LINE
  5
FC6
330
A02
100
AcDbEntity
  8
f
100
AcDbLine
 10
307.155740927
 20
-57.029844763
 30
11.853164766
 11
307.155740939
 21
-66.923490709
 31
-8.300558427
  0
ARC
  5
FC7
330
A02
100
AcDbEntity
  8
f
100
AcDbCircle
 10
307.155740938
 20
-66.025823098
 30
-8.741231618
 40
0.897667610
100
AcDbArc
 50
-89.999999931
 51
90.000000069
  0
LINE
  5
FC8
330
A02
100
AcDbEntity
  8
f
100
AcDbLine
 10
307.155740912
 20
-44.274894869
 30
-11.741231630
 11
307.155740940
 21
-67.989459464
 31
-11.741231617
  0
ARC
  5
FC9
330
A02
100
AcDbEntity
  8
f
100
AcDbCircle
 10
307.155740940
 20
-67.989459464
 30
-12.741231617
 40
0.000000001
100
AcDbArc
 50
-90.000000000
 51
90.000000000
  0
LINE
  5
FCA
330
A02
100
AcDbEntity
  8
f
100
AcDbLine
 10
307.155740940
 20
-67.989459465
 30
-13.741231617
 11
307.155740912
 21
-44.274894870
 31
-13.741231630
  0
ARC
  5
FCB
330
A02
100
AcDbEntity
  8
f
100
AcDbCircle
 10
307.155740912
 20
-44.274894869
 30
-12.741231630
 40
0.000000001
100
AcDbArc
 50
90.000000000
 51
-90.000000000
  0
LINE
  5
FCC
330
A02
100
AcDbEntity
  8
f
100
AcDbLine
 10
307.155740978
 20
-99.369830733
 30
28.758768401
 11
307.155740960
 21
-84.038531209
 31
28.758768392
  0
ARC
  5
FCD
330
A02
100
AcDbEntity
  8
f
100
AcDbCircle
 10
307.155740960
 20
-84.038531209
 30
29.758768392
 40
0.897667611
100
AcDbArc
 50
-90.000000000
 51
90.000000069
  0
LINE
  5
FCE
330
A02
100
AcDbEntity
  8
f
100
AcDbLine
 10
307.155740959
 20
-83.140863598
 30
30.199441582
 11
307.155740968
 21
-90.806513351
 31
45.814654065
  0
ARC
  5
FCF
330
A02
100
AcDbEntity
  8
f
100
AcDbCircle
 10
307.155740969
 20
-91.704180962
 30
45.373980874
 40
0.897667610
100
AcDbArc
 50
-89.999999931
 51
90.000000069
  0
LINE
  5
FD0
330
A02
100
AcDbEntity
  8
f
100
AcDbLine
 10
307.155740970
 20
-92.601848572
 30
45.814654066
 11
307.155740979
 21
-100.267498343
 31
30.199441592
  0
ARC
  5
FD1
330
A02
100
AcDbEntity
  8
f
100
AcDbCircle
 10
307.155740978
 20
-99.369830733
 30
29.758768401
 40
0.000000001
100
AcDbArc
 50
-90.000000000
 51
-89.999999931
  0
LINE
  5
FD2
330
A02
100
AcDbEntity
  8
f
100
AcDbLine
 10
307.155740970
 20
-92.601848567
 30
54.010329125
 11
307.155740953
 21
-78.516570114
 31
25.318095198
  0
ARC
  5
FD3
330
A02
100
AcDbEntity
  8
f
100
AcDbCircle
 10
307.155740952
 20
-77.618902504
 30
25.758768388
 40
0.897667611
100
AcDbArc
 50
-89.999999931
 51
90.000000069
  0
LINE
  5
FD4
330
A02
100
AcDbEntity
  8
f
100
AcDbLine
 10
307.155740951
 20
-76.721234893
 30
26.199441579
 11
307.155740968
 21
-90.806513337
 31
54.891675487
  0
ARC
  5
FD5
330
A02
100
AcDbEntity
  8
f
100
AcDbCircle
 10
307.155740969
 20
-91.704180957
 30
54.451002316
 40
0.897667611
100
AcDbArc
 50
90.000000069
 51
-89.999999931
  0
LINE
  5
FD6
330
A02
100
AcDbEntity
  8
f
100
AcDbLine
 10
307.155740993
 20
-111.934509529
 30
34.545718400
 11
307.155741005
 21
-121.828155452
 31
54.699441604
  0
ARC
  5
FD7
330
A02
100
AcDbEntity
  8
f
100
AcDbCircle
 10
307.155741006
 20
-122.725823063
 30
54.258768414
 40
0.897667611
100
AcDbArc
 50
-89.999999931
 51
90.000000069
  0
LINE
  5
FD8
330
A02
100
AcDbEntity
  8
f
100
AcDbLine
 10
307.155741007
 20
-123.623490673
 30
53.818095224
 11
307.155740995
 21
-113.729844751
 31
33.664372020
  0
ARC
  5
FD9
330
A02
100
AcDbEntity
  8
f
100
AcDbCircle
 10
307.155740994
 20
-112.832177140
 30
34.105045210
 40
0.897667611
100
AcDbArc
 50
90.000000069
 51
-89.999999931
  0
LINE
  5
FDA
330
A02
100
AcDbEntity
  8
f
100
AcDbLine
 10
307.155740980
 20
-100.974894828
 30
59.258768402
 11
307.155741008
 21
-124.689459423
 31
59.258768415
  0
ARC
  5
FDB
330
A02
100
AcDbEntity
  8
f
100
AcDbCircle
 10
307.155741008
 20
-124.689459424
 30
58.258768415
 40
0.000000001
100
AcDbArc
 50
-90.000000000
 51
90.000000000
  0
LINE
  5
FDC
330
A02
100
AcDbEntity
  8
f
100
AcDbLine
 10
307.155741008
 20
-124.689459424
 30
57.258768415
 11
307.155740980
 21
-100.974894830
 31
57.258768402
  0
ARC
  5
FDD
330
A02
100
AcDbEntity
  8
f
100
AcDbCircle
 10
307.155740980
 20
-100.974894829
 30
58.258768402
 40
0.000000001
100
AcDbArc
 50
90.000000000
 51
-90.000000000
  0
LINE
  5
FDE
330
A02
100
AcDbEntity
  8
f
100
AcDbLine
 10
307.155740978
 20
-99.369830755
 30
-9.741231599
 11
307.155740960
 21
-84.038531231
 31
-9.741231608
  0
ARC
  5
FDF
330
A02
100
AcDbEntity
  8
f
100
AcDbCircle
 10
307.155740960
 20
-84.038531231
 30
-8.741231608
 40
0.897667611
100
AcDbArc
 50
-90.000000000
 51
90.000000069
  0
LINE
  5
FE0
330
A02
100
AcDbEntity
  8
f
100
AcDbLine
 10
307.155740959
 20
-83.140863620
 30
-8.300558418
 11
307.155740968
 21
-90.806513373
 31
7.314654065
  0
ARC
  5
FE1
330
A02
100
AcDbEntity
  8
f
100
AcDbCircle
 10
307.155740969
 20
-91.704180984
 30
6.873980874
 40
0.897667610
100
AcDbArc
 50
-89.999999931
 51
90.000000069
  0
LINE
  5
FE2
330
A02
100
AcDbEntity
  8
f
100
AcDbLine
 10
307.155740970
 20
-92.601848594
 30
7.314654066
 11
307.155740979
 21
-100.267498365
 31
-8.300558408
  0
ARC
  5
FE3
330
A02
100
AcDbEntity
  8
f
100
AcDbCircle
 10
307.155740978
 20
-99.369830754
 30
-8.741231599
 40
0.000000001
100
AcDbArc
 50
-90.000000000
 51
-89.999999931
  0
LINE
  5
FE4
330
A02
100
AcDbEntity
  8
f
100
AcDbLine
 10
307.155740951
 20
-76.721234915
 30
-12.300558421
 11
307.155740968
 21
-90.806513358
 31
16.391675487
  0
ARC
  5
FE5
330
A02
100
AcDbEntity
  8
f
100
AcDbCircle
 10
307.155740969
 20
-91.704180979
 30
15.951002316
 40
0.897667611
100
AcDbArc
 50
90.000000069
 51
-89.999999931
  0
LINE
  5
FE6
330
A02
100
AcDbEntity
  8
f
100
AcDbLine
 10
307.155740970
 20
-92.601848589
 30
15.510329125
 11
307.155740953
 21
-78.516570136
 31
-13.181904802
  0
ARC
  5
FE7
330
A02
100
AcDbEntity
  8
f
100
AcDbCircle
 10
307.155740952
 20
-77.618902525
 30
-12.741231612
 40
0.897667611
100
AcDbArc
 50
-89.999999931
 51
90.000000069
  0
LINE
  5
FE8
330
A02
100
AcDbEntity
  8
f
100
AcDbLine
 10
307.155740903
 20
-36.334509420
 30
227.045718357
 11
307.155740914
 21
-46.228155342
 31
247.199441561
  0
ARC
  5
FE9
330
A02
100
AcDbEntity
  8
f
100
AcDbCircle
 10
307.155740915
 20
-47.125822953
 30
246.758768371
 40
0.897667611
100
AcDbArc
 50
90.000000069
 51
-89.999999931
  0
LINE
  5
FEA
330
A02
100
AcDbEntity
  8
f
100
AcDbLine
 10
307.155740917
 20
-48.023490564
 30
246.318095181
 11
307.155740905
 21
-38.129844642
 31
226.164371977
  0
ARC
  5
FEB
330
A02
100
AcDbEntity
  8
f
100
AcDbCircle
 10
307.155740904
 20
-37.232177031
 30
226.605045167
 40
0.897667611
100
AcDbArc
 50
90.000000069
 51
-89.999999931
  0
LINE
  5
FEC
330
A02
100
AcDbEntity
  8
f
100
AcDbLine
 10
307.155740889
 20
-25.374894719
 30
251.758768359
 11
307.155740918
 21
-49.089459314
 31
251.758768372
  0
ARC
  5
FED
330
A02
100
AcDbEntity
  8
f
100
AcDbCircle
 10
307.155740918
 20
-49.089459315
 30
250.758768372
 40
0.000000001
100
AcDbArc
 50
-90.000000000
 51
90.000000000
  0
LINE
  5
FEE
330
A02
100
AcDbEntity
  8
f
100
AcDbLine
 10
307.155740918
 20
-49.089459315
 30
249.758768372
 11
307.155740889
 21
-25.374894720
 31
249.758768359
  0
ARC
  5
FEF
330
A02
100
AcDbEntity
  8
f
100
AcDbCircle
 10
307.155740889
 20
-25.374894720
 30
250.758768359
 40
0.000000001
100
AcDbArc
 50
90.000000000
 51
-90.000000000
  0
LINE
  5
FF0
330
A02
100
AcDbEntity
  8
f
100
AcDbLine
 10
307.155741038
 20
-149.734509486
 30
111.545718422
 11
307.155741050
 21
-159.628155417
 31
131.699441645
  0
ARC
  5
FF1
330
A02
100
AcDbEntity
  8
f
100
AcDbCircle
 10
307.155741051
 20
-160.525823019
 30
131.258768436
 40
0.897667611
100
AcDbArc
 50
-89.999999931
 51
90.000000069
  0
LINE
  5
FF2
330
A02
100
AcDbEntity
  8
f
100
AcDbLine
 10
307.155741052
 20
-161.423490630
 30
130.818095245
 11
307.155741041
 21
-151.529844717
 31
110.664372060
  0
ARC
  5
FF3
330
A02
100
AcDbEntity
  8
f
100
AcDbCircle
 10
307.155741039
 20
-150.632177096
 30
111.105045231
 40
0.897667611
100
AcDbArc
 50
90.000000069
 51
-89.999999931
  0
LINE
  5
FF4
330
A02
100
AcDbEntity
  8
f
100
AcDbLine
 10
307.155741025
 20
-138.774894785
 30
136.258768423
 11
307.155741054
 21
-162.489459380
 31
136.258768437
  0
ARC
  5
FF5
330
A02
100
AcDbEntity
  8
f
100
AcDbCircle
 10
307.155741054
 20
-162.489459380
 30
135.258768437
 40
0.000000001
100
AcDbArc
 50
-90.000000000
 51
90.000000000
  0
LINE
  5
FF6
330
A02
100
AcDbEntity
  8
f
100
AcDbLine
 10
307.155741054
 20
-162.489459381
 30
134.258768437
 11
307.155741025
 21
-138.774894786
 31
134.258768423
  0
ARC
  5
FF7
330
A02
100
AcDbEntity
  8
f
100
AcDbCircle
 10
307.155741025
 20
-138.774894785
 30
135.258768423
 40
0.000000001
100
AcDbArc
 50
90.000000000
 51
-90.000000000
  0
LINE
  5
FF8
330
A02
100
AcDbEntity
  8
f
100
AcDbLine
 10
307.155740882
 20
-19.229844567
 30
358.353164744
 11
307.155740894
 21
-29.123490503
 31
338.199441571
  0
ARC
  5
FF9
330
A02
100
AcDbEntity
  8
f
100
AcDbCircle
 10
307.155740893
 20
-28.225822902
 30
337.758768360
 40
0.897667610
100
AcDbArc
 50
-89.999999931
 51
90.000000069
  0
LINE
  5
FFA
330
A02
100
AcDbEntity
  8
f
100
AcDbLine
 10
307.155740892
 20
-27.328155291
 30
337.318095169
 11
307.155740880
 21
-17.434509346
 31
357.471818362
  0
ARC
  5
FFB
330
A02
100
AcDbEntity
  8
f
100
AcDbCircle
 10
307.155740881
 20
-18.332176956
 30
357.912491553
 40
0.897667610
100
AcDbArc
 50
90.000000069
 51
-89.999999931
  0
LINE
  5
FFC
330
A02
100
AcDbEntity
  8
f
100
AcDbLine
 10
307.155740867
 20
-6.474894672
 30
334.758768348
 11
307.155740895
 21
-30.189459267
 31
334.758768362
  0
ARC
  5
FFD
330
A02
100
AcDbEntity
  8
f
100
AcDbCircle
 10
307.155740895
 20
-30.189459267
 30
333.758768362
 40
0.000000001
100
AcDbArc
 50
-90.000000000
 51
90.000000000
  0
LINE
  5
FFE
330
A02
100
AcDbEntity
  8
f
100
AcDbLine
 10
307.155740895
 20
-30.189459268
 30
332.758768362
 11
307.155740867
 21
-6.474894673
 31
332.758768348
  0
ARC
  5
FFF
330
A02
100
AcDbEntity
  8
f
100
AcDbCircle
 10
307.155740867
 20
-6.474894673
 30
333.758768348
 40
0.000000001
100
AcDbArc
 50
90.000000000
 51
-90.000000000
  0
LINE
  5
1000
330
A02
100
AcDbEntity
  8
f
100
AcDbLine
 10
307.155740933
 20
-61.569830711
 30
67.258768379
 11
307.155740914
 21
-46.238531188
 31
67.258768371
  0
ARC
  5
1001
330
A02
100
AcDbEntity
  8
f
100
AcDbCircle
 10
307.155740914
 20
-46.238531187
 30
68.258768371
 40
0.897667611
100
AcDbArc
 50
-90.000000000
 51
90.000000069
  0
LINE
  5
1002
330
A02
100
AcDbEntity
  8
f
100
AcDbLine
 10
307.155740913
 20
-45.340863576
 30
68.699441561
 11
307.155740922
 21
-53.006513329
 31
84.314654043
  0
ARC
  5
1003
330
A02
100
AcDbEntity
  8
f
100
AcDbCircle
 10
307.155740924
 20
-53.904180940
 30
83.873980853
 40
0.897667610
100
AcDbArc
 50
-89.999999931
 51
90.000000069
  0
LINE
  5
1004
330
A02
100
AcDbEntity
  8
f
100
AcDbLine
 10
307.155740925
 20
-54.801848550
 30
84.314654044
 11
307.155740934
 21
-62.467498321
 31
68.699441571
  0
ARC
  5
1005
330
A02
100
AcDbEntity
  8
f
100
AcDbCircle
 10
307.155740933
 20
-61.569830711
 30
68.258768379
 40
0.000000001
100
AcDbArc
 50
-89.999999931
 51
-90.000000000
  0
LINE
  5
1006
330
A02
100
AcDbEntity
  8
f
100
AcDbLine
 10
307.155740937
 20
-65.128155444
 30
67.818095191
 11
307.155740925
 21
-55.234509499
 31
87.971818384
  0
ARC
  5
1007
330
A02
100
AcDbEntity
  8
f
100
AcDbCircle
 10
307.155740926
 20
-56.132177109
 30
88.412491575
 40
0.897667610
100
AcDbArc
 50
-89.999999931
 51
90.000000069
  0
LINE
  5
1008
330
A02
100
AcDbEntity
  8
f
100
AcDbLine
 10
307.155740927
 20
-57.029844720
 30
88.853164766
 11
307.155740939
 21
-66.923490656
 31
68.699441592
  0
ARC
  5
1009
330
A02
100
AcDbEntity
  8
f
100
AcDbCircle
 10
307.155740938
 20
-66.025823055
 30
68.258768382
 40
0.897667610
100
AcDbArc
 50
-89.999999931
 51
90.000000069
  0
LINE
  5
100A
330
A02
100
AcDbEntity
  8
f
100
AcDbLine
 10
307.155741063
 20
-170.429844632
 30
242.853164830
 11
307.155741075
 21
-180.323490577
 31
222.699441637
  0
ARC
  5
100B
330
A02
100
AcDbEntity
  8
f
100
AcDbCircle
 10
307.155741074
 20
-179.425822967
 30
222.258768446
 40
0.897667610
100
AcDbArc
 50
-89.999999931
 51
90.000000069
  0
LINE
  5
100C
330
A02
100
AcDbEntity
  8
f
100
AcDbLine
 10
307.155741073
 20
-178.528155357
 30
221.818095255
 11
307.155741061
 21
-168.634509412
 31
241.971818448
  0
ARC
  5
100D
330
A02
100
AcDbEntity
  8
f
100
AcDbCircle
 10
307.155741062
 20
-169.532177022
 30
242.412491639
 40
0.897667610
100
AcDbArc
 50
-89.999999931
 51
90.000000069
  0
LINE
  5
100E
330
A02
100
AcDbEntity
  8
f
100
AcDbLine
 10
307.155741048
 20
-157.674894738
 30
219.258768434
 11
307.155741076
 21
-181.389459332
 31
219.258768447
  0
ARC
  5
100F
330
A02
100
AcDbEntity
  8
f
100
AcDbCircle
 10
307.155741076
 20
-181.389459333
 30
218.258768447
 40
0.000000001
100
AcDbArc
 50
-90.000000000
 51
90.000000000
  0
LINE
  5
1010
330
A02
100
AcDbEntity
  8
f
100
AcDbLine
 10
307.155741076
 20
-181.389459334
 30
217.258768447
 11
307.155741048
 21
-157.674894739
 31
217.258768434
  0
ARC
  5
1011
330
A02
100
AcDbEntity
  8
f
100
AcDbCircle
 10
307.155741048
 20
-157.674894738
 30
218.258768434
 40
0.000000001
100
AcDbArc
 50
90.000000000
 51
-90.000000000
  0
LINE
  5
1012
330
A02
100
AcDbEntity
  8
f
100
AcDbLine
 10
307.155741023
 20
-137.169830602
 30
259.758768422
 11
307.155741005
 21
-121.838531078
 31
259.758768414
  0
ARC
  5
1013
330
A02
100
AcDbEntity
  8
f
100
AcDbCircle
 10
307.155741005
 20
-121.838531078
 30
260.758768414
 40
0.897667611
100
AcDbArc
 50
90.000000069
 51
-90.000000000
  0
LINE
  5
1014
330
A02
100
AcDbEntity
  8
f
100
AcDbLine
 10
307.155741004
 20
-120.940863467
 30
261.199441604
 11
307.155741013
 21
-128.606513220
 31
276.814654086
  0
ARC
  5
1015
330
A02
100
AcDbEntity
  8
f
100
AcDbCircle
 10
307.155741014
 20
-129.504180831
 30
276.373980896
 40
0.897667610
100
AcDbArc
 50
-89.999999931
 51
90.000000069
  0
LINE
  5
1016
330
A02
100
AcDbEntity
  8
f
100
AcDbLine
 10
307.155741015
 20
-130.401848441
 30
276.814654087
 11
307.155741024
 21
-138.067498212
 31
261.199441613
  0
ARC
  5
1017
330
A02
100
AcDbEntity
  8
f
100
AcDbCircle
 10
307.155741023
 20
-137.169830601
 30
260.758768422
 40
0.000000001
100
AcDbArc
 50
-90.000000000
 51
-89.999999931
  0
LINE
  5
1018
330
A02
100
AcDbEntity
  8
f
100
AcDbLine
 10
307.155741015
 20
-130.401848436
 30
285.010329147
 11
307.155740998
 21
-116.316569993
 31
256.318095239
  0
ARC
  5
1019
330
A02
100
AcDbEntity
  8
f
100
AcDbCircle
 10
307.155740997
 20
-115.418902372
 30
256.758768410
 40
0.897667611
100
AcDbArc
 50
90.000000069
 51
-89.999999931
  0
LINE
  5
101A
330
A02
100
AcDbEntity
  8
f
100
AcDbLine
 10
307.155740996
 20
-114.521234762
 30
257.199441600
 11
307.155741013
 21
-128.606513205
 31
285.891675508
  0
ARC
  5
101B
330
A02
100
AcDbEntity
  8
f
100
AcDbCircle
 10
307.155741014
 20
-129.504180826
 30
285.451002337
 40
0.897667611
100
AcDbArc
 50
-89.999999931
 51
90.000000069
  0
LINE
  5
101C
330
A02
100
AcDbEntity
  8
f
100
AcDbLine
 10
307.155740801
 20
48.271844643
 30
221.818095126
 11
307.155740789
 21
58.165490588
 31
241.971818319
  0
ARC
  5
101D
330
A02
100
AcDbEntity
  8
f
100
AcDbCircle
 10
307.155740790
 20
57.267822978
 30
242.412491510
 40
0.897667610
100
AcDbArc
 50
90.000000069
 51
-89.999999931
  0
LINE
  5
101E
330
A02
100
AcDbEntity
  8
f
100
AcDbLine
 10
307.155740791
 20
56.370155368
 30
242.853164702
 11
307.155740803
 21
46.476509423
 31
222.699441509
  0
ARC
  5
101F
330
A02
100
AcDbEntity
  8
f
100
AcDbCircle
 10
307.155740802
 20
47.374177033
 30
222.258768318
 40
0.897667610
100
AcDbArc
 50
-89.999999931
 51
90.000000069
  0
LINE
  5
1020
330
A02
100
AcDbEntity
  8
f
100
AcDbLine
 10
307.155740776
 20
69.125105262
 30
219.258768305
 11
307.155740805
 21
45.410540668
 31
219.258768319
  0
ARC
  5
1021
330
A02
100
AcDbEntity
  8
f
100
AcDbCircle
 10
307.155740805
 20
45.410540667
 30
218.258768319
 40
0.000000001
100
AcDbArc
 50
-90.000000000
 51
90.000000000
  0
LINE
  5
1022
330
A02
100
AcDbEntity
  8
f
100
AcDbLine
 10
307.155740805
 20
45.410540666
 30
217.258768319
 11
307.155740776
 21
69.125105261
 31
217.258768305
  0
ARC
  5
1023
330
A02
100
AcDbEntity
  8
f
100
AcDbCircle
 10
307.155740776
 20
69.125105262
 30
218.258768305
 40
0.000000001
100
AcDbArc
 50
90.000000000
 51
-90.000000000
  0
LINE
  5
1024
330
A02
100
AcDbEntity
  8
f
100
AcDbLine
 10
307.155740887
 20
-23.769830602
 30
259.758768358
 11
307.155740869
 21
-8.438531078
 31
259.758768349
  0
ARC
  5
1025
330
A02
100
AcDbEntity
  8
f
100
AcDbCircle
 10
307.155740869
 20
-8.438531078
 30
260.758768349
 40
0.897667611
100
AcDbArc
 50
-90.000000000
 51
90.000000069
  0
LINE
  5
1026
330
A02
100
AcDbEntity
  8
f
100
AcDbLine
 10
307.155740868
 20
-7.540863467
 30
261.199441539
 11
307.155740877
 21
-15.206513220
 31
276.814654022
  0
ARC
  5
1027
330
A02
100
AcDbEntity
  8
f
100
AcDbCircle
 10
307.155740878
 20
-16.104180831
 30
276.373980831
 40
0.897667610
100
AcDbArc
 50
-89.999999931
 51
90.000000069
  0
LINE
  5
1028
330
A02
100
AcDbEntity
  8
f
100
AcDbLine
 10
307.155740879
 20
-17.001848441
 30
276.814654023
 11
307.155740889
 21
-24.667498212
 31
261.199441549
  0
ARC
  5
1029
330
A02
100
AcDbEntity
  8
f
100
AcDbCircle
 10
307.155740887
 20
-23.769830601
 30
260.758768358
 40
0.000000001
100
AcDbArc
 50
-89.999999931
 51
-90.000000000
  0
LINE
  5
102A
330
A02
100
AcDbEntity
  8
f
100
AcDbLine
 10
307.155740860
 20
-1.121234762
 30
257.199441536
 11
307.155740877
 21
-15.206513215
 31
285.891675463
  0
ARC
  5
102B
330
A02
100
AcDbEntity
  8
f
100
AcDbCircle
 10
307.155740878
 20
-16.104180826
 30
285.451002273
 40
0.897667611
100
AcDbArc
 50
-89.999999931
 51
90.000000069
  0
LINE
  5
102C
330
A02
100
AcDbEntity
  8
f
100
AcDbLine
 10
307.155740879
 20
-17.001848436
 30
285.010329083
 11
307.155740862
 21
-2.916569983
 31
256.318095155
  0
ARC
  5
102D
330
A02
100
AcDbEntity
  8
f
100
AcDbCircle
 10
307.155740861
 20
-2.018902372
 30
256.758768346
 40
0.897667611
100
AcDbArc
 50
-89.999999931
 51
90.000000069
  0
LINE
  5
102E
330
A02
100
AcDbEntity
  8
f
100
AcDbLine
 10
307.155741042
 20
-152.321234849
 30
103.199441622
 11
307.155741058
 21
-166.406513293
 31
131.891675530
  0
ARC
  5
102F
330
A02
100
AcDbEntity
  8
f
100
AcDbCircle
 10
307.155741059
 20
-167.304180913
 30
131.451002358
 40
0.897667611
100
AcDbArc
 50
-89.999999931
 51
90.000000069
  0
LINE
  5
1030
330
A02
100
AcDbEntity
  8
f
100
AcDbLine
 10
307.155741061
 20
-168.201848524
 30
131.010329168
 11
307.155741044
 21
-154.116570071
 31
102.318095241
  0
ARC
  5
1031
330
A02
100
AcDbEntity
  8
f
100
AcDbCircle
 10
307.155741043
 20
-153.218902460
 30
102.758768431
 40
0.897667611
100
AcDbArc
 50
90.000000069
 51
-89.999999931
  0
LINE
  5
1032
330
A02
100
AcDbEntity
  8
f
100
AcDbLine
 10
307.155741048
 20
-157.674894803
 30
103.758768434
 11
307.155741076
 21
-181.389459398
 31
103.758768447
  0
ARC
  5
1033
330
A02
100
AcDbEntity
  8
f
100
AcDbCircle
 10
307.155741076
 20
-181.389459399
 30
102.758768447
 40
0.000000001
100
AcDbArc
 50
-90.000000000
 51
90.000000000
  0
LINE
  5
1034
330
A02
100
AcDbEntity
  8
f
100
AcDbLine
 10
307.155741076
 20
-181.389459399
 30
101.758768447
 11
307.155741048
 21
-157.674894804
 31
101.758768434
  0
ARC
  5
1035
330
A02
100
AcDbEntity
  8
f
100
AcDbCircle
 10
307.155741048
 20
-157.674894804
 30
102.758768434
 40
0.000000001
100
AcDbArc
 50
90.000000000
 51
-90.000000000
  0
LINE
  5
1036
330
A02
100
AcDbEntity
  8
f
100
AcDbLine
 10
307.155741038
 20
-149.734509442
 30
188.545718422
 11
307.155741050
 21
-159.628155374
 31
208.699441645
  0
ARC
  5
1037
330
A02
100
AcDbEntity
  8
f
100
AcDbCircle
 10
307.155741051
 20
-160.525822975
 30
208.258768436
 40
0.897667611
100
AcDbArc
 50
-89.999999931
 51
90.000000069
  0
LINE
  5
1038
330
A02
100
AcDbEntity
  8
f
100
AcDbLine
 10
307.155741052
 20
-161.423490586
 30
207.818095245
 11
307.155741041
 21
-151.529844664
 31
187.664372041
  0
ARC
  5
1039
330
A02
100
AcDbEntity
  8
f
100
AcDbCircle
 10
307.155741039
 20
-150.632177053
 30
188.105045231
 40
0.897667611
100
AcDbArc
 50
90.000000069
 51
-89.999999931
  0
LINE
  5
103A
330
A02
100
AcDbEntity
  8
f
100
AcDbLine
 10
307.155741025
 20
-138.774894741
 30
213.258768423
 11
307.155741054
 21
-162.489459336
 31
213.258768437
  0
ARC
  5
103B
330
A02
100
AcDbEntity
  8
f
100
AcDbCircle
 10
307.155741054
 20
-162.489459336
 30
212.258768437
 40
0.000000001
100
AcDbArc
 50
-90.000000000
 51
90.000000000
  0
LINE
  5
103C
330
A02
100
AcDbEntity
  8
f
100
AcDbLine
 10
307.155741054
 20
-162.489459337
 30
211.258768437
 11
307.155741025
 21
-138.774894742
 31
211.258768423
  0
ARC
  5
103D
330
A02
100
AcDbEntity
  8
f
100
AcDbCircle
 10
307.155741025
 20
-138.774894742
 30
212.258768423
 40
0.000000001
100
AcDbArc
 50
90.000000000
 51
-90.000000000
  0
LINE
  5
103E
330
A02
100
AcDbEntity
  8
f
100
AcDbLine
 10
307.155740978
 20
-99.369830646
 30
182.758768401
 11
307.155740960
 21
-84.038531122
 31
182.758768392
  0
ARC
  5
103F
330
A02
100
AcDbEntity
  8
f
100
AcDbCircle
 10
307.155740960
 20
-84.038531121
 30
183.758768392
 40
0.897667611
100
AcDbArc
 50
-90.000000000
 51
90.000000069
  0
LINE
  5
1040
330
A02
100
AcDbEntity
  8
f
100
AcDbLine
 10
307.155740959
 20
-83.140863511
 30
184.199441582
 11
307.155740968
 21
-90.806513264
 31
199.814654065
  0
ARC
  5
1041
330
A02
100
AcDbEntity
  8
f
100
AcDbCircle
 10
307.155740969
 20
-91.704180874
 30
199.373980874
 40
0.897667610
100
AcDbArc
 50
-89.999999931
 51
90.000000069
  0
LINE
  5
1042
330
A02
100
AcDbEntity
  8
f
100
AcDbLine
 10
307.155740970
 20
-92.601848485
 30
199.814654066
 11
307.155740979
 21
-100.267498255
 31
184.199441592
  0
ARC
  5
1043
330
A02
100
AcDbEntity
  8
f
100
AcDbCircle
 10
307.155740978
 20
-99.369830645
 30
183.758768401
 40
0.000000001
100
AcDbArc
 50
-90.000000000
 51
-89.999999931
  0
LINE
  5
1044
330
A02
100
AcDbEntity
  8
f
100
AcDbLine
 10
307.155740951
 20
-76.721234805
 30
180.199441579
 11
307.155740968
 21
-90.806513258
 31
208.891675506
  0
ARC
  5
1045
330
A02
100
AcDbEntity
  8
f
100
AcDbCircle
 10
307.155740969
 20
-91.704180869
 30
208.451002316
 40
0.897667611
100
AcDbArc
 50
90.000000069
 51
-89.999999931
  0
LINE
  5
1046
330
A02
100
AcDbEntity
  8
f
100
AcDbLine
 10
307.155740970
 20
-92.601848480
 30
208.010329125
 11
307.155740953
 21
-78.516570027
 31
179.318095198
  0
ARC
  5
1047
330
A02
100
AcDbEntity
  8
f
100
AcDbCircle
 10
307.155740952
 20
-77.618902416
 30
179.758768388
 40
0.897667611
100
AcDbArc
 50
-89.999999931
 51
90.000000069
  0
LINE
  5
1048
330
A02
100
AcDbEntity
  8
f
100
AcDbLine
 10
307.155740887
 20
-23.769830646
 30
182.758768358
 11
307.155740869
 21
-8.438531122
 31
182.758768349
  0
ARC
  5
1049
330
A02
100
AcDbEntity
  8
f
100
AcDbCircle
 10
307.155740869
 20
-8.438531121
 30
183.758768349
 40
0.897667611
100
AcDbArc
 50
-90.000000000
 51
90.000000069
  0
LINE
  5
104A
330
A02
100
AcDbEntity
  8
f
100
AcDbLine
 10
307.155740868
 20
-7.540863511
 30
184.199441539
 11
307.155740877
 21
-15.206513264
 31
199.814654022
  0
ARC
  5
104B
330
A02
100
AcDbEntity
  8
f
100
AcDbCircle
 10
307.155740878
 20
-16.104180874
 30
199.373980831
 40
0.897667610
100
AcDbArc
 50
-89.999999931
 51
90.000000069
  0
LINE
  5
104C
330
A02
100
AcDbEntity
  8
f
100
AcDbLine
 10
307.155740879
 20
-17.001848485
 30
199.814654023
 11
307.155740889
 21
-24.667498255
 31
184.199441549
  0
ARC
  5
104D
330
A02
100
AcDbEntity
  8
f
100
AcDbCircle
 10
307.155740887
 20
-23.769830645
 30
183.758768358
 40
0.000000001
100
AcDbArc
 50
-89.999999931
 51
-90.000000000
  0
LINE
  5
104E
330
A02
100
AcDbEntity
  8
f
100
AcDbLine
 10
307.155740879
 20
-17.001848480
 30
208.010329083
 11
307.155740862
 21
-2.916570027
 31
179.318095155
  0
ARC
  5
104F
330
A02
100
AcDbEntity
  8
f
100
AcDbCircle
 10
307.155740861
 20
-2.018902416
 30
179.758768346
 40
0.897667611
100
AcDbArc
 50
-89.999999931
 51
90.000000069
  0
LINE
  5
1050
330
A02
100
AcDbEntity
  8
f
100
AcDbLine
 10
307.155740860
 20
-1.121234805
 30
180.199441536
 11
307.155740877
 21
-15.206513249
 31
208.891675444
  0
ARC
  5
1051
330
A02
100
AcDbEntity
  8
f
100
AcDbCircle
 10
307.155740878
 20
-16.104180869
 30
208.451002273
 40
0.897667611
100
AcDbArc
 50
-89.999999931
 51
90.000000069
  0
LINE
  5
1052
330
A02
100
AcDbEntity
  8
f
100
AcDbLine
 10
307.155740978
 20
-99.369830580
 30
298.258768401
 11
307.155740960
 21
-84.038531056
 31
298.258768392
  0
ARC
  5
1053
330
A02
100
AcDbEntity
  8
f
100
AcDbCircle
 10
307.155740960
 20
-84.038531056
 30
299.258768392
 40
0.897667611
100
AcDbArc
 50
-90.000000000
 51
90.000000069
  0
LINE
  5
1054
330
A02
100
AcDbEntity
  8
f
100
AcDbLine
 10
307.155740959
 20
-83.140863445
 30
299.699441582
 11
307.155740968
 21
-90.806513198
 31
315.314654065
  0
ARC
  5
1055
330
A02
100
AcDbEntity
  8
f
100
AcDbCircle
 10
307.155740969
 20
-91.704180809
 30
314.873980874
 40
0.897667610
100
AcDbArc
 50
-89.999999931
 51
90.000000069
  0
LINE
  5
1056
330
A02
100
AcDbEntity
  8
f
100
AcDbLine
 10
307.155740970
 20
-92.601848419
 30
315.314654066
 11
307.155740979
 21
-100.267498190
 31
299.699441592
  0
ARC
  5
1057
330
A02
100
AcDbEntity
  8
f
100
AcDbCircle
 10
307.155740978
 20
-99.369830580
 30
299.258768401
 40
0.000000001
100
AcDbArc
 50
-90.000000000
 51
-89.999999931
  0
LINE
  5
1058
330
A02
100
AcDbEntity
  8
f
100
AcDbLine
 10
307.155740970
 20
-92.601848414
 30
323.510329125
 11
307.155740953
 21
-78.516569971
 31
294.818095217
  0
ARC
  5
1059
330
A02
100
AcDbEntity
  8
f
100
AcDbCircle
 10
307.155740952
 20
-77.618902351
 30
295.258768388
 40
0.897667611
100
AcDbArc
 50
-89.999999931
 51
90.000000069
  0
LINE
  5
105A
330
A02
100
AcDbEntity
  8
f
100
AcDbLine
 10
307.155740951
 20
-76.721234740
 30
295.699441579
 11
307.155740968
 21
-90.806513184
 31
324.391675487
  0
ARC
  5
105B
330
A02
100
AcDbEntity
  8
f
100
AcDbCircle
 10
307.155740969
 20
-91.704180804
 30
323.951002316
 40
0.897667611
100
AcDbArc
 50
90.000000069
 51
-89.999999931
  0
LINE
  5
105C
330
A02
100
AcDbEntity
  8
f
100
AcDbLine
 10
307.155740970
 20
-92.601848393
 30
362.010329125
 11
307.155740953
 21
-78.516569949
 31
333.318095217
  0
ARC
  5
105D
330
A02
100
AcDbEntity
  8
f
100
AcDbCircle
 10
307.155740952
 20
-77.618902329
 30
333.758768388
 40
0.897667611
100
AcDbArc
 50
-89.999999931
 51
90.000000069
  0
LINE
  5
105E
330
A02
100
AcDbEntity
  8
f
100
AcDbLine
 10
307.155740951
 20
-76.721234718
 30
334.199441579
 11
307.155740968
 21
-90.806513162
 31
362.891675487
  0
ARC
  5
105F
330
A02
100
AcDbEntity
  8
f
100
AcDbCircle
 10
307.155740969
 20
-91.704180782
 30
362.451002316
 40
0.897667611
100
AcDbArc
 50
90.000000069
 51
-89.999999931
  0
LINE
  5
1060
330
A02
100
AcDbEntity
  8
f
100
AcDbLine
 10
307.155740986
 20
-105.789459268
 30
332.758768404
 11
307.155740957
 21
-82.074894673
 31
332.758768391
  0
ARC
  5
1061
330
A02
100
AcDbEntity
  8
f
100
AcDbCircle
 10
307.155740957
 20
-82.074894673
 30
333.758768391
 40
0.000000001
100
AcDbArc
 50
90.000000000
 51
-90.000000000
  0
LINE
  5
1062
330
A02
100
AcDbEntity
  8
f
100
AcDbLine
 10
307.155740957
 20
-82.074894672
 30
334.758768391
 11
307.155740986
 21
-105.789459267
 31
334.758768404
  0
ARC
  5
1063
330
A02
100
AcDbEntity
  8
f
100
AcDbCircle
 10
307.155740986
 20
-105.789459267
 30
333.758768404
 40
0.000000001
100
AcDbArc
 50
-90.000000000
 51
90.000000000
  0
LINE
  5
1064
330
A02
100
AcDbEntity
  8
f
100
AcDbLine
 10
307.155740948
 20
-74.134509376
 30
304.045718379
 11
307.155740960
 21
-84.028155299
 31
324.199441583
  0
ARC
  5
1065
330
A02
100
AcDbEntity
  8
f
100
AcDbCircle
 10
307.155740961
 20
-84.925822910
 30
323.758768393
 40
0.897667611
100
AcDbArc
 50
-89.999999931
 51
90.000000069
  0
LINE
  5
1066
330
A02
100
AcDbEntity
  8
f
100
AcDbLine
 10
307.155740962
 20
-85.823490520
 30
323.318095203
 11
307.155740950
 21
-75.929844607
 31
303.164372017
  0
ARC
  5
1067
330
A02
100
AcDbEntity
  8
f
100
AcDbCircle
 10
307.155740949
 20
-75.032176987
 30
303.605045189
 40
0.897667611
100
AcDbArc
 50
90.000000069
 51
-89.999999931
  0
LINE
  5
1068
330
A02
100
AcDbEntity
  8
f
100
AcDbLine
 10
307.155740935
 20
-63.174894675
 30
328.758768380
 11
307.155740963
 21
-86.889459270
 31
328.758768394
  0
ARC
  5
1069
330
A02
100
AcDbEntity
  8
f
100
AcDbCircle
 10
307.155740963
 20
-86.889459271
 30
327.758768394
 40
0.000000001
100
AcDbArc
 50
-90.000000000
 51
90.000000000
  0
LINE
  5
106A
330
A02
100
AcDbEntity
  8
f
100
AcDbLine
 10
307.155740963
 20
-86.889459271
 30
326.758768394
 11
307.155740935
 21
-63.174894677
 31
326.758768380
  0
ARC
  5
106B
330
A02
100
AcDbEntity
  8
f
100
AcDbCircle
 10
307.155740935
 20
-63.174894676
 30
327.758768380
 40
0.000000001
100
AcDbArc
 50
90.000000000
 51
-90.000000000
  0
LINE
  5
106C
330
A02
100
AcDbEntity
  8
f
100
AcDbLine
 10
307.155740933
 20
-61.569830646
 30
182.758768379
 11
307.155740914
 21
-46.238531122
 31
182.758768371
  0
ARC
  5
106D
330
A02
100
AcDbEntity
  8
f
100
AcDbCircle
 10
307.155740914
 20
-46.238531121
 30
183.758768371
 40
0.897667611
100
AcDbArc
 50
-90.000000000
 51
90.000000069
  0
LINE
  5
106E
330
A02
100
AcDbEntity
  8
f
100
AcDbLine
 10
307.155740913
 20
-45.340863511
 30
184.199441561
 11
307.155740922
 21
-53.006513264
 31
199.814654043
  0
ARC
  5
106F
330
A02
100
AcDbEntity
  8
f
100
AcDbCircle
 10
307.155740924
 20
-53.904180874
 30
199.373980853
 40
0.897667610
100
AcDbArc
 50
-89.999999931
 51
90.000000069
  0
LINE
  5
1070
330
A02
100
AcDbEntity
  8
f
100
AcDbLine
 10
307.155740925
 20
-54.801848485
 30
199.814654044
 11
307.155740934
 21
-62.467498255
 31
184.199441571
  0
ARC
  5
1071
330
A02
100
AcDbEntity
  8
f
100
AcDbCircle
 10
307.155740933
 20
-61.569830645
 30
183.758768379
 40
0.000000001
100
AcDbArc
 50
-89.999999931
 51
-90.000000000
  0
LINE
  5
1072
330
A02
100
AcDbEntity
  8
f
100
AcDbLine
 10
307.155740937
 20
-65.128155379
 30
183.318095191
 11
307.155740925
 21
-55.234509424
 31
203.471818403
  0
ARC
  5
1073
330
A02
100
AcDbEntity
  8
f
100
AcDbCircle
 10
307.155740926
 20
-56.132177044
 30
203.912491575
 40
0.897667610
100
AcDbArc
 50
-89.999999931
 51
90.000000069
  0
LINE
  5
1074
330
A02
100
AcDbEntity
  8
f
100
AcDbLine
 10
307.155740927
 20
-57.029844654
 30
204.353164766
 11
307.155740939
 21
-66.923490599
 31
184.199441573
  0
ARC
  5
1075
330
A02
100
AcDbEntity
  8
f
100
AcDbCircle
 10
307.155740938
 20
-66.025822989
 30
183.758768382
 40
0.897667610
100
AcDbArc
 50
-89.999999931
 51
90.000000069
  0
LINE
  5
1076
330
A02
100
AcDbEntity
  8
f
100
AcDbLine
 10
307.155740937
 20
-65.128155401
 30
144.818095191
 11
307.155740925
 21
-55.234509455
 31
164.971818384
  0
ARC
  5
1077
330
A02
100
AcDbEntity
  8
f
100
AcDbCircle
 10
307.155740926
 20
-56.132177066
 30
165.412491575
 40
0.897667610
100
AcDbArc
 50
-89.999999931
 51
90.000000069
  0
LINE
  5
1078
330
A02
100
AcDbEntity
  8
f
100
AcDbLine
 10
307.155740927
 20
-57.029844676
 30
165.853164766
 11
307.155740939
 21
-66.923490621
 31
145.699441573
  0
ARC
  5
1079
330
A02
100
AcDbEntity
  8
f
100
AcDbCircle
 10
307.155740938
 20
-66.025823011
 30
145.258768382
 40
0.897667610
100
AcDbArc
 50
-89.999999931
 51
90.000000069
  0
LINE
  5
107A
330
A02
100
AcDbEntity
  8
f
100
AcDbLine
 10
307.155740912
 20
-44.274894781
 30
142.258768370
 11
307.155740940
 21
-67.989459376
 31
142.258768383
  0
ARC
  5
107B
330
A02
100
AcDbEntity
  8
f
100
AcDbCircle
 10
307.155740940
 20
-67.989459377
 30
141.258768383
 40
0.000000001
100
AcDbArc
 50
-90.000000000
 51
90.000000000
  0
LINE
  5
107C
330
A02
100
AcDbEntity
  8
f
100
AcDbLine
 10
307.155740940
 20
-67.989459377
 30
140.258768383
 11
307.155740912
 21
-44.274894782
 31
140.258768370
  0
ARC
  5
107D
330
A02
100
AcDbEntity
  8
f
100
AcDbCircle
 10
307.155740912
 20
-44.274894782
 30
141.258768370
 40
0.000000001
100
AcDbArc
 50
90.000000000
 51
-90.000000000
  0
LINE
  5
107E
330
A02
100
AcDbEntity
  8
f
100
AcDbLine
 10
307.155740937
 20
-65.138531151
 30
132.258768381
 11
307.155740955
 21
-80.469830674
 31
132.258768390
  0
ARC
  5
107F
330
A02
100
AcDbEntity
  8
f
100
AcDbCircle
 10
307.155740955
 20
-80.469830675
 30
131.258768390
 40
0.897667611
100
AcDbArc
 50
90.000000000
 51
-89.999999931
  0
LINE
  5
1080
330
A02
100
AcDbEntity
  8
f
100
AcDbLine
 10
307.155740956
 20
-81.367498286
 30
130.818095200
 11
307.155740947
 21
-73.701848533
 31
115.202882718
  0
ARC
  5
1081
330
A02
100
AcDbEntity
  8
f
100
AcDbCircle
 10
307.155740946
 20
-72.804180922
 30
115.643555908
 40
0.897667610
100
AcDbArc
 50
90.000000069
 51
-89.999999931
  0
LINE
  5
1082
330
A02
100
AcDbEntity
  8
f
100
AcDbLine
 10
307.155740945
 20
-71.906513312
 30
115.202882717
 11
307.155740936
 21
-64.240863541
 31
130.818095190
  0
ARC
  5
1083
330
A02
100
AcDbEntity
  8
f
100
AcDbCircle
 10
307.155740937
 20
-65.138531151
 30
131.258768381
 40
0.000000001
100
AcDbArc
 50
90.000000000
 51
90.000000069
  0
LINE
  5
1084
330
A02
100
AcDbEntity
  8
f
100
AcDbLine
 10
307.155740930
 20
-59.616570052
 30
135.699441569
 11
307.155740947
 21
-73.701848537
 31
107.007207658
  0
ARC
  5
1085
330
A02
100
AcDbEntity
  8
f
100
AcDbCircle
 10
307.155740946
 20
-72.804180927
 30
106.566534467
 40
0.897667610
100
AcDbArc
 50
-89.999999931
 51
90.000000069
  0
LINE
  5
1086
330
A02
100
AcDbEntity
  8
f
100
AcDbLine
 10
307.155740945
 20
-71.906513317
 30
106.125861276
 11
307.155740928
 21
-57.821234831
 31
134.818095187
  0
ARC
  5
1087
330
A02
100
AcDbEntity
  8
f
100
AcDbCircle
 10
307.155740929
 20
-58.718902441
 30
135.258768378
 40
0.897667610
100
AcDbArc
 50
90.000000069
 51
-89.999999931
  0
LINE
  5
1088
330
A02
100
AcDbEntity
  8
f
100
AcDbLine
 10
307.155740812
 20
39.265490514
 30
111.545718314
 11
307.155740824
 21
29.371844592
 31
131.699441518
  0
ARC
  5
1089
330
A02
100
AcDbEntity
  8
f
100
AcDbCircle
 10
307.155740825
 20
28.474176981
 30
131.258768328
 40
0.897667611
100
AcDbArc
 50
90.000000069
 51
-89.999999931
  0
LINE
  5
108A
330
A02
100
AcDbEntity
  8
f
100
AcDbLine
 10
307.155740826
 20
27.576509370
 30
130.818095138
 11
307.155740814
 21
37.470155283
 31
110.664371953
  0
ARC
  5
108B
330
A02
100
AcDbEntity
  8
f
100
AcDbCircle
 10
307.155740813
 20
38.367822904
 30
111.105045124
 40
0.897667611
100
AcDbArc
 50
-89.999999931
 51
90.000000069
  0
LINE
  5
108C
330
A02
100
AcDbEntity
  8
f
100
AcDbLine
 10
307.155740799
 20
50.225105215
 30
136.258768316
 11
307.155740827
 21
26.510540620
 31
136.258768329
  0
ARC
  5
108D
330
A02
100
AcDbEntity
  8
f
100
AcDbCircle
 10
307.155740827
 20
26.510540620
 30
135.258768329
 40
0.000000001
100
AcDbArc
 50
-90.000000000
 51
90.000000000
  0
LINE
  5
108E
330
A02
100
AcDbEntity
  8
f
100
AcDbLine
 10
307.155740827
 20
26.510540619
 30
134.258768329
 11
307.155740799
 21
50.225105214
 31
134.258768316
  0
ARC
  5
108F
330
A02
100
AcDbEntity
  8
f
100
AcDbCircle
 10
307.155740799
 20
50.225105215
 30
135.258768316
 40
0.000000001
100
AcDbArc
 50
90.000000000
 51
-90.000000000
  0
LINE
  5
1090
330
A02
100
AcDbEntity
  8
f
100
AcDbLine
 10
307.155740885
 20
-21.816570052
 30
135.699441547
 11
307.155740902
 21
-35.901848537
 31
107.007207636
  0
ARC
  5
1091
330
A02
100
AcDbEntity
  8
f
100
AcDbCircle
 10
307.155740901
 20
-35.004180927
 30
106.566534445
 40
0.897667610
100
AcDbArc
 50
-89.999999931
 51
90.000000069
  0
LINE
  5
1092
330
A02
100
AcDbEntity
  8
f
100
AcDbLine
 10
307.155740900
 20
-34.106513317
 30
106.125861254
 11
307.155740883
 21
-20.021234831
 31
134.818095165
  0
ARC
  5
1093
330
A02
100
AcDbEntity
  8
f
100
AcDbCircle
 10
307.155740884
 20
-20.918902441
 30
135.258768356
 40
0.897667610
100
AcDbArc
 50
90.000000069
 51
-89.999999931
  0
LINE
  5
1094
330
A02
100
AcDbEntity
  8
f
100
AcDbLine
 10
307.155740892
 20
-27.338531151
 30
132.258768360
 11
307.155740910
 21
-42.669830674
 31
132.258768369
  0
ARC
  5
1095
330
A02
100
AcDbEntity
  8
f
100
AcDbCircle
 10
307.155740910
 20
-42.669830675
 30
131.258768369
 40
0.897667611
100
AcDbArc
 50
90.000000000
 51
-89.999999931
  0
LINE
  5
1096
330
A02
100
AcDbEntity
  8
f
100
AcDbLine
 10
307.155740911
 20
-43.567498286
 30
130.818095179
 11
307.155740902
 21
-35.901848533
 31
115.202882696
  0
ARC
  5
1097
330
A02
100
AcDbEntity
  8
f
100
AcDbCircle
 10
307.155740901
 20
-35.004180922
 30
115.643555886
 40
0.897667610
100
AcDbArc
 50
90.000000069
 51
-89.999999931
  0
LINE
  5
1098
330
A02
100
AcDbEntity
  8
f
100
AcDbLine
 10
307.155740900
 20
-34.106513312
 30
115.202882695
 11
307.155740891
 21
-26.440863541
 31
130.818095169
  0
ARC
  5
1099
330
A02
100
AcDbEntity
  8
f
100
AcDbCircle
 10
307.155740892
 20
-27.338531151
 30
131.258768360
 40
0.000000001
100
AcDbArc
 50
90.000000000
 51
90.000000069
  0
LINE
  5
109A
330
A02
100
AcDbEntity
  8
f
100
AcDbLine
 10
307.155740846
 20
10.471844578
 30
106.318095148
 11
307.155740835
 21
20.365490523
 31
126.471818341
  0
ARC
  5
109B
330
A02
100
AcDbEntity
  8
f
100
AcDbCircle
 10
307.155740836
 20
19.467822913
 30
126.912491532
 40
0.897667610
100
AcDbArc
 50
90.000000069
 51
-89.999999931
  0
LINE
  5
109C
330
A02
100
AcDbEntity
  8
f
100
AcDbLine
 10
307.155740837
 20
18.570155302
 30
127.353164723
 11
307.155740849
 21
8.676509357
 31
107.199441530
  0
ARC
  5
109D
330
A02
100
AcDbEntity
  8
f
100
AcDbCircle
 10
307.155740847
 20
9.574176967
 30
106.758768339
 40
0.897667610
100
AcDbArc
 50
-89.999999931
 51
90.000000069
  0
LINE
  5
109E
330
A02
100
AcDbEntity
  8
f
100
AcDbLine
 10
307.155740850
 20
7.610540601
 30
101.758768340
 11
307.155740821
 21
31.325105196
 31
101.758768327
  0
ARC
  5
109F
330
A02
100
AcDbEntity
  8
f
100
AcDbCircle
 10
307.155740821
 20
31.325105196
 30
102.758768327
 40
0.000000001
100
AcDbArc
 50
90.000000000
 51
-90.000000000
  0
LINE
  5
10A0
330
A02
100
AcDbEntity
  8
f
100
AcDbLine
 10
307.155740821
 20
31.325105197
 30
103.758768327
 11
307.155740850
 21
7.610540602
 31
103.758768340
  0
ARC
  5
10A1
330
A02
100
AcDbEntity
  8
f
100
AcDbCircle
 10
307.155740850
 20
7.610540601
 30
102.758768340
 40
0.000000001
100
AcDbArc
 50
-90.000000000
 51
90.000000000
  0
LINE
  5
10A2
330
A02
100
AcDbEntity
  8
f
100
AcDbLine
 10
307.155740797
 20
51.830169289
 30
67.258768315
 11
307.155740778
 21
67.161468812
 31
67.258768306
  0
ARC
  5
10A3
330
A02
100
AcDbEntity
  8
f
100
AcDbCircle
 10
307.155740778
 20
67.161468813
 30
68.258768306
 40
0.897667611
100
AcDbArc
 50
-90.000000000
 51
90.000000069
  0
LINE
  5
10A4
330
A02
100
AcDbEntity
  8
f
100
AcDbLine
 10
307.155740777
 20
68.059136424
 30
68.699441496
 11
307.155740787
 21
60.393486671
 31
84.314653979
  0
ARC
  5
10A5
330
A02
100
AcDbEntity
  8
f
100
AcDbCircle
 10
307.155740788
 20
59.495819060
 30
83.873980789
 40
0.897667610
100
AcDbArc
 50
-89.999999931
 51
90.000000069
  0
LINE
  5
10A6
330
A02
100
AcDbEntity
  8
f
100
AcDbLine
 10
307.155740789
 20
58.598151450
 30
84.314653980
 11
307.155740798
 21
50.932501679
 31
68.699441506
  0
ARC
  5
10A7
330
A02
100
AcDbEntity
  8
f
100
AcDbCircle
 10
307.155740797
 20
51.830169289
 30
68.258768315
 40
0.000000001
100
AcDbArc
 50
-90.000000000
 51
-89.999999931
  0
LINE
  5
10A8
330
A02
100
AcDbEntity
  8
f
100
AcDbLine
 10
307.155740770
 20
74.478765129
 30
64.699441493
 11
307.155740787
 21
60.393486685
 31
93.391675401
  0
ARC
  5
10A9
330
A02
100
AcDbEntity
  8
f
100
AcDbCircle
 10
307.155740788
 20
59.495819065
 30
92.951002230
 40
0.897667611
100
AcDbArc
 50
-89.999999931
 51
90.000000069
  0
LINE
  5
10AA
330
A02
100
AcDbEntity
  8
f
100
AcDbLine
 10
307.155740789
 20
58.598151454
 30
92.510329040
 11
307.155740772
 21
72.683429907
 31
63.818095113
  0
ARC
  5
10AB
330
A02
100
AcDbEntity
  8
f
100
AcDbCircle
 10
307.155740771
 20
73.581097518
 30
64.258768303
 40
0.897667611
100
AcDbArc
 50
90.000000069
 51
-89.999999931
  0
LINE
  5
10AC
330
A02
100
AcDbEntity
  8
f
100
AcDbLine
 10
307.155740767
 20
77.065490514
 30
111.545718293
 11
307.155740778
 21
67.171844592
 31
131.699441497
  0
ARC
  5
10AD
330
A02
100
AcDbEntity
  8
f
100
AcDbCircle
 10
307.155740780
 20
66.274176981
 30
131.258768307
 40
0.897667611
100
AcDbArc
 50
90.000000069
 51
-89.999999931
  0
LINE
  5
10AE
330
A02
100
AcDbEntity
  8
f
100
AcDbLine
 10
307.155740781
 20
65.376509370
 30
130.818095117
 11
307.155740769
 21
75.270155293
 31
110.664371913
  0
ARC
  5
10AF
330
A02
100
AcDbEntity
  8
f
100
AcDbCircle
 10
307.155740768
 20
76.167822904
 30
111.105045103
 40
0.897667611
100
AcDbArc
 50
-89.999999931
 51
90.000000069
  0
LINE
  5
10B0
330
A02
100
AcDbEntity
  8
f
100
AcDbLine
 10
307.155740753
 20
88.025105215
 30
136.258768294
 11
307.155740782
 21
64.310540620
 31
136.258768308
  0
ARC
  5
10B1
330
A02
100
AcDbEntity
  8
f
100
AcDbCircle
 10
307.155740782
 20
64.310540620
 30
135.258768308
 40
0.000000001
100
AcDbArc
 50
-90.000000000
 51
90.000000000
  0
LINE
  5
10B2
330
A02
100
AcDbEntity
  8
f
100
AcDbLine
 10
307.155740782
 20
64.310540619
 30
134.258768308
 11
307.155740753
 21
88.025105214
 31
134.258768294
  0
ARC
  5
10B3
330
A02
100
AcDbEntity
  8
f
100
AcDbCircle
 10
307.155740753
 20
88.025105215
 30
135.258768294
 40
0.000000001
100
AcDbArc
 50
90.000000000
 51
-90.000000000
  0
LINE
  5
10B4
330
A02
100
AcDbEntity
  8
f
100
AcDbLine
 10
307.155740752
 20
89.630169311
 30
105.758768294
 11
307.155740733
 21
104.961468834
 31
105.758768285
  0
ARC
  5
10B5
330
A02
100
AcDbEntity
  8
f
100
AcDbCircle
 10
307.155740733
 20
104.961468835
 30
106.758768285
 40
0.897667611
100
AcDbArc
 50
90.000000069
 51
-90.000000000
  0
LINE
  5
10B6
330
A02
100
AcDbEntity
  8
f
100
AcDbLine
 10
307.155740732
 20
105.859136446
 30
107.199441475
 11
307.155740741
 21
98.193486693
 31
122.814653957
  0
ARC
  5
10B7
330
A02
100
AcDbEntity
  8
f
100
AcDbCircle
 10
307.155740742
 20
97.295819082
 30
122.373980767
 40
0.897667610
100
AcDbArc
 50
90.000000069
 51
-89.999999931
  0
LINE
  5
10B8
330
A02
100
AcDbEntity
  8
f
100
AcDbLine
 10
307.155740743
 20
96.398151472
 30
122.814653958
 11
307.155740753
 21
88.732501701
 31
107.199441485
  0
ARC
  5
10B9
330
A02
100
AcDbEntity
  8
f
100
AcDbCircle
 10
307.155740752
 20
89.630169311
 30
106.758768294
 40
0.000000001
100
AcDbArc
 50
-90.000000000
 51
-89.999999931
  0
LINE
  5
10BA
330
A02
100
AcDbEntity
  8
f
100
AcDbLine
 10
307.155740724
 20
112.278765151
 30
103.199441471
 11
307.155740741
 21
98.193486698
 31
131.891675398
  0
ARC
  5
10BB
330
A02
100
AcDbEntity
  8
f
100
AcDbCircle
 10
307.155740742
 20
97.295819087
 30
131.451002208
 40
0.897667611
100
AcDbArc
 50
-89.999999931
 51
90.000000069
  0
LINE
  5
10BC
330
A02
100
AcDbEntity
  8
f
100
AcDbLine
 10
307.155740743
 20
96.398151476
 30
131.010329018
 11
307.155740727
 21
110.483429929
 31
102.318095091
  0
ARC
  5
10BD
330
A02
100
AcDbEntity
  8
f
100
AcDbCircle
 10
307.155740725
 20
111.381097540
 30
102.758768281
 40
0.897667611
100
AcDbArc
 50
90.000000069
 51
-89.999999931
  0
LINE
  5
10BE
330
A02
100
AcDbEntity
  8
f
100
AcDbLine
 10
307.155740799
 20
50.225105193
 30
97.758768316
 11
307.155740827
 21
26.510540599
 31
97.758768329
  0
ARC
  5
10BF
330
A02
100
AcDbEntity
  8
f
100
AcDbCircle
 10
307.155740827
 20
26.510540598
 30
96.758768329
 40
0.000000001
100
AcDbArc
 50
-90.000000000
 51
90.000000000
  0
LINE
  5
10C0
330
A02
100
AcDbEntity
  8
f
100
AcDbLine
 10
307.155740827
 20
26.510540597
 30
95.758768329
 11
307.155740799
 21
50.225105192
 31
95.758768316
  0
ARC
  5
10C1
330
A02
100
AcDbEntity
  8
f
100
AcDbCircle
 10
307.155740799
 20
50.225105193
 30
96.758768316
 40
0.000000001
100
AcDbArc
 50
90.000000000
 51
-90.000000000
  0
LINE
  5
10C2
330
A02
100
AcDbEntity
  8
f
100
AcDbLine
 10
307.155740933
 20
-61.569830580
 30
298.258768379
 11
307.155740914
 21
-46.238531056
 31
298.258768371
  0
ARC
  5
10C3
330
A02
100
AcDbEntity
  8
f
100
AcDbCircle
 10
307.155740914
 20
-46.238531056
 30
299.258768371
 40
0.897667611
100
AcDbArc
 50
-90.000000000
 51
90.000000069
  0
LINE
  5
10C4
330
A02
100
AcDbEntity
  8
f
100
AcDbLine
 10
307.155740913
 20
-45.340863445
 30
299.699441561
 11
307.155740922
 21
-53.006513198
 31
315.314654043
  0
ARC
  5
10C5
330
A02
100
AcDbEntity
  8
f
100
AcDbCircle
 10
307.155740924
 20
-53.904180809
 30
314.873980853
 40
0.897667610
100
AcDbArc
 50
-89.999999931
 51
90.000000069
  0
LINE
  5
10C6
330
A02
100
AcDbEntity
  8
f
100
AcDbLine
 10
307.155740925
 20
-54.801848419
 30
315.314654044
 11
307.155740934
 21
-62.467498190
 31
299.699441571
  0
ARC
  5
10C7
330
A02
100
AcDbEntity
  8
f
100
AcDbCircle
 10
307.155740933
 20
-61.569830580
 30
299.258768379
 40
0.000000001
100
AcDbArc
 50
-89.999999931
 51
-90.000000000
  0
LINE
  5
10C8
330
A02
100
AcDbEntity
  8
f
100
AcDbLine
 10
307.155740906
 20
-38.921234740
 30
295.699441557
 11
307.155740922
 21
-53.006513184
 31
324.391675465
  0
ARC
  5
10C9
330
A02
100
AcDbEntity
  8
f
100
AcDbCircle
 10
307.155740924
 20
-53.904180804
 30
323.951002294
 40
0.897667611
100
AcDbArc
 50
90.000000069
 51
-89.999999931
  0
LINE
  5
10CA
330
A02
100
AcDbEntity
  8
f
100
AcDbLine
 10
307.155740925
 20
-54.801848414
 30
323.510329104
 11
307.155740908
 21
-40.716569961
 31
294.818095177
  0
ARC
  5
10CB
330
A02
100
AcDbEntity
  8
f
100
AcDbCircle
 10
307.155740907
 20
-39.818902351
 30
295.258768367
 40
0.897667611
100
AcDbArc
 50
-89.999999931
 51
90.000000069
  0
LINE
  5
10CC
330
A02
100
AcDbEntity
  8
f
100
AcDbLine
 10
307.155740937
 20
-65.128155422
 30
106.318095191
 11
307.155740925
 21
-55.234509477
 31
126.471818384
  0
ARC
  5
10CD
330
A02
100
AcDbEntity
  8
f
100
AcDbCircle
 10
307.155740926
 20
-56.132177087
 30
126.912491575
 40
0.897667610
100
AcDbArc
 50
-89.999999931
 51
90.000000069
  0
LINE
  5
10CE
330
A02
100
AcDbEntity
  8
f
100
AcDbLine
 10
307.155740927
 20
-57.029844698
 30
127.353164766
 11
307.155740939
 21
-66.923490643
 31
107.199441573
  0
ARC
  5
10CF
330
A02
100
AcDbEntity
  8
f
100
AcDbCircle
 10
307.155740938
 20
-66.025823033
 30
106.758768382
 40
0.897667610
100
AcDbArc
 50
-89.999999931
 51
90.000000069
  0
LINE
  5
10D0
330
A02
100
AcDbEntity
  8
f
100
AcDbLine
 10
307.155740912
 20
-44.274894803
 30
103.758768370
 11
307.155740940
 21
-67.989459398
 31
103.758768383
  0
ARC
  5
10D1
330
A02
100
AcDbEntity
  8
f
100
AcDbCircle
 10
307.155740940
 20
-67.989459399
 30
102.758768383
 40
0.000000001
100
AcDbArc
 50
-90.000000000
 51
90.000000000
  0
LINE
  5
10D2
330
A02
100
AcDbEntity
  8
f
100
AcDbLine
 10
307.155740940
 20
-67.989459399
 30
101.758768383
 11
307.155740912
 21
-44.274894804
 31
101.758768370
  0
ARC
  5
10D3
330
A02
100
AcDbEntity
  8
f
100
AcDbCircle
 10
307.155740912
 20
-44.274894804
 30
102.758768370
 40
0.000000001
100
AcDbArc
 50
90.000000000
 51
-90.000000000
  0
LINE
  5
10D4
330
A02
100
AcDbEntity
  8
f
100
AcDbLine
 10
307.155741023
 20
-137.169830689
 30
105.758768422
 11
307.155741005
 21
-121.838531166
 31
105.758768414
  0
ARC
  5
10D5
330
A02
100
AcDbEntity
  8
f
100
AcDbCircle
 10
307.155741005
 20
-121.838531165
 30
106.758768414
 40
0.897667611
100
AcDbArc
 50
90.000000069
 51
-90.000000000
  0
LINE
  5
10D6
330
A02
100
AcDbEntity
  8
f
100
AcDbLine
 10
307.155741004
 20
-120.940863554
 30
107.199441604
 11
307.155741013
 21
-128.606513307
 31
122.814654086
  0
ARC
  5
10D7
330
A02
100
AcDbEntity
  8
f
100
AcDbCircle
 10
307.155741014
 20
-129.504180918
 30
122.373980896
 40
0.897667610
100
AcDbArc
 50
-89.999999931
 51
90.000000069
  0
LINE
  5
10D8
330
A02
100
AcDbEntity
  8
f
100
AcDbLine
 10
307.155741015
 20
-130.401848528
 30
122.814654087
 11
307.155741024
 21
-138.067498299
 31
107.199441613
  0
ARC
  5
10D9
330
A02
100
AcDbEntity
  8
f
100
AcDbCircle
 10
307.155741023
 20
-137.169830689
 30
106.758768422
 40
0.000000001
100
AcDbArc
 50
-90.000000000
 51
-89.999999931
  0
LINE
  5
10DA
330
A02
100
AcDbEntity
  8
f
100
AcDbLine
 10
307.155741015
 20
-130.401848524
 30
131.010329147
 11
307.155740998
 21
-116.316570080
 31
102.318095239
  0
ARC
  5
10DB
330
A02
100
AcDbEntity
  8
f
100
AcDbCircle
 10
307.155740997
 20
-115.418902460
 30
102.758768410
 40
0.897667611
100
AcDbArc
 50
90.000000069
 51
-89.999999931
  0
LINE
  5
10DC
330
A02
100
AcDbEntity
  8
f
100
AcDbLine
 10
307.155740996
 20
-114.521234849
 30
103.199441600
 11
307.155741013
 21
-128.606513302
 31
131.891675527
  0
ARC
  5
10DD
330
A02
100
AcDbEntity
  8
f
100
AcDbCircle
 10
307.155741014
 20
-129.504180913
 30
131.451002337
 40
0.897667611
100
AcDbArc
 50
-89.999999931
 51
90.000000069
  0
LINE
  5
10DE
330
A02
100
AcDbEntity
  8
f
100
AcDbLine
 10
307.155740935
 20
-63.174894763
 30
174.758768380
 11
307.155740963
 21
-86.889459358
 31
174.758768394
  0
ARC
  5
10DF
330
A02
100
AcDbEntity
  8
f
100
AcDbCircle
 10
307.155740963
 20
-86.889459358
 30
173.758768394
 40
0.000000001
100
AcDbArc
 50
-90.000000000
 51
90.000000000
  0
LINE
  5
10E0
330
A02
100
AcDbEntity
  8
f
100
AcDbLine
 10
307.155740963
 20
-86.889459359
 30
172.758768394
 11
307.155740935
 21
-63.174894764
 31
172.758768380
  0
ARC
  5
10E1
330
A02
100
AcDbEntity
  8
f
100
AcDbCircle
 10
307.155740935
 20
-63.174894763
 30
173.758768380
 40
0.000000001
100
AcDbArc
 50
90.000000000
 51
-90.000000000
  0
LINE
  5
10E2
330
A02
100
AcDbEntity
  8
f
100
AcDbLine
 10
307.155740948
 20
-74.134509464
 30
150.045718379
 11
307.155740960
 21
-84.028155386
 31
170.199441583
  0
ARC
  5
10E3
330
A02
100
AcDbEntity
  8
f
100
AcDbCircle
 10
307.155740961
 20
-84.925822997
 30
169.758768393
 40
0.897667611
100
AcDbArc
 50
-89.999999931
 51
90.000000069
  0
LINE
  5
10E4
330
A02
100
AcDbEntity
  8
f
100
AcDbLine
 10
307.155740962
 20
-85.823490608
 30
169.318095203
 11
307.155740950
 21
-75.929844685
 31
149.164371998
  0
ARC
  5
10E5
330
A02
100
AcDbEntity
  8
f
100
AcDbCircle
 10
307.155740949
 20
-75.032177075
 30
149.605045189
 40
0.897667611
100
AcDbArc
 50
90.000000069
 51
-89.999999931
  0
LINE
  5
10E6
330
A02
100
AcDbEntity
  8
f
100
AcDbLine
 10
307.155740743
 20
96.398151433
 30
54.010329018
 11
307.155740727
 21
110.483429886
 31
25.318095091
  0
ARC
  5
10E7
330
A02
100
AcDbEntity
  8
f
100
AcDbCircle
 10
307.155740725
 20
111.381097496
 30
25.758768281
 40
0.897667611
100
AcDbArc
 50
90.000000069
 51
-89.999999931
  0
LINE
  5
10E8
330
A02
100
AcDbEntity
  8
f
100
AcDbLine
 10
307.155740724
 20
112.278765107
 30
26.199441471
 11
307.155740741
 21
98.193486654
 31
54.891675398
  0
ARC
  5
10E9
330
A02
100
AcDbEntity
  8
f
100
AcDbCircle
 10
307.155740742
 20
97.295819043
 30
54.451002208
 40
0.897667611
100
AcDbArc
 50
-89.999999931
 51
90.000000069
  0
LINE
  5
10EA
330
A02
100
AcDbEntity
  8
f
100
AcDbLine
 10
307.155740731
 20
106.925105153
 30
26.758768284
 11
307.155740759
 21
83.210540558
 31
26.758768297
  0
ARC
  5
10EB
330
A02
100
AcDbEntity
  8
f
100
AcDbCircle
 10
307.155740759
 20
83.210540558
 30
25.758768297
 40
0.000000001
100
AcDbArc
 50
-90.000000000
 51
90.000000000
  0
LINE
  5
10EC
330
A02
100
AcDbEntity
  8
f
100
AcDbLine
 10
307.155740759
 20
83.210540557
 30
24.758768297
 11
307.155740731
 21
106.925105152
 31
24.758768284
  0
ARC
  5
10ED
330
A02
100
AcDbEntity
  8
f
100
AcDbCircle
 10
307.155740731
 20
106.925105153
 30
25.758768284
 40
0.000000001
100
AcDbArc
 50
90.000000000
 51
-90.000000000
  0
LINE
  5
10EE
330
A02
100
AcDbEntity
  8
f
100
AcDbLine
 10
307.155741028
 20
-140.738531041
 30
324.758768424
 11
307.155741046
 21
-156.069830565
 31
324.758768433
  0
ARC
  5
10EF
330
A02
100
AcDbEntity
  8
f
100
AcDbCircle
 10
307.155741046
 20
-156.069830566
 30
323.758768433
 40
0.897667611
100
AcDbArc
 50
90.000000000
 51
-89.999999931
  0
LINE
  5
10F0
330
A02
100
AcDbEntity
  8
f
100
AcDbLine
 10
307.155741047
 20
-156.967498176
 30
323.318095243
 11
307.155741038
 21
-149.301848423
 31
307.702882761
  0
ARC
  5
10F1
330
A02
100
AcDbEntity
  8
f
100
AcDbCircle
 10
307.155741037
 20
-148.404180813
 30
308.143555951
 40
0.897667610
100
AcDbArc
 50
90.000000069
 51
-89.999999931
  0
LINE
  5
10F2
330
A02
100
AcDbEntity
  8
f
100
AcDbLine
 10
307.155741036
 20
-147.506513202
 30
307.702882760
 11
307.155741027
 21
-139.840863432
 31
323.318095233
  0
ARC
  5
10F3
330
A02
100
AcDbEntity
  8
f
100
AcDbCircle
 10
307.155741028
 20
-140.738531042
 30
323.758768424
 40
0.000000001
100
AcDbArc
 50
90.000000000
 51
90.000000069
  0
LINE
  5
10F4
330
A02
100
AcDbEntity
  8
f
100
AcDbLine
 10
307.155741021
 20
-135.216569942
 30
328.199441612
 11
307.155741038
 21
-149.301848428
 31
299.507207701
  0
ARC
  5
10F5
330
A02
100
AcDbEntity
  8
f
100
AcDbCircle
 10
307.155741037
 20
-148.404180818
 30
299.066534510
 40
0.897667610
100
AcDbArc
 50
90.000000069
 51
-89.999999931
  0
LINE
  5
10F6
330
A02
100
AcDbEntity
  8
f
100
AcDbLine
 10
307.155741036
 20
-147.506513207
 30
298.625861318
 11
307.155741019
 21
-133.421234722
 31
327.318095230
  0
ARC
  5
10F7
330
A02
100
AcDbEntity
  8
f
100
AcDbCircle
 10
307.155741020
 20
-134.318902332
 30
327.758768421
 40
0.897667610
100
AcDbArc
 50
-89.999999931
 51
90.000000069
  0
LINE
  5
10F8
330
A02
100
AcDbEntity
  8
f
100
AcDbLine
 10
307.155740982
 20
-102.928155401
 30
144.818095212
 11
307.155740970
 21
-93.034509455
 31
164.971818405
  0
ARC
  5
10F9
330
A02
100
AcDbEntity
  8
f
100
AcDbCircle
 10
307.155740972
 20
-93.932177066
 30
165.412491596
 40
0.897667610
100
AcDbArc
 50
-89.999999931
 51
90.000000069
  0
LINE
  5
10FA
330
A02
100
AcDbEntity
  8
f
100
AcDbLine
 10
307.155740973
 20
-94.829844676
 30
165.853164787
 11
307.155740984
 21
-104.723490621
 31
145.699441595
  0
ARC
  5
10FB
330
A02
100
AcDbEntity
  8
f
100
AcDbCircle
 10
307.155740983
 20
-103.825823011
 30
145.258768403
 40
0.897667610
100
AcDbArc
 50
90.000000069
 51
-89.999999931
  0
LINE
  5
10FC
330
A02
100
AcDbEntity
  8
f
100
AcDbLine
 10
307.155740986
 20
-105.789459377
 30
140.258768404
 11
307.155740957
 21
-82.074894782
 31
140.258768391
  0
ARC
  5
10FD
330
A02
100
AcDbEntity
  8
f
100
AcDbCircle
 10
307.155740957
 20
-82.074894782
 30
141.258768391
 40
0.000000001
100
AcDbArc
 50
90.000000000
 51
-90.000000000
  0
LINE
  5
10FE
330
A02
100
AcDbEntity
  8
f
100
AcDbLine
 10
307.155740957
 20
-82.074894781
 30
142.258768391
 11
307.155740986
 21
-105.789459376
 31
142.258768404
  0
ARC
  5
10FF
330
A02
100
AcDbEntity
  8
f
100
AcDbCircle
 10
307.155740986
 20
-105.789459377
 30
141.258768404
 40
0.000000001
100
AcDbArc
 50
-90.000000000
 51
90.000000000
  0
LINE
  5
1100
330
A02
100
AcDbEntity
  8
f
100
AcDbLine
 10
307.155741021
 20
-135.216570095
 30
58.699441612
 11
307.155741038
 21
-149.301848590
 31
30.007207682
  0
ARC
  5
1101
330
A02
100
AcDbEntity
  8
f
100
AcDbCircle
 10
307.155741037
 20
-148.404180971
 30
29.566534510
 40
0.897667610
100
AcDbArc
 50
90.000000069
 51
-89.999999931
  0
LINE
  5
1102
330
A02
100
AcDbEntity
  8
f
100
AcDbLine
 10
307.155741036
 20
-147.506513360
 30
29.125861318
 11
307.155741019
 21
-133.421234875
 31
57.818095230
  0
ARC
  5
1103
330
A02
100
AcDbEntity
  8
f
100
AcDbCircle
 10
307.155741020
 20
-134.318902485
 30
58.258768421
 40
0.897667610
100
AcDbArc
 50
-89.999999931
 51
90.000000069
  0
LINE
  5
1104
330
A02
100
AcDbEntity
  8
f
100
AcDbLine
 10
307.155741028
 20
-140.738531194
 30
55.258768424
 11
307.155741046
 21
-156.069830718
 31
55.258768433
  0
ARC
  5
1105
330
A02
100
AcDbEntity
  8
f
100
AcDbCircle
 10
307.155741046
 20
-156.069830719
 30
54.258768433
 40
0.897667611
100
AcDbArc
 50
90.000000000
 51
-89.999999931
  0
LINE
  5
1106
330
A02
100
AcDbEntity
  8
f
100
AcDbLine
 10
307.155741047
 20
-156.967498329
 30
53.818095243
 11
307.155741038
 21
-149.301848576
 31
38.202882761
  0
ARC
  5
1107
330
A02
100
AcDbEntity
  8
f
100
AcDbCircle
 10
307.155741037
 20
-148.404180966
 30
38.643555951
 40
0.897667610
100
AcDbArc
 50
90.000000069
 51
-89.999999931
  0
LINE
  5
1108
330
A02
100
AcDbEntity
  8
f
100
AcDbLine
 10
307.155741036
 20
-147.506513355
 30
38.202882760
 11
307.155741027
 21
-139.840863585
 31
53.818095233
  0
ARC
  5
1109
330
A02
100
AcDbEntity
  8
f
100
AcDbCircle
 10
307.155741028
 20
-140.738531195
 30
54.258768424
 40
0.000000001
100
AcDbArc
 50
90.000000000
 51
90.000000069
  0
LINE
  5
110A
330
A02
100
AcDbEntity
  8
f
100
AcDbLine
 10
307.155741038
 20
-149.734509507
 30
73.045718422
 11
307.155741050
 21
-159.628155439
 31
93.199441645
  0
ARC
  5
110B
330
A02
100
AcDbEntity
  8
f
100
AcDbCircle
 10
307.155741051
 20
-160.525823041
 30
92.758768436
 40
0.897667611
100
AcDbArc
 50
-89.999999931
 51
90.000000069
  0
LINE
  5
110C
330
A02
100
AcDbEntity
  8
f
100
AcDbLine
 10
307.155741052
 20
-161.423490651
 30
92.318095245
 11
307.155741041
 21
-151.529844729
 31
72.164372041
  0
ARC
  5
110D
330
A02
100
AcDbEntity
  8
f
100
AcDbCircle
 10
307.155741039
 20
-150.632177118
 30
72.605045231
 40
0.897667611
100
AcDbArc
 50
90.000000069
 51
-89.999999931
  0
LINE
  5
110E
330
A02
100
AcDbEntity
  8
f
100
AcDbLine
 10
307.155741025
 20
-138.774894807
 30
97.758768423
 11
307.155741054
 21
-162.489459401
 31
97.758768437
  0
ARC
  5
110F
330
A02
100
AcDbEntity
  8
f
100
AcDbCircle
 10
307.155741054
 20
-162.489459402
 30
96.758768437
 40
0.000000001
100
AcDbArc
 50
-90.000000000
 51
90.000000000
  0
LINE
  5
1110
330
A02
100
AcDbEntity
  8
f
100
AcDbLine
 10
307.155741054
 20
-162.489459403
 30
95.758768437
 11
307.155741025
 21
-138.774894808
 31
95.758768423
  0
ARC
  5
1111
330
A02
100
AcDbEntity
  8
f
100
AcDbCircle
 10
307.155741025
 20
-138.774894807
 30
96.758768423
 40
0.000000001
100
AcDbArc
 50
90.000000000
 51
-90.000000000
  0
LINE
  5
1112
330
A02
100
AcDbEntity
  8
f
100
AcDbLine
 10
307.155740933
 20
-61.569830602
 30
259.758768379
 11
307.155740914
 21
-46.238531078
 31
259.758768371
  0
ARC
  5
1113
330
A02
100
AcDbEntity
  8
f
100
AcDbCircle
 10
307.155740914
 20
-46.238531078
 30
260.758768371
 40
0.897667611
100
AcDbArc
 50
-90.000000000
 51
90.000000069
  0
LINE
  5
1114
330
A02
100
AcDbEntity
  8
f
100
AcDbLine
 10
307.155740913
 20
-45.340863467
 30
261.199441561
 11
307.155740922
 21
-53.006513220
 31
276.814654043
  0
ARC
  5
1115
330
A02
100
AcDbEntity
  8
f
100
AcDbCircle
 10
307.155740924
 20
-53.904180831
 30
276.373980853
 40
0.897667610
100
AcDbArc
 50
-89.999999931
 51
90.000000069
  0
LINE
  5
1116
330
A02
100
AcDbEntity
  8
f
100
AcDbLine
 10
307.155740925
 20
-54.801848441
 30
276.814654044
 11
307.155740934
 21
-62.467498212
 31
261.199441571
  0
ARC
  5
1117
330
A02
100
AcDbEntity
  8
f
100
AcDbCircle
 10
307.155740933
 20
-61.569830601
 30
260.758768379
 40
0.000000001
100
AcDbArc
 50
-89.999999931
 51
-90.000000000
  0
LINE
  5
1118
330
A02
100
AcDbEntity
  8
f
100
AcDbLine
 10
307.155740906
 20
-38.921234762
 30
257.199441557
 11
307.155740922
 21
-53.006513215
 31
285.891675484
  0
ARC
  5
1119
330
A02
100
AcDbEntity
  8
f
100
AcDbCircle
 10
307.155740924
 20
-53.904180826
 30
285.451002294
 40
0.897667611
100
AcDbArc
 50
90.000000069
 51
-89.999999931
  0
LINE
  5
111A
330
A02
100
AcDbEntity
  8
f
100
AcDbLine
 10
307.155740925
 20
-54.801848436
 30
285.010329104
 11
307.155740908
 21
-40.716569983
 31
256.318095177
  0
ARC
  5
111B
330
A02
100
AcDbEntity
  8
f
100
AcDbCircle
 10
307.155740907
 20
-39.818902372
 30
256.758768367
 40
0.897667611
100
AcDbArc
 50
-89.999999931
 51
90.000000069
  0
LINE
  5
111C
330
A02
100
AcDbEntity
  8
f
100
AcDbLine
 10
307.155740980
 20
-100.974894785
 30
136.258768402
 11
307.155741008
 21
-124.689459380
 31
136.258768415
  0
ARC
  5
111D
330
A02
100
AcDbEntity
  8
f
100
AcDbCircle
 10
307.155741008
 20
-124.689459380
 30
135.258768415
 40
0.000000001
100
AcDbArc
 50
-90.000000000
 51
90.000000000
  0
LINE
  5
111E
330
A02
100
AcDbEntity
  8
f
100
AcDbLine
 10
307.155741008
 20
-124.689459381
 30
134.258768415
 11
307.155740980
 21
-100.974894786
 31
134.258768402
  0
ARC
  5
111F
330
A02
100
AcDbEntity
  8
f
100
AcDbCircle
 10
307.155740980
 20
-100.974894785
 30
135.258768402
 40
0.000000001
100
AcDbArc
 50
90.000000000
 51
-90.000000000
  0
LINE
  5
1120
330
A02
100
AcDbEntity
  8
f
100
AcDbLine
 10
307.155740993
 20
-111.934509486
 30
111.545718400
 11
307.155741005
 21
-121.828155408
 31
131.699441604
  0
ARC
  5
1121
330
A02
100
AcDbEntity
  8
f
100
AcDbCircle
 10
307.155741006
 20
-122.725823019
 30
131.258768414
 40
0.897667611
100
AcDbArc
 50
-89.999999931
 51
90.000000069
  0
LINE
  5
1122
330
A02
100
AcDbEntity
  8
f
100
AcDbLine
 10
307.155741007
 20
-123.623490630
 30
130.818095224
 11
307.155740995
 21
-113.729844707
 31
110.664372020
  0
ARC
  5
1123
330
A02
100
AcDbEntity
  8
f
100
AcDbCircle
 10
307.155740994
 20
-112.832177096
 30
111.105045210
 40
0.897667611
100
AcDbArc
 50
90.000000069
 51
-89.999999931
  0
LINE
  5
1124
330
A02
100
AcDbEntity
  8
f
100
AcDbLine
 10
307.155741028
 20
-140.728155357
 30
221.818095234
 11
307.155741016
 21
-130.834509412
 31
241.971818427
  0
ARC
  5
1125
330
A02
100
AcDbEntity
  8
f
100
AcDbCircle
 10
307.155741017
 20
-131.732177022
 30
242.412491618
 40
0.897667610
100
AcDbArc
 50
-89.999999931
 51
90.000000069
  0
LINE
  5
1126
330
A02
100
AcDbEntity
  8
f
100
AcDbLine
 10
307.155741018
 20
-132.629844632
 30
242.853164809
 11
307.155741030
 21
-142.523490577
 31
222.699441616
  0
ARC
  5
1127
330
A02
100
AcDbEntity
  8
f
100
AcDbCircle
 10
307.155741029
 20
-141.625822967
 30
222.258768425
 40
0.897667610
100
AcDbArc
 50
90.000000069
 51
-89.999999931
  0
LINE
  5
1128
330
A02
100
AcDbEntity
  8
f
100
AcDbLine
 10
307.155741003
 20
-119.874894738
 30
219.258768412
 11
307.155741031
 21
-143.589459332
 31
219.258768426
  0
ARC
  5
1129
330
A02
100
AcDbEntity
  8
f
100
AcDbCircle
 10
307.155741031
 20
-143.589459333
 30
218.258768426
 40
0.000000001
100
AcDbArc
 50
-90.000000000
 51
90.000000000
  0
LINE
  5
112A
330
A02
100
AcDbEntity
  8
f
100
AcDbLine
 10
307.155741031
 20
-143.589459334
 30
217.258768426
 11
307.155741003
 21
-119.874894739
 31
217.258768412
  0
ARC
  5
112B
330
A02
100
AcDbEntity
  8
f
100
AcDbCircle
 10
307.155741003
 20
-119.874894738
 30
218.258768412
 40
0.000000001
100
AcDbArc
 50
90.000000000
 51
-90.000000000
  0
LINE
  5
112C
330
A02
100
AcDbEntity
  8
f
100
AcDbLine
 10
307.155740752
 20
89.630169289
 30
67.258768294
 11
307.155740733
 21
104.961468812
 31
67.258768285
  0
ARC
  5
112D
330
A02
100
AcDbEntity
  8
f
100
AcDbCircle
 10
307.155740733
 20
104.961468813
 30
68.258768285
 40
0.897667611
100
AcDbArc
 50
90.000000069
 51
-90.000000000
  0
LINE
  5
112E
330
A02
100
AcDbEntity
  8
f
100
AcDbLine
 10
307.155740732
 20
105.859136424
 30
68.699441475
 11
307.155740741
 21
98.193486671
 31
84.314653957
  0
ARC
  5
112F
330
A02
100
AcDbEntity
  8
f
100
AcDbCircle
 10
307.155740742
 20
97.295819060
 30
83.873980767
 40
0.897667610
100
AcDbArc
 50
90.000000069
 51
-89.999999931
  0
LINE
  5
1130
330
A02
100
AcDbEntity
  8
f
100
AcDbLine
 10
307.155740743
 20
96.398151450
 30
84.314653958
 11
307.155740753
 21
88.732501679
 31
68.699441485
  0
ARC
  5
1131
330
A02
100
AcDbEntity
  8
f
100
AcDbCircle
 10
307.155740752
 20
89.630169289
 30
68.258768294
 40
0.000000001
100
AcDbArc
 50
-90.000000000
 51
-89.999999931
  0
LINE
  5
1132
330
A02
100
AcDbEntity
  8
f
100
AcDbLine
 10
307.155740756
 20
86.071844556
 30
67.818095105
 11
307.155740744
 21
95.965490510
 31
87.971818317
  0
ARC
  5
1133
330
A02
100
AcDbEntity
  8
f
100
AcDbCircle
 10
307.155740745
 20
95.067822891
 30
88.412491489
 40
0.897667610
100
AcDbArc
 50
90.000000069
 51
-89.999999931
  0
LINE
  5
1134
330
A02
100
AcDbEntity
  8
f
100
AcDbLine
 10
307.155740746
 20
94.170155280
 30
88.853164680
 11
307.155740758
 21
84.276509344
 31
68.699441506
  0
ARC
  5
1135
330
A02
100
AcDbEntity
  8
f
100
AcDbCircle
 10
307.155740757
 20
85.174176945
 30
68.258768296
 40
0.897667610
100
AcDbArc
 50
-89.999999931
 51
90.000000069
  0
LINE
  5
1136
330
A02
100
AcDbEntity
  8
f
100
AcDbLine
 10
307.155740892
 20
-27.338531019
 30
363.258768360
 11
307.155740910
 21
-42.669830543
 31
363.258768369
  0
ARC
  5
1137
330
A02
100
AcDbEntity
  8
f
100
AcDbCircle
 10
307.155740910
 20
-42.669830544
 30
362.258768369
 40
0.897667611
100
AcDbArc
 50
90.000000000
 51
-89.999999931
  0
LINE
  5
1138
330
A02
100
AcDbEntity
  8
f
100
AcDbLine
 10
307.155740911
 20
-43.567498155
 30
361.818095179
 11
307.155740902
 21
-35.901848402
 31
346.202882696
  0
ARC
  5
1139
330
A02
100
AcDbEntity
  8
f
100
AcDbCircle
 10
307.155740901
 20
-35.004180791
 30
346.643555886
 40
0.897667610
100
AcDbArc
 50
90.000000069
 51
-89.999999931
  0
LINE
  5
113A
330
A02
100
AcDbEntity
  8
f
100
AcDbLine
 10
307.155740900
 20
-34.106513180
 30
346.202882695
 11
307.155740891
 21
-26.440863410
 31
361.818095169
  0
ARC
  5
113B
330
A02
100
AcDbEntity
  8
f
100
AcDbCircle
 10
307.155740892
 20
-27.338531020
 30
362.258768360
 40
0.000000001
100
AcDbArc
 50
90.000000000
 51
90.000000069
  0
LINE
  5
113C
330
A02
100
AcDbEntity
  8
f
100
AcDbLine
 10
307.155740885
 20
-21.816569921
 30
366.699441547
 11
307.155740902
 21
-35.901848406
 31
338.007207636
  0
ARC
  5
113D
330
A02
100
AcDbEntity
  8
f
100
AcDbCircle
 10
307.155740901
 20
-35.004180796
 30
337.566534445
 40
0.897667610
100
AcDbArc
 50
-89.999999931
 51
90.000000069
  0
LINE
  5
113E
330
A02
100
AcDbEntity
  8
f
100
AcDbLine
 10
307.155740900
 20
-34.106513186
 30
337.125861254
 11
307.155740883
 21
-20.021234691
 31
365.818095184
  0
ARC
  5
113F
330
A02
100
AcDbEntity
  8
f
100
AcDbCircle
 10
307.155740884
 20
-20.918902310
 30
366.258768356
 40
0.897667610
100
AcDbArc
 50
90.000000069
 51
-89.999999931
  0
LINE
  5
1140
330
A02
100
AcDbEntity
  8
f
100
AcDbLine
 10
307.155740791
 20
56.370155259
 30
50.353164702
 11
307.155740803
 21
46.476509323
 31
30.199441528
  0
ARC
  5
1141
330
A02
100
AcDbEntity
  8
f
100
AcDbCircle
 10
307.155740802
 20
47.374176924
 30
29.758768318
 40
0.897667610
100
AcDbArc
 50
-89.999999931
 51
90.000000069
  0
LINE
  5
1142
330
A02
100
AcDbEntity
  8
f
100
AcDbLine
 10
307.155740801
 20
48.271844534
 30
29.318095126
 11
307.155740789
 21
58.165490488
 31
49.471818338
  0
ARC
  5
1143
330
A02
100
AcDbEntity
  8
f
100
AcDbCircle
 10
307.155740790
 20
57.267822869
 30
49.912491510
 40
0.897667610
100
AcDbArc
 50
90.000000069
 51
-89.999999931
  0
LINE
  5
1144
330
A02
100
AcDbEntity
  8
f
100
AcDbLine
 10
307.155740805
 20
45.410540557
 30
24.758768319
 11
307.155740776
 21
69.125105152
 31
24.758768305
  0
ARC
  5
1145
330
A02
100
AcDbEntity
  8
f
100
AcDbCircle
 10
307.155740776
 20
69.125105153
 30
25.758768305
 40
0.000000001
100
AcDbArc
 50
90.000000000
 51
-90.000000000
  0
LINE
  5
1146
330
A02
100
AcDbEntity
  8
f
100
AcDbLine
 10
307.155740776
 20
69.125105153
 30
26.758768305
 11
307.155740805
 21
45.410540558
 31
26.758768319
  0
ARC
  5
1147
330
A02
100
AcDbEntity
  8
f
100
AcDbCircle
 10
307.155740805
 20
45.410540558
 30
25.758768319
 40
0.000000001
100
AcDbArc
 50
-90.000000000
 51
90.000000000
  0
LINE
  5
1148
330
A02
100
AcDbEntity
  8
f
100
AcDbLine
 10
307.155740797
 20
51.830169245
 30
-9.741231685
 11
307.155740778
 21
67.161468769
 31
-9.741231694
  0
ARC
  5
1149
330
A02
100
AcDbEntity
  8
f
100
AcDbCircle
 10
307.155740778
 20
67.161468769
 30
-8.741231694
 40
0.897667611
100
AcDbArc
 50
-90.000000000
 51
90.000000069
  0
LINE
  5
114A
330
A02
100
AcDbEntity
  8
f
100
AcDbLine
 10
307.155740777
 20
68.059136380
 30
-8.300558504
 11
307.155740787
 21
60.393486627
 31
7.314653979
  0
ARC
  5
114B
330
A02
100
AcDbEntity
  8
f
100
AcDbCircle
 10
307.155740788
 20
59.495819016
 30
6.873980789
 40
0.897667610
100
AcDbArc
 50
-89.999999931
 51
90.000000069
  0
LINE
  5
114C
330
A02
100
AcDbEntity
  8
f
100
AcDbLine
 10
307.155740789
 20
58.598151406
 30
7.314653980
 11
307.155740798
 21
50.932501635
 31
-8.300558494
  0
ARC
  5
114D
330
A02
100
AcDbEntity
  8
f
100
AcDbCircle
 10
307.155740797
 20
51.830169246
 30
-8.741231685
 40
0.000000001
100
AcDbArc
 50
-90.000000000
 51
-89.999999931
  0
LINE
  5
114E
330
A02
100
AcDbEntity
  8
f
100
AcDbLine
 10
307.155740789
 20
58.598151411
 30
15.510329040
 11
307.155740772
 21
72.683429864
 31
-13.181904887
  0
ARC
  5
114F
330
A02
100
AcDbEntity
  8
f
100
AcDbCircle
 10
307.155740771
 20
73.581097475
 30
-12.741231697
 40
0.897667611
100
AcDbArc
 50
90.000000069
 51
-89.999999931
  0
LINE
  5
1150
330
A02
100
AcDbEntity
  8
f
100
AcDbLine
 10
307.155740770
 20
74.478765085
 30
-12.300558507
 11
307.155740787
 21
60.393486632
 31
16.391675420
  0
ARC
  5
1151
330
A02
100
AcDbEntity
  8
f
100
AcDbCircle
 10
307.155740788
 20
59.495819021
 30
15.951002230
 40
0.897667611
100
AcDbArc
 50
-89.999999931
 51
90.000000069
  0
LINE
  5
1152
330
A02
100
AcDbEntity
  8
f
100
AcDbLine
 10
307.155740753
 20
88.025105193
 30
97.758768294
 11
307.155740782
 21
64.310540599
 31
97.758768308
  0
ARC
  5
1153
330
A02
100
AcDbEntity
  8
f
100
AcDbCircle
 10
307.155740782
 20
64.310540598
 30
96.758768308
 40
0.000000001
100
AcDbArc
 50
-90.000000000
 51
90.000000000
  0
LINE
  5
1154
330
A02
100
AcDbEntity
  8
f
100
AcDbLine
 10
307.155740782
 20
64.310540597
 30
95.758768308
 11
307.155740753
 21
88.025105192
 31
95.758768294
  0
ARC
  5
1155
330
A02
100
AcDbEntity
  8
f
100
AcDbCircle
 10
307.155740753
 20
88.025105193
 30
96.758768294
 40
0.000000001
100
AcDbArc
 50
90.000000000
 51
-90.000000000
  0
LINE
  5
1156
330
A02
100
AcDbEntity
  8
f
100
AcDbLine
 10
307.155740781
 20
65.376509349
 30
92.318095117
 11
307.155740769
 21
75.270155271
 31
72.164371913
  0
ARC
  5
1157
330
A02
100
AcDbEntity
  8
f
100
AcDbCircle
 10
307.155740768
 20
76.167822882
 30
72.605045103
 40
0.897667611
100
AcDbArc
 50
-89.999999931
 51
90.000000069
  0
LINE
  5
1158
330
A02
100
AcDbEntity
  8
f
100
AcDbLine
 10
307.155740767
 20
77.065490493
 30
73.045718293
 11
307.155740778
 21
67.171844570
 31
93.199441497
  0
ARC
  5
1159
330
A02
100
AcDbEntity
  8
f
100
AcDbCircle
 10
307.155740780
 20
66.274176959
 30
92.758768307
 40
0.897667611
100
AcDbArc
 50
90.000000069
 51
-89.999999931
  0
LINE
  5
115A
330
A02
100
AcDbEntity
  8
f
100
AcDbLine
 10
307.155740937
 20
-65.138531063
 30
286.258768381
 11
307.155740955
 21
-80.469830587
 31
286.258768390
  0
ARC
  5
115B
330
A02
100
AcDbEntity
  8
f
100
AcDbCircle
 10
307.155740955
 20
-80.469830588
 30
285.258768390
 40
0.897667611
100
AcDbArc
 50
90.000000000
 51
-89.999999931
  0
LINE
  5
115C
330
A02
100
AcDbEntity
  8
f
100
AcDbLine
 10
307.155740956
 20
-81.367498198
 30
284.818095200
 11
307.155740947
 21
-73.701848445
 31
269.202882718
  0
ARC
  5
115D
330
A02
100
AcDbEntity
  8
f
100
AcDbCircle
 10
307.155740946
 20
-72.804180834
 30
269.643555908
 40
0.897667610
100
AcDbArc
 50
90.000000069
 51
-89.999999931
  0
LINE
  5
115E
330
A02
100
AcDbEntity
  8
f
100
AcDbLine
 10
307.155740945
 20
-71.906513224
 30
269.202882717
 11
307.155740936
 21
-64.240863453
 31
284.818095190
  0
ARC
  5
115F
330
A02
100
AcDbEntity
  8
f
100
AcDbCircle
 10
307.155740937
 20
-65.138531064
 30
285.258768381
 40
0.000000001
100
AcDbArc
 50
90.000000000
 51
90.000000069
  0
LINE
  5
1160
330
A02
100
AcDbEntity
  8
f
100
AcDbLine
 10
307.155740930
 20
-59.616569964
 30
289.699441569
 11
307.155740947
 21
-73.701848450
 31
261.007207658
  0
ARC
  5
1161
330
A02
100
AcDbEntity
  8
f
100
AcDbCircle
 10
307.155740946
 20
-72.804180840
 30
260.566534467
 40
0.897667610
100
AcDbArc
 50
-89.999999931
 51
90.000000069
  0
LINE
  5
1162
330
A02
100
AcDbEntity
  8
f
100
AcDbLine
 10
307.155740945
 20
-71.906513229
 30
260.125861276
 11
307.155740928
 21
-57.821234744
 31
288.818095187
  0
ARC
  5
1163
330
A02
100
AcDbEntity
  8
f
100
AcDbCircle
 10
307.155740929
 20
-58.718902354
 30
289.258768378
 40
0.897667610
100
AcDbArc
 50
90.000000069
 51
-89.999999931
  0
LINE
  5
1164
330
A02
100
AcDbEntity
  8
f
100
AcDbLine
 10
307.155740735
 20
103.176509349
 30
92.318095095
 11
307.155740723
 21
113.070155271
 31
72.164371891
  0
ARC
  5
1165
330
A02
100
AcDbEntity
  8
f
100
AcDbCircle
 10
307.155740722
 20
113.967822882
 30
72.605045081
 40
0.897667611
100
AcDbArc
 50
-89.999999931
 51
90.000000069
  0
LINE
  5
1166
330
A02
100
AcDbEntity
  8
f
100
AcDbLine
 10
307.155740721
 20
114.865490493
 30
73.045718271
 11
307.155740733
 21
104.971844570
 31
93.199441475
  0
ARC
  5
1167
330
A02
100
AcDbEntity
  8
f
100
AcDbCircle
 10
307.155740734
 20
104.074176959
 30
92.758768285
 40
0.897667611
100
AcDbArc
 50
-89.999999931
 51
90.000000069
  0
LINE
  5
1168
330
A02
100
AcDbEntity
  8
f
100
AcDbLine
 10
307.155740982
 20
-102.938531063
 30
286.258768403
 11
307.155741001
 21
-118.269830587
 31
286.258768412
  0
ARC
  5
1169
330
A02
100
AcDbEntity
  8
f
100
AcDbCircle
 10
307.155741001
 20
-118.269830588
 30
285.258768412
 40
0.897667611
100
AcDbArc
 50
90.000000000
 51
-89.999999931
  0
LINE
  5
116A
330
A02
100
AcDbEntity
  8
f
100
AcDbLine
 10
307.155741002
 20
-119.167498198
 30
284.818095221
 11
307.155740993
 21
-111.501848445
 31
269.202882739
  0
ARC
  5
116B
330
A02
100
AcDbEntity
  8
f
100
AcDbCircle
 10
307.155740992
 20
-110.604180834
 30
269.643555929
 40
0.897667610
100
AcDbArc
 50
-89.999999931
 51
90.000000069
  0
LINE
  5
116C
330
A02
100
AcDbEntity
  8
f
100
AcDbLine
 10
307.155740990
 20
-109.706513224
 30
269.202882738
 11
307.155740981
 21
-102.040863453
 31
284.818095212
  0
ARC
  5
116D
330
A02
100
AcDbEntity
  8
f
100
AcDbCircle
 10
307.155740982
 20
-102.938531064
 30
285.258768403
 40
0.000000001
100
AcDbArc
 50
90.000000000
 51
90.000000069
  0
LINE
  5
116E
330
A02
100
AcDbEntity
  8
f
100
AcDbLine
 10
307.155740990
 20
-109.706513229
 30
260.125861297
 11
307.155740974
 21
-95.621234744
 31
288.818095208
  0
ARC
  5
116F
330
A02
100
AcDbEntity
  8
f
100
AcDbCircle
 10
307.155740975
 20
-96.518902354
 30
289.258768399
 40
0.897667610
100
AcDbArc
 50
90.000000069
 51
-89.999999931
  0
LINE
  5
1170
330
A02
100
AcDbEntity
  8
f
100
AcDbLine
 10
307.155740976
 20
-97.416569964
 30
289.699441590
 11
307.155740993
 21
-111.501848450
 31
261.007207679
  0
ARC
  5
1171
330
A02
100
AcDbEntity
  8
f
100
AcDbCircle
 10
307.155740992
 20
-110.604180840
 30
260.566534488
 40
0.897667610
100
AcDbArc
 50
-89.999999931
 51
90.000000069
  0
LINE
  5
1172
330
A02
100
AcDbEntity
  8
f
100
AcDbLine
 10
307.155740721
 20
114.865490449
 30
-3.954281729
 11
307.155740733
 21
104.971844526
 31
16.199441475
  0
ARC
  5
1173
330
A02
100
AcDbEntity
  8
f
100
AcDbCircle
 10
307.155740734
 20
104.074176916
 30
15.758768285
 40
0.897667611
100
AcDbArc
 50
-89.999999931
 51
90.000000069
  0
LINE
  5
1174
330
A02
100
AcDbEntity
  8
f
100
AcDbLine
 10
307.155740735
 20
103.176509305
 30
15.318095095
 11
307.155740723
 21
113.070155218
 31
-4.835628090
  0
ARC
  5
1175
330
A02
100
AcDbEntity
  8
f
100
AcDbCircle
 10
307.155740722
 20
113.967822838
 30
-4.394954919
 40
0.897667611
100
AcDbArc
 50
-89.999999931
 51
90.000000069
  0
LINE
  5
1176
330
A02
100
AcDbEntity
  8
f
100
AcDbLine
 10
307.155741028
 20
-140.738531129
 30
170.758768424
 11
307.155741046
 21
-156.069830653
 31
170.758768433
  0
ARC
  5
1177
330
A02
100
AcDbEntity
  8
f
100
AcDbCircle
 10
307.155741046
 20
-156.069830653
 30
169.758768433
 40
0.897667611
100
AcDbArc
 50
90.000000000
 51
-89.999999931
  0
LINE
  5
1178
330
A02
100
AcDbEntity
  8
f
100
AcDbLine
 10
307.155741047
 20
-156.967498264
 30
169.318095243
 11
307.155741038
 21
-149.301848511
 31
153.702882761
  0
ARC
  5
1179
330
A02
100
AcDbEntity
  8
f
100
AcDbCircle
 10
307.155741037
 20
-148.404180900
 30
154.143555951
 40
0.897667610
100
AcDbArc
 50
90.000000069
 51
-89.999999931
  0
LINE
  5
117A
330
A02
100
AcDbEntity
  8
f
100
AcDbLine
 10
307.155741036
 20
-147.506513290
 30
153.702882760
 11
307.155741027
 21
-139.840863519
 31
169.318095233
  0
ARC
  5
117B
330
A02
100
AcDbEntity
  8
f
100
AcDbCircle
 10
307.155741028
 20
-140.738531129
 30
169.758768424
 40
0.000000001
100
AcDbArc
 50
90.000000000
 51
90.000000069
  0
LINE
  5
117C
330
A02
100
AcDbEntity
  8
f
100
AcDbLine
 10
307.155741021
 20
-135.216570030
 30
174.199441612
 11
307.155741038
 21
-149.301848516
 31
145.507207701
  0
ARC
  5
117D
330
A02
100
AcDbEntity
  8
f
100
AcDbCircle
 10
307.155741037
 20
-148.404180905
 30
145.066534510
 40
0.897667610
100
AcDbArc
 50
90.000000069
 51
-89.999999931
  0
LINE
  5
117E
330
A02
100
AcDbEntity
  8
f
100
AcDbLine
 10
307.155741036
 20
-147.506513295
 30
144.625861318
 11
307.155741019
 21
-133.421234809
 31
173.318095230
  0
ARC
  5
117F
330
A02
100
AcDbEntity
  8
f
100
AcDbCircle
 10
307.155741020
 20
-134.318902420
 30
173.758768421
 40
0.897667610
100
AcDbArc
 50
-89.999999931
 51
90.000000069
  0
LINE
  5
1180
330
A02
100
AcDbEntity
  8
f
100
AcDbLine
 10
307.155740753
 20
88.025105172
 30
59.258768294
 11
307.155740782
 21
64.310540577
 31
59.258768308
  0
ARC
  5
1181
330
A02
100
AcDbEntity
  8
f
100
AcDbCircle
 10
307.155740782
 20
64.310540576
 30
58.258768308
 40
0.000000001
100
AcDbArc
 50
-90.000000000
 51
90.000000000
  0
LINE
  5
1182
330
A02
100
AcDbEntity
  8
f
100
AcDbLine
 10
307.155740782
 20
64.310540576
 30
57.258768308
 11
307.155740753
 21
88.025105170
 31
57.258768294
  0
ARC
  5
1183
330
A02
100
AcDbEntity
  8
f
100
AcDbCircle
 10
307.155740753
 20
88.025105171
 30
58.258768294
 40
0.000000001
100
AcDbArc
 50
90.000000000
 51
-90.000000000
  0
LINE
  5
1184
330
A02
100
AcDbEntity
  8
f
100
AcDbLine
 10
307.155740781
 20
65.376509327
 30
53.818095117
 11
307.155740769
 21
75.270155249
 31
33.664371913
  0
ARC
  5
1185
330
A02
100
AcDbEntity
  8
f
100
AcDbCircle
 10
307.155740768
 20
76.167822860
 30
34.105045103
 40
0.897667611
100
AcDbArc
 50
-89.999999931
 51
90.000000069
  0
LINE
  5
1186
330
A02
100
AcDbEntity
  8
f
100
AcDbLine
 10
307.155740767
 20
77.065490471
 30
34.545718293
 11
307.155740778
 21
67.171844548
 31
54.699441497
  0
ARC
  5
1187
330
A02
100
AcDbEntity
  8
f
100
AcDbCircle
 10
307.155740780
 20
66.274176937
 30
54.258768307
 40
0.897667611
100
AcDbArc
 50
90.000000069
 51
-89.999999931
  0
LINE
  5
1188
330
A02
100
AcDbEntity
  8
f
100
AcDbLine
 10
307.155740812
 20
39.265490558
 30
188.545718314
 11
307.155740824
 21
29.371844636
 31
208.699441518
  0
ARC
  5
1189
330
A02
100
AcDbEntity
  8
f
100
AcDbCircle
 10
307.155740825
 20
28.474177025
 30
208.258768328
 40
0.897667611
100
AcDbArc
 50
90.000000069
 51
-89.999999931
  0
LINE
  5
118A
330
A02
100
AcDbEntity
  8
f
100
AcDbLine
 10
307.155740826
 20
27.576509414
 30
207.818095138
 11
307.155740814
 21
37.470155336
 31
187.664371934
  0
ARC
  5
118B
330
A02
100
AcDbEntity
  8
f
100
AcDbCircle
 10
307.155740813
 20
38.367822947
 30
188.105045124
 40
0.897667611
100
AcDbArc
 50
-89.999999931
 51
90.000000069
  0
LINE
  5
118C
330
A02
100
AcDbEntity
  8
f
100
AcDbLine
 10
307.155740799
 20
50.225105259
 30
213.258768316
 11
307.155740827
 21
26.510540664
 31
213.258768329
  0
ARC
  5
118D
330
A02
100
AcDbEntity
  8
f
100
AcDbCircle
 10
307.155740827
 20
26.510540664
 30
212.258768329
 40
0.000000001
100
AcDbArc
 50
-90.000000000
 51
90.000000000
  0
LINE
  5
118E
330
A02
100
AcDbEntity
  8
f
100
AcDbLine
 10
307.155740827
 20
26.510540663
 30
211.258768329
 11
307.155740799
 21
50.225105258
 31
211.258768316
  0
ARC
  5
118F
330
A02
100
AcDbEntity
  8
f
100
AcDbCircle
 10
307.155740799
 20
50.225105258
 30
212.258768316
 40
0.000000001
100
AcDbArc
 50
90.000000000
 51
-90.000000000
  0
LINE
  5
1190
330
A02
100
AcDbEntity
  8
f
100
AcDbLine
 10
307.155740764
 20
79.293486727
 30
183.125861190
 11
307.155740747
 21
93.378765213
 31
211.818095101
  0
ARC
  5
1191
330
A02
100
AcDbEntity
  8
f
100
AcDbCircle
 10
307.155740748
 20
92.481097602
 30
212.258768292
 40
0.897667610
100
AcDbArc
 50
-89.999999931
 51
90.000000069
  0
LINE
  5
1192
330
A02
100
AcDbEntity
  8
f
100
AcDbLine
 10
307.155740749
 20
91.583429992
 30
212.699441483
 11
307.155740766
 21
77.498151506
 31
184.007207572
  0
ARC
  5
1193
330
A02
100
AcDbEntity
  8
f
100
AcDbCircle
 10
307.155740765
 20
78.395819117
 30
183.566534381
 40
0.897667610
100
AcDbArc
 50
90.000000069
 51
-89.999999931
  0
LINE
  5
1194
330
A02
100
AcDbEntity
  8
f
100
AcDbLine
 10
307.155740756
 20
86.061468893
 30
209.258768296
 11
307.155740774
 21
70.730169369
 31
209.258768304
  0
ARC
  5
1195
330
A02
100
AcDbEntity
  8
f
100
AcDbCircle
 10
307.155740774
 20
70.730169369
 30
208.258768304
 40
0.897667611
100
AcDbArc
 50
90.000000000
 51
-89.999999931
  0
LINE
  5
1196
330
A02
100
AcDbEntity
  8
f
100
AcDbLine
 10
307.155740775
 20
69.832501758
 30
207.818095114
 11
307.155740766
 21
77.498151511
 31
192.202882632
  0
ARC
  5
1197
330
A02
100
AcDbEntity
  8
f
100
AcDbCircle
 10
307.155740765
 20
78.395819122
 30
192.643555822
 40
0.897667610
100
AcDbArc
 50
90.000000069
 51
-89.999999931
  0
LINE
  5
1198
330
A02
100
AcDbEntity
  8
f
100
AcDbLine
 10
307.155740764
 20
79.293486732
 30
192.202882631
 11
307.155740755
 21
86.959136503
 31
207.818095104
  0
ARC
  5
1199
330
A02
100
AcDbEntity
  8
f
100
AcDbCircle
 10
307.155740756
 20
86.061468893
 30
208.258768296
 40
0.000000001
100
AcDbArc
 50
90.000000000
 51
90.000000069
  0
LINE
  5
119A
330
A02
100
AcDbEntity
  8
f
100
AcDbLine
 10
307.155740948
 20
-74.134509354
 30
342.545718379
 11
307.155740960
 21
-84.028155277
 31
362.699441583
  0
ARC
  5
119B
330
A02
100
AcDbEntity
  8
f
100
AcDbCircle
 10
307.155740961
 20
-84.925822888
 30
362.258768393
 40
0.897667611
100
AcDbArc
 50
-89.999999931
 51
90.000000069
  0
LINE
  5
119C
330
A02
100
AcDbEntity
  8
f
100
AcDbLine
 10
307.155740962
 20
-85.823490498
 30
361.818095203
 11
307.155740950
 21
-75.929844585
 31
341.664372017
  0
ARC
  5
119D
330
A02
100
AcDbEntity
  8
f
100
AcDbCircle
 10
307.155740949
 20
-75.032176965
 30
342.105045189
 40
0.897667611
100
AcDbArc
 50
90.000000069
 51
-89.999999931
  0
LINE
  5
119E
330
A02
100
AcDbEntity
  8
f
100
AcDbLine
 10
307.155740935
 20
-63.174894654
 30
367.258768380
 11
307.155740963
 21
-86.889459248
 31
367.258768394
  0
ARC
  5
119F
330
A02
100
AcDbEntity
  8
f
100
AcDbCircle
 10
307.155740963
 20
-86.889459249
 30
366.258768394
 40
0.000000001
100
AcDbArc
 50
-90.000000000
 51
90.000000000
  0
LINE
  5
11A0
330
A02
100
AcDbEntity
  8
f
100
AcDbLine
 10
307.155740963
 20
-86.889459250
 30
365.258768394
 11
307.155740935
 21
-63.174894655
 31
365.258768380
  0
ARC
  5
11A1
330
A02
100
AcDbEntity
  8
f
100
AcDbCircle
 10
307.155740935
 20
-63.174894654
 30
366.258768380
 40
0.000000001
100
AcDbArc
 50
90.000000000
 51
-90.000000000
  0
LINE
  5
11A2
330
A02
100
AcDbEntity
  8
f
100
AcDbLine
 10
307.155740842
 20
14.030169354
 30
182.758768336
 11
307.155740824
 21
29.361468878
 31
182.758768328
  0
ARC
  5
11A3
330
A02
100
AcDbEntity
  8
f
100
AcDbCircle
 10
307.155740824
 20
29.361468879
 30
183.758768328
 40
0.897667611
100
AcDbArc
 50
-90.000000000
 51
90.000000069
  0
LINE
  5
11A4
330
A02
100
AcDbEntity
  8
f
100
AcDbLine
 10
307.155740823
 20
30.259136489
 30
184.199441518
 11
307.155740832
 21
22.593486736
 31
199.814654000
  0
ARC
  5
11A5
330
A02
100
AcDbEntity
  8
f
100
AcDbCircle
 10
307.155740833
 20
21.695819126
 30
199.373980810
 40
0.897667610
100
AcDbArc
 50
-89.999999931
 51
90.000000069
  0
LINE
  5
11A6
330
A02
100
AcDbEntity
  8
f
100
AcDbLine
 10
307.155740834
 20
20.798151515
 30
199.814654001
 11
307.155740843
 21
13.132501745
 31
184.199441528
  0
ARC
  5
11A7
330
A02
100
AcDbEntity
  8
f
100
AcDbCircle
 10
307.155740842
 20
14.030169355
 30
183.758768336
 40
0.000000001
100
AcDbArc
 50
-90.000000000
 51
-89.999999931
  0
LINE
  5
11A8
330
A02
100
AcDbEntity
  8
f
100
AcDbLine
 10
307.155740850
 20
7.610540645
 30
178.758768340
 11
307.155740821
 21
31.325105239
 31
178.758768327
  0
ARC
  5
11A9
330
A02
100
AcDbEntity
  8
f
100
AcDbCircle
 10
307.155740821
 20
31.325105240
 30
179.758768327
 40
0.000000001
100
AcDbArc
 50
90.000000000
 51
-90.000000000
  0
LINE
  5
11AA
330
A02
100
AcDbEntity
  8
f
100
AcDbLine
 10
307.155740821
 20
31.325105241
 30
180.758768327
 11
307.155740850
 21
7.610540646
 31
180.758768340
  0
ARC
  5
11AB
330
A02
100
AcDbEntity
  8
f
100
AcDbCircle
 10
307.155740850
 20
7.610540645
 30
179.758768340
 40
0.000000001
100
AcDbArc
 50
-90.000000000
 51
90.000000000
  0
LINE
  5
11AC
330
A02
100
AcDbEntity
  8
f
100
AcDbLine
 10
307.155740756
 20
86.071844512
 30
-9.181904895
 11
307.155740744
 21
95.965490467
 31
10.971818317
  0
ARC
  5
11AD
330
A02
100
AcDbEntity
  8
f
100
AcDbCircle
 10
307.155740745
 20
95.067822847
 30
11.412491489
 40
0.897667610
100
AcDbArc
 50
90.000000069
 51
-89.999999931
  0
LINE
  5
11AE
330
A02
100
AcDbEntity
  8
f
100
AcDbLine
 10
307.155740746
 20
94.170155237
 30
11.853164680
 11
307.155740758
 21
84.276509291
 31
-8.300558513
  0
ARC
  5
11AF
330
A02
100
AcDbEntity
  8
f
100
AcDbCircle
 10
307.155740757
 20
85.174176902
 30
-8.741231704
 40
0.897667610
100
AcDbArc
 50
-89.999999931
 51
90.000000069
  0
LINE
  5
11B0
330
A02
100
AcDbEntity
  8
f
100
AcDbLine
 10
307.155740731
 20
106.925105131
 30
-11.741231716
 11
307.155740759
 21
83.210540536
 31
-11.741231703
  0
ARC
  5
11B1
330
A02
100
AcDbEntity
  8
f
100
AcDbCircle
 10
307.155740759
 20
83.210540536
 30
-12.741231703
 40
0.000000001
100
AcDbArc
 50
-90.000000000
 51
90.000000000
  0
LINE
  5
11B2
330
A02
100
AcDbEntity
  8
f
100
AcDbLine
 10
307.155740759
 20
83.210540535
 30
-13.741231703
 11
307.155740731
 21
106.925105130
 31
-13.741231716
  0
ARC
  5
11B3
330
A02
100
AcDbEntity
  8
f
100
AcDbCircle
 10
307.155740731
 20
106.925105131
 30
-12.741231716
 40
0.000000001
100
AcDbArc
 50
90.000000000
 51
-90.000000000
  0
LINE
  5
11B4
330
A02
100
AcDbEntity
  8
f
100
AcDbLine
 10
307.155740846
 20
10.461468893
 30
209.258768338
 11
307.155740865
 21
-4.869830631
 31
209.258768347
  0
ARC
  5
11B5
330
A02
100
AcDbEntity
  8
f
100
AcDbCircle
 10
307.155740865
 20
-4.869830631
 30
208.258768347
 40
0.897667611
100
AcDbArc
 50
90.000000000
 51
-89.999999931
  0
LINE
  5
11B6
330
A02
100
AcDbEntity
  8
f
100
AcDbLine
 10
307.155740866
 20
-5.767498242
 30
207.818095157
 11
307.155740857
 21
1.898151511
 31
192.202882675
  0
ARC
  5
11B7
330
A02
100
AcDbEntity
  8
f
100
AcDbCircle
 10
307.155740856
 20
2.795819122
 30
192.643555865
 40
0.897667610
100
AcDbArc
 50
90.000000069
 51
-89.999999931
  0
LINE
  5
11B8
330
A02
100
AcDbEntity
  8
f
100
AcDbLine
 10
307.155740855
 20
3.693486732
 30
192.202882674
 11
307.155740845
 21
11.359136503
 31
207.818095147
  0
ARC
  5
11B9
330
A02
100
AcDbEntity
  8
f
100
AcDbCircle
 10
307.155740846
 20
10.461468893
 30
208.258768338
 40
0.000000001
100
AcDbArc
 50
90.000000069
 51
90.000000000
  0
LINE
  5
11BA
330
A02
100
AcDbEntity
  8
f
100
AcDbLine
 10
307.155740840
 20
15.983429992
 30
212.699441526
 11
307.155740857
 21
1.898151497
 31
184.007207596
  0
ARC
  5
11BB
330
A02
100
AcDbEntity
  8
f
100
AcDbCircle
 10
307.155740856
 20
2.795819117
 30
183.566534424
 40
0.897667610
100
AcDbArc
 50
90.000000069
 51
-89.999999931
  0
LINE
  5
11BC
330
A02
100
AcDbEntity
  8
f
100
AcDbLine
 10
307.155740855
 20
3.693486727
 30
183.125861233
 11
307.155740838
 21
17.778765213
 31
211.818095144
  0
ARC
  5
11BD
330
A02
100
AcDbEntity
  8
f
100
AcDbCircle
 10
307.155740839
 20
16.881097602
 30
212.258768335
 40
0.897667610
100
AcDbArc
 50
90.000000069
 51
-89.999999931
  0
LINE
  5
11BE
330
A02
100
AcDbEntity
  8
f
100
AcDbLine
 10
307.155740791
 20
56.370155346
 30
204.353164702
 11
307.155740803
 21
46.476509410
 31
184.199441528
  0
ARC
  5
11BF
330
A02
100
AcDbEntity
  8
f
100
AcDbCircle
 10
307.155740802
 20
47.374177011
 30
183.758768318
 40
0.897667610
100
AcDbArc
 50
-89.999999931
 51
90.000000069
  0
LINE
  5
11C0
330
A02
100
AcDbEntity
  8
f
100
AcDbLine
 10
307.155740801
 20
48.271844621
 30
183.318095126
 11
307.155740789
 21
58.165490576
 31
203.471818338
  0
ARC
  5
11C1
330
A02
100
AcDbEntity
  8
f
100
AcDbCircle
 10
307.155740790
 20
57.267822956
 30
203.912491510
 40
0.897667610
100
AcDbArc
 50
90.000000069
 51
-89.999999931
  0
LINE
  5
11C2
330
A02
100
AcDbEntity
  8
f
100
AcDbLine
 10
307.155740776
 20
69.125105241
 30
180.758768305
 11
307.155740805
 21
45.410540646
 31
180.758768319
  0
ARC
  5
11C3
330
A02
100
AcDbEntity
  8
f
100
AcDbCircle
 10
307.155740805
 20
45.410540645
 30
179.758768319
 40
0.000000001
100
AcDbArc
 50
-90.000000000
 51
90.000000000
  0
LINE
  5
11C4
330
A02
100
AcDbEntity
  8
f
100
AcDbLine
 10
307.155740805
 20
45.410540645
 30
178.758768319
 11
307.155740776
 21
69.125105239
 31
178.758768305
  0
ARC
  5
11C5
330
A02
100
AcDbEntity
  8
f
100
AcDbCircle
 10
307.155740776
 20
69.125105240
 30
179.758768305
 40
0.000000001
100
AcDbArc
 50
90.000000000
 51
-90.000000000
  0
LINE
  5
11C6
330
A02
100
AcDbEntity
  8
f
100
AcDbLine
 10
307.155741069
 20
-174.969830668
 30
144.258768444
 11
307.155741050
 21
-159.638531144
 31
144.258768435
  0
ARC
  5
11C7
330
A02
100
AcDbEntity
  8
f
100
AcDbCircle
 10
307.155741050
 20
-159.638531143
 30
145.258768435
 40
0.897667611
100
AcDbArc
 50
90.000000069
 51
-90.000000000
  0
LINE
  5
11C8
330
A02
100
AcDbEntity
  8
f
100
AcDbLine
 10
307.155741049
 20
-158.740863532
 30
145.699441625
 11
307.155741058
 21
-166.406513285
 31
161.314654107
  0
ARC
  5
11C9
330
A02
100
AcDbEntity
  8
f
100
AcDbCircle
 10
307.155741059
 20
-167.304180896
 30
160.873980917
 40
0.897667610
100
AcDbArc
 50
-89.999999931
 51
90.000000069
  0
LINE
  5
11CA
330
A02
100
AcDbEntity
  8
f
100
AcDbLine
 10
307.155741061
 20
-168.201848507
 30
161.314654108
 11
307.155741070
 21
-175.867498277
 31
145.699441635
  0
ARC
  5
11CB
330
A02
100
AcDbEntity
  8
f
100
AcDbCircle
 10
307.155741069
 20
-174.969830667
 30
145.258768444
 40
0.000000001
100
AcDbArc
 50
-90.000000000
 51
-89.999999931
  0
LINE
  5
11CC
330
A02
100
AcDbEntity
  8
f
100
AcDbLine
 10
307.155741073
 20
-178.528155401
 30
144.818095255
 11
307.155741061
 21
-168.634509446
 31
164.971818467
  0
ARC
  5
11CD
330
A02
100
AcDbEntity
  8
f
100
AcDbCircle
 10
307.155741062
 20
-169.532177066
 30
165.412491639
 40
0.897667610
100
AcDbArc
 50
-89.999999931
 51
90.000000069
  0
LINE
  5
11CE
330
A02
100
AcDbEntity
  8
f
100
AcDbLine
 10
307.155741063
 20
-170.429844676
 30
165.853164830
 11
307.155741075
 21
-180.323490621
 31
145.699441637
  0
ARC
  5
11CF
330
A02
100
AcDbEntity
  8
f
100
AcDbCircle
 10
307.155741074
 20
-179.425823011
 30
145.258768446
 40
0.897667610
100
AcDbArc
 50
-89.999999931
 51
90.000000069
  0
LINE
  5
11D0
330
A02
100
AcDbEntity
  8
f
100
AcDbLine
 10
307.155741028
 20
-140.728155401
 30
144.818095234
 11
307.155741016
 21
-130.834509455
 31
164.971818427
  0
ARC
  5
11D1
330
A02
100
AcDbEntity
  8
f
100
AcDbCircle
 10
307.155741017
 20
-131.732177066
 30
165.412491618
 40
0.897667610
100
AcDbArc
 50
-89.999999931
 51
90.000000069
  0
LINE
  5
11D2
330
A02
100
AcDbEntity
  8
f
100
AcDbLine
 10
307.155741018
 20
-132.629844676
 30
165.853164809
 11
307.155741030
 21
-142.523490621
 31
145.699441616
  0
ARC
  5
11D3
330
A02
100
AcDbEntity
  8
f
100
AcDbCircle
 10
307.155741029
 20
-141.625823011
 30
145.258768425
 40
0.897667610
100
AcDbArc
 50
90.000000069
 51
-89.999999931
  0
LINE
  5
11D4
330
A02
100
AcDbEntity
  8
f
100
AcDbLine
 10
307.155741031
 20
-143.589459377
 30
140.258768426
 11
307.155741003
 21
-119.874894782
 31
140.258768412
  0
ARC
  5
11D5
330
A02
100
AcDbEntity
  8
f
100
AcDbCircle
 10
307.155741003
 20
-119.874894782
 30
141.258768412
 40
0.000000001
100
AcDbArc
 50
90.000000000
 51
-90.000000000
  0
LINE
  5
11D6
330
A02
100
AcDbEntity
  8
f
100
AcDbLine
 10
307.155741003
 20
-119.874894781
 30
142.258768412
 11
307.155741031
 21
-143.589459376
 31
142.258768426
  0
ARC
  5
11D7
330
A02
100
AcDbEntity
  8
f
100
AcDbCircle
 10
307.155741031
 20
-143.589459377
 30
141.258768426
 40
0.000000001
100
AcDbArc
 50
-90.000000000
 51
90.000000000
  0
LINE
  5
11D8
330
A02
100
AcDbEntity
  8
f
100
AcDbLine
 10
307.155740993
 20
-111.934509507
 30
73.045718400
 11
307.155741005
 21
-121.828155430
 31
93.199441604
  0
ARC
  5
11D9
330
A02
100
AcDbEntity
  8
f
100
AcDbCircle
 10
307.155741006
 20
-122.725823041
 30
92.758768414
 40
0.897667611
100
AcDbArc
 50
-89.999999931
 51
90.000000069
  0
LINE
  5
11DA
330
A02
100
AcDbEntity
  8
f
100
AcDbLine
 10
307.155741007
 20
-123.623490651
 30
92.318095224
 11
307.155740995
 21
-113.729844729
 31
72.164372020
  0
ARC
  5
11DB
330
A02
100
AcDbEntity
  8
f
100
AcDbCircle
 10
307.155740994
 20
-112.832177118
 30
72.605045210
 40
0.897667611
100
AcDbArc
 50
90.000000069
 51
-89.999999931
  0
LINE
  5
11DC
330
A02
100
AcDbEntity
  8
f
100
AcDbLine
 10
307.155740980
 20
-100.974894807
 30
97.758768402
 11
307.155741008
 21
-124.689459401
 31
97.758768415
  0
ARC
  5
11DD
330
A02
100
AcDbEntity
  8
f
100
AcDbCircle
 10
307.155741008
 20
-124.689459402
 30
96.758768415
 40
0.000000001
100
AcDbArc
 50
-90.000000000
 51
90.000000000
  0
LINE
  5
11DE
330
A02
100
AcDbEntity
  8
f
100
AcDbLine
 10
307.155741008
 20
-124.689459403
 30
95.758768415
 11
307.155740980
 21
-100.974894808
 31
95.758768402
  0
ARC
  5
11DF
330
A02
100
AcDbEntity
  8
f
100
AcDbCircle
 10
307.155740980
 20
-100.974894807
 30
96.758768402
 40
0.000000001
100
AcDbArc
 50
90.000000000
 51
-90.000000000
  0
LINE
  5
11E0
330
A02
100
AcDbEntity
  8
f
100
AcDbLine
 10
307.155741069
 20
-174.969830602
 30
259.758768444
 11
307.155741050
 21
-159.638531078
 31
259.758768435
  0
ARC
  5
11E1
330
A02
100
AcDbEntity
  8
f
100
AcDbCircle
 10
307.155741050
 20
-159.638531078
 30
260.758768435
 40
0.897667611
100
AcDbArc
 50
90.000000069
 51
-90.000000000
  0
LINE
  5
11E2
330
A02
100
AcDbEntity
  8
f
100
AcDbLine
 10
307.155741049
 20
-158.740863467
 30
261.199441625
 11
307.155741058
 21
-166.406513220
 31
276.814654107
  0
ARC
  5
11E3
330
A02
100
AcDbEntity
  8
f
100
AcDbCircle
 10
307.155741059
 20
-167.304180831
 30
276.373980917
 40
0.897667610
100
AcDbArc
 50
-89.999999931
 51
90.000000069
  0
LINE
  5
11E4
330
A02
100
AcDbEntity
  8
f
100
AcDbLine
 10
307.155741061
 20
-168.201848441
 30
276.814654108
 11
307.155741070
 21
-175.867498212
 31
261.199441635
  0
ARC
  5
11E5
330
A02
100
AcDbEntity
  8
f
100
AcDbCircle
 10
307.155741069
 20
-174.969830601
 30
260.758768444
 40
0.000000001
100
AcDbArc
 50
-90.000000000
 51
-89.999999931
  0
LINE
  5
11E6
330
A02
100
AcDbEntity
  8
f
100
AcDbLine
 10
307.155741061
 20
-168.201848436
 30
285.010329168
 11
307.155741044
 21
-154.116569993
 31
256.318095260
  0
ARC
  5
11E7
330
A02
100
AcDbEntity
  8
f
100
AcDbCircle
 10
307.155741043
 20
-153.218902372
 30
256.758768431
 40
0.897667611
100
AcDbArc
 50
90.000000069
 51
-89.999999931
  0
LINE
  5
11E8
330
A02
100
AcDbEntity
  8
f
100
AcDbLine
 10
307.155741042
 20
-152.321234762
 30
257.199441622
 11
307.155741058
 21
-166.406513205
 31
285.891675530
  0
ARC
  5
11E9
330
A02
100
AcDbEntity
  8
f
100
AcDbCircle
 10
307.155741059
 20
-167.304180826
 30
285.451002358
 40
0.897667611
100
AcDbArc
 50
-89.999999931
 51
90.000000069
  0
LINE
  5
11EA
330
A02
100
AcDbEntity
  8
f
100
AcDbLine
 10
307.155740846
 20
10.461468915
 30
247.758768338
 11
307.155740865
 21
-4.869830609
 31
247.758768347
  0
ARC
  5
11EB
330
A02
100
AcDbEntity
  8
f
100
AcDbCircle
 10
307.155740865
 20
-4.869830609
 30
246.758768347
 40
0.897667611
100
AcDbArc
 50
90.000000000
 51
-89.999999931
  0
LINE
  5
11EC
330
A02
100
AcDbEntity
  8
f
100
AcDbLine
 10
307.155740866
 20
-5.767498220
 30
246.318095157
 11
307.155740857
 21
1.898151533
 31
230.702882675
  0
ARC
  5
11ED
330
A02
100
AcDbEntity
  8
f
100
AcDbCircle
 10
307.155740856
 20
2.795819144
 30
231.143555865
 40
0.897667610
100
AcDbArc
 50
90.000000069
 51
-89.999999931
  0
LINE
  5
11EE
330
A02
100
AcDbEntity
  8
f
100
AcDbLine
 10
307.155740855
 20
3.693486754
 30
230.702882674
 11
307.155740845
 21
11.359136525
 31
246.318095147
  0
ARC
  5
11EF
330
A02
100
AcDbEntity
  8
f
100
AcDbCircle
 10
307.155740846
 20
10.461468914
 30
246.758768338
 40
0.000000001
100
AcDbArc
 50
90.000000069
 51
90.000000000
  0
LINE
  5
11F0
330
A02
100
AcDbEntity
  8
f
100
AcDbLine
 10
307.155740855
 20
3.693486749
 30
221.625861233
 11
307.155740838
 21
17.778765234
 31
250.318095144
  0
ARC
  5
11F1
330
A02
100
AcDbEntity
  8
f
100
AcDbCircle
 10
307.155740839
 20
16.881097624
 30
250.758768335
 40
0.897667610
100
AcDbArc
 50
90.000000069
 51
-89.999999931
  0
LINE
  5
11F2
330
A02
100
AcDbEntity
  8
f
100
AcDbLine
 10
307.155740840
 20
15.983430014
 30
251.199441526
 11
307.155740857
 21
1.898151528
 31
222.507207615
  0
ARC
  5
11F3
330
A02
100
AcDbEntity
  8
f
100
AcDbCircle
 10
307.155740856
 20
2.795819138
 30
222.066534424
 40
0.897667610
100
AcDbArc
 50
90.000000069
 51
-89.999999931
  0
LINE
  5
11F4
330
A02
100
AcDbEntity
  8
f
100
AcDbLine
 10
307.155740860
 20
-1.121234783
 30
218.699441536
 11
307.155740877
 21
-15.206513227
 31
247.391675444
  0
ARC
  5
11F5
330
A02
100
AcDbEntity
  8
f
100
AcDbCircle
 10
307.155740878
 20
-16.104180847
 30
246.951002273
 40
0.897667611
100
AcDbArc
 50
-89.999999931
 51
90.000000069
  0
LINE
  5
11F6
330
A02
100
AcDbEntity
  8
f
100
AcDbLine
 10
307.155740879
 20
-17.001848458
 30
246.510329083
 11
307.155740862
 21
-2.916570005
 31
217.818095155
  0
ARC
  5
11F7
330
A02
100
AcDbEntity
  8
f
100
AcDbCircle
 10
307.155740861
 20
-2.018902394
 30
218.258768346
 40
0.897667611
100
AcDbArc
 50
-89.999999931
 51
90.000000069
  0
LINE
  5
11F8
330
A02
100
AcDbEntity
  8
f
100
AcDbLine
 10
307.155740895
 20
-30.189459334
 30
217.258768362
 11
307.155740867
 21
-6.474894739
 31
217.258768348
  0
ARC
  5
11F9
330
A02
100
AcDbEntity
  8
f
100
AcDbCircle
 10
307.155740867
 20
-6.474894738
 30
218.258768348
 40
0.000000001
100
AcDbArc
 50
90.000000000
 51
-90.000000000
  0
LINE
  5
11FA
330
A02
100
AcDbEntity
  8
f
100
AcDbLine
 10
307.155740867
 20
-6.474894738
 30
219.258768348
 11
307.155740895
 21
-30.189459332
 31
219.258768362
  0
ARC
  5
11FB
330
A02
100
AcDbEntity
  8
f
100
AcDbCircle
 10
307.155740895
 20
-30.189459333
 30
218.258768362
 40
0.000000001
100
AcDbArc
 50
-90.000000000
 51
90.000000000
  0
LINE
  5
11FC
330
A02
100
AcDbEntity
  8
f
100
AcDbLine
 10
307.155741023
 20
-137.169830711
 30
67.258768422
 11
307.155741005
 21
-121.838531188
 31
67.258768414
  0
ARC
  5
11FD
330
A02
100
AcDbEntity
  8
f
100
AcDbCircle
 10
307.155741005
 20
-121.838531187
 30
68.258768414
 40
0.897667611
100
AcDbArc
 50
90.000000069
 51
-90.000000000
  0
LINE
  5
11FE
330
A02
100
AcDbEntity
  8
f
100
AcDbLine
 10
307.155741004
 20
-120.940863576
 30
68.699441604
 11
307.155741013
 21
-128.606513329
 31
84.314654086
  0
ARC
  5
11FF
330
A02
100
AcDbEntity
  8
f
100
AcDbCircle
 10
307.155741014
 20
-129.504180940
 30
83.873980896
 40
0.897667610
100
AcDbArc
 50
-89.999999931
 51
90.000000069
  0
LINE
  5
1200
330
A02
100
AcDbEntity
  8
f
100
AcDbLine
 10
307.155741015
 20
-130.401848550
 30
84.314654087
 11
307.155741024
 21
-138.067498321
 31
68.699441613
  0
ARC
  5
1201
330
A02
100
AcDbEntity
  8
f
100
AcDbCircle
 10
307.155741023
 20
-137.169830711
 30
68.258768422
 40
0.000000001
100
AcDbArc
 50
-90.000000000
 51
-89.999999931
  0
LINE
  5
1202
330
A02
100
AcDbEntity
  8
f
100
AcDbLine
 10
307.155741015
 20
-130.401848546
 30
92.510329147
 11
307.155740998
 21
-116.316570102
 31
63.818095239
  0
ARC
  5
1203
330
A02
100
AcDbEntity
  8
f
100
AcDbCircle
 10
307.155740997
 20
-115.418902482
 30
64.258768410
 40
0.897667611
100
AcDbArc
 50
90.000000069
 51
-89.999999931
  0
LINE
  5
1204
330
A02
100
AcDbEntity
  8
f
100
AcDbLine
 10
307.155740996
 20
-114.521234871
 30
64.699441600
 11
307.155741013
 21
-128.606513324
 31
93.391675527
  0
ARC
  5
1205
330
A02
100
AcDbEntity
  8
f
100
AcDbCircle
 10
307.155741014
 20
-129.504180935
 30
92.951002337
 40
0.897667611
100
AcDbArc
 50
-89.999999931
 51
90.000000069
  0
LINE
  5
1206
330
A02
100
AcDbEntity
  8
f
100
AcDbLine
 10
307.155740812
 20
39.265490624
 30
304.045718314
 11
307.155740824
 21
29.371844701
 31
324.199441518
  0
ARC
  5
1207
330
A02
100
AcDbEntity
  8
f
100
AcDbCircle
 10
307.155740825
 20
28.474177090
 30
323.758768328
 40
0.897667611
100
AcDbArc
 50
90.000000069
 51
-89.999999931
  0
LINE
  5
1208
330
A02
100
AcDbEntity
  8
f
100
AcDbLine
 10
307.155740826
 20
27.576509480
 30
323.318095138
 11
307.155740814
 21
37.470155402
 31
303.164371934
  0
ARC
  5
1209
330
A02
100
AcDbEntity
  8
f
100
AcDbCircle
 10
307.155740813
 20
38.367823013
 30
303.605045124
 40
0.897667611
100
AcDbArc
 50
-89.999999931
 51
90.000000069
  0
LINE
  5
120A
330
A02
100
AcDbEntity
  8
f
100
AcDbLine
 10
307.155740799
 20
50.225105325
 30
328.758768316
 11
307.155740827
 21
26.510540730
 31
328.758768329
  0
ARC
  5
120B
330
A02
100
AcDbEntity
  8
f
100
AcDbCircle
 10
307.155740827
 20
26.510540729
 30
327.758768329
 40
0.000000001
100
AcDbArc
 50
-90.000000000
 51
90.000000000
  0
LINE
  5
120C
330
A02
100
AcDbEntity
  8
f
100
AcDbLine
 10
307.155740827
 20
26.510540729
 30
326.758768329
 11
307.155740799
 21
50.225105323
 31
326.758768316
  0
ARC
  5
120D
330
A02
100
AcDbEntity
  8
f
100
AcDbCircle
 10
307.155740799
 20
50.225105324
 30
327.758768316
 40
0.000000001
100
AcDbArc
 50
90.000000000
 51
-90.000000000
  0
LINE
  5
120E
330
A02
100
AcDbEntity
  8
f
100
AcDbLine
 10
307.155740887
 20
-23.769830580
 30
298.258768358
 11
307.155740869
 21
-8.438531056
 31
298.258768349
  0
ARC
  5
120F
330
A02
100
AcDbEntity
  8
f
100
AcDbCircle
 10
307.155740869
 20
-8.438531056
 30
299.258768349
 40
0.897667611
100
AcDbArc
 50
-90.000000000
 51
90.000000069
  0
LINE
  5
1210
330
A02
100
AcDbEntity
  8
f
100
AcDbLine
 10
307.155740868
 20
-7.540863445
 30
299.699441539
 11
307.155740877
 21
-15.206513198
 31
315.314654022
  0
ARC
  5
1211
330
A02
100
AcDbEntity
  8
f
100
AcDbCircle
 10
307.155740878
 20
-16.104180809
 30
314.873980831
 40
0.897667610
100
AcDbArc
 50
-89.999999931
 51
90.000000069
  0
LINE
  5
1212
330
A02
100
AcDbEntity
  8
f
100
AcDbLine
 10
307.155740879
 20
-17.001848419
 30
315.314654023
 11
307.155740889
 21
-24.667498190
 31
299.699441549
  0
ARC
  5
1213
330
A02
100
AcDbEntity
  8
f
100
AcDbCircle
 10
307.155740887
 20
-23.769830580
 30
299.258768358
 40
0.000000001
100
AcDbArc
 50
-89.999999931
 51
-90.000000000
  0
LINE
  5
1214
330
A02
100
AcDbEntity
  8
f
100
AcDbLine
 10
307.155740860
 20
-1.121234740
 30
295.699441536
 11
307.155740877
 21
-15.206513193
 31
324.391675463
  0
ARC
  5
1215
330
A02
100
AcDbEntity
  8
f
100
AcDbCircle
 10
307.155740878
 20
-16.104180804
 30
323.951002273
 40
0.897667611
100
AcDbArc
 50
-89.999999931
 51
90.000000069
  0
LINE
  5
1216
330
A02
100
AcDbEntity
  8
f
100
AcDbLine
 10
307.155740879
 20
-17.001848414
 30
323.510329083
 11
307.155740862
 21
-2.916569961
 31
294.818095155
  0
ARC
  5
1217
330
A02
100
AcDbEntity
  8
f
100
AcDbCircle
 10
307.155740861
 20
-2.018902351
 30
295.258768346
 40
0.897667611
100
AcDbArc
 50
-89.999999931
 51
90.000000069
  0
LINE
  5
1218
330
A02
100
AcDbEntity
  8
f
100
AcDbLine
 10
307.155741023
 20
-137.169830558
 30
336.758768422
 11
307.155741005
 21
-121.838531035
 31
336.758768414
  0
ARC
  5
1219
330
A02
100
AcDbEntity
  8
f
100
AcDbCircle
 10
307.155741005
 20
-121.838531034
 30
337.758768414
 40
0.897667611
100
AcDbArc
 50
90.000000069
 51
-90.000000000
  0
LINE
  5
121A
330
A02
100
AcDbEntity
  8
f
100
AcDbLine
 10
307.155741004
 20
-120.940863423
 30
338.199441604
 11
307.155741013
 21
-128.606513176
 31
353.814654086
  0
ARC
  5
121B
330
A02
100
AcDbEntity
  8
f
100
AcDbCircle
 10
307.155741014
 20
-129.504180787
 30
353.373980896
 40
0.897667610
100
AcDbArc
 50
-89.999999931
 51
90.000000069
  0
LINE
  5
121C
330
A02
100
AcDbEntity
  8
f
100
AcDbLine
 10
307.155741015
 20
-130.401848397
 30
353.814654087
 11
307.155741024
 21
-138.067498168
 31
338.199441613
  0
ARC
  5
121D
330
A02
100
AcDbEntity
  8
f
100
AcDbCircle
 10
307.155741023
 20
-137.169830558
 30
337.758768422
 40
0.000000001
100
AcDbArc
 50
-90.000000000
 51
-89.999999931
  0
LINE
  5
121E
330
A02
100
AcDbEntity
  8
f
100
AcDbLine
 10
307.155741015
 20
-130.401848393
 30
362.010329147
 11
307.155740998
 21
-116.316569949
 31
333.318095239
  0
ARC
  5
121F
330
A02
100
AcDbEntity
  8
f
100
AcDbCircle
 10
307.155740997
 20
-115.418902329
 30
333.758768410
 40
0.897667611
100
AcDbArc
 50
90.000000069
 51
-89.999999931
  0
LINE
  5
1220
330
A02
100
AcDbEntity
  8
f
100
AcDbLine
 10
307.155740996
 20
-114.521234718
 30
334.199441600
 11
307.155741013
 21
-128.606513162
 31
362.891675508
  0
ARC
  5
1221
330
A02
100
AcDbEntity
  8
f
100
AcDbCircle
 10
307.155741014
 20
-129.504180782
 30
362.451002337
 40
0.897667611
100
AcDbArc
 50
-89.999999931
 51
90.000000069
  0
LINE
  5
1222
330
A02
100
AcDbEntity
  8
f
100
AcDbLine
 10
307.155740789
 20
58.598151564
 30
285.010329040
 11
307.155740772
 21
72.683430017
 31
256.318095113
  0
ARC
  5
1223
330
A02
100
AcDbEntity
  8
f
100
AcDbCircle
 10
307.155740771
 20
73.581097628
 30
256.758768303
 40
0.897667611
100
AcDbArc
 50
90.000000069
 51
-89.999999931
  0
LINE
  5
1224
330
A02
100
AcDbEntity
  8
f
100
AcDbLine
 10
307.155740770
 20
74.478765238
 30
257.199441493
 11
307.155740787
 21
60.393486785
 31
285.891675420
  0
ARC
  5
1225
330
A02
100
AcDbEntity
  8
f
100
AcDbCircle
 10
307.155740788
 20
59.495819174
 30
285.451002230
 40
0.897667611
100
AcDbArc
 50
-89.999999931
 51
90.000000069
  0
LINE
  5
1226
330
A02
100
AcDbEntity
  8
f
100
AcDbLine
 10
307.155740805
 20
45.410540688
 30
255.758768319
 11
307.155740776
 21
69.125105283
 31
255.758768305
  0
ARC
  5
1227
330
A02
100
AcDbEntity
  8
f
100
AcDbCircle
 10
307.155740776
 20
69.125105284
 30
256.758768305
 40
0.000000001
100
AcDbArc
 50
90.000000000
 51
-90.000000000
  0
LINE
  5
1228
330
A02
100
AcDbEntity
  8
f
100
AcDbLine
 10
307.155740776
 20
69.125105284
 30
257.758768305
 11
307.155740805
 21
45.410540689
 31
257.758768319
  0
ARC
  5
1229
330
A02
100
AcDbEntity
  8
f
100
AcDbCircle
 10
307.155740805
 20
45.410540689
 30
256.758768319
 40
0.000000001
100
AcDbArc
 50
-90.000000000
 51
90.000000000
  0
LINE
  5
122A
330
A02
100
AcDbEntity
  8
f
100
AcDbLine
 10
307.155740982
 20
-102.938531216
 30
16.758768403
 11
307.155741001
 21
-118.269830740
 31
16.758768412
  0
ARC
  5
122B
330
A02
100
AcDbEntity
  8
f
100
AcDbCircle
 10
307.155741001
 20
-118.269830740
 30
15.758768412
 40
0.897667611
100
AcDbArc
 50
90.000000000
 51
-89.999999931
  0
LINE
  5
122C
330
A02
100
AcDbEntity
  8
f
100
AcDbLine
 10
307.155741002
 20
-119.167498351
 30
15.318095221
 11
307.155740993
 21
-111.501848598
 31
-0.297117261
  0
ARC
  5
122D
330
A02
100
AcDbEntity
  8
f
100
AcDbCircle
 10
307.155740992
 20
-110.604180987
 30
0.143555929
 40
0.897667610
100
AcDbArc
 50
-89.999999931
 51
90.000000069
  0
LINE
  5
122E
330
A02
100
AcDbEntity
  8
f
100
AcDbLine
 10
307.155740990
 20
-109.706513377
 30
-0.297117262
 11
307.155740981
 21
-102.040863606
 31
15.318095212
  0
ARC
  5
122F
330
A02
100
AcDbEntity
  8
f
100
AcDbCircle
 10
307.155740982
 20
-102.938531217
 30
15.758768403
 40
0.000000001
100
AcDbArc
 50
90.000000000
 51
90.000000069
  0
LINE
  5
1230
330
A02
100
AcDbEntity
  8
f
100
AcDbLine
 10
307.155740990
 20
-109.706513382
 30
-9.374138703
 11
307.155740974
 21
-95.621234897
 31
19.318095208
  0
ARC
  5
1231
330
A02
100
AcDbEntity
  8
f
100
AcDbCircle
 10
307.155740975
 20
-96.518902507
 30
19.758768399
 40
0.897667610
100
AcDbArc
 50
90.000000069
 51
-89.999999931
  0
LINE
  5
1232
330
A02
100
AcDbEntity
  8
f
100
AcDbLine
 10
307.155740976
 20
-97.416570117
 30
20.199441590
 11
307.155740993
 21
-111.501848603
 31
-8.492792321
  0
ARC
  5
1233
330
A02
100
AcDbEntity
  8
f
100
AcDbCircle
 10
307.155740992
 20
-110.604180993
 30
-8.933465512
 40
0.897667610
100
AcDbArc
 50
-89.999999931
 51
90.000000069
  0
LINE
  5
1234
330
A02
100
AcDbEntity
  8
f
100
AcDbLine
 10
307.155740948
 20
-74.134509529
 30
34.545718379
 11
307.155740960
 21
-84.028155452
 31
54.699441583
  0
ARC
  5
1235
330
A02
100
AcDbEntity
  8
f
100
AcDbCircle
 10
307.155740961
 20
-84.925823063
 30
54.258768393
 40
0.897667611
100
AcDbArc
 50
-89.999999931
 51
90.000000069
  0
LINE
  5
1236
330
A02
100
AcDbEntity
  8
f
100
AcDbLine
 10
307.155740962
 20
-85.823490673
 30
53.818095203
 11
307.155740950
 21
-75.929844751
 31
33.664371998
  0
ARC
  5
1237
330
A02
100
AcDbEntity
  8
f
100
AcDbCircle
 10
307.155740949
 20
-75.032177140
 30
34.105045189
 40
0.897667611
100
AcDbArc
 50
90.000000069
 51
-89.999999931
  0
LINE
  5
1238
330
A02
100
AcDbEntity
  8
f
100
AcDbLine
 10
307.155740935
 20
-63.174894828
 30
59.258768380
 11
307.155740963
 21
-86.889459423
 31
59.258768394
  0
ARC
  5
1239
330
A02
100
AcDbEntity
  8
f
100
AcDbCircle
 10
307.155740963
 20
-86.889459424
 30
58.258768394
 40
0.000000001
100
AcDbArc
 50
-90.000000000
 51
90.000000000
  0
LINE
  5
123A
330
A02
100
AcDbEntity
  8
f
100
AcDbLine
 10
307.155740963
 20
-86.889459424
 30
57.258768394
 11
307.155740935
 21
-63.174894830
 31
57.258768380
  0
ARC
  5
123B
330
A02
100
AcDbEntity
  8
f
100
AcDbCircle
 10
307.155740935
 20
-63.174894829
 30
58.258768380
 40
0.000000001
100
AcDbArc
 50
90.000000000
 51
-90.000000000
  0
LINE
  5
123C
330
A02
100
AcDbEntity
  8
f
100
AcDbLine
 10
307.155741073
 20
-178.528155488
 30
-9.181904745
 11
307.155741061
 21
-168.634509543
 31
10.971818448
  0
ARC
  5
123D
330
A02
100
AcDbEntity
  8
f
100
AcDbCircle
 10
307.155741062
 20
-169.532177153
 30
11.412491639
 40
0.897667610
100
AcDbArc
 50
-89.999999931
 51
90.000000069
  0
LINE
  5
123E
330
A02
100
AcDbEntity
  8
f
100
AcDbLine
 10
307.155741063
 20
-170.429844763
 30
11.853164830
 11
307.155741075
 21
-180.323490709
 31
-8.300558363
  0
ARC
  5
123F
330
A02
100
AcDbEntity
  8
f
100
AcDbCircle
 10
307.155741074
 20
-179.425823098
 30
-8.741231554
 40
0.897667610
100
AcDbArc
 50
-89.999999931
 51
90.000000069
  0
LINE
  5
1240
330
A02
100
AcDbEntity
  8
f
100
AcDbLine
 10
307.155741048
 20
-157.674894869
 30
-11.741231566
 11
307.155741076
 21
-181.389459464
 31
-11.741231553
  0
ARC
  5
1241
330
A02
100
AcDbEntity
  8
f
100
AcDbCircle
 10
307.155741076
 20
-181.389459464
 30
-12.741231553
 40
0.000000001
100
AcDbArc
 50
-90.000000000
 51
90.000000000
  0
LINE
  5
1242
330
A02
100
AcDbEntity
  8
f
100
AcDbLine
 10
307.155741076
 20
-181.389459465
 30
-13.741231553
 11
307.155741048
 21
-157.674894870
 31
-13.741231566
  0
ARC
  5
1243
330
A02
100
AcDbEntity
  8
f
100
AcDbCircle
 10
307.155741048
 20
-157.674894869
 30
-12.741231566
 40
0.000000001
100
AcDbArc
 50
90.000000000
 51
-90.000000000
  0
LINE
  5
1244
330
A02
100
AcDbEntity
  8
f
100
AcDbLine
 10
307.155740978
 20
-99.369830689
 30
105.758768401
 11
307.155740960
 21
-84.038531166
 31
105.758768392
  0
ARC
  5
1245
330
A02
100
AcDbEntity
  8
f
100
AcDbCircle
 10
307.155740960
 20
-84.038531165
 30
106.758768392
 40
0.897667611
100
AcDbArc
 50
-90.000000000
 51
90.000000069
  0
LINE
  5
1246
330
A02
100
AcDbEntity
  8
f
100
AcDbLine
 10
307.155740959
 20
-83.140863554
 30
107.199441582
 11
307.155740968
 21
-90.806513307
 31
122.814654065
  0
ARC
  5
1247
330
A02
100
AcDbEntity
  8
f
100
AcDbCircle
 10
307.155740969
 20
-91.704180918
 30
122.373980874
 40
0.897667610
100
AcDbArc
 50
-89.999999931
 51
90.000000069
  0
LINE
  5
1248
330
A02
100
AcDbEntity
  8
f
100
AcDbLine
 10
307.155740970
 20
-92.601848528
 30
122.814654066
 11
307.155740979
 21
-100.267498299
 31
107.199441592
  0
ARC
  5
1249
330
A02
100
AcDbEntity
  8
f
100
AcDbCircle
 10
307.155740978
 20
-99.369830689
 30
106.758768401
 40
0.000000001
100
AcDbArc
 50
-90.000000000
 51
-89.999999931
  0
LINE
  5
124A
330
A02
100
AcDbEntity
  8
f
100
AcDbLine
 10
307.155740970
 20
-92.601848524
 30
131.010329125
 11
307.155740953
 21
-78.516570061
 31
102.318095179
  0
ARC
  5
124B
330
A02
100
AcDbEntity
  8
f
100
AcDbCircle
 10
307.155740952
 20
-77.618902460
 30
102.758768388
 40
0.897667611
100
AcDbArc
 50
-89.999999931
 51
90.000000069
  0
LINE
  5
124C
330
A02
100
AcDbEntity
  8
f
100
AcDbLine
 10
307.155740951
 20
-76.721234849
 30
103.199441579
 11
307.155740968
 21
-90.806513293
 31
131.891675487
  0
ARC
  5
124D
330
A02
100
AcDbEntity
  8
f
100
AcDbCircle
 10
307.155740969
 20
-91.704180913
 30
131.451002316
 40
0.897667611
100
AcDbArc
 50
90.000000069
 51
-89.999999931
  0
LINE
  5
124E
330
A02
100
AcDbEntity
  8
f
100
AcDbLine
 10
307.155741028
 20
-140.738531019
 30
363.258768424
 11
307.155741046
 21
-156.069830543
 31
363.258768433
  0
ARC
  5
124F
330
A02
100
AcDbEntity
  8
f
100
AcDbCircle
 10
307.155741046
 20
-156.069830544
 30
362.258768433
 40
0.897667611
100
AcDbArc
 50
90.000000000
 51
-89.999999931
  0
LINE
  5
1250
330
A02
100
AcDbEntity
  8
f
100
AcDbLine
 10
307.155741047
 20
-156.967498155
 30
361.818095243
 11
307.155741038
 21
-149.301848402
 31
346.202882761
  0
ARC
  5
1251
330
A02
100
AcDbEntity
  8
f
100
AcDbCircle
 10
307.155741037
 20
-148.404180791
 30
346.643555951
 40
0.897667610
100
AcDbArc
 50
90.000000069
 51
-89.999999931
  0
LINE
  5
1252
330
A02
100
AcDbEntity
  8
f
100
AcDbLine
 10
307.155741036
 20
-147.506513180
 30
346.202882760
 11
307.155741027
 21
-139.840863410
 31
361.818095233
  0
ARC
  5
1253
330
A02
100
AcDbEntity
  8
f
100
AcDbCircle
 10
307.155741028
 20
-140.738531020
 30
362.258768424
 40
0.000000001
100
AcDbArc
 50
90.000000000
 51
90.000000069
  0
LINE
  5
1254
330
A02
100
AcDbEntity
  8
f
100
AcDbLine
 10
307.155741036
 20
-147.506513186
 30
337.125861318
 11
307.155741019
 21
-133.421234700
 31
365.818095230
  0
ARC
  5
1255
330
A02
100
AcDbEntity
  8
f
100
AcDbCircle
 10
307.155741020
 20
-134.318902310
 30
366.258768421
 40
0.897667610
100
AcDbArc
 50
-89.999999931
 51
90.000000069
  0
LINE
  5
1256
330
A02
100
AcDbEntity
  8
f
100
AcDbLine
 10
307.155741021
 20
-135.216569921
 30
366.699441612
 11
307.155741038
 21
-149.301848406
 31
338.007207701
  0
ARC
  5
1257
330
A02
100
AcDbEntity
  8
f
100
AcDbCircle
 10
307.155741037
 20
-148.404180796
 30
337.566534510
 40
0.897667610
100
AcDbArc
 50
90.000000069
 51
-89.999999931
  0
LINE
  5
1258
330
A02
100
AcDbEntity
  8
f
100
AcDbLine
 10
307.155741028
 20
-140.728155466
 30
29.318095234
 11
307.155741016
 21
-130.834509521
 31
49.471818427
  0
ARC
  5
1259
330
A02
100
AcDbEntity
  8
f
100
AcDbCircle
 10
307.155741017
 20
-131.732177131
 30
49.912491618
 40
0.897667610
100
AcDbArc
 50
-89.999999931
 51
90.000000069
  0
LINE
  5
125A
330
A02
100
AcDbEntity
  8
f
100
AcDbLine
 10
307.155741018
 20
-132.629844741
 30
50.353164809
 11
307.155741030
 21
-142.523490687
 31
30.199441616
  0
ARC
  5
125B
330
A02
100
AcDbEntity
  8
f
100
AcDbCircle
 10
307.155741029
 20
-141.625823076
 30
29.758768425
 40
0.897667610
100
AcDbArc
 50
90.000000069
 51
-89.999999931
  0
LINE
  5
125C
330
A02
100
AcDbEntity
  8
f
100
AcDbLine
 10
307.155741003
 20
-119.874894847
 30
26.758768412
 11
307.155741031
 21
-143.589459442
 31
26.758768426
  0
ARC
  5
125D
330
A02
100
AcDbEntity
  8
f
100
AcDbCircle
 10
307.155741031
 20
-143.589459442
 30
25.758768426
 40
0.000000001
100
AcDbArc
 50
-90.000000000
 51
90.000000000
  0
LINE
  5
125E
330
A02
100
AcDbEntity
  8
f
100
AcDbLine
 10
307.155741031
 20
-143.589459443
 30
24.758768426
 11
307.155741003
 21
-119.874894848
 31
24.758768412
  0
ARC
  5
125F
330
A02
100
AcDbEntity
  8
f
100
AcDbCircle
 10
307.155741003
 20
-119.874894847
 30
25.758768412
 40
0.000000001
100
AcDbArc
 50
90.000000000
 51
-90.000000000
  0
LINE
  5
1260
330
A02
100
AcDbEntity
  8
f
100
AcDbLine
 10
307.155740801
 20
48.261468915
 30
247.758768317
 11
307.155740819
 21
32.930169391
 31
247.758768326
  0
ARC
  5
1261
330
A02
100
AcDbEntity
  8
f
100
AcDbCircle
 10
307.155740819
 20
32.930169391
 30
246.758768326
 40
0.897667611
100
AcDbArc
 50
90.000000000
 51
-89.999999931
  0
LINE
  5
1262
330
A02
100
AcDbEntity
  8
f
100
AcDbLine
 10
307.155740821
 20
32.032501780
 30
246.318095136
 11
307.155740811
 21
39.698151533
 31
230.702882653
  0
ARC
  5
1263
330
A02
100
AcDbEntity
  8
f
100
AcDbCircle
 10
307.155740810
 20
40.595819144
 30
231.143555844
 40
0.897667610
100
AcDbArc
 50
90.000000069
 51
-89.999999931
  0
LINE
  5
1264
330
A02
100
AcDbEntity
  8
f
100
AcDbLine
 10
307.155740809
 20
41.493486754
 30
230.702882652
 11
307.155740800
 21
49.159136525
 31
246.318095126
  0
ARC
  5
1265
330
A02
100
AcDbEntity
  8
f
100
AcDbCircle
 10
307.155740801
 20
48.261468914
 30
246.758768317
 40
0.000000001
100
AcDbArc
 50
90.000000069
 51
90.000000000
  0
LINE
  5
1266
330
A02
100
AcDbEntity
  8
f
100
AcDbLine
 10
307.155740809
 20
41.493486749
 30
221.625861211
 11
307.155740792
 21
55.578765234
 31
250.318095122
  0
ARC
  5
1267
330
A02
100
AcDbEntity
  8
f
100
AcDbCircle
 10
307.155740793
 20
54.681097624
 30
250.758768313
 40
0.897667610
100
AcDbArc
 50
90.000000069
 51
-89.999999931
  0
LINE
  5
1268
330
A02
100
AcDbEntity
  8
f
100
AcDbLine
 10
307.155740795
 20
53.783430014
 30
251.199441505
 11
307.155740811
 21
39.698151528
 31
222.507207593
  0
ARC
  5
1269
330
A02
100
AcDbEntity
  8
f
100
AcDbCircle
 10
307.155740810
 20
40.595819138
 30
222.066534402
 40
0.897667610
100
AcDbArc
 50
90.000000069
 51
-89.999999931
  0
LINE
  5
126A
330
A02
100
AcDbEntity
  8
f
100
AcDbLine
 10
307.155740982
 20
-102.938531107
 30
209.258768403
 11
307.155741001
 21
-118.269830631
 31
209.258768412
  0
ARC
  5
126B
330
A02
100
AcDbEntity
  8
f
100
AcDbCircle
 10
307.155741001
 20
-118.269830631
 30
208.258768412
 40
0.897667611
100
AcDbArc
 50
90.000000000
 51
-89.999999931
  0
LINE
  5
126C
330
A02
100
AcDbEntity
  8
f
100
AcDbLine
 10
307.155741002
 20
-119.167498242
 30
207.818095221
 11
307.155740993
 21
-111.501848489
 31
192.202882739
  0
ARC
  5
126D
330
A02
100
AcDbEntity
  8
f
100
AcDbCircle
 10
307.155740992
 20
-110.604180878
 30
192.643555929
 40
0.897667610
100
AcDbArc
 50
-89.999999931
 51
90.000000069
  0
LINE
  5
126E
330
A02
100
AcDbEntity
  8
f
100
AcDbLine
 10
307.155740990
 20
-109.706513268
 30
192.202882738
 11
307.155740981
 21
-102.040863497
 31
207.818095212
  0
ARC
  5
126F
330
A02
100
AcDbEntity
  8
f
100
AcDbCircle
 10
307.155740982
 20
-102.938531107
 30
208.258768403
 40
0.000000001
100
AcDbArc
 50
90.000000000
 51
90.000000069
  0
LINE
  5
1270
330
A02
100
AcDbEntity
  8
f
100
AcDbLine
 10
307.155740976
 20
-97.416570008
 30
212.699441590
 11
307.155740993
 21
-111.501848503
 31
184.007207660
  0
ARC
  5
1271
330
A02
100
AcDbEntity
  8
f
100
AcDbCircle
 10
307.155740992
 20
-110.604180883
 30
183.566534488
 40
0.897667610
100
AcDbArc
 50
-89.999999931
 51
90.000000069
  0
LINE
  5
1272
330
A02
100
AcDbEntity
  8
f
100
AcDbLine
 10
307.155740990
 20
-109.706513273
 30
183.125861297
 11
307.155740974
 21
-95.621234787
 31
211.818095208
  0
ARC
  5
1273
330
A02
100
AcDbEntity
  8
f
100
AcDbCircle
 10
307.155740975
 20
-96.518902398
 30
212.258768399
 40
0.897667610
100
AcDbArc
 50
90.000000069
 51
-89.999999931
  0
LINE
  5
1274
330
A02
100
AcDbEntity
  8
f
100
AcDbLine
 10
307.155740767
 20
77.065490580
 30
227.045718293
 11
307.155740778
 21
67.171844648
 31
247.199441516
  0
ARC
  5
1275
330
A02
100
AcDbEntity
  8
f
100
AcDbCircle
 10
307.155740780
 20
66.274177047
 30
246.758768307
 40
0.897667611
100
AcDbArc
 50
90.000000069
 51
-89.999999931
  0
LINE
  5
1276
330
A02
100
AcDbEntity
  8
f
100
AcDbLine
 10
307.155740781
 20
65.376509436
 30
246.318095117
 11
307.155740769
 21
75.270155349
 31
226.164371931
  0
ARC
  5
1277
330
A02
100
AcDbEntity
  8
f
100
AcDbCircle
 10
307.155740768
 20
76.167822969
 30
226.605045103
 40
0.897667611
100
AcDbArc
 50
-89.999999931
 51
90.000000069
  0
LINE
  5
1278
330
A02
100
AcDbEntity
  8
f
100
AcDbLine
 10
307.155740753
 20
88.025105281
 30
251.758768294
 11
307.155740782
 21
64.310540686
 31
251.758768308
  0
ARC
  5
1279
330
A02
100
AcDbEntity
  8
f
100
AcDbCircle
 10
307.155740782
 20
64.310540685
 30
250.758768308
 40
0.000000001
100
AcDbArc
 50
-90.000000000
 51
90.000000000
  0
LINE
  5
127A
330
A02
100
AcDbEntity
  8
f
100
AcDbLine
 10
307.155740782
 20
64.310540685
 30
249.758768308
 11
307.155740753
 21
88.025105280
 31
249.758768294
  0
ARC
  5
127B
330
A02
100
AcDbEntity
  8
f
100
AcDbCircle
 10
307.155740753
 20
88.025105280
 30
250.758768294
 40
0.000000001
100
AcDbArc
 50
90.000000000
 51
-90.000000000
  0
LINE
  5
127C
330
A02
100
AcDbEntity
  8
f
100
AcDbLine
 10
307.155740882
 20
-19.229844676
 30
165.853164744
 11
307.155740894
 21
-29.123490612
 31
145.699441571
  0
ARC
  5
127D
330
A02
100
AcDbEntity
  8
f
100
AcDbCircle
 10
307.155740893
 20
-28.225823011
 30
145.258768360
 40
0.897667610
100
AcDbArc
 50
-89.999999931
 51
90.000000069
  0
LINE
  5
127E
330
A02
100
AcDbEntity
  8
f
100
AcDbLine
 10
307.155740892
 20
-27.328155401
 30
144.818095169
 11
307.155740880
 21
-17.434509446
 31
164.971818381
  0
ARC
  5
127F
330
A02
100
AcDbEntity
  8
f
100
AcDbCircle
 10
307.155740881
 20
-18.332177066
 30
165.412491553
 40
0.897667610
100
AcDbArc
 50
90.000000069
 51
-89.999999931
  0
LINE
  5
1280
330
A02
100
AcDbEntity
  8
f
100
AcDbLine
 10
307.155740867
 20
-6.474894781
 30
142.258768348
 11
307.155740895
 21
-30.189459376
 31
142.258768362
  0
ARC
  5
1281
330
A02
100
AcDbEntity
  8
f
100
AcDbCircle
 10
307.155740895
 20
-30.189459377
 30
141.258768362
 40
0.000000001
100
AcDbArc
 50
-90.000000000
 51
90.000000000
  0
LINE
  5
1282
330
A02
100
AcDbEntity
  8
f
100
AcDbLine
 10
307.155740895
 20
-30.189459377
 30
140.258768362
 11
307.155740867
 21
-6.474894782
 31
140.258768348
  0
ARC
  5
1283
330
A02
100
AcDbEntity
  8
f
100
AcDbCircle
 10
307.155740867
 20
-6.474894782
 30
141.258768348
 40
0.000000001
100
AcDbArc
 50
90.000000000
 51
-90.000000000
  0
LINE
  5
1284
330
A02
100
AcDbEntity
  8
f
100
AcDbLine
 10
307.155740842
 20
14.030169267
 30
28.758768336
 11
307.155740824
 21
29.361468791
 31
28.758768328
  0
ARC
  5
1285
330
A02
100
AcDbEntity
  8
f
100
AcDbCircle
 10
307.155740824
 20
29.361468791
 30
29.758768328
 40
0.897667611
100
AcDbArc
 50
-90.000000000
 51
90.000000069
  0
LINE
  5
1286
330
A02
100
AcDbEntity
  8
f
100
AcDbLine
 10
307.155740823
 20
30.259136402
 30
30.199441518
 11
307.155740832
 21
22.593486649
 31
45.814654000
  0
ARC
  5
1287
330
A02
100
AcDbEntity
  8
f
100
AcDbCircle
 10
307.155740833
 20
21.695819038
 30
45.373980810
 40
0.897667610
100
AcDbArc
 50
-89.999999931
 51
90.000000069
  0
LINE
  5
1288
330
A02
100
AcDbEntity
  8
f
100
AcDbLine
 10
307.155740834
 20
20.798151428
 30
45.814654001
 11
307.155740843
 21
13.132501657
 31
30.199441528
  0
ARC
  5
1289
330
A02
100
AcDbEntity
  8
f
100
AcDbCircle
 10
307.155740842
 20
14.030169267
 30
29.758768336
 40
0.000000001
100
AcDbArc
 50
-90.000000000
 51
-89.999999931
  0
LINE
  5
128A
330
A02
100
AcDbEntity
  8
f
100
AcDbLine
 10
307.155740850
 20
7.610540557
 30
24.758768340
 11
307.155740821
 21
31.325105152
 31
24.758768327
  0
ARC
  5
128B
330
A02
100
AcDbEntity
  8
f
100
AcDbCircle
 10
307.155740821
 20
31.325105153
 30
25.758768327
 40
0.000000001
100
AcDbArc
 50
90.000000000
 51
-90.000000000
  0
LINE
  5
128C
330
A02
100
AcDbEntity
  8
f
100
AcDbLine
 10
307.155740821
 20
31.325105153
 30
26.758768327
 11
307.155740850
 21
7.610540558
 31
26.758768340
  0
ARC
  5
128D
330
A02
100
AcDbEntity
  8
f
100
AcDbCircle
 10
307.155740850
 20
7.610540558
 30
25.758768340
 40
0.000000001
100
AcDbArc
 50
-90.000000000
 51
90.000000000
  0
LINE
  5
128E
330
A02
100
AcDbEntity
  8
f
100
AcDbLine
 10
307.155740812
 20
39.265490536
 30
150.045718314
 11
307.155740824
 21
29.371844614
 31
170.199441518
  0
ARC
  5
128F
330
A02
100
AcDbEntity
  8
f
100
AcDbCircle
 10
307.155740825
 20
28.474177003
 30
169.758768328
 40
0.897667611
100
AcDbArc
 50
90.000000069
 51
-89.999999931
  0
LINE
  5
1290
330
A02
100
AcDbEntity
  8
f
100
AcDbLine
 10
307.155740826
 20
27.576509392
 30
169.318095138
 11
307.155740814
 21
37.470155315
 31
149.164371934
  0
ARC
  5
1291
330
A02
100
AcDbEntity
  8
f
100
AcDbCircle
 10
307.155740813
 20
38.367822925
 30
149.605045124
 40
0.897667611
100
AcDbArc
 50
-89.999999931
 51
90.000000069
  0
LINE
  5
1292
330
A02
100
AcDbEntity
  8
f
100
AcDbLine
 10
307.155740799
 20
50.225105237
 30
174.758768316
 11
307.155740827
 21
26.510540642
 31
174.758768329
  0
ARC
  5
1293
330
A02
100
AcDbEntity
  8
f
100
AcDbCircle
 10
307.155740827
 20
26.510540642
 30
173.758768329
 40
0.000000001
100
AcDbArc
 50
-90.000000000
 51
90.000000000
  0
LINE
  5
1294
330
A02
100
AcDbEntity
  8
f
100
AcDbLine
 10
307.155740827
 20
26.510540641
 30
172.758768329
 11
307.155740799
 21
50.225105236
 31
172.758768316
  0
ARC
  5
1295
330
A02
100
AcDbEntity
  8
f
100
AcDbCircle
 10
307.155740799
 20
50.225105237
 30
173.758768316
 40
0.000000001
100
AcDbArc
 50
90.000000000
 51
-90.000000000
  0
LINE
  5
1296
330
A02
100
AcDbEntity
  8
f
100
AcDbLine
 10
307.155740846
 20
10.461468784
 30
16.758768338
 11
307.155740865
 21
-4.869830740
 31
16.758768347
  0
ARC
  5
1297
330
A02
100
AcDbEntity
  8
f
100
AcDbCircle
 10
307.155740865
 20
-4.869830740
 30
15.758768347
 40
0.897667611
100
AcDbArc
 50
90.000000000
 51
-89.999999931
  0
LINE
  5
1298
330
A02
100
AcDbEntity
  8
f
100
AcDbLine
 10
307.155740866
 20
-5.767498351
 30
15.318095157
 11
307.155740857
 21
1.898151402
 31
-0.297117325
  0
ARC
  5
1299
330
A02
100
AcDbEntity
  8
f
100
AcDbCircle
 10
307.155740856
 20
2.795819013
 30
0.143555865
 40
0.897667610
100
AcDbArc
 50
90.000000069
 51
-89.999999931
  0
LINE
  5
129A
330
A02
100
AcDbEntity
  8
f
100
AcDbLine
 10
307.155740855
 20
3.693486623
 30
-0.297117326
 11
307.155740845
 21
11.359136394
 31
15.318095147
  0
ARC
  5
129B
330
A02
100
AcDbEntity
  8
f
100
AcDbCircle
 10
307.155740846
 20
10.461468783
 30
15.758768338
 40
0.000000001
100
AcDbArc
 50
90.000000069
 51
90.000000000
  0
LINE
  5
129C
330
A02
100
AcDbEntity
  8
f
100
AcDbLine
 10
307.155740840
 20
15.983429883
 30
20.199441526
 11
307.155740857
 21
1.898151397
 31
-8.492792385
  0
ARC
  5
129D
330
A02
100
AcDbEntity
  8
f
100
AcDbCircle
 10
307.155740856
 20
2.795819007
 30
-8.933465576
 40
0.897667610
100
AcDbArc
 50
90.000000069
 51
-89.999999931
  0
LINE
  5
129E
330
A02
100
AcDbEntity
  8
f
100
AcDbLine
 10
307.155740855
 20
3.693486618
 30
-9.374138767
 11
307.155740838
 21
17.778765103
 31
19.318095144
  0
ARC
  5
129F
330
A02
100
AcDbEntity
  8
f
100
AcDbCircle
 10
307.155740839
 20
16.881097493
 30
19.758768335
 40
0.897667610
100
AcDbArc
 50
90.000000069
 51
-89.999999931
  0
LINE
  5
12A0
330
A02
100
AcDbEntity
  8
f
100
AcDbLine
 10
307.155740801
 20
48.261468981
 30
363.258768317
 11
307.155740819
 21
32.930169457
 31
363.258768326
  0
ARC
  5
12A1
330
A02
100
AcDbEntity
  8
f
100
AcDbCircle
 10
307.155740819
 20
32.930169456
 30
362.258768326
 40
0.897667611
100
AcDbArc
 50
90.000000000
 51
-89.999999931
  0
LINE
  5
12A2
330
A02
100
AcDbEntity
  8
f
100
AcDbLine
 10
307.155740821
 20
32.032501845
 30
361.818095136
 11
307.155740811
 21
39.698151598
 31
346.202882653
  0
ARC
  5
12A3
330
A02
100
AcDbEntity
  8
f
100
AcDbCircle
 10
307.155740810
 20
40.595819209
 30
346.643555844
 40
0.897667610
100
AcDbArc
 50
90.000000069
 51
-89.999999931
  0
LINE
  5
12A4
330
A02
100
AcDbEntity
  8
f
100
AcDbLine
 10
307.155740809
 20
41.493486820
 30
346.202882652
 11
307.155740800
 21
49.159136590
 31
361.818095126
  0
ARC
  5
12A5
330
A02
100
AcDbEntity
  8
f
100
AcDbCircle
 10
307.155740801
 20
48.261468980
 30
362.258768317
 40
0.000000001
100
AcDbArc
 50
90.000000069
 51
90.000000000
  0
LINE
  5
12A6
330
A02
100
AcDbEntity
  8
f
100
AcDbLine
 10
307.155740809
 20
41.493486814
 30
337.125861211
 11
307.155740792
 21
55.578765300
 31
365.818095122
  0
ARC
  5
12A7
330
A02
100
AcDbEntity
  8
f
100
AcDbCircle
 10
307.155740793
 20
54.681097690
 30
366.258768313
 40
0.897667610
100
AcDbArc
 50
90.000000069
 51
-89.999999931
  0
LINE
  5
12A8
330
A02
100
AcDbEntity
  8
f
100
AcDbLine
 10
307.155740795
 20
53.783430079
 30
366.699441505
 11
307.155740811
 21
39.698151594
 31
338.007207593
  0
ARC
  5
12A9
330
A02
100
AcDbEntity
  8
f
100
AcDbCircle
 10
307.155740810
 20
40.595819204
 30
337.566534402
 40
0.897667610
100
AcDbArc
 50
90.000000069
 51
-89.999999931
  0
LINE
  5
12AA
330
A02
100
AcDbEntity
  8
f
100
AcDbLine
 10
307.155740724
 20
112.278765282
 30
334.199441471
 11
307.155740741
 21
98.193486838
 31
362.891675380
  0
ARC
  5
12AB
330
A02
100
AcDbEntity
  8
f
100
AcDbCircle
 10
307.155740742
 20
97.295819218
 30
362.451002208
 40
0.897667611
100
AcDbArc
 50
-89.999999931
 51
90.000000069
  0
LINE
  5
12AC
330
A02
100
AcDbEntity
  8
f
100
AcDbLine
 10
307.155740743
 20
96.398151607
 30
362.010329018
 11
307.155740727
 21
110.483430060
 31
333.318095091
  0
ARC
  5
12AD
330
A02
100
AcDbEntity
  8
f
100
AcDbCircle
 10
307.155740725
 20
111.381097671
 30
333.758768281
 40
0.897667611
100
AcDbArc
 50
90.000000069
 51
-89.999999931
  0
LINE
  5
12AE
330
A02
100
AcDbEntity
  8
f
100
AcDbLine
 10
307.155740759
 20
83.210540732
 30
332.758768297
 11
307.155740731
 21
106.925105327
 31
332.758768284
  0
ARC
  5
12AF
330
A02
100
AcDbEntity
  8
f
100
AcDbCircle
 10
307.155740731
 20
106.925105327
 30
333.758768284
 40
0.000000001
100
AcDbArc
 50
90.000000000
 51
-90.000000000
  0
LINE
  5
12B0
330
A02
100
AcDbEntity
  8
f
100
AcDbLine
 10
307.155740731
 20
106.925105328
 30
334.758768284
 11
307.155740759
 21
83.210540733
 31
334.758768297
  0
ARC
  5
12B1
330
A02
100
AcDbEntity
  8
f
100
AcDbCircle
 10
307.155740759
 20
83.210540733
 30
333.758768297
 40
0.000000001
100
AcDbArc
 50
-90.000000000
 51
90.000000000
  0
LINE
  5
12B2
330
A02
100
AcDbEntity
  8
f
100
AcDbLine
 10
307.155740797
 20
51.830169442
 30
336.758768315
 11
307.155740778
 21
67.161468965
 31
336.758768306
  0
ARC
  5
12B3
330
A02
100
AcDbEntity
  8
f
100
AcDbCircle
 10
307.155740778
 20
67.161468966
 30
337.758768306
 40
0.897667611
100
AcDbArc
 50
-90.000000000
 51
90.000000069
  0
LINE
  5
12B4
330
A02
100
AcDbEntity
  8
f
100
AcDbLine
 10
307.155740777
 20
68.059136577
 30
338.199441496
 11
307.155740787
 21
60.393486824
 31
353.814653979
  0
ARC
  5
12B5
330
A02
100
AcDbEntity
  8
f
100
AcDbCircle
 10
307.155740788
 20
59.495819213
 30
353.373980789
 40
0.897667610
100
AcDbArc
 50
-89.999999931
 51
90.000000069
  0
LINE
  5
12B6
330
A02
100
AcDbEntity
  8
f
100
AcDbLine
 10
307.155740789
 20
58.598151603
 30
353.814653980
 11
307.155740798
 21
50.932501832
 31
338.199441506
  0
ARC
  5
12B7
330
A02
100
AcDbEntity
  8
f
100
AcDbCircle
 10
307.155740797
 20
51.830169442
 30
337.758768315
 40
0.000000001
100
AcDbArc
 50
-90.000000000
 51
-89.999999931
  0
LINE
  5
12B8
330
A02
100
AcDbEntity
  8
f
100
AcDbLine
 10
307.155740789
 20
58.598151607
 30
362.010329040
 11
307.155740772
 21
72.683430060
 31
333.318095113
  0
ARC
  5
12B9
330
A02
100
AcDbEntity
  8
f
100
AcDbCircle
 10
307.155740771
 20
73.581097671
 30
333.758768303
 40
0.897667611
100
AcDbArc
 50
90.000000069
 51
-89.999999931
  0
LINE
  5
12BA
330
A02
100
AcDbEntity
  8
f
100
AcDbLine
 10
307.155740770
 20
74.478765282
 30
334.199441493
 11
307.155740787
 21
60.393486838
 31
362.891675401
  0
ARC
  5
12BB
330
A02
100
AcDbEntity
  8
f
100
AcDbCircle
 10
307.155740788
 20
59.495819218
 30
362.451002230
 40
0.897667611
100
AcDbArc
 50
-89.999999931
 51
90.000000069
  0
LINE
  5
12BC
330
A02
100
AcDbEntity
  8
f
100
AcDbLine
 10
307.155740735
 20
103.176509436
 30
246.318095095
 11
307.155740723
 21
113.070155358
 31
226.164371891
  0
ARC
  5
12BD
330
A02
100
AcDbEntity
  8
f
100
AcDbCircle
 10
307.155740722
 20
113.967822969
 30
226.605045081
 40
0.897667611
100
AcDbArc
 50
-89.999999931
 51
90.000000069
  0
LINE
  5
12BE
330
A02
100
AcDbEntity
  8
f
100
AcDbLine
 10
307.155740721
 20
114.865490580
 30
227.045718271
 11
307.155740733
 21
104.971844658
 31
247.199441475
  0
ARC
  5
12BF
330
A02
100
AcDbEntity
  8
f
100
AcDbCircle
 10
307.155740734
 20
104.074177047
 30
246.758768285
 40
0.897667611
100
AcDbArc
 50
-89.999999931
 51
90.000000069
  0
LINE
  5
12C0
330
A02
100
AcDbEntity
  8
f
100
AcDbLine
 10
307.155740756
 20
86.061468871
 30
170.758768296
 11
307.155740774
 21
70.730169347
 31
170.758768304
  0
ARC
  5
12C1
330
A02
100
AcDbEntity
  8
f
100
AcDbCircle
 10
307.155740774
 20
70.730169347
 30
169.758768304
 40
0.897667611
100
AcDbArc
 50
90.000000000
 51
-89.999999931
  0
LINE
  5
12C2
330
A02
100
AcDbEntity
  8
f
100
AcDbLine
 10
307.155740775
 20
69.832501736
 30
169.318095114
 11
307.155740766
 21
77.498151489
 31
153.702882632
  0
ARC
  5
12C3
330
A02
100
AcDbEntity
  8
f
100
AcDbCircle
 10
307.155740765
 20
78.395819100
 30
154.143555822
 40
0.897667610
100
AcDbArc
 50
90.000000069
 51
-89.999999931
  0
LINE
  5
12C4
330
A02
100
AcDbEntity
  8
f
100
AcDbLine
 10
307.155740764
 20
79.293486710
 30
153.702882631
 11
307.155740755
 21
86.959136481
 31
169.318095104
  0
ARC
  5
12C5
330
A02
100
AcDbEntity
  8
f
100
AcDbCircle
 10
307.155740756
 20
86.061468871
 30
169.758768296
 40
0.000000001
100
AcDbArc
 50
90.000000000
 51
90.000000069
  0
LINE
  5
12C6
330
A02
100
AcDbEntity
  8
f
100
AcDbLine
 10
307.155740764
 20
79.293486705
 30
144.625861190
 11
307.155740747
 21
93.378765191
 31
173.318095101
  0
ARC
  5
12C7
330
A02
100
AcDbEntity
  8
f
100
AcDbCircle
 10
307.155740748
 20
92.481097580
 30
173.758768292
 40
0.897667610
100
AcDbArc
 50
-89.999999931
 51
90.000000069
  0
LINE
  5
12C8
330
A02
100
AcDbEntity
  8
f
100
AcDbLine
 10
307.155740749
 20
91.583429970
 30
174.199441483
 11
307.155740766
 21
77.498151484
 31
145.507207572
  0
ARC
  5
12C9
330
A02
100
AcDbEntity
  8
f
100
AcDbCircle
 10
307.155740765
 20
78.395819095
 30
145.066534381
 40
0.897667610
100
AcDbArc
 50
90.000000069
 51
-89.999999931
  0
LINE
  5
12CA
330
A02
100
AcDbEntity
  8
f
100
AcDbLine
 10
307.155740903
 20
-36.334509464
 30
150.045718357
 11
307.155740914
 21
-46.228155386
 31
170.199441561
  0
ARC
  5
12CB
330
A02
100
AcDbEntity
  8
f
100
AcDbCircle
 10
307.155740915
 20
-47.125822997
 30
169.758768371
 40
0.897667611
100
AcDbArc
 50
90.000000069
 51
-89.999999931
  0
LINE
  5
12CC
330
A02
100
AcDbEntity
  8
f
100
AcDbLine
 10
307.155740917
 20
-48.023490608
 30
169.318095181
 11
307.155740905
 21
-38.129844695
 31
149.164371996
  0
ARC
  5
12CD
330
A02
100
AcDbEntity
  8
f
100
AcDbCircle
 10
307.155740904
 20
-37.232177075
 30
149.605045167
 40
0.897667611
100
AcDbArc
 50
90.000000069
 51
-89.999999931
  0
LINE
  5
12CE
330
A02
100
AcDbEntity
  8
f
100
AcDbLine
 10
307.155740889
 20
-25.374894763
 30
174.758768359
 11
307.155740918
 21
-49.089459358
 31
174.758768372
  0
ARC
  5
12CF
330
A02
100
AcDbEntity
  8
f
100
AcDbCircle
 10
307.155740918
 20
-49.089459358
 30
173.758768372
 40
0.000000001
100
AcDbArc
 50
-90.000000000
 51
90.000000000
  0
LINE
  5
12D0
330
A02
100
AcDbEntity
  8
f
100
AcDbLine
 10
307.155740918
 20
-49.089459359
 30
172.758768372
 11
307.155740889
 21
-25.374894764
 31
172.758768359
  0
ARC
  5
12D1
330
A02
100
AcDbEntity
  8
f
100
AcDbCircle
 10
307.155740889
 20
-25.374894763
 30
173.758768359
 40
0.000000001
100
AcDbArc
 50
90.000000000
 51
-90.000000000
  0
LINE
  5
12D2
330
A02
100
AcDbEntity
  8
f
100
AcDbLine
 10
307.155740846
 20
10.461468871
 30
170.758768338
 11
307.155740865
 21
-4.869830653
 31
170.758768347
  0
ARC
  5
12D3
330
A02
100
AcDbEntity
  8
f
100
AcDbCircle
 10
307.155740865
 20
-4.869830653
 30
169.758768347
 40
0.897667611
100
AcDbArc
 50
90.000000000
 51
-89.999999931
  0
LINE
  5
12D4
330
A02
100
AcDbEntity
  8
f
100
AcDbLine
 10
307.155740866
 20
-5.767498264
 30
169.318095157
 11
307.155740857
 21
1.898151489
 31
153.702882675
  0
ARC
  5
12D5
330
A02
100
AcDbEntity
  8
f
100
AcDbCircle
 10
307.155740856
 20
2.795819100
 30
154.143555865
 40
0.897667610
100
AcDbArc
 50
90.000000069
 51
-89.999999931
  0
LINE
  5
12D6
330
A02
100
AcDbEntity
  8
f
100
AcDbLine
 10
307.155740855
 20
3.693486710
 30
153.702882674
 11
307.155740845
 21
11.359136481
 31
169.318095147
  0
ARC
  5
12D7
330
A02
100
AcDbEntity
  8
f
100
AcDbCircle
 10
307.155740846
 20
10.461468871
 30
169.758768338
 40
0.000000001
100
AcDbArc
 50
90.000000069
 51
90.000000000
  0
LINE
  5
12D8
330
A02
100
AcDbEntity
  8
f
100
AcDbLine
 10
307.155740855
 20
3.693486705
 30
144.625861233
 11
307.155740838
 21
17.778765191
 31
173.318095144
  0
ARC
  5
12D9
330
A02
100
AcDbEntity
  8
f
100
AcDbCircle
 10
307.155740839
 20
16.881097580
 30
173.758768335
 40
0.897667610
100
AcDbArc
 50
90.000000069
 51
-89.999999931
  0
LINE
  5
12DA
330
A02
100
AcDbEntity
  8
f
100
AcDbLine
 10
307.155740840
 20
15.983429970
 30
174.199441526
 11
307.155740857
 21
1.898151484
 31
145.507207615
  0
ARC
  5
12DB
330
A02
100
AcDbEntity
  8
f
100
AcDbCircle
 10
307.155740856
 20
2.795819095
 30
145.066534424
 40
0.897667610
100
AcDbArc
 50
90.000000069
 51
-89.999999931
  0
LINE
  5
12DC
330
A02
100
AcDbEntity
  8
f
100
AcDbLine
 10
307.155740767
 20
77.065490624
 30
304.045718293
 11
307.155740778
 21
67.171844701
 31
324.199441497
  0
ARC
  5
12DD
330
A02
100
AcDbEntity
  8
f
100
AcDbCircle
 10
307.155740780
 20
66.274177090
 30
323.758768307
 40
0.897667611
100
AcDbArc
 50
90.000000069
 51
-89.999999931
  0
LINE
  5
12DE
330
A02
100
AcDbEntity
  8
f
100
AcDbLine
 10
307.155740781
 20
65.376509480
 30
323.318095117
 11
307.155740769
 21
75.270155393
 31
303.164371931
  0
ARC
  5
12DF
330
A02
100
AcDbEntity
  8
f
100
AcDbCircle
 10
307.155740768
 20
76.167823013
 30
303.605045103
 40
0.897667611
100
AcDbArc
 50
-89.999999931
 51
90.000000069
  0
LINE
  5
12E0
330
A02
100
AcDbEntity
  8
f
100
AcDbLine
 10
307.155740753
 20
88.025105325
 30
328.758768294
 11
307.155740782
 21
64.310540730
 31
328.758768308
  0
ARC
  5
12E1
330
A02
100
AcDbEntity
  8
f
100
AcDbCircle
 10
307.155740782
 20
64.310540729
 30
327.758768308
 40
0.000000001
100
AcDbArc
 50
-90.000000000
 51
90.000000000
  0
LINE
  5
12E2
330
A02
100
AcDbEntity
  8
f
100
AcDbLine
 10
307.155740782
 20
64.310540729
 30
326.758768308
 11
307.155740753
 21
88.025105323
 31
326.758768294
  0
ARC
  5
12E3
330
A02
100
AcDbEntity
  8
f
100
AcDbCircle
 10
307.155740753
 20
88.025105324
 30
327.758768294
 40
0.000000001
100
AcDbArc
 50
90.000000000
 51
-90.000000000
  0
LINE
  5
12E4
330
A02
100
AcDbEntity
  8
f
100
AcDbLine
 10
307.155740917
 20
-48.023490651
 30
92.318095181
 11
307.155740905
 21
-38.129844738
 31
72.164371996
  0
ARC
  5
12E5
330
A02
100
AcDbEntity
  8
f
100
AcDbCircle
 10
307.155740904
 20
-37.232177118
 30
72.605045167
 40
0.897667611
100
AcDbArc
 50
90.000000069
 51
-89.999999931
  0
LINE
  5
12E6
330
A02
100
AcDbEntity
  8
f
100
AcDbLine
 10
307.155740903
 20
-36.334509507
 30
73.045718357
 11
307.155740914
 21
-46.228155430
 31
93.199441561
  0
ARC
  5
12E7
330
A02
100
AcDbEntity
  8
f
100
AcDbCircle
 10
307.155740915
 20
-47.125823041
 30
92.758768371
 40
0.897667611
100
AcDbArc
 50
90.000000069
 51
-89.999999931
  0
LINE
  5
12E8
330
A02
100
AcDbEntity
  8
f
100
AcDbLine
 10
307.155740892
 20
-27.338531172
 30
93.758768360
 11
307.155740910
 21
-42.669830696
 31
93.758768369
  0
ARC
  5
12E9
330
A02
100
AcDbEntity
  8
f
100
AcDbCircle
 10
307.155740910
 20
-42.669830697
 30
92.758768369
 40
0.897667611
100
AcDbArc
 50
90.000000000
 51
-89.999999931
  0
LINE
  5
12EA
330
A02
100
AcDbEntity
  8
f
100
AcDbLine
 10
307.155740911
 20
-43.567498308
 30
92.318095179
 11
307.155740902
 21
-35.901848555
 31
76.702882696
  0
ARC
  5
12EB
330
A02
100
AcDbEntity
  8
f
100
AcDbCircle
 10
307.155740901
 20
-35.004180944
 30
77.143555886
 40
0.897667610
100
AcDbArc
 50
90.000000069
 51
-89.999999931
  0
LINE
  5
12EC
330
A02
100
AcDbEntity
  8
f
100
AcDbLine
 10
307.155740900
 20
-34.106513333
 30
76.702882695
 11
307.155740891
 21
-26.440863563
 31
92.318095169
  0
ARC
  5
12ED
330
A02
100
AcDbEntity
  8
f
100
AcDbCircle
 10
307.155740892
 20
-27.338531173
 30
92.758768360
 40
0.000000001
100
AcDbArc
 50
90.000000000
 51
90.000000069
  0
LINE
  5
12EE
330
A02
100
AcDbEntity
  8
f
100
AcDbLine
 10
307.155740892
 20
-27.328155444
 30
67.818095169
 11
307.155740880
 21
-17.434509499
 31
87.971818362
  0
ARC
  5
12EF
330
A02
100
AcDbEntity
  8
f
100
AcDbCircle
 10
307.155740881
 20
-18.332177109
 30
88.412491553
 40
0.897667610
100
AcDbArc
 50
90.000000069
 51
-89.999999931
  0
LINE
  5
12F0
330
A02
100
AcDbEntity
  8
f
100
AcDbLine
 10
307.155740882
 20
-19.229844720
 30
88.853164744
 11
307.155740894
 21
-29.123490665
 31
68.699441552
  0
ARC
  5
12F1
330
A02
100
AcDbEntity
  8
f
100
AcDbCircle
 10
307.155740893
 20
-28.225823055
 30
68.258768360
 40
0.897667610
100
AcDbArc
 50
-89.999999931
 51
90.000000069
  0
LINE
  5
12F2
330
A02
100
AcDbEntity
  8
f
100
AcDbLine
 10
307.155740797
 20
51.830169332
 30
144.258768315
 11
307.155740778
 21
67.161468856
 31
144.258768306
  0
ARC
  5
12F3
330
A02
100
AcDbEntity
  8
f
100
AcDbCircle
 10
307.155740778
 20
67.161468857
 30
145.258768306
 40
0.897667611
100
AcDbArc
 50
-90.000000000
 51
90.000000069
  0
LINE
  5
12F4
330
A02
100
AcDbEntity
  8
f
100
AcDbLine
 10
307.155740777
 20
68.059136468
 30
145.699441496
 11
307.155740787
 21
60.393486715
 31
161.314653979
  0
ARC
  5
12F5
330
A02
100
AcDbEntity
  8
f
100
AcDbCircle
 10
307.155740788
 20
59.495819104
 30
160.873980789
 40
0.897667610
100
AcDbArc
 50
-89.999999931
 51
90.000000069
  0
LINE
  5
12F6
330
A02
100
AcDbEntity
  8
f
100
AcDbLine
 10
307.155740789
 20
58.598151493
 30
161.314653980
 11
307.155740798
 21
50.932501723
 31
145.699441506
  0
ARC
  5
12F7
330
A02
100
AcDbEntity
  8
f
100
AcDbCircle
 10
307.155740797
 20
51.830169333
 30
145.258768315
 40
0.000000001
100
AcDbArc
 50
-90.000000000
 51
-89.999999931
  0
LINE
  5
12F8
330
A02
100
AcDbEntity
  8
f
100
AcDbLine
 10
307.155740770
 20
74.478765173
 30
141.699441493
 11
307.155740787
 21
60.393486729
 31
170.391675401
  0
ARC
  5
12F9
330
A02
100
AcDbEntity
  8
f
100
AcDbCircle
 10
307.155740788
 20
59.495819109
 30
169.951002230
 40
0.897667611
100
AcDbArc
 50
-89.999999931
 51
90.000000069
  0
LINE
  5
12FA
330
A02
100
AcDbEntity
  8
f
100
AcDbLine
 10
307.155740789
 20
58.598151498
 30
169.510329040
 11
307.155740772
 21
72.683429951
 31
140.818095113
  0
ARC
  5
12FB
330
A02
100
AcDbEntity
  8
f
100
AcDbCircle
 10
307.155740771
 20
73.581097562
 30
141.258768303
 40
0.897667611
100
AcDbArc
 50
90.000000069
 51
-89.999999931
  0
LINE
  5
12FC
330
A02
100
AcDbEntity
  8
f
100
AcDbLine
 10
307.155740887
 20
-23.769830755
 30
-9.741231642
 11
307.155740869
 21
-8.438531231
 31
-9.741231651
  0
ARC
  5
12FD
330
A02
100
AcDbEntity
  8
f
100
AcDbCircle
 10
307.155740869
 20
-8.438531231
 30
-8.741231651
 40
0.897667611
100
AcDbArc
 50
-90.000000000
 51
90.000000069
  0
LINE
  5
12FE
330
A02
100
AcDbEntity
  8
f
100
AcDbLine
 10
307.155740868
 20
-7.540863620
 30
-8.300558461
 11
307.155740877
 21
-15.206513373
 31
7.314654022
  0
ARC
  5
12FF
330
A02
100
AcDbEntity
  8
f
100
AcDbCircle
 10
307.155740878
 20
-16.104180984
 30
6.873980831
 40
0.897667610
100
AcDbArc
 50
-89.999999931
 51
90.000000069
  0
LINE
  5
1300
330
A02
100
AcDbEntity
  8
f
100
AcDbLine
 10
307.155740879
 20
-17.001848594
 30
7.314654023
 11
307.155740889
 21
-24.667498365
 31
-8.300558451
  0
ARC
  5
1301
330
A02
100
AcDbEntity
  8
f
100
AcDbCircle
 10
307.155740887
 20
-23.769830754
 30
-8.741231642
 40
0.000000001
100
AcDbArc
 50
-89.999999931
 51
-90.000000000
  0
LINE
  5
1302
330
A02
100
AcDbEntity
  8
f
100
AcDbLine
 10
307.155740879
 20
-17.001848589
 30
15.510329083
 11
307.155740862
 21
-2.916570136
 31
-13.181904845
  0
ARC
  5
1303
330
A02
100
AcDbEntity
  8
f
100
AcDbCircle
 10
307.155740861
 20
-2.018902525
 30
-12.741231654
 40
0.897667611
100
AcDbArc
 50
-89.999999931
 51
90.000000069
  0
LINE
  5
1304
330
A02
100
AcDbEntity
  8
f
100
AcDbLine
 10
307.155740860
 20
-1.121234915
 30
-12.300558464
 11
307.155740877
 21
-15.206513358
 31
16.391675444
  0
ARC
  5
1305
330
A02
100
AcDbEntity
  8
f
100
AcDbCircle
 10
307.155740878
 20
-16.104180979
 30
15.951002273
 40
0.897667611
100
AcDbArc
 50
-89.999999931
 51
90.000000069
  0
LINE
  5
1306
330
A02
100
AcDbEntity
  8
f
100
AcDbLine
 10
307.155741080
 20
-184.106532863
 30
147.070265920
 11
307.155741064
 21
-171.221234809
 31
173.318095251
  0
ARC
  5
1307
330
A02
100
AcDbEntity
  8
f
100
AcDbCircle
 10
307.155741065
 20
-172.118902420
 30
173.758768442
 40
0.897667610
100
AcDbArc
 50
-89.999999931
 51
90.000000069
  0
LINE
  5
1308
330
A02
100
AcDbEntity
  8
f
100
AcDbLine
 10
307.155741066
 20
-173.016570030
 30
174.199441633
 11
307.155741082
 21
-185.901868083
 31
147.951612304
  0
ARC
  5
1309
330
A02
100
AcDbEntity
  8
f
100
AcDbCircle
 10
307.155741081
 20
-185.004200473
 30
147.510939113
 40
0.897667610
100
AcDbArc
 50
90.000000069
 51
-89.999999931
  0
LINE
  5
130A
330
A02
100
AcDbEntity
  8
f
100
AcDbLine
 10
307.155741080
 20
-184.106532862
 30
108.570265966
 11
307.155741064
 21
-171.221234822
 31
134.818095270
  0
ARC
  5
130B
330
A02
100
AcDbEntity
  8
f
100
AcDbCircle
 10
307.155741065
 20
-172.118902441
 30
135.258768442
 40
0.897667610
100
AcDbArc
 50
-89.999999931
 51
90.000000069
  0
LINE
  5
130C
330
A02
100
AcDbEntity
  8
f
100
AcDbLine
 10
307.155741066
 20
-173.016570052
 30
135.699441633
 11
307.155741082
 21
-185.901868083
 31
109.451612348
  0
ARC
  5
130D
330
A02
100
AcDbEntity
  8
f
100
AcDbCircle
 10
307.155741081
 20
-185.004200473
 30
109.010939157
 40
0.897667610
100
AcDbArc
 50
-89.999999931
 51
90.000000069
  0
LINE
  5
130E
330
A02
100
AcDbEntity
  8
f
100
AcDbLine
 10
307.155741080
 20
-184.106532862
 30
224.070265832
 11
307.155741064
 21
-171.221234766
 31
250.318095251
  0
ARC
  5
130F
330
A02
100
AcDbEntity
  8
f
100
AcDbCircle
 10
307.155741065
 20
-172.118902376
 30
250.758768442
 40
0.897667610
100
AcDbArc
 50
-89.999999931
 51
90.000000069
  0
LINE
  5
1310
330
A02
100
AcDbEntity
  8
f
100
AcDbLine
 10
307.155741066
 20
-173.016569986
 30
251.199441633
 11
307.155741082
 21
-185.901868083
 31
224.951612215
  0
ARC
  5
1311
330
A02
100
AcDbEntity
  8
f
100
AcDbCircle
 10
307.155741081
 20
-185.004200473
 30
224.510939024
 40
0.897667610
100
AcDbArc
 50
-89.999999931
 51
90.000000069
  0
LINE
  5
1312
330
A02
100
AcDbEntity
  8
f
100
AcDbLine
 10
307.155741080
 20
-184.106532862
 30
301.070265743
 11
307.155741064
 21
-171.221234722
 31
327.318095251
  0
ARC
  5
1313
330
A02
100
AcDbEntity
  8
f
100
AcDbCircle
 10
307.155741065
 20
-172.118902332
 30
327.758768442
 40
0.897667610
100
AcDbArc
 50
-89.999999931
 51
90.000000069
  0
LINE
  5
1314
330
A02
100
AcDbEntity
  8
f
100
AcDbLine
 10
307.155741066
 20
-173.016569942
 30
328.199441633
 11
307.155741082
 21
-185.901868083
 31
301.951612126
  0
ARC
  5
1315
330
A02
100
AcDbEntity
  8
f
100
AcDbCircle
 10
307.155741081
 20
-185.004200473
 30
301.510938934
 40
0.897667610
100
AcDbArc
 50
-89.999999931
 51
90.000000069
  0
LINE
  5
1316
330
A02
100
AcDbEntity
  8
f
100
AcDbLine
 10
307.155741080
 20
-184.106532862
 30
262.570265788
 11
307.155741064
 21
-171.221234744
 31
288.818095251
  0
ARC
  5
1317
330
A02
100
AcDbEntity
  8
f
100
AcDbCircle
 10
307.155741065
 20
-172.118902354
 30
289.258768442
 40
0.897667610
100
AcDbArc
 50
-89.999999931
 51
90.000000069
  0
LINE
  5
1318
330
A02
100
AcDbEntity
  8
f
100
AcDbLine
 10
307.155741066
 20
-173.016569964
 30
289.699441633
 11
307.155741082
 21
-185.901868083
 31
263.451612170
  0
ARC
  5
1319
330
A02
100
AcDbEntity
  8
f
100
AcDbCircle
 10
307.155741081
 20
-185.004200473
 30
263.010938979
 40
0.897667610
100
AcDbArc
 50
-89.999999931
 51
90.000000069
  0
LINE
  5
131A
330
A02
100
AcDbEntity
  8
f
100
AcDbLine
 10
307.155741080
 20
-184.106532862
 30
31.570266055
 11
307.155741064
 21
-171.221234875
 31
57.818095251
  0
ARC
  5
131B
330
A02
100
AcDbEntity
  8
f
100
AcDbCircle
 10
307.155741065
 20
-172.118902485
 30
58.258768442
 40
0.897667610
100
AcDbArc
 50
-89.999999931
 51
90.000000069
  0
LINE
  5
131C
330
A02
100
AcDbEntity
  8
f
100
AcDbLine
 10
307.155741066
 20
-173.016570095
 30
58.699441633
 11
307.155741082
 21
-185.901868083
 31
32.451612437
  0
ARC
  5
131D
330
A02
100
AcDbEntity
  8
f
100
AcDbCircle
 10
307.155741081
 20
-185.004200473
 30
32.010939246
 40
0.897667610
100
AcDbArc
 50
-89.999999931
 51
90.000000069
  0
LINE
  5
131E
330
A02
100
AcDbEntity
  8
f
100
AcDbLine
 10
307.155741081
 20
-185.004200473
 30
326.758768449
 11
307.155741071
 21
-176.574894677
 31
326.758768445
  0
ARC
  5
131F
330
A02
100
AcDbEntity
  8
f
100
AcDbCircle
 10
307.155741071
 20
-176.574894676
 30
327.758768445
 40
0.000000001
100
AcDbArc
 50
90.000000000
 51
-90.000000000
  0
LINE
  5
1320
330
A02
100
AcDbEntity
  8
f
100
AcDbLine
 10
307.155741071
 20
-176.574894675
 30
328.758768445
 11
307.155741081
 21
-185.004200472
 31
328.758768449
  0
ARC
  5
1321
330
A02
100
AcDbEntity
  8
f
100
AcDbCircle
 10
307.155741081
 20
-185.004200473
 30
327.758768449
 40
0.000000001
100
AcDbArc
 50
-90.000000000
 51
90.000000000
  0
LINE
  5
1322
330
A02
100
AcDbEntity
  8
f
100
AcDbLine
 10
307.155741081
 20
-185.004200473
 30
134.258768449
 11
307.155741071
 21
-176.574894786
 31
134.258768445
  0
ARC
  5
1323
330
A02
100
AcDbEntity
  8
f
100
AcDbCircle
 10
307.155741071
 20
-176.574894785
 30
135.258768445
 40
0.000000001
100
AcDbArc
 50
90.000000000
 51
-90.000000000
  0
LINE
  5
1324
330
A02
100
AcDbEntity
  8
f
100
AcDbLine
 10
307.155741071
 20
-176.574894785
 30
136.258768445
 11
307.155741081
 21
-185.004200472
 31
136.258768449
  0
ARC
  5
1325
330
A02
100
AcDbEntity
  8
f
100
AcDbCircle
 10
307.155741081
 20
-185.004200473
 30
135.258768449
 40
0.000000001
100
AcDbArc
 50
-90.000000000
 51
90.000000000
  0
LINE
  5
1326
330
A02
100
AcDbEntity
  8
f
100
AcDbLine
 10
307.155741080
 20
-184.106532861
 30
310.147287176
 11
307.155741072
 21
-177.640863432
 31
323.318095255
  0
ARC
  5
1327
330
A02
100
AcDbEntity
  8
f
100
AcDbCircle
 10
307.155741073
 20
-178.538531042
 30
323.758768446
 40
0.000000001
100
AcDbArc
 50
90.000000000
 51
90.000000069
  0
LINE
  5
1328
330
A02
100
AcDbEntity
  8
f
100
AcDbLine
 10
307.155741073
 20
-178.538531041
 30
324.758768446
 11
307.155741081
 21
-185.004200472
 31
324.758768449
  0
ARC
  5
1329
330
A02
100
AcDbEntity
  8
f
100
AcDbCircle
 10
307.155741081
 20
-185.004200473
 30
323.758768449
 40
1.000000000
100
AcDbArc
 50
90.000000000
 51
-89.999999931
  0
LINE
  5
132A
330
A02
100
AcDbEntity
  8
f
100
AcDbLine
 10
307.155741082
 20
-186.004200473
 30
323.758768449
 11
307.155741082
 21
-186.004200473
 31
310.587960365
  0
ARC
  5
132B
330
A02
100
AcDbEntity
  8
f
100
AcDbCircle
 10
307.155741081
 20
-185.004200473
 30
310.587960365
 40
0.897667611
100
AcDbArc
 50
-89.999999931
 51
90.000000069
  0
LINE
  5
132C
330
A02
100
AcDbEntity
  8
f
100
AcDbLine
 10
307.155741081
 20
-185.004200473
 30
249.758768449
 11
307.155741071
 21
-176.574894720
 31
249.758768445
  0
ARC
  5
132D
330
A02
100
AcDbEntity
  8
f
100
AcDbCircle
 10
307.155741071
 20
-176.574894720
 30
250.758768445
 40
0.000000001
100
AcDbArc
 50
90.000000000
 51
-90.000000000
  0
LINE
  5
132E
330
A02
100
AcDbEntity
  8
f
100
AcDbLine
 10
307.155741071
 20
-176.574894719
 30
251.758768445
 11
307.155741081
 21
-185.004200472
 31
251.758768449
  0
ARC
  5
132F
330
A02
100
AcDbEntity
  8
f
100
AcDbCircle
 10
307.155741081
 20
-185.004200473
 30
250.758768449
 40
0.000000001
100
AcDbArc
 50
-90.000000000
 51
90.000000000
  0
LINE
  5
1330
330
A02
100
AcDbEntity
  8
f
100
AcDbLine
 10
307.155741080
 20
-184.106532862
 30
233.147287263
 11
307.155741072
 21
-177.640863475
 31
246.318095255
  0
ARC
  5
1331
330
A02
100
AcDbEntity
  8
f
100
AcDbCircle
 10
307.155741073
 20
-178.538531086
 30
246.758768446
 40
0.000000001
100
AcDbArc
 50
90.000000000
 51
90.000000069
  0
LINE
  5
1332
330
A02
100
AcDbEntity
  8
f
100
AcDbLine
 10
307.155741073
 20
-178.538531085
 30
247.758768446
 11
307.155741081
 21
-185.004200472
 31
247.758768449
  0
ARC
  5
1333
330
A02
100
AcDbEntity
  8
f
100
AcDbCircle
 10
307.155741081
 20
-185.004200473
 30
246.758768449
 40
1.000000000
100
AcDbArc
 50
90.000000000
 51
-89.999999931
  0
LINE
  5
1334
330
A02
100
AcDbEntity
  8
f
100
AcDbLine
 10
307.155741082
 20
-186.004200473
 30
246.758768449
 11
307.155741082
 21
-186.004200473
 31
233.587960454
  0
ARC
  5
1335
330
A02
100
AcDbEntity
  8
f
100
AcDbCircle
 10
307.155741081
 20
-185.004200473
 30
233.587960454
 40
0.897667610
100
AcDbArc
 50
90.000000069
 51
-89.999999931
  0
LINE
  5
1336
330
A02
100
AcDbEntity
  8
f
100
AcDbLine
 10
307.155741081
 20
-185.004200473
 30
18.758768449
 11
307.155741071
 21
-176.574894851
 31
18.758768445
  0
ARC
  5
1337
330
A02
100
AcDbEntity
  8
f
100
AcDbCircle
 10
307.155741071
 20
-176.574894851
 30
19.758768445
 40
0.000000001
100
AcDbArc
 50
90.000000000
 51
-90.000000000
  0
LINE
  5
1338
330
A02
100
AcDbEntity
  8
f
100
AcDbLine
 10
307.155741071
 20
-176.574894850
 30
20.758768445
 11
307.155741081
 21
-185.004200472
 31
20.758768449
  0
ARC
  5
1339
330
A02
100
AcDbEntity
  8
f
100
AcDbCircle
 10
307.155741081
 20
-185.004200473
 30
19.758768449
 40
0.000000001
100
AcDbArc
 50
-90.000000000
 51
90.000000000
  0
LINE
  5
133A
330
A02
100
AcDbEntity
  8
f
100
AcDbLine
 10
307.155741081
 20
-185.004200473
 30
57.258768449
 11
307.155741071
 21
-176.574894830
 31
57.258768445
  0
ARC
  5
133B
330
A02
100
AcDbEntity
  8
f
100
AcDbCircle
 10
307.155741071
 20
-176.574894829
 30
58.258768445
 40
0.000000001
100
AcDbArc
 50
90.000000000
 51
-90.000000000
  0
LINE
  5
133C
330
A02
100
AcDbEntity
  8
f
100
AcDbLine
 10
307.155741071
 20
-176.574894828
 30
59.258768445
 11
307.155741081
 21
-185.004200472
 31
59.258768449
  0
ARC
  5
133D
330
A02
100
AcDbEntity
  8
f
100
AcDbCircle
 10
307.155741081
 20
-185.004200473
 30
58.258768449
 40
0.000000001
100
AcDbArc
 50
-90.000000000
 51
90.000000000
  0
LINE
  5
133E
330
A02
100
AcDbEntity
  8
f
100
AcDbLine
 10
307.155741080
 20
-184.106532862
 30
40.647287486
 11
307.155741072
 21
-177.640863585
 31
53.818095255
  0
ARC
  5
133F
330
A02
100
AcDbEntity
  8
f
100
AcDbCircle
 10
307.155741073
 20
-178.538531195
 30
54.258768446
 40
0.000000001
100
AcDbArc
 50
90.000000000
 51
90.000000069
  0
LINE
  5
1340
330
A02
100
AcDbEntity
  8
f
100
AcDbLine
 10
307.155741073
 20
-178.538531194
 30
55.258768446
 11
307.155741081
 21
-185.004200472
 31
55.258768449
  0
ARC
  5
1341
330
A02
100
AcDbEntity
  8
f
100
AcDbCircle
 10
307.155741081
 20
-185.004200473
 30
54.258768449
 40
1.000000000
100
AcDbArc
 50
90.000000000
 51
-89.999999931
  0
LINE
  5
1342
330
A02
100
AcDbEntity
  8
f
100
AcDbLine
 10
307.155741082
 20
-186.004200473
 30
54.258768449
 11
307.155741082
 21
-186.004200473
 31
41.087960677
  0
ARC
  5
1343
330
A02
100
AcDbEntity
  8
f
100
AcDbCircle
 10
307.155741081
 20
-185.004200473
 30
41.087960677
 40
0.897667610
100
AcDbArc
 50
-89.999999931
 51
90.000000069
  0
LINE
  5
1344
330
A02
100
AcDbEntity
  8
f
100
AcDbLine
 10
307.155741080
 20
-184.106532911
 30
70.070265912
 11
307.155741064
 21
-171.221234853
 31
96.318095251
  0
ARC
  5
1345
330
A02
100
AcDbEntity
  8
f
100
AcDbCircle
 10
307.155741065
 20
-172.118902463
 30
96.758768442
 40
0.000000001
100
AcDbArc
 50
90.000000000
 51
90.000000069
  0
LINE
  5
1346
330
A02
100
AcDbEntity
  8
f
100
AcDbLine
 10
307.155741065
 20
-172.118902463
 30
97.758768442
 11
307.155741081
 21
-185.004200472
 31
97.758768449
  0
ARC
  5
1347
330
A02
100
AcDbEntity
  8
f
100
AcDbCircle
 10
307.155741081
 20
-185.004200473
 30
96.758768449
 40
1.000000000
100
AcDbArc
 50
90.000000000
 51
-89.999999931
  0
LINE
  5
1348
330
A02
100
AcDbEntity
  8
f
100
AcDbLine
 10
307.155741082
 20
-186.004200473
 30
96.758768449
 11
307.155741082
 21
-186.004200473
 31
70.510939202
  0
ARC
  5
1349
330
A02
100
AcDbEntity
  8
f
100
AcDbCircle
 10
307.155741081
 20
-185.004200473
 30
70.510939202
 40
0.897667562
100
AcDbArc
 50
-89.999999931
 51
90.000000069
  0
LINE
  5
134A
330
A02
100
AcDbEntity
  8
f
100
AcDbLine
 10
307.155741080
 20
-184.106532862
 30
348.647287130
 11
307.155741072
 21
-177.640863410
 31
361.818095255
  0
ARC
  5
134B
330
A02
100
AcDbEntity
  8
f
100
AcDbCircle
 10
307.155741073
 20
-178.538531020
 30
362.258768446
 40
0.000000001
100
AcDbArc
 50
90.000000000
 51
90.000000069
  0
LINE
  5
134C
330
A02
100
AcDbEntity
  8
f
100
AcDbLine
 10
307.155741073
 20
-178.538531019
 30
363.258768446
 11
307.155741081
 21
-185.004200472
 31
363.258768449
  0
ARC
  5
134D
330
A02
100
AcDbEntity
  8
f
100
AcDbCircle
 10
307.155741081
 20
-185.004200473
 30
362.258768449
 40
1.000000000
100
AcDbArc
 50
90.000000000
 51
-89.999999931
  0
LINE
  5
134E
330
A02
100
AcDbEntity
  8
f
100
AcDbLine
 10
307.155741082
 20
-186.004200473
 30
362.258768449
 11
307.155741082
 21
-186.004200473
 31
349.087960321
  0
ARC
  5
134F
330
A02
100
AcDbEntity
  8
f
100
AcDbCircle
 10
307.155741081
 20
-185.004200473
 30
349.087960321
 40
0.897667610
100
AcDbArc
 50
90.000000069
 51
-89.999999931
  0
LINE
  5
1350
330
A02
100
AcDbEntity
  8
f
100
AcDbLine
 10
307.155741080
 20
-184.106532862
 30
271.647287219
 11
307.155741072
 21
-177.640863453
 31
284.818095255
  0
ARC
  5
1351
330
A02
100
AcDbEntity
  8
f
100
AcDbCircle
 10
307.155741073
 20
-178.538531064
 30
285.258768446
 40
0.000000001
100
AcDbArc
 50
90.000000000
 51
90.000000069
  0
LINE
  5
1352
330
A02
100
AcDbEntity
  8
f
100
AcDbLine
 10
307.155741073
 20
-178.538531063
 30
286.258768446
 11
307.155741081
 21
-185.004200472
 31
286.258768449
  0
ARC
  5
1353
330
A02
100
AcDbEntity
  8
f
100
AcDbCircle
 10
307.155741081
 20
-185.004200473
 30
285.258768449
 40
1.000000000
100
AcDbArc
 50
90.000000000
 51
-89.999999931
  0
LINE
  5
1354
330
A02
100
AcDbEntity
  8
f
100
AcDbLine
 10
307.155741082
 20
-186.004200473
 30
285.258768449
 11
307.155741082
 21
-186.004200473
 31
272.087960410
  0
ARC
  5
1355
330
A02
100
AcDbEntity
  8
f
100
AcDbCircle
 10
307.155741081
 20
-185.004200473
 30
272.087960410
 40
0.897667610
100
AcDbArc
 50
-89.999999931
 51
90.000000069
  0
LINE
  5
1356
330
A02
100
AcDbEntity
  8
f
100
AcDbLine
 10
307.155741080
 20
-184.106532862
 30
156.147287352
 11
307.155741072
 21
-177.640863519
 31
169.318095255
  0
ARC
  5
1357
330
A02
100
AcDbEntity
  8
f
100
AcDbCircle
 10
307.155741073
 20
-178.538531129
 30
169.758768446
 40
0.000000001
100
AcDbArc
 50
90.000000000
 51
90.000000069
  0
LINE
  5
1358
330
A02
100
AcDbEntity
  8
f
100
AcDbLine
 10
307.155741073
 20
-178.538531129
 30
170.758768446
 11
307.155741081
 21
-185.004200472
 31
170.758768449
  0
ARC
  5
1359
330
A02
100
AcDbEntity
  8
f
100
AcDbCircle
 10
307.155741081
 20
-185.004200473
 30
169.758768449
 40
1.000000000
100
AcDbArc
 50
90.000000000
 51
-89.999999931
  0
LINE
  5
135A
330
A02
100
AcDbEntity
  8
f
100
AcDbLine
 10
307.155741082
 20
-186.004200473
 30
169.758768449
 11
307.155741082
 21
-186.004200473
 31
156.587960543
  0
ARC
  5
135B
330
A02
100
AcDbEntity
  8
f
100
AcDbCircle
 10
307.155741081
 20
-185.004200473
 30
156.587960543
 40
0.897667610
100
AcDbArc
 50
-89.999999931
 51
90.000000069
  0
LINE
  5
135C
330
A02
100
AcDbEntity
  8
f
100
AcDbLine
 10
307.155741081
 20
-185.004200473
 30
288.258768449
 11
307.155741071
 21
-176.574894698
 31
288.258768445
  0
ARC
  5
135D
330
A02
100
AcDbEntity
  8
f
100
AcDbCircle
 10
307.155741071
 20
-176.574894698
 30
289.258768445
 40
0.000000001
100
AcDbArc
 50
90.000000000
 51
-90.000000000
  0
LINE
  5
135E
330
A02
100
AcDbEntity
  8
f
100
AcDbLine
 10
307.155741071
 20
-176.574894697
 30
290.258768445
 11
307.155741081
 21
-185.004200472
 31
290.258768449
  0
ARC
  5
135F
330
A02
100
AcDbEntity
  8
f
100
AcDbCircle
 10
307.155741081
 20
-185.004200473
 30
289.258768449
 40
0.000000001
100
AcDbArc
 50
-90.000000000
 51
90.000000000
  0
LINE
  5
1360
330
A02
100
AcDbEntity
  8
f
100
AcDbLine
 10
307.155741081
 20
-185.004200473
 30
365.258768449
 11
307.155741071
 21
-176.574894655
 31
365.258768445
  0
ARC
  5
1361
330
A02
100
AcDbEntity
  8
f
100
AcDbCircle
 10
307.155741071
 20
-176.574894654
 30
366.258768445
 40
0.000000001
100
AcDbArc
 50
90.000000000
 51
-90.000000000
  0
LINE
  5
1362
330
A02
100
AcDbEntity
  8
f
100
AcDbLine
 10
307.155741071
 20
-176.574894654
 30
367.258768445
 11
307.155741081
 21
-185.004200472
 31
367.258768449
  0
ARC
  5
1363
330
A02
100
AcDbEntity
  8
f
100
AcDbCircle
 10
307.155741081
 20
-185.004200473
 30
366.258768449
 40
0.000000001
100
AcDbArc
 50
-90.000000000
 51
90.000000000
  0
LINE
  5
1364
330
A02
100
AcDbEntity
  8
f
100
AcDbLine
 10
307.155741081
 20
-185.004200473
 30
172.758768449
 11
307.155741071
 21
-176.574894764
 31
172.758768445
  0
ARC
  5
1365
330
A02
100
AcDbEntity
  8
f
100
AcDbCircle
 10
307.155741071
 20
-176.574894763
 30
173.758768445
 40
0.000000001
100
AcDbArc
 50
90.000000000
 51
-90.000000000
  0
LINE
  5
1366
330
A02
100
AcDbEntity
  8
f
100
AcDbLine
 10
307.155741071
 20
-176.574894763
 30
174.758768445
 11
307.155741081
 21
-185.004200472
 31
174.758768449
  0
ARC
  5
1367
330
A02
100
AcDbEntity
  8
f
100
AcDbCircle
 10
307.155741081
 20
-185.004200473
 30
173.758768449
 40
0.000000001
100
AcDbArc
 50
-90.000000000
 51
90.000000000
  0
LINE
  5
1368
330
A02
100
AcDbEntity
  8
f
100
AcDbLine
 10
307.155741080
 20
-184.106532862
 30
2.147287530
 11
307.155741072
 21
-177.640863606
 31
15.318095255
  0
ARC
  5
1369
330
A02
100
AcDbEntity
  8
f
100
AcDbCircle
 10
307.155741073
 20
-178.538531217
 30
15.758768446
 40
0.000000001
100
AcDbArc
 50
90.000000000
 51
90.000000069
  0
LINE
  5
136A
330
A02
100
AcDbEntity
  8
f
100
AcDbLine
 10
307.155741073
 20
-178.538531216
 30
16.758768446
 11
307.155741081
 21
-185.004200472
 31
16.758768449
  0
ARC
  5
136B
330
A02
100
AcDbEntity
  8
f
100
AcDbCircle
 10
307.155741081
 20
-185.004200473
 30
15.758768449
 40
1.000000000
100
AcDbArc
 50
90.000000000
 51
-89.999999931
  0
LINE
  5
136C
330
A02
100
AcDbEntity
  8
f
100
AcDbLine
 10
307.155741082
 20
-186.004200473
 30
15.758768449
 11
307.155741082
 21
-186.004200473
 31
2.587960721
  0
ARC
  5
136D
330
A02
100
AcDbEntity
  8
f
100
AcDbCircle
 10
307.155741081
 20
-185.004200473
 30
2.587960721
 40
0.897667610
100
AcDbArc
 50
-89.999999931
 51
90.000000069
  0
LINE
  5
136E
330
A02
100
AcDbEntity
  8
f
100
AcDbLine
 10
307.155740738
 20
101.212873140
 30
365.818095096
 11
307.155740722
 21
114.098131917
 31
339.570345699
  0
ARC
  5
136F
330
A02
100
AcDbEntity
  8
f
100
AcDbCircle
 10
307.155740721
 20
114.995799527
 30
340.011018889
 40
1.000000000
100
AcDbArc
 50
90.000000069
 51
-89.999999931
  0
LINE
  5
1370
330
A02
100
AcDbEntity
  8
f
100
AcDbLine
 10
307.155740720
 20
115.995799527
 30
366.258768279
 11
307.155740720
 21
115.995799527
 31
340.011018889
  0
ARC
  5
1371
330
A02
100
AcDbEntity
  8
f
100
AcDbCircle
 10
307.155740721
 20
114.995799527
 30
366.258768279
 40
0.000000001
100
AcDbArc
 50
90.000000069
 51
90.000000000
  0
LINE
  5
1372
330
A02
100
AcDbEntity
  8
f
100
AcDbLine
 10
307.155740721
 20
114.995799528
 30
367.258768279
 11
307.155740737
 21
102.110540752
 31
367.258768286
  0
ARC
  5
1373
330
A02
100
AcDbEntity
  8
f
100
AcDbCircle
 10
307.155740737
 20
102.110540751
 30
366.258768286
 40
0.897667611
100
AcDbArc
 50
90.000000000
 51
-89.999999931
  0
LINE
  5
1374
330
A02
100
AcDbEntity
  8
f
100
AcDbLine
 10
307.155740730
 20
107.632501824
 30
323.318095093
 11
307.155740722
 21
114.098131917
 31
310.147367106
  0
ARC
  5
1375
330
A02
100
AcDbEntity
  8
f
100
AcDbCircle
 10
307.155740721
 20
114.995799527
 30
310.588040297
 40
1.000000000
100
AcDbArc
 50
90.000000069
 51
-89.999999931
  0
LINE
  5
1376
330
A02
100
AcDbEntity
  8
f
100
AcDbLine
 10
307.155740720
 20
115.995799527
 30
323.758768279
 11
307.155740720
 21
115.995799527
 31
310.588040297
  0
ARC
  5
1377
330
A02
100
AcDbEntity
  8
f
100
AcDbCircle
 10
307.155740721
 20
114.995799527
 30
323.758768279
 40
0.000000001
100
AcDbArc
 50
90.000000069
 51
90.000000000
  0
LINE
  5
1378
330
A02
100
AcDbEntity
  8
f
100
AcDbLine
 10
307.155740721
 20
114.995799528
 30
324.758768279
 11
307.155740729
 21
108.530169435
 31
324.758768283
  0
ARC
  5
1379
330
A02
100
AcDbEntity
  8
f
100
AcDbCircle
 10
307.155740729
 20
108.530169434
 30
323.758768283
 40
0.897667611
100
AcDbArc
 50
90.000000000
 51
-89.999999931
  0
LINE
  5
137A
330
A02
100
AcDbEntity
  8
f
100
AcDbLine
 10
307.155740738
 20
101.212873009
 30
134.818095096
 11
307.155740722
 21
114.098131917
 31
108.570345432
  0
ARC
  5
137B
330
A02
100
AcDbEntity
  8
f
100
AcDbCircle
 10
307.155740721
 20
114.995799527
 30
109.011018622
 40
1.000000000
100
AcDbArc
 50
90.000000069
 51
-89.999999931
  0
LINE
  5
137C
330
A02
100
AcDbEntity
  8
f
100
AcDbLine
 10
307.155740720
 20
115.995799527
 30
135.258768279
 11
307.155740720
 21
115.995799527
 31
109.011018622
  0
ARC
  5
137D
330
A02
100
AcDbEntity
  8
f
100
AcDbCircle
 10
307.155740721
 20
114.995799527
 30
135.258768279
 40
0.000000001
100
AcDbArc
 50
90.000000069
 51
90.000000000
  0
LINE
  5
137E
330
A02
100
AcDbEntity
  8
f
100
AcDbLine
 10
307.155740721
 20
114.995799528
 30
136.258768279
 11
307.155740737
 21
102.110540620
 31
136.258768286
  0
ARC
  5
137F
330
A02
100
AcDbEntity
  8
f
100
AcDbCircle
 10
307.155740737
 20
102.110540620
 30
135.258768286
 40
0.897667611
100
AcDbArc
 50
90.000000000
 51
-89.999999931
  0
LINE
  5
1380
330
A02
100
AcDbEntity
  8
f
100
AcDbLine
 10
307.155740730
 20
107.632501692
 30
92.318095093
 11
307.155740722
 21
114.098131916
 31
79.147366840
  0
ARC
  5
1381
330
A02
100
AcDbEntity
  8
f
100
AcDbCircle
 10
307.155740721
 20
114.995799527
 30
79.588040029
 40
1.000000000
100
AcDbArc
 50
90.000000069
 51
-89.999999931
  0
LINE
  5
1382
330
A02
100
AcDbEntity
  8
f
100
AcDbLine
 10
307.155740720
 20
115.995799527
 30
92.758768279
 11
307.155740720
 21
115.995799527
 31
79.588040029
  0
ARC
  5
1383
330
A02
100
AcDbEntity
  8
f
100
AcDbCircle
 10
307.155740721
 20
114.995799527
 30
92.758768279
 40
0.000000001
100
AcDbArc
 50
90.000000069
 51
90.000000000
  0
LINE
  5
1384
330
A02
100
AcDbEntity
  8
f
100
AcDbLine
 10
307.155740721
 20
114.995799528
 30
93.758768279
 11
307.155740729
 21
108.530169304
 31
93.758768283
  0
ARC
  5
1385
330
A02
100
AcDbEntity
  8
f
100
AcDbCircle
 10
307.155740729
 20
108.530169303
 30
92.758768283
 40
0.897667611
100
AcDbArc
 50
90.000000000
 51
-89.999999931
  0
LINE
  5
1386
330
A02
100
AcDbEntity
  8
f
100
AcDbLine
 10
307.155740738
 20
101.212872965
 30
57.818095096
 11
307.155740722
 21
114.098131917
 31
31.570345343
  0
ARC
  5
1387
330
A02
100
AcDbEntity
  8
f
100
AcDbCircle
 10
307.155740721
 20
114.995799527
 30
32.011018533
 40
1.000000000
100
AcDbArc
 50
90.000000069
 51
-89.999999931
  0
LINE
  5
1388
330
A02
100
AcDbEntity
  8
f
100
AcDbLine
 10
307.155740720
 20
115.995799527
 30
58.258768279
 11
307.155740720
 21
115.995799527
 31
32.011018533
  0
ARC
  5
1389
330
A02
100
AcDbEntity
  8
f
100
AcDbCircle
 10
307.155740721
 20
114.995799527
 30
58.258768279
 40
0.000000001
100
AcDbArc
 50
90.000000069
 51
90.000000000
  0
LINE
  5
138A
330
A02
100
AcDbEntity
  8
f
100
AcDbLine
 10
307.155740721
 20
114.995799528
 30
59.258768279
 11
307.155740737
 21
102.110540577
 31
59.258768286
  0
ARC
  5
138B
330
A02
100
AcDbEntity
  8
f
100
AcDbCircle
 10
307.155740737
 20
102.110540576
 30
58.258768286
 40
0.897667611
100
AcDbArc
 50
90.000000000
 51
-89.999999931
  0
LINE
  5
138C
330
A02
100
AcDbEntity
  8
f
100
AcDbLine
 10
307.155740730
 20
107.632501649
 30
15.318095093
 11
307.155740722
 21
114.098131917
 31
2.147366750
  0
ARC
  5
138D
330
A02
100
AcDbEntity
  8
f
100
AcDbCircle
 10
307.155740721
 20
114.995799527
 30
2.588039940
 40
1.000000000
100
AcDbArc
 50
90.000000069
 51
-89.999999931
  0
LINE
  5
138E
330
A02
100
AcDbEntity
  8
f
100
AcDbLine
 10
307.155740720
 20
115.995799527
 30
15.758768279
 11
307.155740720
 21
115.995799527
 31
2.588039940
  0
ARC
  5
138F
330
A02
100
AcDbEntity
  8
f
100
AcDbCircle
 10
307.155740721
 20
114.995799527
 30
15.758768279
 40
0.000000001
100
AcDbArc
 50
90.000000069
 51
90.000000000
  0
LINE
  5
1390
330
A02
100
AcDbEntity
  8
f
100
AcDbLine
 10
307.155740721
 20
114.995799528
 30
16.758768279
 11
307.155740729
 21
108.530169260
 31
16.758768283
  0
ARC
  5
1391
330
A02
100
AcDbEntity
  8
f
100
AcDbCircle
 10
307.155740729
 20
108.530169260
 30
15.758768283
 40
0.897667611
100
AcDbArc
 50
90.000000000
 51
-89.999999931
  0
LINE
  5
1392
330
A02
100
AcDbEntity
  8
f
100
AcDbLine
 10
307.155741080
 20
-184.106532862
 30
-6.929733900
 11
307.155741064
 21
-171.221234897
 31
19.318095251
  0
ARC
  5
1393
330
A02
100
AcDbEntity
  8
f
100
AcDbCircle
 10
307.155741065
 20
-172.118902507
 30
19.758768442
 40
0.897667610
100
AcDbArc
 50
-89.999999931
 51
90.000000069
  0
LINE
  5
1394
330
A02
100
AcDbEntity
  8
f
100
AcDbLine
 10
307.155741066
 20
-173.016570117
 30
20.199441633
 11
307.155741082
 21
-185.901868083
 31
-6.048387518
  0
ARC
  5
1395
330
A02
100
AcDbEntity
  8
f
100
AcDbCircle
 10
307.155741081
 20
-185.004200473
 30
-6.489060709
 40
0.897667610
100
AcDbArc
 50
-89.999999931
 51
90.000000069
  0
LINE
  5
1396
330
A02
100
AcDbEntity
  8
f
100
AcDbLine
 10
307.155741080
 20
-184.106532862
 30
185.570265877
 11
307.155741064
 21
-171.221234787
 31
211.818095251
  0
ARC
  5
1397
330
A02
100
AcDbEntity
  8
f
100
AcDbCircle
 10
307.155741065
 20
-172.118902398
 30
212.258768442
 40
0.000000001
100
AcDbArc
 50
90.000000000
 51
90.000000069
  0
LINE
  5
1398
330
A02
100
AcDbEntity
  8
f
100
AcDbLine
 10
307.155741065
 20
-172.118902397
 30
213.258768442
 11
307.155741081
 21
-185.004200472
 31
213.258768449
  0
ARC
  5
1399
330
A02
100
AcDbEntity
  8
f
100
AcDbCircle
 10
307.155741081
 20
-185.004200473
 30
212.258768449
 40
1.000000000
100
AcDbArc
 50
90.000000000
 51
-89.999999931
  0
LINE
  5
139A
330
A02
100
AcDbEntity
  8
f
100
AcDbLine
 10
307.155741082
 20
-186.004200473
 30
212.258768449
 11
307.155741082
 21
-186.004200473
 31
186.010939068
  0
ARC
  5
139B
330
A02
100
AcDbEntity
  8
f
100
AcDbCircle
 10
307.155741081
 20
-185.004200473
 30
186.010939068
 40
0.897667610
100
AcDbArc
 50
-89.999999931
 51
90.000000069
  0
ENDSEC
  0
SECTION
  2
OBJECTS
  0
DICTIONARY
  5
F000
330
0
100
AcDbDictionary
  3
ACAD_GROUP
350
F001
  0
DICTIONARY
  5
F001
330
F000
100
AcDbDictionary
  0
ENDSEC
  0
EOF