ISO-10303-21;
HEADER;
FILE_DESCRIPTION(('FreeCAD Model'),'2;1');
FILE_NAME('Open CASCADE Shape Model','2026-10-02T13:59:36',('FreeCAD'),(
    'FreeCAD'),'Open CASCADE STEP processor 7.8','FreeCAD','Unknown');
FILE_SCHEMA(('AUTOMOTIVE_DESIGN { 1 0 10303 214 1 1 1 1 }'));
ENDSEC;
DATA;
#1 = APPLICATION_PROTOCOL_DEFINITION('international standard',
  'automotive_design',2000,#2);
#2 = APPLICATION_CONTEXT(
  'core data for automotive mechanical design processes');
#3 = SHAPE_DEFINITION_REPRESENTATION(#4,#10);
#4 = PRODUCT_DEFINITION_SHAPE('','',#5);
#5 = PRODUCT_DEFINITION('design','',#6,#9);
#6 = PRODUCT_DEFINITION_FORMATION('','',#7);
#7 = PRODUCT('Open CASCADE STEP translator 7.8 3',
  'Open CASCADE STEP translator 7.8 3','',(#8));
#8 = PRODUCT_CONTEXT('',#2,'mechanical');
#9 = PRODUCT_DEFINITION_CONTEXT('part definition',#2,'design');
#10 = ADVANCED_BREP_SHAPE_REPRESENTATION('',(#11,#15),#12844);
#11 = AXIS2_PLACEMENT_3D('',#12,#13,#14);
#12 = CARTESIAN_POINT('',(0.,0.,0.));
#13 = DIRECTION('',(0.,0.,1.));
#14 = DIRECTION('',(1.,0.,-0.));
#15 = BREP_WITH_VOIDS('',#16,(#6742,#6892,#7042,#7192,#7342,#7492,#7642,
    #7957,#8107,#8257,#8473,#8788,#9070,#9418,#9568,#9718,#10033,#10381,
    #10531,#10681,#10831,#10981,#11131,#11281,#11431,#11581,#11731,
    #11980,#12196,#12445,#12595));
#16 = CLOSED_SHELL('',(#17,#57,#88,#119,#150,#181,#212,#252,#283,#314,
    #345,#376,#407,#447,#478,#518,#549,#589,#620,#676,#707,#738,#785,
    #841,#872,#1597,#1628,#1652,#1779,#1791,#1823,#1847,#1872,#1889,
    #1914,#1952,#1976,#2000,#2017,#2048,#2072,#2089,#2120,#2137,#2168,
    #2199,#2230,#2254,#2278,#2295,#2312,#2329,#2360,#2384,#2518,#2535,
    #2559,#2583,#2614,#2709,#2733,#2757,#2845,#2876,#2916,#3100,#3124,
    #3155,#3172,#3189,#3206,#3223,#3248,#3260,#3270,#3282,#3320,#3351,
    #3382,#3413,#3459,#3471,#3543,#3567,#3591,#3615,#3687,#3718,#3781,
    #3821,#3868,#3890,#3907,#3924,#3941,#3958,#3975,#3992,#4009,#4021,
    #4068,#4092,#4116,#4140,#4180,#4204,#4228,#4252,#4292,#4316,#4340,
    #4364,#4388,#4412,#4468,#4492,#4516,#4540,#4596,#4620,#4644,#4661,
    #4692,#4701,#4732,#4749,#4780,#4811,#4842,#4873,#4904,#4935,#4966,
    #4990,#5014,#5031,#5062,#5086,#5140,#5157,#5182,#5199,#5255,#5279,
    #5303,#5320,#5346,#5400,#5424,#5448,#5465,#5503,#5520,#5544,#5568,
    #5592,#5616,#5633,#5657,#5688,#5719,#5750,#5762,#5786,#5798,#5810,
    #5873,#5904,#5928,#5952,#5976,#6000,#6017,#6039,#6060,#6072,#6094,
    #6116,#6135,#6154,#6180,#6198,#6221,#6237,#6253,#6269,#6285,#6304,
    #6320,#6344,#6366,#6388,#6410,#6434,#6458,#6480,#6494,#6508,#6522,
    #6536,#6550,#6564,#6578,#6592,#6606,#6624,#6638,#6652,#6668,#6682,
    #6696,#6710,#6726));
#17 = ADVANCED_FACE('',(#18),#52,.T.);
#18 = FACE_BOUND('',#19,.T.);
#19 = EDGE_LOOP('',(#20,#30,#38,#46));
#20 = ORIENTED_EDGE('',*,*,#21,.F.);
#21 = EDGE_CURVE('',#22,#24,#26,.T.);
#22 = VERTEX_POINT('',#23);
#23 = CARTESIAN_POINT('',(109.,69.5,10.));
#24 = VERTEX_POINT('',#25);
#25 = CARTESIAN_POINT('',(109.,75.7,10.));
#26 = LINE('',#27,#28);
#27 = CARTESIAN_POINT('',(109.,69.5,10.));
#28 = VECTOR('',#29,1.);
#29 = DIRECTION('',(-0.,1.,0.));
#30 = ORIENTED_EDGE('',*,*,#31,.T.);
#31 = EDGE_CURVE('',#22,#32,#34,.T.);
#32 = VERTEX_POINT('',#33);
#33 = CARTESIAN_POINT('',(232.35,69.5,10.));
#34 = LINE('',#35,#36);
#35 = CARTESIAN_POINT('',(104.,69.5,10.));
#36 = VECTOR('',#37,1.);
#37 = DIRECTION('',(1.,0.,-0.));
#38 = ORIENTED_EDGE('',*,*,#39,.T.);
#39 = EDGE_CURVE('',#32,#40,#42,.T.);
#40 = VERTEX_POINT('',#41);
#41 = CARTESIAN_POINT('',(232.35,75.7,10.));
#42 = LINE('',#43,#44);
#43 = CARTESIAN_POINT('',(232.35,69.5,10.));
#44 = VECTOR('',#45,1.);
#45 = DIRECTION('',(-0.,1.,0.));
#46 = ORIENTED_EDGE('',*,*,#47,.F.);
#47 = EDGE_CURVE('',#24,#40,#48,.T.);
#48 = LINE('',#49,#50);
#49 = CARTESIAN_POINT('',(104.,75.7,10.));
#50 = VECTOR('',#51,1.);
#51 = DIRECTION('',(1.,0.,-0.));
#52 = PLANE('',#53);
#53 = AXIS2_PLACEMENT_3D('',#54,#55,#56);
#54 = CARTESIAN_POINT('',(104.,69.5,10.));
#55 = DIRECTION('',(0.,0.,1.));
#56 = DIRECTION('',(1.,0.,-0.));
#57 = ADVANCED_FACE('',(#58),#83,.T.);
#58 = FACE_BOUND('',#59,.T.);
#59 = EDGE_LOOP('',(#60,#68,#69,#77));
#60 = ORIENTED_EDGE('',*,*,#61,.F.);
#61 = EDGE_CURVE('',#22,#62,#64,.T.);
#62 = VERTEX_POINT('',#63);
#63 = CARTESIAN_POINT('',(109.,69.5,14.6));
#64 = LINE('',#65,#66);
#65 = CARTESIAN_POINT('',(109.,69.5,1.6));
#66 = VECTOR('',#67,1.);
#67 = DIRECTION('',(0.,0.,1.));
#68 = ORIENTED_EDGE('',*,*,#21,.T.);
#69 = ORIENTED_EDGE('',*,*,#70,.T.);
#70 = EDGE_CURVE('',#24,#71,#73,.T.);
#71 = VERTEX_POINT('',#72);
#72 = CARTESIAN_POINT('',(109.,75.7,14.6));
#73 = LINE('',#74,#75);
#74 = CARTESIAN_POINT('',(109.,75.7,1.6));
#75 = VECTOR('',#76,1.);
#76 = DIRECTION('',(0.,0.,1.));
#77 = ORIENTED_EDGE('',*,*,#78,.F.);
#78 = EDGE_CURVE('',#62,#71,#79,.T.);
#79 = LINE('',#80,#81);
#80 = CARTESIAN_POINT('',(109.,69.5,14.6));
#81 = VECTOR('',#82,1.);
#82 = DIRECTION('',(-0.,1.,0.));
#83 = PLANE('',#84);
#84 = AXIS2_PLACEMENT_3D('',#85,#86,#87);
#85 = CARTESIAN_POINT('',(109.,69.5,1.6));
#86 = DIRECTION('',(1.,0.,-0.));
#87 = DIRECTION('',(0.,0.,1.));
#88 = ADVANCED_FACE('',(#89),#114,.T.);
#89 = FACE_BOUND('',#90,.T.);
#90 = EDGE_LOOP('',(#91,#101,#107,#108));
#91 = ORIENTED_EDGE('',*,*,#92,.F.);
#92 = EDGE_CURVE('',#93,#95,#97,.T.);
#93 = VERTEX_POINT('',#94);
#94 = CARTESIAN_POINT('',(104.,69.5,14.6));
#95 = VERTEX_POINT('',#96);
#96 = CARTESIAN_POINT('',(104.,75.7,14.6));
#97 = LINE('',#98,#99);
#98 = CARTESIAN_POINT('',(104.,69.5,14.6));
#99 = VECTOR('',#100,1.);
#100 = DIRECTION('',(-0.,1.,0.));
#101 = ORIENTED_EDGE('',*,*,#102,.T.);
#102 = EDGE_CURVE('',#93,#62,#103,.T.);
#103 = LINE('',#104,#105);
#104 = CARTESIAN_POINT('',(104.,69.5,14.6));
#105 = VECTOR('',#106,1.);
#106 = DIRECTION('',(1.,0.,-0.));
#107 = ORIENTED_EDGE('',*,*,#78,.T.);
#108 = ORIENTED_EDGE('',*,*,#109,.F.);
#109 = EDGE_CURVE('',#95,#71,#110,.T.);
#110 = LINE('',#111,#112);
#111 = CARTESIAN_POINT('',(104.,75.7,14.6));
#112 = VECTOR('',#113,1.);
#113 = DIRECTION('',(1.,0.,-0.));
#114 = PLANE('',#115);
#115 = AXIS2_PLACEMENT_3D('',#116,#117,#118);
#116 = CARTESIAN_POINT('',(104.,69.5,14.6));
#117 = DIRECTION('',(0.,0.,1.));
#118 = DIRECTION('',(1.,0.,-0.));
#119 = ADVANCED_FACE('',(#120),#145,.F.);
#120 = FACE_BOUND('',#121,.F.);
#121 = EDGE_LOOP('',(#122,#130,#131,#139));
#122 = ORIENTED_EDGE('',*,*,#123,.F.);
#123 = EDGE_CURVE('',#32,#124,#126,.T.);
#124 = VERTEX_POINT('',#125);
#125 = CARTESIAN_POINT('',(232.35,69.5,14.6));
#126 = LINE('',#127,#128);
#127 = CARTESIAN_POINT('',(232.35,69.5,1.6));
#128 = VECTOR('',#129,1.);
#129 = DIRECTION('',(0.,0.,1.));
#130 = ORIENTED_EDGE('',*,*,#39,.T.);
#131 = ORIENTED_EDGE('',*,*,#132,.T.);
#132 = EDGE_CURVE('',#40,#133,#135,.T.);
#133 = VERTEX_POINT('',#134);
#134 = CARTESIAN_POINT('',(232.35,75.7,14.6));
#135 = LINE('',#136,#137);
#136 = CARTESIAN_POINT('',(232.35,75.7,1.6));
#137 = VECTOR('',#138,1.);
#138 = DIRECTION('',(0.,0.,1.));
#139 = ORIENTED_EDGE('',*,*,#140,.F.);
#140 = EDGE_CURVE('',#124,#133,#141,.T.);
#141 = LINE('',#142,#143);
#142 = CARTESIAN_POINT('',(232.35,69.5,14.6));
#143 = VECTOR('',#144,1.);
#144 = DIRECTION('',(-0.,1.,0.));
#145 = PLANE('',#146);
#146 = AXIS2_PLACEMENT_3D('',#147,#148,#149);
#147 = CARTESIAN_POINT('',(232.35,69.5,1.6));
#148 = DIRECTION('',(1.,0.,-0.));
#149 = DIRECTION('',(0.,0.,1.));
#150 = ADVANCED_FACE('',(#151),#176,.T.);
#151 = FACE_BOUND('',#152,.T.);
#152 = EDGE_LOOP('',(#153,#154,#162,#170));
#153 = ORIENTED_EDGE('',*,*,#140,.F.);
#154 = ORIENTED_EDGE('',*,*,#155,.T.);
#155 = EDGE_CURVE('',#124,#156,#158,.T.);
#156 = VERTEX_POINT('',#157);
#157 = CARTESIAN_POINT('',(237.35,69.5,14.6));
#158 = LINE('',#159,#160);
#159 = CARTESIAN_POINT('',(232.35,69.5,14.6));
#160 = VECTOR('',#161,1.);
#161 = DIRECTION('',(1.,0.,-0.));
#162 = ORIENTED_EDGE('',*,*,#163,.T.);
#163 = EDGE_CURVE('',#156,#164,#166,.T.);
#164 = VERTEX_POINT('',#165);
#165 = CARTESIAN_POINT('',(237.35,75.7,14.6));
#166 = LINE('',#167,#168);
#167 = CARTESIAN_POINT('',(237.35,69.5,14.6));
#168 = VECTOR('',#169,1.);
#169 = DIRECTION('',(-0.,1.,0.));
#170 = ORIENTED_EDGE('',*,*,#171,.F.);
#171 = EDGE_CURVE('',#133,#164,#172,.T.);
#172 = LINE('',#173,#174);
#173 = CARTESIAN_POINT('',(232.35,75.7,14.6));
#174 = VECTOR('',#175,1.);
#175 = DIRECTION('',(1.,0.,-0.));
#176 = PLANE('',#177);
#177 = AXIS2_PLACEMENT_3D('',#178,#179,#180);
#178 = CARTESIAN_POINT('',(232.35,69.5,14.6));
#179 = DIRECTION('',(0.,0.,1.));
#180 = DIRECTION('',(1.,0.,-0.));
#181 = ADVANCED_FACE('',(#182),#207,.T.);
#182 = FACE_BOUND('',#183,.T.);
#183 = EDGE_LOOP('',(#184,#192,#193,#201));
#184 = ORIENTED_EDGE('',*,*,#185,.T.);
#185 = EDGE_CURVE('',#186,#93,#188,.T.);
#186 = VERTEX_POINT('',#187);
#187 = CARTESIAN_POINT('',(104.,69.5,1.6));
#188 = LINE('',#189,#190);
#189 = CARTESIAN_POINT('',(104.,69.5,1.6));
#190 = VECTOR('',#191,1.);
#191 = DIRECTION('',(0.,0.,1.));
#192 = ORIENTED_EDGE('',*,*,#92,.T.);
#193 = ORIENTED_EDGE('',*,*,#194,.F.);
#194 = EDGE_CURVE('',#195,#95,#197,.T.);
#195 = VERTEX_POINT('',#196);
#196 = CARTESIAN_POINT('',(104.,75.7,1.6));
#197 = LINE('',#198,#199);
#198 = CARTESIAN_POINT('',(104.,75.7,1.6));
#199 = VECTOR('',#200,1.);
#200 = DIRECTION('',(0.,0.,1.));
#201 = ORIENTED_EDGE('',*,*,#202,.F.);
#202 = EDGE_CURVE('',#186,#195,#203,.T.);
#203 = LINE('',#204,#205);
#204 = CARTESIAN_POINT('',(104.,69.5,1.6));
#205 = VECTOR('',#206,1.);
#206 = DIRECTION('',(-0.,1.,0.));
#207 = PLANE('',#208);
#208 = AXIS2_PLACEMENT_3D('',#209,#210,#211);
#209 = CARTESIAN_POINT('',(104.,72.6,8.1));
#210 = DIRECTION('',(-1.,-0.,-0.));
#211 = DIRECTION('',(0.,0.,-1.));
#212 = ADVANCED_FACE('',(#213),#247,.T.);
#213 = FACE_BOUND('',#214,.T.);
#214 = EDGE_LOOP('',(#215,#225,#233,#241));
#215 = ORIENTED_EDGE('',*,*,#216,.F.);
#216 = EDGE_CURVE('',#217,#219,#221,.T.);
#217 = VERTEX_POINT('',#218);
#218 = CARTESIAN_POINT('',(109.,48.5,10.));
#219 = VERTEX_POINT('',#220);
#220 = CARTESIAN_POINT('',(109.,54.7,10.));
#221 = LINE('',#222,#223);
#222 = CARTESIAN_POINT('',(109.,48.5,10.));
#223 = VECTOR('',#224,1.);
#224 = DIRECTION('',(-0.,1.,0.));
#225 = ORIENTED_EDGE('',*,*,#226,.T.);
#226 = EDGE_CURVE('',#217,#227,#229,.T.);
#227 = VERTEX_POINT('',#228);
#228 = CARTESIAN_POINT('',(232.35,48.5,10.));
#229 = LINE('',#230,#231);
#230 = CARTESIAN_POINT('',(104.,48.5,10.));
#231 = VECTOR('',#232,1.);
#232 = DIRECTION('',(1.,0.,-0.));
#233 = ORIENTED_EDGE('',*,*,#234,.T.);
#234 = EDGE_CURVE('',#227,#235,#237,.T.);
#235 = VERTEX_POINT('',#236);
#236 = CARTESIAN_POINT('',(232.35,54.7,10.));
#237 = LINE('',#238,#239);
#238 = CARTESIAN_POINT('',(232.35,48.5,10.));
#239 = VECTOR('',#240,1.);
#240 = DIRECTION('',(-0.,1.,0.));
#241 = ORIENTED_EDGE('',*,*,#242,.F.);
#242 = EDGE_CURVE('',#219,#235,#243,.T.);
#243 = LINE('',#244,#245);
#244 = CARTESIAN_POINT('',(104.,54.7,10.));
#245 = VECTOR('',#246,1.);
#246 = DIRECTION('',(1.,0.,-0.));
#247 = PLANE('',#248);
#248 = AXIS2_PLACEMENT_3D('',#249,#250,#251);
#249 = CARTESIAN_POINT('',(104.,48.5,10.));
#250 = DIRECTION('',(0.,0.,1.));
#251 = DIRECTION('',(1.,0.,-0.));
#252 = ADVANCED_FACE('',(#253),#278,.T.);
#253 = FACE_BOUND('',#254,.T.);
#254 = EDGE_LOOP('',(#255,#263,#264,#272));
#255 = ORIENTED_EDGE('',*,*,#256,.F.);
#256 = EDGE_CURVE('',#217,#257,#259,.T.);
#257 = VERTEX_POINT('',#258);
#258 = CARTESIAN_POINT('',(109.,48.5,14.6));
#259 = LINE('',#260,#261);
#260 = CARTESIAN_POINT('',(109.,48.5,1.6));
#261 = VECTOR('',#262,1.);
#262 = DIRECTION('',(0.,0.,1.));
#263 = ORIENTED_EDGE('',*,*,#216,.T.);
#264 = ORIENTED_EDGE('',*,*,#265,.T.);
#265 = EDGE_CURVE('',#219,#266,#268,.T.);
#266 = VERTEX_POINT('',#267);
#267 = CARTESIAN_POINT('',(109.,54.7,14.6));
#268 = LINE('',#269,#270);
#269 = CARTESIAN_POINT('',(109.,54.7,1.6));
#270 = VECTOR('',#271,1.);
#271 = DIRECTION('',(0.,0.,1.));
#272 = ORIENTED_EDGE('',*,*,#273,.F.);
#273 = EDGE_CURVE('',#257,#266,#274,.T.);
#274 = LINE('',#275,#276);
#275 = CARTESIAN_POINT('',(109.,48.5,14.6));
#276 = VECTOR('',#277,1.);
#277 = DIRECTION('',(-0.,1.,0.));
#278 = PLANE('',#279);
#279 = AXIS2_PLACEMENT_3D('',#280,#281,#282);
#280 = CARTESIAN_POINT('',(109.,48.5,1.6));
#281 = DIRECTION('',(1.,0.,-0.));
#282 = DIRECTION('',(0.,0.,1.));
#283 = ADVANCED_FACE('',(#284),#309,.T.);
#284 = FACE_BOUND('',#285,.T.);
#285 = EDGE_LOOP('',(#286,#296,#302,#303));
#286 = ORIENTED_EDGE('',*,*,#287,.F.);
#287 = EDGE_CURVE('',#288,#290,#292,.T.);
#288 = VERTEX_POINT('',#289);
#289 = CARTESIAN_POINT('',(104.,48.5,14.6));
#290 = VERTEX_POINT('',#291);
#291 = CARTESIAN_POINT('',(104.,54.7,14.6));
#292 = LINE('',#293,#294);
#293 = CARTESIAN_POINT('',(104.,48.5,14.6));
#294 = VECTOR('',#295,1.);
#295 = DIRECTION('',(-0.,1.,0.));
#296 = ORIENTED_EDGE('',*,*,#297,.T.);
#297 = EDGE_CURVE('',#288,#257,#298,.T.);
#298 = LINE('',#299,#300);
#299 = CARTESIAN_POINT('',(104.,48.5,14.6));
#300 = VECTOR('',#301,1.);
#301 = DIRECTION('',(1.,0.,-0.));
#302 = ORIENTED_EDGE('',*,*,#273,.T.);
#303 = ORIENTED_EDGE('',*,*,#304,.F.);
#304 = EDGE_CURVE('',#290,#266,#305,.T.);
#305 = LINE('',#306,#307);
#306 = CARTESIAN_POINT('',(104.,54.7,14.6));
#307 = VECTOR('',#308,1.);
#308 = DIRECTION('',(1.,0.,-0.));
#309 = PLANE('',#310);
#310 = AXIS2_PLACEMENT_3D('',#311,#312,#313);
#311 = CARTESIAN_POINT('',(104.,48.5,14.6));
#312 = DIRECTION('',(0.,0.,1.));
#313 = DIRECTION('',(1.,0.,-0.));
#314 = ADVANCED_FACE('',(#315),#340,.F.);
#315 = FACE_BOUND('',#316,.F.);
#316 = EDGE_LOOP('',(#317,#325,#326,#334));
#317 = ORIENTED_EDGE('',*,*,#318,.F.);
#318 = EDGE_CURVE('',#227,#319,#321,.T.);
#319 = VERTEX_POINT('',#320);
#320 = CARTESIAN_POINT('',(232.35,48.5,14.6));
#321 = LINE('',#322,#323);
#322 = CARTESIAN_POINT('',(232.35,48.5,1.6));
#323 = VECTOR('',#324,1.);
#324 = DIRECTION('',(0.,0.,1.));
#325 = ORIENTED_EDGE('',*,*,#234,.T.);
#326 = ORIENTED_EDGE('',*,*,#327,.T.);
#327 = EDGE_CURVE('',#235,#328,#330,.T.);
#328 = VERTEX_POINT('',#329);
#329 = CARTESIAN_POINT('',(232.35,54.7,14.6));
#330 = LINE('',#331,#332);
#331 = CARTESIAN_POINT('',(232.35,54.7,1.6));
#332 = VECTOR('',#333,1.);
#333 = DIRECTION('',(0.,0.,1.));
#334 = ORIENTED_EDGE('',*,*,#335,.F.);
#335 = EDGE_CURVE('',#319,#328,#336,.T.);
#336 = LINE('',#337,#338);
#337 = CARTESIAN_POINT('',(232.35,48.5,14.6));
#338 = VECTOR('',#339,1.);
#339 = DIRECTION('',(-0.,1.,0.));
#340 = PLANE('',#341);
#341 = AXIS2_PLACEMENT_3D('',#342,#343,#344);
#342 = CARTESIAN_POINT('',(232.35,48.5,1.6));
#343 = DIRECTION('',(1.,0.,-0.));
#344 = DIRECTION('',(0.,0.,1.));
#345 = ADVANCED_FACE('',(#346),#371,.T.);
#346 = FACE_BOUND('',#347,.T.);
#347 = EDGE_LOOP('',(#348,#349,#357,#365));
#348 = ORIENTED_EDGE('',*,*,#335,.F.);
#349 = ORIENTED_EDGE('',*,*,#350,.T.);
#350 = EDGE_CURVE('',#319,#351,#353,.T.);
#351 = VERTEX_POINT('',#352);
#352 = CARTESIAN_POINT('',(237.35,48.5,14.6));
#353 = LINE('',#354,#355);
#354 = CARTESIAN_POINT('',(232.35,48.5,14.6));
#355 = VECTOR('',#356,1.);
#356 = DIRECTION('',(1.,0.,-0.));
#357 = ORIENTED_EDGE('',*,*,#358,.T.);
#358 = EDGE_CURVE('',#351,#359,#361,.T.);
#359 = VERTEX_POINT('',#360);
#360 = CARTESIAN_POINT('',(237.35,54.7,14.6));
#361 = LINE('',#362,#363);
#362 = CARTESIAN_POINT('',(237.35,48.5,14.6));
#363 = VECTOR('',#364,1.);
#364 = DIRECTION('',(-0.,1.,0.));
#365 = ORIENTED_EDGE('',*,*,#366,.F.);
#366 = EDGE_CURVE('',#328,#359,#367,.T.);
#367 = LINE('',#368,#369);
#368 = CARTESIAN_POINT('',(232.35,54.7,14.6));
#369 = VECTOR('',#370,1.);
#370 = DIRECTION('',(1.,0.,-0.));
#371 = PLANE('',#372);
#372 = AXIS2_PLACEMENT_3D('',#373,#374,#375);
#373 = CARTESIAN_POINT('',(232.35,48.5,14.6));
#374 = DIRECTION('',(0.,0.,1.));
#375 = DIRECTION('',(1.,0.,-0.));
#376 = ADVANCED_FACE('',(#377),#402,.T.);
#377 = FACE_BOUND('',#378,.T.);
#378 = EDGE_LOOP('',(#379,#387,#388,#396));
#379 = ORIENTED_EDGE('',*,*,#380,.T.);
#380 = EDGE_CURVE('',#381,#288,#383,.T.);
#381 = VERTEX_POINT('',#382);
#382 = CARTESIAN_POINT('',(104.,48.5,1.6));
#383 = LINE('',#384,#385);
#384 = CARTESIAN_POINT('',(104.,48.5,1.6));
#385 = VECTOR('',#386,1.);
#386 = DIRECTION('',(0.,0.,1.));
#387 = ORIENTED_EDGE('',*,*,#287,.T.);
#388 = ORIENTED_EDGE('',*,*,#389,.F.);
#389 = EDGE_CURVE('',#390,#290,#392,.T.);
#390 = VERTEX_POINT('',#391);
#391 = CARTESIAN_POINT('',(104.,54.7,1.6));
#392 = LINE('',#393,#394);
#393 = CARTESIAN_POINT('',(104.,54.7,1.6));
#394 = VECTOR('',#395,1.);
#395 = DIRECTION('',(0.,0.,1.));
#396 = ORIENTED_EDGE('',*,*,#397,.F.);
#397 = EDGE_CURVE('',#381,#390,#398,.T.);
#398 = LINE('',#399,#400);
#399 = CARTESIAN_POINT('',(104.,48.5,1.6));
#400 = VECTOR('',#401,1.);
#401 = DIRECTION('',(-0.,1.,0.));
#402 = PLANE('',#403);
#403 = AXIS2_PLACEMENT_3D('',#404,#405,#406);
#404 = CARTESIAN_POINT('',(104.,51.6,8.1));
#405 = DIRECTION('',(-1.,-0.,-0.));
#406 = DIRECTION('',(0.,0.,-1.));
#407 = ADVANCED_FACE('',(#408),#442,.T.);
#408 = FACE_BOUND('',#409,.T.);
#409 = EDGE_LOOP('',(#410,#420,#428,#436));
#410 = ORIENTED_EDGE('',*,*,#411,.F.);
#411 = EDGE_CURVE('',#412,#414,#416,.T.);
#412 = VERTEX_POINT('',#413);
#413 = CARTESIAN_POINT('',(212.,259.84,17.6));
#414 = VERTEX_POINT('',#415);
#415 = CARTESIAN_POINT('',(212.,268.24,17.6));
#416 = LINE('',#417,#418);
#417 = CARTESIAN_POINT('',(212.,259.84,17.6));
#418 = VECTOR('',#419,1.);
#419 = DIRECTION('',(-0.,1.,0.));
#420 = ORIENTED_EDGE('',*,*,#421,.T.);
#421 = EDGE_CURVE('',#412,#422,#424,.T.);
#422 = VERTEX_POINT('',#423);
#423 = CARTESIAN_POINT('',(218.,259.84,17.6));
#424 = LINE('',#425,#426);
#425 = CARTESIAN_POINT('',(212.,259.84,17.6));
#426 = VECTOR('',#427,1.);
#427 = DIRECTION('',(1.,0.,-0.));
#428 = ORIENTED_EDGE('',*,*,#429,.T.);
#429 = EDGE_CURVE('',#422,#430,#432,.T.);
#430 = VERTEX_POINT('',#431);
#431 = CARTESIAN_POINT('',(218.,268.24,17.6));
#432 = LINE('',#433,#434);
#433 = CARTESIAN_POINT('',(218.,259.84,17.6));
#434 = VECTOR('',#435,1.);
#435 = DIRECTION('',(-0.,1.,0.));
#436 = ORIENTED_EDGE('',*,*,#437,.F.);
#437 = EDGE_CURVE('',#414,#430,#438,.T.);
#438 = LINE('',#439,#440);
#439 = CARTESIAN_POINT('',(212.,268.24,17.6));
#440 = VECTOR('',#441,1.);
#441 = DIRECTION('',(1.,0.,-0.));
#442 = PLANE('',#443);
#443 = AXIS2_PLACEMENT_3D('',#444,#445,#446);
#444 = CARTESIAN_POINT('',(212.,259.84,17.6));
#445 = DIRECTION('',(0.,0.,1.));
#446 = DIRECTION('',(1.,0.,-0.));
#447 = ADVANCED_FACE('',(#448),#473,.T.);
#448 = FACE_BOUND('',#449,.T.);
#449 = EDGE_LOOP('',(#450,#458,#466,#472));
#450 = ORIENTED_EDGE('',*,*,#451,.F.);
#451 = EDGE_CURVE('',#452,#422,#454,.T.);
#452 = VERTEX_POINT('',#453);
#453 = CARTESIAN_POINT('',(218.,259.84,13.1));
#454 = LINE('',#455,#456);
#455 = CARTESIAN_POINT('',(218.,259.84,1.6));
#456 = VECTOR('',#457,1.);
#457 = DIRECTION('',(0.,0.,1.));
#458 = ORIENTED_EDGE('',*,*,#459,.T.);
#459 = EDGE_CURVE('',#452,#460,#462,.T.);
#460 = VERTEX_POINT('',#461);
#461 = CARTESIAN_POINT('',(218.,268.24,13.1));
#462 = LINE('',#463,#464);
#463 = CARTESIAN_POINT('',(218.,259.84,13.1));
#464 = VECTOR('',#465,1.);
#465 = DIRECTION('',(-0.,1.,0.));
#466 = ORIENTED_EDGE('',*,*,#467,.T.);
#467 = EDGE_CURVE('',#460,#430,#468,.T.);
#468 = LINE('',#469,#470);
#469 = CARTESIAN_POINT('',(218.,268.24,1.6));
#470 = VECTOR('',#471,1.);
#471 = DIRECTION('',(0.,0.,1.));
#472 = ORIENTED_EDGE('',*,*,#429,.F.);
#473 = PLANE('',#474);
#474 = AXIS2_PLACEMENT_3D('',#475,#476,#477);
#475 = CARTESIAN_POINT('',(218.,259.84,1.6));
#476 = DIRECTION('',(1.,0.,-0.));
#477 = DIRECTION('',(0.,0.,1.));
#478 = ADVANCED_FACE('',(#479),#513,.T.);
#479 = FACE_BOUND('',#480,.T.);
#480 = EDGE_LOOP('',(#481,#491,#499,#507));
#481 = ORIENTED_EDGE('',*,*,#482,.F.);
#482 = EDGE_CURVE('',#483,#485,#487,.T.);
#483 = VERTEX_POINT('',#484);
#484 = CARTESIAN_POINT('',(212.,219.2,17.6));
#485 = VERTEX_POINT('',#486);
#486 = CARTESIAN_POINT('',(212.,227.6,17.6));
#487 = LINE('',#488,#489);
#488 = CARTESIAN_POINT('',(212.,219.2,17.6));
#489 = VECTOR('',#490,1.);
#490 = DIRECTION('',(-0.,1.,0.));
#491 = ORIENTED_EDGE('',*,*,#492,.T.);
#492 = EDGE_CURVE('',#483,#493,#495,.T.);
#493 = VERTEX_POINT('',#494);
#494 = CARTESIAN_POINT('',(218.,219.2,17.6));
#495 = LINE('',#496,#497);
#496 = CARTESIAN_POINT('',(212.,219.2,17.6));
#497 = VECTOR('',#498,1.);
#498 = DIRECTION('',(1.,0.,-0.));
#499 = ORIENTED_EDGE('',*,*,#500,.T.);
#500 = EDGE_CURVE('',#493,#501,#503,.T.);
#501 = VERTEX_POINT('',#502);
#502 = CARTESIAN_POINT('',(218.,227.6,17.6));
#503 = LINE('',#504,#505);
#504 = CARTESIAN_POINT('',(218.,219.2,17.6));
#505 = VECTOR('',#506,1.);
#506 = DIRECTION('',(-0.,1.,0.));
#507 = ORIENTED_EDGE('',*,*,#508,.F.);
#508 = EDGE_CURVE('',#485,#501,#509,.T.);
#509 = LINE('',#510,#511);
#510 = CARTESIAN_POINT('',(212.,227.6,17.6));
#511 = VECTOR('',#512,1.);
#512 = DIRECTION('',(1.,0.,-0.));
#513 = PLANE('',#514);
#514 = AXIS2_PLACEMENT_3D('',#515,#516,#517);
#515 = CARTESIAN_POINT('',(212.,219.2,17.6));
#516 = DIRECTION('',(0.,0.,1.));
#517 = DIRECTION('',(1.,0.,-0.));
#518 = ADVANCED_FACE('',(#519),#544,.T.);
#519 = FACE_BOUND('',#520,.T.);
#520 = EDGE_LOOP('',(#521,#529,#537,#543));
#521 = ORIENTED_EDGE('',*,*,#522,.F.);
#522 = EDGE_CURVE('',#523,#493,#525,.T.);
#523 = VERTEX_POINT('',#524);
#524 = CARTESIAN_POINT('',(218.,219.2,13.1));
#525 = LINE('',#526,#527);
#526 = CARTESIAN_POINT('',(218.,219.2,1.6));
#527 = VECTOR('',#528,1.);
#528 = DIRECTION('',(0.,0.,1.));
#529 = ORIENTED_EDGE('',*,*,#530,.T.);
#530 = EDGE_CURVE('',#523,#531,#533,.T.);
#531 = VERTEX_POINT('',#532);
#532 = CARTESIAN_POINT('',(218.,227.6,13.1));
#533 = LINE('',#534,#535);
#534 = CARTESIAN_POINT('',(218.,219.2,13.1));
#535 = VECTOR('',#536,1.);
#536 = DIRECTION('',(-0.,1.,0.));
#537 = ORIENTED_EDGE('',*,*,#538,.T.);
#538 = EDGE_CURVE('',#531,#501,#539,.T.);
#539 = LINE('',#540,#541);
#540 = CARTESIAN_POINT('',(218.,227.6,1.6));
#541 = VECTOR('',#542,1.);
#542 = DIRECTION('',(0.,0.,1.));
#543 = ORIENTED_EDGE('',*,*,#500,.F.);
#544 = PLANE('',#545);
#545 = AXIS2_PLACEMENT_3D('',#546,#547,#548);
#546 = CARTESIAN_POINT('',(218.,219.2,1.6));
#547 = DIRECTION('',(1.,0.,-0.));
#548 = DIRECTION('',(0.,0.,1.));
#549 = ADVANCED_FACE('',(#550),#584,.T.);
#550 = FACE_BOUND('',#551,.T.);
#551 = EDGE_LOOP('',(#552,#562,#570,#578));
#552 = ORIENTED_EDGE('',*,*,#553,.F.);
#553 = EDGE_CURVE('',#554,#556,#558,.T.);
#554 = VERTEX_POINT('',#555);
#555 = CARTESIAN_POINT('',(212.,56.64,17.6));
#556 = VERTEX_POINT('',#557);
#557 = CARTESIAN_POINT('',(212.,65.04,17.6));
#558 = LINE('',#559,#560);
#559 = CARTESIAN_POINT('',(212.,56.64,17.6));
#560 = VECTOR('',#561,1.);
#561 = DIRECTION('',(-0.,1.,0.));
#562 = ORIENTED_EDGE('',*,*,#563,.T.);
#563 = EDGE_CURVE('',#554,#564,#566,.T.);
#564 = VERTEX_POINT('',#565);
#565 = CARTESIAN_POINT('',(218.,56.64,17.6));
#566 = LINE('',#567,#568);
#567 = CARTESIAN_POINT('',(212.,56.64,17.6));
#568 = VECTOR('',#569,1.);
#569 = DIRECTION('',(1.,0.,-0.));
#570 = ORIENTED_EDGE('',*,*,#571,.T.);
#571 = EDGE_CURVE('',#564,#572,#574,.T.);
#572 = VERTEX_POINT('',#573);
#573 = CARTESIAN_POINT('',(218.,65.04,17.6));
#574 = LINE('',#575,#576);
#575 = CARTESIAN_POINT('',(218.,56.64,17.6));
#576 = VECTOR('',#577,1.);
#577 = DIRECTION('',(-0.,1.,0.));
#578 = ORIENTED_EDGE('',*,*,#579,.F.);
#579 = EDGE_CURVE('',#556,#572,#580,.T.);
#580 = LINE('',#581,#582);
#581 = CARTESIAN_POINT('',(212.,65.04,17.6));
#582 = VECTOR('',#583,1.);
#583 = DIRECTION('',(1.,0.,-0.));
#584 = PLANE('',#585);
#585 = AXIS2_PLACEMENT_3D('',#586,#587,#588);
#586 = CARTESIAN_POINT('',(212.,56.64,17.6));
#587 = DIRECTION('',(0.,0.,1.));
#588 = DIRECTION('',(1.,0.,-0.));
#589 = ADVANCED_FACE('',(#590),#615,.T.);
#590 = FACE_BOUND('',#591,.T.);
#591 = EDGE_LOOP('',(#592,#600,#608,#614));
#592 = ORIENTED_EDGE('',*,*,#593,.F.);
#593 = EDGE_CURVE('',#594,#564,#596,.T.);
#594 = VERTEX_POINT('',#595);
#595 = CARTESIAN_POINT('',(218.,56.64,13.1));
#596 = LINE('',#597,#598);
#597 = CARTESIAN_POINT('',(218.,56.64,1.6));
#598 = VECTOR('',#599,1.);
#599 = DIRECTION('',(0.,0.,1.));
#600 = ORIENTED_EDGE('',*,*,#601,.T.);
#601 = EDGE_CURVE('',#594,#602,#604,.T.);
#602 = VERTEX_POINT('',#603);
#603 = CARTESIAN_POINT('',(218.,65.04,13.1));
#604 = LINE('',#605,#606);
#605 = CARTESIAN_POINT('',(218.,56.64,13.1));
#606 = VECTOR('',#607,1.);
#607 = DIRECTION('',(-0.,1.,0.));
#608 = ORIENTED_EDGE('',*,*,#609,.T.);
#609 = EDGE_CURVE('',#602,#572,#610,.T.);
#610 = LINE('',#611,#612);
#611 = CARTESIAN_POINT('',(218.,65.04,1.6));
#612 = VECTOR('',#613,1.);
#613 = DIRECTION('',(0.,0.,1.));
#614 = ORIENTED_EDGE('',*,*,#571,.F.);
#615 = PLANE('',#616);
#616 = AXIS2_PLACEMENT_3D('',#617,#618,#619);
#617 = CARTESIAN_POINT('',(218.,56.64,1.6));
#618 = DIRECTION('',(1.,0.,-0.));
#619 = DIRECTION('',(0.,0.,1.));
#620 = ADVANCED_FACE('',(#621),#671,.T.);
#621 = FACE_BOUND('',#622,.T.);
#622 = EDGE_LOOP('',(#623,#633,#641,#649,#657,#665));
#623 = ORIENTED_EDGE('',*,*,#624,.F.);
#624 = EDGE_CURVE('',#625,#627,#629,.T.);
#625 = VERTEX_POINT('',#626);
#626 = CARTESIAN_POINT('',(109.,59.,10.));
#627 = VERTEX_POINT('',#628);
#628 = CARTESIAN_POINT('',(109.,65.2,10.));
#629 = LINE('',#630,#631);
#630 = CARTESIAN_POINT('',(109.,59.,10.));
#631 = VECTOR('',#632,1.);
#632 = DIRECTION('',(-0.,1.,0.));
#633 = ORIENTED_EDGE('',*,*,#634,.T.);
#634 = EDGE_CURVE('',#625,#635,#637,.T.);
#635 = VERTEX_POINT('',#636);
#636 = CARTESIAN_POINT('',(212.,59.,10.));
#637 = LINE('',#638,#639);
#638 = CARTESIAN_POINT('',(104.,59.,10.));
#639 = VECTOR('',#640,1.);
#640 = DIRECTION('',(1.,0.,-0.));
#641 = ORIENTED_EDGE('',*,*,#642,.T.);
#642 = EDGE_CURVE('',#635,#643,#645,.T.);
#643 = VERTEX_POINT('',#644);
#644 = CARTESIAN_POINT('',(212.,65.04,10.));
#645 = LINE('',#646,#647);
#646 = CARTESIAN_POINT('',(212.,57.82,10.));
#647 = VECTOR('',#648,1.);
#648 = DIRECTION('',(-0.,1.,0.));
#649 = ORIENTED_EDGE('',*,*,#650,.F.);
#650 = EDGE_CURVE('',#651,#643,#653,.T.);
#651 = VERTEX_POINT('',#652);
#652 = CARTESIAN_POINT('',(232.35,65.04,10.));
#653 = LINE('',#654,#655);
#654 = CARTESIAN_POINT('',(158.,65.04,10.));
#655 = VECTOR('',#656,1.);
#656 = DIRECTION('',(-1.,-0.,0.));
#657 = ORIENTED_EDGE('',*,*,#658,.T.);
#658 = EDGE_CURVE('',#651,#659,#661,.T.);
#659 = VERTEX_POINT('',#660);
#660 = CARTESIAN_POINT('',(232.35,65.2,10.));
#661 = LINE('',#662,#663);
#662 = CARTESIAN_POINT('',(232.35,59.,10.));
#663 = VECTOR('',#664,1.);
#664 = DIRECTION('',(-0.,1.,0.));
#665 = ORIENTED_EDGE('',*,*,#666,.F.);
#666 = EDGE_CURVE('',#627,#659,#667,.T.);
#667 = LINE('',#668,#669);
#668 = CARTESIAN_POINT('',(104.,65.2,10.));
#669 = VECTOR('',#670,1.);
#670 = DIRECTION('',(1.,0.,-0.));
#671 = PLANE('',#672);
#672 = AXIS2_PLACEMENT_3D('',#673,#674,#675);
#673 = CARTESIAN_POINT('',(104.,59.,10.));
#674 = DIRECTION('',(0.,0.,1.));
#675 = DIRECTION('',(1.,0.,-0.));
#676 = ADVANCED_FACE('',(#677),#702,.T.);
#677 = FACE_BOUND('',#678,.T.);
#678 = EDGE_LOOP('',(#679,#687,#688,#696));
#679 = ORIENTED_EDGE('',*,*,#680,.F.);
#680 = EDGE_CURVE('',#625,#681,#683,.T.);
#681 = VERTEX_POINT('',#682);
#682 = CARTESIAN_POINT('',(109.,59.,14.6));
#683 = LINE('',#684,#685);
#684 = CARTESIAN_POINT('',(109.,59.,1.6));
#685 = VECTOR('',#686,1.);
#686 = DIRECTION('',(0.,0.,1.));
#687 = ORIENTED_EDGE('',*,*,#624,.T.);
#688 = ORIENTED_EDGE('',*,*,#689,.T.);
#689 = EDGE_CURVE('',#627,#690,#692,.T.);
#690 = VERTEX_POINT('',#691);
#691 = CARTESIAN_POINT('',(109.,65.2,14.6));
#692 = LINE('',#693,#694);
#693 = CARTESIAN_POINT('',(109.,65.2,1.6));
#694 = VECTOR('',#695,1.);
#695 = DIRECTION('',(0.,0.,1.));
#696 = ORIENTED_EDGE('',*,*,#697,.F.);
#697 = EDGE_CURVE('',#681,#690,#698,.T.);
#698 = LINE('',#699,#700);
#699 = CARTESIAN_POINT('',(109.,59.,14.6));
#700 = VECTOR('',#701,1.);
#701 = DIRECTION('',(-0.,1.,0.));
#702 = PLANE('',#703);
#703 = AXIS2_PLACEMENT_3D('',#704,#705,#706);
#704 = CARTESIAN_POINT('',(109.,59.,1.6));
#705 = DIRECTION('',(1.,0.,-0.));
#706 = DIRECTION('',(0.,0.,1.));
#707 = ADVANCED_FACE('',(#708),#733,.T.);
#708 = FACE_BOUND('',#709,.T.);
#709 = EDGE_LOOP('',(#710,#720,#726,#727));
#710 = ORIENTED_EDGE('',*,*,#711,.F.);
#711 = EDGE_CURVE('',#712,#714,#716,.T.);
#712 = VERTEX_POINT('',#713);
#713 = CARTESIAN_POINT('',(104.,59.,14.6));
#714 = VERTEX_POINT('',#715);
#715 = CARTESIAN_POINT('',(104.,65.2,14.6));
#716 = LINE('',#717,#718);
#717 = CARTESIAN_POINT('',(104.,59.,14.6));
#718 = VECTOR('',#719,1.);
#719 = DIRECTION('',(-0.,1.,0.));
#720 = ORIENTED_EDGE('',*,*,#721,.T.);
#721 = EDGE_CURVE('',#712,#681,#722,.T.);
#722 = LINE('',#723,#724);
#723 = CARTESIAN_POINT('',(104.,59.,14.6));
#724 = VECTOR('',#725,1.);
#725 = DIRECTION('',(1.,0.,-0.));
#726 = ORIENTED_EDGE('',*,*,#697,.T.);
#727 = ORIENTED_EDGE('',*,*,#728,.F.);
#728 = EDGE_CURVE('',#714,#690,#729,.T.);
#729 = LINE('',#730,#731);
#730 = CARTESIAN_POINT('',(104.,65.2,14.6));
#731 = VECTOR('',#732,1.);
#732 = DIRECTION('',(1.,0.,-0.));
#733 = PLANE('',#734);
#734 = AXIS2_PLACEMENT_3D('',#735,#736,#737);
#735 = CARTESIAN_POINT('',(104.,59.,14.6));
#736 = DIRECTION('',(0.,0.,1.));
#737 = DIRECTION('',(1.,0.,-0.));
#738 = ADVANCED_FACE('',(#739),#780,.F.);
#739 = FACE_BOUND('',#740,.F.);
#740 = EDGE_LOOP('',(#741,#751,#759,#765,#766,#774));
#741 = ORIENTED_EDGE('',*,*,#742,.F.);
#742 = EDGE_CURVE('',#743,#745,#747,.T.);
#743 = VERTEX_POINT('',#744);
#744 = CARTESIAN_POINT('',(232.35,59.,13.1));
#745 = VERTEX_POINT('',#746);
#746 = CARTESIAN_POINT('',(232.35,59.,14.6));
#747 = LINE('',#748,#749);
#748 = CARTESIAN_POINT('',(232.35,59.,1.6));
#749 = VECTOR('',#750,1.);
#750 = DIRECTION('',(0.,0.,1.));
#751 = ORIENTED_EDGE('',*,*,#752,.F.);
#752 = EDGE_CURVE('',#753,#743,#755,.T.);
#753 = VERTEX_POINT('',#754);
#754 = CARTESIAN_POINT('',(232.35,65.04,13.1));
#755 = LINE('',#756,#757);
#756 = CARTESIAN_POINT('',(232.35,57.82,13.1));
#757 = VECTOR('',#758,1.);
#758 = DIRECTION('',(0.,-1.,0.));
#759 = ORIENTED_EDGE('',*,*,#760,.F.);
#760 = EDGE_CURVE('',#651,#753,#761,.T.);
#761 = LINE('',#762,#763);
#762 = CARTESIAN_POINT('',(232.35,65.04,1.6));
#763 = VECTOR('',#764,1.);
#764 = DIRECTION('',(0.,0.,1.));
#765 = ORIENTED_EDGE('',*,*,#658,.T.);
#766 = ORIENTED_EDGE('',*,*,#767,.T.);
#767 = EDGE_CURVE('',#659,#768,#770,.T.);
#768 = VERTEX_POINT('',#769);
#769 = CARTESIAN_POINT('',(232.35,65.2,14.6));
#770 = LINE('',#771,#772);
#771 = CARTESIAN_POINT('',(232.35,65.2,1.6));
#772 = VECTOR('',#773,1.);
#773 = DIRECTION('',(0.,0.,1.));
#774 = ORIENTED_EDGE('',*,*,#775,.F.);
#775 = EDGE_CURVE('',#745,#768,#776,.T.);
#776 = LINE('',#777,#778);
#777 = CARTESIAN_POINT('',(232.35,59.,14.6));
#778 = VECTOR('',#779,1.);
#779 = DIRECTION('',(-0.,1.,0.));
#780 = PLANE('',#781);
#781 = AXIS2_PLACEMENT_3D('',#782,#783,#784);
#782 = CARTESIAN_POINT('',(232.35,59.,1.6));
#783 = DIRECTION('',(1.,0.,-0.));
#784 = DIRECTION('',(0.,0.,1.));
#785 = ADVANCED_FACE('',(#786),#836,.F.);
#786 = FACE_BOUND('',#787,.F.);
#787 = EDGE_LOOP('',(#788,#798,#806,#814,#822,#830));
#788 = ORIENTED_EDGE('',*,*,#789,.F.);
#789 = EDGE_CURVE('',#790,#792,#794,.T.);
#790 = VERTEX_POINT('',#791);
#791 = CARTESIAN_POINT('',(0.,0.,0.));
#792 = VERTEX_POINT('',#793);
#793 = CARTESIAN_POINT('',(0.,0.,1.6));
#794 = LINE('',#795,#796);
#795 = CARTESIAN_POINT('',(0.,0.,0.));
#796 = VECTOR('',#797,1.);
#797 = DIRECTION('',(0.,0.,1.));
#798 = ORIENTED_EDGE('',*,*,#799,.T.);
#799 = EDGE_CURVE('',#790,#800,#802,.T.);
#800 = VERTEX_POINT('',#801);
#801 = CARTESIAN_POINT('',(0.,305.,0.));
#802 = LINE('',#803,#804);
#803 = CARTESIAN_POINT('',(0.,0.,0.));
#804 = VECTOR('',#805,1.);
#805 = DIRECTION('',(-0.,1.,0.));
#806 = ORIENTED_EDGE('',*,*,#807,.T.);
#807 = EDGE_CURVE('',#800,#808,#810,.T.);
#808 = VERTEX_POINT('',#809);
#809 = CARTESIAN_POINT('',(0.,305.,1.6));
#810 = LINE('',#811,#812);
#811 = CARTESIAN_POINT('',(0.,305.,0.));
#812 = VECTOR('',#813,1.);
#813 = DIRECTION('',(0.,0.,1.));
#814 = ORIENTED_EDGE('',*,*,#815,.F.);
#815 = EDGE_CURVE('',#816,#808,#818,.T.);
#816 = VERTEX_POINT('',#817);
#817 = CARTESIAN_POINT('',(0.,230.,1.6));
#818 = LINE('',#819,#820);
#819 = CARTESIAN_POINT('',(0.,0.,1.6));
#820 = VECTOR('',#821,1.);
#821 = DIRECTION('',(-0.,1.,0.));
#822 = ORIENTED_EDGE('',*,*,#823,.F.);
#823 = EDGE_CURVE('',#824,#816,#826,.T.);
#824 = VERTEX_POINT('',#825);
#825 = CARTESIAN_POINT('',(0.,70.,1.6));
#826 = LINE('',#827,#828);
#827 = CARTESIAN_POINT('',(0.,0.,1.6));
#828 = VECTOR('',#829,1.);
#829 = DIRECTION('',(-0.,1.,0.));
#830 = ORIENTED_EDGE('',*,*,#831,.F.);
#831 = EDGE_CURVE('',#792,#824,#832,.T.);
#832 = LINE('',#833,#834);
#833 = CARTESIAN_POINT('',(0.,0.,1.6));
#834 = VECTOR('',#835,1.);
#835 = DIRECTION('',(-0.,1.,0.));
#836 = PLANE('',#837);
#837 = AXIS2_PLACEMENT_3D('',#838,#839,#840);
#838 = CARTESIAN_POINT('',(0.,0.,0.));
#839 = DIRECTION('',(1.,0.,-0.));
#840 = DIRECTION('',(0.,0.,1.));
#841 = ADVANCED_FACE('',(#842),#867,.F.);
#842 = FACE_BOUND('',#843,.F.);
#843 = EDGE_LOOP('',(#844,#852,#853,#861));
#844 = ORIENTED_EDGE('',*,*,#845,.F.);
#845 = EDGE_CURVE('',#790,#846,#848,.T.);
#846 = VERTEX_POINT('',#847);
#847 = CARTESIAN_POINT('',(330.,0.,0.));
#848 = LINE('',#849,#850);
#849 = CARTESIAN_POINT('',(0.,0.,0.));
#850 = VECTOR('',#851,1.);
#851 = DIRECTION('',(1.,0.,-0.));
#852 = ORIENTED_EDGE('',*,*,#789,.T.);
#853 = ORIENTED_EDGE('',*,*,#854,.T.);
#854 = EDGE_CURVE('',#792,#855,#857,.T.);
#855 = VERTEX_POINT('',#856);
#856 = CARTESIAN_POINT('',(330.,0.,1.6));
#857 = LINE('',#858,#859);
#858 = CARTESIAN_POINT('',(0.,0.,1.6));
#859 = VECTOR('',#860,1.);
#860 = DIRECTION('',(1.,0.,-0.));
#861 = ORIENTED_EDGE('',*,*,#862,.F.);
#862 = EDGE_CURVE('',#846,#855,#863,.T.);
#863 = LINE('',#864,#865);
#864 = CARTESIAN_POINT('',(330.,0.,0.));
#865 = VECTOR('',#866,1.);
#866 = DIRECTION('',(0.,0.,1.));
#867 = PLANE('',#868);
#868 = AXIS2_PLACEMENT_3D('',#869,#870,#871);
#869 = CARTESIAN_POINT('',(0.,0.,0.));
#870 = DIRECTION('',(-0.,1.,0.));
#871 = DIRECTION('',(0.,0.,1.));
#872 = ADVANCED_FACE('',(#873,#914,#925,#985,#1019,#1044,#1069,#1135,
    #1146,#1180,#1191,#1225,#1259,#1293,#1304,#1315,#1525,#1559,#1570,
    #1581),#1592,.T.);
#873 = FACE_BOUND('',#874,.T.);
#874 = EDGE_LOOP('',(#875,#876,#877,#885,#891,#892,#900,#908));
#875 = ORIENTED_EDGE('',*,*,#831,.F.);
#876 = ORIENTED_EDGE('',*,*,#854,.T.);
#877 = ORIENTED_EDGE('',*,*,#878,.T.);
#878 = EDGE_CURVE('',#855,#879,#881,.T.);
#879 = VERTEX_POINT('',#880);
#880 = CARTESIAN_POINT('',(330.,305.,1.6));
#881 = LINE('',#882,#883);
#882 = CARTESIAN_POINT('',(330.,0.,1.6));
#883 = VECTOR('',#884,1.);
#884 = DIRECTION('',(-0.,1.,0.));
#885 = ORIENTED_EDGE('',*,*,#886,.F.);
#886 = EDGE_CURVE('',#808,#879,#887,.T.);
#887 = LINE('',#888,#889);
#888 = CARTESIAN_POINT('',(0.,305.,1.6));
#889 = VECTOR('',#890,1.);
#890 = DIRECTION('',(1.,0.,-0.));
#891 = ORIENTED_EDGE('',*,*,#815,.F.);
#892 = ORIENTED_EDGE('',*,*,#893,.T.);
#893 = EDGE_CURVE('',#816,#894,#896,.T.);
#894 = VERTEX_POINT('',#895);
#895 = CARTESIAN_POINT('',(15.9,230.,1.6));
#896 = LINE('',#897,#898);
#897 = CARTESIAN_POINT('',(-0.1,230.,1.6));
#898 = VECTOR('',#899,1.);
#899 = DIRECTION('',(1.,0.,-0.));
#900 = ORIENTED_EDGE('',*,*,#901,.F.);
#901 = EDGE_CURVE('',#902,#894,#904,.T.);
#902 = VERTEX_POINT('',#903);
#903 = CARTESIAN_POINT('',(15.9,70.,1.6));
#904 = LINE('',#905,#906);
#905 = CARTESIAN_POINT('',(15.9,70.,1.6));
#906 = VECTOR('',#907,1.);
#907 = DIRECTION('',(-0.,1.,0.));
#908 = ORIENTED_EDGE('',*,*,#909,.F.);
#909 = EDGE_CURVE('',#824,#902,#910,.T.);
#910 = LINE('',#911,#912);
#911 = CARTESIAN_POINT('',(-0.1,70.,1.6));
#912 = VECTOR('',#913,1.);
#913 = DIRECTION('',(1.,0.,-0.));
#914 = FACE_BOUND('',#915,.T.);
#915 = EDGE_LOOP('',(#916));
#916 = ORIENTED_EDGE('',*,*,#917,.F.);
#917 = EDGE_CURVE('',#918,#918,#920,.T.);
#918 = VERTEX_POINT('',#919);
#919 = CARTESIAN_POINT('',(8.15,6.4,1.6));
#920 = CIRCLE('',#921,1.75);
#921 = AXIS2_PLACEMENT_3D('',#922,#923,#924);
#922 = CARTESIAN_POINT('',(6.4,6.4,1.6));
#923 = DIRECTION('',(0.,0.,1.));
#924 = DIRECTION('',(1.,0.,-0.));
#925 = FACE_BOUND('',#926,.T.);
#926 = EDGE_LOOP('',(#927,#938,#947,#955,#963,#971,#979));
#927 = ORIENTED_EDGE('',*,*,#928,.F.);
#928 = EDGE_CURVE('',#929,#931,#933,.T.);
#929 = VERTEX_POINT('',#930);
#930 = CARTESIAN_POINT('',(164.75,6.4,1.6));
#931 = VERTEX_POINT('',#932);
#932 = CARTESIAN_POINT('',(163.70887234393,8.,1.6));
#933 = CIRCLE('',#934,1.75);
#934 = AXIS2_PLACEMENT_3D('',#935,#936,#937);
#935 = CARTESIAN_POINT('',(163.,6.4,1.6));
#936 = DIRECTION('',(0.,0.,1.));
#937 = DIRECTION('',(1.,0.,-0.));
#938 = ORIENTED_EDGE('',*,*,#939,.F.);
#939 = EDGE_CURVE('',#940,#929,#942,.T.);
#940 = VERTEX_POINT('',#941);
#941 = CARTESIAN_POINT('',(162.29112765606,8.,1.6));
#942 = CIRCLE('',#943,1.75);
#943 = AXIS2_PLACEMENT_3D('',#944,#945,#946);
#944 = CARTESIAN_POINT('',(163.,6.4,1.6));
#945 = DIRECTION('',(0.,0.,1.));
#946 = DIRECTION('',(1.,0.,-0.));
#947 = ORIENTED_EDGE('',*,*,#948,.F.);
#948 = EDGE_CURVE('',#949,#940,#951,.T.);
#949 = VERTEX_POINT('',#950);
#950 = CARTESIAN_POINT('',(120.,8.,1.6));
#951 = LINE('',#952,#953);
#952 = CARTESIAN_POINT('',(120.,8.,1.6));
#953 = VECTOR('',#954,1.);
#954 = DIRECTION('',(1.,0.,-0.));
#955 = ORIENTED_EDGE('',*,*,#956,.T.);
#956 = EDGE_CURVE('',#949,#957,#959,.T.);
#957 = VERTEX_POINT('',#958);
#958 = CARTESIAN_POINT('',(120.,30.,1.6));
#959 = LINE('',#960,#961);
#960 = CARTESIAN_POINT('',(120.,8.,1.6));
#961 = VECTOR('',#962,1.);
#962 = DIRECTION('',(-0.,1.,0.));
#963 = ORIENTED_EDGE('',*,*,#964,.T.);
#964 = EDGE_CURVE('',#957,#965,#967,.T.);
#965 = VERTEX_POINT('',#966);
#966 = CARTESIAN_POINT('',(200.,30.,1.6));
#967 = LINE('',#968,#969);
#968 = CARTESIAN_POINT('',(120.,30.,1.6));
#969 = VECTOR('',#970,1.);
#970 = DIRECTION('',(1.,0.,-0.));
#971 = ORIENTED_EDGE('',*,*,#972,.F.);
#972 = EDGE_CURVE('',#973,#965,#975,.T.);
#973 = VERTEX_POINT('',#974);
#974 = CARTESIAN_POINT('',(200.,8.,1.6));
#975 = LINE('',#976,#977);
#976 = CARTESIAN_POINT('',(200.,8.,1.6));
#977 = VECTOR('',#978,1.);
#978 = DIRECTION('',(-0.,1.,0.));
#979 = ORIENTED_EDGE('',*,*,#980,.F.);
#980 = EDGE_CURVE('',#931,#973,#981,.T.);
#981 = LINE('',#982,#983);
#982 = CARTESIAN_POINT('',(120.,8.,1.6));
#983 = VECTOR('',#984,1.);
#984 = DIRECTION('',(1.,0.,-0.));
#985 = FACE_BOUND('',#986,.T.);
#986 = EDGE_LOOP('',(#987,#997,#1005,#1013));
#987 = ORIENTED_EDGE('',*,*,#988,.T.);
#988 = EDGE_CURVE('',#989,#991,#993,.T.);
#989 = VERTEX_POINT('',#990);
#990 = CARTESIAN_POINT('',(104.,38.,1.6));
#991 = VERTEX_POINT('',#992);
#992 = CARTESIAN_POINT('',(104.,44.2,1.6));
#993 = LINE('',#994,#995);
#994 = CARTESIAN_POINT('',(104.,38.,1.6));
#995 = VECTOR('',#996,1.);
#996 = DIRECTION('',(-0.,1.,0.));
#997 = ORIENTED_EDGE('',*,*,#998,.T.);
#998 = EDGE_CURVE('',#991,#999,#1001,.T.);
#999 = VERTEX_POINT('',#1000);
#1000 = CARTESIAN_POINT('',(237.35,44.2,1.6));
#1001 = LINE('',#1002,#1003);
#1002 = CARTESIAN_POINT('',(104.,44.2,1.6));
#1003 = VECTOR('',#1004,1.);
#1004 = DIRECTION('',(1.,0.,-0.));
#1005 = ORIENTED_EDGE('',*,*,#1006,.F.);
#1006 = EDGE_CURVE('',#1007,#999,#1009,.T.);
#1007 = VERTEX_POINT('',#1008);
#1008 = CARTESIAN_POINT('',(237.35,38.,1.6));
#1009 = LINE('',#1010,#1011);
#1010 = CARTESIAN_POINT('',(237.35,38.,1.6));
#1011 = VECTOR('',#1012,1.);
#1012 = DIRECTION('',(-0.,1.,0.));
#1013 = ORIENTED_EDGE('',*,*,#1014,.F.);
#1014 = EDGE_CURVE('',#989,#1007,#1015,.T.);
#1015 = LINE('',#1016,#1017);
#1016 = CARTESIAN_POINT('',(104.,38.,1.6));
#1017 = VECTOR('',#1018,1.);
#1018 = DIRECTION('',(1.,0.,-0.));
#1019 = FACE_BOUND('',#1020,.T.);
#1020 = EDGE_LOOP('',(#1021,#1022,#1030,#1038));
#1021 = ORIENTED_EDGE('',*,*,#397,.T.);
#1022 = ORIENTED_EDGE('',*,*,#1023,.T.);
#1023 = EDGE_CURVE('',#390,#1024,#1026,.T.);
#1024 = VERTEX_POINT('',#1025);
#1025 = CARTESIAN_POINT('',(237.35,54.7,1.6));
#1026 = LINE('',#1027,#1028);
#1027 = CARTESIAN_POINT('',(104.,54.7,1.6));
#1028 = VECTOR('',#1029,1.);
#1029 = DIRECTION('',(1.,0.,-0.));
#1030 = ORIENTED_EDGE('',*,*,#1031,.F.);
#1031 = EDGE_CURVE('',#1032,#1024,#1034,.T.);
#1032 = VERTEX_POINT('',#1033);
#1033 = CARTESIAN_POINT('',(237.35,48.5,1.6));
#1034 = LINE('',#1035,#1036);
#1035 = CARTESIAN_POINT('',(237.35,48.5,1.6));
#1036 = VECTOR('',#1037,1.);
#1037 = DIRECTION('',(-0.,1.,0.));
#1038 = ORIENTED_EDGE('',*,*,#1039,.F.);
#1039 = EDGE_CURVE('',#381,#1032,#1040,.T.);
#1040 = LINE('',#1041,#1042);
#1041 = CARTESIAN_POINT('',(104.,48.5,1.6));
#1042 = VECTOR('',#1043,1.);
#1043 = DIRECTION('',(1.,0.,-0.));
#1044 = FACE_BOUND('',#1045,.T.);
#1045 = EDGE_LOOP('',(#1046,#1047,#1055,#1063));
#1046 = ORIENTED_EDGE('',*,*,#202,.T.);
#1047 = ORIENTED_EDGE('',*,*,#1048,.T.);
#1048 = EDGE_CURVE('',#195,#1049,#1051,.T.);
#1049 = VERTEX_POINT('',#1050);
#1050 = CARTESIAN_POINT('',(237.35,75.7,1.6));
#1051 = LINE('',#1052,#1053);
#1052 = CARTESIAN_POINT('',(104.,75.7,1.6));
#1053 = VECTOR('',#1054,1.);
#1054 = DIRECTION('',(1.,0.,-0.));
#1055 = ORIENTED_EDGE('',*,*,#1056,.F.);
#1056 = EDGE_CURVE('',#1057,#1049,#1059,.T.);
#1057 = VERTEX_POINT('',#1058);
#1058 = CARTESIAN_POINT('',(237.35,69.5,1.6));
#1059 = LINE('',#1060,#1061);
#1060 = CARTESIAN_POINT('',(237.35,69.5,1.6));
#1061 = VECTOR('',#1062,1.);
#1062 = DIRECTION('',(-0.,1.,0.));
#1063 = ORIENTED_EDGE('',*,*,#1064,.F.);
#1064 = EDGE_CURVE('',#186,#1057,#1065,.T.);
#1065 = LINE('',#1066,#1067);
#1066 = CARTESIAN_POINT('',(104.,69.5,1.6));
#1067 = VECTOR('',#1068,1.);
#1068 = DIRECTION('',(1.,0.,-0.));
#1069 = FACE_BOUND('',#1070,.T.);
#1070 = EDGE_LOOP('',(#1071,#1081,#1089,#1097,#1105,#1113,#1121,#1129));
#1071 = ORIENTED_EDGE('',*,*,#1072,.T.);
#1072 = EDGE_CURVE('',#1073,#1075,#1077,.T.);
#1073 = VERTEX_POINT('',#1074);
#1074 = CARTESIAN_POINT('',(104.,59.,1.6));
#1075 = VERTEX_POINT('',#1076);
#1076 = CARTESIAN_POINT('',(104.,65.2,1.6));
#1077 = LINE('',#1078,#1079);
#1078 = CARTESIAN_POINT('',(104.,59.,1.6));
#1079 = VECTOR('',#1080,1.);
#1080 = DIRECTION('',(-0.,1.,0.));
#1081 = ORIENTED_EDGE('',*,*,#1082,.T.);
#1082 = EDGE_CURVE('',#1075,#1083,#1085,.T.);
#1083 = VERTEX_POINT('',#1084);
#1084 = CARTESIAN_POINT('',(237.35,65.2,1.6));
#1085 = LINE('',#1086,#1087);
#1086 = CARTESIAN_POINT('',(104.,65.2,1.6));
#1087 = VECTOR('',#1088,1.);
#1088 = DIRECTION('',(1.,0.,-0.));
#1089 = ORIENTED_EDGE('',*,*,#1090,.F.);
#1090 = EDGE_CURVE('',#1091,#1083,#1093,.T.);
#1091 = VERTEX_POINT('',#1092);
#1092 = CARTESIAN_POINT('',(237.35,65.04,1.6));
#1093 = LINE('',#1094,#1095);
#1094 = CARTESIAN_POINT('',(237.35,59.,1.6));
#1095 = VECTOR('',#1096,1.);
#1096 = DIRECTION('',(-0.,1.,0.));
#1097 = ORIENTED_EDGE('',*,*,#1098,.T.);
#1098 = EDGE_CURVE('',#1091,#1099,#1101,.T.);
#1099 = VERTEX_POINT('',#1100);
#1100 = CARTESIAN_POINT('',(301.,65.04,1.6));
#1101 = LINE('',#1102,#1103);
#1102 = CARTESIAN_POINT('',(212.,65.04,1.6));
#1103 = VECTOR('',#1104,1.);
#1104 = DIRECTION('',(1.,0.,-0.));
#1105 = ORIENTED_EDGE('',*,*,#1106,.F.);
#1106 = EDGE_CURVE('',#1107,#1099,#1109,.T.);
#1107 = VERTEX_POINT('',#1108);
#1108 = CARTESIAN_POINT('',(301.,56.64,1.6));
#1109 = LINE('',#1110,#1111);
#1110 = CARTESIAN_POINT('',(301.,56.64,1.6));
#1111 = VECTOR('',#1112,1.);
#1112 = DIRECTION('',(-0.,1.,0.));
#1113 = ORIENTED_EDGE('',*,*,#1114,.F.);
#1114 = EDGE_CURVE('',#1115,#1107,#1117,.T.);
#1115 = VERTEX_POINT('',#1116);
#1116 = CARTESIAN_POINT('',(212.,56.64,1.6));
#1117 = LINE('',#1118,#1119);
#1118 = CARTESIAN_POINT('',(212.,56.64,1.6));
#1119 = VECTOR('',#1120,1.);
#1120 = DIRECTION('',(1.,0.,-0.));
#1121 = ORIENTED_EDGE('',*,*,#1122,.T.);
#1122 = EDGE_CURVE('',#1115,#1123,#1125,.T.);
#1123 = VERTEX_POINT('',#1124);
#1124 = CARTESIAN_POINT('',(212.,59.,1.6));
#1125 = LINE('',#1126,#1127);
#1126 = CARTESIAN_POINT('',(212.,56.64,1.6));
#1127 = VECTOR('',#1128,1.);
#1128 = DIRECTION('',(-0.,1.,0.));
#1129 = ORIENTED_EDGE('',*,*,#1130,.F.);
#1130 = EDGE_CURVE('',#1073,#1123,#1131,.T.);
#1131 = LINE('',#1132,#1133);
#1132 = CARTESIAN_POINT('',(104.,59.,1.6));
#1133 = VECTOR('',#1134,1.);
#1134 = DIRECTION('',(1.,0.,-0.));
#1135 = FACE_BOUND('',#1136,.T.);
#1136 = EDGE_LOOP('',(#1137));
#1137 = ORIENTED_EDGE('',*,*,#1138,.F.);
#1138 = EDGE_CURVE('',#1139,#1139,#1141,.T.);
#1139 = VERTEX_POINT('',#1140);
#1140 = CARTESIAN_POINT('',(249.75,6.4,1.6));
#1141 = CIRCLE('',#1142,1.75);
#1142 = AXIS2_PLACEMENT_3D('',#1143,#1144,#1145);
#1143 = CARTESIAN_POINT('',(248.,6.4,1.6));
#1144 = DIRECTION('',(0.,0.,1.));
#1145 = DIRECTION('',(1.,0.,-0.));
#1146 = FACE_BOUND('',#1147,.T.);
#1147 = EDGE_LOOP('',(#1148,#1158,#1166,#1174));
#1148 = ORIENTED_EDGE('',*,*,#1149,.T.);
#1149 = EDGE_CURVE('',#1150,#1152,#1154,.T.);
#1150 = VERTEX_POINT('',#1151);
#1151 = CARTESIAN_POINT('',(212.,16.,1.6));
#1152 = VERTEX_POINT('',#1153);
#1153 = CARTESIAN_POINT('',(212.,24.4,1.6));
#1154 = LINE('',#1155,#1156);
#1155 = CARTESIAN_POINT('',(212.,16.,1.6));
#1156 = VECTOR('',#1157,1.);
#1157 = DIRECTION('',(-0.,1.,0.));
#1158 = ORIENTED_EDGE('',*,*,#1159,.T.);
#1159 = EDGE_CURVE('',#1152,#1160,#1162,.T.);
#1160 = VERTEX_POINT('',#1161);
#1161 = CARTESIAN_POINT('',(301.,24.4,1.6));
#1162 = LINE('',#1163,#1164);
#1163 = CARTESIAN_POINT('',(212.,24.4,1.6));
#1164 = VECTOR('',#1165,1.);
#1165 = DIRECTION('',(1.,0.,-0.));
#1166 = ORIENTED_EDGE('',*,*,#1167,.F.);
#1167 = EDGE_CURVE('',#1168,#1160,#1170,.T.);
#1168 = VERTEX_POINT('',#1169);
#1169 = CARTESIAN_POINT('',(301.,16.,1.6));
#1170 = LINE('',#1171,#1172);
#1171 = CARTESIAN_POINT('',(301.,16.,1.6));
#1172 = VECTOR('',#1173,1.);
#1173 = DIRECTION('',(-0.,1.,0.));
#1174 = ORIENTED_EDGE('',*,*,#1175,.F.);
#1175 = EDGE_CURVE('',#1150,#1168,#1176,.T.);
#1176 = LINE('',#1177,#1178);
#1177 = CARTESIAN_POINT('',(212.,16.,1.6));
#1178 = VECTOR('',#1179,1.);
#1179 = DIRECTION('',(1.,0.,-0.));
#1180 = FACE_BOUND('',#1181,.T.);
#1181 = EDGE_LOOP('',(#1182));
#1182 = ORIENTED_EDGE('',*,*,#1183,.F.);
#1183 = EDGE_CURVE('',#1184,#1184,#1186,.T.);
#1184 = VERTEX_POINT('',#1185);
#1185 = CARTESIAN_POINT('',(325.75,6.4,1.6));
#1186 = CIRCLE('',#1187,1.75);
#1187 = AXIS2_PLACEMENT_3D('',#1188,#1189,#1190);
#1188 = CARTESIAN_POINT('',(324.,6.4,1.6));
#1189 = DIRECTION('',(0.,0.,1.));
#1190 = DIRECTION('',(1.,0.,-0.));
#1191 = FACE_BOUND('',#1192,.T.);
#1192 = EDGE_LOOP('',(#1193,#1203,#1211,#1219));
#1193 = ORIENTED_EDGE('',*,*,#1194,.T.);
#1194 = EDGE_CURVE('',#1195,#1197,#1199,.T.);
#1195 = VERTEX_POINT('',#1196);
#1196 = CARTESIAN_POINT('',(212.,97.28,1.6));
#1197 = VERTEX_POINT('',#1198);
#1198 = CARTESIAN_POINT('',(212.,105.68,1.6));
#1199 = LINE('',#1200,#1201);
#1200 = CARTESIAN_POINT('',(212.,97.28,1.6));
#1201 = VECTOR('',#1202,1.);
#1202 = DIRECTION('',(-0.,1.,0.));
#1203 = ORIENTED_EDGE('',*,*,#1204,.T.);
#1204 = EDGE_CURVE('',#1197,#1205,#1207,.T.);
#1205 = VERTEX_POINT('',#1206);
#1206 = CARTESIAN_POINT('',(301.,105.68,1.6));
#1207 = LINE('',#1208,#1209);
#1208 = CARTESIAN_POINT('',(212.,105.68,1.6));
#1209 = VECTOR('',#1210,1.);
#1210 = DIRECTION('',(1.,0.,-0.));
#1211 = ORIENTED_EDGE('',*,*,#1212,.F.);
#1212 = EDGE_CURVE('',#1213,#1205,#1215,.T.);
#1213 = VERTEX_POINT('',#1214);
#1214 = CARTESIAN_POINT('',(301.,97.28,1.6));
#1215 = LINE('',#1216,#1217);
#1216 = CARTESIAN_POINT('',(301.,97.28,1.6));
#1217 = VECTOR('',#1218,1.);
#1218 = DIRECTION('',(-0.,1.,0.));
#1219 = ORIENTED_EDGE('',*,*,#1220,.F.);
#1220 = EDGE_CURVE('',#1195,#1213,#1221,.T.);
#1221 = LINE('',#1222,#1223);
#1222 = CARTESIAN_POINT('',(212.,97.28,1.6));
#1223 = VECTOR('',#1224,1.);
#1224 = DIRECTION('',(1.,0.,-0.));
#1225 = FACE_BOUND('',#1226,.T.);
#1226 = EDGE_LOOP('',(#1227,#1237,#1245,#1253));
#1227 = ORIENTED_EDGE('',*,*,#1228,.T.);
#1228 = EDGE_CURVE('',#1229,#1231,#1233,.T.);
#1229 = VERTEX_POINT('',#1230);
#1230 = CARTESIAN_POINT('',(212.,137.92,1.6));
#1231 = VERTEX_POINT('',#1232);
#1232 = CARTESIAN_POINT('',(212.,146.32,1.6));
#1233 = LINE('',#1234,#1235);
#1234 = CARTESIAN_POINT('',(212.,137.92,1.6));
#1235 = VECTOR('',#1236,1.);
#1236 = DIRECTION('',(-0.,1.,0.));
#1237 = ORIENTED_EDGE('',*,*,#1238,.T.);
#1238 = EDGE_CURVE('',#1231,#1239,#1241,.T.);
#1239 = VERTEX_POINT('',#1240);
#1240 = CARTESIAN_POINT('',(301.,146.32,1.6));
#1241 = LINE('',#1242,#1243);
#1242 = CARTESIAN_POINT('',(212.,146.32,1.6));
#1243 = VECTOR('',#1244,1.);
#1244 = DIRECTION('',(1.,0.,-0.));
#1245 = ORIENTED_EDGE('',*,*,#1246,.F.);
#1246 = EDGE_CURVE('',#1247,#1239,#1249,.T.);
#1247 = VERTEX_POINT('',#1248);
#1248 = CARTESIAN_POINT('',(301.,137.92,1.6));
#1249 = LINE('',#1250,#1251);
#1250 = CARTESIAN_POINT('',(301.,137.92,1.6));
#1251 = VECTOR('',#1252,1.);
#1252 = DIRECTION('',(-0.,1.,0.));
#1253 = ORIENTED_EDGE('',*,*,#1254,.F.);
#1254 = EDGE_CURVE('',#1229,#1247,#1255,.T.);
#1255 = LINE('',#1256,#1257);
#1256 = CARTESIAN_POINT('',(212.,137.92,1.6));
#1257 = VECTOR('',#1258,1.);
#1258 = DIRECTION('',(1.,0.,-0.));
#1259 = FACE_BOUND('',#1260,.T.);
#1260 = EDGE_LOOP('',(#1261,#1271,#1279,#1287));
#1261 = ORIENTED_EDGE('',*,*,#1262,.F.);
#1262 = EDGE_CURVE('',#1263,#1265,#1267,.T.);
#1263 = VERTEX_POINT('',#1264);
#1264 = CARTESIAN_POINT('',(118.,148.,1.6));
#1265 = VERTEX_POINT('',#1266);
#1266 = CARTESIAN_POINT('',(198.,148.,1.6));
#1267 = LINE('',#1268,#1269);
#1268 = CARTESIAN_POINT('',(118.,148.,1.6));
#1269 = VECTOR('',#1270,1.);
#1270 = DIRECTION('',(1.,0.,-0.));
#1271 = ORIENTED_EDGE('',*,*,#1272,.T.);
#1272 = EDGE_CURVE('',#1263,#1273,#1275,.T.);
#1273 = VERTEX_POINT('',#1274);
#1274 = CARTESIAN_POINT('',(118.,208.,1.6));
#1275 = LINE('',#1276,#1277);
#1276 = CARTESIAN_POINT('',(118.,148.,1.6));
#1277 = VECTOR('',#1278,1.);
#1278 = DIRECTION('',(-0.,1.,0.));
#1279 = ORIENTED_EDGE('',*,*,#1280,.T.);
#1280 = EDGE_CURVE('',#1273,#1281,#1283,.T.);
#1281 = VERTEX_POINT('',#1282);
#1282 = CARTESIAN_POINT('',(198.,208.,1.6));
#1283 = LINE('',#1284,#1285);
#1284 = CARTESIAN_POINT('',(118.,208.,1.6));
#1285 = VECTOR('',#1286,1.);
#1286 = DIRECTION('',(1.,0.,-0.));
#1287 = ORIENTED_EDGE('',*,*,#1288,.F.);
#1288 = EDGE_CURVE('',#1265,#1281,#1289,.T.);
#1289 = LINE('',#1290,#1291);
#1290 = CARTESIAN_POINT('',(198.,148.,1.6));
#1291 = VECTOR('',#1292,1.);
#1292 = DIRECTION('',(-0.,1.,0.));
#1293 = FACE_BOUND('',#1294,.T.);
#1294 = EDGE_LOOP('',(#1295));
#1295 = ORIENTED_EDGE('',*,*,#1296,.F.);
#1296 = EDGE_CURVE('',#1297,#1297,#1299,.T.);
#1297 = VERTEX_POINT('',#1298);
#1298 = CARTESIAN_POINT('',(8.15,298.,1.6));
#1299 = CIRCLE('',#1300,1.75);
#1300 = AXIS2_PLACEMENT_3D('',#1301,#1302,#1303);
#1301 = CARTESIAN_POINT('',(6.4,298.,1.6));
#1302 = DIRECTION('',(0.,0.,1.));
#1303 = DIRECTION('',(1.,0.,-0.));
#1304 = FACE_BOUND('',#1305,.T.);
#1305 = EDGE_LOOP('',(#1306));
#1306 = ORIENTED_EDGE('',*,*,#1307,.F.);
#1307 = EDGE_CURVE('',#1308,#1308,#1310,.T.);
#1308 = VERTEX_POINT('',#1309);
#1309 = CARTESIAN_POINT('',(164.75,298.,1.6));
#1310 = CIRCLE('',#1311,1.75);
#1311 = AXIS2_PLACEMENT_3D('',#1312,#1313,#1314);
#1312 = CARTESIAN_POINT('',(163.,298.,1.6));
#1313 = DIRECTION('',(0.,0.,1.));
#1314 = DIRECTION('',(1.,0.,-0.));
#1315 = FACE_BOUND('',#1316,.T.);
#1316 = EDGE_LOOP('',(#1317,#1327,#1335,#1343,#1351,#1359,#1367,#1375,
    #1383,#1391,#1399,#1407,#1415,#1423,#1431,#1439,#1447,#1455,#1463,
    #1471,#1479,#1487,#1495,#1503,#1511,#1519));
#1317 = ORIENTED_EDGE('',*,*,#1318,.F.);
#1318 = EDGE_CURVE('',#1319,#1321,#1323,.T.);
#1319 = VERTEX_POINT('',#1320);
#1320 = CARTESIAN_POINT('',(96.,150.,1.6));
#1321 = VERTEX_POINT('',#1322);
#1322 = CARTESIAN_POINT('',(112.,150.,1.6));
#1323 = LINE('',#1324,#1325);
#1324 = CARTESIAN_POINT('',(96.,150.,1.6));
#1325 = VECTOR('',#1326,1.);
#1326 = DIRECTION('',(1.,0.,-0.));
#1327 = ORIENTED_EDGE('',*,*,#1328,.T.);
#1328 = EDGE_CURVE('',#1319,#1329,#1331,.T.);
#1329 = VERTEX_POINT('',#1330);
#1330 = CARTESIAN_POINT('',(96.,268.,1.6));
#1331 = LINE('',#1332,#1333);
#1332 = CARTESIAN_POINT('',(96.,150.,1.6));
#1333 = VECTOR('',#1334,1.);
#1334 = DIRECTION('',(-0.,1.,0.));
#1335 = ORIENTED_EDGE('',*,*,#1336,.T.);
#1336 = EDGE_CURVE('',#1329,#1337,#1339,.T.);
#1337 = VERTEX_POINT('',#1338);
#1338 = CARTESIAN_POINT('',(112.,268.,1.6));
#1339 = LINE('',#1340,#1341);
#1340 = CARTESIAN_POINT('',(96.,268.,1.6));
#1341 = VECTOR('',#1342,1.);
#1342 = DIRECTION('',(1.,0.,-0.));
#1343 = ORIENTED_EDGE('',*,*,#1344,.F.);
#1344 = EDGE_CURVE('',#1345,#1337,#1347,.T.);
#1345 = VERTEX_POINT('',#1346);
#1346 = CARTESIAN_POINT('',(112.,261.7,1.6));
#1347 = LINE('',#1348,#1349);
#1348 = CARTESIAN_POINT('',(112.,150.,1.6));
#1349 = VECTOR('',#1350,1.);
#1350 = DIRECTION('',(-0.,1.,0.));
#1351 = ORIENTED_EDGE('',*,*,#1352,.T.);
#1352 = EDGE_CURVE('',#1345,#1353,#1355,.T.);
#1353 = VERTEX_POINT('',#1354);
#1354 = CARTESIAN_POINT('',(212.,261.7,1.6));
#1355 = LINE('',#1356,#1357);
#1356 = CARTESIAN_POINT('',(104.,261.7,1.6));
#1357 = VECTOR('',#1358,1.);
#1358 = DIRECTION('',(1.,0.,-0.));
#1359 = ORIENTED_EDGE('',*,*,#1360,.T.);
#1360 = EDGE_CURVE('',#1353,#1361,#1363,.T.);
#1361 = VERTEX_POINT('',#1362);
#1362 = CARTESIAN_POINT('',(212.,268.24,1.6));
#1363 = LINE('',#1364,#1365);
#1364 = CARTESIAN_POINT('',(212.,259.84,1.6));
#1365 = VECTOR('',#1366,1.);
#1366 = DIRECTION('',(-0.,1.,0.));
#1367 = ORIENTED_EDGE('',*,*,#1368,.T.);
#1368 = EDGE_CURVE('',#1361,#1369,#1371,.T.);
#1369 = VERTEX_POINT('',#1370);
#1370 = CARTESIAN_POINT('',(214.,268.24,1.6));
#1371 = LINE('',#1372,#1373);
#1372 = CARTESIAN_POINT('',(212.,268.24,1.6));
#1373 = VECTOR('',#1374,1.);
#1374 = DIRECTION('',(1.,0.,-0.));
#1375 = ORIENTED_EDGE('',*,*,#1376,.T.);
#1376 = EDGE_CURVE('',#1369,#1377,#1379,.T.);
#1377 = VERTEX_POINT('',#1378);
#1378 = CARTESIAN_POINT('',(214.,278.,1.6));
#1379 = LINE('',#1380,#1381);
#1380 = CARTESIAN_POINT('',(214.,236.,1.6));
#1381 = VECTOR('',#1382,1.);
#1382 = DIRECTION('',(-0.,1.,0.));
#1383 = ORIENTED_EDGE('',*,*,#1384,.T.);
#1384 = EDGE_CURVE('',#1377,#1385,#1387,.T.);
#1385 = VERTEX_POINT('',#1386);
#1386 = CARTESIAN_POINT('',(256.,278.,1.6));
#1387 = LINE('',#1388,#1389);
#1388 = CARTESIAN_POINT('',(214.,278.,1.6));
#1389 = VECTOR('',#1390,1.);
#1390 = DIRECTION('',(1.,0.,-0.));
#1391 = ORIENTED_EDGE('',*,*,#1392,.F.);
#1392 = EDGE_CURVE('',#1393,#1385,#1395,.T.);
#1393 = VERTEX_POINT('',#1394);
#1394 = CARTESIAN_POINT('',(256.,268.24,1.6));
#1395 = LINE('',#1396,#1397);
#1396 = CARTESIAN_POINT('',(256.,236.,1.6));
#1397 = VECTOR('',#1398,1.);
#1398 = DIRECTION('',(-0.,1.,0.));
#1399 = ORIENTED_EDGE('',*,*,#1400,.T.);
#1400 = EDGE_CURVE('',#1393,#1401,#1403,.T.);
#1401 = VERTEX_POINT('',#1402);
#1402 = CARTESIAN_POINT('',(301.,268.24,1.6));
#1403 = LINE('',#1404,#1405);
#1404 = CARTESIAN_POINT('',(212.,268.24,1.6));
#1405 = VECTOR('',#1406,1.);
#1406 = DIRECTION('',(1.,0.,-0.));
#1407 = ORIENTED_EDGE('',*,*,#1408,.F.);
#1408 = EDGE_CURVE('',#1409,#1401,#1411,.T.);
#1409 = VERTEX_POINT('',#1410);
#1410 = CARTESIAN_POINT('',(301.,259.84,1.6));
#1411 = LINE('',#1412,#1413);
#1412 = CARTESIAN_POINT('',(301.,259.84,1.6));
#1413 = VECTOR('',#1414,1.);
#1414 = DIRECTION('',(-0.,1.,0.));
#1415 = ORIENTED_EDGE('',*,*,#1416,.F.);
#1416 = EDGE_CURVE('',#1417,#1409,#1419,.T.);
#1417 = VERTEX_POINT('',#1418);
#1418 = CARTESIAN_POINT('',(256.,259.84,1.6));
#1419 = LINE('',#1420,#1421);
#1420 = CARTESIAN_POINT('',(212.,259.84,1.6));
#1421 = VECTOR('',#1422,1.);
#1422 = DIRECTION('',(1.,0.,-0.));
#1423 = ORIENTED_EDGE('',*,*,#1424,.F.);
#1424 = EDGE_CURVE('',#1425,#1417,#1427,.T.);
#1425 = VERTEX_POINT('',#1426);
#1426 = CARTESIAN_POINT('',(256.,236.,1.6));
#1427 = LINE('',#1428,#1429);
#1428 = CARTESIAN_POINT('',(256.,236.,1.6));
#1429 = VECTOR('',#1430,1.);
#1430 = DIRECTION('',(-0.,1.,0.));
#1431 = ORIENTED_EDGE('',*,*,#1432,.F.);
#1432 = EDGE_CURVE('',#1433,#1425,#1435,.T.);
#1433 = VERTEX_POINT('',#1434);
#1434 = CARTESIAN_POINT('',(237.35,236.,1.6));
#1435 = LINE('',#1436,#1437);
#1436 = CARTESIAN_POINT('',(214.,236.,1.6));
#1437 = VECTOR('',#1438,1.);
#1438 = DIRECTION('',(1.,0.,-0.));
#1439 = ORIENTED_EDGE('',*,*,#1440,.F.);
#1440 = EDGE_CURVE('',#1441,#1433,#1443,.T.);
#1441 = VERTEX_POINT('',#1442);
#1442 = CARTESIAN_POINT('',(237.35,234.5,1.6));
#1443 = LINE('',#1444,#1445);
#1444 = CARTESIAN_POINT('',(237.35,234.5,1.6));
#1445 = VECTOR('',#1446,1.);
#1446 = DIRECTION('',(-0.,1.,0.));
#1447 = ORIENTED_EDGE('',*,*,#1448,.F.);
#1448 = EDGE_CURVE('',#1449,#1441,#1451,.T.);
#1449 = VERTEX_POINT('',#1450);
#1450 = CARTESIAN_POINT('',(112.,234.5,1.6));
#1451 = LINE('',#1452,#1453);
#1452 = CARTESIAN_POINT('',(104.,234.5,1.6));
#1453 = VECTOR('',#1454,1.);
#1454 = DIRECTION('',(1.,0.,-0.));
#1455 = ORIENTED_EDGE('',*,*,#1456,.F.);
#1456 = EDGE_CURVE('',#1457,#1449,#1459,.T.);
#1457 = VERTEX_POINT('',#1458);
#1458 = CARTESIAN_POINT('',(112.,230.2,1.6));
#1459 = LINE('',#1460,#1461);
#1460 = CARTESIAN_POINT('',(112.,150.,1.6));
#1461 = VECTOR('',#1462,1.);
#1462 = DIRECTION('',(-0.,1.,0.));
#1463 = ORIENTED_EDGE('',*,*,#1464,.T.);
#1464 = EDGE_CURVE('',#1457,#1465,#1467,.T.);
#1465 = VERTEX_POINT('',#1466);
#1466 = CARTESIAN_POINT('',(237.35,230.2,1.6));
#1467 = LINE('',#1468,#1469);
#1468 = CARTESIAN_POINT('',(104.,230.2,1.6));
#1469 = VECTOR('',#1470,1.);
#1470 = DIRECTION('',(1.,0.,-0.));
#1471 = ORIENTED_EDGE('',*,*,#1472,.F.);
#1472 = EDGE_CURVE('',#1473,#1465,#1475,.T.);
#1473 = VERTEX_POINT('',#1474);
#1474 = CARTESIAN_POINT('',(237.35,227.6,1.6));
#1475 = LINE('',#1476,#1477);
#1476 = CARTESIAN_POINT('',(237.35,224.,1.6));
#1477 = VECTOR('',#1478,1.);
#1478 = DIRECTION('',(-0.,1.,0.));
#1479 = ORIENTED_EDGE('',*,*,#1480,.T.);
#1480 = EDGE_CURVE('',#1473,#1481,#1483,.T.);
#1481 = VERTEX_POINT('',#1482);
#1482 = CARTESIAN_POINT('',(301.,227.6,1.6));
#1483 = LINE('',#1484,#1485);
#1484 = CARTESIAN_POINT('',(212.,227.6,1.6));
#1485 = VECTOR('',#1486,1.);
#1486 = DIRECTION('',(1.,0.,-0.));
#1487 = ORIENTED_EDGE('',*,*,#1488,.F.);
#1488 = EDGE_CURVE('',#1489,#1481,#1491,.T.);
#1489 = VERTEX_POINT('',#1490);
#1490 = CARTESIAN_POINT('',(301.,219.2,1.6));
#1491 = LINE('',#1492,#1493);
#1492 = CARTESIAN_POINT('',(301.,219.2,1.6));
#1493 = VECTOR('',#1494,1.);
#1494 = DIRECTION('',(-0.,1.,0.));
#1495 = ORIENTED_EDGE('',*,*,#1496,.F.);
#1496 = EDGE_CURVE('',#1497,#1489,#1499,.T.);
#1497 = VERTEX_POINT('',#1498);
#1498 = CARTESIAN_POINT('',(212.,219.2,1.6));
#1499 = LINE('',#1500,#1501);
#1500 = CARTESIAN_POINT('',(212.,219.2,1.6));
#1501 = VECTOR('',#1502,1.);
#1502 = DIRECTION('',(1.,0.,-0.));
#1503 = ORIENTED_EDGE('',*,*,#1504,.T.);
#1504 = EDGE_CURVE('',#1497,#1505,#1507,.T.);
#1505 = VERTEX_POINT('',#1506);
#1506 = CARTESIAN_POINT('',(212.,224.,1.6));
#1507 = LINE('',#1508,#1509);
#1508 = CARTESIAN_POINT('',(212.,219.2,1.6));
#1509 = VECTOR('',#1510,1.);
#1510 = DIRECTION('',(-0.,1.,0.));
#1511 = ORIENTED_EDGE('',*,*,#1512,.F.);
#1512 = EDGE_CURVE('',#1513,#1505,#1515,.T.);
#1513 = VERTEX_POINT('',#1514);
#1514 = CARTESIAN_POINT('',(112.,224.,1.6));
#1515 = LINE('',#1516,#1517);
#1516 = CARTESIAN_POINT('',(104.,224.,1.6));
#1517 = VECTOR('',#1518,1.);
#1518 = DIRECTION('',(1.,0.,-0.));
#1519 = ORIENTED_EDGE('',*,*,#1520,.F.);
#1520 = EDGE_CURVE('',#1321,#1513,#1521,.T.);
#1521 = LINE('',#1522,#1523);
#1522 = CARTESIAN_POINT('',(112.,150.,1.6));
#1523 = VECTOR('',#1524,1.);
#1524 = DIRECTION('',(-0.,1.,0.));
#1525 = FACE_BOUND('',#1526,.T.);
#1526 = EDGE_LOOP('',(#1527,#1537,#1545,#1553));
#1527 = ORIENTED_EDGE('',*,*,#1528,.T.);
#1528 = EDGE_CURVE('',#1529,#1531,#1533,.T.);
#1529 = VERTEX_POINT('',#1530);
#1530 = CARTESIAN_POINT('',(212.,178.56,1.6));
#1531 = VERTEX_POINT('',#1532);
#1532 = CARTESIAN_POINT('',(212.,186.96,1.6));
#1533 = LINE('',#1534,#1535);
#1534 = CARTESIAN_POINT('',(212.,178.56,1.6));
#1535 = VECTOR('',#1536,1.);
#1536 = DIRECTION('',(-0.,1.,0.));
#1537 = ORIENTED_EDGE('',*,*,#1538,.T.);
#1538 = EDGE_CURVE('',#1531,#1539,#1541,.T.);
#1539 = VERTEX_POINT('',#1540);
#1540 = CARTESIAN_POINT('',(301.,186.96,1.6));
#1541 = LINE('',#1542,#1543);
#1542 = CARTESIAN_POINT('',(212.,186.96,1.6));
#1543 = VECTOR('',#1544,1.);
#1544 = DIRECTION('',(1.,0.,-0.));
#1545 = ORIENTED_EDGE('',*,*,#1546,.F.);
#1546 = EDGE_CURVE('',#1547,#1539,#1549,.T.);
#1547 = VERTEX_POINT('',#1548);
#1548 = CARTESIAN_POINT('',(301.,178.56,1.6));
#1549 = LINE('',#1550,#1551);
#1550 = CARTESIAN_POINT('',(301.,178.56,1.6));
#1551 = VECTOR('',#1552,1.);
#1552 = DIRECTION('',(-0.,1.,0.));
#1553 = ORIENTED_EDGE('',*,*,#1554,.F.);
#1554 = EDGE_CURVE('',#1529,#1547,#1555,.T.);
#1555 = LINE('',#1556,#1557);
#1556 = CARTESIAN_POINT('',(212.,178.56,1.6));
#1557 = VECTOR('',#1558,1.);
#1558 = DIRECTION('',(1.,0.,-0.));
#1559 = FACE_BOUND('',#1560,.T.);
#1560 = EDGE_LOOP('',(#1561));
#1561 = ORIENTED_EDGE('',*,*,#1562,.F.);
#1562 = EDGE_CURVE('',#1563,#1563,#1565,.T.);
#1563 = VERTEX_POINT('',#1564);
#1564 = CARTESIAN_POINT('',(325.75,165.,1.6));
#1565 = CIRCLE('',#1566,1.75);
#1566 = AXIS2_PLACEMENT_3D('',#1567,#1568,#1569);
#1567 = CARTESIAN_POINT('',(324.,165.,1.6));
#1568 = DIRECTION('',(0.,0.,1.));
#1569 = DIRECTION('',(1.,0.,-0.));
#1570 = FACE_BOUND('',#1571,.T.);
#1571 = EDGE_LOOP('',(#1572));
#1572 = ORIENTED_EDGE('',*,*,#1573,.F.);
#1573 = EDGE_CURVE('',#1574,#1574,#1576,.T.);
#1574 = VERTEX_POINT('',#1575);
#1575 = CARTESIAN_POINT('',(249.75,298.,1.6));
#1576 = CIRCLE('',#1577,1.75);
#1577 = AXIS2_PLACEMENT_3D('',#1578,#1579,#1580);
#1578 = CARTESIAN_POINT('',(248.,298.,1.6));
#1579 = DIRECTION('',(0.,0.,1.));
#1580 = DIRECTION('',(1.,0.,-0.));
#1581 = FACE_BOUND('',#1582,.T.);
#1582 = EDGE_LOOP('',(#1583));
#1583 = ORIENTED_EDGE('',*,*,#1584,.F.);
#1584 = EDGE_CURVE('',#1585,#1585,#1587,.T.);
#1585 = VERTEX_POINT('',#1586);
#1586 = CARTESIAN_POINT('',(325.75,298.,1.6));
#1587 = CIRCLE('',#1588,1.75);
#1588 = AXIS2_PLACEMENT_3D('',#1589,#1590,#1591);
#1589 = CARTESIAN_POINT('',(324.,298.,1.6));
#1590 = DIRECTION('',(0.,0.,1.));
#1591 = DIRECTION('',(1.,0.,-0.));
#1592 = PLANE('',#1593);
#1593 = AXIS2_PLACEMENT_3D('',#1594,#1595,#1596);
#1594 = CARTESIAN_POINT('',(0.,0.,1.6));
#1595 = DIRECTION('',(0.,0.,1.));
#1596 = DIRECTION('',(1.,0.,-0.));
#1597 = ADVANCED_FACE('',(#1598),#1623,.F.);
#1598 = FACE_BOUND('',#1599,.F.);
#1599 = EDGE_LOOP('',(#1600,#1608,#1616,#1622));
#1600 = ORIENTED_EDGE('',*,*,#1601,.F.);
#1601 = EDGE_CURVE('',#1602,#816,#1604,.T.);
#1602 = VERTEX_POINT('',#1603);
#1603 = CARTESIAN_POINT('',(-0.1,230.,1.6));
#1604 = LINE('',#1605,#1606);
#1605 = CARTESIAN_POINT('',(-0.1,230.,1.6));
#1606 = VECTOR('',#1607,1.);
#1607 = DIRECTION('',(1.,0.,-0.));
#1608 = ORIENTED_EDGE('',*,*,#1609,.F.);
#1609 = EDGE_CURVE('',#1610,#1602,#1612,.T.);
#1610 = VERTEX_POINT('',#1611);
#1611 = CARTESIAN_POINT('',(-0.1,70.,1.6));
#1612 = LINE('',#1613,#1614);
#1613 = CARTESIAN_POINT('',(-0.1,70.,1.6));
#1614 = VECTOR('',#1615,1.);
#1615 = DIRECTION('',(-0.,1.,0.));
#1616 = ORIENTED_EDGE('',*,*,#1617,.T.);
#1617 = EDGE_CURVE('',#1610,#824,#1618,.T.);
#1618 = LINE('',#1619,#1620);
#1619 = CARTESIAN_POINT('',(-0.1,70.,1.6));
#1620 = VECTOR('',#1621,1.);
#1621 = DIRECTION('',(1.,0.,-0.));
#1622 = ORIENTED_EDGE('',*,*,#823,.T.);
#1623 = PLANE('',#1624);
#1624 = AXIS2_PLACEMENT_3D('',#1625,#1626,#1627);
#1625 = CARTESIAN_POINT('',(-0.1,70.,1.6));
#1626 = DIRECTION('',(0.,0.,1.));
#1627 = DIRECTION('',(1.,0.,-0.));
#1628 = ADVANCED_FACE('',(#1629),#1647,.T.);
#1629 = FACE_BOUND('',#1630,.T.);
#1630 = EDGE_LOOP('',(#1631,#1639,#1640,#1641));
#1631 = ORIENTED_EDGE('',*,*,#1632,.F.);
#1632 = EDGE_CURVE('',#800,#1633,#1635,.T.);
#1633 = VERTEX_POINT('',#1634);
#1634 = CARTESIAN_POINT('',(330.,305.,0.));
#1635 = LINE('',#1636,#1637);
#1636 = CARTESIAN_POINT('',(0.,305.,0.));
#1637 = VECTOR('',#1638,1.);
#1638 = DIRECTION('',(1.,0.,-0.));
#1639 = ORIENTED_EDGE('',*,*,#807,.T.);
#1640 = ORIENTED_EDGE('',*,*,#886,.T.);
#1641 = ORIENTED_EDGE('',*,*,#1642,.F.);
#1642 = EDGE_CURVE('',#1633,#879,#1643,.T.);
#1643 = LINE('',#1644,#1645);
#1644 = CARTESIAN_POINT('',(330.,305.,0.));
#1645 = VECTOR('',#1646,1.);
#1646 = DIRECTION('',(0.,0.,1.));
#1647 = PLANE('',#1648);
#1648 = AXIS2_PLACEMENT_3D('',#1649,#1650,#1651);
#1649 = CARTESIAN_POINT('',(0.,305.,0.));
#1650 = DIRECTION('',(-0.,1.,0.));
#1651 = DIRECTION('',(0.,0.,1.));
#1652 = ADVANCED_FACE('',(#1653,#1664,#1675,#1686,#1697,#1708,#1719,
    #1730,#1741,#1752,#1763),#1774,.F.);
#1653 = FACE_BOUND('',#1654,.F.);
#1654 = EDGE_LOOP('',(#1655,#1656,#1657,#1663));
#1655 = ORIENTED_EDGE('',*,*,#799,.F.);
#1656 = ORIENTED_EDGE('',*,*,#845,.T.);
#1657 = ORIENTED_EDGE('',*,*,#1658,.T.);
#1658 = EDGE_CURVE('',#846,#1633,#1659,.T.);
#1659 = LINE('',#1660,#1661);
#1660 = CARTESIAN_POINT('',(330.,0.,0.));
#1661 = VECTOR('',#1662,1.);
#1662 = DIRECTION('',(-0.,1.,0.));
#1663 = ORIENTED_EDGE('',*,*,#1632,.F.);
#1664 = FACE_BOUND('',#1665,.F.);
#1665 = EDGE_LOOP('',(#1666));
#1666 = ORIENTED_EDGE('',*,*,#1667,.F.);
#1667 = EDGE_CURVE('',#1668,#1668,#1670,.T.);
#1668 = VERTEX_POINT('',#1669);
#1669 = CARTESIAN_POINT('',(8.15,6.4,0.));
#1670 = CIRCLE('',#1671,1.75);
#1671 = AXIS2_PLACEMENT_3D('',#1672,#1673,#1674);
#1672 = CARTESIAN_POINT('',(6.4,6.4,0.));
#1673 = DIRECTION('',(0.,0.,1.));
#1674 = DIRECTION('',(1.,0.,-0.));
#1675 = FACE_BOUND('',#1676,.F.);
#1676 = EDGE_LOOP('',(#1677));
#1677 = ORIENTED_EDGE('',*,*,#1678,.F.);
#1678 = EDGE_CURVE('',#1679,#1679,#1681,.T.);
#1679 = VERTEX_POINT('',#1680);
#1680 = CARTESIAN_POINT('',(164.75,6.4,0.));
#1681 = CIRCLE('',#1682,1.75);
#1682 = AXIS2_PLACEMENT_3D('',#1683,#1684,#1685);
#1683 = CARTESIAN_POINT('',(163.,6.4,0.));
#1684 = DIRECTION('',(0.,0.,1.));
#1685 = DIRECTION('',(1.,0.,-0.));
#1686 = FACE_BOUND('',#1687,.F.);
#1687 = EDGE_LOOP('',(#1688));
#1688 = ORIENTED_EDGE('',*,*,#1689,.F.);
#1689 = EDGE_CURVE('',#1690,#1690,#1692,.T.);
#1690 = VERTEX_POINT('',#1691);
#1691 = CARTESIAN_POINT('',(249.75,6.4,0.));
#1692 = CIRCLE('',#1693,1.75);
#1693 = AXIS2_PLACEMENT_3D('',#1694,#1695,#1696);
#1694 = CARTESIAN_POINT('',(248.,6.4,0.));
#1695 = DIRECTION('',(0.,0.,1.));
#1696 = DIRECTION('',(1.,0.,-0.));
#1697 = FACE_BOUND('',#1698,.F.);
#1698 = EDGE_LOOP('',(#1699));
#1699 = ORIENTED_EDGE('',*,*,#1700,.F.);
#1700 = EDGE_CURVE('',#1701,#1701,#1703,.T.);
#1701 = VERTEX_POINT('',#1702);
#1702 = CARTESIAN_POINT('',(325.75,6.4,0.));
#1703 = CIRCLE('',#1704,1.75);
#1704 = AXIS2_PLACEMENT_3D('',#1705,#1706,#1707);
#1705 = CARTESIAN_POINT('',(324.,6.4,0.));
#1706 = DIRECTION('',(0.,0.,1.));
#1707 = DIRECTION('',(1.,0.,-0.));
#1708 = FACE_BOUND('',#1709,.F.);
#1709 = EDGE_LOOP('',(#1710));
#1710 = ORIENTED_EDGE('',*,*,#1711,.F.);
#1711 = EDGE_CURVE('',#1712,#1712,#1714,.T.);
#1712 = VERTEX_POINT('',#1713);
#1713 = CARTESIAN_POINT('',(8.15,165.,0.));
#1714 = CIRCLE('',#1715,1.75);
#1715 = AXIS2_PLACEMENT_3D('',#1716,#1717,#1718);
#1716 = CARTESIAN_POINT('',(6.4,165.,0.));
#1717 = DIRECTION('',(0.,0.,1.));
#1718 = DIRECTION('',(1.,0.,-0.));
#1719 = FACE_BOUND('',#1720,.F.);
#1720 = EDGE_LOOP('',(#1721));
#1721 = ORIENTED_EDGE('',*,*,#1722,.F.);
#1722 = EDGE_CURVE('',#1723,#1723,#1725,.T.);
#1723 = VERTEX_POINT('',#1724);
#1724 = CARTESIAN_POINT('',(8.15,298.,0.));
#1725 = CIRCLE('',#1726,1.75);
#1726 = AXIS2_PLACEMENT_3D('',#1727,#1728,#1729);
#1727 = CARTESIAN_POINT('',(6.4,298.,0.));
#1728 = DIRECTION('',(0.,0.,1.));
#1729 = DIRECTION('',(1.,0.,-0.));
#1730 = FACE_BOUND('',#1731,.F.);
#1731 = EDGE_LOOP('',(#1732));
#1732 = ORIENTED_EDGE('',*,*,#1733,.F.);
#1733 = EDGE_CURVE('',#1734,#1734,#1736,.T.);
#1734 = VERTEX_POINT('',#1735);
#1735 = CARTESIAN_POINT('',(164.75,298.,0.));
#1736 = CIRCLE('',#1737,1.75);
#1737 = AXIS2_PLACEMENT_3D('',#1738,#1739,#1740);
#1738 = CARTESIAN_POINT('',(163.,298.,0.));
#1739 = DIRECTION('',(0.,0.,1.));
#1740 = DIRECTION('',(1.,0.,-0.));
#1741 = FACE_BOUND('',#1742,.F.);
#1742 = EDGE_LOOP('',(#1743));
#1743 = ORIENTED_EDGE('',*,*,#1744,.F.);
#1744 = EDGE_CURVE('',#1745,#1745,#1747,.T.);
#1745 = VERTEX_POINT('',#1746);
#1746 = CARTESIAN_POINT('',(325.75,165.,0.));
#1747 = CIRCLE('',#1748,1.75);
#1748 = AXIS2_PLACEMENT_3D('',#1749,#1750,#1751);
#1749 = CARTESIAN_POINT('',(324.,165.,0.));
#1750 = DIRECTION('',(0.,0.,1.));
#1751 = DIRECTION('',(1.,0.,-0.));
#1752 = FACE_BOUND('',#1753,.F.);
#1753 = EDGE_LOOP('',(#1754));
#1754 = ORIENTED_EDGE('',*,*,#1755,.F.);
#1755 = EDGE_CURVE('',#1756,#1756,#1758,.T.);
#1756 = VERTEX_POINT('',#1757);
#1757 = CARTESIAN_POINT('',(249.75,298.,0.));
#1758 = CIRCLE('',#1759,1.75);
#1759 = AXIS2_PLACEMENT_3D('',#1760,#1761,#1762);
#1760 = CARTESIAN_POINT('',(248.,298.,0.));
#1761 = DIRECTION('',(0.,0.,1.));
#1762 = DIRECTION('',(1.,0.,-0.));
#1763 = FACE_BOUND('',#1764,.F.);
#1764 = EDGE_LOOP('',(#1765));
#1765 = ORIENTED_EDGE('',*,*,#1766,.F.);
#1766 = EDGE_CURVE('',#1767,#1767,#1769,.T.);
#1767 = VERTEX_POINT('',#1768);
#1768 = CARTESIAN_POINT('',(325.75,298.,0.));
#1769 = CIRCLE('',#1770,1.75);
#1770 = AXIS2_PLACEMENT_3D('',#1771,#1772,#1773);
#1771 = CARTESIAN_POINT('',(324.,298.,0.));
#1772 = DIRECTION('',(0.,0.,1.));
#1773 = DIRECTION('',(1.,0.,-0.));
#1774 = PLANE('',#1775);
#1775 = AXIS2_PLACEMENT_3D('',#1776,#1777,#1778);
#1776 = CARTESIAN_POINT('',(0.,0.,0.));
#1777 = DIRECTION('',(0.,0.,1.));
#1778 = DIRECTION('',(1.,0.,-0.));
#1779 = ADVANCED_FACE('',(#1780),#1786,.T.);
#1780 = FACE_BOUND('',#1781,.T.);
#1781 = EDGE_LOOP('',(#1782,#1783,#1784,#1785));
#1782 = ORIENTED_EDGE('',*,*,#862,.F.);
#1783 = ORIENTED_EDGE('',*,*,#1658,.T.);
#1784 = ORIENTED_EDGE('',*,*,#1642,.T.);
#1785 = ORIENTED_EDGE('',*,*,#878,.F.);
#1786 = PLANE('',#1787);
#1787 = AXIS2_PLACEMENT_3D('',#1788,#1789,#1790);
#1788 = CARTESIAN_POINT('',(330.,0.,0.));
#1789 = DIRECTION('',(1.,0.,-0.));
#1790 = DIRECTION('',(0.,0.,1.));
#1791 = ADVANCED_FACE('',(#1792),#1818,.F.);
#1792 = FACE_BOUND('',#1793,.F.);
#1793 = EDGE_LOOP('',(#1794,#1795,#1803,#1811,#1817));
#1794 = ORIENTED_EDGE('',*,*,#1617,.F.);
#1795 = ORIENTED_EDGE('',*,*,#1796,.T.);
#1796 = EDGE_CURVE('',#1610,#1797,#1799,.T.);
#1797 = VERTEX_POINT('',#1798);
#1798 = CARTESIAN_POINT('',(-0.1,70.,35.6));
#1799 = LINE('',#1800,#1801);
#1800 = CARTESIAN_POINT('',(-0.1,70.,1.6));
#1801 = VECTOR('',#1802,1.);
#1802 = DIRECTION('',(0.,0.,1.));
#1803 = ORIENTED_EDGE('',*,*,#1804,.T.);
#1804 = EDGE_CURVE('',#1797,#1805,#1807,.T.);
#1805 = VERTEX_POINT('',#1806);
#1806 = CARTESIAN_POINT('',(15.9,70.,35.6));
#1807 = LINE('',#1808,#1809);
#1808 = CARTESIAN_POINT('',(-0.1,70.,35.6));
#1809 = VECTOR('',#1810,1.);
#1810 = DIRECTION('',(1.,0.,-0.));
#1811 = ORIENTED_EDGE('',*,*,#1812,.F.);
#1812 = EDGE_CURVE('',#902,#1805,#1813,.T.);
#1813 = LINE('',#1814,#1815);
#1814 = CARTESIAN_POINT('',(15.9,70.,1.6));
#1815 = VECTOR('',#1816,1.);
#1816 = DIRECTION('',(0.,0.,1.));
#1817 = ORIENTED_EDGE('',*,*,#909,.F.);
#1818 = PLANE('',#1819);
#1819 = AXIS2_PLACEMENT_3D('',#1820,#1821,#1822);
#1820 = CARTESIAN_POINT('',(-0.1,70.,1.6));
#1821 = DIRECTION('',(-0.,1.,0.));
#1822 = DIRECTION('',(0.,0.,1.));
#1823 = ADVANCED_FACE('',(#1824),#1842,.T.);
#1824 = FACE_BOUND('',#1825,.T.);
#1825 = EDGE_LOOP('',(#1826,#1827,#1828,#1836));
#1826 = ORIENTED_EDGE('',*,*,#1812,.F.);
#1827 = ORIENTED_EDGE('',*,*,#901,.T.);
#1828 = ORIENTED_EDGE('',*,*,#1829,.T.);
#1829 = EDGE_CURVE('',#894,#1830,#1832,.T.);
#1830 = VERTEX_POINT('',#1831);
#1831 = CARTESIAN_POINT('',(15.9,230.,35.6));
#1832 = LINE('',#1833,#1834);
#1833 = CARTESIAN_POINT('',(15.9,230.,1.6));
#1834 = VECTOR('',#1835,1.);
#1835 = DIRECTION('',(0.,0.,1.));
#1836 = ORIENTED_EDGE('',*,*,#1837,.F.);
#1837 = EDGE_CURVE('',#1805,#1830,#1838,.T.);
#1838 = LINE('',#1839,#1840);
#1839 = CARTESIAN_POINT('',(15.9,70.,35.6));
#1840 = VECTOR('',#1841,1.);
#1841 = DIRECTION('',(-0.,1.,0.));
#1842 = PLANE('',#1843);
#1843 = AXIS2_PLACEMENT_3D('',#1844,#1845,#1846);
#1844 = CARTESIAN_POINT('',(15.9,70.,1.6));
#1845 = DIRECTION('',(1.,0.,-0.));
#1846 = DIRECTION('',(0.,0.,1.));
#1847 = ADVANCED_FACE('',(#1848),#1867,.T.);
#1848 = FACE_BOUND('',#1849,.T.);
#1849 = EDGE_LOOP('',(#1850,#1851,#1859,#1865,#1866));
#1850 = ORIENTED_EDGE('',*,*,#1601,.F.);
#1851 = ORIENTED_EDGE('',*,*,#1852,.T.);
#1852 = EDGE_CURVE('',#1602,#1853,#1855,.T.);
#1853 = VERTEX_POINT('',#1854);
#1854 = CARTESIAN_POINT('',(-0.1,230.,35.6));
#1855 = LINE('',#1856,#1857);
#1856 = CARTESIAN_POINT('',(-0.1,230.,1.6));
#1857 = VECTOR('',#1858,1.);
#1858 = DIRECTION('',(0.,0.,1.));
#1859 = ORIENTED_EDGE('',*,*,#1860,.T.);
#1860 = EDGE_CURVE('',#1853,#1830,#1861,.T.);
#1861 = LINE('',#1862,#1863);
#1862 = CARTESIAN_POINT('',(-0.1,230.,35.6));
#1863 = VECTOR('',#1864,1.);
#1864 = DIRECTION('',(1.,0.,-0.));
#1865 = ORIENTED_EDGE('',*,*,#1829,.F.);
#1866 = ORIENTED_EDGE('',*,*,#893,.F.);
#1867 = PLANE('',#1868);
#1868 = AXIS2_PLACEMENT_3D('',#1869,#1870,#1871);
#1869 = CARTESIAN_POINT('',(-0.1,230.,1.6));
#1870 = DIRECTION('',(-0.,1.,0.));
#1871 = DIRECTION('',(0.,0.,1.));
#1872 = ADVANCED_FACE('',(#1873),#1884,.F.);
#1873 = FACE_BOUND('',#1874,.F.);
#1874 = EDGE_LOOP('',(#1875,#1876,#1882,#1883));
#1875 = ORIENTED_EDGE('',*,*,#917,.F.);
#1876 = ORIENTED_EDGE('',*,*,#1877,.F.);
#1877 = EDGE_CURVE('',#1668,#918,#1878,.T.);
#1878 = LINE('',#1879,#1880);
#1879 = CARTESIAN_POINT('',(8.15,6.4,-1.));
#1880 = VECTOR('',#1881,1.);
#1881 = DIRECTION('',(0.,0.,1.));
#1882 = ORIENTED_EDGE('',*,*,#1667,.T.);
#1883 = ORIENTED_EDGE('',*,*,#1877,.T.);
#1884 = CYLINDRICAL_SURFACE('',#1885,1.75);
#1885 = AXIS2_PLACEMENT_3D('',#1886,#1887,#1888);
#1886 = CARTESIAN_POINT('',(6.4,6.4,-1.));
#1887 = DIRECTION('',(0.,0.,1.));
#1888 = DIRECTION('',(1.,0.,-0.));
#1889 = ADVANCED_FACE('',(#1890),#1909,.F.);
#1890 = FACE_BOUND('',#1891,.F.);
#1891 = EDGE_LOOP('',(#1892,#1898,#1899,#1900,#1901,#1908));
#1892 = ORIENTED_EDGE('',*,*,#1893,.F.);
#1893 = EDGE_CURVE('',#1679,#929,#1894,.T.);
#1894 = LINE('',#1895,#1896);
#1895 = CARTESIAN_POINT('',(164.75,6.4,-1.));
#1896 = VECTOR('',#1897,1.);
#1897 = DIRECTION('',(0.,0.,1.));
#1898 = ORIENTED_EDGE('',*,*,#1678,.T.);
#1899 = ORIENTED_EDGE('',*,*,#1893,.T.);
#1900 = ORIENTED_EDGE('',*,*,#939,.F.);
#1901 = ORIENTED_EDGE('',*,*,#1902,.F.);
#1902 = EDGE_CURVE('',#931,#940,#1903,.T.);
#1903 = CIRCLE('',#1904,1.75);
#1904 = AXIS2_PLACEMENT_3D('',#1905,#1906,#1907);
#1905 = CARTESIAN_POINT('',(163.,6.4,1.6));
#1906 = DIRECTION('',(0.,0.,1.));
#1907 = DIRECTION('',(1.,0.,-0.));
#1908 = ORIENTED_EDGE('',*,*,#928,.F.);
#1909 = CYLINDRICAL_SURFACE('',#1910,1.75);
#1910 = AXIS2_PLACEMENT_3D('',#1911,#1912,#1913);
#1911 = CARTESIAN_POINT('',(163.,6.4,-1.));
#1912 = DIRECTION('',(0.,0.,1.));
#1913 = DIRECTION('',(1.,0.,-0.));
#1914 = ADVANCED_FACE('',(#1915),#1947,.F.);
#1915 = FACE_BOUND('',#1916,.F.);
#1916 = EDGE_LOOP('',(#1917,#1918,#1926,#1934,#1940,#1941));
#1917 = ORIENTED_EDGE('',*,*,#948,.F.);
#1918 = ORIENTED_EDGE('',*,*,#1919,.T.);
#1919 = EDGE_CURVE('',#949,#1920,#1922,.T.);
#1920 = VERTEX_POINT('',#1921);
#1921 = CARTESIAN_POINT('',(120.,8.,4.8));
#1922 = LINE('',#1923,#1924);
#1923 = CARTESIAN_POINT('',(120.,8.,1.6));
#1924 = VECTOR('',#1925,1.);
#1925 = DIRECTION('',(0.,0.,1.));
#1926 = ORIENTED_EDGE('',*,*,#1927,.T.);
#1927 = EDGE_CURVE('',#1920,#1928,#1930,.T.);
#1928 = VERTEX_POINT('',#1929);
#1929 = CARTESIAN_POINT('',(200.,8.,4.8));
#1930 = LINE('',#1931,#1932);
#1931 = CARTESIAN_POINT('',(120.,8.,4.8));
#1932 = VECTOR('',#1933,1.);
#1933 = DIRECTION('',(1.,0.,-0.));
#1934 = ORIENTED_EDGE('',*,*,#1935,.F.);
#1935 = EDGE_CURVE('',#973,#1928,#1936,.T.);
#1936 = LINE('',#1937,#1938);
#1937 = CARTESIAN_POINT('',(200.,8.,1.6));
#1938 = VECTOR('',#1939,1.);
#1939 = DIRECTION('',(0.,0.,1.));
#1940 = ORIENTED_EDGE('',*,*,#980,.F.);
#1941 = ORIENTED_EDGE('',*,*,#1942,.F.);
#1942 = EDGE_CURVE('',#940,#931,#1943,.T.);
#1943 = LINE('',#1944,#1945);
#1944 = CARTESIAN_POINT('',(120.,8.,1.6));
#1945 = VECTOR('',#1946,1.);
#1946 = DIRECTION('',(1.,0.,-0.));
#1947 = PLANE('',#1948);
#1948 = AXIS2_PLACEMENT_3D('',#1949,#1950,#1951);
#1949 = CARTESIAN_POINT('',(120.,8.,1.6));
#1950 = DIRECTION('',(-0.,1.,0.));
#1951 = DIRECTION('',(0.,0.,1.));
#1952 = ADVANCED_FACE('',(#1953),#1971,.T.);
#1953 = FACE_BOUND('',#1954,.T.);
#1954 = EDGE_LOOP('',(#1955,#1956,#1957,#1965));
#1955 = ORIENTED_EDGE('',*,*,#1935,.F.);
#1956 = ORIENTED_EDGE('',*,*,#972,.T.);
#1957 = ORIENTED_EDGE('',*,*,#1958,.T.);
#1958 = EDGE_CURVE('',#965,#1959,#1961,.T.);
#1959 = VERTEX_POINT('',#1960);
#1960 = CARTESIAN_POINT('',(200.,30.,4.8));
#1961 = LINE('',#1962,#1963);
#1962 = CARTESIAN_POINT('',(200.,30.,1.6));
#1963 = VECTOR('',#1964,1.);
#1964 = DIRECTION('',(0.,0.,1.));
#1965 = ORIENTED_EDGE('',*,*,#1966,.F.);
#1966 = EDGE_CURVE('',#1928,#1959,#1967,.T.);
#1967 = LINE('',#1968,#1969);
#1968 = CARTESIAN_POINT('',(200.,8.,4.8));
#1969 = VECTOR('',#1970,1.);
#1970 = DIRECTION('',(-0.,1.,0.));
#1971 = PLANE('',#1972);
#1972 = AXIS2_PLACEMENT_3D('',#1973,#1974,#1975);
#1973 = CARTESIAN_POINT('',(200.,8.,1.6));
#1974 = DIRECTION('',(1.,0.,-0.));
#1975 = DIRECTION('',(0.,0.,1.));
#1976 = ADVANCED_FACE('',(#1977),#1995,.T.);
#1977 = FACE_BOUND('',#1978,.T.);
#1978 = EDGE_LOOP('',(#1979,#1980,#1988,#1994));
#1979 = ORIENTED_EDGE('',*,*,#964,.F.);
#1980 = ORIENTED_EDGE('',*,*,#1981,.T.);
#1981 = EDGE_CURVE('',#957,#1982,#1984,.T.);
#1982 = VERTEX_POINT('',#1983);
#1983 = CARTESIAN_POINT('',(120.,30.,4.8));
#1984 = LINE('',#1985,#1986);
#1985 = CARTESIAN_POINT('',(120.,30.,1.6));
#1986 = VECTOR('',#1987,1.);
#1987 = DIRECTION('',(0.,0.,1.));
#1988 = ORIENTED_EDGE('',*,*,#1989,.T.);
#1989 = EDGE_CURVE('',#1982,#1959,#1990,.T.);
#1990 = LINE('',#1991,#1992);
#1991 = CARTESIAN_POINT('',(120.,30.,4.8));
#1992 = VECTOR('',#1993,1.);
#1993 = DIRECTION('',(1.,0.,-0.));
#1994 = ORIENTED_EDGE('',*,*,#1958,.F.);
#1995 = PLANE('',#1996);
#1996 = AXIS2_PLACEMENT_3D('',#1997,#1998,#1999);
#1997 = CARTESIAN_POINT('',(120.,30.,1.6));
#1998 = DIRECTION('',(-0.,1.,0.));
#1999 = DIRECTION('',(0.,0.,1.));
#2000 = ADVANCED_FACE('',(#2001),#2012,.F.);
#2001 = FACE_BOUND('',#2002,.F.);
#2002 = EDGE_LOOP('',(#2003,#2004,#2005,#2006));
#2003 = ORIENTED_EDGE('',*,*,#1919,.F.);
#2004 = ORIENTED_EDGE('',*,*,#956,.T.);
#2005 = ORIENTED_EDGE('',*,*,#1981,.T.);
#2006 = ORIENTED_EDGE('',*,*,#2007,.F.);
#2007 = EDGE_CURVE('',#1920,#1982,#2008,.T.);
#2008 = LINE('',#2009,#2010);
#2009 = CARTESIAN_POINT('',(120.,8.,4.8));
#2010 = VECTOR('',#2011,1.);
#2011 = DIRECTION('',(-0.,1.,0.));
#2012 = PLANE('',#2013);
#2013 = AXIS2_PLACEMENT_3D('',#2014,#2015,#2016);
#2014 = CARTESIAN_POINT('',(120.,8.,1.6));
#2015 = DIRECTION('',(1.,0.,-0.));
#2016 = DIRECTION('',(0.,0.,1.));
#2017 = ADVANCED_FACE('',(#2018),#2043,.T.);
#2018 = FACE_BOUND('',#2019,.T.);
#2019 = EDGE_LOOP('',(#2020,#2028,#2029,#2037));
#2020 = ORIENTED_EDGE('',*,*,#2021,.F.);
#2021 = EDGE_CURVE('',#1107,#2022,#2024,.T.);
#2022 = VERTEX_POINT('',#2023);
#2023 = CARTESIAN_POINT('',(301.,56.64,13.1));
#2024 = LINE('',#2025,#2026);
#2025 = CARTESIAN_POINT('',(301.,56.64,1.6));
#2026 = VECTOR('',#2027,1.);
#2027 = DIRECTION('',(0.,0.,1.));
#2028 = ORIENTED_EDGE('',*,*,#1106,.T.);
#2029 = ORIENTED_EDGE('',*,*,#2030,.T.);
#2030 = EDGE_CURVE('',#1099,#2031,#2033,.T.);
#2031 = VERTEX_POINT('',#2032);
#2032 = CARTESIAN_POINT('',(301.,65.04,13.1));
#2033 = LINE('',#2034,#2035);
#2034 = CARTESIAN_POINT('',(301.,65.04,1.6));
#2035 = VECTOR('',#2036,1.);
#2036 = DIRECTION('',(0.,0.,1.));
#2037 = ORIENTED_EDGE('',*,*,#2038,.F.);
#2038 = EDGE_CURVE('',#2022,#2031,#2039,.T.);
#2039 = LINE('',#2040,#2041);
#2040 = CARTESIAN_POINT('',(301.,56.64,13.1));
#2041 = VECTOR('',#2042,1.);
#2042 = DIRECTION('',(-0.,1.,0.));
#2043 = PLANE('',#2044);
#2044 = AXIS2_PLACEMENT_3D('',#2045,#2046,#2047);
#2045 = CARTESIAN_POINT('',(301.,56.64,1.6));
#2046 = DIRECTION('',(1.,0.,-0.));
#2047 = DIRECTION('',(0.,0.,1.));
#2048 = ADVANCED_FACE('',(#2049),#2067,.T.);
#2049 = FACE_BOUND('',#2050,.T.);
#2050 = EDGE_LOOP('',(#2051,#2052,#2060,#2066));
#2051 = ORIENTED_EDGE('',*,*,#1098,.F.);
#2052 = ORIENTED_EDGE('',*,*,#2053,.T.);
#2053 = EDGE_CURVE('',#1091,#2054,#2056,.T.);
#2054 = VERTEX_POINT('',#2055);
#2055 = CARTESIAN_POINT('',(237.35,65.04,13.1));
#2056 = LINE('',#2057,#2058);
#2057 = CARTESIAN_POINT('',(237.35,65.04,1.6));
#2058 = VECTOR('',#2059,1.);
#2059 = DIRECTION('',(0.,0.,1.));
#2060 = ORIENTED_EDGE('',*,*,#2061,.T.);
#2061 = EDGE_CURVE('',#2054,#2031,#2062,.T.);
#2062 = LINE('',#2063,#2064);
#2063 = CARTESIAN_POINT('',(212.,65.04,13.1));
#2064 = VECTOR('',#2065,1.);
#2065 = DIRECTION('',(1.,0.,-0.));
#2066 = ORIENTED_EDGE('',*,*,#2030,.F.);
#2067 = PLANE('',#2068);
#2068 = AXIS2_PLACEMENT_3D('',#2069,#2070,#2071);
#2069 = CARTESIAN_POINT('',(212.,65.04,1.6));
#2070 = DIRECTION('',(-0.,1.,0.));
#2071 = DIRECTION('',(0.,0.,1.));
#2072 = ADVANCED_FACE('',(#2073),#2084,.F.);
#2073 = FACE_BOUND('',#2074,.F.);
#2074 = EDGE_LOOP('',(#2075,#2076,#2082,#2083));
#2075 = ORIENTED_EDGE('',*,*,#1138,.F.);
#2076 = ORIENTED_EDGE('',*,*,#2077,.F.);
#2077 = EDGE_CURVE('',#1690,#1139,#2078,.T.);
#2078 = LINE('',#2079,#2080);
#2079 = CARTESIAN_POINT('',(249.75,6.4,-1.));
#2080 = VECTOR('',#2081,1.);
#2081 = DIRECTION('',(0.,0.,1.));
#2082 = ORIENTED_EDGE('',*,*,#1689,.T.);
#2083 = ORIENTED_EDGE('',*,*,#2077,.T.);
#2084 = CYLINDRICAL_SURFACE('',#2085,1.75);
#2085 = AXIS2_PLACEMENT_3D('',#2086,#2087,#2088);
#2086 = CARTESIAN_POINT('',(248.,6.4,-1.));
#2087 = DIRECTION('',(0.,0.,1.));
#2088 = DIRECTION('',(1.,0.,-0.));
#2089 = ADVANCED_FACE('',(#2090),#2115,.T.);
#2090 = FACE_BOUND('',#2091,.T.);
#2091 = EDGE_LOOP('',(#2092,#2100,#2101,#2109));
#2092 = ORIENTED_EDGE('',*,*,#2093,.F.);
#2093 = EDGE_CURVE('',#1168,#2094,#2096,.T.);
#2094 = VERTEX_POINT('',#2095);
#2095 = CARTESIAN_POINT('',(301.,16.,13.1));
#2096 = LINE('',#2097,#2098);
#2097 = CARTESIAN_POINT('',(301.,16.,1.6));
#2098 = VECTOR('',#2099,1.);
#2099 = DIRECTION('',(0.,0.,1.));
#2100 = ORIENTED_EDGE('',*,*,#1167,.T.);
#2101 = ORIENTED_EDGE('',*,*,#2102,.T.);
#2102 = EDGE_CURVE('',#1160,#2103,#2105,.T.);
#2103 = VERTEX_POINT('',#2104);
#2104 = CARTESIAN_POINT('',(301.,24.4,13.1));
#2105 = LINE('',#2106,#2107);
#2106 = CARTESIAN_POINT('',(301.,24.4,1.6));
#2107 = VECTOR('',#2108,1.);
#2108 = DIRECTION('',(0.,0.,1.));
#2109 = ORIENTED_EDGE('',*,*,#2110,.F.);
#2110 = EDGE_CURVE('',#2094,#2103,#2111,.T.);
#2111 = LINE('',#2112,#2113);
#2112 = CARTESIAN_POINT('',(301.,16.,13.1));
#2113 = VECTOR('',#2114,1.);
#2114 = DIRECTION('',(-0.,1.,0.));
#2115 = PLANE('',#2116);
#2116 = AXIS2_PLACEMENT_3D('',#2117,#2118,#2119);
#2117 = CARTESIAN_POINT('',(301.,16.,1.6));
#2118 = DIRECTION('',(1.,0.,-0.));
#2119 = DIRECTION('',(0.,0.,1.));
#2120 = ADVANCED_FACE('',(#2121),#2132,.F.);
#2121 = FACE_BOUND('',#2122,.F.);
#2122 = EDGE_LOOP('',(#2123,#2124,#2130,#2131));
#2123 = ORIENTED_EDGE('',*,*,#1183,.F.);
#2124 = ORIENTED_EDGE('',*,*,#2125,.F.);
#2125 = EDGE_CURVE('',#1701,#1184,#2126,.T.);
#2126 = LINE('',#2127,#2128);
#2127 = CARTESIAN_POINT('',(325.75,6.4,-1.));
#2128 = VECTOR('',#2129,1.);
#2129 = DIRECTION('',(0.,0.,1.));
#2130 = ORIENTED_EDGE('',*,*,#1700,.T.);
#2131 = ORIENTED_EDGE('',*,*,#2125,.T.);
#2132 = CYLINDRICAL_SURFACE('',#2133,1.75);
#2133 = AXIS2_PLACEMENT_3D('',#2134,#2135,#2136);
#2134 = CARTESIAN_POINT('',(324.,6.4,-1.));
#2135 = DIRECTION('',(0.,0.,1.));
#2136 = DIRECTION('',(1.,0.,-0.));
#2137 = ADVANCED_FACE('',(#2138),#2163,.T.);
#2138 = FACE_BOUND('',#2139,.T.);
#2139 = EDGE_LOOP('',(#2140,#2148,#2149,#2157));
#2140 = ORIENTED_EDGE('',*,*,#2141,.F.);
#2141 = EDGE_CURVE('',#1213,#2142,#2144,.T.);
#2142 = VERTEX_POINT('',#2143);
#2143 = CARTESIAN_POINT('',(301.,97.28,13.1));
#2144 = LINE('',#2145,#2146);
#2145 = CARTESIAN_POINT('',(301.,97.28,1.6));
#2146 = VECTOR('',#2147,1.);
#2147 = DIRECTION('',(0.,0.,1.));
#2148 = ORIENTED_EDGE('',*,*,#1212,.T.);
#2149 = ORIENTED_EDGE('',*,*,#2150,.T.);
#2150 = EDGE_CURVE('',#1205,#2151,#2153,.T.);
#2151 = VERTEX_POINT('',#2152);
#2152 = CARTESIAN_POINT('',(301.,105.68,13.1));
#2153 = LINE('',#2154,#2155);
#2154 = CARTESIAN_POINT('',(301.,105.68,1.6));
#2155 = VECTOR('',#2156,1.);
#2156 = DIRECTION('',(0.,0.,1.));
#2157 = ORIENTED_EDGE('',*,*,#2158,.F.);
#2158 = EDGE_CURVE('',#2142,#2151,#2159,.T.);
#2159 = LINE('',#2160,#2161);
#2160 = CARTESIAN_POINT('',(301.,97.28,13.1));
#2161 = VECTOR('',#2162,1.);
#2162 = DIRECTION('',(-0.,1.,0.));
#2163 = PLANE('',#2164);
#2164 = AXIS2_PLACEMENT_3D('',#2165,#2166,#2167);
#2165 = CARTESIAN_POINT('',(301.,97.28,1.6));
#2166 = DIRECTION('',(1.,0.,-0.));
#2167 = DIRECTION('',(0.,0.,1.));
#2168 = ADVANCED_FACE('',(#2169),#2194,.T.);
#2169 = FACE_BOUND('',#2170,.T.);
#2170 = EDGE_LOOP('',(#2171,#2179,#2180,#2188));
#2171 = ORIENTED_EDGE('',*,*,#2172,.F.);
#2172 = EDGE_CURVE('',#1247,#2173,#2175,.T.);
#2173 = VERTEX_POINT('',#2174);
#2174 = CARTESIAN_POINT('',(301.,137.92,13.1));
#2175 = LINE('',#2176,#2177);
#2176 = CARTESIAN_POINT('',(301.,137.92,1.6));
#2177 = VECTOR('',#2178,1.);
#2178 = DIRECTION('',(0.,0.,1.));
#2179 = ORIENTED_EDGE('',*,*,#1246,.T.);
#2180 = ORIENTED_EDGE('',*,*,#2181,.T.);
#2181 = EDGE_CURVE('',#1239,#2182,#2184,.T.);
#2182 = VERTEX_POINT('',#2183);
#2183 = CARTESIAN_POINT('',(301.,146.32,13.1));
#2184 = LINE('',#2185,#2186);
#2185 = CARTESIAN_POINT('',(301.,146.32,1.6));
#2186 = VECTOR('',#2187,1.);
#2187 = DIRECTION('',(0.,0.,1.));
#2188 = ORIENTED_EDGE('',*,*,#2189,.F.);
#2189 = EDGE_CURVE('',#2173,#2182,#2190,.T.);
#2190 = LINE('',#2191,#2192);
#2191 = CARTESIAN_POINT('',(301.,137.92,13.1));
#2192 = VECTOR('',#2193,1.);
#2193 = DIRECTION('',(-0.,1.,0.));
#2194 = PLANE('',#2195);
#2195 = AXIS2_PLACEMENT_3D('',#2196,#2197,#2198);
#2196 = CARTESIAN_POINT('',(301.,137.92,1.6));
#2197 = DIRECTION('',(1.,0.,-0.));
#2198 = DIRECTION('',(0.,0.,1.));
#2199 = ADVANCED_FACE('',(#2200),#2225,.F.);
#2200 = FACE_BOUND('',#2201,.F.);
#2201 = EDGE_LOOP('',(#2202,#2203,#2211,#2219));
#2202 = ORIENTED_EDGE('',*,*,#1262,.F.);
#2203 = ORIENTED_EDGE('',*,*,#2204,.T.);
#2204 = EDGE_CURVE('',#1263,#2205,#2207,.T.);
#2205 = VERTEX_POINT('',#2206);
#2206 = CARTESIAN_POINT('',(118.,148.,5.));
#2207 = LINE('',#2208,#2209);
#2208 = CARTESIAN_POINT('',(118.,148.,1.6));
#2209 = VECTOR('',#2210,1.);
#2210 = DIRECTION('',(0.,0.,1.));
#2211 = ORIENTED_EDGE('',*,*,#2212,.T.);
#2212 = EDGE_CURVE('',#2205,#2213,#2215,.T.);
#2213 = VERTEX_POINT('',#2214);
#2214 = CARTESIAN_POINT('',(198.,148.,5.));
#2215 = LINE('',#2216,#2217);
#2216 = CARTESIAN_POINT('',(118.,148.,5.));
#2217 = VECTOR('',#2218,1.);
#2218 = DIRECTION('',(1.,0.,-0.));
#2219 = ORIENTED_EDGE('',*,*,#2220,.F.);
#2220 = EDGE_CURVE('',#1265,#2213,#2221,.T.);
#2221 = LINE('',#2222,#2223);
#2222 = CARTESIAN_POINT('',(198.,148.,1.6));
#2223 = VECTOR('',#2224,1.);
#2224 = DIRECTION('',(0.,0.,1.));
#2225 = PLANE('',#2226);
#2226 = AXIS2_PLACEMENT_3D('',#2227,#2228,#2229);
#2227 = CARTESIAN_POINT('',(118.,148.,1.6));
#2228 = DIRECTION('',(-0.,1.,0.));
#2229 = DIRECTION('',(0.,0.,1.));
#2230 = ADVANCED_FACE('',(#2231),#2249,.F.);
#2231 = FACE_BOUND('',#2232,.F.);
#2232 = EDGE_LOOP('',(#2233,#2234,#2235,#2243));
#2233 = ORIENTED_EDGE('',*,*,#2204,.F.);
#2234 = ORIENTED_EDGE('',*,*,#1272,.T.);
#2235 = ORIENTED_EDGE('',*,*,#2236,.T.);
#2236 = EDGE_CURVE('',#1273,#2237,#2239,.T.);
#2237 = VERTEX_POINT('',#2238);
#2238 = CARTESIAN_POINT('',(118.,208.,5.));
#2239 = LINE('',#2240,#2241);
#2240 = CARTESIAN_POINT('',(118.,208.,1.6));
#2241 = VECTOR('',#2242,1.);
#2242 = DIRECTION('',(0.,0.,1.));
#2243 = ORIENTED_EDGE('',*,*,#2244,.F.);
#2244 = EDGE_CURVE('',#2205,#2237,#2245,.T.);
#2245 = LINE('',#2246,#2247);
#2246 = CARTESIAN_POINT('',(118.,148.,5.));
#2247 = VECTOR('',#2248,1.);
#2248 = DIRECTION('',(-0.,1.,0.));
#2249 = PLANE('',#2250);
#2250 = AXIS2_PLACEMENT_3D('',#2251,#2252,#2253);
#2251 = CARTESIAN_POINT('',(118.,148.,1.6));
#2252 = DIRECTION('',(1.,0.,-0.));
#2253 = DIRECTION('',(0.,0.,1.));
#2254 = ADVANCED_FACE('',(#2255),#2273,.T.);
#2255 = FACE_BOUND('',#2256,.T.);
#2256 = EDGE_LOOP('',(#2257,#2258,#2259,#2267));
#2257 = ORIENTED_EDGE('',*,*,#2220,.F.);
#2258 = ORIENTED_EDGE('',*,*,#1288,.T.);
#2259 = ORIENTED_EDGE('',*,*,#2260,.T.);
#2260 = EDGE_CURVE('',#1281,#2261,#2263,.T.);
#2261 = VERTEX_POINT('',#2262);
#2262 = CARTESIAN_POINT('',(198.,208.,5.));
#2263 = LINE('',#2264,#2265);
#2264 = CARTESIAN_POINT('',(198.,208.,1.6));
#2265 = VECTOR('',#2266,1.);
#2266 = DIRECTION('',(0.,0.,1.));
#2267 = ORIENTED_EDGE('',*,*,#2268,.F.);
#2268 = EDGE_CURVE('',#2213,#2261,#2269,.T.);
#2269 = LINE('',#2270,#2271);
#2270 = CARTESIAN_POINT('',(198.,148.,5.));
#2271 = VECTOR('',#2272,1.);
#2272 = DIRECTION('',(-0.,1.,0.));
#2273 = PLANE('',#2274);
#2274 = AXIS2_PLACEMENT_3D('',#2275,#2276,#2277);
#2275 = CARTESIAN_POINT('',(198.,148.,1.6));
#2276 = DIRECTION('',(1.,0.,-0.));
#2277 = DIRECTION('',(0.,0.,1.));
#2278 = ADVANCED_FACE('',(#2279),#2290,.T.);
#2279 = FACE_BOUND('',#2280,.T.);
#2280 = EDGE_LOOP('',(#2281,#2282,#2283,#2289));
#2281 = ORIENTED_EDGE('',*,*,#1280,.F.);
#2282 = ORIENTED_EDGE('',*,*,#2236,.T.);
#2283 = ORIENTED_EDGE('',*,*,#2284,.T.);
#2284 = EDGE_CURVE('',#2237,#2261,#2285,.T.);
#2285 = LINE('',#2286,#2287);
#2286 = CARTESIAN_POINT('',(118.,208.,5.));
#2287 = VECTOR('',#2288,1.);
#2288 = DIRECTION('',(1.,0.,-0.));
#2289 = ORIENTED_EDGE('',*,*,#2260,.F.);
#2290 = PLANE('',#2291);
#2291 = AXIS2_PLACEMENT_3D('',#2292,#2293,#2294);
#2292 = CARTESIAN_POINT('',(118.,208.,1.6));
#2293 = DIRECTION('',(-0.,1.,0.));
#2294 = DIRECTION('',(0.,0.,1.));
#2295 = ADVANCED_FACE('',(#2296),#2307,.F.);
#2296 = FACE_BOUND('',#2297,.F.);
#2297 = EDGE_LOOP('',(#2298,#2299,#2305,#2306));
#2298 = ORIENTED_EDGE('',*,*,#1296,.F.);
#2299 = ORIENTED_EDGE('',*,*,#2300,.F.);
#2300 = EDGE_CURVE('',#1723,#1297,#2301,.T.);
#2301 = LINE('',#2302,#2303);
#2302 = CARTESIAN_POINT('',(8.15,298.,-1.));
#2303 = VECTOR('',#2304,1.);
#2304 = DIRECTION('',(0.,0.,1.));
#2305 = ORIENTED_EDGE('',*,*,#1722,.T.);
#2306 = ORIENTED_EDGE('',*,*,#2300,.T.);
#2307 = CYLINDRICAL_SURFACE('',#2308,1.75);
#2308 = AXIS2_PLACEMENT_3D('',#2309,#2310,#2311);
#2309 = CARTESIAN_POINT('',(6.4,298.,-1.));
#2310 = DIRECTION('',(0.,0.,1.));
#2311 = DIRECTION('',(1.,0.,-0.));
#2312 = ADVANCED_FACE('',(#2313),#2324,.F.);
#2313 = FACE_BOUND('',#2314,.F.);
#2314 = EDGE_LOOP('',(#2315,#2316,#2322,#2323));
#2315 = ORIENTED_EDGE('',*,*,#1307,.F.);
#2316 = ORIENTED_EDGE('',*,*,#2317,.F.);
#2317 = EDGE_CURVE('',#1734,#1308,#2318,.T.);
#2318 = LINE('',#2319,#2320);
#2319 = CARTESIAN_POINT('',(164.75,298.,-1.));
#2320 = VECTOR('',#2321,1.);
#2321 = DIRECTION('',(0.,0.,1.));
#2322 = ORIENTED_EDGE('',*,*,#1733,.T.);
#2323 = ORIENTED_EDGE('',*,*,#2317,.T.);
#2324 = CYLINDRICAL_SURFACE('',#2325,1.75);
#2325 = AXIS2_PLACEMENT_3D('',#2326,#2327,#2328);
#2326 = CARTESIAN_POINT('',(163.,298.,-1.));
#2327 = DIRECTION('',(0.,0.,1.));
#2328 = DIRECTION('',(1.,0.,-0.));
#2329 = ADVANCED_FACE('',(#2330),#2355,.F.);
#2330 = FACE_BOUND('',#2331,.F.);
#2331 = EDGE_LOOP('',(#2332,#2333,#2341,#2349));
#2332 = ORIENTED_EDGE('',*,*,#1318,.F.);
#2333 = ORIENTED_EDGE('',*,*,#2334,.T.);
#2334 = EDGE_CURVE('',#1319,#2335,#2337,.T.);
#2335 = VERTEX_POINT('',#2336);
#2336 = CARTESIAN_POINT('',(96.,150.,27.6));
#2337 = LINE('',#2338,#2339);
#2338 = CARTESIAN_POINT('',(96.,150.,1.6));
#2339 = VECTOR('',#2340,1.);
#2340 = DIRECTION('',(0.,0.,1.));
#2341 = ORIENTED_EDGE('',*,*,#2342,.T.);
#2342 = EDGE_CURVE('',#2335,#2343,#2345,.T.);
#2343 = VERTEX_POINT('',#2344);
#2344 = CARTESIAN_POINT('',(112.,150.,27.6));
#2345 = LINE('',#2346,#2347);
#2346 = CARTESIAN_POINT('',(96.,150.,27.6));
#2347 = VECTOR('',#2348,1.);
#2348 = DIRECTION('',(1.,0.,-0.));
#2349 = ORIENTED_EDGE('',*,*,#2350,.F.);
#2350 = EDGE_CURVE('',#1321,#2343,#2351,.T.);
#2351 = LINE('',#2352,#2353);
#2352 = CARTESIAN_POINT('',(112.,150.,1.6));
#2353 = VECTOR('',#2354,1.);
#2354 = DIRECTION('',(0.,0.,1.));
#2355 = PLANE('',#2356);
#2356 = AXIS2_PLACEMENT_3D('',#2357,#2358,#2359);
#2357 = CARTESIAN_POINT('',(96.,150.,1.6));
#2358 = DIRECTION('',(-0.,1.,0.));
#2359 = DIRECTION('',(0.,0.,1.));
#2360 = ADVANCED_FACE('',(#2361),#2379,.F.);
#2361 = FACE_BOUND('',#2362,.F.);
#2362 = EDGE_LOOP('',(#2363,#2364,#2365,#2373));
#2363 = ORIENTED_EDGE('',*,*,#2334,.F.);
#2364 = ORIENTED_EDGE('',*,*,#1328,.T.);
#2365 = ORIENTED_EDGE('',*,*,#2366,.T.);
#2366 = EDGE_CURVE('',#1329,#2367,#2369,.T.);
#2367 = VERTEX_POINT('',#2368);
#2368 = CARTESIAN_POINT('',(96.,268.,27.6));
#2369 = LINE('',#2370,#2371);
#2370 = CARTESIAN_POINT('',(96.,268.,1.6));
#2371 = VECTOR('',#2372,1.);
#2372 = DIRECTION('',(0.,0.,1.));
#2373 = ORIENTED_EDGE('',*,*,#2374,.F.);
#2374 = EDGE_CURVE('',#2335,#2367,#2375,.T.);
#2375 = LINE('',#2376,#2377);
#2376 = CARTESIAN_POINT('',(96.,150.,27.6));
#2377 = VECTOR('',#2378,1.);
#2378 = DIRECTION('',(-0.,1.,0.));
#2379 = PLANE('',#2380);
#2380 = AXIS2_PLACEMENT_3D('',#2381,#2382,#2383);
#2381 = CARTESIAN_POINT('',(96.,150.,1.6));
#2382 = DIRECTION('',(1.,0.,-0.));
#2383 = DIRECTION('',(0.,0.,1.));
#2384 = ADVANCED_FACE('',(#2385),#2513,.T.);
#2385 = FACE_BOUND('',#2386,.T.);
#2386 = EDGE_LOOP('',(#2387,#2388,#2389,#2397,#2405,#2411,#2412,#2420,
    #2428,#2436,#2444,#2452,#2460,#2468,#2476,#2484,#2492,#2498,#2499,
    #2507));
#2387 = ORIENTED_EDGE('',*,*,#2350,.F.);
#2388 = ORIENTED_EDGE('',*,*,#1520,.T.);
#2389 = ORIENTED_EDGE('',*,*,#2390,.T.);
#2390 = EDGE_CURVE('',#1513,#2391,#2393,.T.);
#2391 = VERTEX_POINT('',#2392);
#2392 = CARTESIAN_POINT('',(112.,224.,10.));
#2393 = LINE('',#2394,#2395);
#2394 = CARTESIAN_POINT('',(112.,224.,1.6));
#2395 = VECTOR('',#2396,1.);
#2396 = DIRECTION('',(0.,0.,1.));
#2397 = ORIENTED_EDGE('',*,*,#2398,.F.);
#2398 = EDGE_CURVE('',#2399,#2391,#2401,.T.);
#2399 = VERTEX_POINT('',#2400);
#2400 = CARTESIAN_POINT('',(112.,230.2,10.));
#2401 = LINE('',#2402,#2403);
#2402 = CARTESIAN_POINT('',(112.,187.,10.));
#2403 = VECTOR('',#2404,1.);
#2404 = DIRECTION('',(0.,-1.,0.));
#2405 = ORIENTED_EDGE('',*,*,#2406,.F.);
#2406 = EDGE_CURVE('',#1457,#2399,#2407,.T.);
#2407 = LINE('',#2408,#2409);
#2408 = CARTESIAN_POINT('',(112.,230.2,1.6));
#2409 = VECTOR('',#2410,1.);
#2410 = DIRECTION('',(0.,0.,1.));
#2411 = ORIENTED_EDGE('',*,*,#1456,.T.);
#2412 = ORIENTED_EDGE('',*,*,#2413,.T.);
#2413 = EDGE_CURVE('',#1449,#2414,#2416,.T.);
#2414 = VERTEX_POINT('',#2415);
#2415 = CARTESIAN_POINT('',(112.,234.5,10.));
#2416 = LINE('',#2417,#2418);
#2417 = CARTESIAN_POINT('',(112.,234.5,1.6));
#2418 = VECTOR('',#2419,1.);
#2419 = DIRECTION('',(0.,0.,1.));
#2420 = ORIENTED_EDGE('',*,*,#2421,.F.);
#2421 = EDGE_CURVE('',#2422,#2414,#2424,.T.);
#2422 = VERTEX_POINT('',#2423);
#2423 = CARTESIAN_POINT('',(112.,240.7,10.));
#2424 = LINE('',#2425,#2426);
#2425 = CARTESIAN_POINT('',(112.,192.25,10.));
#2426 = VECTOR('',#2427,1.);
#2427 = DIRECTION('',(0.,-1.,0.));
#2428 = ORIENTED_EDGE('',*,*,#2429,.F.);
#2429 = EDGE_CURVE('',#2430,#2422,#2432,.T.);
#2430 = VERTEX_POINT('',#2431);
#2431 = CARTESIAN_POINT('',(112.,240.7,1.6));
#2432 = LINE('',#2433,#2434);
#2433 = CARTESIAN_POINT('',(112.,240.7,1.6));
#2434 = VECTOR('',#2435,1.);
#2435 = DIRECTION('',(0.,0.,1.));
#2436 = ORIENTED_EDGE('',*,*,#2437,.T.);
#2437 = EDGE_CURVE('',#2430,#2438,#2440,.T.);
#2438 = VERTEX_POINT('',#2439);
#2439 = CARTESIAN_POINT('',(112.,245.,1.6));
#2440 = LINE('',#2441,#2442);
#2441 = CARTESIAN_POINT('',(112.,150.,1.6));
#2442 = VECTOR('',#2443,1.);
#2443 = DIRECTION('',(-0.,1.,0.));
#2444 = ORIENTED_EDGE('',*,*,#2445,.T.);
#2445 = EDGE_CURVE('',#2438,#2446,#2448,.T.);
#2446 = VERTEX_POINT('',#2447);
#2447 = CARTESIAN_POINT('',(112.,245.,10.));
#2448 = LINE('',#2449,#2450);
#2449 = CARTESIAN_POINT('',(112.,245.,1.6));
#2450 = VECTOR('',#2451,1.);
#2451 = DIRECTION('',(0.,0.,1.));
#2452 = ORIENTED_EDGE('',*,*,#2453,.F.);
#2453 = EDGE_CURVE('',#2454,#2446,#2456,.T.);
#2454 = VERTEX_POINT('',#2455);
#2455 = CARTESIAN_POINT('',(112.,251.2,10.));
#2456 = LINE('',#2457,#2458);
#2457 = CARTESIAN_POINT('',(112.,197.5,10.));
#2458 = VECTOR('',#2459,1.);
#2459 = DIRECTION('',(0.,-1.,0.));
#2460 = ORIENTED_EDGE('',*,*,#2461,.F.);
#2461 = EDGE_CURVE('',#2462,#2454,#2464,.T.);
#2462 = VERTEX_POINT('',#2463);
#2463 = CARTESIAN_POINT('',(112.,251.2,1.6));
#2464 = LINE('',#2465,#2466);
#2465 = CARTESIAN_POINT('',(112.,251.2,1.6));
#2466 = VECTOR('',#2467,1.);
#2467 = DIRECTION('',(0.,0.,1.));
#2468 = ORIENTED_EDGE('',*,*,#2469,.T.);
#2469 = EDGE_CURVE('',#2462,#2470,#2472,.T.);
#2470 = VERTEX_POINT('',#2471);
#2471 = CARTESIAN_POINT('',(112.,255.5,1.6));
#2472 = LINE('',#2473,#2474);
#2473 = CARTESIAN_POINT('',(112.,150.,1.6));
#2474 = VECTOR('',#2475,1.);
#2475 = DIRECTION('',(-0.,1.,0.));
#2476 = ORIENTED_EDGE('',*,*,#2477,.T.);
#2477 = EDGE_CURVE('',#2470,#2478,#2480,.T.);
#2478 = VERTEX_POINT('',#2479);
#2479 = CARTESIAN_POINT('',(112.,255.5,10.));
#2480 = LINE('',#2481,#2482);
#2481 = CARTESIAN_POINT('',(112.,255.5,1.6));
#2482 = VECTOR('',#2483,1.);
#2483 = DIRECTION('',(0.,0.,1.));
#2484 = ORIENTED_EDGE('',*,*,#2485,.F.);
#2485 = EDGE_CURVE('',#2486,#2478,#2488,.T.);
#2486 = VERTEX_POINT('',#2487);
#2487 = CARTESIAN_POINT('',(112.,261.7,10.));
#2488 = LINE('',#2489,#2490);
#2489 = CARTESIAN_POINT('',(112.,202.75,10.));
#2490 = VECTOR('',#2491,1.);
#2491 = DIRECTION('',(0.,-1.,0.));
#2492 = ORIENTED_EDGE('',*,*,#2493,.F.);
#2493 = EDGE_CURVE('',#1345,#2486,#2494,.T.);
#2494 = LINE('',#2495,#2496);
#2495 = CARTESIAN_POINT('',(112.,261.7,1.6));
#2496 = VECTOR('',#2497,1.);
#2497 = DIRECTION('',(0.,0.,1.));
#2498 = ORIENTED_EDGE('',*,*,#1344,.T.);
#2499 = ORIENTED_EDGE('',*,*,#2500,.T.);
#2500 = EDGE_CURVE('',#1337,#2501,#2503,.T.);
#2501 = VERTEX_POINT('',#2502);
#2502 = CARTESIAN_POINT('',(112.,268.,27.6));
#2503 = LINE('',#2504,#2505);
#2504 = CARTESIAN_POINT('',(112.,268.,1.6));
#2505 = VECTOR('',#2506,1.);
#2506 = DIRECTION('',(0.,0.,1.));
#2507 = ORIENTED_EDGE('',*,*,#2508,.F.);
#2508 = EDGE_CURVE('',#2343,#2501,#2509,.T.);
#2509 = LINE('',#2510,#2511);
#2510 = CARTESIAN_POINT('',(112.,150.,27.6));
#2511 = VECTOR('',#2512,1.);
#2512 = DIRECTION('',(-0.,1.,0.));
#2513 = PLANE('',#2514);
#2514 = AXIS2_PLACEMENT_3D('',#2515,#2516,#2517);
#2515 = CARTESIAN_POINT('',(112.,150.,1.6));
#2516 = DIRECTION('',(1.,0.,-0.));
#2517 = DIRECTION('',(0.,0.,1.));
#2518 = ADVANCED_FACE('',(#2519),#2530,.T.);
#2519 = FACE_BOUND('',#2520,.T.);
#2520 = EDGE_LOOP('',(#2521,#2522,#2523,#2529));
#2521 = ORIENTED_EDGE('',*,*,#1336,.F.);
#2522 = ORIENTED_EDGE('',*,*,#2366,.T.);
#2523 = ORIENTED_EDGE('',*,*,#2524,.T.);
#2524 = EDGE_CURVE('',#2367,#2501,#2525,.T.);
#2525 = LINE('',#2526,#2527);
#2526 = CARTESIAN_POINT('',(96.,268.,27.6));
#2527 = VECTOR('',#2528,1.);
#2528 = DIRECTION('',(1.,0.,-0.));
#2529 = ORIENTED_EDGE('',*,*,#2500,.F.);
#2530 = PLANE('',#2531);
#2531 = AXIS2_PLACEMENT_3D('',#2532,#2533,#2534);
#2532 = CARTESIAN_POINT('',(96.,268.,1.6));
#2533 = DIRECTION('',(-0.,1.,0.));
#2534 = DIRECTION('',(0.,0.,1.));
#2535 = ADVANCED_FACE('',(#2536),#2554,.F.);
#2536 = FACE_BOUND('',#2537,.F.);
#2537 = EDGE_LOOP('',(#2538,#2539,#2540,#2548));
#2538 = ORIENTED_EDGE('',*,*,#1512,.F.);
#2539 = ORIENTED_EDGE('',*,*,#2390,.T.);
#2540 = ORIENTED_EDGE('',*,*,#2541,.T.);
#2541 = EDGE_CURVE('',#2391,#2542,#2544,.T.);
#2542 = VERTEX_POINT('',#2543);
#2543 = CARTESIAN_POINT('',(212.,224.,10.));
#2544 = LINE('',#2545,#2546);
#2545 = CARTESIAN_POINT('',(104.,224.,10.));
#2546 = VECTOR('',#2547,1.);
#2547 = DIRECTION('',(1.,0.,-0.));
#2548 = ORIENTED_EDGE('',*,*,#2549,.T.);
#2549 = EDGE_CURVE('',#2542,#1505,#2550,.T.);
#2550 = LINE('',#2551,#2552);
#2551 = CARTESIAN_POINT('',(212.,224.,1.6));
#2552 = VECTOR('',#2553,1.);
#2553 = DIRECTION('',(-0.,0.,-1.));
#2554 = PLANE('',#2555);
#2555 = AXIS2_PLACEMENT_3D('',#2556,#2557,#2558);
#2556 = CARTESIAN_POINT('',(104.,224.,1.6));
#2557 = DIRECTION('',(-0.,1.,0.));
#2558 = DIRECTION('',(0.,0.,1.));
#2559 = ADVANCED_FACE('',(#2560),#2578,.T.);
#2560 = FACE_BOUND('',#2561,.T.);
#2561 = EDGE_LOOP('',(#2562,#2563,#2564,#2572));
#2562 = ORIENTED_EDGE('',*,*,#1352,.F.);
#2563 = ORIENTED_EDGE('',*,*,#2493,.T.);
#2564 = ORIENTED_EDGE('',*,*,#2565,.T.);
#2565 = EDGE_CURVE('',#2486,#2566,#2568,.T.);
#2566 = VERTEX_POINT('',#2567);
#2567 = CARTESIAN_POINT('',(212.,261.7,10.));
#2568 = LINE('',#2569,#2570);
#2569 = CARTESIAN_POINT('',(104.,261.7,10.));
#2570 = VECTOR('',#2571,1.);
#2571 = DIRECTION('',(1.,0.,-0.));
#2572 = ORIENTED_EDGE('',*,*,#2573,.T.);
#2573 = EDGE_CURVE('',#2566,#1353,#2574,.T.);
#2574 = LINE('',#2575,#2576);
#2575 = CARTESIAN_POINT('',(212.,261.7,1.6));
#2576 = VECTOR('',#2577,1.);
#2577 = DIRECTION('',(-0.,0.,-1.));
#2578 = PLANE('',#2579);
#2579 = AXIS2_PLACEMENT_3D('',#2580,#2581,#2582);
#2580 = CARTESIAN_POINT('',(104.,261.7,1.6));
#2581 = DIRECTION('',(-0.,1.,0.));
#2582 = DIRECTION('',(0.,0.,1.));
#2583 = ADVANCED_FACE('',(#2584),#2609,.T.);
#2584 = FACE_BOUND('',#2585,.T.);
#2585 = EDGE_LOOP('',(#2586,#2594,#2595,#2603));
#2586 = ORIENTED_EDGE('',*,*,#2587,.F.);
#2587 = EDGE_CURVE('',#1489,#2588,#2590,.T.);
#2588 = VERTEX_POINT('',#2589);
#2589 = CARTESIAN_POINT('',(301.,219.2,13.1));
#2590 = LINE('',#2591,#2592);
#2591 = CARTESIAN_POINT('',(301.,219.2,1.6));
#2592 = VECTOR('',#2593,1.);
#2593 = DIRECTION('',(0.,0.,1.));
#2594 = ORIENTED_EDGE('',*,*,#1488,.T.);
#2595 = ORIENTED_EDGE('',*,*,#2596,.T.);
#2596 = EDGE_CURVE('',#1481,#2597,#2599,.T.);
#2597 = VERTEX_POINT('',#2598);
#2598 = CARTESIAN_POINT('',(301.,227.6,13.1));
#2599 = LINE('',#2600,#2601);
#2600 = CARTESIAN_POINT('',(301.,227.6,1.6));
#2601 = VECTOR('',#2602,1.);
#2602 = DIRECTION('',(0.,0.,1.));
#2603 = ORIENTED_EDGE('',*,*,#2604,.F.);
#2604 = EDGE_CURVE('',#2588,#2597,#2605,.T.);
#2605 = LINE('',#2606,#2607);
#2606 = CARTESIAN_POINT('',(301.,219.2,13.1));
#2607 = VECTOR('',#2608,1.);
#2608 = DIRECTION('',(-0.,1.,0.));
#2609 = PLANE('',#2610);
#2610 = AXIS2_PLACEMENT_3D('',#2611,#2612,#2613);
#2611 = CARTESIAN_POINT('',(301.,219.2,1.6));
#2612 = DIRECTION('',(1.,0.,-0.));
#2613 = DIRECTION('',(0.,0.,1.));
#2614 = ADVANCED_FACE('',(#2615),#2704,.F.);
#2615 = FACE_BOUND('',#2616,.F.);
#2616 = EDGE_LOOP('',(#2617,#2625,#2626,#2634,#2642,#2650,#2658,#2666,
    #2674,#2682,#2690,#2698));
#2617 = ORIENTED_EDGE('',*,*,#2618,.F.);
#2618 = EDGE_CURVE('',#1369,#2619,#2621,.T.);
#2619 = VERTEX_POINT('',#2620);
#2620 = CARTESIAN_POINT('',(214.,268.24,10.6));
#2621 = LINE('',#2622,#2623);
#2622 = CARTESIAN_POINT('',(214.,268.24,1.6));
#2623 = VECTOR('',#2624,1.);
#2624 = DIRECTION('',(0.,0.,1.));
#2625 = ORIENTED_EDGE('',*,*,#1376,.T.);
#2626 = ORIENTED_EDGE('',*,*,#2627,.T.);
#2627 = EDGE_CURVE('',#1377,#2628,#2630,.T.);
#2628 = VERTEX_POINT('',#2629);
#2629 = CARTESIAN_POINT('',(214.,278.,10.6));
#2630 = LINE('',#2631,#2632);
#2631 = CARTESIAN_POINT('',(214.,278.,1.6));
#2632 = VECTOR('',#2633,1.);
#2633 = DIRECTION('',(0.,0.,1.));
#2634 = ORIENTED_EDGE('',*,*,#2635,.F.);
#2635 = EDGE_CURVE('',#2636,#2628,#2638,.T.);
#2636 = VERTEX_POINT('',#2637);
#2637 = CARTESIAN_POINT('',(214.,276.4,10.6));
#2638 = LINE('',#2639,#2640);
#2639 = CARTESIAN_POINT('',(214.,236.,10.6));
#2640 = VECTOR('',#2641,1.);
#2641 = DIRECTION('',(-0.,1.,0.));
#2642 = ORIENTED_EDGE('',*,*,#2643,.F.);
#2643 = EDGE_CURVE('',#2644,#2636,#2646,.T.);
#2644 = VERTEX_POINT('',#2645);
#2645 = CARTESIAN_POINT('',(214.,276.4,4.8));
#2646 = LINE('',#2647,#2648);
#2647 = CARTESIAN_POINT('',(214.,276.4,4.8));
#2648 = VECTOR('',#2649,1.);
#2649 = DIRECTION('',(0.,0.,1.));
#2650 = ORIENTED_EDGE('',*,*,#2651,.F.);
#2651 = EDGE_CURVE('',#2652,#2644,#2654,.T.);
#2652 = VERTEX_POINT('',#2653);
#2653 = CARTESIAN_POINT('',(214.,274.2,4.8));
#2654 = LINE('',#2655,#2656);
#2655 = CARTESIAN_POINT('',(214.,274.2,4.8));
#2656 = VECTOR('',#2657,1.);
#2657 = DIRECTION('',(-0.,1.,0.));
#2658 = ORIENTED_EDGE('',*,*,#2659,.T.);
#2659 = EDGE_CURVE('',#2652,#2660,#2662,.T.);
#2660 = VERTEX_POINT('',#2661);
#2661 = CARTESIAN_POINT('',(214.,274.2,10.6));
#2662 = LINE('',#2663,#2664);
#2663 = CARTESIAN_POINT('',(214.,274.2,4.8));
#2664 = VECTOR('',#2665,1.);
#2665 = DIRECTION('',(0.,0.,1.));
#2666 = ORIENTED_EDGE('',*,*,#2667,.F.);
#2667 = EDGE_CURVE('',#2668,#2660,#2670,.T.);
#2668 = VERTEX_POINT('',#2669);
#2669 = CARTESIAN_POINT('',(214.,272.,10.6));
#2670 = LINE('',#2671,#2672);
#2671 = CARTESIAN_POINT('',(214.,236.,10.6));
#2672 = VECTOR('',#2673,1.);
#2673 = DIRECTION('',(-0.,1.,0.));
#2674 = ORIENTED_EDGE('',*,*,#2675,.F.);
#2675 = EDGE_CURVE('',#2676,#2668,#2678,.T.);
#2676 = VERTEX_POINT('',#2677);
#2677 = CARTESIAN_POINT('',(214.,272.,4.8));
#2678 = LINE('',#2679,#2680);
#2679 = CARTESIAN_POINT('',(214.,272.,4.8));
#2680 = VECTOR('',#2681,1.);
#2681 = DIRECTION('',(0.,0.,1.));
#2682 = ORIENTED_EDGE('',*,*,#2683,.F.);
#2683 = EDGE_CURVE('',#2684,#2676,#2686,.T.);
#2684 = VERTEX_POINT('',#2685);
#2685 = CARTESIAN_POINT('',(214.,269.8,4.8));
#2686 = LINE('',#2687,#2688);
#2687 = CARTESIAN_POINT('',(214.,269.8,4.8));
#2688 = VECTOR('',#2689,1.);
#2689 = DIRECTION('',(-0.,1.,0.));
#2690 = ORIENTED_EDGE('',*,*,#2691,.T.);
#2691 = EDGE_CURVE('',#2684,#2692,#2694,.T.);
#2692 = VERTEX_POINT('',#2693);
#2693 = CARTESIAN_POINT('',(214.,269.8,10.6));
#2694 = LINE('',#2695,#2696);
#2695 = CARTESIAN_POINT('',(214.,269.8,4.8));
#2696 = VECTOR('',#2697,1.);
#2697 = DIRECTION('',(0.,0.,1.));
#2698 = ORIENTED_EDGE('',*,*,#2699,.F.);
#2699 = EDGE_CURVE('',#2619,#2692,#2700,.T.);
#2700 = LINE('',#2701,#2702);
#2701 = CARTESIAN_POINT('',(214.,236.,10.6));
#2702 = VECTOR('',#2703,1.);
#2703 = DIRECTION('',(-0.,1.,0.));
#2704 = PLANE('',#2705);
#2705 = AXIS2_PLACEMENT_3D('',#2706,#2707,#2708);
#2706 = CARTESIAN_POINT('',(214.,236.,1.6));
#2707 = DIRECTION('',(1.,0.,-0.));
#2708 = DIRECTION('',(0.,0.,1.));
#2709 = ADVANCED_FACE('',(#2710),#2728,.T.);
#2710 = FACE_BOUND('',#2711,.T.);
#2711 = EDGE_LOOP('',(#2712,#2713,#2721,#2727));
#2712 = ORIENTED_EDGE('',*,*,#1480,.F.);
#2713 = ORIENTED_EDGE('',*,*,#2714,.T.);
#2714 = EDGE_CURVE('',#1473,#2715,#2717,.T.);
#2715 = VERTEX_POINT('',#2716);
#2716 = CARTESIAN_POINT('',(237.35,227.6,13.1));
#2717 = LINE('',#2718,#2719);
#2718 = CARTESIAN_POINT('',(237.35,227.6,1.6));
#2719 = VECTOR('',#2720,1.);
#2720 = DIRECTION('',(0.,0.,1.));
#2721 = ORIENTED_EDGE('',*,*,#2722,.T.);
#2722 = EDGE_CURVE('',#2715,#2597,#2723,.T.);
#2723 = LINE('',#2724,#2725);
#2724 = CARTESIAN_POINT('',(212.,227.6,13.1));
#2725 = VECTOR('',#2726,1.);
#2726 = DIRECTION('',(1.,0.,-0.));
#2727 = ORIENTED_EDGE('',*,*,#2596,.F.);
#2728 = PLANE('',#2729);
#2729 = AXIS2_PLACEMENT_3D('',#2730,#2731,#2732);
#2730 = CARTESIAN_POINT('',(212.,227.6,1.6));
#2731 = DIRECTION('',(-0.,1.,0.));
#2732 = DIRECTION('',(0.,0.,1.));
#2733 = ADVANCED_FACE('',(#2734),#2752,.T.);
#2734 = FACE_BOUND('',#2735,.T.);
#2735 = EDGE_LOOP('',(#2736,#2737,#2738,#2746));
#2736 = ORIENTED_EDGE('',*,*,#1384,.F.);
#2737 = ORIENTED_EDGE('',*,*,#2627,.T.);
#2738 = ORIENTED_EDGE('',*,*,#2739,.T.);
#2739 = EDGE_CURVE('',#2628,#2740,#2742,.T.);
#2740 = VERTEX_POINT('',#2741);
#2741 = CARTESIAN_POINT('',(256.,278.,10.6));
#2742 = LINE('',#2743,#2744);
#2743 = CARTESIAN_POINT('',(214.,278.,10.6));
#2744 = VECTOR('',#2745,1.);
#2745 = DIRECTION('',(1.,0.,-0.));
#2746 = ORIENTED_EDGE('',*,*,#2747,.F.);
#2747 = EDGE_CURVE('',#1385,#2740,#2748,.T.);
#2748 = LINE('',#2749,#2750);
#2749 = CARTESIAN_POINT('',(256.,278.,1.6));
#2750 = VECTOR('',#2751,1.);
#2751 = DIRECTION('',(0.,0.,1.));
#2752 = PLANE('',#2753);
#2753 = AXIS2_PLACEMENT_3D('',#2754,#2755,#2756);
#2754 = CARTESIAN_POINT('',(214.,278.,1.6));
#2755 = DIRECTION('',(-0.,1.,0.));
#2756 = DIRECTION('',(0.,0.,1.));
#2757 = ADVANCED_FACE('',(#2758),#2840,.T.);
#2758 = FACE_BOUND('',#2759,.T.);
#2759 = EDGE_LOOP('',(#2760,#2768,#2769,#2770,#2778,#2786,#2794,#2802,
    #2810,#2818,#2826,#2834));
#2760 = ORIENTED_EDGE('',*,*,#2761,.F.);
#2761 = EDGE_CURVE('',#1393,#2762,#2764,.T.);
#2762 = VERTEX_POINT('',#2763);
#2763 = CARTESIAN_POINT('',(256.,268.24,10.6));
#2764 = LINE('',#2765,#2766);
#2765 = CARTESIAN_POINT('',(256.,268.24,1.6));
#2766 = VECTOR('',#2767,1.);
#2767 = DIRECTION('',(0.,0.,1.));
#2768 = ORIENTED_EDGE('',*,*,#1392,.T.);
#2769 = ORIENTED_EDGE('',*,*,#2747,.T.);
#2770 = ORIENTED_EDGE('',*,*,#2771,.F.);
#2771 = EDGE_CURVE('',#2772,#2740,#2774,.T.);
#2772 = VERTEX_POINT('',#2773);
#2773 = CARTESIAN_POINT('',(256.,276.4,10.6));
#2774 = LINE('',#2775,#2776);
#2775 = CARTESIAN_POINT('',(256.,236.,10.6));
#2776 = VECTOR('',#2777,1.);
#2777 = DIRECTION('',(-0.,1.,0.));
#2778 = ORIENTED_EDGE('',*,*,#2779,.F.);
#2779 = EDGE_CURVE('',#2780,#2772,#2782,.T.);
#2780 = VERTEX_POINT('',#2781);
#2781 = CARTESIAN_POINT('',(256.,276.4,4.8));
#2782 = LINE('',#2783,#2784);
#2783 = CARTESIAN_POINT('',(256.,276.4,4.8));
#2784 = VECTOR('',#2785,1.);
#2785 = DIRECTION('',(0.,0.,1.));
#2786 = ORIENTED_EDGE('',*,*,#2787,.F.);
#2787 = EDGE_CURVE('',#2788,#2780,#2790,.T.);
#2788 = VERTEX_POINT('',#2789);
#2789 = CARTESIAN_POINT('',(256.,274.2,4.8));
#2790 = LINE('',#2791,#2792);
#2791 = CARTESIAN_POINT('',(256.,274.2,4.8));
#2792 = VECTOR('',#2793,1.);
#2793 = DIRECTION('',(-0.,1.,0.));
#2794 = ORIENTED_EDGE('',*,*,#2795,.T.);
#2795 = EDGE_CURVE('',#2788,#2796,#2798,.T.);
#2796 = VERTEX_POINT('',#2797);
#2797 = CARTESIAN_POINT('',(256.,274.2,10.6));
#2798 = LINE('',#2799,#2800);
#2799 = CARTESIAN_POINT('',(256.,274.2,4.8));
#2800 = VECTOR('',#2801,1.);
#2801 = DIRECTION('',(0.,0.,1.));
#2802 = ORIENTED_EDGE('',*,*,#2803,.F.);
#2803 = EDGE_CURVE('',#2804,#2796,#2806,.T.);
#2804 = VERTEX_POINT('',#2805);
#2805 = CARTESIAN_POINT('',(256.,272.,10.6));
#2806 = LINE('',#2807,#2808);
#2807 = CARTESIAN_POINT('',(256.,236.,10.6));
#2808 = VECTOR('',#2809,1.);
#2809 = DIRECTION('',(-0.,1.,0.));
#2810 = ORIENTED_EDGE('',*,*,#2811,.F.);
#2811 = EDGE_CURVE('',#2812,#2804,#2814,.T.);
#2812 = VERTEX_POINT('',#2813);
#2813 = CARTESIAN_POINT('',(256.,272.,4.8));
#2814 = LINE('',#2815,#2816);
#2815 = CARTESIAN_POINT('',(256.,272.,4.8));
#2816 = VECTOR('',#2817,1.);
#2817 = DIRECTION('',(0.,0.,1.));
#2818 = ORIENTED_EDGE('',*,*,#2819,.F.);
#2819 = EDGE_CURVE('',#2820,#2812,#2822,.T.);
#2820 = VERTEX_POINT('',#2821);
#2821 = CARTESIAN_POINT('',(256.,269.8,4.8));
#2822 = LINE('',#2823,#2824);
#2823 = CARTESIAN_POINT('',(256.,269.8,4.8));
#2824 = VECTOR('',#2825,1.);
#2825 = DIRECTION('',(-0.,1.,0.));
#2826 = ORIENTED_EDGE('',*,*,#2827,.T.);
#2827 = EDGE_CURVE('',#2820,#2828,#2830,.T.);
#2828 = VERTEX_POINT('',#2829);
#2829 = CARTESIAN_POINT('',(256.,269.8,10.6));
#2830 = LINE('',#2831,#2832);
#2831 = CARTESIAN_POINT('',(256.,269.8,4.8));
#2832 = VECTOR('',#2833,1.);
#2833 = DIRECTION('',(0.,0.,1.));
#2834 = ORIENTED_EDGE('',*,*,#2835,.F.);
#2835 = EDGE_CURVE('',#2762,#2828,#2836,.T.);
#2836 = LINE('',#2837,#2838);
#2837 = CARTESIAN_POINT('',(256.,236.,10.6));
#2838 = VECTOR('',#2839,1.);
#2839 = DIRECTION('',(-0.,1.,0.));
#2840 = PLANE('',#2841);
#2841 = AXIS2_PLACEMENT_3D('',#2842,#2843,#2844);
#2842 = CARTESIAN_POINT('',(256.,236.,1.6));
#2843 = DIRECTION('',(1.,0.,-0.));
#2844 = DIRECTION('',(0.,0.,1.));
#2845 = ADVANCED_FACE('',(#2846),#2871,.T.);
#2846 = FACE_BOUND('',#2847,.T.);
#2847 = EDGE_LOOP('',(#2848,#2856,#2857,#2865));
#2848 = ORIENTED_EDGE('',*,*,#2849,.F.);
#2849 = EDGE_CURVE('',#1409,#2850,#2852,.T.);
#2850 = VERTEX_POINT('',#2851);
#2851 = CARTESIAN_POINT('',(301.,259.84,13.1));
#2852 = LINE('',#2853,#2854);
#2853 = CARTESIAN_POINT('',(301.,259.84,1.6));
#2854 = VECTOR('',#2855,1.);
#2855 = DIRECTION('',(0.,0.,1.));
#2856 = ORIENTED_EDGE('',*,*,#1408,.T.);
#2857 = ORIENTED_EDGE('',*,*,#2858,.T.);
#2858 = EDGE_CURVE('',#1401,#2859,#2861,.T.);
#2859 = VERTEX_POINT('',#2860);
#2860 = CARTESIAN_POINT('',(301.,268.24,13.1));
#2861 = LINE('',#2862,#2863);
#2862 = CARTESIAN_POINT('',(301.,268.24,1.6));
#2863 = VECTOR('',#2864,1.);
#2864 = DIRECTION('',(0.,0.,1.));
#2865 = ORIENTED_EDGE('',*,*,#2866,.F.);
#2866 = EDGE_CURVE('',#2850,#2859,#2867,.T.);
#2867 = LINE('',#2868,#2869);
#2868 = CARTESIAN_POINT('',(301.,259.84,13.1));
#2869 = VECTOR('',#2870,1.);
#2870 = DIRECTION('',(-0.,1.,0.));
#2871 = PLANE('',#2872);
#2872 = AXIS2_PLACEMENT_3D('',#2873,#2874,#2875);
#2873 = CARTESIAN_POINT('',(301.,259.84,1.6));
#2874 = DIRECTION('',(1.,0.,-0.));
#2875 = DIRECTION('',(0.,0.,1.));
#2876 = ADVANCED_FACE('',(#2877),#2911,.F.);
#2877 = FACE_BOUND('',#2878,.F.);
#2878 = EDGE_LOOP('',(#2879,#2880,#2888,#2896,#2904,#2910));
#2879 = ORIENTED_EDGE('',*,*,#1416,.F.);
#2880 = ORIENTED_EDGE('',*,*,#2881,.T.);
#2881 = EDGE_CURVE('',#1417,#2882,#2884,.T.);
#2882 = VERTEX_POINT('',#2883);
#2883 = CARTESIAN_POINT('',(256.,259.84,10.6));
#2884 = LINE('',#2885,#2886);
#2885 = CARTESIAN_POINT('',(256.,259.84,1.6));
#2886 = VECTOR('',#2887,1.);
#2887 = DIRECTION('',(0.,0.,1.));
#2888 = ORIENTED_EDGE('',*,*,#2889,.T.);
#2889 = EDGE_CURVE('',#2882,#2890,#2892,.T.);
#2890 = VERTEX_POINT('',#2891);
#2891 = CARTESIAN_POINT('',(237.35,259.84,10.6));
#2892 = LINE('',#2893,#2894);
#2893 = CARTESIAN_POINT('',(213.,259.84,10.6));
#2894 = VECTOR('',#2895,1.);
#2895 = DIRECTION('',(-1.,-0.,0.));
#2896 = ORIENTED_EDGE('',*,*,#2897,.T.);
#2897 = EDGE_CURVE('',#2890,#2898,#2900,.T.);
#2898 = VERTEX_POINT('',#2899);
#2899 = CARTESIAN_POINT('',(237.35,259.84,13.1));
#2900 = LINE('',#2901,#2902);
#2901 = CARTESIAN_POINT('',(237.35,259.84,1.6));
#2902 = VECTOR('',#2903,1.);
#2903 = DIRECTION('',(0.,0.,1.));
#2904 = ORIENTED_EDGE('',*,*,#2905,.T.);
#2905 = EDGE_CURVE('',#2898,#2850,#2906,.T.);
#2906 = LINE('',#2907,#2908);
#2907 = CARTESIAN_POINT('',(212.,259.84,13.1));
#2908 = VECTOR('',#2909,1.);
#2909 = DIRECTION('',(1.,0.,-0.));
#2910 = ORIENTED_EDGE('',*,*,#2849,.F.);
#2911 = PLANE('',#2912);
#2912 = AXIS2_PLACEMENT_3D('',#2913,#2914,#2915);
#2913 = CARTESIAN_POINT('',(212.,259.84,1.6));
#2914 = DIRECTION('',(-0.,1.,0.));
#2915 = DIRECTION('',(0.,0.,1.));
#2916 = ADVANCED_FACE('',(#2917),#3095,.T.);
#2917 = FACE_BOUND('',#2918,.T.);
#2918 = EDGE_LOOP('',(#2919,#2929,#2935,#2936,#2937,#2945,#2953,#2961,
    #2969,#2977,#2985,#2993,#3001,#3009,#3017,#3025,#3033,#3041,#3049,
    #3057,#3065,#3073,#3081,#3089));
#2919 = ORIENTED_EDGE('',*,*,#2920,.F.);
#2920 = EDGE_CURVE('',#2921,#2923,#2925,.T.);
#2921 = VERTEX_POINT('',#2922);
#2922 = CARTESIAN_POINT('',(256.,236.,10.6));
#2923 = VERTEX_POINT('',#2924);
#2924 = CARTESIAN_POINT('',(256.,239.,10.6));
#2925 = LINE('',#2926,#2927);
#2926 = CARTESIAN_POINT('',(256.,236.,10.6));
#2927 = VECTOR('',#2928,1.);
#2928 = DIRECTION('',(-0.,1.,0.));
#2929 = ORIENTED_EDGE('',*,*,#2930,.F.);
#2930 = EDGE_CURVE('',#1425,#2921,#2931,.T.);
#2931 = LINE('',#2932,#2933);
#2932 = CARTESIAN_POINT('',(256.,236.,1.6));
#2933 = VECTOR('',#2934,1.);
#2934 = DIRECTION('',(0.,0.,1.));
#2935 = ORIENTED_EDGE('',*,*,#1424,.T.);
#2936 = ORIENTED_EDGE('',*,*,#2881,.T.);
#2937 = ORIENTED_EDGE('',*,*,#2938,.F.);
#2938 = EDGE_CURVE('',#2939,#2882,#2941,.T.);
#2939 = VERTEX_POINT('',#2940);
#2940 = CARTESIAN_POINT('',(256.,258.8,10.6));
#2941 = LINE('',#2942,#2943);
#2942 = CARTESIAN_POINT('',(256.,236.,10.6));
#2943 = VECTOR('',#2944,1.);
#2944 = DIRECTION('',(-0.,1.,0.));
#2945 = ORIENTED_EDGE('',*,*,#2946,.F.);
#2946 = EDGE_CURVE('',#2947,#2939,#2949,.T.);
#2947 = VERTEX_POINT('',#2948);
#2948 = CARTESIAN_POINT('',(256.,258.8,4.8));
#2949 = LINE('',#2950,#2951);
#2950 = CARTESIAN_POINT('',(256.,258.8,4.8));
#2951 = VECTOR('',#2952,1.);
#2952 = DIRECTION('',(0.,0.,1.));
#2953 = ORIENTED_EDGE('',*,*,#2954,.F.);
#2954 = EDGE_CURVE('',#2955,#2947,#2957,.T.);
#2955 = VERTEX_POINT('',#2956);
#2956 = CARTESIAN_POINT('',(256.,256.6,4.8));
#2957 = LINE('',#2958,#2959);
#2958 = CARTESIAN_POINT('',(256.,256.6,4.8));
#2959 = VECTOR('',#2960,1.);
#2960 = DIRECTION('',(-0.,1.,0.));
#2961 = ORIENTED_EDGE('',*,*,#2962,.T.);
#2962 = EDGE_CURVE('',#2955,#2963,#2965,.T.);
#2963 = VERTEX_POINT('',#2964);
#2964 = CARTESIAN_POINT('',(256.,256.6,10.6));
#2965 = LINE('',#2966,#2967);
#2966 = CARTESIAN_POINT('',(256.,256.6,4.8));
#2967 = VECTOR('',#2968,1.);
#2968 = DIRECTION('',(0.,0.,1.));
#2969 = ORIENTED_EDGE('',*,*,#2970,.F.);
#2970 = EDGE_CURVE('',#2971,#2963,#2973,.T.);
#2971 = VERTEX_POINT('',#2972);
#2972 = CARTESIAN_POINT('',(256.,254.4,10.6));
#2973 = LINE('',#2974,#2975);
#2974 = CARTESIAN_POINT('',(256.,236.,10.6));
#2975 = VECTOR('',#2976,1.);
#2976 = DIRECTION('',(-0.,1.,0.));
#2977 = ORIENTED_EDGE('',*,*,#2978,.F.);
#2978 = EDGE_CURVE('',#2979,#2971,#2981,.T.);
#2979 = VERTEX_POINT('',#2980);
#2980 = CARTESIAN_POINT('',(256.,254.4,4.8));
#2981 = LINE('',#2982,#2983);
#2982 = CARTESIAN_POINT('',(256.,254.4,4.8));
#2983 = VECTOR('',#2984,1.);
#2984 = DIRECTION('',(0.,0.,1.));
#2985 = ORIENTED_EDGE('',*,*,#2986,.F.);
#2986 = EDGE_CURVE('',#2987,#2979,#2989,.T.);
#2987 = VERTEX_POINT('',#2988);
#2988 = CARTESIAN_POINT('',(256.,252.2,4.8));
#2989 = LINE('',#2990,#2991);
#2990 = CARTESIAN_POINT('',(256.,252.2,4.8));
#2991 = VECTOR('',#2992,1.);
#2992 = DIRECTION('',(-0.,1.,0.));
#2993 = ORIENTED_EDGE('',*,*,#2994,.T.);
#2994 = EDGE_CURVE('',#2987,#2995,#2997,.T.);
#2995 = VERTEX_POINT('',#2996);
#2996 = CARTESIAN_POINT('',(256.,252.2,10.6));
#2997 = LINE('',#2998,#2999);
#2998 = CARTESIAN_POINT('',(256.,252.2,4.8));
#2999 = VECTOR('',#3000,1.);
#3000 = DIRECTION('',(0.,0.,1.));
#3001 = ORIENTED_EDGE('',*,*,#3002,.F.);
#3002 = EDGE_CURVE('',#3003,#2995,#3005,.T.);
#3003 = VERTEX_POINT('',#3004);
#3004 = CARTESIAN_POINT('',(256.,250.,10.6));
#3005 = LINE('',#3006,#3007);
#3006 = CARTESIAN_POINT('',(256.,236.,10.6));
#3007 = VECTOR('',#3008,1.);
#3008 = DIRECTION('',(-0.,1.,0.));
#3009 = ORIENTED_EDGE('',*,*,#3010,.F.);
#3010 = EDGE_CURVE('',#3011,#3003,#3013,.T.);
#3011 = VERTEX_POINT('',#3012);
#3012 = CARTESIAN_POINT('',(256.,250.,4.8));
#3013 = LINE('',#3014,#3015);
#3014 = CARTESIAN_POINT('',(256.,250.,4.8));
#3015 = VECTOR('',#3016,1.);
#3016 = DIRECTION('',(0.,0.,1.));
#3017 = ORIENTED_EDGE('',*,*,#3018,.F.);
#3018 = EDGE_CURVE('',#3019,#3011,#3021,.T.);
#3019 = VERTEX_POINT('',#3020);
#3020 = CARTESIAN_POINT('',(256.,247.8,4.8));
#3021 = LINE('',#3022,#3023);
#3022 = CARTESIAN_POINT('',(256.,247.8,4.8));
#3023 = VECTOR('',#3024,1.);
#3024 = DIRECTION('',(-0.,1.,0.));
#3025 = ORIENTED_EDGE('',*,*,#3026,.T.);
#3026 = EDGE_CURVE('',#3019,#3027,#3029,.T.);
#3027 = VERTEX_POINT('',#3028);
#3028 = CARTESIAN_POINT('',(256.,247.8,10.6));
#3029 = LINE('',#3030,#3031);
#3030 = CARTESIAN_POINT('',(256.,247.8,4.8));
#3031 = VECTOR('',#3032,1.);
#3032 = DIRECTION('',(0.,0.,1.));
#3033 = ORIENTED_EDGE('',*,*,#3034,.F.);
#3034 = EDGE_CURVE('',#3035,#3027,#3037,.T.);
#3035 = VERTEX_POINT('',#3036);
#3036 = CARTESIAN_POINT('',(256.,245.6,10.6));
#3037 = LINE('',#3038,#3039);
#3038 = CARTESIAN_POINT('',(256.,236.,10.6));
#3039 = VECTOR('',#3040,1.);
#3040 = DIRECTION('',(-0.,1.,0.));
#3041 = ORIENTED_EDGE('',*,*,#3042,.F.);
#3042 = EDGE_CURVE('',#3043,#3035,#3045,.T.);
#3043 = VERTEX_POINT('',#3044);
#3044 = CARTESIAN_POINT('',(256.,245.6,4.8));
#3045 = LINE('',#3046,#3047);
#3046 = CARTESIAN_POINT('',(256.,245.6,4.8));
#3047 = VECTOR('',#3048,1.);
#3048 = DIRECTION('',(0.,0.,1.));
#3049 = ORIENTED_EDGE('',*,*,#3050,.F.);
#3050 = EDGE_CURVE('',#3051,#3043,#3053,.T.);
#3051 = VERTEX_POINT('',#3052);
#3052 = CARTESIAN_POINT('',(256.,243.4,4.8));
#3053 = LINE('',#3054,#3055);
#3054 = CARTESIAN_POINT('',(256.,243.4,4.8));
#3055 = VECTOR('',#3056,1.);
#3056 = DIRECTION('',(-0.,1.,0.));
#3057 = ORIENTED_EDGE('',*,*,#3058,.T.);
#3058 = EDGE_CURVE('',#3051,#3059,#3061,.T.);
#3059 = VERTEX_POINT('',#3060);
#3060 = CARTESIAN_POINT('',(256.,243.4,10.6));
#3061 = LINE('',#3062,#3063);
#3062 = CARTESIAN_POINT('',(256.,243.4,4.8));
#3063 = VECTOR('',#3064,1.);
#3064 = DIRECTION('',(0.,0.,1.));
#3065 = ORIENTED_EDGE('',*,*,#3066,.F.);
#3066 = EDGE_CURVE('',#3067,#3059,#3069,.T.);
#3067 = VERTEX_POINT('',#3068);
#3068 = CARTESIAN_POINT('',(256.,241.2,10.6));
#3069 = LINE('',#3070,#3071);
#3070 = CARTESIAN_POINT('',(256.,236.,10.6));
#3071 = VECTOR('',#3072,1.);
#3072 = DIRECTION('',(-0.,1.,0.));
#3073 = ORIENTED_EDGE('',*,*,#3074,.F.);
#3074 = EDGE_CURVE('',#3075,#3067,#3077,.T.);
#3075 = VERTEX_POINT('',#3076);
#3076 = CARTESIAN_POINT('',(256.,241.2,4.8));
#3077 = LINE('',#3078,#3079);
#3078 = CARTESIAN_POINT('',(256.,241.2,4.8));
#3079 = VECTOR('',#3080,1.);
#3080 = DIRECTION('',(0.,0.,1.));
#3081 = ORIENTED_EDGE('',*,*,#3082,.F.);
#3082 = EDGE_CURVE('',#3083,#3075,#3085,.T.);
#3083 = VERTEX_POINT('',#3084);
#3084 = CARTESIAN_POINT('',(256.,239.,4.8));
#3085 = LINE('',#3086,#3087);
#3086 = CARTESIAN_POINT('',(256.,239.,4.8));
#3087 = VECTOR('',#3088,1.);
#3088 = DIRECTION('',(-0.,1.,0.));
#3089 = ORIENTED_EDGE('',*,*,#3090,.T.);
#3090 = EDGE_CURVE('',#3083,#2923,#3091,.T.);
#3091 = LINE('',#3092,#3093);
#3092 = CARTESIAN_POINT('',(256.,239.,4.8));
#3093 = VECTOR('',#3094,1.);
#3094 = DIRECTION('',(0.,0.,1.));
#3095 = PLANE('',#3096);
#3096 = AXIS2_PLACEMENT_3D('',#3097,#3098,#3099);
#3097 = CARTESIAN_POINT('',(256.,236.,1.6));
#3098 = DIRECTION('',(1.,0.,-0.));
#3099 = DIRECTION('',(0.,0.,1.));
#3100 = ADVANCED_FACE('',(#3101),#3119,.F.);
#3101 = FACE_BOUND('',#3102,.F.);
#3102 = EDGE_LOOP('',(#3103,#3104,#3112,#3118));
#3103 = ORIENTED_EDGE('',*,*,#1432,.F.);
#3104 = ORIENTED_EDGE('',*,*,#3105,.F.);
#3105 = EDGE_CURVE('',#3106,#1433,#3108,.T.);
#3106 = VERTEX_POINT('',#3107);
#3107 = CARTESIAN_POINT('',(237.35,236.,10.6));
#3108 = LINE('',#3109,#3110);
#3109 = CARTESIAN_POINT('',(237.35,236.,1.6));
#3110 = VECTOR('',#3111,1.);
#3111 = DIRECTION('',(-0.,0.,-1.));
#3112 = ORIENTED_EDGE('',*,*,#3113,.T.);
#3113 = EDGE_CURVE('',#3106,#2921,#3114,.T.);
#3114 = LINE('',#3115,#3116);
#3115 = CARTESIAN_POINT('',(214.,236.,10.6));
#3116 = VECTOR('',#3117,1.);
#3117 = DIRECTION('',(1.,0.,-0.));
#3118 = ORIENTED_EDGE('',*,*,#2930,.F.);
#3119 = PLANE('',#3120);
#3120 = AXIS2_PLACEMENT_3D('',#3121,#3122,#3123);
#3121 = CARTESIAN_POINT('',(214.,236.,1.6));
#3122 = DIRECTION('',(-0.,1.,0.));
#3123 = DIRECTION('',(0.,0.,1.));
#3124 = ADVANCED_FACE('',(#3125),#3150,.T.);
#3125 = FACE_BOUND('',#3126,.T.);
#3126 = EDGE_LOOP('',(#3127,#3135,#3136,#3144));
#3127 = ORIENTED_EDGE('',*,*,#3128,.F.);
#3128 = EDGE_CURVE('',#1547,#3129,#3131,.T.);
#3129 = VERTEX_POINT('',#3130);
#3130 = CARTESIAN_POINT('',(301.,178.56,13.1));
#3131 = LINE('',#3132,#3133);
#3132 = CARTESIAN_POINT('',(301.,178.56,1.6));
#3133 = VECTOR('',#3134,1.);
#3134 = DIRECTION('',(0.,0.,1.));
#3135 = ORIENTED_EDGE('',*,*,#1546,.T.);
#3136 = ORIENTED_EDGE('',*,*,#3137,.T.);
#3137 = EDGE_CURVE('',#1539,#3138,#3140,.T.);
#3138 = VERTEX_POINT('',#3139);
#3139 = CARTESIAN_POINT('',(301.,186.96,13.1));
#3140 = LINE('',#3141,#3142);
#3141 = CARTESIAN_POINT('',(301.,186.96,1.6));
#3142 = VECTOR('',#3143,1.);
#3143 = DIRECTION('',(0.,0.,1.));
#3144 = ORIENTED_EDGE('',*,*,#3145,.F.);
#3145 = EDGE_CURVE('',#3129,#3138,#3146,.T.);
#3146 = LINE('',#3147,#3148);
#3147 = CARTESIAN_POINT('',(301.,178.56,13.1));
#3148 = VECTOR('',#3149,1.);
#3149 = DIRECTION('',(-0.,1.,0.));
#3150 = PLANE('',#3151);
#3151 = AXIS2_PLACEMENT_3D('',#3152,#3153,#3154);
#3152 = CARTESIAN_POINT('',(301.,178.56,1.6));
#3153 = DIRECTION('',(1.,0.,-0.));
#3154 = DIRECTION('',(0.,0.,1.));
#3155 = ADVANCED_FACE('',(#3156),#3167,.F.);
#3156 = FACE_BOUND('',#3157,.F.);
#3157 = EDGE_LOOP('',(#3158,#3159,#3165,#3166));
#3158 = ORIENTED_EDGE('',*,*,#1562,.F.);
#3159 = ORIENTED_EDGE('',*,*,#3160,.F.);
#3160 = EDGE_CURVE('',#1745,#1563,#3161,.T.);
#3161 = LINE('',#3162,#3163);
#3162 = CARTESIAN_POINT('',(325.75,165.,-1.));
#3163 = VECTOR('',#3164,1.);
#3164 = DIRECTION('',(0.,0.,1.));
#3165 = ORIENTED_EDGE('',*,*,#1744,.T.);
#3166 = ORIENTED_EDGE('',*,*,#3160,.T.);
#3167 = CYLINDRICAL_SURFACE('',#3168,1.75);
#3168 = AXIS2_PLACEMENT_3D('',#3169,#3170,#3171);
#3169 = CARTESIAN_POINT('',(324.,165.,-1.));
#3170 = DIRECTION('',(0.,0.,1.));
#3171 = DIRECTION('',(1.,0.,-0.));
#3172 = ADVANCED_FACE('',(#3173),#3184,.F.);
#3173 = FACE_BOUND('',#3174,.F.);
#3174 = EDGE_LOOP('',(#3175,#3176,#3182,#3183));
#3175 = ORIENTED_EDGE('',*,*,#1573,.F.);
#3176 = ORIENTED_EDGE('',*,*,#3177,.F.);
#3177 = EDGE_CURVE('',#1756,#1574,#3178,.T.);
#3178 = LINE('',#3179,#3180);
#3179 = CARTESIAN_POINT('',(249.75,298.,-1.));
#3180 = VECTOR('',#3181,1.);
#3181 = DIRECTION('',(0.,0.,1.));
#3182 = ORIENTED_EDGE('',*,*,#1755,.T.);
#3183 = ORIENTED_EDGE('',*,*,#3177,.T.);
#3184 = CYLINDRICAL_SURFACE('',#3185,1.75);
#3185 = AXIS2_PLACEMENT_3D('',#3186,#3187,#3188);
#3186 = CARTESIAN_POINT('',(248.,298.,-1.));
#3187 = DIRECTION('',(0.,0.,1.));
#3188 = DIRECTION('',(1.,0.,-0.));
#3189 = ADVANCED_FACE('',(#3190),#3201,.F.);
#3190 = FACE_BOUND('',#3191,.F.);
#3191 = EDGE_LOOP('',(#3192,#3193,#3199,#3200));
#3192 = ORIENTED_EDGE('',*,*,#1584,.F.);
#3193 = ORIENTED_EDGE('',*,*,#3194,.F.);
#3194 = EDGE_CURVE('',#1767,#1585,#3195,.T.);
#3195 = LINE('',#3196,#3197);
#3196 = CARTESIAN_POINT('',(325.75,298.,-1.));
#3197 = VECTOR('',#3198,1.);
#3198 = DIRECTION('',(0.,0.,1.));
#3199 = ORIENTED_EDGE('',*,*,#1766,.T.);
#3200 = ORIENTED_EDGE('',*,*,#3194,.T.);
#3201 = CYLINDRICAL_SURFACE('',#3202,1.75);
#3202 = AXIS2_PLACEMENT_3D('',#3203,#3204,#3205);
#3203 = CARTESIAN_POINT('',(324.,298.,-1.));
#3204 = DIRECTION('',(0.,0.,1.));
#3205 = DIRECTION('',(1.,0.,-0.));
#3206 = ADVANCED_FACE('',(#3207),#3218,.F.);
#3207 = FACE_BOUND('',#3208,.F.);
#3208 = EDGE_LOOP('',(#3209,#3210,#3211,#3212));
#3209 = ORIENTED_EDGE('',*,*,#1796,.F.);
#3210 = ORIENTED_EDGE('',*,*,#1609,.T.);
#3211 = ORIENTED_EDGE('',*,*,#1852,.T.);
#3212 = ORIENTED_EDGE('',*,*,#3213,.F.);
#3213 = EDGE_CURVE('',#1797,#1853,#3214,.T.);
#3214 = LINE('',#3215,#3216);
#3215 = CARTESIAN_POINT('',(-0.1,70.,35.6));
#3216 = VECTOR('',#3217,1.);
#3217 = DIRECTION('',(-0.,1.,0.));
#3218 = PLANE('',#3219);
#3219 = AXIS2_PLACEMENT_3D('',#3220,#3221,#3222);
#3220 = CARTESIAN_POINT('',(-0.1,70.,1.6));
#3221 = DIRECTION('',(1.,0.,-0.));
#3222 = DIRECTION('',(0.,0.,1.));
#3223 = ADVANCED_FACE('',(#3224),#3243,.F.);
#3224 = FACE_BOUND('',#3225,.F.);
#3225 = EDGE_LOOP('',(#3226,#3235,#3241,#3242));
#3226 = ORIENTED_EDGE('',*,*,#3227,.F.);
#3227 = EDGE_CURVE('',#3228,#3228,#3230,.T.);
#3228 = VERTEX_POINT('',#3229);
#3229 = CARTESIAN_POINT('',(8.15,165.,1.6));
#3230 = CIRCLE('',#3231,1.75);
#3231 = AXIS2_PLACEMENT_3D('',#3232,#3233,#3234);
#3232 = CARTESIAN_POINT('',(6.4,165.,1.6));
#3233 = DIRECTION('',(0.,0.,1.));
#3234 = DIRECTION('',(1.,0.,-0.));
#3235 = ORIENTED_EDGE('',*,*,#3236,.F.);
#3236 = EDGE_CURVE('',#1712,#3228,#3237,.T.);
#3237 = LINE('',#3238,#3239);
#3238 = CARTESIAN_POINT('',(8.15,165.,-1.));
#3239 = VECTOR('',#3240,1.);
#3240 = DIRECTION('',(0.,0.,1.));
#3241 = ORIENTED_EDGE('',*,*,#1711,.T.);
#3242 = ORIENTED_EDGE('',*,*,#3236,.T.);
#3243 = CYLINDRICAL_SURFACE('',#3244,1.75);
#3244 = AXIS2_PLACEMENT_3D('',#3245,#3246,#3247);
#3245 = CARTESIAN_POINT('',(6.4,165.,-1.));
#3246 = DIRECTION('',(0.,0.,1.));
#3247 = DIRECTION('',(1.,0.,-0.));
#3248 = ADVANCED_FACE('',(#3249),#3255,.T.);
#3249 = FACE_BOUND('',#3250,.T.);
#3250 = EDGE_LOOP('',(#3251,#3252,#3253,#3254));
#3251 = ORIENTED_EDGE('',*,*,#3213,.F.);
#3252 = ORIENTED_EDGE('',*,*,#1804,.T.);
#3253 = ORIENTED_EDGE('',*,*,#1837,.T.);
#3254 = ORIENTED_EDGE('',*,*,#1860,.F.);
#3255 = PLANE('',#3256);
#3256 = AXIS2_PLACEMENT_3D('',#3257,#3258,#3259);
#3257 = CARTESIAN_POINT('',(-0.1,70.,35.6));
#3258 = DIRECTION('',(0.,0.,1.));
#3259 = DIRECTION('',(1.,0.,-0.));
#3260 = ADVANCED_FACE('',(#3261),#3265,.F.);
#3261 = FACE_BOUND('',#3262,.F.);
#3262 = EDGE_LOOP('',(#3263,#3264));
#3263 = ORIENTED_EDGE('',*,*,#1902,.T.);
#3264 = ORIENTED_EDGE('',*,*,#1942,.T.);
#3265 = PLANE('',#3266);
#3266 = AXIS2_PLACEMENT_3D('',#3267,#3268,#3269);
#3267 = CARTESIAN_POINT('',(120.,8.,1.6));
#3268 = DIRECTION('',(0.,0.,1.));
#3269 = DIRECTION('',(1.,0.,-0.));
#3270 = ADVANCED_FACE('',(#3271),#3277,.T.);
#3271 = FACE_BOUND('',#3272,.T.);
#3272 = EDGE_LOOP('',(#3273,#3274,#3275,#3276));
#3273 = ORIENTED_EDGE('',*,*,#2007,.F.);
#3274 = ORIENTED_EDGE('',*,*,#1927,.T.);
#3275 = ORIENTED_EDGE('',*,*,#1966,.T.);
#3276 = ORIENTED_EDGE('',*,*,#1989,.F.);
#3277 = PLANE('',#3278);
#3278 = AXIS2_PLACEMENT_3D('',#3279,#3280,#3281);
#3279 = CARTESIAN_POINT('',(120.,8.,4.8));
#3280 = DIRECTION('',(0.,0.,1.));
#3281 = DIRECTION('',(1.,0.,-0.));
#3282 = ADVANCED_FACE('',(#3283),#3315,.T.);
#3283 = FACE_BOUND('',#3284,.T.);
#3284 = EDGE_LOOP('',(#3285,#3286,#3292,#3293,#3294,#3302,#3308,#3309));
#3285 = ORIENTED_EDGE('',*,*,#601,.F.);
#3286 = ORIENTED_EDGE('',*,*,#3287,.T.);
#3287 = EDGE_CURVE('',#594,#2022,#3288,.T.);
#3288 = LINE('',#3289,#3290);
#3289 = CARTESIAN_POINT('',(212.,56.64,13.1));
#3290 = VECTOR('',#3291,1.);
#3291 = DIRECTION('',(1.,0.,-0.));
#3292 = ORIENTED_EDGE('',*,*,#2038,.T.);
#3293 = ORIENTED_EDGE('',*,*,#2061,.F.);
#3294 = ORIENTED_EDGE('',*,*,#3295,.T.);
#3295 = EDGE_CURVE('',#2054,#3296,#3298,.T.);
#3296 = VERTEX_POINT('',#3297);
#3297 = CARTESIAN_POINT('',(237.35,59.,13.1));
#3298 = LINE('',#3299,#3300);
#3299 = CARTESIAN_POINT('',(237.35,57.82,13.1));
#3300 = VECTOR('',#3301,1.);
#3301 = DIRECTION('',(0.,-1.,0.));
#3302 = ORIENTED_EDGE('',*,*,#3303,.F.);
#3303 = EDGE_CURVE('',#743,#3296,#3304,.T.);
#3304 = LINE('',#3305,#3306);
#3305 = CARTESIAN_POINT('',(222.175,59.,13.1));
#3306 = VECTOR('',#3307,1.);
#3307 = DIRECTION('',(1.,0.,-0.));
#3308 = ORIENTED_EDGE('',*,*,#752,.F.);
#3309 = ORIENTED_EDGE('',*,*,#3310,.F.);
#3310 = EDGE_CURVE('',#602,#753,#3311,.T.);
#3311 = LINE('',#3312,#3313);
#3312 = CARTESIAN_POINT('',(212.,65.04,13.1));
#3313 = VECTOR('',#3314,1.);
#3314 = DIRECTION('',(1.,0.,-0.));
#3315 = PLANE('',#3316);
#3316 = AXIS2_PLACEMENT_3D('',#3317,#3318,#3319);
#3317 = CARTESIAN_POINT('',(212.,56.64,13.1));
#3318 = DIRECTION('',(0.,0.,1.));
#3319 = DIRECTION('',(1.,0.,-0.));
#3320 = ADVANCED_FACE('',(#3321),#3346,.T.);
#3321 = FACE_BOUND('',#3322,.T.);
#3322 = EDGE_LOOP('',(#3323,#3333,#3339,#3340));
#3323 = ORIENTED_EDGE('',*,*,#3324,.F.);
#3324 = EDGE_CURVE('',#3325,#3327,#3329,.T.);
#3325 = VERTEX_POINT('',#3326);
#3326 = CARTESIAN_POINT('',(218.,16.,13.1));
#3327 = VERTEX_POINT('',#3328);
#3328 = CARTESIAN_POINT('',(218.,24.4,13.1));
#3329 = LINE('',#3330,#3331);
#3330 = CARTESIAN_POINT('',(218.,16.,13.1));
#3331 = VECTOR('',#3332,1.);
#3332 = DIRECTION('',(-0.,1.,0.));
#3333 = ORIENTED_EDGE('',*,*,#3334,.T.);
#3334 = EDGE_CURVE('',#3325,#2094,#3335,.T.);
#3335 = LINE('',#3336,#3337);
#3336 = CARTESIAN_POINT('',(212.,16.,13.1));
#3337 = VECTOR('',#3338,1.);
#3338 = DIRECTION('',(1.,0.,-0.));
#3339 = ORIENTED_EDGE('',*,*,#2110,.T.);
#3340 = ORIENTED_EDGE('',*,*,#3341,.F.);
#3341 = EDGE_CURVE('',#3327,#2103,#3342,.T.);
#3342 = LINE('',#3343,#3344);
#3343 = CARTESIAN_POINT('',(212.,24.4,13.1));
#3344 = VECTOR('',#3345,1.);
#3345 = DIRECTION('',(1.,0.,-0.));
#3346 = PLANE('',#3347);
#3347 = AXIS2_PLACEMENT_3D('',#3348,#3349,#3350);
#3348 = CARTESIAN_POINT('',(212.,16.,13.1));
#3349 = DIRECTION('',(0.,0.,1.));
#3350 = DIRECTION('',(1.,0.,-0.));
#3351 = ADVANCED_FACE('',(#3352),#3377,.T.);
#3352 = FACE_BOUND('',#3353,.T.);
#3353 = EDGE_LOOP('',(#3354,#3364,#3370,#3371));
#3354 = ORIENTED_EDGE('',*,*,#3355,.F.);
#3355 = EDGE_CURVE('',#3356,#3358,#3360,.T.);
#3356 = VERTEX_POINT('',#3357);
#3357 = CARTESIAN_POINT('',(218.,97.28,13.1));
#3358 = VERTEX_POINT('',#3359);
#3359 = CARTESIAN_POINT('',(218.,105.68,13.1));
#3360 = LINE('',#3361,#3362);
#3361 = CARTESIAN_POINT('',(218.,97.28,13.1));
#3362 = VECTOR('',#3363,1.);
#3363 = DIRECTION('',(-0.,1.,0.));
#3364 = ORIENTED_EDGE('',*,*,#3365,.T.);
#3365 = EDGE_CURVE('',#3356,#2142,#3366,.T.);
#3366 = LINE('',#3367,#3368);
#3367 = CARTESIAN_POINT('',(212.,97.28,13.1));
#3368 = VECTOR('',#3369,1.);
#3369 = DIRECTION('',(1.,0.,-0.));
#3370 = ORIENTED_EDGE('',*,*,#2158,.T.);
#3371 = ORIENTED_EDGE('',*,*,#3372,.F.);
#3372 = EDGE_CURVE('',#3358,#2151,#3373,.T.);
#3373 = LINE('',#3374,#3375);
#3374 = CARTESIAN_POINT('',(212.,105.68,13.1));
#3375 = VECTOR('',#3376,1.);
#3376 = DIRECTION('',(1.,0.,-0.));
#3377 = PLANE('',#3378);
#3378 = AXIS2_PLACEMENT_3D('',#3379,#3380,#3381);
#3379 = CARTESIAN_POINT('',(212.,97.28,13.1));
#3380 = DIRECTION('',(0.,0.,1.));
#3381 = DIRECTION('',(1.,0.,-0.));
#3382 = ADVANCED_FACE('',(#3383),#3408,.T.);
#3383 = FACE_BOUND('',#3384,.T.);
#3384 = EDGE_LOOP('',(#3385,#3395,#3401,#3402));
#3385 = ORIENTED_EDGE('',*,*,#3386,.F.);
#3386 = EDGE_CURVE('',#3387,#3389,#3391,.T.);
#3387 = VERTEX_POINT('',#3388);
#3388 = CARTESIAN_POINT('',(218.,137.92,13.1));
#3389 = VERTEX_POINT('',#3390);
#3390 = CARTESIAN_POINT('',(218.,146.32,13.1));
#3391 = LINE('',#3392,#3393);
#3392 = CARTESIAN_POINT('',(218.,137.92,13.1));
#3393 = VECTOR('',#3394,1.);
#3394 = DIRECTION('',(-0.,1.,0.));
#3395 = ORIENTED_EDGE('',*,*,#3396,.T.);
#3396 = EDGE_CURVE('',#3387,#2173,#3397,.T.);
#3397 = LINE('',#3398,#3399);
#3398 = CARTESIAN_POINT('',(212.,137.92,13.1));
#3399 = VECTOR('',#3400,1.);
#3400 = DIRECTION('',(1.,0.,-0.));
#3401 = ORIENTED_EDGE('',*,*,#2189,.T.);
#3402 = ORIENTED_EDGE('',*,*,#3403,.F.);
#3403 = EDGE_CURVE('',#3389,#2182,#3404,.T.);
#3404 = LINE('',#3405,#3406);
#3405 = CARTESIAN_POINT('',(212.,146.32,13.1));
#3406 = VECTOR('',#3407,1.);
#3407 = DIRECTION('',(1.,0.,-0.));
#3408 = PLANE('',#3409);
#3409 = AXIS2_PLACEMENT_3D('',#3410,#3411,#3412);
#3410 = CARTESIAN_POINT('',(212.,137.92,13.1));
#3411 = DIRECTION('',(0.,0.,1.));
#3412 = DIRECTION('',(1.,0.,-0.));
#3413 = ADVANCED_FACE('',(#3414,#3420),#3454,.T.);
#3414 = FACE_BOUND('',#3415,.T.);
#3415 = EDGE_LOOP('',(#3416,#3417,#3418,#3419));
#3416 = ORIENTED_EDGE('',*,*,#2244,.F.);
#3417 = ORIENTED_EDGE('',*,*,#2212,.T.);
#3418 = ORIENTED_EDGE('',*,*,#2268,.T.);
#3419 = ORIENTED_EDGE('',*,*,#2284,.F.);
#3420 = FACE_BOUND('',#3421,.T.);
#3421 = EDGE_LOOP('',(#3422,#3432,#3440,#3448));
#3422 = ORIENTED_EDGE('',*,*,#3423,.T.);
#3423 = EDGE_CURVE('',#3424,#3426,#3428,.T.);
#3424 = VERTEX_POINT('',#3425);
#3425 = CARTESIAN_POINT('',(189.,155.,5.));
#3426 = VERTEX_POINT('',#3427);
#3427 = CARTESIAN_POINT('',(127.,155.,5.));
#3428 = LINE('',#3429,#3430);
#3429 = CARTESIAN_POINT('',(122.5,155.,5.));
#3430 = VECTOR('',#3431,1.);
#3431 = DIRECTION('',(-1.,-0.,0.));
#3432 = ORIENTED_EDGE('',*,*,#3433,.T.);
#3433 = EDGE_CURVE('',#3426,#3434,#3436,.T.);
#3434 = VERTEX_POINT('',#3435);
#3435 = CARTESIAN_POINT('',(127.,201.,5.));
#3436 = LINE('',#3437,#3438);
#3437 = CARTESIAN_POINT('',(127.,151.5,5.));
#3438 = VECTOR('',#3439,1.);
#3439 = DIRECTION('',(-0.,1.,0.));
#3440 = ORIENTED_EDGE('',*,*,#3441,.F.);
#3441 = EDGE_CURVE('',#3442,#3434,#3444,.T.);
#3442 = VERTEX_POINT('',#3443);
#3443 = CARTESIAN_POINT('',(189.,201.,5.));
#3444 = LINE('',#3445,#3446);
#3445 = CARTESIAN_POINT('',(122.5,201.,5.));
#3446 = VECTOR('',#3447,1.);
#3447 = DIRECTION('',(-1.,-0.,0.));
#3448 = ORIENTED_EDGE('',*,*,#3449,.F.);
#3449 = EDGE_CURVE('',#3424,#3442,#3450,.T.);
#3450 = LINE('',#3451,#3452);
#3451 = CARTESIAN_POINT('',(189.,151.5,5.));
#3452 = VECTOR('',#3453,1.);
#3453 = DIRECTION('',(-0.,1.,0.));
#3454 = PLANE('',#3455);
#3455 = AXIS2_PLACEMENT_3D('',#3456,#3457,#3458);
#3456 = CARTESIAN_POINT('',(118.,148.,5.));
#3457 = DIRECTION('',(0.,0.,1.));
#3458 = DIRECTION('',(1.,0.,-0.));
#3459 = ADVANCED_FACE('',(#3460),#3466,.T.);
#3460 = FACE_BOUND('',#3461,.T.);
#3461 = EDGE_LOOP('',(#3462,#3463,#3464,#3465));
#3462 = ORIENTED_EDGE('',*,*,#2374,.F.);
#3463 = ORIENTED_EDGE('',*,*,#2342,.T.);
#3464 = ORIENTED_EDGE('',*,*,#2508,.T.);
#3465 = ORIENTED_EDGE('',*,*,#2524,.F.);
#3466 = PLANE('',#3467);
#3467 = AXIS2_PLACEMENT_3D('',#3468,#3469,#3470);
#3468 = CARTESIAN_POINT('',(96.,150.,27.6));
#3469 = DIRECTION('',(0.,0.,1.));
#3470 = DIRECTION('',(1.,0.,-0.));
#3471 = ADVANCED_FACE('',(#3472),#3538,.T.);
#3472 = FACE_BOUND('',#3473,.T.);
#3473 = EDGE_LOOP('',(#3474,#3475,#3476,#3484,#3492,#3500,#3508,#3516,
    #3524,#3532));
#3474 = ORIENTED_EDGE('',*,*,#2565,.F.);
#3475 = ORIENTED_EDGE('',*,*,#2485,.T.);
#3476 = ORIENTED_EDGE('',*,*,#3477,.T.);
#3477 = EDGE_CURVE('',#2478,#3478,#3480,.T.);
#3478 = VERTEX_POINT('',#3479);
#3479 = CARTESIAN_POINT('',(214.,255.5,10.));
#3480 = LINE('',#3481,#3482);
#3481 = CARTESIAN_POINT('',(104.,255.5,10.));
#3482 = VECTOR('',#3483,1.);
#3483 = DIRECTION('',(1.,0.,-0.));
#3484 = ORIENTED_EDGE('',*,*,#3485,.F.);
#3485 = EDGE_CURVE('',#3486,#3478,#3488,.T.);
#3486 = VERTEX_POINT('',#3487);
#3487 = CARTESIAN_POINT('',(214.,256.6,10.));
#3488 = LINE('',#3489,#3490);
#3489 = CARTESIAN_POINT('',(214.,245.75,10.));
#3490 = VECTOR('',#3491,1.);
#3491 = DIRECTION('',(0.,-1.,0.));
#3492 = ORIENTED_EDGE('',*,*,#3493,.T.);
#3493 = EDGE_CURVE('',#3486,#3494,#3496,.T.);
#3494 = VERTEX_POINT('',#3495);
#3495 = CARTESIAN_POINT('',(232.35,256.6,10.));
#3496 = LINE('',#3497,#3498);
#3497 = CARTESIAN_POINT('',(159.,256.6,10.));
#3498 = VECTOR('',#3499,1.);
#3499 = DIRECTION('',(1.,0.,-0.));
#3500 = ORIENTED_EDGE('',*,*,#3501,.T.);
#3501 = EDGE_CURVE('',#3494,#3502,#3504,.T.);
#3502 = VERTEX_POINT('',#3503);
#3503 = CARTESIAN_POINT('',(232.35,258.8,10.));
#3504 = LINE('',#3505,#3506);
#3505 = CARTESIAN_POINT('',(232.35,255.5,10.));
#3506 = VECTOR('',#3507,1.);
#3507 = DIRECTION('',(-0.,1.,0.));
#3508 = ORIENTED_EDGE('',*,*,#3509,.F.);
#3509 = EDGE_CURVE('',#3510,#3502,#3512,.T.);
#3510 = VERTEX_POINT('',#3511);
#3511 = CARTESIAN_POINT('',(214.,258.8,10.));
#3512 = LINE('',#3513,#3514);
#3513 = CARTESIAN_POINT('',(159.,258.8,10.));
#3514 = VECTOR('',#3515,1.);
#3515 = DIRECTION('',(1.,0.,-0.));
#3516 = ORIENTED_EDGE('',*,*,#3517,.F.);
#3517 = EDGE_CURVE('',#3518,#3510,#3520,.T.);
#3518 = VERTEX_POINT('',#3519);
#3519 = CARTESIAN_POINT('',(214.,259.84,10.));
#3520 = LINE('',#3521,#3522);
#3521 = CARTESIAN_POINT('',(214.,245.75,10.));
#3522 = VECTOR('',#3523,1.);
#3523 = DIRECTION('',(0.,-1.,0.));
#3524 = ORIENTED_EDGE('',*,*,#3525,.T.);
#3525 = EDGE_CURVE('',#3518,#3526,#3528,.T.);
#3526 = VERTEX_POINT('',#3527);
#3527 = CARTESIAN_POINT('',(212.,259.84,10.));
#3528 = LINE('',#3529,#3530);
#3529 = CARTESIAN_POINT('',(158.,259.84,10.));
#3530 = VECTOR('',#3531,1.);
#3531 = DIRECTION('',(-1.,-0.,0.));
#3532 = ORIENTED_EDGE('',*,*,#3533,.T.);
#3533 = EDGE_CURVE('',#3526,#2566,#3534,.T.);
#3534 = LINE('',#3535,#3536);
#3535 = CARTESIAN_POINT('',(212.,257.67,10.));
#3536 = VECTOR('',#3537,1.);
#3537 = DIRECTION('',(-0.,1.,0.));
#3538 = PLANE('',#3539);
#3539 = AXIS2_PLACEMENT_3D('',#3540,#3541,#3542);
#3540 = CARTESIAN_POINT('',(104.,255.5,10.));
#3541 = DIRECTION('',(0.,0.,1.));
#3542 = DIRECTION('',(1.,0.,-0.));
#3543 = ADVANCED_FACE('',(#3544),#3562,.F.);
#3544 = FACE_BOUND('',#3545,.F.);
#3545 = EDGE_LOOP('',(#3546,#3554,#3555,#3556));
#3546 = ORIENTED_EDGE('',*,*,#3547,.F.);
#3547 = EDGE_CURVE('',#2470,#3548,#3550,.T.);
#3548 = VERTEX_POINT('',#3549);
#3549 = CARTESIAN_POINT('',(214.,255.5,1.6));
#3550 = LINE('',#3551,#3552);
#3551 = CARTESIAN_POINT('',(104.,255.5,1.6));
#3552 = VECTOR('',#3553,1.);
#3553 = DIRECTION('',(1.,0.,-0.));
#3554 = ORIENTED_EDGE('',*,*,#2477,.T.);
#3555 = ORIENTED_EDGE('',*,*,#3477,.T.);
#3556 = ORIENTED_EDGE('',*,*,#3557,.F.);
#3557 = EDGE_CURVE('',#3548,#3478,#3558,.T.);
#3558 = LINE('',#3559,#3560);
#3559 = CARTESIAN_POINT('',(214.,255.5,1.6));
#3560 = VECTOR('',#3561,1.);
#3561 = DIRECTION('',(0.,0.,1.));
#3562 = PLANE('',#3563);
#3563 = AXIS2_PLACEMENT_3D('',#3564,#3565,#3566);
#3564 = CARTESIAN_POINT('',(104.,255.5,1.6));
#3565 = DIRECTION('',(-0.,1.,0.));
#3566 = DIRECTION('',(0.,0.,1.));
#3567 = ADVANCED_FACE('',(#3568),#3586,.T.);
#3568 = FACE_BOUND('',#3569,.T.);
#3569 = EDGE_LOOP('',(#3570,#3571,#3572,#3580));
#3570 = ORIENTED_EDGE('',*,*,#3547,.F.);
#3571 = ORIENTED_EDGE('',*,*,#2469,.F.);
#3572 = ORIENTED_EDGE('',*,*,#3573,.T.);
#3573 = EDGE_CURVE('',#2462,#3574,#3576,.T.);
#3574 = VERTEX_POINT('',#3575);
#3575 = CARTESIAN_POINT('',(214.,251.2,1.6));
#3576 = LINE('',#3577,#3578);
#3577 = CARTESIAN_POINT('',(104.,251.2,1.6));
#3578 = VECTOR('',#3579,1.);
#3579 = DIRECTION('',(1.,0.,-0.));
#3580 = ORIENTED_EDGE('',*,*,#3581,.T.);
#3581 = EDGE_CURVE('',#3574,#3548,#3582,.T.);
#3582 = LINE('',#3583,#3584);
#3583 = CARTESIAN_POINT('',(214.,236.,1.6));
#3584 = VECTOR('',#3585,1.);
#3585 = DIRECTION('',(-0.,1.,0.));
#3586 = PLANE('',#3587);
#3587 = AXIS2_PLACEMENT_3D('',#3588,#3589,#3590);
#3588 = CARTESIAN_POINT('',(0.,0.,1.6));
#3589 = DIRECTION('',(0.,0.,1.));
#3590 = DIRECTION('',(1.,0.,-0.));
#3591 = ADVANCED_FACE('',(#3592),#3610,.T.);
#3592 = FACE_BOUND('',#3593,.T.);
#3593 = EDGE_LOOP('',(#3594,#3595,#3596,#3604));
#3594 = ORIENTED_EDGE('',*,*,#3573,.F.);
#3595 = ORIENTED_EDGE('',*,*,#2461,.T.);
#3596 = ORIENTED_EDGE('',*,*,#3597,.T.);
#3597 = EDGE_CURVE('',#2454,#3598,#3600,.T.);
#3598 = VERTEX_POINT('',#3599);
#3599 = CARTESIAN_POINT('',(214.,251.2,10.));
#3600 = LINE('',#3601,#3602);
#3601 = CARTESIAN_POINT('',(104.,251.2,10.));
#3602 = VECTOR('',#3603,1.);
#3603 = DIRECTION('',(1.,0.,-0.));
#3604 = ORIENTED_EDGE('',*,*,#3605,.F.);
#3605 = EDGE_CURVE('',#3574,#3598,#3606,.T.);
#3606 = LINE('',#3607,#3608);
#3607 = CARTESIAN_POINT('',(214.,251.2,1.6));
#3608 = VECTOR('',#3609,1.);
#3609 = DIRECTION('',(0.,0.,1.));
#3610 = PLANE('',#3611);
#3611 = AXIS2_PLACEMENT_3D('',#3612,#3613,#3614);
#3612 = CARTESIAN_POINT('',(104.,251.2,1.6));
#3613 = DIRECTION('',(-0.,1.,0.));
#3614 = DIRECTION('',(0.,0.,1.));
#3615 = ADVANCED_FACE('',(#3616),#3682,.T.);
#3616 = FACE_BOUND('',#3617,.T.);
#3617 = EDGE_LOOP('',(#3618,#3619,#3627,#3635,#3643,#3651,#3659,#3667,
    #3675,#3681));
#3618 = ORIENTED_EDGE('',*,*,#2453,.T.);
#3619 = ORIENTED_EDGE('',*,*,#3620,.T.);
#3620 = EDGE_CURVE('',#2446,#3621,#3623,.T.);
#3621 = VERTEX_POINT('',#3622);
#3622 = CARTESIAN_POINT('',(232.35,245.,10.));
#3623 = LINE('',#3624,#3625);
#3624 = CARTESIAN_POINT('',(104.,245.,10.));
#3625 = VECTOR('',#3626,1.);
#3626 = DIRECTION('',(1.,0.,-0.));
#3627 = ORIENTED_EDGE('',*,*,#3628,.T.);
#3628 = EDGE_CURVE('',#3621,#3629,#3631,.T.);
#3629 = VERTEX_POINT('',#3630);
#3630 = CARTESIAN_POINT('',(232.35,245.6,10.));
#3631 = LINE('',#3632,#3633);
#3632 = CARTESIAN_POINT('',(232.35,245.,10.));
#3633 = VECTOR('',#3634,1.);
#3634 = DIRECTION('',(-0.,1.,0.));
#3635 = ORIENTED_EDGE('',*,*,#3636,.F.);
#3636 = EDGE_CURVE('',#3637,#3629,#3639,.T.);
#3637 = VERTEX_POINT('',#3638);
#3638 = CARTESIAN_POINT('',(214.,245.6,10.));
#3639 = LINE('',#3640,#3641);
#3640 = CARTESIAN_POINT('',(159.,245.6,10.));
#3641 = VECTOR('',#3642,1.);
#3642 = DIRECTION('',(1.,0.,-0.));
#3643 = ORIENTED_EDGE('',*,*,#3644,.F.);
#3644 = EDGE_CURVE('',#3645,#3637,#3647,.T.);
#3645 = VERTEX_POINT('',#3646);
#3646 = CARTESIAN_POINT('',(214.,247.8,10.));
#3647 = LINE('',#3648,#3649);
#3648 = CARTESIAN_POINT('',(214.,240.5,10.));
#3649 = VECTOR('',#3650,1.);
#3650 = DIRECTION('',(0.,-1.,0.));
#3651 = ORIENTED_EDGE('',*,*,#3652,.T.);
#3652 = EDGE_CURVE('',#3645,#3653,#3655,.T.);
#3653 = VERTEX_POINT('',#3654);
#3654 = CARTESIAN_POINT('',(232.35,247.8,10.));
#3655 = LINE('',#3656,#3657);
#3656 = CARTESIAN_POINT('',(159.,247.8,10.));
#3657 = VECTOR('',#3658,1.);
#3658 = DIRECTION('',(1.,0.,-0.));
#3659 = ORIENTED_EDGE('',*,*,#3660,.T.);
#3660 = EDGE_CURVE('',#3653,#3661,#3663,.T.);
#3661 = VERTEX_POINT('',#3662);
#3662 = CARTESIAN_POINT('',(232.35,250.,10.));
#3663 = LINE('',#3664,#3665);
#3664 = CARTESIAN_POINT('',(232.35,245.,10.));
#3665 = VECTOR('',#3666,1.);
#3666 = DIRECTION('',(-0.,1.,0.));
#3667 = ORIENTED_EDGE('',*,*,#3668,.F.);
#3668 = EDGE_CURVE('',#3669,#3661,#3671,.T.);
#3669 = VERTEX_POINT('',#3670);
#3670 = CARTESIAN_POINT('',(214.,250.,10.));
#3671 = LINE('',#3672,#3673);
#3672 = CARTESIAN_POINT('',(159.,250.,10.));
#3673 = VECTOR('',#3674,1.);
#3674 = DIRECTION('',(1.,0.,-0.));
#3675 = ORIENTED_EDGE('',*,*,#3676,.F.);
#3676 = EDGE_CURVE('',#3598,#3669,#3677,.T.);
#3677 = LINE('',#3678,#3679);
#3678 = CARTESIAN_POINT('',(214.,240.5,10.));
#3679 = VECTOR('',#3680,1.);
#3680 = DIRECTION('',(0.,-1.,0.));
#3681 = ORIENTED_EDGE('',*,*,#3597,.F.);
#3682 = PLANE('',#3683);
#3683 = AXIS2_PLACEMENT_3D('',#3684,#3685,#3686);
#3684 = CARTESIAN_POINT('',(104.,245.,10.));
#3685 = DIRECTION('',(0.,0.,1.));
#3686 = DIRECTION('',(1.,0.,-0.));
#3687 = ADVANCED_FACE('',(#3688),#3713,.T.);
#3688 = FACE_BOUND('',#3689,.T.);
#3689 = EDGE_LOOP('',(#3690,#3698,#3699,#3707));
#3690 = ORIENTED_EDGE('',*,*,#3691,.F.);
#3691 = EDGE_CURVE('',#2438,#3692,#3694,.T.);
#3692 = VERTEX_POINT('',#3693);
#3693 = CARTESIAN_POINT('',(214.,245.,1.6));
#3694 = LINE('',#3695,#3696);
#3695 = CARTESIAN_POINT('',(104.,245.,1.6));
#3696 = VECTOR('',#3697,1.);
#3697 = DIRECTION('',(1.,0.,-0.));
#3698 = ORIENTED_EDGE('',*,*,#2437,.F.);
#3699 = ORIENTED_EDGE('',*,*,#3700,.T.);
#3700 = EDGE_CURVE('',#2430,#3701,#3703,.T.);
#3701 = VERTEX_POINT('',#3702);
#3702 = CARTESIAN_POINT('',(214.,240.7,1.6));
#3703 = LINE('',#3704,#3705);
#3704 = CARTESIAN_POINT('',(104.,240.7,1.6));
#3705 = VECTOR('',#3706,1.);
#3706 = DIRECTION('',(1.,0.,-0.));
#3707 = ORIENTED_EDGE('',*,*,#3708,.T.);
#3708 = EDGE_CURVE('',#3701,#3692,#3709,.T.);
#3709 = LINE('',#3710,#3711);
#3710 = CARTESIAN_POINT('',(214.,236.,1.6));
#3711 = VECTOR('',#3712,1.);
#3712 = DIRECTION('',(-0.,1.,0.));
#3713 = PLANE('',#3714);
#3714 = AXIS2_PLACEMENT_3D('',#3715,#3716,#3717);
#3715 = CARTESIAN_POINT('',(0.,0.,1.6));
#3716 = DIRECTION('',(0.,0.,1.));
#3717 = DIRECTION('',(1.,0.,-0.));
#3718 = ADVANCED_FACE('',(#3719),#3776,.T.);
#3719 = FACE_BOUND('',#3720,.T.);
#3720 = EDGE_LOOP('',(#3721,#3722,#3730,#3738,#3746,#3754,#3762,#3770));
#3721 = ORIENTED_EDGE('',*,*,#2421,.T.);
#3722 = ORIENTED_EDGE('',*,*,#3723,.T.);
#3723 = EDGE_CURVE('',#2414,#3724,#3726,.T.);
#3724 = VERTEX_POINT('',#3725);
#3725 = CARTESIAN_POINT('',(232.35,234.5,10.));
#3726 = LINE('',#3727,#3728);
#3727 = CARTESIAN_POINT('',(104.,234.5,10.));
#3728 = VECTOR('',#3729,1.);
#3729 = DIRECTION('',(1.,0.,-0.));
#3730 = ORIENTED_EDGE('',*,*,#3731,.T.);
#3731 = EDGE_CURVE('',#3724,#3732,#3734,.T.);
#3732 = VERTEX_POINT('',#3733);
#3733 = CARTESIAN_POINT('',(232.35,236.,10.));
#3734 = LINE('',#3735,#3736);
#3735 = CARTESIAN_POINT('',(232.35,234.5,10.));
#3736 = VECTOR('',#3737,1.);
#3737 = DIRECTION('',(-0.,1.,0.));
#3738 = ORIENTED_EDGE('',*,*,#3739,.F.);
#3739 = EDGE_CURVE('',#3740,#3732,#3742,.T.);
#3740 = VERTEX_POINT('',#3741);
#3741 = CARTESIAN_POINT('',(214.,236.,10.));
#3742 = LINE('',#3743,#3744);
#3743 = CARTESIAN_POINT('',(159.,236.,10.));
#3744 = VECTOR('',#3745,1.);
#3745 = DIRECTION('',(1.,0.,-0.));
#3746 = ORIENTED_EDGE('',*,*,#3747,.F.);
#3747 = EDGE_CURVE('',#3748,#3740,#3750,.T.);
#3748 = VERTEX_POINT('',#3749);
#3749 = CARTESIAN_POINT('',(214.,239.,10.));
#3750 = LINE('',#3751,#3752);
#3751 = CARTESIAN_POINT('',(214.,235.25,10.));
#3752 = VECTOR('',#3753,1.);
#3753 = DIRECTION('',(0.,-1.,0.));
#3754 = ORIENTED_EDGE('',*,*,#3755,.T.);
#3755 = EDGE_CURVE('',#3748,#3756,#3758,.T.);
#3756 = VERTEX_POINT('',#3757);
#3757 = CARTESIAN_POINT('',(232.35,239.,10.));
#3758 = LINE('',#3759,#3760);
#3759 = CARTESIAN_POINT('',(159.,239.,10.));
#3760 = VECTOR('',#3761,1.);
#3761 = DIRECTION('',(1.,0.,-0.));
#3762 = ORIENTED_EDGE('',*,*,#3763,.T.);
#3763 = EDGE_CURVE('',#3756,#3764,#3766,.T.);
#3764 = VERTEX_POINT('',#3765);
#3765 = CARTESIAN_POINT('',(232.35,240.7,10.));
#3766 = LINE('',#3767,#3768);
#3767 = CARTESIAN_POINT('',(232.35,234.5,10.));
#3768 = VECTOR('',#3769,1.);
#3769 = DIRECTION('',(-0.,1.,0.));
#3770 = ORIENTED_EDGE('',*,*,#3771,.F.);
#3771 = EDGE_CURVE('',#2422,#3764,#3772,.T.);
#3772 = LINE('',#3773,#3774);
#3773 = CARTESIAN_POINT('',(104.,240.7,10.));
#3774 = VECTOR('',#3775,1.);
#3775 = DIRECTION('',(1.,0.,-0.));
#3776 = PLANE('',#3777);
#3777 = AXIS2_PLACEMENT_3D('',#3778,#3779,#3780);
#3778 = CARTESIAN_POINT('',(104.,234.5,10.));
#3779 = DIRECTION('',(0.,0.,1.));
#3780 = DIRECTION('',(1.,0.,-0.));
#3781 = ADVANCED_FACE('',(#3782),#3816,.T.);
#3782 = FACE_BOUND('',#3783,.T.);
#3783 = EDGE_LOOP('',(#3784,#3792,#3793,#3794,#3802,#3810));
#3784 = ORIENTED_EDGE('',*,*,#3785,.F.);
#3785 = EDGE_CURVE('',#2399,#3786,#3788,.T.);
#3786 = VERTEX_POINT('',#3787);
#3787 = CARTESIAN_POINT('',(232.35,230.2,10.));
#3788 = LINE('',#3789,#3790);
#3789 = CARTESIAN_POINT('',(104.,230.2,10.));
#3790 = VECTOR('',#3791,1.);
#3791 = DIRECTION('',(1.,0.,-0.));
#3792 = ORIENTED_EDGE('',*,*,#2398,.T.);
#3793 = ORIENTED_EDGE('',*,*,#2541,.T.);
#3794 = ORIENTED_EDGE('',*,*,#3795,.T.);
#3795 = EDGE_CURVE('',#2542,#3796,#3798,.T.);
#3796 = VERTEX_POINT('',#3797);
#3797 = CARTESIAN_POINT('',(212.,227.6,10.));
#3798 = LINE('',#3799,#3800);
#3799 = CARTESIAN_POINT('',(212.,221.6,10.));
#3800 = VECTOR('',#3801,1.);
#3801 = DIRECTION('',(-0.,1.,0.));
#3802 = ORIENTED_EDGE('',*,*,#3803,.F.);
#3803 = EDGE_CURVE('',#3804,#3796,#3806,.T.);
#3804 = VERTEX_POINT('',#3805);
#3805 = CARTESIAN_POINT('',(232.35,227.6,10.));
#3806 = LINE('',#3807,#3808);
#3807 = CARTESIAN_POINT('',(158.,227.6,10.));
#3808 = VECTOR('',#3809,1.);
#3809 = DIRECTION('',(-1.,-0.,0.));
#3810 = ORIENTED_EDGE('',*,*,#3811,.T.);
#3811 = EDGE_CURVE('',#3804,#3786,#3812,.T.);
#3812 = LINE('',#3813,#3814);
#3813 = CARTESIAN_POINT('',(232.35,224.,10.));
#3814 = VECTOR('',#3815,1.);
#3815 = DIRECTION('',(-0.,1.,0.));
#3816 = PLANE('',#3817);
#3817 = AXIS2_PLACEMENT_3D('',#3818,#3819,#3820);
#3818 = CARTESIAN_POINT('',(104.,224.,10.));
#3819 = DIRECTION('',(0.,0.,1.));
#3820 = DIRECTION('',(1.,0.,-0.));
#3821 = ADVANCED_FACE('',(#3822),#3863,.T.);
#3822 = FACE_BOUND('',#3823,.T.);
#3823 = EDGE_LOOP('',(#3824,#3825,#3831,#3832,#3833,#3841,#3849,#3857));
#3824 = ORIENTED_EDGE('',*,*,#530,.F.);
#3825 = ORIENTED_EDGE('',*,*,#3826,.T.);
#3826 = EDGE_CURVE('',#523,#2588,#3827,.T.);
#3827 = LINE('',#3828,#3829);
#3828 = CARTESIAN_POINT('',(212.,219.2,13.1));
#3829 = VECTOR('',#3830,1.);
#3830 = DIRECTION('',(1.,0.,-0.));
#3831 = ORIENTED_EDGE('',*,*,#2604,.T.);
#3832 = ORIENTED_EDGE('',*,*,#2722,.F.);
#3833 = ORIENTED_EDGE('',*,*,#3834,.T.);
#3834 = EDGE_CURVE('',#2715,#3835,#3837,.T.);
#3835 = VERTEX_POINT('',#3836);
#3836 = CARTESIAN_POINT('',(237.35,224.,13.1));
#3837 = LINE('',#3838,#3839);
#3838 = CARTESIAN_POINT('',(237.35,221.6,13.1));
#3839 = VECTOR('',#3840,1.);
#3840 = DIRECTION('',(0.,-1.,0.));
#3841 = ORIENTED_EDGE('',*,*,#3842,.F.);
#3842 = EDGE_CURVE('',#3843,#3835,#3845,.T.);
#3843 = VERTEX_POINT('',#3844);
#3844 = CARTESIAN_POINT('',(232.35,224.,13.1));
#3845 = LINE('',#3846,#3847);
#3846 = CARTESIAN_POINT('',(222.175,224.,13.1));
#3847 = VECTOR('',#3848,1.);
#3848 = DIRECTION('',(1.,0.,-0.));
#3849 = ORIENTED_EDGE('',*,*,#3850,.F.);
#3850 = EDGE_CURVE('',#3851,#3843,#3853,.T.);
#3851 = VERTEX_POINT('',#3852);
#3852 = CARTESIAN_POINT('',(232.35,227.6,13.1));
#3853 = LINE('',#3854,#3855);
#3854 = CARTESIAN_POINT('',(232.35,221.6,13.1));
#3855 = VECTOR('',#3856,1.);
#3856 = DIRECTION('',(0.,-1.,0.));
#3857 = ORIENTED_EDGE('',*,*,#3858,.F.);
#3858 = EDGE_CURVE('',#531,#3851,#3859,.T.);
#3859 = LINE('',#3860,#3861);
#3860 = CARTESIAN_POINT('',(212.,227.6,13.1));
#3861 = VECTOR('',#3862,1.);
#3862 = DIRECTION('',(1.,0.,-0.));
#3863 = PLANE('',#3864);
#3864 = AXIS2_PLACEMENT_3D('',#3865,#3866,#3867);
#3865 = CARTESIAN_POINT('',(212.,219.2,13.1));
#3866 = DIRECTION('',(0.,0.,1.));
#3867 = DIRECTION('',(1.,0.,-0.));
#3868 = ADVANCED_FACE('',(#3869),#3885,.T.);
#3869 = FACE_BOUND('',#3870,.T.);
#3870 = EDGE_LOOP('',(#3871,#3872,#3878,#3879));
#3871 = ORIENTED_EDGE('',*,*,#2699,.F.);
#3872 = ORIENTED_EDGE('',*,*,#3873,.F.);
#3873 = EDGE_CURVE('',#2762,#2619,#3874,.T.);
#3874 = LINE('',#3875,#3876);
#3875 = CARTESIAN_POINT('',(213.,268.24,10.6));
#3876 = VECTOR('',#3877,1.);
#3877 = DIRECTION('',(-1.,-0.,0.));
#3878 = ORIENTED_EDGE('',*,*,#2835,.T.);
#3879 = ORIENTED_EDGE('',*,*,#3880,.T.);
#3880 = EDGE_CURVE('',#2828,#2692,#3881,.T.);
#3881 = LINE('',#3882,#3883);
#3882 = CARTESIAN_POINT('',(214.,269.8,10.6));
#3883 = VECTOR('',#3884,1.);
#3884 = DIRECTION('',(-1.,-0.,0.));
#3885 = PLANE('',#3886);
#3886 = AXIS2_PLACEMENT_3D('',#3887,#3888,#3889);
#3887 = CARTESIAN_POINT('',(214.,236.,10.6));
#3888 = DIRECTION('',(0.,0.,1.));
#3889 = DIRECTION('',(1.,0.,-0.));
#3890 = ADVANCED_FACE('',(#3891),#3902,.T.);
#3891 = FACE_BOUND('',#3892,.T.);
#3892 = EDGE_LOOP('',(#3893,#3899,#3900,#3901));
#3893 = ORIENTED_EDGE('',*,*,#3894,.F.);
#3894 = EDGE_CURVE('',#2684,#2820,#3895,.T.);
#3895 = LINE('',#3896,#3897);
#3896 = CARTESIAN_POINT('',(214.,269.8,4.8));
#3897 = VECTOR('',#3898,1.);
#3898 = DIRECTION('',(1.,0.,-0.));
#3899 = ORIENTED_EDGE('',*,*,#2691,.T.);
#3900 = ORIENTED_EDGE('',*,*,#3880,.F.);
#3901 = ORIENTED_EDGE('',*,*,#2827,.F.);
#3902 = PLANE('',#3903);
#3903 = AXIS2_PLACEMENT_3D('',#3904,#3905,#3906);
#3904 = CARTESIAN_POINT('',(214.,269.8,4.8));
#3905 = DIRECTION('',(-0.,1.,0.));
#3906 = DIRECTION('',(0.,0.,1.));
#3907 = ADVANCED_FACE('',(#3908),#3919,.T.);
#3908 = FACE_BOUND('',#3909,.T.);
#3909 = EDGE_LOOP('',(#3910,#3911,#3912,#3913));
#3910 = ORIENTED_EDGE('',*,*,#2683,.F.);
#3911 = ORIENTED_EDGE('',*,*,#3894,.T.);
#3912 = ORIENTED_EDGE('',*,*,#2819,.T.);
#3913 = ORIENTED_EDGE('',*,*,#3914,.F.);
#3914 = EDGE_CURVE('',#2676,#2812,#3915,.T.);
#3915 = LINE('',#3916,#3917);
#3916 = CARTESIAN_POINT('',(214.,272.,4.8));
#3917 = VECTOR('',#3918,1.);
#3918 = DIRECTION('',(1.,0.,-0.));
#3919 = PLANE('',#3920);
#3920 = AXIS2_PLACEMENT_3D('',#3921,#3922,#3923);
#3921 = CARTESIAN_POINT('',(214.,269.8,4.8));
#3922 = DIRECTION('',(0.,0.,1.));
#3923 = DIRECTION('',(1.,0.,-0.));
#3924 = ADVANCED_FACE('',(#3925),#3936,.F.);
#3925 = FACE_BOUND('',#3926,.F.);
#3926 = EDGE_LOOP('',(#3927,#3928,#3929,#3935));
#3927 = ORIENTED_EDGE('',*,*,#3914,.F.);
#3928 = ORIENTED_EDGE('',*,*,#2675,.T.);
#3929 = ORIENTED_EDGE('',*,*,#3930,.F.);
#3930 = EDGE_CURVE('',#2804,#2668,#3931,.T.);
#3931 = LINE('',#3932,#3933);
#3932 = CARTESIAN_POINT('',(214.,272.,10.6));
#3933 = VECTOR('',#3934,1.);
#3934 = DIRECTION('',(-1.,-0.,0.));
#3935 = ORIENTED_EDGE('',*,*,#2811,.F.);
#3936 = PLANE('',#3937);
#3937 = AXIS2_PLACEMENT_3D('',#3938,#3939,#3940);
#3938 = CARTESIAN_POINT('',(214.,272.,4.8));
#3939 = DIRECTION('',(-0.,1.,0.));
#3940 = DIRECTION('',(0.,0.,1.));
#3941 = ADVANCED_FACE('',(#3942),#3953,.T.);
#3942 = FACE_BOUND('',#3943,.T.);
#3943 = EDGE_LOOP('',(#3944,#3945,#3946,#3947));
#3944 = ORIENTED_EDGE('',*,*,#2667,.F.);
#3945 = ORIENTED_EDGE('',*,*,#3930,.F.);
#3946 = ORIENTED_EDGE('',*,*,#2803,.T.);
#3947 = ORIENTED_EDGE('',*,*,#3948,.T.);
#3948 = EDGE_CURVE('',#2796,#2660,#3949,.T.);
#3949 = LINE('',#3950,#3951);
#3950 = CARTESIAN_POINT('',(214.,274.2,10.6));
#3951 = VECTOR('',#3952,1.);
#3952 = DIRECTION('',(-1.,-0.,0.));
#3953 = PLANE('',#3954);
#3954 = AXIS2_PLACEMENT_3D('',#3955,#3956,#3957);
#3955 = CARTESIAN_POINT('',(214.,236.,10.6));
#3956 = DIRECTION('',(0.,0.,1.));
#3957 = DIRECTION('',(1.,0.,-0.));
#3958 = ADVANCED_FACE('',(#3959),#3970,.T.);
#3959 = FACE_BOUND('',#3960,.T.);
#3960 = EDGE_LOOP('',(#3961,#3967,#3968,#3969));
#3961 = ORIENTED_EDGE('',*,*,#3962,.F.);
#3962 = EDGE_CURVE('',#2652,#2788,#3963,.T.);
#3963 = LINE('',#3964,#3965);
#3964 = CARTESIAN_POINT('',(214.,274.2,4.8));
#3965 = VECTOR('',#3966,1.);
#3966 = DIRECTION('',(1.,0.,-0.));
#3967 = ORIENTED_EDGE('',*,*,#2659,.T.);
#3968 = ORIENTED_EDGE('',*,*,#3948,.F.);
#3969 = ORIENTED_EDGE('',*,*,#2795,.F.);
#3970 = PLANE('',#3971);
#3971 = AXIS2_PLACEMENT_3D('',#3972,#3973,#3974);
#3972 = CARTESIAN_POINT('',(214.,274.2,4.8));
#3973 = DIRECTION('',(-0.,1.,0.));
#3974 = DIRECTION('',(0.,0.,1.));
#3975 = ADVANCED_FACE('',(#3976),#3987,.T.);
#3976 = FACE_BOUND('',#3977,.T.);
#3977 = EDGE_LOOP('',(#3978,#3979,#3980,#3981));
#3978 = ORIENTED_EDGE('',*,*,#2651,.F.);
#3979 = ORIENTED_EDGE('',*,*,#3962,.T.);
#3980 = ORIENTED_EDGE('',*,*,#2787,.T.);
#3981 = ORIENTED_EDGE('',*,*,#3982,.F.);
#3982 = EDGE_CURVE('',#2644,#2780,#3983,.T.);
#3983 = LINE('',#3984,#3985);
#3984 = CARTESIAN_POINT('',(214.,276.4,4.8));
#3985 = VECTOR('',#3986,1.);
#3986 = DIRECTION('',(1.,0.,-0.));
#3987 = PLANE('',#3988);
#3988 = AXIS2_PLACEMENT_3D('',#3989,#3990,#3991);
#3989 = CARTESIAN_POINT('',(214.,274.2,4.8));
#3990 = DIRECTION('',(0.,0.,1.));
#3991 = DIRECTION('',(1.,0.,-0.));
#3992 = ADVANCED_FACE('',(#3993),#4004,.F.);
#3993 = FACE_BOUND('',#3994,.F.);
#3994 = EDGE_LOOP('',(#3995,#3996,#3997,#4003));
#3995 = ORIENTED_EDGE('',*,*,#3982,.F.);
#3996 = ORIENTED_EDGE('',*,*,#2643,.T.);
#3997 = ORIENTED_EDGE('',*,*,#3998,.F.);
#3998 = EDGE_CURVE('',#2772,#2636,#3999,.T.);
#3999 = LINE('',#4000,#4001);
#4000 = CARTESIAN_POINT('',(214.,276.4,10.6));
#4001 = VECTOR('',#4002,1.);
#4002 = DIRECTION('',(-1.,-0.,0.));
#4003 = ORIENTED_EDGE('',*,*,#2779,.F.);
#4004 = PLANE('',#4005);
#4005 = AXIS2_PLACEMENT_3D('',#4006,#4007,#4008);
#4006 = CARTESIAN_POINT('',(214.,276.4,4.8));
#4007 = DIRECTION('',(-0.,1.,0.));
#4008 = DIRECTION('',(0.,0.,1.));
#4009 = ADVANCED_FACE('',(#4010),#4016,.T.);
#4010 = FACE_BOUND('',#4011,.T.);
#4011 = EDGE_LOOP('',(#4012,#4013,#4014,#4015));
#4012 = ORIENTED_EDGE('',*,*,#2635,.F.);
#4013 = ORIENTED_EDGE('',*,*,#3998,.F.);
#4014 = ORIENTED_EDGE('',*,*,#2771,.T.);
#4015 = ORIENTED_EDGE('',*,*,#2739,.F.);
#4016 = PLANE('',#4017);
#4017 = AXIS2_PLACEMENT_3D('',#4018,#4019,#4020);
#4018 = CARTESIAN_POINT('',(214.,236.,10.6));
#4019 = DIRECTION('',(0.,0.,1.));
#4020 = DIRECTION('',(1.,0.,-0.));
#4021 = ADVANCED_FACE('',(#4022),#4063,.T.);
#4022 = FACE_BOUND('',#4023,.T.);
#4023 = EDGE_LOOP('',(#4024,#4025,#4033,#4041,#4049,#4055,#4056,#4057));
#4024 = ORIENTED_EDGE('',*,*,#459,.F.);
#4025 = ORIENTED_EDGE('',*,*,#4026,.T.);
#4026 = EDGE_CURVE('',#452,#4027,#4029,.T.);
#4027 = VERTEX_POINT('',#4028);
#4028 = CARTESIAN_POINT('',(232.35,259.84,13.1));
#4029 = LINE('',#4030,#4031);
#4030 = CARTESIAN_POINT('',(212.,259.84,13.1));
#4031 = VECTOR('',#4032,1.);
#4032 = DIRECTION('',(1.,0.,-0.));
#4033 = ORIENTED_EDGE('',*,*,#4034,.F.);
#4034 = EDGE_CURVE('',#4035,#4027,#4037,.T.);
#4035 = VERTEX_POINT('',#4036);
#4036 = CARTESIAN_POINT('',(232.35,261.7,13.1));
#4037 = LINE('',#4038,#4039);
#4038 = CARTESIAN_POINT('',(232.35,257.67,13.1));
#4039 = VECTOR('',#4040,1.);
#4040 = DIRECTION('',(0.,-1.,0.));
#4041 = ORIENTED_EDGE('',*,*,#4042,.T.);
#4042 = EDGE_CURVE('',#4035,#4043,#4045,.T.);
#4043 = VERTEX_POINT('',#4044);
#4044 = CARTESIAN_POINT('',(237.35,261.7,13.1));
#4045 = LINE('',#4046,#4047);
#4046 = CARTESIAN_POINT('',(222.175,261.7,13.1));
#4047 = VECTOR('',#4048,1.);
#4048 = DIRECTION('',(1.,0.,-0.));
#4049 = ORIENTED_EDGE('',*,*,#4050,.T.);
#4050 = EDGE_CURVE('',#4043,#2898,#4051,.T.);
#4051 = LINE('',#4052,#4053);
#4052 = CARTESIAN_POINT('',(237.35,257.67,13.1));
#4053 = VECTOR('',#4054,1.);
#4054 = DIRECTION('',(0.,-1.,0.));
#4055 = ORIENTED_EDGE('',*,*,#2905,.T.);
#4056 = ORIENTED_EDGE('',*,*,#2866,.T.);
#4057 = ORIENTED_EDGE('',*,*,#4058,.F.);
#4058 = EDGE_CURVE('',#460,#2859,#4059,.T.);
#4059 = LINE('',#4060,#4061);
#4060 = CARTESIAN_POINT('',(212.,268.24,13.1));
#4061 = VECTOR('',#4062,1.);
#4062 = DIRECTION('',(1.,0.,-0.));
#4063 = PLANE('',#4064);
#4064 = AXIS2_PLACEMENT_3D('',#4065,#4066,#4067);
#4065 = CARTESIAN_POINT('',(212.,259.84,13.1));
#4066 = DIRECTION('',(0.,0.,1.));
#4067 = DIRECTION('',(1.,0.,-0.));
#4068 = ADVANCED_FACE('',(#4069),#4087,.T.);
#4069 = FACE_BOUND('',#4070,.T.);
#4070 = EDGE_LOOP('',(#4071,#4079,#4085,#4086));
#4071 = ORIENTED_EDGE('',*,*,#4072,.F.);
#4072 = EDGE_CURVE('',#4073,#2890,#4075,.T.);
#4073 = VERTEX_POINT('',#4074);
#4074 = CARTESIAN_POINT('',(237.35,258.8,10.6));
#4075 = LINE('',#4076,#4077);
#4076 = CARTESIAN_POINT('',(237.35,245.75,10.6));
#4077 = VECTOR('',#4078,1.);
#4078 = DIRECTION('',(-0.,1.,0.));
#4079 = ORIENTED_EDGE('',*,*,#4080,.F.);
#4080 = EDGE_CURVE('',#2939,#4073,#4081,.T.);
#4081 = LINE('',#4082,#4083);
#4082 = CARTESIAN_POINT('',(214.,258.8,10.6));
#4083 = VECTOR('',#4084,1.);
#4084 = DIRECTION('',(-1.,-0.,0.));
#4085 = ORIENTED_EDGE('',*,*,#2938,.T.);
#4086 = ORIENTED_EDGE('',*,*,#2889,.T.);
#4087 = PLANE('',#4088);
#4088 = AXIS2_PLACEMENT_3D('',#4089,#4090,#4091);
#4089 = CARTESIAN_POINT('',(214.,236.,10.6));
#4090 = DIRECTION('',(0.,0.,1.));
#4091 = DIRECTION('',(1.,0.,-0.));
#4092 = ADVANCED_FACE('',(#4093),#4111,.T.);
#4093 = FACE_BOUND('',#4094,.T.);
#4094 = EDGE_LOOP('',(#4095,#4103,#4104,#4105));
#4095 = ORIENTED_EDGE('',*,*,#4096,.F.);
#4096 = EDGE_CURVE('',#3106,#4097,#4099,.T.);
#4097 = VERTEX_POINT('',#4098);
#4098 = CARTESIAN_POINT('',(237.35,239.,10.6));
#4099 = LINE('',#4100,#4101);
#4100 = CARTESIAN_POINT('',(237.35,235.25,10.6));
#4101 = VECTOR('',#4102,1.);
#4102 = DIRECTION('',(-0.,1.,0.));
#4103 = ORIENTED_EDGE('',*,*,#3113,.T.);
#4104 = ORIENTED_EDGE('',*,*,#2920,.T.);
#4105 = ORIENTED_EDGE('',*,*,#4106,.T.);
#4106 = EDGE_CURVE('',#2923,#4097,#4107,.T.);
#4107 = LINE('',#4108,#4109);
#4108 = CARTESIAN_POINT('',(214.,239.,10.6));
#4109 = VECTOR('',#4110,1.);
#4110 = DIRECTION('',(-1.,-0.,0.));
#4111 = PLANE('',#4112);
#4112 = AXIS2_PLACEMENT_3D('',#4113,#4114,#4115);
#4113 = CARTESIAN_POINT('',(214.,236.,10.6));
#4114 = DIRECTION('',(0.,0.,1.));
#4115 = DIRECTION('',(1.,0.,-0.));
#4116 = ADVANCED_FACE('',(#4117),#4135,.T.);
#4117 = FACE_BOUND('',#4118,.T.);
#4118 = EDGE_LOOP('',(#4119,#4127,#4133,#4134));
#4119 = ORIENTED_EDGE('',*,*,#4120,.F.);
#4120 = EDGE_CURVE('',#4121,#3083,#4123,.T.);
#4121 = VERTEX_POINT('',#4122);
#4122 = CARTESIAN_POINT('',(237.35,239.,4.8));
#4123 = LINE('',#4124,#4125);
#4124 = CARTESIAN_POINT('',(214.,239.,4.8));
#4125 = VECTOR('',#4126,1.);
#4126 = DIRECTION('',(1.,0.,-0.));
#4127 = ORIENTED_EDGE('',*,*,#4128,.F.);
#4128 = EDGE_CURVE('',#4097,#4121,#4129,.T.);
#4129 = LINE('',#4130,#4131);
#4130 = CARTESIAN_POINT('',(237.35,239.,3.2));
#4131 = VECTOR('',#4132,1.);
#4132 = DIRECTION('',(-0.,0.,-1.));
#4133 = ORIENTED_EDGE('',*,*,#4106,.F.);
#4134 = ORIENTED_EDGE('',*,*,#3090,.F.);
#4135 = PLANE('',#4136);
#4136 = AXIS2_PLACEMENT_3D('',#4137,#4138,#4139);
#4137 = CARTESIAN_POINT('',(214.,239.,4.8));
#4138 = DIRECTION('',(-0.,1.,0.));
#4139 = DIRECTION('',(0.,0.,1.));
#4140 = ADVANCED_FACE('',(#4141),#4175,.T.);
#4141 = FACE_BOUND('',#4142,.T.);
#4142 = EDGE_LOOP('',(#4143,#4153,#4161,#4167,#4168,#4169));
#4143 = ORIENTED_EDGE('',*,*,#4144,.F.);
#4144 = EDGE_CURVE('',#4145,#4147,#4149,.T.);
#4145 = VERTEX_POINT('',#4146);
#4146 = CARTESIAN_POINT('',(214.,240.7,4.8));
#4147 = VERTEX_POINT('',#4148);
#4148 = CARTESIAN_POINT('',(214.,241.2,4.8));
#4149 = LINE('',#4150,#4151);
#4150 = CARTESIAN_POINT('',(214.,239.,4.8));
#4151 = VECTOR('',#4152,1.);
#4152 = DIRECTION('',(-0.,1.,0.));
#4153 = ORIENTED_EDGE('',*,*,#4154,.F.);
#4154 = EDGE_CURVE('',#4155,#4145,#4157,.T.);
#4155 = VERTEX_POINT('',#4156);
#4156 = CARTESIAN_POINT('',(237.35,240.7,4.8));
#4157 = LINE('',#4158,#4159);
#4158 = CARTESIAN_POINT('',(159.,240.7,4.8));
#4159 = VECTOR('',#4160,1.);
#4160 = DIRECTION('',(-1.,-0.,0.));
#4161 = ORIENTED_EDGE('',*,*,#4162,.F.);
#4162 = EDGE_CURVE('',#4121,#4155,#4163,.T.);
#4163 = LINE('',#4164,#4165);
#4164 = CARTESIAN_POINT('',(237.35,236.75,4.8));
#4165 = VECTOR('',#4166,1.);
#4166 = DIRECTION('',(-0.,1.,0.));
#4167 = ORIENTED_EDGE('',*,*,#4120,.T.);
#4168 = ORIENTED_EDGE('',*,*,#3082,.T.);
#4169 = ORIENTED_EDGE('',*,*,#4170,.F.);
#4170 = EDGE_CURVE('',#4147,#3075,#4171,.T.);
#4171 = LINE('',#4172,#4173);
#4172 = CARTESIAN_POINT('',(214.,241.2,4.8));
#4173 = VECTOR('',#4174,1.);
#4174 = DIRECTION('',(1.,0.,-0.));
#4175 = PLANE('',#4176);
#4176 = AXIS2_PLACEMENT_3D('',#4177,#4178,#4179);
#4177 = CARTESIAN_POINT('',(214.,239.,4.8));
#4178 = DIRECTION('',(0.,0.,1.));
#4179 = DIRECTION('',(1.,0.,-0.));
#4180 = ADVANCED_FACE('',(#4181),#4199,.F.);
#4181 = FACE_BOUND('',#4182,.F.);
#4182 = EDGE_LOOP('',(#4183,#4184,#4192,#4198));
#4183 = ORIENTED_EDGE('',*,*,#4170,.F.);
#4184 = ORIENTED_EDGE('',*,*,#4185,.T.);
#4185 = EDGE_CURVE('',#4147,#4186,#4188,.T.);
#4186 = VERTEX_POINT('',#4187);
#4187 = CARTESIAN_POINT('',(214.,241.2,10.6));
#4188 = LINE('',#4189,#4190);
#4189 = CARTESIAN_POINT('',(214.,241.2,4.8));
#4190 = VECTOR('',#4191,1.);
#4191 = DIRECTION('',(0.,0.,1.));
#4192 = ORIENTED_EDGE('',*,*,#4193,.F.);
#4193 = EDGE_CURVE('',#3067,#4186,#4194,.T.);
#4194 = LINE('',#4195,#4196);
#4195 = CARTESIAN_POINT('',(214.,241.2,10.6));
#4196 = VECTOR('',#4197,1.);
#4197 = DIRECTION('',(-1.,-0.,0.));
#4198 = ORIENTED_EDGE('',*,*,#3074,.F.);
#4199 = PLANE('',#4200);
#4200 = AXIS2_PLACEMENT_3D('',#4201,#4202,#4203);
#4201 = CARTESIAN_POINT('',(214.,241.2,4.8));
#4202 = DIRECTION('',(-0.,1.,0.));
#4203 = DIRECTION('',(0.,0.,1.));
#4204 = ADVANCED_FACE('',(#4205),#4223,.T.);
#4205 = FACE_BOUND('',#4206,.T.);
#4206 = EDGE_LOOP('',(#4207,#4215,#4216,#4217));
#4207 = ORIENTED_EDGE('',*,*,#4208,.F.);
#4208 = EDGE_CURVE('',#4186,#4209,#4211,.T.);
#4209 = VERTEX_POINT('',#4210);
#4210 = CARTESIAN_POINT('',(214.,243.4,10.6));
#4211 = LINE('',#4212,#4213);
#4212 = CARTESIAN_POINT('',(214.,236.,10.6));
#4213 = VECTOR('',#4214,1.);
#4214 = DIRECTION('',(-0.,1.,0.));
#4215 = ORIENTED_EDGE('',*,*,#4193,.F.);
#4216 = ORIENTED_EDGE('',*,*,#3066,.T.);
#4217 = ORIENTED_EDGE('',*,*,#4218,.T.);
#4218 = EDGE_CURVE('',#3059,#4209,#4219,.T.);
#4219 = LINE('',#4220,#4221);
#4220 = CARTESIAN_POINT('',(214.,243.4,10.6));
#4221 = VECTOR('',#4222,1.);
#4222 = DIRECTION('',(-1.,-0.,0.));
#4223 = PLANE('',#4224);
#4224 = AXIS2_PLACEMENT_3D('',#4225,#4226,#4227);
#4225 = CARTESIAN_POINT('',(214.,236.,10.6));
#4226 = DIRECTION('',(0.,0.,1.));
#4227 = DIRECTION('',(1.,0.,-0.));
#4228 = ADVANCED_FACE('',(#4229),#4247,.T.);
#4229 = FACE_BOUND('',#4230,.T.);
#4230 = EDGE_LOOP('',(#4231,#4239,#4245,#4246));
#4231 = ORIENTED_EDGE('',*,*,#4232,.F.);
#4232 = EDGE_CURVE('',#4233,#3051,#4235,.T.);
#4233 = VERTEX_POINT('',#4234);
#4234 = CARTESIAN_POINT('',(214.,243.4,4.8));
#4235 = LINE('',#4236,#4237);
#4236 = CARTESIAN_POINT('',(214.,243.4,4.8));
#4237 = VECTOR('',#4238,1.);
#4238 = DIRECTION('',(1.,0.,-0.));
#4239 = ORIENTED_EDGE('',*,*,#4240,.T.);
#4240 = EDGE_CURVE('',#4233,#4209,#4241,.T.);
#4241 = LINE('',#4242,#4243);
#4242 = CARTESIAN_POINT('',(214.,243.4,4.8));
#4243 = VECTOR('',#4244,1.);
#4244 = DIRECTION('',(0.,0.,1.));
#4245 = ORIENTED_EDGE('',*,*,#4218,.F.);
#4246 = ORIENTED_EDGE('',*,*,#3058,.F.);
#4247 = PLANE('',#4248);
#4248 = AXIS2_PLACEMENT_3D('',#4249,#4250,#4251);
#4249 = CARTESIAN_POINT('',(214.,243.4,4.8));
#4250 = DIRECTION('',(-0.,1.,0.));
#4251 = DIRECTION('',(0.,0.,1.));
#4252 = ADVANCED_FACE('',(#4253),#4287,.T.);
#4253 = FACE_BOUND('',#4254,.T.);
#4254 = EDGE_LOOP('',(#4255,#4263,#4264,#4265,#4273,#4281));
#4255 = ORIENTED_EDGE('',*,*,#4256,.F.);
#4256 = EDGE_CURVE('',#4233,#4257,#4259,.T.);
#4257 = VERTEX_POINT('',#4258);
#4258 = CARTESIAN_POINT('',(214.,245.,4.8));
#4259 = LINE('',#4260,#4261);
#4260 = CARTESIAN_POINT('',(214.,243.4,4.8));
#4261 = VECTOR('',#4262,1.);
#4262 = DIRECTION('',(-0.,1.,0.));
#4263 = ORIENTED_EDGE('',*,*,#4232,.T.);
#4264 = ORIENTED_EDGE('',*,*,#3050,.T.);
#4265 = ORIENTED_EDGE('',*,*,#4266,.F.);
#4266 = EDGE_CURVE('',#4267,#3043,#4269,.T.);
#4267 = VERTEX_POINT('',#4268);
#4268 = CARTESIAN_POINT('',(237.35,245.6,4.8));
#4269 = LINE('',#4270,#4271);
#4270 = CARTESIAN_POINT('',(214.,245.6,4.8));
#4271 = VECTOR('',#4272,1.);
#4272 = DIRECTION('',(1.,0.,-0.));
#4273 = ORIENTED_EDGE('',*,*,#4274,.F.);
#4274 = EDGE_CURVE('',#4275,#4267,#4277,.T.);
#4275 = VERTEX_POINT('',#4276);
#4276 = CARTESIAN_POINT('',(237.35,245.,4.8));
#4277 = LINE('',#4278,#4279);
#4278 = CARTESIAN_POINT('',(237.35,244.2,4.8));
#4279 = VECTOR('',#4280,1.);
#4280 = DIRECTION('',(-0.,1.,0.));
#4281 = ORIENTED_EDGE('',*,*,#4282,.T.);
#4282 = EDGE_CURVE('',#4275,#4257,#4283,.T.);
#4283 = LINE('',#4284,#4285);
#4284 = CARTESIAN_POINT('',(159.,245.,4.8));
#4285 = VECTOR('',#4286,1.);
#4286 = DIRECTION('',(-1.,-0.,0.));
#4287 = PLANE('',#4288);
#4288 = AXIS2_PLACEMENT_3D('',#4289,#4290,#4291);
#4289 = CARTESIAN_POINT('',(214.,243.4,4.8));
#4290 = DIRECTION('',(0.,0.,1.));
#4291 = DIRECTION('',(1.,0.,-0.));
#4292 = ADVANCED_FACE('',(#4293),#4311,.F.);
#4293 = FACE_BOUND('',#4294,.F.);
#4294 = EDGE_LOOP('',(#4295,#4296,#4304,#4310));
#4295 = ORIENTED_EDGE('',*,*,#4266,.F.);
#4296 = ORIENTED_EDGE('',*,*,#4297,.F.);
#4297 = EDGE_CURVE('',#4298,#4267,#4300,.T.);
#4298 = VERTEX_POINT('',#4299);
#4299 = CARTESIAN_POINT('',(237.35,245.6,10.6));
#4300 = LINE('',#4301,#4302);
#4301 = CARTESIAN_POINT('',(237.35,245.6,3.2));
#4302 = VECTOR('',#4303,1.);
#4303 = DIRECTION('',(-0.,0.,-1.));
#4304 = ORIENTED_EDGE('',*,*,#4305,.F.);
#4305 = EDGE_CURVE('',#3035,#4298,#4306,.T.);
#4306 = LINE('',#4307,#4308);
#4307 = CARTESIAN_POINT('',(214.,245.6,10.6));
#4308 = VECTOR('',#4309,1.);
#4309 = DIRECTION('',(-1.,-0.,0.));
#4310 = ORIENTED_EDGE('',*,*,#3042,.F.);
#4311 = PLANE('',#4312);
#4312 = AXIS2_PLACEMENT_3D('',#4313,#4314,#4315);
#4313 = CARTESIAN_POINT('',(214.,245.6,4.8));
#4314 = DIRECTION('',(-0.,1.,0.));
#4315 = DIRECTION('',(0.,0.,1.));
#4316 = ADVANCED_FACE('',(#4317),#4335,.T.);
#4317 = FACE_BOUND('',#4318,.T.);
#4318 = EDGE_LOOP('',(#4319,#4327,#4328,#4329));
#4319 = ORIENTED_EDGE('',*,*,#4320,.F.);
#4320 = EDGE_CURVE('',#4298,#4321,#4323,.T.);
#4321 = VERTEX_POINT('',#4322);
#4322 = CARTESIAN_POINT('',(237.35,247.8,10.6));
#4323 = LINE('',#4324,#4325);
#4324 = CARTESIAN_POINT('',(237.35,240.5,10.6));
#4325 = VECTOR('',#4326,1.);
#4326 = DIRECTION('',(-0.,1.,0.));
#4327 = ORIENTED_EDGE('',*,*,#4305,.F.);
#4328 = ORIENTED_EDGE('',*,*,#3034,.T.);
#4329 = ORIENTED_EDGE('',*,*,#4330,.T.);
#4330 = EDGE_CURVE('',#3027,#4321,#4331,.T.);
#4331 = LINE('',#4332,#4333);
#4332 = CARTESIAN_POINT('',(214.,247.8,10.6));
#4333 = VECTOR('',#4334,1.);
#4334 = DIRECTION('',(-1.,-0.,0.));
#4335 = PLANE('',#4336);
#4336 = AXIS2_PLACEMENT_3D('',#4337,#4338,#4339);
#4337 = CARTESIAN_POINT('',(214.,236.,10.6));
#4338 = DIRECTION('',(0.,0.,1.));
#4339 = DIRECTION('',(1.,0.,-0.));
#4340 = ADVANCED_FACE('',(#4341),#4359,.T.);
#4341 = FACE_BOUND('',#4342,.T.);
#4342 = EDGE_LOOP('',(#4343,#4351,#4357,#4358));
#4343 = ORIENTED_EDGE('',*,*,#4344,.F.);
#4344 = EDGE_CURVE('',#4345,#3019,#4347,.T.);
#4345 = VERTEX_POINT('',#4346);
#4346 = CARTESIAN_POINT('',(237.35,247.8,4.8));
#4347 = LINE('',#4348,#4349);
#4348 = CARTESIAN_POINT('',(214.,247.8,4.8));
#4349 = VECTOR('',#4350,1.);
#4350 = DIRECTION('',(1.,0.,-0.));
#4351 = ORIENTED_EDGE('',*,*,#4352,.F.);
#4352 = EDGE_CURVE('',#4321,#4345,#4353,.T.);
#4353 = LINE('',#4354,#4355);
#4354 = CARTESIAN_POINT('',(237.35,247.8,3.2));
#4355 = VECTOR('',#4356,1.);
#4356 = DIRECTION('',(-0.,0.,-1.));
#4357 = ORIENTED_EDGE('',*,*,#4330,.F.);
#4358 = ORIENTED_EDGE('',*,*,#3026,.F.);
#4359 = PLANE('',#4360);
#4360 = AXIS2_PLACEMENT_3D('',#4361,#4362,#4363);
#4361 = CARTESIAN_POINT('',(214.,247.8,4.8));
#4362 = DIRECTION('',(-0.,1.,0.));
#4363 = DIRECTION('',(0.,0.,1.));
#4364 = ADVANCED_FACE('',(#4365),#4383,.T.);
#4365 = FACE_BOUND('',#4366,.T.);
#4366 = EDGE_LOOP('',(#4367,#4375,#4376,#4377));
#4367 = ORIENTED_EDGE('',*,*,#4368,.F.);
#4368 = EDGE_CURVE('',#4345,#4369,#4371,.T.);
#4369 = VERTEX_POINT('',#4370);
#4370 = CARTESIAN_POINT('',(237.35,250.,4.8));
#4371 = LINE('',#4372,#4373);
#4372 = CARTESIAN_POINT('',(237.35,246.4,4.8));
#4373 = VECTOR('',#4374,1.);
#4374 = DIRECTION('',(-0.,1.,0.));
#4375 = ORIENTED_EDGE('',*,*,#4344,.T.);
#4376 = ORIENTED_EDGE('',*,*,#3018,.T.);
#4377 = ORIENTED_EDGE('',*,*,#4378,.F.);
#4378 = EDGE_CURVE('',#4369,#3011,#4379,.T.);
#4379 = LINE('',#4380,#4381);
#4380 = CARTESIAN_POINT('',(214.,250.,4.8));
#4381 = VECTOR('',#4382,1.);
#4382 = DIRECTION('',(1.,0.,-0.));
#4383 = PLANE('',#4384);
#4384 = AXIS2_PLACEMENT_3D('',#4385,#4386,#4387);
#4385 = CARTESIAN_POINT('',(214.,247.8,4.8));
#4386 = DIRECTION('',(0.,0.,1.));
#4387 = DIRECTION('',(1.,0.,-0.));
#4388 = ADVANCED_FACE('',(#4389),#4407,.F.);
#4389 = FACE_BOUND('',#4390,.F.);
#4390 = EDGE_LOOP('',(#4391,#4392,#4400,#4406));
#4391 = ORIENTED_EDGE('',*,*,#4378,.F.);
#4392 = ORIENTED_EDGE('',*,*,#4393,.F.);
#4393 = EDGE_CURVE('',#4394,#4369,#4396,.T.);
#4394 = VERTEX_POINT('',#4395);
#4395 = CARTESIAN_POINT('',(237.35,250.,10.6));
#4396 = LINE('',#4397,#4398);
#4397 = CARTESIAN_POINT('',(237.35,250.,3.2));
#4398 = VECTOR('',#4399,1.);
#4399 = DIRECTION('',(-0.,0.,-1.));
#4400 = ORIENTED_EDGE('',*,*,#4401,.F.);
#4401 = EDGE_CURVE('',#3003,#4394,#4402,.T.);
#4402 = LINE('',#4403,#4404);
#4403 = CARTESIAN_POINT('',(214.,250.,10.6));
#4404 = VECTOR('',#4405,1.);
#4405 = DIRECTION('',(-1.,-0.,0.));
#4406 = ORIENTED_EDGE('',*,*,#3010,.F.);
#4407 = PLANE('',#4408);
#4408 = AXIS2_PLACEMENT_3D('',#4409,#4410,#4411);
#4409 = CARTESIAN_POINT('',(214.,250.,4.8));
#4410 = DIRECTION('',(-0.,1.,0.));
#4411 = DIRECTION('',(0.,0.,1.));
#4412 = ADVANCED_FACE('',(#4413),#4463,.T.);
#4413 = FACE_BOUND('',#4414,.T.);
#4414 = EDGE_LOOP('',(#4415,#4425,#4433,#4441,#4449,#4455,#4456,#4457));
#4415 = ORIENTED_EDGE('',*,*,#4416,.F.);
#4416 = EDGE_CURVE('',#4417,#4419,#4421,.T.);
#4417 = VERTEX_POINT('',#4418);
#4418 = CARTESIAN_POINT('',(214.,250.,10.6));
#4419 = VERTEX_POINT('',#4420);
#4420 = CARTESIAN_POINT('',(214.,252.2,10.6));
#4421 = LINE('',#4422,#4423);
#4422 = CARTESIAN_POINT('',(214.,236.,10.6));
#4423 = VECTOR('',#4424,1.);
#4424 = DIRECTION('',(-0.,1.,0.));
#4425 = ORIENTED_EDGE('',*,*,#4426,.F.);
#4426 = EDGE_CURVE('',#4427,#4417,#4429,.T.);
#4427 = VERTEX_POINT('',#4428);
#4428 = CARTESIAN_POINT('',(232.35,250.,10.6));
#4429 = LINE('',#4430,#4431);
#4430 = CARTESIAN_POINT('',(214.,250.,10.6));
#4431 = VECTOR('',#4432,1.);
#4432 = DIRECTION('',(-1.,-0.,0.));
#4433 = ORIENTED_EDGE('',*,*,#4434,.T.);
#4434 = EDGE_CURVE('',#4427,#4435,#4437,.T.);
#4435 = VERTEX_POINT('',#4436);
#4436 = CARTESIAN_POINT('',(232.35,251.2,10.6));
#4437 = LINE('',#4438,#4439);
#4438 = CARTESIAN_POINT('',(232.35,240.5,10.6));
#4439 = VECTOR('',#4440,1.);
#4440 = DIRECTION('',(-0.,1.,0.));
#4441 = ORIENTED_EDGE('',*,*,#4442,.F.);
#4442 = EDGE_CURVE('',#4443,#4435,#4445,.T.);
#4443 = VERTEX_POINT('',#4444);
#4444 = CARTESIAN_POINT('',(237.35,251.2,10.6));
#4445 = LINE('',#4446,#4447);
#4446 = CARTESIAN_POINT('',(223.175,251.2,10.6));
#4447 = VECTOR('',#4448,1.);
#4448 = DIRECTION('',(-1.,-0.,0.));
#4449 = ORIENTED_EDGE('',*,*,#4450,.F.);
#4450 = EDGE_CURVE('',#4394,#4443,#4451,.T.);
#4451 = LINE('',#4452,#4453);
#4452 = CARTESIAN_POINT('',(237.35,240.5,10.6));
#4453 = VECTOR('',#4454,1.);
#4454 = DIRECTION('',(-0.,1.,0.));
#4455 = ORIENTED_EDGE('',*,*,#4401,.F.);
#4456 = ORIENTED_EDGE('',*,*,#3002,.T.);
#4457 = ORIENTED_EDGE('',*,*,#4458,.T.);
#4458 = EDGE_CURVE('',#2995,#4419,#4459,.T.);
#4459 = LINE('',#4460,#4461);
#4460 = CARTESIAN_POINT('',(214.,252.2,10.6));
#4461 = VECTOR('',#4462,1.);
#4462 = DIRECTION('',(-1.,-0.,0.));
#4463 = PLANE('',#4464);
#4464 = AXIS2_PLACEMENT_3D('',#4465,#4466,#4467);
#4465 = CARTESIAN_POINT('',(214.,236.,10.6));
#4466 = DIRECTION('',(0.,0.,1.));
#4467 = DIRECTION('',(1.,0.,-0.));
#4468 = ADVANCED_FACE('',(#4469),#4487,.T.);
#4469 = FACE_BOUND('',#4470,.T.);
#4470 = EDGE_LOOP('',(#4471,#4479,#4485,#4486));
#4471 = ORIENTED_EDGE('',*,*,#4472,.F.);
#4472 = EDGE_CURVE('',#4473,#2987,#4475,.T.);
#4473 = VERTEX_POINT('',#4474);
#4474 = CARTESIAN_POINT('',(214.,252.2,4.8));
#4475 = LINE('',#4476,#4477);
#4476 = CARTESIAN_POINT('',(214.,252.2,4.8));
#4477 = VECTOR('',#4478,1.);
#4478 = DIRECTION('',(1.,0.,-0.));
#4479 = ORIENTED_EDGE('',*,*,#4480,.T.);
#4480 = EDGE_CURVE('',#4473,#4419,#4481,.T.);
#4481 = LINE('',#4482,#4483);
#4482 = CARTESIAN_POINT('',(214.,252.2,4.8));
#4483 = VECTOR('',#4484,1.);
#4484 = DIRECTION('',(0.,0.,1.));
#4485 = ORIENTED_EDGE('',*,*,#4458,.F.);
#4486 = ORIENTED_EDGE('',*,*,#2994,.F.);
#4487 = PLANE('',#4488);
#4488 = AXIS2_PLACEMENT_3D('',#4489,#4490,#4491);
#4489 = CARTESIAN_POINT('',(214.,252.2,4.8));
#4490 = DIRECTION('',(-0.,1.,0.));
#4491 = DIRECTION('',(0.,0.,1.));
#4492 = ADVANCED_FACE('',(#4493),#4511,.T.);
#4493 = FACE_BOUND('',#4494,.T.);
#4494 = EDGE_LOOP('',(#4495,#4503,#4504,#4505));
#4495 = ORIENTED_EDGE('',*,*,#4496,.F.);
#4496 = EDGE_CURVE('',#4473,#4497,#4499,.T.);
#4497 = VERTEX_POINT('',#4498);
#4498 = CARTESIAN_POINT('',(214.,254.4,4.8));
#4499 = LINE('',#4500,#4501);
#4500 = CARTESIAN_POINT('',(214.,252.2,4.8));
#4501 = VECTOR('',#4502,1.);
#4502 = DIRECTION('',(-0.,1.,0.));
#4503 = ORIENTED_EDGE('',*,*,#4472,.T.);
#4504 = ORIENTED_EDGE('',*,*,#2986,.T.);
#4505 = ORIENTED_EDGE('',*,*,#4506,.F.);
#4506 = EDGE_CURVE('',#4497,#2979,#4507,.T.);
#4507 = LINE('',#4508,#4509);
#4508 = CARTESIAN_POINT('',(214.,254.4,4.8));
#4509 = VECTOR('',#4510,1.);
#4510 = DIRECTION('',(1.,0.,-0.));
#4511 = PLANE('',#4512);
#4512 = AXIS2_PLACEMENT_3D('',#4513,#4514,#4515);
#4513 = CARTESIAN_POINT('',(214.,252.2,4.8));
#4514 = DIRECTION('',(0.,0.,1.));
#4515 = DIRECTION('',(1.,0.,-0.));
#4516 = ADVANCED_FACE('',(#4517),#4535,.F.);
#4517 = FACE_BOUND('',#4518,.F.);
#4518 = EDGE_LOOP('',(#4519,#4520,#4528,#4534));
#4519 = ORIENTED_EDGE('',*,*,#4506,.F.);
#4520 = ORIENTED_EDGE('',*,*,#4521,.T.);
#4521 = EDGE_CURVE('',#4497,#4522,#4524,.T.);
#4522 = VERTEX_POINT('',#4523);
#4523 = CARTESIAN_POINT('',(214.,254.4,10.6));
#4524 = LINE('',#4525,#4526);
#4525 = CARTESIAN_POINT('',(214.,254.4,4.8));
#4526 = VECTOR('',#4527,1.);
#4527 = DIRECTION('',(0.,0.,1.));
#4528 = ORIENTED_EDGE('',*,*,#4529,.F.);
#4529 = EDGE_CURVE('',#2971,#4522,#4530,.T.);
#4530 = LINE('',#4531,#4532);
#4531 = CARTESIAN_POINT('',(214.,254.4,10.6));
#4532 = VECTOR('',#4533,1.);
#4533 = DIRECTION('',(-1.,-0.,0.));
#4534 = ORIENTED_EDGE('',*,*,#2978,.F.);
#4535 = PLANE('',#4536);
#4536 = AXIS2_PLACEMENT_3D('',#4537,#4538,#4539);
#4537 = CARTESIAN_POINT('',(214.,254.4,4.8));
#4538 = DIRECTION('',(-0.,1.,0.));
#4539 = DIRECTION('',(0.,0.,1.));
#4540 = ADVANCED_FACE('',(#4541),#4591,.T.);
#4541 = FACE_BOUND('',#4542,.T.);
#4542 = EDGE_LOOP('',(#4543,#4551,#4552,#4553,#4561,#4569,#4577,#4585));
#4543 = ORIENTED_EDGE('',*,*,#4544,.F.);
#4544 = EDGE_CURVE('',#4522,#4545,#4547,.T.);
#4545 = VERTEX_POINT('',#4546);
#4546 = CARTESIAN_POINT('',(214.,256.6,10.6));
#4547 = LINE('',#4548,#4549);
#4548 = CARTESIAN_POINT('',(214.,236.,10.6));
#4549 = VECTOR('',#4550,1.);
#4550 = DIRECTION('',(-0.,1.,0.));
#4551 = ORIENTED_EDGE('',*,*,#4529,.F.);
#4552 = ORIENTED_EDGE('',*,*,#2970,.T.);
#4553 = ORIENTED_EDGE('',*,*,#4554,.T.);
#4554 = EDGE_CURVE('',#2963,#4555,#4557,.T.);
#4555 = VERTEX_POINT('',#4556);
#4556 = CARTESIAN_POINT('',(237.35,256.6,10.6));
#4557 = LINE('',#4558,#4559);
#4558 = CARTESIAN_POINT('',(214.,256.6,10.6));
#4559 = VECTOR('',#4560,1.);
#4560 = DIRECTION('',(-1.,-0.,0.));
#4561 = ORIENTED_EDGE('',*,*,#4562,.F.);
#4562 = EDGE_CURVE('',#4563,#4555,#4565,.T.);
#4563 = VERTEX_POINT('',#4564);
#4564 = CARTESIAN_POINT('',(237.35,255.5,10.6));
#4565 = LINE('',#4566,#4567);
#4566 = CARTESIAN_POINT('',(237.35,245.75,10.6));
#4567 = VECTOR('',#4568,1.);
#4568 = DIRECTION('',(-0.,1.,0.));
#4569 = ORIENTED_EDGE('',*,*,#4570,.T.);
#4570 = EDGE_CURVE('',#4563,#4571,#4573,.T.);
#4571 = VERTEX_POINT('',#4572);
#4572 = CARTESIAN_POINT('',(232.35,255.5,10.6));
#4573 = LINE('',#4574,#4575);
#4574 = CARTESIAN_POINT('',(223.175,255.5,10.6));
#4575 = VECTOR('',#4576,1.);
#4576 = DIRECTION('',(-1.,-0.,0.));
#4577 = ORIENTED_EDGE('',*,*,#4578,.T.);
#4578 = EDGE_CURVE('',#4571,#4579,#4581,.T.);
#4579 = VERTEX_POINT('',#4580);
#4580 = CARTESIAN_POINT('',(232.35,256.6,10.6));
#4581 = LINE('',#4582,#4583);
#4582 = CARTESIAN_POINT('',(232.35,245.75,10.6));
#4583 = VECTOR('',#4584,1.);
#4584 = DIRECTION('',(-0.,1.,0.));
#4585 = ORIENTED_EDGE('',*,*,#4586,.T.);
#4586 = EDGE_CURVE('',#4579,#4545,#4587,.T.);
#4587 = LINE('',#4588,#4589);
#4588 = CARTESIAN_POINT('',(214.,256.6,10.6));
#4589 = VECTOR('',#4590,1.);
#4590 = DIRECTION('',(-1.,-0.,0.));
#4591 = PLANE('',#4592);
#4592 = AXIS2_PLACEMENT_3D('',#4593,#4594,#4595);
#4593 = CARTESIAN_POINT('',(214.,236.,10.6));
#4594 = DIRECTION('',(0.,0.,1.));
#4595 = DIRECTION('',(1.,0.,-0.));
#4596 = ADVANCED_FACE('',(#4597),#4615,.T.);
#4597 = FACE_BOUND('',#4598,.T.);
#4598 = EDGE_LOOP('',(#4599,#4607,#4613,#4614));
#4599 = ORIENTED_EDGE('',*,*,#4600,.F.);
#4600 = EDGE_CURVE('',#4601,#2955,#4603,.T.);
#4601 = VERTEX_POINT('',#4602);
#4602 = CARTESIAN_POINT('',(237.35,256.6,4.8));
#4603 = LINE('',#4604,#4605);
#4604 = CARTESIAN_POINT('',(214.,256.6,4.8));
#4605 = VECTOR('',#4606,1.);
#4606 = DIRECTION('',(1.,0.,-0.));
#4607 = ORIENTED_EDGE('',*,*,#4608,.F.);
#4608 = EDGE_CURVE('',#4555,#4601,#4609,.T.);
#4609 = LINE('',#4610,#4611);
#4610 = CARTESIAN_POINT('',(237.35,256.6,3.2));
#4611 = VECTOR('',#4612,1.);
#4612 = DIRECTION('',(-0.,0.,-1.));
#4613 = ORIENTED_EDGE('',*,*,#4554,.F.);
#4614 = ORIENTED_EDGE('',*,*,#2962,.F.);
#4615 = PLANE('',#4616);
#4616 = AXIS2_PLACEMENT_3D('',#4617,#4618,#4619);
#4617 = CARTESIAN_POINT('',(214.,256.6,4.8));
#4618 = DIRECTION('',(-0.,1.,0.));
#4619 = DIRECTION('',(0.,0.,1.));
#4620 = ADVANCED_FACE('',(#4621),#4639,.T.);
#4621 = FACE_BOUND('',#4622,.T.);
#4622 = EDGE_LOOP('',(#4623,#4631,#4632,#4633));
#4623 = ORIENTED_EDGE('',*,*,#4624,.F.);
#4624 = EDGE_CURVE('',#4601,#4625,#4627,.T.);
#4625 = VERTEX_POINT('',#4626);
#4626 = CARTESIAN_POINT('',(237.35,258.8,4.8));
#4627 = LINE('',#4628,#4629);
#4628 = CARTESIAN_POINT('',(237.35,256.05,4.8));
#4629 = VECTOR('',#4630,1.);
#4630 = DIRECTION('',(-0.,1.,0.));
#4631 = ORIENTED_EDGE('',*,*,#4600,.T.);
#4632 = ORIENTED_EDGE('',*,*,#2954,.T.);
#4633 = ORIENTED_EDGE('',*,*,#4634,.F.);
#4634 = EDGE_CURVE('',#4625,#2947,#4635,.T.);
#4635 = LINE('',#4636,#4637);
#4636 = CARTESIAN_POINT('',(214.,258.8,4.8));
#4637 = VECTOR('',#4638,1.);
#4638 = DIRECTION('',(1.,0.,-0.));
#4639 = PLANE('',#4640);
#4640 = AXIS2_PLACEMENT_3D('',#4641,#4642,#4643);
#4641 = CARTESIAN_POINT('',(214.,256.6,4.8));
#4642 = DIRECTION('',(0.,0.,1.));
#4643 = DIRECTION('',(1.,0.,-0.));
#4644 = ADVANCED_FACE('',(#4645),#4656,.F.);
#4645 = FACE_BOUND('',#4646,.F.);
#4646 = EDGE_LOOP('',(#4647,#4648,#4654,#4655));
#4647 = ORIENTED_EDGE('',*,*,#4634,.F.);
#4648 = ORIENTED_EDGE('',*,*,#4649,.F.);
#4649 = EDGE_CURVE('',#4073,#4625,#4650,.T.);
#4650 = LINE('',#4651,#4652);
#4651 = CARTESIAN_POINT('',(237.35,258.8,3.2));
#4652 = VECTOR('',#4653,1.);
#4653 = DIRECTION('',(-0.,0.,-1.));
#4654 = ORIENTED_EDGE('',*,*,#4080,.F.);
#4655 = ORIENTED_EDGE('',*,*,#2946,.F.);
#4656 = PLANE('',#4657);
#4657 = AXIS2_PLACEMENT_3D('',#4658,#4659,#4660);
#4658 = CARTESIAN_POINT('',(214.,258.8,4.8));
#4659 = DIRECTION('',(-0.,1.,0.));
#4660 = DIRECTION('',(0.,0.,1.));
#4661 = ADVANCED_FACE('',(#4662),#4687,.T.);
#4662 = FACE_BOUND('',#4663,.T.);
#4663 = EDGE_LOOP('',(#4664,#4674,#4680,#4681));
#4664 = ORIENTED_EDGE('',*,*,#4665,.F.);
#4665 = EDGE_CURVE('',#4666,#4668,#4670,.T.);
#4666 = VERTEX_POINT('',#4667);
#4667 = CARTESIAN_POINT('',(218.,178.56,13.1));
#4668 = VERTEX_POINT('',#4669);
#4669 = CARTESIAN_POINT('',(218.,186.96,13.1));
#4670 = LINE('',#4671,#4672);
#4671 = CARTESIAN_POINT('',(218.,178.56,13.1));
#4672 = VECTOR('',#4673,1.);
#4673 = DIRECTION('',(-0.,1.,0.));
#4674 = ORIENTED_EDGE('',*,*,#4675,.T.);
#4675 = EDGE_CURVE('',#4666,#3129,#4676,.T.);
#4676 = LINE('',#4677,#4678);
#4677 = CARTESIAN_POINT('',(212.,178.56,13.1));
#4678 = VECTOR('',#4679,1.);
#4679 = DIRECTION('',(1.,0.,-0.));
#4680 = ORIENTED_EDGE('',*,*,#3145,.T.);
#4681 = ORIENTED_EDGE('',*,*,#4682,.F.);
#4682 = EDGE_CURVE('',#4668,#3138,#4683,.T.);
#4683 = LINE('',#4684,#4685);
#4684 = CARTESIAN_POINT('',(212.,186.96,13.1));
#4685 = VECTOR('',#4686,1.);
#4686 = DIRECTION('',(1.,0.,-0.));
#4687 = PLANE('',#4688);
#4688 = AXIS2_PLACEMENT_3D('',#4689,#4690,#4691);
#4689 = CARTESIAN_POINT('',(212.,178.56,13.1));
#4690 = DIRECTION('',(0.,0.,1.));
#4691 = DIRECTION('',(1.,0.,-0.));
#4692 = ADVANCED_FACE('',(#4693),#4696,.F.);
#4693 = FACE_BOUND('',#4694,.F.);
#4694 = EDGE_LOOP('',(#4695));
#4695 = ORIENTED_EDGE('',*,*,#3227,.T.);
#4696 = PLANE('',#4697);
#4697 = AXIS2_PLACEMENT_3D('',#4698,#4699,#4700);
#4698 = CARTESIAN_POINT('',(-0.1,70.,1.6));
#4699 = DIRECTION('',(0.,0.,1.));
#4700 = DIRECTION('',(1.,0.,-0.));
#4701 = ADVANCED_FACE('',(#4702),#4727,.T.);
#4702 = FACE_BOUND('',#4703,.T.);
#4703 = EDGE_LOOP('',(#4704,#4705,#4713,#4721));
#4704 = ORIENTED_EDGE('',*,*,#775,.F.);
#4705 = ORIENTED_EDGE('',*,*,#4706,.T.);
#4706 = EDGE_CURVE('',#745,#4707,#4709,.T.);
#4707 = VERTEX_POINT('',#4708);
#4708 = CARTESIAN_POINT('',(237.35,59.,14.6));
#4709 = LINE('',#4710,#4711);
#4710 = CARTESIAN_POINT('',(232.35,59.,14.6));
#4711 = VECTOR('',#4712,1.);
#4712 = DIRECTION('',(1.,0.,-0.));
#4713 = ORIENTED_EDGE('',*,*,#4714,.T.);
#4714 = EDGE_CURVE('',#4707,#4715,#4717,.T.);
#4715 = VERTEX_POINT('',#4716);
#4716 = CARTESIAN_POINT('',(237.35,65.2,14.6));
#4717 = LINE('',#4718,#4719);
#4718 = CARTESIAN_POINT('',(237.35,59.,14.6));
#4719 = VECTOR('',#4720,1.);
#4720 = DIRECTION('',(-0.,1.,0.));
#4721 = ORIENTED_EDGE('',*,*,#4722,.F.);
#4722 = EDGE_CURVE('',#768,#4715,#4723,.T.);
#4723 = LINE('',#4724,#4725);
#4724 = CARTESIAN_POINT('',(232.35,65.2,14.6));
#4725 = VECTOR('',#4726,1.);
#4726 = DIRECTION('',(1.,0.,-0.));
#4727 = PLANE('',#4728);
#4728 = AXIS2_PLACEMENT_3D('',#4729,#4730,#4731);
#4729 = CARTESIAN_POINT('',(232.35,59.,14.6));
#4730 = DIRECTION('',(0.,0.,1.));
#4731 = DIRECTION('',(1.,0.,-0.));
#4732 = ADVANCED_FACE('',(#4733),#4744,.F.);
#4733 = FACE_BOUND('',#4734,.F.);
#4734 = EDGE_LOOP('',(#4735,#4736,#4737,#4738));
#4735 = ORIENTED_EDGE('',*,*,#3303,.F.);
#4736 = ORIENTED_EDGE('',*,*,#742,.T.);
#4737 = ORIENTED_EDGE('',*,*,#4706,.T.);
#4738 = ORIENTED_EDGE('',*,*,#4739,.F.);
#4739 = EDGE_CURVE('',#3296,#4707,#4740,.T.);
#4740 = LINE('',#4741,#4742);
#4741 = CARTESIAN_POINT('',(237.35,59.,1.6));
#4742 = VECTOR('',#4743,1.);
#4743 = DIRECTION('',(0.,0.,1.));
#4744 = PLANE('',#4745);
#4745 = AXIS2_PLACEMENT_3D('',#4746,#4747,#4748);
#4746 = CARTESIAN_POINT('',(232.35,59.,1.6));
#4747 = DIRECTION('',(-0.,1.,0.));
#4748 = DIRECTION('',(0.,0.,1.));
#4749 = ADVANCED_FACE('',(#4750),#4775,.T.);
#4750 = FACE_BOUND('',#4751,.T.);
#4751 = EDGE_LOOP('',(#4752,#4760,#4761,#4769));
#4752 = ORIENTED_EDGE('',*,*,#4753,.F.);
#4753 = EDGE_CURVE('',#3325,#4754,#4756,.T.);
#4754 = VERTEX_POINT('',#4755);
#4755 = CARTESIAN_POINT('',(218.,16.,17.6));
#4756 = LINE('',#4757,#4758);
#4757 = CARTESIAN_POINT('',(218.,16.,1.6));
#4758 = VECTOR('',#4759,1.);
#4759 = DIRECTION('',(0.,0.,1.));
#4760 = ORIENTED_EDGE('',*,*,#3324,.T.);
#4761 = ORIENTED_EDGE('',*,*,#4762,.T.);
#4762 = EDGE_CURVE('',#3327,#4763,#4765,.T.);
#4763 = VERTEX_POINT('',#4764);
#4764 = CARTESIAN_POINT('',(218.,24.4,17.6));
#4765 = LINE('',#4766,#4767);
#4766 = CARTESIAN_POINT('',(218.,24.4,1.6));
#4767 = VECTOR('',#4768,1.);
#4768 = DIRECTION('',(0.,0.,1.));
#4769 = ORIENTED_EDGE('',*,*,#4770,.F.);
#4770 = EDGE_CURVE('',#4754,#4763,#4771,.T.);
#4771 = LINE('',#4772,#4773);
#4772 = CARTESIAN_POINT('',(218.,16.,17.6));
#4773 = VECTOR('',#4774,1.);
#4774 = DIRECTION('',(-0.,1.,0.));
#4775 = PLANE('',#4776);
#4776 = AXIS2_PLACEMENT_3D('',#4777,#4778,#4779);
#4777 = CARTESIAN_POINT('',(218.,16.,1.6));
#4778 = DIRECTION('',(1.,0.,-0.));
#4779 = DIRECTION('',(0.,0.,1.));
#4780 = ADVANCED_FACE('',(#4781),#4806,.T.);
#4781 = FACE_BOUND('',#4782,.T.);
#4782 = EDGE_LOOP('',(#4783,#4793,#4799,#4800));
#4783 = ORIENTED_EDGE('',*,*,#4784,.F.);
#4784 = EDGE_CURVE('',#4785,#4787,#4789,.T.);
#4785 = VERTEX_POINT('',#4786);
#4786 = CARTESIAN_POINT('',(212.,16.,17.6));
#4787 = VERTEX_POINT('',#4788);
#4788 = CARTESIAN_POINT('',(212.,24.4,17.6));
#4789 = LINE('',#4790,#4791);
#4790 = CARTESIAN_POINT('',(212.,16.,17.6));
#4791 = VECTOR('',#4792,1.);
#4792 = DIRECTION('',(-0.,1.,0.));
#4793 = ORIENTED_EDGE('',*,*,#4794,.T.);
#4794 = EDGE_CURVE('',#4785,#4754,#4795,.T.);
#4795 = LINE('',#4796,#4797);
#4796 = CARTESIAN_POINT('',(212.,16.,17.6));
#4797 = VECTOR('',#4798,1.);
#4798 = DIRECTION('',(1.,0.,-0.));
#4799 = ORIENTED_EDGE('',*,*,#4770,.T.);
#4800 = ORIENTED_EDGE('',*,*,#4801,.F.);
#4801 = EDGE_CURVE('',#4787,#4763,#4802,.T.);
#4802 = LINE('',#4803,#4804);
#4803 = CARTESIAN_POINT('',(212.,24.4,17.6));
#4804 = VECTOR('',#4805,1.);
#4805 = DIRECTION('',(1.,0.,-0.));
#4806 = PLANE('',#4807);
#4807 = AXIS2_PLACEMENT_3D('',#4808,#4809,#4810);
#4808 = CARTESIAN_POINT('',(212.,16.,17.6));
#4809 = DIRECTION('',(0.,0.,1.));
#4810 = DIRECTION('',(1.,0.,-0.));
#4811 = ADVANCED_FACE('',(#4812),#4837,.T.);
#4812 = FACE_BOUND('',#4813,.T.);
#4813 = EDGE_LOOP('',(#4814,#4822,#4823,#4831));
#4814 = ORIENTED_EDGE('',*,*,#4815,.F.);
#4815 = EDGE_CURVE('',#3356,#4816,#4818,.T.);
#4816 = VERTEX_POINT('',#4817);
#4817 = CARTESIAN_POINT('',(218.,97.28,17.6));
#4818 = LINE('',#4819,#4820);
#4819 = CARTESIAN_POINT('',(218.,97.28,1.6));
#4820 = VECTOR('',#4821,1.);
#4821 = DIRECTION('',(0.,0.,1.));
#4822 = ORIENTED_EDGE('',*,*,#3355,.T.);
#4823 = ORIENTED_EDGE('',*,*,#4824,.T.);
#4824 = EDGE_CURVE('',#3358,#4825,#4827,.T.);
#4825 = VERTEX_POINT('',#4826);
#4826 = CARTESIAN_POINT('',(218.,105.68,17.6));
#4827 = LINE('',#4828,#4829);
#4828 = CARTESIAN_POINT('',(218.,105.68,1.6));
#4829 = VECTOR('',#4830,1.);
#4830 = DIRECTION('',(0.,0.,1.));
#4831 = ORIENTED_EDGE('',*,*,#4832,.F.);
#4832 = EDGE_CURVE('',#4816,#4825,#4833,.T.);
#4833 = LINE('',#4834,#4835);
#4834 = CARTESIAN_POINT('',(218.,97.28,17.6));
#4835 = VECTOR('',#4836,1.);
#4836 = DIRECTION('',(-0.,1.,0.));
#4837 = PLANE('',#4838);
#4838 = AXIS2_PLACEMENT_3D('',#4839,#4840,#4841);
#4839 = CARTESIAN_POINT('',(218.,97.28,1.6));
#4840 = DIRECTION('',(1.,0.,-0.));
#4841 = DIRECTION('',(0.,0.,1.));
#4842 = ADVANCED_FACE('',(#4843),#4868,.T.);
#4843 = FACE_BOUND('',#4844,.T.);
#4844 = EDGE_LOOP('',(#4845,#4855,#4861,#4862));
#4845 = ORIENTED_EDGE('',*,*,#4846,.F.);
#4846 = EDGE_CURVE('',#4847,#4849,#4851,.T.);
#4847 = VERTEX_POINT('',#4848);
#4848 = CARTESIAN_POINT('',(212.,97.28,17.6));
#4849 = VERTEX_POINT('',#4850);
#4850 = CARTESIAN_POINT('',(212.,105.68,17.6));
#4851 = LINE('',#4852,#4853);
#4852 = CARTESIAN_POINT('',(212.,97.28,17.6));
#4853 = VECTOR('',#4854,1.);
#4854 = DIRECTION('',(-0.,1.,0.));
#4855 = ORIENTED_EDGE('',*,*,#4856,.T.);
#4856 = EDGE_CURVE('',#4847,#4816,#4857,.T.);
#4857 = LINE('',#4858,#4859);
#4858 = CARTESIAN_POINT('',(212.,97.28,17.6));
#4859 = VECTOR('',#4860,1.);
#4860 = DIRECTION('',(1.,0.,-0.));
#4861 = ORIENTED_EDGE('',*,*,#4832,.T.);
#4862 = ORIENTED_EDGE('',*,*,#4863,.F.);
#4863 = EDGE_CURVE('',#4849,#4825,#4864,.T.);
#4864 = LINE('',#4865,#4866);
#4865 = CARTESIAN_POINT('',(212.,105.68,17.6));
#4866 = VECTOR('',#4867,1.);
#4867 = DIRECTION('',(1.,0.,-0.));
#4868 = PLANE('',#4869);
#4869 = AXIS2_PLACEMENT_3D('',#4870,#4871,#4872);
#4870 = CARTESIAN_POINT('',(212.,97.28,17.6));
#4871 = DIRECTION('',(0.,0.,1.));
#4872 = DIRECTION('',(1.,0.,-0.));
#4873 = ADVANCED_FACE('',(#4874),#4899,.T.);
#4874 = FACE_BOUND('',#4875,.T.);
#4875 = EDGE_LOOP('',(#4876,#4884,#4885,#4893));
#4876 = ORIENTED_EDGE('',*,*,#4877,.F.);
#4877 = EDGE_CURVE('',#3387,#4878,#4880,.T.);
#4878 = VERTEX_POINT('',#4879);
#4879 = CARTESIAN_POINT('',(218.,137.92,17.6));
#4880 = LINE('',#4881,#4882);
#4881 = CARTESIAN_POINT('',(218.,137.92,1.6));
#4882 = VECTOR('',#4883,1.);
#4883 = DIRECTION('',(0.,0.,1.));
#4884 = ORIENTED_EDGE('',*,*,#3386,.T.);
#4885 = ORIENTED_EDGE('',*,*,#4886,.T.);
#4886 = EDGE_CURVE('',#3389,#4887,#4889,.T.);
#4887 = VERTEX_POINT('',#4888);
#4888 = CARTESIAN_POINT('',(218.,146.32,17.6));
#4889 = LINE('',#4890,#4891);
#4890 = CARTESIAN_POINT('',(218.,146.32,1.6));
#4891 = VECTOR('',#4892,1.);
#4892 = DIRECTION('',(0.,0.,1.));
#4893 = ORIENTED_EDGE('',*,*,#4894,.F.);
#4894 = EDGE_CURVE('',#4878,#4887,#4895,.T.);
#4895 = LINE('',#4896,#4897);
#4896 = CARTESIAN_POINT('',(218.,137.92,17.6));
#4897 = VECTOR('',#4898,1.);
#4898 = DIRECTION('',(-0.,1.,0.));
#4899 = PLANE('',#4900);
#4900 = AXIS2_PLACEMENT_3D('',#4901,#4902,#4903);
#4901 = CARTESIAN_POINT('',(218.,137.92,1.6));
#4902 = DIRECTION('',(1.,0.,-0.));
#4903 = DIRECTION('',(0.,0.,1.));
#4904 = ADVANCED_FACE('',(#4905),#4930,.T.);
#4905 = FACE_BOUND('',#4906,.T.);
#4906 = EDGE_LOOP('',(#4907,#4917,#4923,#4924));
#4907 = ORIENTED_EDGE('',*,*,#4908,.F.);
#4908 = EDGE_CURVE('',#4909,#4911,#4913,.T.);
#4909 = VERTEX_POINT('',#4910);
#4910 = CARTESIAN_POINT('',(212.,137.92,17.6));
#4911 = VERTEX_POINT('',#4912);
#4912 = CARTESIAN_POINT('',(212.,146.32,17.6));
#4913 = LINE('',#4914,#4915);
#4914 = CARTESIAN_POINT('',(212.,137.92,17.6));
#4915 = VECTOR('',#4916,1.);
#4916 = DIRECTION('',(-0.,1.,0.));
#4917 = ORIENTED_EDGE('',*,*,#4918,.T.);
#4918 = EDGE_CURVE('',#4909,#4878,#4919,.T.);
#4919 = LINE('',#4920,#4921);
#4920 = CARTESIAN_POINT('',(212.,137.92,17.6));
#4921 = VECTOR('',#4922,1.);
#4922 = DIRECTION('',(1.,0.,-0.));
#4923 = ORIENTED_EDGE('',*,*,#4894,.T.);
#4924 = ORIENTED_EDGE('',*,*,#4925,.F.);
#4925 = EDGE_CURVE('',#4911,#4887,#4926,.T.);
#4926 = LINE('',#4927,#4928);
#4927 = CARTESIAN_POINT('',(212.,146.32,17.6));
#4928 = VECTOR('',#4929,1.);
#4929 = DIRECTION('',(1.,0.,-0.));
#4930 = PLANE('',#4931);
#4931 = AXIS2_PLACEMENT_3D('',#4932,#4933,#4934);
#4932 = CARTESIAN_POINT('',(212.,137.92,17.6));
#4933 = DIRECTION('',(0.,0.,1.));
#4934 = DIRECTION('',(1.,0.,-0.));
#4935 = ADVANCED_FACE('',(#4936),#4961,.T.);
#4936 = FACE_BOUND('',#4937,.T.);
#4937 = EDGE_LOOP('',(#4938,#4946,#4954,#4960));
#4938 = ORIENTED_EDGE('',*,*,#4939,.F.);
#4939 = EDGE_CURVE('',#4940,#3424,#4942,.T.);
#4940 = VERTEX_POINT('',#4941);
#4941 = CARTESIAN_POINT('',(189.,155.,2.6));
#4942 = LINE('',#4943,#4944);
#4943 = CARTESIAN_POINT('',(189.,155.,1.4));
#4944 = VECTOR('',#4945,1.);
#4945 = DIRECTION('',(0.,0.,1.));
#4946 = ORIENTED_EDGE('',*,*,#4947,.F.);
#4947 = EDGE_CURVE('',#4948,#4940,#4950,.T.);
#4948 = VERTEX_POINT('',#4949);
#4949 = CARTESIAN_POINT('',(127.,155.,2.6));
#4950 = LINE('',#4951,#4952);
#4951 = CARTESIAN_POINT('',(123.15,155.,2.6));
#4952 = VECTOR('',#4953,1.);
#4953 = DIRECTION('',(1.,0.,-0.));
#4954 = ORIENTED_EDGE('',*,*,#4955,.T.);
#4955 = EDGE_CURVE('',#4948,#3426,#4956,.T.);
#4956 = LINE('',#4957,#4958);
#4957 = CARTESIAN_POINT('',(127.,155.,1.4));
#4958 = VECTOR('',#4959,1.);
#4959 = DIRECTION('',(0.,0.,1.));
#4960 = ORIENTED_EDGE('',*,*,#3423,.F.);
#4961 = PLANE('',#4962);
#4962 = AXIS2_PLACEMENT_3D('',#4963,#4964,#4965);
#4963 = CARTESIAN_POINT('',(127.,155.,1.4));
#4964 = DIRECTION('',(-0.,1.,0.));
#4965 = DIRECTION('',(0.,0.,1.));
#4966 = ADVANCED_FACE('',(#4967),#4985,.F.);
#4967 = FACE_BOUND('',#4968,.F.);
#4968 = EDGE_LOOP('',(#4969,#4970,#4978,#4984));
#4969 = ORIENTED_EDGE('',*,*,#4939,.F.);
#4970 = ORIENTED_EDGE('',*,*,#4971,.F.);
#4971 = EDGE_CURVE('',#4972,#4940,#4974,.T.);
#4972 = VERTEX_POINT('',#4973);
#4973 = CARTESIAN_POINT('',(189.,201.,2.6));
#4974 = LINE('',#4975,#4976);
#4975 = CARTESIAN_POINT('',(189.,152.4,2.6));
#4976 = VECTOR('',#4977,1.);
#4977 = DIRECTION('',(0.,-1.,0.));
#4978 = ORIENTED_EDGE('',*,*,#4979,.T.);
#4979 = EDGE_CURVE('',#4972,#3442,#4980,.T.);
#4980 = LINE('',#4981,#4982);
#4981 = CARTESIAN_POINT('',(189.,201.,1.4));
#4982 = VECTOR('',#4983,1.);
#4983 = DIRECTION('',(0.,0.,1.));
#4984 = ORIENTED_EDGE('',*,*,#3449,.F.);
#4985 = PLANE('',#4986);
#4986 = AXIS2_PLACEMENT_3D('',#4987,#4988,#4989);
#4987 = CARTESIAN_POINT('',(189.,155.,1.4));
#4988 = DIRECTION('',(1.,0.,-0.));
#4989 = DIRECTION('',(0.,0.,1.));
#4990 = ADVANCED_FACE('',(#4991),#5009,.F.);
#4991 = FACE_BOUND('',#4992,.F.);
#4992 = EDGE_LOOP('',(#4993,#4994,#5002,#5008));
#4993 = ORIENTED_EDGE('',*,*,#4979,.F.);
#4994 = ORIENTED_EDGE('',*,*,#4995,.F.);
#4995 = EDGE_CURVE('',#4996,#4972,#4998,.T.);
#4996 = VERTEX_POINT('',#4997);
#4997 = CARTESIAN_POINT('',(127.,201.,2.6));
#4998 = LINE('',#4999,#5000);
#4999 = CARTESIAN_POINT('',(123.15,201.,2.6));
#5000 = VECTOR('',#5001,1.);
#5001 = DIRECTION('',(1.,0.,-0.));
#5002 = ORIENTED_EDGE('',*,*,#5003,.T.);
#5003 = EDGE_CURVE('',#4996,#3434,#5004,.T.);
#5004 = LINE('',#5005,#5006);
#5005 = CARTESIAN_POINT('',(127.,201.,1.4));
#5006 = VECTOR('',#5007,1.);
#5007 = DIRECTION('',(0.,0.,1.));
#5008 = ORIENTED_EDGE('',*,*,#3441,.F.);
#5009 = PLANE('',#5010);
#5010 = AXIS2_PLACEMENT_3D('',#5011,#5012,#5013);
#5011 = CARTESIAN_POINT('',(127.,201.,1.4));
#5012 = DIRECTION('',(-0.,1.,0.));
#5013 = DIRECTION('',(0.,0.,1.));
#5014 = ADVANCED_FACE('',(#5015),#5026,.T.);
#5015 = FACE_BOUND('',#5016,.T.);
#5016 = EDGE_LOOP('',(#5017,#5018,#5024,#5025));
#5017 = ORIENTED_EDGE('',*,*,#4955,.F.);
#5018 = ORIENTED_EDGE('',*,*,#5019,.F.);
#5019 = EDGE_CURVE('',#4996,#4948,#5020,.T.);
#5020 = LINE('',#5021,#5022);
#5021 = CARTESIAN_POINT('',(127.,152.4,2.6));
#5022 = VECTOR('',#5023,1.);
#5023 = DIRECTION('',(0.,-1.,0.));
#5024 = ORIENTED_EDGE('',*,*,#5003,.T.);
#5025 = ORIENTED_EDGE('',*,*,#3433,.F.);
#5026 = PLANE('',#5027);
#5027 = AXIS2_PLACEMENT_3D('',#5028,#5029,#5030);
#5028 = CARTESIAN_POINT('',(127.,155.,1.4));
#5029 = DIRECTION('',(1.,0.,-0.));
#5030 = DIRECTION('',(0.,0.,1.));
#5031 = ADVANCED_FACE('',(#5032),#5057,.F.);
#5032 = FACE_BOUND('',#5033,.F.);
#5033 = EDGE_LOOP('',(#5034,#5035,#5043,#5051));
#5034 = ORIENTED_EDGE('',*,*,#3517,.F.);
#5035 = ORIENTED_EDGE('',*,*,#5036,.T.);
#5036 = EDGE_CURVE('',#3518,#5037,#5039,.T.);
#5037 = VERTEX_POINT('',#5038);
#5038 = CARTESIAN_POINT('',(214.,259.84,10.6));
#5039 = LINE('',#5040,#5041);
#5040 = CARTESIAN_POINT('',(214.,259.84,1.6));
#5041 = VECTOR('',#5042,1.);
#5042 = DIRECTION('',(0.,0.,1.));
#5043 = ORIENTED_EDGE('',*,*,#5044,.F.);
#5044 = EDGE_CURVE('',#5045,#5037,#5047,.T.);
#5045 = VERTEX_POINT('',#5046);
#5046 = CARTESIAN_POINT('',(214.,258.8,10.6));
#5047 = LINE('',#5048,#5049);
#5048 = CARTESIAN_POINT('',(214.,236.,10.6));
#5049 = VECTOR('',#5050,1.);
#5050 = DIRECTION('',(-0.,1.,0.));
#5051 = ORIENTED_EDGE('',*,*,#5052,.F.);
#5052 = EDGE_CURVE('',#3510,#5045,#5053,.T.);
#5053 = LINE('',#5054,#5055);
#5054 = CARTESIAN_POINT('',(214.,258.8,4.8));
#5055 = VECTOR('',#5056,1.);
#5056 = DIRECTION('',(0.,0.,1.));
#5057 = PLANE('',#5058);
#5058 = AXIS2_PLACEMENT_3D('',#5059,#5060,#5061);
#5059 = CARTESIAN_POINT('',(214.,236.,1.6));
#5060 = DIRECTION('',(1.,0.,-0.));
#5061 = DIRECTION('',(0.,0.,1.));
#5062 = ADVANCED_FACE('',(#5063),#5081,.F.);
#5063 = FACE_BOUND('',#5064,.F.);
#5064 = EDGE_LOOP('',(#5065,#5066,#5067,#5075));
#5065 = ORIENTED_EDGE('',*,*,#3509,.F.);
#5066 = ORIENTED_EDGE('',*,*,#5052,.T.);
#5067 = ORIENTED_EDGE('',*,*,#5068,.F.);
#5068 = EDGE_CURVE('',#5069,#5045,#5071,.T.);
#5069 = VERTEX_POINT('',#5070);
#5070 = CARTESIAN_POINT('',(232.35,258.8,10.6));
#5071 = LINE('',#5072,#5073);
#5072 = CARTESIAN_POINT('',(214.,258.8,10.6));
#5073 = VECTOR('',#5074,1.);
#5074 = DIRECTION('',(-1.,-0.,0.));
#5075 = ORIENTED_EDGE('',*,*,#5076,.T.);
#5076 = EDGE_CURVE('',#5069,#3502,#5077,.T.);
#5077 = LINE('',#5078,#5079);
#5078 = CARTESIAN_POINT('',(232.35,258.8,3.2));
#5079 = VECTOR('',#5080,1.);
#5080 = DIRECTION('',(-0.,0.,-1.));
#5081 = PLANE('',#5082);
#5082 = AXIS2_PLACEMENT_3D('',#5083,#5084,#5085);
#5083 = CARTESIAN_POINT('',(214.,258.8,4.8));
#5084 = DIRECTION('',(-0.,1.,0.));
#5085 = DIRECTION('',(0.,0.,1.));
#5086 = ADVANCED_FACE('',(#5087),#5135,.F.);
#5087 = FACE_BOUND('',#5088,.F.);
#5088 = EDGE_LOOP('',(#5089,#5097,#5098,#5104,#5105,#5106,#5114,#5120,
    #5121,#5129));
#5089 = ORIENTED_EDGE('',*,*,#5090,.F.);
#5090 = EDGE_CURVE('',#4571,#5091,#5093,.T.);
#5091 = VERTEX_POINT('',#5092);
#5092 = CARTESIAN_POINT('',(232.35,255.5,14.6));
#5093 = LINE('',#5094,#5095);
#5094 = CARTESIAN_POINT('',(232.35,255.5,1.6));
#5095 = VECTOR('',#5096,1.);
#5096 = DIRECTION('',(0.,0.,1.));
#5097 = ORIENTED_EDGE('',*,*,#4578,.T.);
#5098 = ORIENTED_EDGE('',*,*,#5099,.T.);
#5099 = EDGE_CURVE('',#4579,#3494,#5100,.T.);
#5100 = LINE('',#5101,#5102);
#5101 = CARTESIAN_POINT('',(232.35,256.6,3.2));
#5102 = VECTOR('',#5103,1.);
#5103 = DIRECTION('',(-0.,0.,-1.));
#5104 = ORIENTED_EDGE('',*,*,#3501,.T.);
#5105 = ORIENTED_EDGE('',*,*,#5076,.F.);
#5106 = ORIENTED_EDGE('',*,*,#5107,.T.);
#5107 = EDGE_CURVE('',#5069,#5108,#5110,.T.);
#5108 = VERTEX_POINT('',#5109);
#5109 = CARTESIAN_POINT('',(232.35,259.84,10.6));
#5110 = LINE('',#5111,#5112);
#5111 = CARTESIAN_POINT('',(232.35,245.75,10.6));
#5112 = VECTOR('',#5113,1.);
#5113 = DIRECTION('',(-0.,1.,0.));
#5114 = ORIENTED_EDGE('',*,*,#5115,.T.);
#5115 = EDGE_CURVE('',#5108,#4027,#5116,.T.);
#5116 = LINE('',#5117,#5118);
#5117 = CARTESIAN_POINT('',(232.35,259.84,1.6));
#5118 = VECTOR('',#5119,1.);
#5119 = DIRECTION('',(0.,0.,1.));
#5120 = ORIENTED_EDGE('',*,*,#4034,.F.);
#5121 = ORIENTED_EDGE('',*,*,#5122,.T.);
#5122 = EDGE_CURVE('',#4035,#5123,#5125,.T.);
#5123 = VERTEX_POINT('',#5124);
#5124 = CARTESIAN_POINT('',(232.35,261.7,14.6));
#5125 = LINE('',#5126,#5127);
#5126 = CARTESIAN_POINT('',(232.35,261.7,1.6));
#5127 = VECTOR('',#5128,1.);
#5128 = DIRECTION('',(0.,0.,1.));
#5129 = ORIENTED_EDGE('',*,*,#5130,.F.);
#5130 = EDGE_CURVE('',#5091,#5123,#5131,.T.);
#5131 = LINE('',#5132,#5133);
#5132 = CARTESIAN_POINT('',(232.35,255.5,14.6));
#5133 = VECTOR('',#5134,1.);
#5134 = DIRECTION('',(-0.,1.,0.));
#5135 = PLANE('',#5136);
#5136 = AXIS2_PLACEMENT_3D('',#5137,#5138,#5139);
#5137 = CARTESIAN_POINT('',(232.35,255.5,1.6));
#5138 = DIRECTION('',(1.,0.,-0.));
#5139 = DIRECTION('',(0.,0.,1.));
#5140 = ADVANCED_FACE('',(#5141),#5152,.T.);
#5141 = FACE_BOUND('',#5142,.T.);
#5142 = EDGE_LOOP('',(#5143,#5144,#5150,#5151));
#5143 = ORIENTED_EDGE('',*,*,#3493,.F.);
#5144 = ORIENTED_EDGE('',*,*,#5145,.T.);
#5145 = EDGE_CURVE('',#3486,#4545,#5146,.T.);
#5146 = LINE('',#5147,#5148);
#5147 = CARTESIAN_POINT('',(214.,256.6,4.8));
#5148 = VECTOR('',#5149,1.);
#5149 = DIRECTION('',(0.,0.,1.));
#5150 = ORIENTED_EDGE('',*,*,#4586,.F.);
#5151 = ORIENTED_EDGE('',*,*,#5099,.T.);
#5152 = PLANE('',#5153);
#5153 = AXIS2_PLACEMENT_3D('',#5154,#5155,#5156);
#5154 = CARTESIAN_POINT('',(214.,256.6,4.8));
#5155 = DIRECTION('',(-0.,1.,0.));
#5156 = DIRECTION('',(0.,0.,1.));
#5157 = ADVANCED_FACE('',(#5158),#5177,.F.);
#5158 = FACE_BOUND('',#5159,.F.);
#5159 = EDGE_LOOP('',(#5160,#5161,#5162,#5163,#5164,#5165,#5166,#5167,
    #5168,#5169,#5170,#5176));
#5160 = ORIENTED_EDGE('',*,*,#3605,.F.);
#5161 = ORIENTED_EDGE('',*,*,#3581,.T.);
#5162 = ORIENTED_EDGE('',*,*,#3557,.T.);
#5163 = ORIENTED_EDGE('',*,*,#3485,.F.);
#5164 = ORIENTED_EDGE('',*,*,#5145,.T.);
#5165 = ORIENTED_EDGE('',*,*,#4544,.F.);
#5166 = ORIENTED_EDGE('',*,*,#4521,.F.);
#5167 = ORIENTED_EDGE('',*,*,#4496,.F.);
#5168 = ORIENTED_EDGE('',*,*,#4480,.T.);
#5169 = ORIENTED_EDGE('',*,*,#4416,.F.);
#5170 = ORIENTED_EDGE('',*,*,#5171,.F.);
#5171 = EDGE_CURVE('',#3669,#4417,#5172,.T.);
#5172 = LINE('',#5173,#5174);
#5173 = CARTESIAN_POINT('',(214.,250.,4.8));
#5174 = VECTOR('',#5175,1.);
#5175 = DIRECTION('',(0.,0.,1.));
#5176 = ORIENTED_EDGE('',*,*,#3676,.F.);
#5177 = PLANE('',#5178);
#5178 = AXIS2_PLACEMENT_3D('',#5179,#5180,#5181);
#5179 = CARTESIAN_POINT('',(214.,236.,1.6));
#5180 = DIRECTION('',(1.,0.,-0.));
#5181 = DIRECTION('',(0.,0.,1.));
#5182 = ADVANCED_FACE('',(#5183),#5194,.F.);
#5183 = FACE_BOUND('',#5184,.F.);
#5184 = EDGE_LOOP('',(#5185,#5186,#5187,#5188));
#5185 = ORIENTED_EDGE('',*,*,#3668,.F.);
#5186 = ORIENTED_EDGE('',*,*,#5171,.T.);
#5187 = ORIENTED_EDGE('',*,*,#4426,.F.);
#5188 = ORIENTED_EDGE('',*,*,#5189,.T.);
#5189 = EDGE_CURVE('',#4427,#3661,#5190,.T.);
#5190 = LINE('',#5191,#5192);
#5191 = CARTESIAN_POINT('',(232.35,250.,3.2));
#5192 = VECTOR('',#5193,1.);
#5193 = DIRECTION('',(-0.,0.,-1.));
#5194 = PLANE('',#5195);
#5195 = AXIS2_PLACEMENT_3D('',#5196,#5197,#5198);
#5196 = CARTESIAN_POINT('',(214.,250.,4.8));
#5197 = DIRECTION('',(-0.,1.,0.));
#5198 = DIRECTION('',(0.,0.,1.));
#5199 = ADVANCED_FACE('',(#5200),#5250,.F.);
#5200 = FACE_BOUND('',#5201,.F.);
#5201 = EDGE_LOOP('',(#5202,#5210,#5211,#5219,#5227,#5233,#5234,#5235,
    #5236,#5244));
#5202 = ORIENTED_EDGE('',*,*,#5203,.F.);
#5203 = EDGE_CURVE('',#3621,#5204,#5206,.T.);
#5204 = VERTEX_POINT('',#5205);
#5205 = CARTESIAN_POINT('',(232.35,245.,14.6));
#5206 = LINE('',#5207,#5208);
#5207 = CARTESIAN_POINT('',(232.35,245.,1.6));
#5208 = VECTOR('',#5209,1.);
#5209 = DIRECTION('',(0.,0.,1.));
#5210 = ORIENTED_EDGE('',*,*,#3628,.T.);
#5211 = ORIENTED_EDGE('',*,*,#5212,.F.);
#5212 = EDGE_CURVE('',#5213,#3629,#5215,.T.);
#5213 = VERTEX_POINT('',#5214);
#5214 = CARTESIAN_POINT('',(232.35,245.6,10.6));
#5215 = LINE('',#5216,#5217);
#5216 = CARTESIAN_POINT('',(232.35,245.6,3.2));
#5217 = VECTOR('',#5218,1.);
#5218 = DIRECTION('',(-0.,0.,-1.));
#5219 = ORIENTED_EDGE('',*,*,#5220,.T.);
#5220 = EDGE_CURVE('',#5213,#5221,#5223,.T.);
#5221 = VERTEX_POINT('',#5222);
#5222 = CARTESIAN_POINT('',(232.35,247.8,10.6));
#5223 = LINE('',#5224,#5225);
#5224 = CARTESIAN_POINT('',(232.35,240.5,10.6));
#5225 = VECTOR('',#5226,1.);
#5226 = DIRECTION('',(-0.,1.,0.));
#5227 = ORIENTED_EDGE('',*,*,#5228,.T.);
#5228 = EDGE_CURVE('',#5221,#3653,#5229,.T.);
#5229 = LINE('',#5230,#5231);
#5230 = CARTESIAN_POINT('',(232.35,247.8,3.2));
#5231 = VECTOR('',#5232,1.);
#5232 = DIRECTION('',(-0.,0.,-1.));
#5233 = ORIENTED_EDGE('',*,*,#3660,.T.);
#5234 = ORIENTED_EDGE('',*,*,#5189,.F.);
#5235 = ORIENTED_EDGE('',*,*,#4434,.T.);
#5236 = ORIENTED_EDGE('',*,*,#5237,.T.);
#5237 = EDGE_CURVE('',#4435,#5238,#5240,.T.);
#5238 = VERTEX_POINT('',#5239);
#5239 = CARTESIAN_POINT('',(232.35,251.2,14.6));
#5240 = LINE('',#5241,#5242);
#5241 = CARTESIAN_POINT('',(232.35,251.2,1.6));
#5242 = VECTOR('',#5243,1.);
#5243 = DIRECTION('',(0.,0.,1.));
#5244 = ORIENTED_EDGE('',*,*,#5245,.F.);
#5245 = EDGE_CURVE('',#5204,#5238,#5246,.T.);
#5246 = LINE('',#5247,#5248);
#5247 = CARTESIAN_POINT('',(232.35,245.,14.6));
#5248 = VECTOR('',#5249,1.);
#5249 = DIRECTION('',(-0.,1.,0.));
#5250 = PLANE('',#5251);
#5251 = AXIS2_PLACEMENT_3D('',#5252,#5253,#5254);
#5252 = CARTESIAN_POINT('',(232.35,245.,1.6));
#5253 = DIRECTION('',(1.,0.,-0.));
#5254 = DIRECTION('',(0.,0.,1.));
#5255 = ADVANCED_FACE('',(#5256),#5274,.T.);
#5256 = FACE_BOUND('',#5257,.T.);
#5257 = EDGE_LOOP('',(#5258,#5259,#5267,#5273));
#5258 = ORIENTED_EDGE('',*,*,#3652,.F.);
#5259 = ORIENTED_EDGE('',*,*,#5260,.T.);
#5260 = EDGE_CURVE('',#3645,#5261,#5263,.T.);
#5261 = VERTEX_POINT('',#5262);
#5262 = CARTESIAN_POINT('',(214.,247.8,10.6));
#5263 = LINE('',#5264,#5265);
#5264 = CARTESIAN_POINT('',(214.,247.8,4.8));
#5265 = VECTOR('',#5266,1.);
#5266 = DIRECTION('',(0.,0.,1.));
#5267 = ORIENTED_EDGE('',*,*,#5268,.F.);
#5268 = EDGE_CURVE('',#5221,#5261,#5269,.T.);
#5269 = LINE('',#5270,#5271);
#5270 = CARTESIAN_POINT('',(214.,247.8,10.6));
#5271 = VECTOR('',#5272,1.);
#5272 = DIRECTION('',(-1.,-0.,0.));
#5273 = ORIENTED_EDGE('',*,*,#5228,.T.);
#5274 = PLANE('',#5275);
#5275 = AXIS2_PLACEMENT_3D('',#5276,#5277,#5278);
#5276 = CARTESIAN_POINT('',(214.,247.8,4.8));
#5277 = DIRECTION('',(-0.,1.,0.));
#5278 = DIRECTION('',(0.,0.,1.));
#5279 = ADVANCED_FACE('',(#5280),#5298,.F.);
#5280 = FACE_BOUND('',#5281,.F.);
#5281 = EDGE_LOOP('',(#5282,#5290,#5291,#5292));
#5282 = ORIENTED_EDGE('',*,*,#5283,.F.);
#5283 = EDGE_CURVE('',#3637,#5284,#5286,.T.);
#5284 = VERTEX_POINT('',#5285);
#5285 = CARTESIAN_POINT('',(214.,245.6,10.6));
#5286 = LINE('',#5287,#5288);
#5287 = CARTESIAN_POINT('',(214.,245.6,4.8));
#5288 = VECTOR('',#5289,1.);
#5289 = DIRECTION('',(0.,0.,1.));
#5290 = ORIENTED_EDGE('',*,*,#3644,.F.);
#5291 = ORIENTED_EDGE('',*,*,#5260,.T.);
#5292 = ORIENTED_EDGE('',*,*,#5293,.F.);
#5293 = EDGE_CURVE('',#5284,#5261,#5294,.T.);
#5294 = LINE('',#5295,#5296);
#5295 = CARTESIAN_POINT('',(214.,236.,10.6));
#5296 = VECTOR('',#5297,1.);
#5297 = DIRECTION('',(-0.,1.,0.));
#5298 = PLANE('',#5299);
#5299 = AXIS2_PLACEMENT_3D('',#5300,#5301,#5302);
#5300 = CARTESIAN_POINT('',(214.,236.,1.6));
#5301 = DIRECTION('',(1.,0.,-0.));
#5302 = DIRECTION('',(0.,0.,1.));
#5303 = ADVANCED_FACE('',(#5304),#5315,.F.);
#5304 = FACE_BOUND('',#5305,.F.);
#5305 = EDGE_LOOP('',(#5306,#5307,#5308,#5314));
#5306 = ORIENTED_EDGE('',*,*,#3636,.F.);
#5307 = ORIENTED_EDGE('',*,*,#5283,.T.);
#5308 = ORIENTED_EDGE('',*,*,#5309,.F.);
#5309 = EDGE_CURVE('',#5213,#5284,#5310,.T.);
#5310 = LINE('',#5311,#5312);
#5311 = CARTESIAN_POINT('',(214.,245.6,10.6));
#5312 = VECTOR('',#5313,1.);
#5313 = DIRECTION('',(-1.,-0.,0.));
#5314 = ORIENTED_EDGE('',*,*,#5212,.T.);
#5315 = PLANE('',#5316);
#5316 = AXIS2_PLACEMENT_3D('',#5317,#5318,#5319);
#5317 = CARTESIAN_POINT('',(214.,245.6,4.8));
#5318 = DIRECTION('',(-0.,1.,0.));
#5319 = DIRECTION('',(0.,0.,1.));
#5320 = ADVANCED_FACE('',(#5321),#5341,.F.);
#5321 = FACE_BOUND('',#5322,.F.);
#5322 = EDGE_LOOP('',(#5323,#5329,#5330,#5336,#5337,#5338,#5339,#5340));
#5323 = ORIENTED_EDGE('',*,*,#5324,.F.);
#5324 = EDGE_CURVE('',#3701,#4145,#5325,.T.);
#5325 = LINE('',#5326,#5327);
#5326 = CARTESIAN_POINT('',(214.,240.7,1.6));
#5327 = VECTOR('',#5328,1.);
#5328 = DIRECTION('',(0.,0.,1.));
#5329 = ORIENTED_EDGE('',*,*,#3708,.T.);
#5330 = ORIENTED_EDGE('',*,*,#5331,.T.);
#5331 = EDGE_CURVE('',#3692,#4257,#5332,.T.);
#5332 = LINE('',#5333,#5334);
#5333 = CARTESIAN_POINT('',(214.,245.,1.6));
#5334 = VECTOR('',#5335,1.);
#5335 = DIRECTION('',(0.,0.,1.));
#5336 = ORIENTED_EDGE('',*,*,#4256,.F.);
#5337 = ORIENTED_EDGE('',*,*,#4240,.T.);
#5338 = ORIENTED_EDGE('',*,*,#4208,.F.);
#5339 = ORIENTED_EDGE('',*,*,#4185,.F.);
#5340 = ORIENTED_EDGE('',*,*,#4144,.F.);
#5341 = PLANE('',#5342);
#5342 = AXIS2_PLACEMENT_3D('',#5343,#5344,#5345);
#5343 = CARTESIAN_POINT('',(214.,236.,1.6));
#5344 = DIRECTION('',(1.,0.,-0.));
#5345 = DIRECTION('',(0.,0.,1.));
#5346 = ADVANCED_FACE('',(#5347),#5395,.F.);
#5347 = FACE_BOUND('',#5348,.F.);
#5348 = EDGE_LOOP('',(#5349,#5357,#5358,#5366,#5374,#5380,#5381,#5389));
#5349 = ORIENTED_EDGE('',*,*,#5350,.F.);
#5350 = EDGE_CURVE('',#3724,#5351,#5353,.T.);
#5351 = VERTEX_POINT('',#5352);
#5352 = CARTESIAN_POINT('',(232.35,234.5,14.6));
#5353 = LINE('',#5354,#5355);
#5354 = CARTESIAN_POINT('',(232.35,234.5,1.6));
#5355 = VECTOR('',#5356,1.);
#5356 = DIRECTION('',(0.,0.,1.));
#5357 = ORIENTED_EDGE('',*,*,#3731,.T.);
#5358 = ORIENTED_EDGE('',*,*,#5359,.F.);
#5359 = EDGE_CURVE('',#5360,#3732,#5362,.T.);
#5360 = VERTEX_POINT('',#5361);
#5361 = CARTESIAN_POINT('',(232.35,236.,10.6));
#5362 = LINE('',#5363,#5364);
#5363 = CARTESIAN_POINT('',(232.35,236.,1.6));
#5364 = VECTOR('',#5365,1.);
#5365 = DIRECTION('',(-0.,0.,-1.));
#5366 = ORIENTED_EDGE('',*,*,#5367,.T.);
#5367 = EDGE_CURVE('',#5360,#5368,#5370,.T.);
#5368 = VERTEX_POINT('',#5369);
#5369 = CARTESIAN_POINT('',(232.35,239.,10.6));
#5370 = LINE('',#5371,#5372);
#5371 = CARTESIAN_POINT('',(232.35,235.25,10.6));
#5372 = VECTOR('',#5373,1.);
#5373 = DIRECTION('',(-0.,1.,0.));
#5374 = ORIENTED_EDGE('',*,*,#5375,.T.);
#5375 = EDGE_CURVE('',#5368,#3756,#5376,.T.);
#5376 = LINE('',#5377,#5378);
#5377 = CARTESIAN_POINT('',(232.35,239.,3.2));
#5378 = VECTOR('',#5379,1.);
#5379 = DIRECTION('',(-0.,0.,-1.));
#5380 = ORIENTED_EDGE('',*,*,#3763,.T.);
#5381 = ORIENTED_EDGE('',*,*,#5382,.T.);
#5382 = EDGE_CURVE('',#3764,#5383,#5385,.T.);
#5383 = VERTEX_POINT('',#5384);
#5384 = CARTESIAN_POINT('',(232.35,240.7,14.6));
#5385 = LINE('',#5386,#5387);
#5386 = CARTESIAN_POINT('',(232.35,240.7,1.6));
#5387 = VECTOR('',#5388,1.);
#5388 = DIRECTION('',(0.,0.,1.));
#5389 = ORIENTED_EDGE('',*,*,#5390,.F.);
#5390 = EDGE_CURVE('',#5351,#5383,#5391,.T.);
#5391 = LINE('',#5392,#5393);
#5392 = CARTESIAN_POINT('',(232.35,234.5,14.6));
#5393 = VECTOR('',#5394,1.);
#5394 = DIRECTION('',(-0.,1.,0.));
#5395 = PLANE('',#5396);
#5396 = AXIS2_PLACEMENT_3D('',#5397,#5398,#5399);
#5397 = CARTESIAN_POINT('',(232.35,234.5,1.6));
#5398 = DIRECTION('',(1.,0.,-0.));
#5399 = DIRECTION('',(0.,0.,1.));
#5400 = ADVANCED_FACE('',(#5401),#5419,.T.);
#5401 = FACE_BOUND('',#5402,.T.);
#5402 = EDGE_LOOP('',(#5403,#5404,#5412,#5418));
#5403 = ORIENTED_EDGE('',*,*,#3755,.F.);
#5404 = ORIENTED_EDGE('',*,*,#5405,.T.);
#5405 = EDGE_CURVE('',#3748,#5406,#5408,.T.);
#5406 = VERTEX_POINT('',#5407);
#5407 = CARTESIAN_POINT('',(214.,239.,10.6));
#5408 = LINE('',#5409,#5410);
#5409 = CARTESIAN_POINT('',(214.,239.,4.8));
#5410 = VECTOR('',#5411,1.);
#5411 = DIRECTION('',(0.,0.,1.));
#5412 = ORIENTED_EDGE('',*,*,#5413,.F.);
#5413 = EDGE_CURVE('',#5368,#5406,#5414,.T.);
#5414 = LINE('',#5415,#5416);
#5415 = CARTESIAN_POINT('',(214.,239.,10.6));
#5416 = VECTOR('',#5417,1.);
#5417 = DIRECTION('',(-1.,-0.,0.));
#5418 = ORIENTED_EDGE('',*,*,#5375,.T.);
#5419 = PLANE('',#5420);
#5420 = AXIS2_PLACEMENT_3D('',#5421,#5422,#5423);
#5421 = CARTESIAN_POINT('',(214.,239.,4.8));
#5422 = DIRECTION('',(-0.,1.,0.));
#5423 = DIRECTION('',(0.,0.,1.));
#5424 = ADVANCED_FACE('',(#5425),#5443,.F.);
#5425 = FACE_BOUND('',#5426,.F.);
#5426 = EDGE_LOOP('',(#5427,#5435,#5441,#5442));
#5427 = ORIENTED_EDGE('',*,*,#5428,.F.);
#5428 = EDGE_CURVE('',#5429,#5406,#5431,.T.);
#5429 = VERTEX_POINT('',#5430);
#5430 = CARTESIAN_POINT('',(214.,236.,10.6));
#5431 = LINE('',#5432,#5433);
#5432 = CARTESIAN_POINT('',(214.,236.,10.6));
#5433 = VECTOR('',#5434,1.);
#5434 = DIRECTION('',(-0.,1.,0.));
#5435 = ORIENTED_EDGE('',*,*,#5436,.F.);
#5436 = EDGE_CURVE('',#3740,#5429,#5437,.T.);
#5437 = LINE('',#5438,#5439);
#5438 = CARTESIAN_POINT('',(214.,236.,1.6));
#5439 = VECTOR('',#5440,1.);
#5440 = DIRECTION('',(0.,0.,1.));
#5441 = ORIENTED_EDGE('',*,*,#3747,.F.);
#5442 = ORIENTED_EDGE('',*,*,#5405,.T.);
#5443 = PLANE('',#5444);
#5444 = AXIS2_PLACEMENT_3D('',#5445,#5446,#5447);
#5445 = CARTESIAN_POINT('',(214.,236.,1.6));
#5446 = DIRECTION('',(1.,0.,-0.));
#5447 = DIRECTION('',(0.,0.,1.));
#5448 = ADVANCED_FACE('',(#5449),#5460,.F.);
#5449 = FACE_BOUND('',#5450,.F.);
#5450 = EDGE_LOOP('',(#5451,#5452,#5453,#5459));
#5451 = ORIENTED_EDGE('',*,*,#3739,.F.);
#5452 = ORIENTED_EDGE('',*,*,#5436,.T.);
#5453 = ORIENTED_EDGE('',*,*,#5454,.T.);
#5454 = EDGE_CURVE('',#5429,#5360,#5455,.T.);
#5455 = LINE('',#5456,#5457);
#5456 = CARTESIAN_POINT('',(214.,236.,10.6));
#5457 = VECTOR('',#5458,1.);
#5458 = DIRECTION('',(1.,0.,-0.));
#5459 = ORIENTED_EDGE('',*,*,#5359,.T.);
#5460 = PLANE('',#5461);
#5461 = AXIS2_PLACEMENT_3D('',#5462,#5463,#5464);
#5462 = CARTESIAN_POINT('',(214.,236.,1.6));
#5463 = DIRECTION('',(-0.,1.,0.));
#5464 = DIRECTION('',(0.,0.,1.));
#5465 = ADVANCED_FACE('',(#5466),#5498,.F.);
#5466 = FACE_BOUND('',#5467,.F.);
#5467 = EDGE_LOOP('',(#5468,#5476,#5477,#5483,#5484,#5492));
#5468 = ORIENTED_EDGE('',*,*,#5469,.F.);
#5469 = EDGE_CURVE('',#3843,#5470,#5472,.T.);
#5470 = VERTEX_POINT('',#5471);
#5471 = CARTESIAN_POINT('',(232.35,224.,14.6));
#5472 = LINE('',#5473,#5474);
#5473 = CARTESIAN_POINT('',(232.35,224.,1.6));
#5474 = VECTOR('',#5475,1.);
#5475 = DIRECTION('',(0.,0.,1.));
#5476 = ORIENTED_EDGE('',*,*,#3850,.F.);
#5477 = ORIENTED_EDGE('',*,*,#5478,.F.);
#5478 = EDGE_CURVE('',#3804,#3851,#5479,.T.);
#5479 = LINE('',#5480,#5481);
#5480 = CARTESIAN_POINT('',(232.35,227.6,1.6));
#5481 = VECTOR('',#5482,1.);
#5482 = DIRECTION('',(0.,0.,1.));
#5483 = ORIENTED_EDGE('',*,*,#3811,.T.);
#5484 = ORIENTED_EDGE('',*,*,#5485,.T.);
#5485 = EDGE_CURVE('',#3786,#5486,#5488,.T.);
#5486 = VERTEX_POINT('',#5487);
#5487 = CARTESIAN_POINT('',(232.35,230.2,14.6));
#5488 = LINE('',#5489,#5490);
#5489 = CARTESIAN_POINT('',(232.35,230.2,1.6));
#5490 = VECTOR('',#5491,1.);
#5491 = DIRECTION('',(0.,0.,1.));
#5492 = ORIENTED_EDGE('',*,*,#5493,.F.);
#5493 = EDGE_CURVE('',#5470,#5486,#5494,.T.);
#5494 = LINE('',#5495,#5496);
#5495 = CARTESIAN_POINT('',(232.35,224.,14.6));
#5496 = VECTOR('',#5497,1.);
#5497 = DIRECTION('',(-0.,1.,0.));
#5498 = PLANE('',#5499);
#5499 = AXIS2_PLACEMENT_3D('',#5500,#5501,#5502);
#5500 = CARTESIAN_POINT('',(232.35,224.,1.6));
#5501 = DIRECTION('',(1.,0.,-0.));
#5502 = DIRECTION('',(0.,0.,1.));
#5503 = ADVANCED_FACE('',(#5504),#5515,.T.);
#5504 = FACE_BOUND('',#5505,.T.);
#5505 = EDGE_LOOP('',(#5506,#5507,#5508,#5509));
#5506 = ORIENTED_EDGE('',*,*,#5044,.F.);
#5507 = ORIENTED_EDGE('',*,*,#5068,.F.);
#5508 = ORIENTED_EDGE('',*,*,#5107,.T.);
#5509 = ORIENTED_EDGE('',*,*,#5510,.T.);
#5510 = EDGE_CURVE('',#5108,#5037,#5511,.T.);
#5511 = LINE('',#5512,#5513);
#5512 = CARTESIAN_POINT('',(213.,259.84,10.6));
#5513 = VECTOR('',#5514,1.);
#5514 = DIRECTION('',(-1.,-0.,0.));
#5515 = PLANE('',#5516);
#5516 = AXIS2_PLACEMENT_3D('',#5517,#5518,#5519);
#5517 = CARTESIAN_POINT('',(214.,236.,10.6));
#5518 = DIRECTION('',(0.,0.,1.));
#5519 = DIRECTION('',(1.,0.,-0.));
#5520 = ADVANCED_FACE('',(#5521),#5539,.F.);
#5521 = FACE_BOUND('',#5522,.F.);
#5522 = EDGE_LOOP('',(#5523,#5524,#5525,#5533));
#5523 = ORIENTED_EDGE('',*,*,#3842,.F.);
#5524 = ORIENTED_EDGE('',*,*,#5469,.T.);
#5525 = ORIENTED_EDGE('',*,*,#5526,.T.);
#5526 = EDGE_CURVE('',#5470,#5527,#5529,.T.);
#5527 = VERTEX_POINT('',#5528);
#5528 = CARTESIAN_POINT('',(237.35,224.,14.6));
#5529 = LINE('',#5530,#5531);
#5530 = CARTESIAN_POINT('',(232.35,224.,14.6));
#5531 = VECTOR('',#5532,1.);
#5532 = DIRECTION('',(1.,0.,-0.));
#5533 = ORIENTED_EDGE('',*,*,#5534,.F.);
#5534 = EDGE_CURVE('',#3835,#5527,#5535,.T.);
#5535 = LINE('',#5536,#5537);
#5536 = CARTESIAN_POINT('',(237.35,224.,1.6));
#5537 = VECTOR('',#5538,1.);
#5538 = DIRECTION('',(0.,0.,1.));
#5539 = PLANE('',#5540);
#5540 = AXIS2_PLACEMENT_3D('',#5541,#5542,#5543);
#5541 = CARTESIAN_POINT('',(232.35,224.,1.6));
#5542 = DIRECTION('',(-0.,1.,0.));
#5543 = DIRECTION('',(0.,0.,1.));
#5544 = ADVANCED_FACE('',(#5545),#5563,.T.);
#5545 = FACE_BOUND('',#5546,.T.);
#5546 = EDGE_LOOP('',(#5547,#5548,#5549,#5557));
#5547 = ORIENTED_EDGE('',*,*,#5493,.F.);
#5548 = ORIENTED_EDGE('',*,*,#5526,.T.);
#5549 = ORIENTED_EDGE('',*,*,#5550,.T.);
#5550 = EDGE_CURVE('',#5527,#5551,#5553,.T.);
#5551 = VERTEX_POINT('',#5552);
#5552 = CARTESIAN_POINT('',(237.35,230.2,14.6));
#5553 = LINE('',#5554,#5555);
#5554 = CARTESIAN_POINT('',(237.35,224.,14.6));
#5555 = VECTOR('',#5556,1.);
#5556 = DIRECTION('',(-0.,1.,0.));
#5557 = ORIENTED_EDGE('',*,*,#5558,.F.);
#5558 = EDGE_CURVE('',#5486,#5551,#5559,.T.);
#5559 = LINE('',#5560,#5561);
#5560 = CARTESIAN_POINT('',(232.35,230.2,14.6));
#5561 = VECTOR('',#5562,1.);
#5562 = DIRECTION('',(1.,0.,-0.));
#5563 = PLANE('',#5564);
#5564 = AXIS2_PLACEMENT_3D('',#5565,#5566,#5567);
#5565 = CARTESIAN_POINT('',(232.35,224.,14.6));
#5566 = DIRECTION('',(0.,0.,1.));
#5567 = DIRECTION('',(1.,0.,-0.));
#5568 = ADVANCED_FACE('',(#5569),#5587,.T.);
#5569 = FACE_BOUND('',#5570,.T.);
#5570 = EDGE_LOOP('',(#5571,#5572,#5573,#5581));
#5571 = ORIENTED_EDGE('',*,*,#4042,.F.);
#5572 = ORIENTED_EDGE('',*,*,#5122,.T.);
#5573 = ORIENTED_EDGE('',*,*,#5574,.T.);
#5574 = EDGE_CURVE('',#5123,#5575,#5577,.T.);
#5575 = VERTEX_POINT('',#5576);
#5576 = CARTESIAN_POINT('',(237.35,261.7,14.6));
#5577 = LINE('',#5578,#5579);
#5578 = CARTESIAN_POINT('',(232.35,261.7,14.6));
#5579 = VECTOR('',#5580,1.);
#5580 = DIRECTION('',(1.,0.,-0.));
#5581 = ORIENTED_EDGE('',*,*,#5582,.F.);
#5582 = EDGE_CURVE('',#4043,#5575,#5583,.T.);
#5583 = LINE('',#5584,#5585);
#5584 = CARTESIAN_POINT('',(237.35,261.7,1.6));
#5585 = VECTOR('',#5586,1.);
#5586 = DIRECTION('',(0.,0.,1.));
#5587 = PLANE('',#5588);
#5588 = AXIS2_PLACEMENT_3D('',#5589,#5590,#5591);
#5589 = CARTESIAN_POINT('',(232.35,261.7,1.6));
#5590 = DIRECTION('',(-0.,1.,0.));
#5591 = DIRECTION('',(0.,0.,1.));
#5592 = ADVANCED_FACE('',(#5593),#5611,.F.);
#5593 = FACE_BOUND('',#5594,.F.);
#5594 = EDGE_LOOP('',(#5595,#5596,#5597,#5605));
#5595 = ORIENTED_EDGE('',*,*,#4570,.T.);
#5596 = ORIENTED_EDGE('',*,*,#5090,.T.);
#5597 = ORIENTED_EDGE('',*,*,#5598,.T.);
#5598 = EDGE_CURVE('',#5091,#5599,#5601,.T.);
#5599 = VERTEX_POINT('',#5600);
#5600 = CARTESIAN_POINT('',(237.35,255.5,14.6));
#5601 = LINE('',#5602,#5603);
#5602 = CARTESIAN_POINT('',(232.35,255.5,14.6));
#5603 = VECTOR('',#5604,1.);
#5604 = DIRECTION('',(1.,0.,-0.));
#5605 = ORIENTED_EDGE('',*,*,#5606,.F.);
#5606 = EDGE_CURVE('',#4563,#5599,#5607,.T.);
#5607 = LINE('',#5608,#5609);
#5608 = CARTESIAN_POINT('',(237.35,255.5,1.6));
#5609 = VECTOR('',#5610,1.);
#5610 = DIRECTION('',(0.,0.,1.));
#5611 = PLANE('',#5612);
#5612 = AXIS2_PLACEMENT_3D('',#5613,#5614,#5615);
#5613 = CARTESIAN_POINT('',(232.35,255.5,1.6));
#5614 = DIRECTION('',(-0.,1.,0.));
#5615 = DIRECTION('',(0.,0.,1.));
#5616 = ADVANCED_FACE('',(#5617),#5628,.T.);
#5617 = FACE_BOUND('',#5618,.T.);
#5618 = EDGE_LOOP('',(#5619,#5620,#5621,#5627));
#5619 = ORIENTED_EDGE('',*,*,#5130,.F.);
#5620 = ORIENTED_EDGE('',*,*,#5598,.T.);
#5621 = ORIENTED_EDGE('',*,*,#5622,.T.);
#5622 = EDGE_CURVE('',#5599,#5575,#5623,.T.);
#5623 = LINE('',#5624,#5625);
#5624 = CARTESIAN_POINT('',(237.35,255.5,14.6));
#5625 = VECTOR('',#5626,1.);
#5626 = DIRECTION('',(-0.,1.,0.));
#5627 = ORIENTED_EDGE('',*,*,#5574,.F.);
#5628 = PLANE('',#5629);
#5629 = AXIS2_PLACEMENT_3D('',#5630,#5631,#5632);
#5630 = CARTESIAN_POINT('',(232.35,255.5,14.6));
#5631 = DIRECTION('',(0.,0.,1.));
#5632 = DIRECTION('',(1.,0.,-0.));
#5633 = ADVANCED_FACE('',(#5634),#5652,.T.);
#5634 = FACE_BOUND('',#5635,.T.);
#5635 = EDGE_LOOP('',(#5636,#5637,#5638,#5646));
#5636 = ORIENTED_EDGE('',*,*,#4442,.T.);
#5637 = ORIENTED_EDGE('',*,*,#5237,.T.);
#5638 = ORIENTED_EDGE('',*,*,#5639,.T.);
#5639 = EDGE_CURVE('',#5238,#5640,#5642,.T.);
#5640 = VERTEX_POINT('',#5641);
#5641 = CARTESIAN_POINT('',(237.35,251.2,14.6));
#5642 = LINE('',#5643,#5644);
#5643 = CARTESIAN_POINT('',(232.35,251.2,14.6));
#5644 = VECTOR('',#5645,1.);
#5645 = DIRECTION('',(1.,0.,-0.));
#5646 = ORIENTED_EDGE('',*,*,#5647,.F.);
#5647 = EDGE_CURVE('',#4443,#5640,#5648,.T.);
#5648 = LINE('',#5649,#5650);
#5649 = CARTESIAN_POINT('',(237.35,251.2,1.6));
#5650 = VECTOR('',#5651,1.);
#5651 = DIRECTION('',(0.,0.,1.));
#5652 = PLANE('',#5653);
#5653 = AXIS2_PLACEMENT_3D('',#5654,#5655,#5656);
#5654 = CARTESIAN_POINT('',(232.35,251.2,1.6));
#5655 = DIRECTION('',(-0.,1.,0.));
#5656 = DIRECTION('',(0.,0.,1.));
#5657 = ADVANCED_FACE('',(#5658),#5683,.T.);
#5658 = FACE_BOUND('',#5659,.T.);
#5659 = EDGE_LOOP('',(#5660,#5661,#5669,#5677));
#5660 = ORIENTED_EDGE('',*,*,#5390,.F.);
#5661 = ORIENTED_EDGE('',*,*,#5662,.T.);
#5662 = EDGE_CURVE('',#5351,#5663,#5665,.T.);
#5663 = VERTEX_POINT('',#5664);
#5664 = CARTESIAN_POINT('',(237.35,234.5,14.6));
#5665 = LINE('',#5666,#5667);
#5666 = CARTESIAN_POINT('',(232.35,234.5,14.6));
#5667 = VECTOR('',#5668,1.);
#5668 = DIRECTION('',(1.,0.,-0.));
#5669 = ORIENTED_EDGE('',*,*,#5670,.T.);
#5670 = EDGE_CURVE('',#5663,#5671,#5673,.T.);
#5671 = VERTEX_POINT('',#5672);
#5672 = CARTESIAN_POINT('',(237.35,240.7,14.6));
#5673 = LINE('',#5674,#5675);
#5674 = CARTESIAN_POINT('',(237.35,234.5,14.6));
#5675 = VECTOR('',#5676,1.);
#5676 = DIRECTION('',(-0.,1.,0.));
#5677 = ORIENTED_EDGE('',*,*,#5678,.F.);
#5678 = EDGE_CURVE('',#5383,#5671,#5679,.T.);
#5679 = LINE('',#5680,#5681);
#5680 = CARTESIAN_POINT('',(232.35,240.7,14.6));
#5681 = VECTOR('',#5682,1.);
#5682 = DIRECTION('',(1.,0.,-0.));
#5683 = PLANE('',#5684);
#5684 = AXIS2_PLACEMENT_3D('',#5685,#5686,#5687);
#5685 = CARTESIAN_POINT('',(232.35,234.5,14.6));
#5686 = DIRECTION('',(0.,0.,1.));
#5687 = DIRECTION('',(1.,0.,-0.));
#5688 = ADVANCED_FACE('',(#5689),#5714,.T.);
#5689 = FACE_BOUND('',#5690,.T.);
#5690 = EDGE_LOOP('',(#5691,#5699,#5700,#5708));
#5691 = ORIENTED_EDGE('',*,*,#5692,.F.);
#5692 = EDGE_CURVE('',#4666,#5693,#5695,.T.);
#5693 = VERTEX_POINT('',#5694);
#5694 = CARTESIAN_POINT('',(218.,178.56,17.6));
#5695 = LINE('',#5696,#5697);
#5696 = CARTESIAN_POINT('',(218.,178.56,1.6));
#5697 = VECTOR('',#5698,1.);
#5698 = DIRECTION('',(0.,0.,1.));
#5699 = ORIENTED_EDGE('',*,*,#4665,.T.);
#5700 = ORIENTED_EDGE('',*,*,#5701,.T.);
#5701 = EDGE_CURVE('',#4668,#5702,#5704,.T.);
#5702 = VERTEX_POINT('',#5703);
#5703 = CARTESIAN_POINT('',(218.,186.96,17.6));
#5704 = LINE('',#5705,#5706);
#5705 = CARTESIAN_POINT('',(218.,186.96,1.6));
#5706 = VECTOR('',#5707,1.);
#5707 = DIRECTION('',(0.,0.,1.));
#5708 = ORIENTED_EDGE('',*,*,#5709,.F.);
#5709 = EDGE_CURVE('',#5693,#5702,#5710,.T.);
#5710 = LINE('',#5711,#5712);
#5711 = CARTESIAN_POINT('',(218.,178.56,17.6));
#5712 = VECTOR('',#5713,1.);
#5713 = DIRECTION('',(-0.,1.,0.));
#5714 = PLANE('',#5715);
#5715 = AXIS2_PLACEMENT_3D('',#5716,#5717,#5718);
#5716 = CARTESIAN_POINT('',(218.,178.56,1.6));
#5717 = DIRECTION('',(1.,0.,-0.));
#5718 = DIRECTION('',(0.,0.,1.));
#5719 = ADVANCED_FACE('',(#5720),#5745,.T.);
#5720 = FACE_BOUND('',#5721,.T.);
#5721 = EDGE_LOOP('',(#5722,#5732,#5738,#5739));
#5722 = ORIENTED_EDGE('',*,*,#5723,.F.);
#5723 = EDGE_CURVE('',#5724,#5726,#5728,.T.);
#5724 = VERTEX_POINT('',#5725);
#5725 = CARTESIAN_POINT('',(212.,178.56,17.6));
#5726 = VERTEX_POINT('',#5727);
#5727 = CARTESIAN_POINT('',(212.,186.96,17.6));
#5728 = LINE('',#5729,#5730);
#5729 = CARTESIAN_POINT('',(212.,178.56,17.6));
#5730 = VECTOR('',#5731,1.);
#5731 = DIRECTION('',(-0.,1.,0.));
#5732 = ORIENTED_EDGE('',*,*,#5733,.T.);
#5733 = EDGE_CURVE('',#5724,#5693,#5734,.T.);
#5734 = LINE('',#5735,#5736);
#5735 = CARTESIAN_POINT('',(212.,178.56,17.6));
#5736 = VECTOR('',#5737,1.);
#5737 = DIRECTION('',(1.,0.,-0.));
#5738 = ORIENTED_EDGE('',*,*,#5709,.T.);
#5739 = ORIENTED_EDGE('',*,*,#5740,.F.);
#5740 = EDGE_CURVE('',#5726,#5702,#5741,.T.);
#5741 = LINE('',#5742,#5743);
#5742 = CARTESIAN_POINT('',(212.,186.96,17.6));
#5743 = VECTOR('',#5744,1.);
#5744 = DIRECTION('',(1.,0.,-0.));
#5745 = PLANE('',#5746);
#5746 = AXIS2_PLACEMENT_3D('',#5747,#5748,#5749);
#5747 = CARTESIAN_POINT('',(212.,178.56,17.6));
#5748 = DIRECTION('',(0.,0.,1.));
#5749 = DIRECTION('',(1.,0.,-0.));
#5750 = ADVANCED_FACE('',(#5751),#5757,.T.);
#5751 = FACE_BOUND('',#5752,.T.);
#5752 = EDGE_LOOP('',(#5753,#5754,#5755,#5756));
#5753 = ORIENTED_EDGE('',*,*,#5019,.T.);
#5754 = ORIENTED_EDGE('',*,*,#4947,.T.);
#5755 = ORIENTED_EDGE('',*,*,#4971,.F.);
#5756 = ORIENTED_EDGE('',*,*,#4995,.F.);
#5757 = PLANE('',#5758);
#5758 = AXIS2_PLACEMENT_3D('',#5759,#5760,#5761);
#5759 = CARTESIAN_POINT('',(119.3,149.8,2.6));
#5760 = DIRECTION('',(0.,0.,1.));
#5761 = DIRECTION('',(1.,0.,-0.));
#5762 = ADVANCED_FACE('',(#5763),#5781,.T.);
#5763 = FACE_BOUND('',#5764,.T.);
#5764 = EDGE_LOOP('',(#5765,#5766,#5774,#5780));
#5765 = ORIENTED_EDGE('',*,*,#5245,.F.);
#5766 = ORIENTED_EDGE('',*,*,#5767,.T.);
#5767 = EDGE_CURVE('',#5204,#5768,#5770,.T.);
#5768 = VERTEX_POINT('',#5769);
#5769 = CARTESIAN_POINT('',(237.35,245.,14.6));
#5770 = LINE('',#5771,#5772);
#5771 = CARTESIAN_POINT('',(232.35,245.,14.6));
#5772 = VECTOR('',#5773,1.);
#5773 = DIRECTION('',(1.,0.,-0.));
#5774 = ORIENTED_EDGE('',*,*,#5775,.T.);
#5775 = EDGE_CURVE('',#5768,#5640,#5776,.T.);
#5776 = LINE('',#5777,#5778);
#5777 = CARTESIAN_POINT('',(237.35,245.,14.6));
#5778 = VECTOR('',#5779,1.);
#5779 = DIRECTION('',(-0.,1.,0.));
#5780 = ORIENTED_EDGE('',*,*,#5639,.F.);
#5781 = PLANE('',#5782);
#5782 = AXIS2_PLACEMENT_3D('',#5783,#5784,#5785);
#5783 = CARTESIAN_POINT('',(232.35,245.,14.6));
#5784 = DIRECTION('',(0.,0.,1.));
#5785 = DIRECTION('',(1.,0.,-0.));
#5786 = ADVANCED_FACE('',(#5787),#5793,.T.);
#5787 = FACE_BOUND('',#5788,.T.);
#5788 = EDGE_LOOP('',(#5789,#5790,#5791,#5792));
#5789 = ORIENTED_EDGE('',*,*,#5293,.F.);
#5790 = ORIENTED_EDGE('',*,*,#5309,.F.);
#5791 = ORIENTED_EDGE('',*,*,#5220,.T.);
#5792 = ORIENTED_EDGE('',*,*,#5268,.T.);
#5793 = PLANE('',#5794);
#5794 = AXIS2_PLACEMENT_3D('',#5795,#5796,#5797);
#5795 = CARTESIAN_POINT('',(214.,236.,10.6));
#5796 = DIRECTION('',(0.,0.,1.));
#5797 = DIRECTION('',(1.,0.,-0.));
#5798 = ADVANCED_FACE('',(#5799),#5805,.T.);
#5799 = FACE_BOUND('',#5800,.T.);
#5800 = EDGE_LOOP('',(#5801,#5802,#5803,#5804));
#5801 = ORIENTED_EDGE('',*,*,#5428,.F.);
#5802 = ORIENTED_EDGE('',*,*,#5454,.T.);
#5803 = ORIENTED_EDGE('',*,*,#5367,.T.);
#5804 = ORIENTED_EDGE('',*,*,#5413,.T.);
#5805 = PLANE('',#5806);
#5806 = AXIS2_PLACEMENT_3D('',#5807,#5808,#5809);
#5807 = CARTESIAN_POINT('',(214.,236.,10.6));
#5808 = DIRECTION('',(0.,0.,1.));
#5809 = DIRECTION('',(1.,0.,-0.));
#5810 = ADVANCED_FACE('',(#5811),#5868,.T.);
#5811 = FACE_BOUND('',#5812,.T.);
#5812 = EDGE_LOOP('',(#5813,#5814,#5822,#5830,#5838,#5846,#5854,#5862));
#5813 = ORIENTED_EDGE('',*,*,#1014,.T.);
#5814 = ORIENTED_EDGE('',*,*,#5815,.T.);
#5815 = EDGE_CURVE('',#1007,#5816,#5818,.T.);
#5816 = VERTEX_POINT('',#5817);
#5817 = CARTESIAN_POINT('',(237.35,38.,14.6));
#5818 = LINE('',#5819,#5820);
#5819 = CARTESIAN_POINT('',(237.35,38.,1.6));
#5820 = VECTOR('',#5821,1.);
#5821 = DIRECTION('',(0.,0.,1.));
#5822 = ORIENTED_EDGE('',*,*,#5823,.F.);
#5823 = EDGE_CURVE('',#5824,#5816,#5826,.T.);
#5824 = VERTEX_POINT('',#5825);
#5825 = CARTESIAN_POINT('',(232.35,38.,14.6));
#5826 = LINE('',#5827,#5828);
#5827 = CARTESIAN_POINT('',(232.35,38.,14.6));
#5828 = VECTOR('',#5829,1.);
#5829 = DIRECTION('',(1.,0.,-0.));
#5830 = ORIENTED_EDGE('',*,*,#5831,.F.);
#5831 = EDGE_CURVE('',#5832,#5824,#5834,.T.);
#5832 = VERTEX_POINT('',#5833);
#5833 = CARTESIAN_POINT('',(232.35,38.,10.));
#5834 = LINE('',#5835,#5836);
#5835 = CARTESIAN_POINT('',(232.35,38.,1.6));
#5836 = VECTOR('',#5837,1.);
#5837 = DIRECTION('',(0.,0.,1.));
#5838 = ORIENTED_EDGE('',*,*,#5839,.F.);
#5839 = EDGE_CURVE('',#5840,#5832,#5842,.T.);
#5840 = VERTEX_POINT('',#5841);
#5841 = CARTESIAN_POINT('',(109.,38.,10.));
#5842 = LINE('',#5843,#5844);
#5843 = CARTESIAN_POINT('',(104.,38.,10.));
#5844 = VECTOR('',#5845,1.);
#5845 = DIRECTION('',(1.,0.,-0.));
#5846 = ORIENTED_EDGE('',*,*,#5847,.T.);
#5847 = EDGE_CURVE('',#5840,#5848,#5850,.T.);
#5848 = VERTEX_POINT('',#5849);
#5849 = CARTESIAN_POINT('',(109.,38.,14.6));
#5850 = LINE('',#5851,#5852);
#5851 = CARTESIAN_POINT('',(109.,38.,1.6));
#5852 = VECTOR('',#5853,1.);
#5853 = DIRECTION('',(0.,0.,1.));
#5854 = ORIENTED_EDGE('',*,*,#5855,.F.);
#5855 = EDGE_CURVE('',#5856,#5848,#5858,.T.);
#5856 = VERTEX_POINT('',#5857);
#5857 = CARTESIAN_POINT('',(104.,38.,14.6));
#5858 = LINE('',#5859,#5860);
#5859 = CARTESIAN_POINT('',(104.,38.,14.6));
#5860 = VECTOR('',#5861,1.);
#5861 = DIRECTION('',(1.,0.,-0.));
#5862 = ORIENTED_EDGE('',*,*,#5863,.F.);
#5863 = EDGE_CURVE('',#989,#5856,#5864,.T.);
#5864 = LINE('',#5865,#5866);
#5865 = CARTESIAN_POINT('',(104.,38.,1.6));
#5866 = VECTOR('',#5867,1.);
#5867 = DIRECTION('',(0.,0.,1.));
#5868 = PLANE('',#5869);
#5869 = AXIS2_PLACEMENT_3D('',#5870,#5871,#5872);
#5870 = CARTESIAN_POINT('',(170.675,38.,6.348526001987));
#5871 = DIRECTION('',(-0.,-1.,-0.));
#5872 = DIRECTION('',(0.,0.,-1.));
#5873 = ADVANCED_FACE('',(#5874),#5899,.T.);
#5874 = FACE_BOUND('',#5875,.T.);
#5875 = EDGE_LOOP('',(#5876,#5884,#5885,#5893));
#5876 = ORIENTED_EDGE('',*,*,#5877,.F.);
#5877 = EDGE_CURVE('',#5840,#5878,#5880,.T.);
#5878 = VERTEX_POINT('',#5879);
#5879 = CARTESIAN_POINT('',(109.,44.2,10.));
#5880 = LINE('',#5881,#5882);
#5881 = CARTESIAN_POINT('',(109.,38.,10.));
#5882 = VECTOR('',#5883,1.);
#5883 = DIRECTION('',(-0.,1.,0.));
#5884 = ORIENTED_EDGE('',*,*,#5839,.T.);
#5885 = ORIENTED_EDGE('',*,*,#5886,.T.);
#5886 = EDGE_CURVE('',#5832,#5887,#5889,.T.);
#5887 = VERTEX_POINT('',#5888);
#5888 = CARTESIAN_POINT('',(232.35,44.2,10.));
#5889 = LINE('',#5890,#5891);
#5890 = CARTESIAN_POINT('',(232.35,38.,10.));
#5891 = VECTOR('',#5892,1.);
#5892 = DIRECTION('',(-0.,1.,0.));
#5893 = ORIENTED_EDGE('',*,*,#5894,.F.);
#5894 = EDGE_CURVE('',#5878,#5887,#5895,.T.);
#5895 = LINE('',#5896,#5897);
#5896 = CARTESIAN_POINT('',(104.,44.2,10.));
#5897 = VECTOR('',#5898,1.);
#5898 = DIRECTION('',(1.,0.,-0.));
#5899 = PLANE('',#5900);
#5900 = AXIS2_PLACEMENT_3D('',#5901,#5902,#5903);
#5901 = CARTESIAN_POINT('',(104.,38.,10.));
#5902 = DIRECTION('',(0.,0.,1.));
#5903 = DIRECTION('',(1.,0.,-0.));
#5904 = ADVANCED_FACE('',(#5905),#5923,.T.);
#5905 = FACE_BOUND('',#5906,.T.);
#5906 = EDGE_LOOP('',(#5907,#5908,#5909,#5917));
#5907 = ORIENTED_EDGE('',*,*,#5847,.F.);
#5908 = ORIENTED_EDGE('',*,*,#5877,.T.);
#5909 = ORIENTED_EDGE('',*,*,#5910,.T.);
#5910 = EDGE_CURVE('',#5878,#5911,#5913,.T.);
#5911 = VERTEX_POINT('',#5912);
#5912 = CARTESIAN_POINT('',(109.,44.2,14.6));
#5913 = LINE('',#5914,#5915);
#5914 = CARTESIAN_POINT('',(109.,44.2,1.6));
#5915 = VECTOR('',#5916,1.);
#5916 = DIRECTION('',(0.,0.,1.));
#5917 = ORIENTED_EDGE('',*,*,#5918,.F.);
#5918 = EDGE_CURVE('',#5848,#5911,#5919,.T.);
#5919 = LINE('',#5920,#5921);
#5920 = CARTESIAN_POINT('',(109.,38.,14.6));
#5921 = VECTOR('',#5922,1.);
#5922 = DIRECTION('',(-0.,1.,0.));
#5923 = PLANE('',#5924);
#5924 = AXIS2_PLACEMENT_3D('',#5925,#5926,#5927);
#5925 = CARTESIAN_POINT('',(109.,38.,1.6));
#5926 = DIRECTION('',(1.,0.,-0.));
#5927 = DIRECTION('',(0.,0.,1.));
#5928 = ADVANCED_FACE('',(#5929),#5947,.T.);
#5929 = FACE_BOUND('',#5930,.T.);
#5930 = EDGE_LOOP('',(#5931,#5939,#5940,#5941));
#5931 = ORIENTED_EDGE('',*,*,#5932,.F.);
#5932 = EDGE_CURVE('',#5856,#5933,#5935,.T.);
#5933 = VERTEX_POINT('',#5934);
#5934 = CARTESIAN_POINT('',(104.,44.2,14.6));
#5935 = LINE('',#5936,#5937);
#5936 = CARTESIAN_POINT('',(104.,38.,14.6));
#5937 = VECTOR('',#5938,1.);
#5938 = DIRECTION('',(-0.,1.,0.));
#5939 = ORIENTED_EDGE('',*,*,#5855,.T.);
#5940 = ORIENTED_EDGE('',*,*,#5918,.T.);
#5941 = ORIENTED_EDGE('',*,*,#5942,.F.);
#5942 = EDGE_CURVE('',#5933,#5911,#5943,.T.);
#5943 = LINE('',#5944,#5945);
#5944 = CARTESIAN_POINT('',(104.,44.2,14.6));
#5945 = VECTOR('',#5946,1.);
#5946 = DIRECTION('',(1.,0.,-0.));
#5947 = PLANE('',#5948);
#5948 = AXIS2_PLACEMENT_3D('',#5949,#5950,#5951);
#5949 = CARTESIAN_POINT('',(104.,38.,14.6));
#5950 = DIRECTION('',(0.,0.,1.));
#5951 = DIRECTION('',(1.,0.,-0.));
#5952 = ADVANCED_FACE('',(#5953),#5971,.F.);
#5953 = FACE_BOUND('',#5954,.F.);
#5954 = EDGE_LOOP('',(#5955,#5956,#5957,#5965));
#5955 = ORIENTED_EDGE('',*,*,#5831,.F.);
#5956 = ORIENTED_EDGE('',*,*,#5886,.T.);
#5957 = ORIENTED_EDGE('',*,*,#5958,.T.);
#5958 = EDGE_CURVE('',#5887,#5959,#5961,.T.);
#5959 = VERTEX_POINT('',#5960);
#5960 = CARTESIAN_POINT('',(232.35,44.2,14.6));
#5961 = LINE('',#5962,#5963);
#5962 = CARTESIAN_POINT('',(232.35,44.2,1.6));
#5963 = VECTOR('',#5964,1.);
#5964 = DIRECTION('',(0.,0.,1.));
#5965 = ORIENTED_EDGE('',*,*,#5966,.F.);
#5966 = EDGE_CURVE('',#5824,#5959,#5967,.T.);
#5967 = LINE('',#5968,#5969);
#5968 = CARTESIAN_POINT('',(232.35,38.,14.6));
#5969 = VECTOR('',#5970,1.);
#5970 = DIRECTION('',(-0.,1.,0.));
#5971 = PLANE('',#5972);
#5972 = AXIS2_PLACEMENT_3D('',#5973,#5974,#5975);
#5973 = CARTESIAN_POINT('',(232.35,38.,1.6));
#5974 = DIRECTION('',(1.,0.,-0.));
#5975 = DIRECTION('',(0.,0.,1.));
#5976 = ADVANCED_FACE('',(#5977),#5995,.T.);
#5977 = FACE_BOUND('',#5978,.T.);
#5978 = EDGE_LOOP('',(#5979,#5980,#5981,#5989));
#5979 = ORIENTED_EDGE('',*,*,#5966,.F.);
#5980 = ORIENTED_EDGE('',*,*,#5823,.T.);
#5981 = ORIENTED_EDGE('',*,*,#5982,.T.);
#5982 = EDGE_CURVE('',#5816,#5983,#5985,.T.);
#5983 = VERTEX_POINT('',#5984);
#5984 = CARTESIAN_POINT('',(237.35,44.2,14.6));
#5985 = LINE('',#5986,#5987);
#5986 = CARTESIAN_POINT('',(237.35,38.,14.6));
#5987 = VECTOR('',#5988,1.);
#5988 = DIRECTION('',(-0.,1.,0.));
#5989 = ORIENTED_EDGE('',*,*,#5990,.F.);
#5990 = EDGE_CURVE('',#5959,#5983,#5991,.T.);
#5991 = LINE('',#5992,#5993);
#5992 = CARTESIAN_POINT('',(232.35,44.2,14.6));
#5993 = VECTOR('',#5994,1.);
#5994 = DIRECTION('',(1.,0.,-0.));
#5995 = PLANE('',#5996);
#5996 = AXIS2_PLACEMENT_3D('',#5997,#5998,#5999);
#5997 = CARTESIAN_POINT('',(232.35,38.,14.6));
#5998 = DIRECTION('',(0.,0.,1.));
#5999 = DIRECTION('',(1.,0.,-0.));
#6000 = ADVANCED_FACE('',(#6001),#6012,.T.);
#6001 = FACE_BOUND('',#6002,.T.);
#6002 = EDGE_LOOP('',(#6003,#6004,#6005,#6011));
#6003 = ORIENTED_EDGE('',*,*,#5863,.T.);
#6004 = ORIENTED_EDGE('',*,*,#5932,.T.);
#6005 = ORIENTED_EDGE('',*,*,#6006,.F.);
#6006 = EDGE_CURVE('',#991,#5933,#6007,.T.);
#6007 = LINE('',#6008,#6009);
#6008 = CARTESIAN_POINT('',(104.,44.2,1.6));
#6009 = VECTOR('',#6010,1.);
#6010 = DIRECTION('',(0.,0.,1.));
#6011 = ORIENTED_EDGE('',*,*,#988,.F.);
#6012 = PLANE('',#6013);
#6013 = AXIS2_PLACEMENT_3D('',#6014,#6015,#6016);
#6014 = CARTESIAN_POINT('',(104.,41.1,8.1));
#6015 = DIRECTION('',(-1.,-0.,-0.));
#6016 = DIRECTION('',(0.,0.,-1.));
#6017 = ADVANCED_FACE('',(#6018),#6034,.T.);
#6018 = FACE_BOUND('',#6019,.T.);
#6019 = EDGE_LOOP('',(#6020,#6026,#6027,#6033));
#6020 = ORIENTED_EDGE('',*,*,#6021,.T.);
#6021 = EDGE_CURVE('',#1073,#712,#6022,.T.);
#6022 = LINE('',#6023,#6024);
#6023 = CARTESIAN_POINT('',(104.,59.,1.6));
#6024 = VECTOR('',#6025,1.);
#6025 = DIRECTION('',(0.,0.,1.));
#6026 = ORIENTED_EDGE('',*,*,#711,.T.);
#6027 = ORIENTED_EDGE('',*,*,#6028,.F.);
#6028 = EDGE_CURVE('',#1075,#714,#6029,.T.);
#6029 = LINE('',#6030,#6031);
#6030 = CARTESIAN_POINT('',(104.,65.2,1.6));
#6031 = VECTOR('',#6032,1.);
#6032 = DIRECTION('',(0.,0.,1.));
#6033 = ORIENTED_EDGE('',*,*,#1072,.F.);
#6034 = PLANE('',#6035);
#6035 = AXIS2_PLACEMENT_3D('',#6036,#6037,#6038);
#6036 = CARTESIAN_POINT('',(104.,62.1,8.1));
#6037 = DIRECTION('',(-1.,-0.,-0.));
#6038 = DIRECTION('',(0.,0.,-1.));
#6039 = ADVANCED_FACE('',(#6040),#6055,.T.);
#6040 = FACE_BOUND('',#6041,.T.);
#6041 = EDGE_LOOP('',(#6042,#6043,#6044,#6045,#6046,#6047,#6048,#6049));
#6042 = ORIENTED_EDGE('',*,*,#998,.F.);
#6043 = ORIENTED_EDGE('',*,*,#6006,.T.);
#6044 = ORIENTED_EDGE('',*,*,#5942,.T.);
#6045 = ORIENTED_EDGE('',*,*,#5910,.F.);
#6046 = ORIENTED_EDGE('',*,*,#5894,.T.);
#6047 = ORIENTED_EDGE('',*,*,#5958,.T.);
#6048 = ORIENTED_EDGE('',*,*,#5990,.T.);
#6049 = ORIENTED_EDGE('',*,*,#6050,.F.);
#6050 = EDGE_CURVE('',#999,#5983,#6051,.T.);
#6051 = LINE('',#6052,#6053);
#6052 = CARTESIAN_POINT('',(237.35,44.2,1.6));
#6053 = VECTOR('',#6054,1.);
#6054 = DIRECTION('',(0.,0.,1.));
#6055 = PLANE('',#6056);
#6056 = AXIS2_PLACEMENT_3D('',#6057,#6058,#6059);
#6057 = CARTESIAN_POINT('',(170.675,44.2,6.348526001987));
#6058 = DIRECTION('',(0.,1.,0.));
#6059 = DIRECTION('',(0.,-0.,1.));
#6060 = ADVANCED_FACE('',(#6061),#6067,.T.);
#6061 = FACE_BOUND('',#6062,.T.);
#6062 = EDGE_LOOP('',(#6063,#6064,#6065,#6066));
#6063 = ORIENTED_EDGE('',*,*,#5815,.F.);
#6064 = ORIENTED_EDGE('',*,*,#1006,.T.);
#6065 = ORIENTED_EDGE('',*,*,#6050,.T.);
#6066 = ORIENTED_EDGE('',*,*,#5982,.F.);
#6067 = PLANE('',#6068);
#6068 = AXIS2_PLACEMENT_3D('',#6069,#6070,#6071);
#6069 = CARTESIAN_POINT('',(237.35,41.1,8.1));
#6070 = DIRECTION('',(1.,0.,0.));
#6071 = DIRECTION('',(-0.,0.,1.));
#6072 = ADVANCED_FACE('',(#6073),#6089,.T.);
#6073 = FACE_BOUND('',#6074,.T.);
#6074 = EDGE_LOOP('',(#6075,#6076,#6082,#6083));
#6075 = ORIENTED_EDGE('',*,*,#1031,.T.);
#6076 = ORIENTED_EDGE('',*,*,#6077,.T.);
#6077 = EDGE_CURVE('',#1024,#359,#6078,.T.);
#6078 = LINE('',#6079,#6080);
#6079 = CARTESIAN_POINT('',(237.35,54.7,1.6));
#6080 = VECTOR('',#6081,1.);
#6081 = DIRECTION('',(0.,0.,1.));
#6082 = ORIENTED_EDGE('',*,*,#358,.F.);
#6083 = ORIENTED_EDGE('',*,*,#6084,.F.);
#6084 = EDGE_CURVE('',#1032,#351,#6085,.T.);
#6085 = LINE('',#6086,#6087);
#6086 = CARTESIAN_POINT('',(237.35,48.5,1.6));
#6087 = VECTOR('',#6088,1.);
#6088 = DIRECTION('',(0.,0.,1.));
#6089 = PLANE('',#6090);
#6090 = AXIS2_PLACEMENT_3D('',#6091,#6092,#6093);
#6091 = CARTESIAN_POINT('',(237.35,51.6,8.1));
#6092 = DIRECTION('',(1.,0.,0.));
#6093 = DIRECTION('',(-0.,0.,1.));
#6094 = ADVANCED_FACE('',(#6095),#6111,.T.);
#6095 = FACE_BOUND('',#6096,.T.);
#6096 = EDGE_LOOP('',(#6097,#6098,#6104,#6105));
#6097 = ORIENTED_EDGE('',*,*,#1056,.T.);
#6098 = ORIENTED_EDGE('',*,*,#6099,.T.);
#6099 = EDGE_CURVE('',#1049,#164,#6100,.T.);
#6100 = LINE('',#6101,#6102);
#6101 = CARTESIAN_POINT('',(237.35,75.7,1.6));
#6102 = VECTOR('',#6103,1.);
#6103 = DIRECTION('',(0.,0.,1.));
#6104 = ORIENTED_EDGE('',*,*,#163,.F.);
#6105 = ORIENTED_EDGE('',*,*,#6106,.F.);
#6106 = EDGE_CURVE('',#1057,#156,#6107,.T.);
#6107 = LINE('',#6108,#6109);
#6108 = CARTESIAN_POINT('',(237.35,69.5,1.6));
#6109 = VECTOR('',#6110,1.);
#6110 = DIRECTION('',(0.,0.,1.));
#6111 = PLANE('',#6112);
#6112 = AXIS2_PLACEMENT_3D('',#6113,#6114,#6115);
#6113 = CARTESIAN_POINT('',(237.35,72.6,8.1));
#6114 = DIRECTION('',(1.,0.,0.));
#6115 = DIRECTION('',(-0.,0.,1.));
#6116 = ADVANCED_FACE('',(#6117),#6130,.T.);
#6117 = FACE_BOUND('',#6118,.T.);
#6118 = EDGE_LOOP('',(#6119,#6120,#6121,#6127,#6128,#6129));
#6119 = ORIENTED_EDGE('',*,*,#2053,.F.);
#6120 = ORIENTED_EDGE('',*,*,#1090,.T.);
#6121 = ORIENTED_EDGE('',*,*,#6122,.T.);
#6122 = EDGE_CURVE('',#1083,#4715,#6123,.T.);
#6123 = LINE('',#6124,#6125);
#6124 = CARTESIAN_POINT('',(237.35,65.2,1.6));
#6125 = VECTOR('',#6126,1.);
#6126 = DIRECTION('',(0.,0.,1.));
#6127 = ORIENTED_EDGE('',*,*,#4714,.F.);
#6128 = ORIENTED_EDGE('',*,*,#4739,.F.);
#6129 = ORIENTED_EDGE('',*,*,#3295,.F.);
#6130 = PLANE('',#6131);
#6131 = AXIS2_PLACEMENT_3D('',#6132,#6133,#6134);
#6132 = CARTESIAN_POINT('',(237.35,63.908854166667,9.908854166667));
#6133 = DIRECTION('',(1.,0.,0.));
#6134 = DIRECTION('',(-0.,0.,1.));
#6135 = ADVANCED_FACE('',(#6136),#6149,.T.);
#6136 = FACE_BOUND('',#6137,.T.);
#6137 = EDGE_LOOP('',(#6138,#6139,#6140,#6146,#6147,#6148));
#6138 = ORIENTED_EDGE('',*,*,#2714,.F.);
#6139 = ORIENTED_EDGE('',*,*,#1472,.T.);
#6140 = ORIENTED_EDGE('',*,*,#6141,.T.);
#6141 = EDGE_CURVE('',#1465,#5551,#6142,.T.);
#6142 = LINE('',#6143,#6144);
#6143 = CARTESIAN_POINT('',(237.35,230.2,1.6));
#6144 = VECTOR('',#6145,1.);
#6145 = DIRECTION('',(0.,0.,1.));
#6146 = ORIENTED_EDGE('',*,*,#5550,.F.);
#6147 = ORIENTED_EDGE('',*,*,#5534,.F.);
#6148 = ORIENTED_EDGE('',*,*,#3834,.F.);
#6149 = PLANE('',#6150);
#6150 = AXIS2_PLACEMENT_3D('',#6151,#6152,#6153);
#6151 = CARTESIAN_POINT('',(237.35,228.178125,9.178125));
#6152 = DIRECTION('',(1.,0.,0.));
#6153 = DIRECTION('',(-0.,0.,1.));
#6154 = ADVANCED_FACE('',(#6155),#6175,.T.);
#6155 = FACE_BOUND('',#6156,.T.);
#6156 = EDGE_LOOP('',(#6157,#6158,#6159,#6160,#6161,#6162,#6168,#6169));
#6157 = ORIENTED_EDGE('',*,*,#1440,.T.);
#6158 = ORIENTED_EDGE('',*,*,#3105,.F.);
#6159 = ORIENTED_EDGE('',*,*,#4096,.T.);
#6160 = ORIENTED_EDGE('',*,*,#4128,.T.);
#6161 = ORIENTED_EDGE('',*,*,#4162,.T.);
#6162 = ORIENTED_EDGE('',*,*,#6163,.T.);
#6163 = EDGE_CURVE('',#4155,#5671,#6164,.T.);
#6164 = LINE('',#6165,#6166);
#6165 = CARTESIAN_POINT('',(237.35,240.7,1.6));
#6166 = VECTOR('',#6167,1.);
#6167 = DIRECTION('',(0.,0.,1.));
#6168 = ORIENTED_EDGE('',*,*,#5670,.F.);
#6169 = ORIENTED_EDGE('',*,*,#6170,.F.);
#6170 = EDGE_CURVE('',#1441,#5663,#6171,.T.);
#6171 = LINE('',#6172,#6173);
#6172 = CARTESIAN_POINT('',(237.35,234.5,1.6));
#6173 = VECTOR('',#6174,1.);
#6174 = DIRECTION('',(0.,0.,1.));
#6175 = PLANE('',#6176);
#6176 = AXIS2_PLACEMENT_3D('',#6177,#6178,#6179);
#6177 = CARTESIAN_POINT('',(237.35,237.276,8.656));
#6178 = DIRECTION('',(1.,0.,0.));
#6179 = DIRECTION('',(-0.,0.,1.));
#6180 = ADVANCED_FACE('',(#6181),#6193,.T.);
#6181 = FACE_BOUND('',#6182,.T.);
#6182 = EDGE_LOOP('',(#6183,#6184,#6185,#6186,#6187,#6188,#6189,#6190,
    #6191,#6192));
#6183 = ORIENTED_EDGE('',*,*,#5606,.F.);
#6184 = ORIENTED_EDGE('',*,*,#4562,.T.);
#6185 = ORIENTED_EDGE('',*,*,#4608,.T.);
#6186 = ORIENTED_EDGE('',*,*,#4624,.T.);
#6187 = ORIENTED_EDGE('',*,*,#4649,.F.);
#6188 = ORIENTED_EDGE('',*,*,#4072,.T.);
#6189 = ORIENTED_EDGE('',*,*,#2897,.T.);
#6190 = ORIENTED_EDGE('',*,*,#4050,.F.);
#6191 = ORIENTED_EDGE('',*,*,#5582,.T.);
#6192 = ORIENTED_EDGE('',*,*,#5622,.F.);
#6193 = PLANE('',#6194);
#6194 = AXIS2_PLACEMENT_3D('',#6195,#6196,#6197);
#6195 = CARTESIAN_POINT('',(237.35,258.1284375,10.5703125));
#6196 = DIRECTION('',(1.,0.,0.));
#6197 = DIRECTION('',(-0.,0.,1.));
#6198 = ADVANCED_FACE('',(#6199),#6216,.T.);
#6199 = FACE_BOUND('',#6200,.T.);
#6200 = EDGE_LOOP('',(#6201,#6202,#6203,#6204,#6205,#6206,#6207,#6208,
    #6209,#6210));
#6201 = ORIENTED_EDGE('',*,*,#4274,.T.);
#6202 = ORIENTED_EDGE('',*,*,#4297,.F.);
#6203 = ORIENTED_EDGE('',*,*,#4320,.T.);
#6204 = ORIENTED_EDGE('',*,*,#4352,.T.);
#6205 = ORIENTED_EDGE('',*,*,#4368,.T.);
#6206 = ORIENTED_EDGE('',*,*,#4393,.F.);
#6207 = ORIENTED_EDGE('',*,*,#4450,.T.);
#6208 = ORIENTED_EDGE('',*,*,#5647,.T.);
#6209 = ORIENTED_EDGE('',*,*,#5775,.F.);
#6210 = ORIENTED_EDGE('',*,*,#6211,.F.);
#6211 = EDGE_CURVE('',#4275,#5768,#6212,.T.);
#6212 = LINE('',#6213,#6214);
#6213 = CARTESIAN_POINT('',(237.35,245.,1.6));
#6214 = VECTOR('',#6215,1.);
#6215 = DIRECTION('',(0.,0.,1.));
#6216 = PLANE('',#6217);
#6217 = AXIS2_PLACEMENT_3D('',#6218,#6219,#6220);
#6218 = CARTESIAN_POINT('',(237.35,247.56788990825,9.620183486239));
#6219 = DIRECTION('',(1.,0.,0.));
#6220 = DIRECTION('',(-0.,0.,1.));
#6221 = ADVANCED_FACE('',(#6222),#6232,.T.);
#6222 = FACE_BOUND('',#6223,.T.);
#6223 = EDGE_LOOP('',(#6224,#6225,#6226,#6227,#6228,#6229,#6230,#6231));
#6224 = ORIENTED_EDGE('',*,*,#1039,.T.);
#6225 = ORIENTED_EDGE('',*,*,#6084,.T.);
#6226 = ORIENTED_EDGE('',*,*,#350,.F.);
#6227 = ORIENTED_EDGE('',*,*,#318,.F.);
#6228 = ORIENTED_EDGE('',*,*,#226,.F.);
#6229 = ORIENTED_EDGE('',*,*,#256,.T.);
#6230 = ORIENTED_EDGE('',*,*,#297,.F.);
#6231 = ORIENTED_EDGE('',*,*,#380,.F.);
#6232 = PLANE('',#6233);
#6233 = AXIS2_PLACEMENT_3D('',#6234,#6235,#6236);
#6234 = CARTESIAN_POINT('',(170.675,48.5,6.348526001987));
#6235 = DIRECTION('',(-0.,-1.,-0.));
#6236 = DIRECTION('',(0.,0.,-1.));
#6237 = ADVANCED_FACE('',(#6238),#6248,.T.);
#6238 = FACE_BOUND('',#6239,.T.);
#6239 = EDGE_LOOP('',(#6240,#6241,#6242,#6243,#6244,#6245,#6246,#6247));
#6240 = ORIENTED_EDGE('',*,*,#1023,.F.);
#6241 = ORIENTED_EDGE('',*,*,#389,.T.);
#6242 = ORIENTED_EDGE('',*,*,#304,.T.);
#6243 = ORIENTED_EDGE('',*,*,#265,.F.);
#6244 = ORIENTED_EDGE('',*,*,#242,.T.);
#6245 = ORIENTED_EDGE('',*,*,#327,.T.);
#6246 = ORIENTED_EDGE('',*,*,#366,.T.);
#6247 = ORIENTED_EDGE('',*,*,#6077,.F.);
#6248 = PLANE('',#6249);
#6249 = AXIS2_PLACEMENT_3D('',#6250,#6251,#6252);
#6250 = CARTESIAN_POINT('',(170.675,54.7,6.348526001987));
#6251 = DIRECTION('',(0.,1.,0.));
#6252 = DIRECTION('',(0.,-0.,1.));
#6253 = ADVANCED_FACE('',(#6254),#6264,.T.);
#6254 = FACE_BOUND('',#6255,.T.);
#6255 = EDGE_LOOP('',(#6256,#6257,#6258,#6259,#6260,#6261,#6262,#6263));
#6256 = ORIENTED_EDGE('',*,*,#1064,.T.);
#6257 = ORIENTED_EDGE('',*,*,#6106,.T.);
#6258 = ORIENTED_EDGE('',*,*,#155,.F.);
#6259 = ORIENTED_EDGE('',*,*,#123,.F.);
#6260 = ORIENTED_EDGE('',*,*,#31,.F.);
#6261 = ORIENTED_EDGE('',*,*,#61,.T.);
#6262 = ORIENTED_EDGE('',*,*,#102,.F.);
#6263 = ORIENTED_EDGE('',*,*,#185,.F.);
#6264 = PLANE('',#6265);
#6265 = AXIS2_PLACEMENT_3D('',#6266,#6267,#6268);
#6266 = CARTESIAN_POINT('',(170.675,69.5,6.348526001987));
#6267 = DIRECTION('',(-0.,-1.,-0.));
#6268 = DIRECTION('',(0.,0.,-1.));
#6269 = ADVANCED_FACE('',(#6270),#6280,.T.);
#6270 = FACE_BOUND('',#6271,.T.);
#6271 = EDGE_LOOP('',(#6272,#6273,#6274,#6275,#6276,#6277,#6278,#6279));
#6272 = ORIENTED_EDGE('',*,*,#1048,.F.);
#6273 = ORIENTED_EDGE('',*,*,#194,.T.);
#6274 = ORIENTED_EDGE('',*,*,#109,.T.);
#6275 = ORIENTED_EDGE('',*,*,#70,.F.);
#6276 = ORIENTED_EDGE('',*,*,#47,.T.);
#6277 = ORIENTED_EDGE('',*,*,#132,.T.);
#6278 = ORIENTED_EDGE('',*,*,#171,.T.);
#6279 = ORIENTED_EDGE('',*,*,#6099,.F.);
#6280 = PLANE('',#6281);
#6281 = AXIS2_PLACEMENT_3D('',#6282,#6283,#6284);
#6282 = CARTESIAN_POINT('',(170.675,75.7,6.348526001987));
#6283 = DIRECTION('',(0.,1.,0.));
#6284 = DIRECTION('',(0.,-0.,1.));
#6285 = ADVANCED_FACE('',(#6286),#6299,.T.);
#6286 = FACE_BOUND('',#6287,.T.);
#6287 = EDGE_LOOP('',(#6288,#6289,#6295,#6296,#6297,#6298));
#6288 = ORIENTED_EDGE('',*,*,#1130,.T.);
#6289 = ORIENTED_EDGE('',*,*,#6290,.F.);
#6290 = EDGE_CURVE('',#635,#1123,#6291,.T.);
#6291 = LINE('',#6292,#6293);
#6292 = CARTESIAN_POINT('',(212.,59.,1.6));
#6293 = VECTOR('',#6294,1.);
#6294 = DIRECTION('',(-0.,0.,-1.));
#6295 = ORIENTED_EDGE('',*,*,#634,.F.);
#6296 = ORIENTED_EDGE('',*,*,#680,.T.);
#6297 = ORIENTED_EDGE('',*,*,#721,.F.);
#6298 = ORIENTED_EDGE('',*,*,#6021,.F.);
#6299 = PLANE('',#6300);
#6300 = AXIS2_PLACEMENT_3D('',#6301,#6302,#6303);
#6301 = CARTESIAN_POINT('',(156.04214876033,59.,6.142148760331));
#6302 = DIRECTION('',(-0.,-1.,-0.));
#6303 = DIRECTION('',(0.,0.,-1.));
#6304 = ADVANCED_FACE('',(#6305),#6315,.T.);
#6305 = FACE_BOUND('',#6306,.T.);
#6306 = EDGE_LOOP('',(#6307,#6308,#6309,#6310,#6311,#6312,#6313,#6314));
#6307 = ORIENTED_EDGE('',*,*,#1082,.F.);
#6308 = ORIENTED_EDGE('',*,*,#6028,.T.);
#6309 = ORIENTED_EDGE('',*,*,#728,.T.);
#6310 = ORIENTED_EDGE('',*,*,#689,.F.);
#6311 = ORIENTED_EDGE('',*,*,#666,.T.);
#6312 = ORIENTED_EDGE('',*,*,#767,.T.);
#6313 = ORIENTED_EDGE('',*,*,#4722,.T.);
#6314 = ORIENTED_EDGE('',*,*,#6122,.F.);
#6315 = PLANE('',#6316);
#6316 = AXIS2_PLACEMENT_3D('',#6317,#6318,#6319);
#6317 = CARTESIAN_POINT('',(170.675,65.2,6.348526001987));
#6318 = DIRECTION('',(0.,1.,0.));
#6319 = DIRECTION('',(0.,-0.,1.));
#6320 = ADVANCED_FACE('',(#6321),#6339,.T.);
#6321 = FACE_BOUND('',#6322,.T.);
#6322 = EDGE_LOOP('',(#6323,#6329,#6330,#6336,#6337,#6338));
#6323 = ORIENTED_EDGE('',*,*,#6324,.T.);
#6324 = EDGE_CURVE('',#1115,#554,#6325,.T.);
#6325 = LINE('',#6326,#6327);
#6326 = CARTESIAN_POINT('',(212.,56.64,1.6));
#6327 = VECTOR('',#6328,1.);
#6328 = DIRECTION('',(0.,0.,1.));
#6329 = ORIENTED_EDGE('',*,*,#553,.T.);
#6330 = ORIENTED_EDGE('',*,*,#6331,.F.);
#6331 = EDGE_CURVE('',#643,#556,#6332,.T.);
#6332 = LINE('',#6333,#6334);
#6333 = CARTESIAN_POINT('',(212.,65.04,1.6));
#6334 = VECTOR('',#6335,1.);
#6335 = DIRECTION('',(0.,0.,1.));
#6336 = ORIENTED_EDGE('',*,*,#642,.F.);
#6337 = ORIENTED_EDGE('',*,*,#6290,.T.);
#6338 = ORIENTED_EDGE('',*,*,#1122,.F.);
#6339 = PLANE('',#6340);
#6340 = AXIS2_PLACEMENT_3D('',#6341,#6342,#6343);
#6341 = CARTESIAN_POINT('',(212.,59.800327868852,10.639672131148));
#6342 = DIRECTION('',(-1.,-0.,-0.));
#6343 = DIRECTION('',(0.,0.,-1.));
#6344 = ADVANCED_FACE('',(#6345),#6361,.T.);
#6345 = FACE_BOUND('',#6346,.T.);
#6346 = EDGE_LOOP('',(#6347,#6353,#6354,#6360));
#6347 = ORIENTED_EDGE('',*,*,#6348,.T.);
#6348 = EDGE_CURVE('',#1150,#4785,#6349,.T.);
#6349 = LINE('',#6350,#6351);
#6350 = CARTESIAN_POINT('',(212.,16.,1.6));
#6351 = VECTOR('',#6352,1.);
#6352 = DIRECTION('',(0.,0.,1.));
#6353 = ORIENTED_EDGE('',*,*,#4784,.T.);
#6354 = ORIENTED_EDGE('',*,*,#6355,.F.);
#6355 = EDGE_CURVE('',#1152,#4787,#6356,.T.);
#6356 = LINE('',#6357,#6358);
#6357 = CARTESIAN_POINT('',(212.,24.4,1.6));
#6358 = VECTOR('',#6359,1.);
#6359 = DIRECTION('',(0.,0.,1.));
#6360 = ORIENTED_EDGE('',*,*,#1149,.F.);
#6361 = PLANE('',#6362);
#6362 = AXIS2_PLACEMENT_3D('',#6363,#6364,#6365);
#6363 = CARTESIAN_POINT('',(212.,20.2,9.6));
#6364 = DIRECTION('',(-1.,-0.,-0.));
#6365 = DIRECTION('',(0.,0.,-1.));
#6366 = ADVANCED_FACE('',(#6367),#6383,.T.);
#6367 = FACE_BOUND('',#6368,.T.);
#6368 = EDGE_LOOP('',(#6369,#6375,#6376,#6382));
#6369 = ORIENTED_EDGE('',*,*,#6370,.T.);
#6370 = EDGE_CURVE('',#1195,#4847,#6371,.T.);
#6371 = LINE('',#6372,#6373);
#6372 = CARTESIAN_POINT('',(212.,97.28,1.6));
#6373 = VECTOR('',#6374,1.);
#6374 = DIRECTION('',(0.,0.,1.));
#6375 = ORIENTED_EDGE('',*,*,#4846,.T.);
#6376 = ORIENTED_EDGE('',*,*,#6377,.F.);
#6377 = EDGE_CURVE('',#1197,#4849,#6378,.T.);
#6378 = LINE('',#6379,#6380);
#6379 = CARTESIAN_POINT('',(212.,105.68,1.6));
#6380 = VECTOR('',#6381,1.);
#6381 = DIRECTION('',(0.,0.,1.));
#6382 = ORIENTED_EDGE('',*,*,#1194,.F.);
#6383 = PLANE('',#6384);
#6384 = AXIS2_PLACEMENT_3D('',#6385,#6386,#6387);
#6385 = CARTESIAN_POINT('',(212.,101.48,9.6));
#6386 = DIRECTION('',(-1.,-0.,-0.));
#6387 = DIRECTION('',(0.,0.,-1.));
#6388 = ADVANCED_FACE('',(#6389),#6405,.T.);
#6389 = FACE_BOUND('',#6390,.T.);
#6390 = EDGE_LOOP('',(#6391,#6397,#6398,#6404));
#6391 = ORIENTED_EDGE('',*,*,#6392,.T.);
#6392 = EDGE_CURVE('',#1229,#4909,#6393,.T.);
#6393 = LINE('',#6394,#6395);
#6394 = CARTESIAN_POINT('',(212.,137.92,1.6));
#6395 = VECTOR('',#6396,1.);
#6396 = DIRECTION('',(0.,0.,1.));
#6397 = ORIENTED_EDGE('',*,*,#4908,.T.);
#6398 = ORIENTED_EDGE('',*,*,#6399,.F.);
#6399 = EDGE_CURVE('',#1231,#4911,#6400,.T.);
#6400 = LINE('',#6401,#6402);
#6401 = CARTESIAN_POINT('',(212.,146.32,1.6));
#6402 = VECTOR('',#6403,1.);
#6403 = DIRECTION('',(0.,0.,1.));
#6404 = ORIENTED_EDGE('',*,*,#1228,.F.);
#6405 = PLANE('',#6406);
#6406 = AXIS2_PLACEMENT_3D('',#6407,#6408,#6409);
#6407 = CARTESIAN_POINT('',(212.,142.12,9.6));
#6408 = DIRECTION('',(-1.,-0.,-0.));
#6409 = DIRECTION('',(0.,0.,-1.));
#6410 = ADVANCED_FACE('',(#6411),#6429,.T.);
#6411 = FACE_BOUND('',#6412,.T.);
#6412 = EDGE_LOOP('',(#6413,#6419,#6420,#6426,#6427,#6428));
#6413 = ORIENTED_EDGE('',*,*,#6414,.T.);
#6414 = EDGE_CURVE('',#1497,#483,#6415,.T.);
#6415 = LINE('',#6416,#6417);
#6416 = CARTESIAN_POINT('',(212.,219.2,1.6));
#6417 = VECTOR('',#6418,1.);
#6418 = DIRECTION('',(0.,0.,1.));
#6419 = ORIENTED_EDGE('',*,*,#482,.T.);
#6420 = ORIENTED_EDGE('',*,*,#6421,.F.);
#6421 = EDGE_CURVE('',#3796,#485,#6422,.T.);
#6422 = LINE('',#6423,#6424);
#6423 = CARTESIAN_POINT('',(212.,227.6,1.6));
#6424 = VECTOR('',#6425,1.);
#6425 = DIRECTION('',(0.,0.,1.));
#6426 = ORIENTED_EDGE('',*,*,#3795,.F.);
#6427 = ORIENTED_EDGE('',*,*,#2549,.T.);
#6428 = ORIENTED_EDGE('',*,*,#1504,.F.);
#6429 = PLANE('',#6430);
#6430 = AXIS2_PLACEMENT_3D('',#6431,#6432,#6433);
#6431 = CARTESIAN_POINT('',(212.,222.78032786885,10.219672131148));
#6432 = DIRECTION('',(-1.,-0.,-0.));
#6433 = DIRECTION('',(0.,0.,-1.));
#6434 = ADVANCED_FACE('',(#6435),#6453,.T.);
#6435 = FACE_BOUND('',#6436,.T.);
#6436 = EDGE_LOOP('',(#6437,#6438,#6439,#6445,#6446,#6452));
#6437 = ORIENTED_EDGE('',*,*,#2573,.F.);
#6438 = ORIENTED_EDGE('',*,*,#3533,.F.);
#6439 = ORIENTED_EDGE('',*,*,#6440,.T.);
#6440 = EDGE_CURVE('',#3526,#412,#6441,.T.);
#6441 = LINE('',#6442,#6443);
#6442 = CARTESIAN_POINT('',(212.,259.84,1.6));
#6443 = VECTOR('',#6444,1.);
#6444 = DIRECTION('',(0.,0.,1.));
#6445 = ORIENTED_EDGE('',*,*,#411,.T.);
#6446 = ORIENTED_EDGE('',*,*,#6447,.F.);
#6447 = EDGE_CURVE('',#1361,#414,#6448,.T.);
#6448 = LINE('',#6449,#6450);
#6449 = CARTESIAN_POINT('',(212.,268.24,1.6));
#6450 = VECTOR('',#6451,1.);
#6451 = DIRECTION('',(0.,0.,1.));
#6452 = ORIENTED_EDGE('',*,*,#1360,.F.);
#6453 = PLANE('',#6454);
#6454 = AXIS2_PLACEMENT_3D('',#6455,#6456,#6457);
#6455 = CARTESIAN_POINT('',(212.,264.36016393442,9.920163934426));
#6456 = DIRECTION('',(-1.,-0.,-0.));
#6457 = DIRECTION('',(0.,0.,-1.));
#6458 = ADVANCED_FACE('',(#6459),#6475,.T.);
#6459 = FACE_BOUND('',#6460,.T.);
#6460 = EDGE_LOOP('',(#6461,#6467,#6468,#6474));
#6461 = ORIENTED_EDGE('',*,*,#6462,.T.);
#6462 = EDGE_CURVE('',#1529,#5724,#6463,.T.);
#6463 = LINE('',#6464,#6465);
#6464 = CARTESIAN_POINT('',(212.,178.56,1.6));
#6465 = VECTOR('',#6466,1.);
#6466 = DIRECTION('',(0.,0.,1.));
#6467 = ORIENTED_EDGE('',*,*,#5723,.T.);
#6468 = ORIENTED_EDGE('',*,*,#6469,.F.);
#6469 = EDGE_CURVE('',#1531,#5726,#6470,.T.);
#6470 = LINE('',#6471,#6472);
#6471 = CARTESIAN_POINT('',(212.,186.96,1.6));
#6472 = VECTOR('',#6473,1.);
#6473 = DIRECTION('',(0.,0.,1.));
#6474 = ORIENTED_EDGE('',*,*,#1528,.F.);
#6475 = PLANE('',#6476);
#6476 = AXIS2_PLACEMENT_3D('',#6477,#6478,#6479);
#6477 = CARTESIAN_POINT('',(212.,182.76,9.6));
#6478 = DIRECTION('',(-1.,-0.,-0.));
#6479 = DIRECTION('',(0.,0.,-1.));
#6480 = ADVANCED_FACE('',(#6481),#6489,.T.);
#6481 = FACE_BOUND('',#6482,.T.);
#6482 = EDGE_LOOP('',(#6483,#6484,#6485,#6486,#6487,#6488));
#6483 = ORIENTED_EDGE('',*,*,#1114,.T.);
#6484 = ORIENTED_EDGE('',*,*,#2021,.T.);
#6485 = ORIENTED_EDGE('',*,*,#3287,.F.);
#6486 = ORIENTED_EDGE('',*,*,#593,.T.);
#6487 = ORIENTED_EDGE('',*,*,#563,.F.);
#6488 = ORIENTED_EDGE('',*,*,#6324,.F.);
#6489 = PLANE('',#6490);
#6490 = AXIS2_PLACEMENT_3D('',#6491,#6492,#6493);
#6491 = CARTESIAN_POINT('',(254.72142857142,56.64,7.821428571429));
#6492 = DIRECTION('',(-0.,-1.,-0.));
#6493 = DIRECTION('',(0.,0.,-1.));
#6494 = ADVANCED_FACE('',(#6495),#6503,.T.);
#6495 = FACE_BOUND('',#6496,.T.);
#6496 = EDGE_LOOP('',(#6497,#6498,#6499,#6500,#6501,#6502));
#6497 = ORIENTED_EDGE('',*,*,#650,.T.);
#6498 = ORIENTED_EDGE('',*,*,#6331,.T.);
#6499 = ORIENTED_EDGE('',*,*,#579,.T.);
#6500 = ORIENTED_EDGE('',*,*,#609,.F.);
#6501 = ORIENTED_EDGE('',*,*,#3310,.T.);
#6502 = ORIENTED_EDGE('',*,*,#760,.F.);
#6503 = PLANE('',#6504);
#6504 = AXIS2_PLACEMENT_3D('',#6505,#6506,#6507);
#6505 = CARTESIAN_POINT('',(221.01981216458,65.04,12.64481216458));
#6506 = DIRECTION('',(0.,1.,0.));
#6507 = DIRECTION('',(0.,-0.,1.));
#6508 = ADVANCED_FACE('',(#6509),#6517,.T.);
#6509 = FACE_BOUND('',#6510,.T.);
#6510 = EDGE_LOOP('',(#6511,#6512,#6513,#6514,#6515,#6516));
#6511 = ORIENTED_EDGE('',*,*,#1175,.T.);
#6512 = ORIENTED_EDGE('',*,*,#2093,.T.);
#6513 = ORIENTED_EDGE('',*,*,#3334,.F.);
#6514 = ORIENTED_EDGE('',*,*,#4753,.T.);
#6515 = ORIENTED_EDGE('',*,*,#4794,.F.);
#6516 = ORIENTED_EDGE('',*,*,#6348,.F.);
#6517 = PLANE('',#6518);
#6518 = AXIS2_PLACEMENT_3D('',#6519,#6520,#6521);
#6519 = CARTESIAN_POINT('',(254.72142857142,16.,7.821428571429));
#6520 = DIRECTION('',(-0.,-1.,-0.));
#6521 = DIRECTION('',(0.,0.,-1.));
#6522 = ADVANCED_FACE('',(#6523),#6531,.T.);
#6523 = FACE_BOUND('',#6524,.T.);
#6524 = EDGE_LOOP('',(#6525,#6526,#6527,#6528,#6529,#6530));
#6525 = ORIENTED_EDGE('',*,*,#1159,.F.);
#6526 = ORIENTED_EDGE('',*,*,#6355,.T.);
#6527 = ORIENTED_EDGE('',*,*,#4801,.T.);
#6528 = ORIENTED_EDGE('',*,*,#4762,.F.);
#6529 = ORIENTED_EDGE('',*,*,#3341,.T.);
#6530 = ORIENTED_EDGE('',*,*,#2102,.F.);
#6531 = PLANE('',#6532);
#6532 = AXIS2_PLACEMENT_3D('',#6533,#6534,#6535);
#6533 = CARTESIAN_POINT('',(254.72142857142,24.4,7.821428571429));
#6534 = DIRECTION('',(0.,1.,0.));
#6535 = DIRECTION('',(0.,-0.,1.));
#6536 = ADVANCED_FACE('',(#6537),#6545,.T.);
#6537 = FACE_BOUND('',#6538,.T.);
#6538 = EDGE_LOOP('',(#6539,#6540,#6541,#6542,#6543,#6544));
#6539 = ORIENTED_EDGE('',*,*,#1220,.T.);
#6540 = ORIENTED_EDGE('',*,*,#2141,.T.);
#6541 = ORIENTED_EDGE('',*,*,#3365,.F.);
#6542 = ORIENTED_EDGE('',*,*,#4815,.T.);
#6543 = ORIENTED_EDGE('',*,*,#4856,.F.);
#6544 = ORIENTED_EDGE('',*,*,#6370,.F.);
#6545 = PLANE('',#6546);
#6546 = AXIS2_PLACEMENT_3D('',#6547,#6548,#6549);
#6547 = CARTESIAN_POINT('',(254.72142857142,97.28,7.821428571429));
#6548 = DIRECTION('',(-0.,-1.,-0.));
#6549 = DIRECTION('',(0.,0.,-1.));
#6550 = ADVANCED_FACE('',(#6551),#6559,.T.);
#6551 = FACE_BOUND('',#6552,.T.);
#6552 = EDGE_LOOP('',(#6553,#6554,#6555,#6556,#6557,#6558));
#6553 = ORIENTED_EDGE('',*,*,#1204,.F.);
#6554 = ORIENTED_EDGE('',*,*,#6377,.T.);
#6555 = ORIENTED_EDGE('',*,*,#4863,.T.);
#6556 = ORIENTED_EDGE('',*,*,#4824,.F.);
#6557 = ORIENTED_EDGE('',*,*,#3372,.T.);
#6558 = ORIENTED_EDGE('',*,*,#2150,.F.);
#6559 = PLANE('',#6560);
#6560 = AXIS2_PLACEMENT_3D('',#6561,#6562,#6563);
#6561 = CARTESIAN_POINT('',(254.72142857142,105.68,7.821428571429));
#6562 = DIRECTION('',(0.,1.,0.));
#6563 = DIRECTION('',(0.,-0.,1.));
#6564 = ADVANCED_FACE('',(#6565),#6573,.T.);
#6565 = FACE_BOUND('',#6566,.T.);
#6566 = EDGE_LOOP('',(#6567,#6568,#6569,#6570,#6571,#6572));
#6567 = ORIENTED_EDGE('',*,*,#1254,.T.);
#6568 = ORIENTED_EDGE('',*,*,#2172,.T.);
#6569 = ORIENTED_EDGE('',*,*,#3396,.F.);
#6570 = ORIENTED_EDGE('',*,*,#4877,.T.);
#6571 = ORIENTED_EDGE('',*,*,#4918,.F.);
#6572 = ORIENTED_EDGE('',*,*,#6392,.F.);
#6573 = PLANE('',#6574);
#6574 = AXIS2_PLACEMENT_3D('',#6575,#6576,#6577);
#6575 = CARTESIAN_POINT('',(254.72142857142,137.92,7.821428571429));
#6576 = DIRECTION('',(-0.,-1.,-0.));
#6577 = DIRECTION('',(0.,0.,-1.));
#6578 = ADVANCED_FACE('',(#6579),#6587,.T.);
#6579 = FACE_BOUND('',#6580,.T.);
#6580 = EDGE_LOOP('',(#6581,#6582,#6583,#6584,#6585,#6586));
#6581 = ORIENTED_EDGE('',*,*,#1238,.F.);
#6582 = ORIENTED_EDGE('',*,*,#6399,.T.);
#6583 = ORIENTED_EDGE('',*,*,#4925,.T.);
#6584 = ORIENTED_EDGE('',*,*,#4886,.F.);
#6585 = ORIENTED_EDGE('',*,*,#3403,.T.);
#6586 = ORIENTED_EDGE('',*,*,#2181,.F.);
#6587 = PLANE('',#6588);
#6588 = AXIS2_PLACEMENT_3D('',#6589,#6590,#6591);
#6589 = CARTESIAN_POINT('',(254.72142857142,146.32,7.821428571429));
#6590 = DIRECTION('',(0.,1.,0.));
#6591 = DIRECTION('',(0.,-0.,1.));
#6592 = ADVANCED_FACE('',(#6593),#6601,.T.);
#6593 = FACE_BOUND('',#6594,.T.);
#6594 = EDGE_LOOP('',(#6595,#6596,#6597,#6598,#6599,#6600));
#6595 = ORIENTED_EDGE('',*,*,#1496,.T.);
#6596 = ORIENTED_EDGE('',*,*,#2587,.T.);
#6597 = ORIENTED_EDGE('',*,*,#3826,.F.);
#6598 = ORIENTED_EDGE('',*,*,#522,.T.);
#6599 = ORIENTED_EDGE('',*,*,#492,.F.);
#6600 = ORIENTED_EDGE('',*,*,#6414,.F.);
#6601 = PLANE('',#6602);
#6602 = AXIS2_PLACEMENT_3D('',#6603,#6604,#6605);
#6603 = CARTESIAN_POINT('',(254.72142857142,219.2,7.821428571429));
#6604 = DIRECTION('',(-0.,-1.,-0.));
#6605 = DIRECTION('',(0.,0.,-1.));
#6606 = ADVANCED_FACE('',(#6607),#6619,.T.);
#6607 = FACE_BOUND('',#6608,.T.);
#6608 = EDGE_LOOP('',(#6609,#6610,#6611,#6612,#6613,#6614,#6615,#6616,
    #6617,#6618));
#6609 = ORIENTED_EDGE('',*,*,#1368,.F.);
#6610 = ORIENTED_EDGE('',*,*,#6447,.T.);
#6611 = ORIENTED_EDGE('',*,*,#437,.T.);
#6612 = ORIENTED_EDGE('',*,*,#467,.F.);
#6613 = ORIENTED_EDGE('',*,*,#4058,.T.);
#6614 = ORIENTED_EDGE('',*,*,#2858,.F.);
#6615 = ORIENTED_EDGE('',*,*,#1400,.F.);
#6616 = ORIENTED_EDGE('',*,*,#2761,.T.);
#6617 = ORIENTED_EDGE('',*,*,#3873,.T.);
#6618 = ORIENTED_EDGE('',*,*,#2618,.F.);
#6619 = PLANE('',#6620);
#6620 = AXIS2_PLACEMENT_3D('',#6621,#6622,#6623);
#6621 = CARTESIAN_POINT('',(253.16447368421,268.24,9.343421052632));
#6622 = DIRECTION('',(0.,1.,0.));
#6623 = DIRECTION('',(0.,-0.,1.));
#6624 = ADVANCED_FACE('',(#6625),#6633,.T.);
#6625 = FACE_BOUND('',#6626,.T.);
#6626 = EDGE_LOOP('',(#6627,#6628,#6629,#6630,#6631,#6632));
#6627 = ORIENTED_EDGE('',*,*,#3803,.T.);
#6628 = ORIENTED_EDGE('',*,*,#6421,.T.);
#6629 = ORIENTED_EDGE('',*,*,#508,.T.);
#6630 = ORIENTED_EDGE('',*,*,#538,.F.);
#6631 = ORIENTED_EDGE('',*,*,#3858,.T.);
#6632 = ORIENTED_EDGE('',*,*,#5478,.F.);
#6633 = PLANE('',#6634);
#6634 = AXIS2_PLACEMENT_3D('',#6635,#6636,#6637);
#6635 = CARTESIAN_POINT('',(221.01981216458,227.6,12.64481216458));
#6636 = DIRECTION('',(0.,1.,0.));
#6637 = DIRECTION('',(0.,-0.,1.));
#6638 = ADVANCED_FACE('',(#6639),#6647,.T.);
#6639 = FACE_BOUND('',#6640,.T.);
#6640 = EDGE_LOOP('',(#6641,#6642,#6643,#6644,#6645,#6646));
#6641 = ORIENTED_EDGE('',*,*,#1464,.F.);
#6642 = ORIENTED_EDGE('',*,*,#2406,.T.);
#6643 = ORIENTED_EDGE('',*,*,#3785,.T.);
#6644 = ORIENTED_EDGE('',*,*,#5485,.T.);
#6645 = ORIENTED_EDGE('',*,*,#5558,.T.);
#6646 = ORIENTED_EDGE('',*,*,#6141,.F.);
#6647 = PLANE('',#6648);
#6648 = AXIS2_PLACEMENT_3D('',#6649,#6650,#6651);
#6649 = CARTESIAN_POINT('',(176.6757589447,230.2,6.099241055295));
#6650 = DIRECTION('',(0.,1.,0.));
#6651 = DIRECTION('',(0.,-0.,1.));
#6652 = ADVANCED_FACE('',(#6653),#6663,.T.);
#6653 = FACE_BOUND('',#6654,.T.);
#6654 = EDGE_LOOP('',(#6655,#6656,#6657,#6658,#6659,#6660,#6661,#6662));
#6655 = ORIENTED_EDGE('',*,*,#6440,.F.);
#6656 = ORIENTED_EDGE('',*,*,#3525,.F.);
#6657 = ORIENTED_EDGE('',*,*,#5036,.T.);
#6658 = ORIENTED_EDGE('',*,*,#5510,.F.);
#6659 = ORIENTED_EDGE('',*,*,#5115,.T.);
#6660 = ORIENTED_EDGE('',*,*,#4026,.F.);
#6661 = ORIENTED_EDGE('',*,*,#451,.T.);
#6662 = ORIENTED_EDGE('',*,*,#421,.F.);
#6663 = PLANE('',#6664);
#6664 = AXIS2_PLACEMENT_3D('',#6665,#6666,#6667);
#6665 = CARTESIAN_POINT('',(220.82285330948,259.84,12.841771019678));
#6666 = DIRECTION('',(-0.,-1.,-0.));
#6667 = DIRECTION('',(0.,0.,-1.));
#6668 = ADVANCED_FACE('',(#6669),#6677,.T.);
#6669 = FACE_BOUND('',#6670,.T.);
#6670 = EDGE_LOOP('',(#6671,#6672,#6673,#6674,#6675,#6676));
#6671 = ORIENTED_EDGE('',*,*,#1448,.T.);
#6672 = ORIENTED_EDGE('',*,*,#6170,.T.);
#6673 = ORIENTED_EDGE('',*,*,#5662,.F.);
#6674 = ORIENTED_EDGE('',*,*,#5350,.F.);
#6675 = ORIENTED_EDGE('',*,*,#3723,.F.);
#6676 = ORIENTED_EDGE('',*,*,#2413,.F.);
#6677 = PLANE('',#6678);
#6678 = AXIS2_PLACEMENT_3D('',#6679,#6680,#6681);
#6679 = CARTESIAN_POINT('',(176.6757589447,234.5,6.099241055295));
#6680 = DIRECTION('',(-0.,-1.,-0.));
#6681 = DIRECTION('',(0.,0.,-1.));
#6682 = ADVANCED_FACE('',(#6683),#6691,.T.);
#6683 = FACE_BOUND('',#6684,.T.);
#6684 = EDGE_LOOP('',(#6685,#6686,#6687,#6688,#6689,#6690));
#6685 = ORIENTED_EDGE('',*,*,#1554,.T.);
#6686 = ORIENTED_EDGE('',*,*,#3128,.T.);
#6687 = ORIENTED_EDGE('',*,*,#4675,.F.);
#6688 = ORIENTED_EDGE('',*,*,#5692,.T.);
#6689 = ORIENTED_EDGE('',*,*,#5733,.F.);
#6690 = ORIENTED_EDGE('',*,*,#6462,.F.);
#6691 = PLANE('',#6692);
#6692 = AXIS2_PLACEMENT_3D('',#6693,#6694,#6695);
#6693 = CARTESIAN_POINT('',(254.72142857142,178.56,7.821428571429));
#6694 = DIRECTION('',(-0.,-1.,-0.));
#6695 = DIRECTION('',(0.,0.,-1.));
#6696 = ADVANCED_FACE('',(#6697),#6705,.T.);
#6697 = FACE_BOUND('',#6698,.T.);
#6698 = EDGE_LOOP('',(#6699,#6700,#6701,#6702,#6703,#6704));
#6699 = ORIENTED_EDGE('',*,*,#1538,.F.);
#6700 = ORIENTED_EDGE('',*,*,#6469,.T.);
#6701 = ORIENTED_EDGE('',*,*,#5740,.T.);
#6702 = ORIENTED_EDGE('',*,*,#5701,.F.);
#6703 = ORIENTED_EDGE('',*,*,#4682,.T.);
#6704 = ORIENTED_EDGE('',*,*,#3137,.F.);
#6705 = PLANE('',#6706);
#6706 = AXIS2_PLACEMENT_3D('',#6707,#6708,#6709);
#6707 = CARTESIAN_POINT('',(254.72142857142,186.96,7.821428571429));
#6708 = DIRECTION('',(0.,1.,0.));
#6709 = DIRECTION('',(0.,-0.,1.));
#6710 = ADVANCED_FACE('',(#6711),#6721,.T.);
#6711 = FACE_BOUND('',#6712,.T.);
#6712 = EDGE_LOOP('',(#6713,#6714,#6715,#6716,#6717,#6718,#6719,#6720));
#6713 = ORIENTED_EDGE('',*,*,#3691,.T.);
#6714 = ORIENTED_EDGE('',*,*,#5331,.T.);
#6715 = ORIENTED_EDGE('',*,*,#4282,.F.);
#6716 = ORIENTED_EDGE('',*,*,#6211,.T.);
#6717 = ORIENTED_EDGE('',*,*,#5767,.F.);
#6718 = ORIENTED_EDGE('',*,*,#5203,.F.);
#6719 = ORIENTED_EDGE('',*,*,#3620,.F.);
#6720 = ORIENTED_EDGE('',*,*,#2445,.F.);
#6721 = PLANE('',#6722);
#6722 = AXIS2_PLACEMENT_3D('',#6723,#6724,#6725);
#6723 = CARTESIAN_POINT('',(176.40571919045,245.,6.369280809541));
#6724 = DIRECTION('',(-0.,-1.,-0.));
#6725 = DIRECTION('',(0.,0.,-1.));
#6726 = ADVANCED_FACE('',(#6727),#6737,.T.);
#6727 = FACE_BOUND('',#6728,.T.);
#6728 = EDGE_LOOP('',(#6729,#6730,#6731,#6732,#6733,#6734,#6735,#6736));
#6729 = ORIENTED_EDGE('',*,*,#3700,.F.);
#6730 = ORIENTED_EDGE('',*,*,#2429,.T.);
#6731 = ORIENTED_EDGE('',*,*,#3771,.T.);
#6732 = ORIENTED_EDGE('',*,*,#5382,.T.);
#6733 = ORIENTED_EDGE('',*,*,#5678,.T.);
#6734 = ORIENTED_EDGE('',*,*,#6163,.F.);
#6735 = ORIENTED_EDGE('',*,*,#4154,.T.);
#6736 = ORIENTED_EDGE('',*,*,#5324,.F.);
#6737 = PLANE('',#6738);
#6738 = AXIS2_PLACEMENT_3D('',#6739,#6740,#6741);
#6739 = CARTESIAN_POINT('',(176.40571919045,240.7,6.369280809541));
#6740 = DIRECTION('',(0.,1.,0.));
#6741 = DIRECTION('',(0.,-0.,1.));
#6742 = ORIENTED_CLOSED_SHELL('',*,#6743,.F.);
#6743 = CLOSED_SHELL('',(#6744,#6784,#6815,#6839,#6863,#6880));
#6744 = ADVANCED_FACE('',(#6745),#6779,.F.);
#6745 = FACE_BOUND('',#6746,.F.);
#6746 = EDGE_LOOP('',(#6747,#6757,#6765,#6773));
#6747 = ORIENTED_EDGE('',*,*,#6748,.F.);
#6748 = EDGE_CURVE('',#6749,#6751,#6753,.T.);
#6749 = VERTEX_POINT('',#6750);
#6750 = CARTESIAN_POINT('',(109.,38.9,2.8));
#6751 = VERTEX_POINT('',#6752);
#6752 = CARTESIAN_POINT('',(232.35,38.9,2.8));
#6753 = LINE('',#6754,#6755);
#6754 = CARTESIAN_POINT('',(105.2,38.9,2.8));
#6755 = VECTOR('',#6756,1.);
#6756 = DIRECTION('',(1.,0.,-0.));
#6757 = ORIENTED_EDGE('',*,*,#6758,.F.);
#6758 = EDGE_CURVE('',#6759,#6749,#6761,.T.);
#6759 = VERTEX_POINT('',#6760);
#6760 = CARTESIAN_POINT('',(109.,38.9,9.4));
#6761 = LINE('',#6762,#6763);
#6762 = CARTESIAN_POINT('',(109.,38.9,2.2));
#6763 = VECTOR('',#6764,1.);
#6764 = DIRECTION('',(-0.,0.,-1.));
#6765 = ORIENTED_EDGE('',*,*,#6766,.T.);
#6766 = EDGE_CURVE('',#6759,#6767,#6769,.T.);
#6767 = VERTEX_POINT('',#6768);
#6768 = CARTESIAN_POINT('',(232.35,38.9,9.4));
#6769 = LINE('',#6770,#6771);
#6770 = CARTESIAN_POINT('',(105.2,38.9,9.4));
#6771 = VECTOR('',#6772,1.);
#6772 = DIRECTION('',(1.,0.,-0.));
#6773 = ORIENTED_EDGE('',*,*,#6774,.T.);
#6774 = EDGE_CURVE('',#6767,#6751,#6775,.T.);
#6775 = LINE('',#6776,#6777);
#6776 = CARTESIAN_POINT('',(232.35,38.9,2.2));
#6777 = VECTOR('',#6778,1.);
#6778 = DIRECTION('',(-0.,0.,-1.));
#6779 = PLANE('',#6780);
#6780 = AXIS2_PLACEMENT_3D('',#6781,#6782,#6783);
#6781 = CARTESIAN_POINT('',(105.2,38.9,2.8));
#6782 = DIRECTION('',(-0.,1.,0.));
#6783 = DIRECTION('',(0.,0.,1.));
#6784 = ADVANCED_FACE('',(#6785),#6810,.F.);
#6785 = FACE_BOUND('',#6786,.F.);
#6786 = EDGE_LOOP('',(#6787,#6797,#6803,#6804));
#6787 = ORIENTED_EDGE('',*,*,#6788,.F.);
#6788 = EDGE_CURVE('',#6789,#6791,#6793,.T.);
#6789 = VERTEX_POINT('',#6790);
#6790 = CARTESIAN_POINT('',(109.,43.3,2.8));
#6791 = VERTEX_POINT('',#6792);
#6792 = CARTESIAN_POINT('',(232.35,43.3,2.8));
#6793 = LINE('',#6794,#6795);
#6794 = CARTESIAN_POINT('',(105.2,43.3,2.8));
#6795 = VECTOR('',#6796,1.);
#6796 = DIRECTION('',(1.,0.,-0.));
#6797 = ORIENTED_EDGE('',*,*,#6798,.F.);
#6798 = EDGE_CURVE('',#6749,#6789,#6799,.T.);
#6799 = LINE('',#6800,#6801);
#6800 = CARTESIAN_POINT('',(109.,38.45,2.8));
#6801 = VECTOR('',#6802,1.);
#6802 = DIRECTION('',(-0.,1.,0.));
#6803 = ORIENTED_EDGE('',*,*,#6748,.T.);
#6804 = ORIENTED_EDGE('',*,*,#6805,.T.);
#6805 = EDGE_CURVE('',#6751,#6791,#6806,.T.);
#6806 = LINE('',#6807,#6808);
#6807 = CARTESIAN_POINT('',(232.35,38.45,2.8));
#6808 = VECTOR('',#6809,1.);
#6809 = DIRECTION('',(-0.,1.,0.));
#6810 = PLANE('',#6811);
#6811 = AXIS2_PLACEMENT_3D('',#6812,#6813,#6814);
#6812 = CARTESIAN_POINT('',(105.2,38.9,2.8));
#6813 = DIRECTION('',(0.,0.,1.));
#6814 = DIRECTION('',(1.,0.,-0.));
#6815 = ADVANCED_FACE('',(#6816),#6834,.T.);
#6816 = FACE_BOUND('',#6817,.T.);
#6817 = EDGE_LOOP('',(#6818,#6826,#6827,#6828));
#6818 = ORIENTED_EDGE('',*,*,#6819,.F.);
#6819 = EDGE_CURVE('',#6767,#6820,#6822,.T.);
#6820 = VERTEX_POINT('',#6821);
#6821 = CARTESIAN_POINT('',(232.35,43.3,9.4));
#6822 = LINE('',#6823,#6824);
#6823 = CARTESIAN_POINT('',(232.35,38.45,9.4));
#6824 = VECTOR('',#6825,1.);
#6825 = DIRECTION('',(-0.,1.,0.));
#6826 = ORIENTED_EDGE('',*,*,#6774,.T.);
#6827 = ORIENTED_EDGE('',*,*,#6805,.T.);
#6828 = ORIENTED_EDGE('',*,*,#6829,.F.);
#6829 = EDGE_CURVE('',#6820,#6791,#6830,.T.);
#6830 = LINE('',#6831,#6832);
#6831 = CARTESIAN_POINT('',(232.35,43.3,2.2));
#6832 = VECTOR('',#6833,1.);
#6833 = DIRECTION('',(-0.,0.,-1.));
#6834 = PLANE('',#6835);
#6835 = AXIS2_PLACEMENT_3D('',#6836,#6837,#6838);
#6836 = CARTESIAN_POINT('',(232.35,38.,1.6));
#6837 = DIRECTION('',(1.,0.,-0.));
#6838 = DIRECTION('',(0.,0.,1.));
#6839 = ADVANCED_FACE('',(#6840),#6858,.T.);
#6840 = FACE_BOUND('',#6841,.T.);
#6841 = EDGE_LOOP('',(#6842,#6850,#6856,#6857));
#6842 = ORIENTED_EDGE('',*,*,#6843,.F.);
#6843 = EDGE_CURVE('',#6844,#6820,#6846,.T.);
#6844 = VERTEX_POINT('',#6845);
#6845 = CARTESIAN_POINT('',(109.,43.3,9.4));
#6846 = LINE('',#6847,#6848);
#6847 = CARTESIAN_POINT('',(105.2,43.3,9.4));
#6848 = VECTOR('',#6849,1.);
#6849 = DIRECTION('',(1.,0.,-0.));
#6850 = ORIENTED_EDGE('',*,*,#6851,.F.);
#6851 = EDGE_CURVE('',#6759,#6844,#6852,.T.);
#6852 = LINE('',#6853,#6854);
#6853 = CARTESIAN_POINT('',(109.,38.45,9.4));
#6854 = VECTOR('',#6855,1.);
#6855 = DIRECTION('',(-0.,1.,0.));
#6856 = ORIENTED_EDGE('',*,*,#6766,.T.);
#6857 = ORIENTED_EDGE('',*,*,#6819,.T.);
#6858 = PLANE('',#6859);
#6859 = AXIS2_PLACEMENT_3D('',#6860,#6861,#6862);
#6860 = CARTESIAN_POINT('',(105.2,38.9,9.4));
#6861 = DIRECTION('',(0.,0.,1.));
#6862 = DIRECTION('',(1.,0.,-0.));
#6863 = ADVANCED_FACE('',(#6864),#6875,.F.);
#6864 = FACE_BOUND('',#6865,.F.);
#6865 = EDGE_LOOP('',(#6866,#6867,#6868,#6869));
#6866 = ORIENTED_EDGE('',*,*,#6851,.F.);
#6867 = ORIENTED_EDGE('',*,*,#6758,.T.);
#6868 = ORIENTED_EDGE('',*,*,#6798,.T.);
#6869 = ORIENTED_EDGE('',*,*,#6870,.F.);
#6870 = EDGE_CURVE('',#6844,#6789,#6871,.T.);
#6871 = LINE('',#6872,#6873);
#6872 = CARTESIAN_POINT('',(109.,43.3,2.2));
#6873 = VECTOR('',#6874,1.);
#6874 = DIRECTION('',(-0.,0.,-1.));
#6875 = PLANE('',#6876);
#6876 = AXIS2_PLACEMENT_3D('',#6877,#6878,#6879);
#6877 = CARTESIAN_POINT('',(109.,38.,1.6));
#6878 = DIRECTION('',(1.,0.,-0.));
#6879 = DIRECTION('',(0.,0.,1.));
#6880 = ADVANCED_FACE('',(#6881),#6887,.T.);
#6881 = FACE_BOUND('',#6882,.T.);
#6882 = EDGE_LOOP('',(#6883,#6884,#6885,#6886));
#6883 = ORIENTED_EDGE('',*,*,#6788,.F.);
#6884 = ORIENTED_EDGE('',*,*,#6870,.F.);
#6885 = ORIENTED_EDGE('',*,*,#6843,.T.);
#6886 = ORIENTED_EDGE('',*,*,#6829,.T.);
#6887 = PLANE('',#6888);
#6888 = AXIS2_PLACEMENT_3D('',#6889,#6890,#6891);
#6889 = CARTESIAN_POINT('',(105.2,43.3,2.8));
#6890 = DIRECTION('',(-0.,1.,0.));
#6891 = DIRECTION('',(0.,0.,1.));
#6892 = ORIENTED_CLOSED_SHELL('',*,#6893,.F.);
#6893 = CLOSED_SHELL('',(#6894,#6934,#6965,#6989,#7013,#7030));
#6894 = ADVANCED_FACE('',(#6895),#6929,.F.);
#6895 = FACE_BOUND('',#6896,.F.);
#6896 = EDGE_LOOP('',(#6897,#6907,#6915,#6923));
#6897 = ORIENTED_EDGE('',*,*,#6898,.F.);
#6898 = EDGE_CURVE('',#6899,#6901,#6903,.T.);
#6899 = VERTEX_POINT('',#6900);
#6900 = CARTESIAN_POINT('',(109.,59.9,2.8));
#6901 = VERTEX_POINT('',#6902);
#6902 = CARTESIAN_POINT('',(212.,59.9,2.8));
#6903 = LINE('',#6904,#6905);
#6904 = CARTESIAN_POINT('',(105.2,59.9,2.8));
#6905 = VECTOR('',#6906,1.);
#6906 = DIRECTION('',(1.,0.,-0.));
#6907 = ORIENTED_EDGE('',*,*,#6908,.F.);
#6908 = EDGE_CURVE('',#6909,#6899,#6911,.T.);
#6909 = VERTEX_POINT('',#6910);
#6910 = CARTESIAN_POINT('',(109.,59.9,9.4));
#6911 = LINE('',#6912,#6913);
#6912 = CARTESIAN_POINT('',(109.,59.9,2.2));
#6913 = VECTOR('',#6914,1.);
#6914 = DIRECTION('',(-0.,0.,-1.));
#6915 = ORIENTED_EDGE('',*,*,#6916,.T.);
#6916 = EDGE_CURVE('',#6909,#6917,#6919,.T.);
#6917 = VERTEX_POINT('',#6918);
#6918 = CARTESIAN_POINT('',(212.,59.9,9.4));
#6919 = LINE('',#6920,#6921);
#6920 = CARTESIAN_POINT('',(105.2,59.9,9.4));
#6921 = VECTOR('',#6922,1.);
#6922 = DIRECTION('',(1.,0.,-0.));
#6923 = ORIENTED_EDGE('',*,*,#6924,.T.);
#6924 = EDGE_CURVE('',#6917,#6901,#6925,.T.);
#6925 = LINE('',#6926,#6927);
#6926 = CARTESIAN_POINT('',(212.,59.9,2.2));
#6927 = VECTOR('',#6928,1.);
#6928 = DIRECTION('',(-0.,0.,-1.));
#6929 = PLANE('',#6930);
#6930 = AXIS2_PLACEMENT_3D('',#6931,#6932,#6933);
#6931 = CARTESIAN_POINT('',(105.2,59.9,2.8));
#6932 = DIRECTION('',(-0.,1.,0.));
#6933 = DIRECTION('',(0.,0.,1.));
#6934 = ADVANCED_FACE('',(#6935),#6960,.F.);
#6935 = FACE_BOUND('',#6936,.F.);
#6936 = EDGE_LOOP('',(#6937,#6947,#6953,#6954));
#6937 = ORIENTED_EDGE('',*,*,#6938,.F.);
#6938 = EDGE_CURVE('',#6939,#6941,#6943,.T.);
#6939 = VERTEX_POINT('',#6940);
#6940 = CARTESIAN_POINT('',(109.,64.3,2.8));
#6941 = VERTEX_POINT('',#6942);
#6942 = CARTESIAN_POINT('',(212.,64.3,2.8));
#6943 = LINE('',#6944,#6945);
#6944 = CARTESIAN_POINT('',(105.2,64.3,2.8));
#6945 = VECTOR('',#6946,1.);
#6946 = DIRECTION('',(1.,0.,-0.));
#6947 = ORIENTED_EDGE('',*,*,#6948,.F.);
#6948 = EDGE_CURVE('',#6899,#6939,#6949,.T.);
#6949 = LINE('',#6950,#6951);
#6950 = CARTESIAN_POINT('',(109.,59.45,2.8));
#6951 = VECTOR('',#6952,1.);
#6952 = DIRECTION('',(-0.,1.,0.));
#6953 = ORIENTED_EDGE('',*,*,#6898,.T.);
#6954 = ORIENTED_EDGE('',*,*,#6955,.T.);
#6955 = EDGE_CURVE('',#6901,#6941,#6956,.T.);
#6956 = LINE('',#6957,#6958);
#6957 = CARTESIAN_POINT('',(212.,58.27,2.8));
#6958 = VECTOR('',#6959,1.);
#6959 = DIRECTION('',(-0.,1.,0.));
#6960 = PLANE('',#6961);
#6961 = AXIS2_PLACEMENT_3D('',#6962,#6963,#6964);
#6962 = CARTESIAN_POINT('',(105.2,59.9,2.8));
#6963 = DIRECTION('',(0.,0.,1.));
#6964 = DIRECTION('',(1.,0.,-0.));
#6965 = ADVANCED_FACE('',(#6966),#6984,.T.);
#6966 = FACE_BOUND('',#6967,.T.);
#6967 = EDGE_LOOP('',(#6968,#6976,#6977,#6978));
#6968 = ORIENTED_EDGE('',*,*,#6969,.F.);
#6969 = EDGE_CURVE('',#6917,#6970,#6972,.T.);
#6970 = VERTEX_POINT('',#6971);
#6971 = CARTESIAN_POINT('',(212.,64.3,9.4));
#6972 = LINE('',#6973,#6974);
#6973 = CARTESIAN_POINT('',(212.,58.27,9.4));
#6974 = VECTOR('',#6975,1.);
#6975 = DIRECTION('',(-0.,1.,0.));
#6976 = ORIENTED_EDGE('',*,*,#6924,.T.);
#6977 = ORIENTED_EDGE('',*,*,#6955,.T.);
#6978 = ORIENTED_EDGE('',*,*,#6979,.F.);
#6979 = EDGE_CURVE('',#6970,#6941,#6980,.T.);
#6980 = LINE('',#6981,#6982);
#6981 = CARTESIAN_POINT('',(212.,64.3,2.2));
#6982 = VECTOR('',#6983,1.);
#6983 = DIRECTION('',(-0.,0.,-1.));
#6984 = PLANE('',#6985);
#6985 = AXIS2_PLACEMENT_3D('',#6986,#6987,#6988);
#6986 = CARTESIAN_POINT('',(212.,56.64,1.6));
#6987 = DIRECTION('',(1.,0.,-0.));
#6988 = DIRECTION('',(0.,0.,1.));
#6989 = ADVANCED_FACE('',(#6990),#7008,.T.);
#6990 = FACE_BOUND('',#6991,.T.);
#6991 = EDGE_LOOP('',(#6992,#7000,#7006,#7007));
#6992 = ORIENTED_EDGE('',*,*,#6993,.F.);
#6993 = EDGE_CURVE('',#6994,#6970,#6996,.T.);
#6994 = VERTEX_POINT('',#6995);
#6995 = CARTESIAN_POINT('',(109.,64.3,9.4));
#6996 = LINE('',#6997,#6998);
#6997 = CARTESIAN_POINT('',(105.2,64.3,9.4));
#6998 = VECTOR('',#6999,1.);
#6999 = DIRECTION('',(1.,0.,-0.));
#7000 = ORIENTED_EDGE('',*,*,#7001,.F.);
#7001 = EDGE_CURVE('',#6909,#6994,#7002,.T.);
#7002 = LINE('',#7003,#7004);
#7003 = CARTESIAN_POINT('',(109.,59.45,9.4));
#7004 = VECTOR('',#7005,1.);
#7005 = DIRECTION('',(-0.,1.,0.));
#7006 = ORIENTED_EDGE('',*,*,#6916,.T.);
#7007 = ORIENTED_EDGE('',*,*,#6969,.T.);
#7008 = PLANE('',#7009);
#7009 = AXIS2_PLACEMENT_3D('',#7010,#7011,#7012);
#7010 = CARTESIAN_POINT('',(105.2,59.9,9.4));
#7011 = DIRECTION('',(0.,0.,1.));
#7012 = DIRECTION('',(1.,0.,-0.));
#7013 = ADVANCED_FACE('',(#7014),#7025,.F.);
#7014 = FACE_BOUND('',#7015,.F.);
#7015 = EDGE_LOOP('',(#7016,#7017,#7018,#7019));
#7016 = ORIENTED_EDGE('',*,*,#7001,.F.);
#7017 = ORIENTED_EDGE('',*,*,#6908,.T.);
#7018 = ORIENTED_EDGE('',*,*,#6948,.T.);
#7019 = ORIENTED_EDGE('',*,*,#7020,.F.);
#7020 = EDGE_CURVE('',#6994,#6939,#7021,.T.);
#7021 = LINE('',#7022,#7023);
#7022 = CARTESIAN_POINT('',(109.,64.3,2.2));
#7023 = VECTOR('',#7024,1.);
#7024 = DIRECTION('',(-0.,0.,-1.));
#7025 = PLANE('',#7026);
#7026 = AXIS2_PLACEMENT_3D('',#7027,#7028,#7029);
#7027 = CARTESIAN_POINT('',(109.,59.,1.6));
#7028 = DIRECTION('',(1.,0.,-0.));
#7029 = DIRECTION('',(0.,0.,1.));
#7030 = ADVANCED_FACE('',(#7031),#7037,.T.);
#7031 = FACE_BOUND('',#7032,.T.);
#7032 = EDGE_LOOP('',(#7033,#7034,#7035,#7036));
#7033 = ORIENTED_EDGE('',*,*,#6938,.F.);
#7034 = ORIENTED_EDGE('',*,*,#7020,.F.);
#7035 = ORIENTED_EDGE('',*,*,#6993,.T.);
#7036 = ORIENTED_EDGE('',*,*,#6979,.T.);
#7037 = PLANE('',#7038);
#7038 = AXIS2_PLACEMENT_3D('',#7039,#7040,#7041);
#7039 = CARTESIAN_POINT('',(105.2,64.3,2.8));
#7040 = DIRECTION('',(-0.,1.,0.));
#7041 = DIRECTION('',(0.,0.,1.));
#7042 = ORIENTED_CLOSED_SHELL('',*,#7043,.F.);
#7043 = CLOSED_SHELL('',(#7044,#7084,#7115,#7139,#7163,#7180));
#7044 = ADVANCED_FACE('',(#7045),#7079,.F.);
#7045 = FACE_BOUND('',#7046,.F.);
#7046 = EDGE_LOOP('',(#7047,#7057,#7065,#7073));
#7047 = ORIENTED_EDGE('',*,*,#7048,.F.);
#7048 = EDGE_CURVE('',#7049,#7051,#7053,.T.);
#7049 = VERTEX_POINT('',#7050);
#7050 = CARTESIAN_POINT('',(109.,49.4,2.8));
#7051 = VERTEX_POINT('',#7052);
#7052 = CARTESIAN_POINT('',(232.35,49.4,2.8));
#7053 = LINE('',#7054,#7055);
#7054 = CARTESIAN_POINT('',(105.2,49.4,2.8));
#7055 = VECTOR('',#7056,1.);
#7056 = DIRECTION('',(1.,0.,-0.));
#7057 = ORIENTED_EDGE('',*,*,#7058,.F.);
#7058 = EDGE_CURVE('',#7059,#7049,#7061,.T.);
#7059 = VERTEX_POINT('',#7060);
#7060 = CARTESIAN_POINT('',(109.,49.4,9.4));
#7061 = LINE('',#7062,#7063);
#7062 = CARTESIAN_POINT('',(109.,49.4,2.2));
#7063 = VECTOR('',#7064,1.);
#7064 = DIRECTION('',(-0.,0.,-1.));
#7065 = ORIENTED_EDGE('',*,*,#7066,.T.);
#7066 = EDGE_CURVE('',#7059,#7067,#7069,.T.);
#7067 = VERTEX_POINT('',#7068);
#7068 = CARTESIAN_POINT('',(232.35,49.4,9.4));
#7069 = LINE('',#7070,#7071);
#7070 = CARTESIAN_POINT('',(105.2,49.4,9.4));
#7071 = VECTOR('',#7072,1.);
#7072 = DIRECTION('',(1.,0.,-0.));
#7073 = ORIENTED_EDGE('',*,*,#7074,.T.);
#7074 = EDGE_CURVE('',#7067,#7051,#7075,.T.);
#7075 = LINE('',#7076,#7077);
#7076 = CARTESIAN_POINT('',(232.35,49.4,2.2));
#7077 = VECTOR('',#7078,1.);
#7078 = DIRECTION('',(-0.,0.,-1.));
#7079 = PLANE('',#7080);
#7080 = AXIS2_PLACEMENT_3D('',#7081,#7082,#7083);
#7081 = CARTESIAN_POINT('',(105.2,49.4,2.8));
#7082 = DIRECTION('',(-0.,1.,0.));
#7083 = DIRECTION('',(0.,0.,1.));
#7084 = ADVANCED_FACE('',(#7085),#7110,.F.);
#7085 = FACE_BOUND('',#7086,.F.);
#7086 = EDGE_LOOP('',(#7087,#7097,#7103,#7104));
#7087 = ORIENTED_EDGE('',*,*,#7088,.F.);
#7088 = EDGE_CURVE('',#7089,#7091,#7093,.T.);
#7089 = VERTEX_POINT('',#7090);
#7090 = CARTESIAN_POINT('',(109.,53.8,2.8));
#7091 = VERTEX_POINT('',#7092);
#7092 = CARTESIAN_POINT('',(232.35,53.8,2.8));
#7093 = LINE('',#7094,#7095);
#7094 = CARTESIAN_POINT('',(105.2,53.8,2.8));
#7095 = VECTOR('',#7096,1.);
#7096 = DIRECTION('',(1.,0.,-0.));
#7097 = ORIENTED_EDGE('',*,*,#7098,.F.);
#7098 = EDGE_CURVE('',#7049,#7089,#7099,.T.);
#7099 = LINE('',#7100,#7101);
#7100 = CARTESIAN_POINT('',(109.,48.95,2.8));
#7101 = VECTOR('',#7102,1.);
#7102 = DIRECTION('',(-0.,1.,0.));
#7103 = ORIENTED_EDGE('',*,*,#7048,.T.);
#7104 = ORIENTED_EDGE('',*,*,#7105,.T.);
#7105 = EDGE_CURVE('',#7051,#7091,#7106,.T.);
#7106 = LINE('',#7107,#7108);
#7107 = CARTESIAN_POINT('',(232.35,48.95,2.8));
#7108 = VECTOR('',#7109,1.);
#7109 = DIRECTION('',(-0.,1.,0.));
#7110 = PLANE('',#7111);
#7111 = AXIS2_PLACEMENT_3D('',#7112,#7113,#7114);
#7112 = CARTESIAN_POINT('',(105.2,49.4,2.8));
#7113 = DIRECTION('',(0.,0.,1.));
#7114 = DIRECTION('',(1.,0.,-0.));
#7115 = ADVANCED_FACE('',(#7116),#7134,.T.);
#7116 = FACE_BOUND('',#7117,.T.);
#7117 = EDGE_LOOP('',(#7118,#7126,#7127,#7128));
#7118 = ORIENTED_EDGE('',*,*,#7119,.F.);
#7119 = EDGE_CURVE('',#7067,#7120,#7122,.T.);
#7120 = VERTEX_POINT('',#7121);
#7121 = CARTESIAN_POINT('',(232.35,53.8,9.4));
#7122 = LINE('',#7123,#7124);
#7123 = CARTESIAN_POINT('',(232.35,48.95,9.4));
#7124 = VECTOR('',#7125,1.);
#7125 = DIRECTION('',(-0.,1.,0.));
#7126 = ORIENTED_EDGE('',*,*,#7074,.T.);
#7127 = ORIENTED_EDGE('',*,*,#7105,.T.);
#7128 = ORIENTED_EDGE('',*,*,#7129,.F.);
#7129 = EDGE_CURVE('',#7120,#7091,#7130,.T.);
#7130 = LINE('',#7131,#7132);
#7131 = CARTESIAN_POINT('',(232.35,53.8,2.2));
#7132 = VECTOR('',#7133,1.);
#7133 = DIRECTION('',(-0.,0.,-1.));
#7134 = PLANE('',#7135);
#7135 = AXIS2_PLACEMENT_3D('',#7136,#7137,#7138);
#7136 = CARTESIAN_POINT('',(232.35,48.5,1.6));
#7137 = DIRECTION('',(1.,0.,-0.));
#7138 = DIRECTION('',(0.,0.,1.));
#7139 = ADVANCED_FACE('',(#7140),#7158,.T.);
#7140 = FACE_BOUND('',#7141,.T.);
#7141 = EDGE_LOOP('',(#7142,#7150,#7156,#7157));
#7142 = ORIENTED_EDGE('',*,*,#7143,.F.);
#7143 = EDGE_CURVE('',#7144,#7120,#7146,.T.);
#7144 = VERTEX_POINT('',#7145);
#7145 = CARTESIAN_POINT('',(109.,53.8,9.4));
#7146 = LINE('',#7147,#7148);
#7147 = CARTESIAN_POINT('',(105.2,53.8,9.4));
#7148 = VECTOR('',#7149,1.);
#7149 = DIRECTION('',(1.,0.,-0.));
#7150 = ORIENTED_EDGE('',*,*,#7151,.F.);
#7151 = EDGE_CURVE('',#7059,#7144,#7152,.T.);
#7152 = LINE('',#7153,#7154);
#7153 = CARTESIAN_POINT('',(109.,48.95,9.4));
#7154 = VECTOR('',#7155,1.);
#7155 = DIRECTION('',(-0.,1.,0.));
#7156 = ORIENTED_EDGE('',*,*,#7066,.T.);
#7157 = ORIENTED_EDGE('',*,*,#7119,.T.);
#7158 = PLANE('',#7159);
#7159 = AXIS2_PLACEMENT_3D('',#7160,#7161,#7162);
#7160 = CARTESIAN_POINT('',(105.2,49.4,9.4));
#7161 = DIRECTION('',(0.,0.,1.));
#7162 = DIRECTION('',(1.,0.,-0.));
#7163 = ADVANCED_FACE('',(#7164),#7175,.F.);
#7164 = FACE_BOUND('',#7165,.F.);
#7165 = EDGE_LOOP('',(#7166,#7167,#7168,#7169));
#7166 = ORIENTED_EDGE('',*,*,#7151,.F.);
#7167 = ORIENTED_EDGE('',*,*,#7058,.T.);
#7168 = ORIENTED_EDGE('',*,*,#7098,.T.);
#7169 = ORIENTED_EDGE('',*,*,#7170,.F.);
#7170 = EDGE_CURVE('',#7144,#7089,#7171,.T.);
#7171 = LINE('',#7172,#7173);
#7172 = CARTESIAN_POINT('',(109.,53.8,2.2));
#7173 = VECTOR('',#7174,1.);
#7174 = DIRECTION('',(-0.,0.,-1.));
#7175 = PLANE('',#7176);
#7176 = AXIS2_PLACEMENT_3D('',#7177,#7178,#7179);
#7177 = CARTESIAN_POINT('',(109.,48.5,1.6));
#7178 = DIRECTION('',(1.,0.,-0.));
#7179 = DIRECTION('',(0.,0.,1.));
#7180 = ADVANCED_FACE('',(#7181),#7187,.T.);
#7181 = FACE_BOUND('',#7182,.T.);
#7182 = EDGE_LOOP('',(#7183,#7184,#7185,#7186));
#7183 = ORIENTED_EDGE('',*,*,#7088,.F.);
#7184 = ORIENTED_EDGE('',*,*,#7170,.F.);
#7185 = ORIENTED_EDGE('',*,*,#7143,.T.);
#7186 = ORIENTED_EDGE('',*,*,#7129,.T.);
#7187 = PLANE('',#7188);
#7188 = AXIS2_PLACEMENT_3D('',#7189,#7190,#7191);
#7189 = CARTESIAN_POINT('',(105.2,53.8,2.8));
#7190 = DIRECTION('',(-0.,1.,0.));
#7191 = DIRECTION('',(0.,0.,1.));
#7192 = ORIENTED_CLOSED_SHELL('',*,#7193,.F.);
#7193 = CLOSED_SHELL('',(#7194,#7234,#7265,#7289,#7313,#7330));
#7194 = ADVANCED_FACE('',(#7195),#7229,.F.);
#7195 = FACE_BOUND('',#7196,.F.);
#7196 = EDGE_LOOP('',(#7197,#7207,#7215,#7223));
#7197 = ORIENTED_EDGE('',*,*,#7198,.F.);
#7198 = EDGE_CURVE('',#7199,#7201,#7203,.T.);
#7199 = VERTEX_POINT('',#7200);
#7200 = CARTESIAN_POINT('',(109.,70.4,2.8));
#7201 = VERTEX_POINT('',#7202);
#7202 = CARTESIAN_POINT('',(232.35,70.4,2.8));
#7203 = LINE('',#7204,#7205);
#7204 = CARTESIAN_POINT('',(105.2,70.4,2.8));
#7205 = VECTOR('',#7206,1.);
#7206 = DIRECTION('',(1.,0.,-0.));
#7207 = ORIENTED_EDGE('',*,*,#7208,.F.);
#7208 = EDGE_CURVE('',#7209,#7199,#7211,.T.);
#7209 = VERTEX_POINT('',#7210);
#7210 = CARTESIAN_POINT('',(109.,70.4,9.4));
#7211 = LINE('',#7212,#7213);
#7212 = CARTESIAN_POINT('',(109.,70.4,2.2));
#7213 = VECTOR('',#7214,1.);
#7214 = DIRECTION('',(-0.,0.,-1.));
#7215 = ORIENTED_EDGE('',*,*,#7216,.T.);
#7216 = EDGE_CURVE('',#7209,#7217,#7219,.T.);
#7217 = VERTEX_POINT('',#7218);
#7218 = CARTESIAN_POINT('',(232.35,70.4,9.4));
#7219 = LINE('',#7220,#7221);
#7220 = CARTESIAN_POINT('',(105.2,70.4,9.4));
#7221 = VECTOR('',#7222,1.);
#7222 = DIRECTION('',(1.,0.,-0.));
#7223 = ORIENTED_EDGE('',*,*,#7224,.T.);
#7224 = EDGE_CURVE('',#7217,#7201,#7225,.T.);
#7225 = LINE('',#7226,#7227);
#7226 = CARTESIAN_POINT('',(232.35,70.4,2.2));
#7227 = VECTOR('',#7228,1.);
#7228 = DIRECTION('',(-0.,0.,-1.));
#7229 = PLANE('',#7230);
#7230 = AXIS2_PLACEMENT_3D('',#7231,#7232,#7233);
#7231 = CARTESIAN_POINT('',(105.2,70.4,2.8));
#7232 = DIRECTION('',(-0.,1.,0.));
#7233 = DIRECTION('',(0.,0.,1.));
#7234 = ADVANCED_FACE('',(#7235),#7260,.F.);
#7235 = FACE_BOUND('',#7236,.F.);
#7236 = EDGE_LOOP('',(#7237,#7247,#7253,#7254));
#7237 = ORIENTED_EDGE('',*,*,#7238,.F.);
#7238 = EDGE_CURVE('',#7239,#7241,#7243,.T.);
#7239 = VERTEX_POINT('',#7240);
#7240 = CARTESIAN_POINT('',(109.,74.8,2.8));
#7241 = VERTEX_POINT('',#7242);
#7242 = CARTESIAN_POINT('',(232.35,74.8,2.8));
#7243 = LINE('',#7244,#7245);
#7244 = CARTESIAN_POINT('',(105.2,74.8,2.8));
#7245 = VECTOR('',#7246,1.);
#7246 = DIRECTION('',(1.,0.,-0.));
#7247 = ORIENTED_EDGE('',*,*,#7248,.F.);
#7248 = EDGE_CURVE('',#7199,#7239,#7249,.T.);
#7249 = LINE('',#7250,#7251);
#7250 = CARTESIAN_POINT('',(109.,69.95,2.8));
#7251 = VECTOR('',#7252,1.);
#7252 = DIRECTION('',(-0.,1.,0.));
#7253 = ORIENTED_EDGE('',*,*,#7198,.T.);
#7254 = ORIENTED_EDGE('',*,*,#7255,.T.);
#7255 = EDGE_CURVE('',#7201,#7241,#7256,.T.);
#7256 = LINE('',#7257,#7258);
#7257 = CARTESIAN_POINT('',(232.35,69.95,2.8));
#7258 = VECTOR('',#7259,1.);
#7259 = DIRECTION('',(-0.,1.,0.));
#7260 = PLANE('',#7261);
#7261 = AXIS2_PLACEMENT_3D('',#7262,#7263,#7264);
#7262 = CARTESIAN_POINT('',(105.2,70.4,2.8));
#7263 = DIRECTION('',(0.,0.,1.));
#7264 = DIRECTION('',(1.,0.,-0.));
#7265 = ADVANCED_FACE('',(#7266),#7284,.T.);
#7266 = FACE_BOUND('',#7267,.T.);
#7267 = EDGE_LOOP('',(#7268,#7276,#7277,#7278));
#7268 = ORIENTED_EDGE('',*,*,#7269,.F.);
#7269 = EDGE_CURVE('',#7217,#7270,#7272,.T.);
#7270 = VERTEX_POINT('',#7271);
#7271 = CARTESIAN_POINT('',(232.35,74.8,9.4));
#7272 = LINE('',#7273,#7274);
#7273 = CARTESIAN_POINT('',(232.35,69.95,9.4));
#7274 = VECTOR('',#7275,1.);
#7275 = DIRECTION('',(-0.,1.,0.));
#7276 = ORIENTED_EDGE('',*,*,#7224,.T.);
#7277 = ORIENTED_EDGE('',*,*,#7255,.T.);
#7278 = ORIENTED_EDGE('',*,*,#7279,.F.);
#7279 = EDGE_CURVE('',#7270,#7241,#7280,.T.);
#7280 = LINE('',#7281,#7282);
#7281 = CARTESIAN_POINT('',(232.35,74.8,2.2));
#7282 = VECTOR('',#7283,1.);
#7283 = DIRECTION('',(-0.,0.,-1.));
#7284 = PLANE('',#7285);
#7285 = AXIS2_PLACEMENT_3D('',#7286,#7287,#7288);
#7286 = CARTESIAN_POINT('',(232.35,69.5,1.6));
#7287 = DIRECTION('',(1.,0.,-0.));
#7288 = DIRECTION('',(0.,0.,1.));
#7289 = ADVANCED_FACE('',(#7290),#7308,.T.);
#7290 = FACE_BOUND('',#7291,.T.);
#7291 = EDGE_LOOP('',(#7292,#7300,#7306,#7307));
#7292 = ORIENTED_EDGE('',*,*,#7293,.F.);
#7293 = EDGE_CURVE('',#7294,#7270,#7296,.T.);
#7294 = VERTEX_POINT('',#7295);
#7295 = CARTESIAN_POINT('',(109.,74.8,9.4));
#7296 = LINE('',#7297,#7298);
#7297 = CARTESIAN_POINT('',(105.2,74.8,9.4));
#7298 = VECTOR('',#7299,1.);
#7299 = DIRECTION('',(1.,0.,-0.));
#7300 = ORIENTED_EDGE('',*,*,#7301,.F.);
#7301 = EDGE_CURVE('',#7209,#7294,#7302,.T.);
#7302 = LINE('',#7303,#7304);
#7303 = CARTESIAN_POINT('',(109.,69.95,9.4));
#7304 = VECTOR('',#7305,1.);
#7305 = DIRECTION('',(-0.,1.,0.));
#7306 = ORIENTED_EDGE('',*,*,#7216,.T.);
#7307 = ORIENTED_EDGE('',*,*,#7269,.T.);
#7308 = PLANE('',#7309);
#7309 = AXIS2_PLACEMENT_3D('',#7310,#7311,#7312);
#7310 = CARTESIAN_POINT('',(105.2,70.4,9.4));
#7311 = DIRECTION('',(0.,0.,1.));
#7312 = DIRECTION('',(1.,0.,-0.));
#7313 = ADVANCED_FACE('',(#7314),#7325,.F.);
#7314 = FACE_BOUND('',#7315,.F.);
#7315 = EDGE_LOOP('',(#7316,#7317,#7318,#7319));
#7316 = ORIENTED_EDGE('',*,*,#7301,.F.);
#7317 = ORIENTED_EDGE('',*,*,#7208,.T.);
#7318 = ORIENTED_EDGE('',*,*,#7248,.T.);
#7319 = ORIENTED_EDGE('',*,*,#7320,.F.);
#7320 = EDGE_CURVE('',#7294,#7239,#7321,.T.);
#7321 = LINE('',#7322,#7323);
#7322 = CARTESIAN_POINT('',(109.,74.8,2.2));
#7323 = VECTOR('',#7324,1.);
#7324 = DIRECTION('',(-0.,0.,-1.));
#7325 = PLANE('',#7326);
#7326 = AXIS2_PLACEMENT_3D('',#7327,#7328,#7329);
#7327 = CARTESIAN_POINT('',(109.,69.5,1.6));
#7328 = DIRECTION('',(1.,0.,-0.));
#7329 = DIRECTION('',(0.,0.,1.));
#7330 = ADVANCED_FACE('',(#7331),#7337,.T.);
#7331 = FACE_BOUND('',#7332,.T.);
#7332 = EDGE_LOOP('',(#7333,#7334,#7335,#7336));
#7333 = ORIENTED_EDGE('',*,*,#7238,.F.);
#7334 = ORIENTED_EDGE('',*,*,#7320,.F.);
#7335 = ORIENTED_EDGE('',*,*,#7293,.T.);
#7336 = ORIENTED_EDGE('',*,*,#7279,.T.);
#7337 = PLANE('',#7338);
#7338 = AXIS2_PLACEMENT_3D('',#7339,#7340,#7341);
#7339 = CARTESIAN_POINT('',(105.2,74.8,2.8));
#7340 = DIRECTION('',(-0.,1.,0.));
#7341 = DIRECTION('',(0.,0.,1.));
#7342 = ORIENTED_CLOSED_SHELL('',*,#7343,.F.);
#7343 = CLOSED_SHELL('',(#7344,#7384,#7415,#7439,#7463,#7480));
#7344 = ADVANCED_FACE('',(#7345),#7379,.T.);
#7345 = FACE_BOUND('',#7346,.T.);
#7346 = EDGE_LOOP('',(#7347,#7357,#7365,#7373));
#7347 = ORIENTED_EDGE('',*,*,#7348,.T.);
#7348 = EDGE_CURVE('',#7349,#7351,#7353,.T.);
#7349 = VERTEX_POINT('',#7350);
#7350 = CARTESIAN_POINT('',(232.35,59.9,9.4));
#7351 = VERTEX_POINT('',#7352);
#7352 = CARTESIAN_POINT('',(232.35,62.84,9.4));
#7353 = LINE('',#7354,#7355);
#7354 = CARTESIAN_POINT('',(232.35,59.45,9.4));
#7355 = VECTOR('',#7356,1.);
#7356 = DIRECTION('',(-0.,1.,0.));
#7357 = ORIENTED_EDGE('',*,*,#7358,.T.);
#7358 = EDGE_CURVE('',#7351,#7359,#7361,.T.);
#7359 = VERTEX_POINT('',#7360);
#7360 = CARTESIAN_POINT('',(218.,62.84,9.4));
#7361 = LINE('',#7362,#7363);
#7362 = CARTESIAN_POINT('',(159.35,62.84,9.4));
#7363 = VECTOR('',#7364,1.);
#7364 = DIRECTION('',(-1.,-0.,0.));
#7365 = ORIENTED_EDGE('',*,*,#7366,.F.);
#7366 = EDGE_CURVE('',#7367,#7359,#7369,.T.);
#7367 = VERTEX_POINT('',#7368);
#7368 = CARTESIAN_POINT('',(218.,59.9,9.4));
#7369 = LINE('',#7370,#7371);
#7370 = CARTESIAN_POINT('',(218.,58.27,9.4));
#7371 = VECTOR('',#7372,1.);
#7372 = DIRECTION('',(-0.,1.,0.));
#7373 = ORIENTED_EDGE('',*,*,#7374,.T.);
#7374 = EDGE_CURVE('',#7367,#7349,#7375,.T.);
#7375 = LINE('',#7376,#7377);
#7376 = CARTESIAN_POINT('',(105.2,59.9,9.4));
#7377 = VECTOR('',#7378,1.);
#7378 = DIRECTION('',(1.,0.,-0.));
#7379 = PLANE('',#7380);
#7380 = AXIS2_PLACEMENT_3D('',#7381,#7382,#7383);
#7381 = CARTESIAN_POINT('',(105.2,59.9,9.4));
#7382 = DIRECTION('',(0.,0.,1.));
#7383 = DIRECTION('',(1.,0.,-0.));
#7384 = ADVANCED_FACE('',(#7385),#7410,.T.);
#7385 = FACE_BOUND('',#7386,.T.);
#7386 = EDGE_LOOP('',(#7387,#7388,#7396,#7404));
#7387 = ORIENTED_EDGE('',*,*,#7348,.F.);
#7388 = ORIENTED_EDGE('',*,*,#7389,.T.);
#7389 = EDGE_CURVE('',#7349,#7390,#7392,.T.);
#7390 = VERTEX_POINT('',#7391);
#7391 = CARTESIAN_POINT('',(232.35,59.9,3.));
#7392 = LINE('',#7393,#7394);
#7393 = CARTESIAN_POINT('',(232.35,59.9,2.2));
#7394 = VECTOR('',#7395,1.);
#7395 = DIRECTION('',(-0.,0.,-1.));
#7396 = ORIENTED_EDGE('',*,*,#7397,.F.);
#7397 = EDGE_CURVE('',#7398,#7390,#7400,.T.);
#7398 = VERTEX_POINT('',#7399);
#7399 = CARTESIAN_POINT('',(232.35,62.84,3.));
#7400 = LINE('',#7401,#7402);
#7401 = CARTESIAN_POINT('',(232.35,58.92,3.));
#7402 = VECTOR('',#7403,1.);
#7403 = DIRECTION('',(0.,-1.,0.));
#7404 = ORIENTED_EDGE('',*,*,#7405,.T.);
#7405 = EDGE_CURVE('',#7398,#7351,#7406,.T.);
#7406 = LINE('',#7407,#7408);
#7407 = CARTESIAN_POINT('',(232.35,62.84,2.3));
#7408 = VECTOR('',#7409,1.);
#7409 = DIRECTION('',(0.,0.,1.));
#7410 = PLANE('',#7411);
#7411 = AXIS2_PLACEMENT_3D('',#7412,#7413,#7414);
#7412 = CARTESIAN_POINT('',(232.35,59.,1.6));
#7413 = DIRECTION('',(1.,0.,-0.));
#7414 = DIRECTION('',(0.,0.,1.));
#7415 = ADVANCED_FACE('',(#7416),#7434,.F.);
#7416 = FACE_BOUND('',#7417,.F.);
#7417 = EDGE_LOOP('',(#7418,#7419,#7427,#7433));
#7418 = ORIENTED_EDGE('',*,*,#7389,.T.);
#7419 = ORIENTED_EDGE('',*,*,#7420,.F.);
#7420 = EDGE_CURVE('',#7421,#7390,#7423,.T.);
#7421 = VERTEX_POINT('',#7422);
#7422 = CARTESIAN_POINT('',(218.,59.9,3.));
#7423 = LINE('',#7424,#7425);
#7424 = CARTESIAN_POINT('',(159.35,59.9,3.));
#7425 = VECTOR('',#7426,1.);
#7426 = DIRECTION('',(1.,0.,-0.));
#7427 = ORIENTED_EDGE('',*,*,#7428,.F.);
#7428 = EDGE_CURVE('',#7367,#7421,#7429,.T.);
#7429 = LINE('',#7430,#7431);
#7430 = CARTESIAN_POINT('',(218.,59.9,2.2));
#7431 = VECTOR('',#7432,1.);
#7432 = DIRECTION('',(-0.,0.,-1.));
#7433 = ORIENTED_EDGE('',*,*,#7374,.T.);
#7434 = PLANE('',#7435);
#7435 = AXIS2_PLACEMENT_3D('',#7436,#7437,#7438);
#7436 = CARTESIAN_POINT('',(105.2,59.9,2.8));
#7437 = DIRECTION('',(-0.,1.,0.));
#7438 = DIRECTION('',(0.,0.,1.));
#7439 = ADVANCED_FACE('',(#7440),#7458,.F.);
#7440 = FACE_BOUND('',#7441,.F.);
#7441 = EDGE_LOOP('',(#7442,#7450,#7451,#7452));
#7442 = ORIENTED_EDGE('',*,*,#7443,.F.);
#7443 = EDGE_CURVE('',#7359,#7444,#7446,.T.);
#7444 = VERTEX_POINT('',#7445);
#7445 = CARTESIAN_POINT('',(218.,62.84,3.));
#7446 = LINE('',#7447,#7448);
#7447 = CARTESIAN_POINT('',(218.,62.84,2.3));
#7448 = VECTOR('',#7449,1.);
#7449 = DIRECTION('',(-0.,0.,-1.));
#7450 = ORIENTED_EDGE('',*,*,#7366,.F.);
#7451 = ORIENTED_EDGE('',*,*,#7428,.T.);
#7452 = ORIENTED_EDGE('',*,*,#7453,.T.);
#7453 = EDGE_CURVE('',#7421,#7444,#7454,.T.);
#7454 = LINE('',#7455,#7456);
#7455 = CARTESIAN_POINT('',(218.,57.74,3.));
#7456 = VECTOR('',#7457,1.);
#7457 = DIRECTION('',(-0.,1.,0.));
#7458 = PLANE('',#7459);
#7459 = AXIS2_PLACEMENT_3D('',#7460,#7461,#7462);
#7460 = CARTESIAN_POINT('',(218.,56.64,1.6));
#7461 = DIRECTION('',(1.,0.,-0.));
#7462 = DIRECTION('',(0.,0.,1.));
#7463 = ADVANCED_FACE('',(#7464),#7475,.T.);
#7464 = FACE_BOUND('',#7465,.T.);
#7465 = EDGE_LOOP('',(#7466,#7472,#7473,#7474));
#7466 = ORIENTED_EDGE('',*,*,#7467,.F.);
#7467 = EDGE_CURVE('',#7444,#7398,#7468,.T.);
#7468 = LINE('',#7469,#7470);
#7469 = CARTESIAN_POINT('',(213.5,62.84,3.));
#7470 = VECTOR('',#7471,1.);
#7471 = DIRECTION('',(1.,0.,-0.));
#7472 = ORIENTED_EDGE('',*,*,#7443,.F.);
#7473 = ORIENTED_EDGE('',*,*,#7358,.F.);
#7474 = ORIENTED_EDGE('',*,*,#7405,.F.);
#7475 = PLANE('',#7476);
#7476 = AXIS2_PLACEMENT_3D('',#7477,#7478,#7479);
#7477 = CARTESIAN_POINT('',(213.5,62.84,3.));
#7478 = DIRECTION('',(-0.,1.,0.));
#7479 = DIRECTION('',(0.,0.,1.));
#7480 = ADVANCED_FACE('',(#7481),#7487,.F.);
#7481 = FACE_BOUND('',#7482,.F.);
#7482 = EDGE_LOOP('',(#7483,#7484,#7485,#7486));
#7483 = ORIENTED_EDGE('',*,*,#7467,.F.);
#7484 = ORIENTED_EDGE('',*,*,#7453,.F.);
#7485 = ORIENTED_EDGE('',*,*,#7420,.T.);
#7486 = ORIENTED_EDGE('',*,*,#7397,.F.);
#7487 = PLANE('',#7488);
#7488 = AXIS2_PLACEMENT_3D('',#7489,#7490,#7491);
#7489 = CARTESIAN_POINT('',(213.5,58.84,3.));
#7490 = DIRECTION('',(0.,0.,1.));
#7491 = DIRECTION('',(1.,0.,-0.));
#7492 = ORIENTED_CLOSED_SHELL('',*,#7493,.F.);
#7493 = CLOSED_SHELL('',(#7494,#7534,#7565,#7589,#7613,#7630));
#7494 = ADVANCED_FACE('',(#7495),#7529,.F.);
#7495 = FACE_BOUND('',#7496,.F.);
#7496 = EDGE_LOOP('',(#7497,#7507,#7515,#7523));
#7497 = ORIENTED_EDGE('',*,*,#7498,.F.);
#7498 = EDGE_CURVE('',#7499,#7501,#7503,.T.);
#7499 = VERTEX_POINT('',#7500);
#7500 = CARTESIAN_POINT('',(218.,18.2,3.));
#7501 = VERTEX_POINT('',#7502);
#7502 = CARTESIAN_POINT('',(299.5,18.2,3.));
#7503 = LINE('',#7504,#7505);
#7504 = CARTESIAN_POINT('',(213.5,18.2,3.));
#7505 = VECTOR('',#7506,1.);
#7506 = DIRECTION('',(1.,0.,-0.));
#7507 = ORIENTED_EDGE('',*,*,#7508,.F.);
#7508 = EDGE_CURVE('',#7509,#7499,#7511,.T.);
#7509 = VERTEX_POINT('',#7510);
#7510 = CARTESIAN_POINT('',(218.,18.2,12.));
#7511 = LINE('',#7512,#7513);
#7512 = CARTESIAN_POINT('',(218.,18.2,2.3));
#7513 = VECTOR('',#7514,1.);
#7514 = DIRECTION('',(-0.,0.,-1.));
#7515 = ORIENTED_EDGE('',*,*,#7516,.T.);
#7516 = EDGE_CURVE('',#7509,#7517,#7519,.T.);
#7517 = VERTEX_POINT('',#7518);
#7518 = CARTESIAN_POINT('',(299.5,18.2,12.));
#7519 = LINE('',#7520,#7521);
#7520 = CARTESIAN_POINT('',(213.5,18.2,12.));
#7521 = VECTOR('',#7522,1.);
#7522 = DIRECTION('',(1.,0.,-0.));
#7523 = ORIENTED_EDGE('',*,*,#7524,.F.);
#7524 = EDGE_CURVE('',#7501,#7517,#7525,.T.);
#7525 = LINE('',#7526,#7527);
#7526 = CARTESIAN_POINT('',(299.5,18.2,3.));
#7527 = VECTOR('',#7528,1.);
#7528 = DIRECTION('',(0.,0.,1.));
#7529 = PLANE('',#7530);
#7530 = AXIS2_PLACEMENT_3D('',#7531,#7532,#7533);
#7531 = CARTESIAN_POINT('',(213.5,18.2,3.));
#7532 = DIRECTION('',(-0.,1.,0.));
#7533 = DIRECTION('',(0.,0.,1.));
#7534 = ADVANCED_FACE('',(#7535),#7560,.F.);
#7535 = FACE_BOUND('',#7536,.F.);
#7536 = EDGE_LOOP('',(#7537,#7547,#7553,#7554));
#7537 = ORIENTED_EDGE('',*,*,#7538,.F.);
#7538 = EDGE_CURVE('',#7539,#7541,#7543,.T.);
#7539 = VERTEX_POINT('',#7540);
#7540 = CARTESIAN_POINT('',(218.,22.2,3.));
#7541 = VERTEX_POINT('',#7542);
#7542 = CARTESIAN_POINT('',(299.5,22.2,3.));
#7543 = LINE('',#7544,#7545);
#7544 = CARTESIAN_POINT('',(213.5,22.2,3.));
#7545 = VECTOR('',#7546,1.);
#7546 = DIRECTION('',(1.,0.,-0.));
#7547 = ORIENTED_EDGE('',*,*,#7548,.F.);
#7548 = EDGE_CURVE('',#7499,#7539,#7549,.T.);
#7549 = LINE('',#7550,#7551);
#7550 = CARTESIAN_POINT('',(218.,17.1,3.));
#7551 = VECTOR('',#7552,1.);
#7552 = DIRECTION('',(-0.,1.,0.));
#7553 = ORIENTED_EDGE('',*,*,#7498,.T.);
#7554 = ORIENTED_EDGE('',*,*,#7555,.T.);
#7555 = EDGE_CURVE('',#7501,#7541,#7556,.T.);
#7556 = LINE('',#7557,#7558);
#7557 = CARTESIAN_POINT('',(299.5,18.2,3.));
#7558 = VECTOR('',#7559,1.);
#7559 = DIRECTION('',(-0.,1.,0.));
#7560 = PLANE('',#7561);
#7561 = AXIS2_PLACEMENT_3D('',#7562,#7563,#7564);
#7562 = CARTESIAN_POINT('',(213.5,18.2,3.));
#7563 = DIRECTION('',(0.,0.,1.));
#7564 = DIRECTION('',(1.,0.,-0.));
#7565 = ADVANCED_FACE('',(#7566),#7584,.T.);
#7566 = FACE_BOUND('',#7567,.T.);
#7567 = EDGE_LOOP('',(#7568,#7569,#7570,#7578));
#7568 = ORIENTED_EDGE('',*,*,#7524,.F.);
#7569 = ORIENTED_EDGE('',*,*,#7555,.T.);
#7570 = ORIENTED_EDGE('',*,*,#7571,.T.);
#7571 = EDGE_CURVE('',#7541,#7572,#7574,.T.);
#7572 = VERTEX_POINT('',#7573);
#7573 = CARTESIAN_POINT('',(299.5,22.2,12.));
#7574 = LINE('',#7575,#7576);
#7575 = CARTESIAN_POINT('',(299.5,22.2,3.));
#7576 = VECTOR('',#7577,1.);
#7577 = DIRECTION('',(0.,0.,1.));
#7578 = ORIENTED_EDGE('',*,*,#7579,.F.);
#7579 = EDGE_CURVE('',#7517,#7572,#7580,.T.);
#7580 = LINE('',#7581,#7582);
#7581 = CARTESIAN_POINT('',(299.5,18.2,12.));
#7582 = VECTOR('',#7583,1.);
#7583 = DIRECTION('',(-0.,1.,0.));
#7584 = PLANE('',#7585);
#7585 = AXIS2_PLACEMENT_3D('',#7586,#7587,#7588);
#7586 = CARTESIAN_POINT('',(299.5,18.2,3.));
#7587 = DIRECTION('',(1.,0.,-0.));
#7588 = DIRECTION('',(0.,0.,1.));
#7589 = ADVANCED_FACE('',(#7590),#7608,.T.);
#7590 = FACE_BOUND('',#7591,.T.);
#7591 = EDGE_LOOP('',(#7592,#7600,#7606,#7607));
#7592 = ORIENTED_EDGE('',*,*,#7593,.F.);
#7593 = EDGE_CURVE('',#7594,#7572,#7596,.T.);
#7594 = VERTEX_POINT('',#7595);
#7595 = CARTESIAN_POINT('',(218.,22.2,12.));
#7596 = LINE('',#7597,#7598);
#7597 = CARTESIAN_POINT('',(213.5,22.2,12.));
#7598 = VECTOR('',#7599,1.);
#7599 = DIRECTION('',(1.,0.,-0.));
#7600 = ORIENTED_EDGE('',*,*,#7601,.F.);
#7601 = EDGE_CURVE('',#7509,#7594,#7602,.T.);
#7602 = LINE('',#7603,#7604);
#7603 = CARTESIAN_POINT('',(218.,17.1,12.));
#7604 = VECTOR('',#7605,1.);
#7605 = DIRECTION('',(-0.,1.,0.));
#7606 = ORIENTED_EDGE('',*,*,#7516,.T.);
#7607 = ORIENTED_EDGE('',*,*,#7579,.T.);
#7608 = PLANE('',#7609);
#7609 = AXIS2_PLACEMENT_3D('',#7610,#7611,#7612);
#7610 = CARTESIAN_POINT('',(213.5,18.2,12.));
#7611 = DIRECTION('',(0.,0.,1.));
#7612 = DIRECTION('',(1.,0.,-0.));
#7613 = ADVANCED_FACE('',(#7614),#7625,.F.);
#7614 = FACE_BOUND('',#7615,.F.);
#7615 = EDGE_LOOP('',(#7616,#7617,#7618,#7619));
#7616 = ORIENTED_EDGE('',*,*,#7601,.F.);
#7617 = ORIENTED_EDGE('',*,*,#7508,.T.);
#7618 = ORIENTED_EDGE('',*,*,#7548,.T.);
#7619 = ORIENTED_EDGE('',*,*,#7620,.F.);
#7620 = EDGE_CURVE('',#7594,#7539,#7621,.T.);
#7621 = LINE('',#7622,#7623);
#7622 = CARTESIAN_POINT('',(218.,22.2,2.3));
#7623 = VECTOR('',#7624,1.);
#7624 = DIRECTION('',(-0.,0.,-1.));
#7625 = PLANE('',#7626);
#7626 = AXIS2_PLACEMENT_3D('',#7627,#7628,#7629);
#7627 = CARTESIAN_POINT('',(218.,16.,1.6));
#7628 = DIRECTION('',(1.,0.,-0.));
#7629 = DIRECTION('',(0.,0.,1.));
#7630 = ADVANCED_FACE('',(#7631),#7637,.T.);
#7631 = FACE_BOUND('',#7632,.T.);
#7632 = EDGE_LOOP('',(#7633,#7634,#7635,#7636));
#7633 = ORIENTED_EDGE('',*,*,#7538,.F.);
#7634 = ORIENTED_EDGE('',*,*,#7620,.F.);
#7635 = ORIENTED_EDGE('',*,*,#7593,.T.);
#7636 = ORIENTED_EDGE('',*,*,#7571,.F.);
#7637 = PLANE('',#7638);
#7638 = AXIS2_PLACEMENT_3D('',#7639,#7640,#7641);
#7639 = CARTESIAN_POINT('',(213.5,22.2,3.));
#7640 = DIRECTION('',(-0.,1.,0.));
#7641 = DIRECTION('',(0.,0.,1.));
#7642 = ORIENTED_CLOSED_SHELL('',*,#7643,.F.);
#7643 = CLOSED_SHELL('',(#7644,#7700,#7747,#7778,#7841,#7858,#7875,#7897
    ,#7909,#7926,#7945));
#7644 = ADVANCED_FACE('',(#7645),#7695,.F.);
#7645 = FACE_BOUND('',#7646,.F.);
#7646 = EDGE_LOOP('',(#7647,#7657,#7665,#7673,#7681,#7689));
#7647 = ORIENTED_EDGE('',*,*,#7648,.F.);
#7648 = EDGE_CURVE('',#7649,#7651,#7653,.T.);
#7649 = VERTEX_POINT('',#7650);
#7650 = CARTESIAN_POINT('',(218.,58.84,12.));
#7651 = VERTEX_POINT('',#7652);
#7652 = CARTESIAN_POINT('',(218.,62.84,12.));
#7653 = LINE('',#7654,#7655);
#7654 = CARTESIAN_POINT('',(218.,57.74,12.));
#7655 = VECTOR('',#7656,1.);
#7656 = DIRECTION('',(-0.,1.,0.));
#7657 = ORIENTED_EDGE('',*,*,#7658,.T.);
#7658 = EDGE_CURVE('',#7649,#7659,#7661,.T.);
#7659 = VERTEX_POINT('',#7660);
#7660 = CARTESIAN_POINT('',(218.,58.84,3.));
#7661 = LINE('',#7662,#7663);
#7662 = CARTESIAN_POINT('',(218.,58.84,2.3));
#7663 = VECTOR('',#7664,1.);
#7664 = DIRECTION('',(-0.,0.,-1.));
#7665 = ORIENTED_EDGE('',*,*,#7666,.T.);
#7666 = EDGE_CURVE('',#7659,#7667,#7669,.T.);
#7667 = VERTEX_POINT('',#7668);
#7668 = CARTESIAN_POINT('',(218.,59.,3.));
#7669 = LINE('',#7670,#7671);
#7670 = CARTESIAN_POINT('',(218.,57.74,3.));
#7671 = VECTOR('',#7672,1.);
#7672 = DIRECTION('',(-0.,1.,0.));
#7673 = ORIENTED_EDGE('',*,*,#7674,.F.);
#7674 = EDGE_CURVE('',#7675,#7667,#7677,.T.);
#7675 = VERTEX_POINT('',#7676);
#7676 = CARTESIAN_POINT('',(218.,59.,10.));
#7677 = LINE('',#7678,#7679);
#7678 = CARTESIAN_POINT('',(218.,59.,1.6));
#7679 = VECTOR('',#7680,1.);
#7680 = DIRECTION('',(-0.,0.,-1.));
#7681 = ORIENTED_EDGE('',*,*,#7682,.T.);
#7682 = EDGE_CURVE('',#7675,#7683,#7685,.T.);
#7683 = VERTEX_POINT('',#7684);
#7684 = CARTESIAN_POINT('',(218.,62.84,10.));
#7685 = LINE('',#7686,#7687);
#7686 = CARTESIAN_POINT('',(218.,57.82,10.));
#7687 = VECTOR('',#7688,1.);
#7688 = DIRECTION('',(-0.,1.,0.));
#7689 = ORIENTED_EDGE('',*,*,#7690,.F.);
#7690 = EDGE_CURVE('',#7651,#7683,#7691,.T.);
#7691 = LINE('',#7692,#7693);
#7692 = CARTESIAN_POINT('',(218.,62.84,2.3));
#7693 = VECTOR('',#7694,1.);
#7694 = DIRECTION('',(-0.,0.,-1.));
#7695 = PLANE('',#7696);
#7696 = AXIS2_PLACEMENT_3D('',#7697,#7698,#7699);
#7697 = CARTESIAN_POINT('',(218.,56.64,1.6));
#7698 = DIRECTION('',(1.,0.,-0.));
#7699 = DIRECTION('',(0.,0.,1.));
#7700 = ADVANCED_FACE('',(#7701),#7742,.F.);
#7701 = FACE_BOUND('',#7702,.F.);
#7702 = EDGE_LOOP('',(#7703,#7713,#7721,#7727,#7728,#7736));
#7703 = ORIENTED_EDGE('',*,*,#7704,.F.);
#7704 = EDGE_CURVE('',#7705,#7707,#7709,.T.);
#7705 = VERTEX_POINT('',#7706);
#7706 = CARTESIAN_POINT('',(237.35,62.84,3.));
#7707 = VERTEX_POINT('',#7708);
#7708 = CARTESIAN_POINT('',(299.5,62.84,3.));
#7709 = LINE('',#7710,#7711);
#7710 = CARTESIAN_POINT('',(213.5,62.84,3.));
#7711 = VECTOR('',#7712,1.);
#7712 = DIRECTION('',(1.,0.,-0.));
#7713 = ORIENTED_EDGE('',*,*,#7714,.T.);
#7714 = EDGE_CURVE('',#7705,#7715,#7717,.T.);
#7715 = VERTEX_POINT('',#7716);
#7716 = CARTESIAN_POINT('',(237.35,59.,3.));
#7717 = LINE('',#7718,#7719);
#7718 = CARTESIAN_POINT('',(237.35,58.92,3.));
#7719 = VECTOR('',#7720,1.);
#7720 = DIRECTION('',(0.,-1.,0.));
#7721 = ORIENTED_EDGE('',*,*,#7722,.F.);
#7722 = EDGE_CURVE('',#7667,#7715,#7723,.T.);
#7723 = LINE('',#7724,#7725);
#7724 = CARTESIAN_POINT('',(158.75,59.,3.));
#7725 = VECTOR('',#7726,1.);
#7726 = DIRECTION('',(1.,0.,-0.));
#7727 = ORIENTED_EDGE('',*,*,#7666,.F.);
#7728 = ORIENTED_EDGE('',*,*,#7729,.T.);
#7729 = EDGE_CURVE('',#7659,#7730,#7732,.T.);
#7730 = VERTEX_POINT('',#7731);
#7731 = CARTESIAN_POINT('',(299.5,58.84,3.));
#7732 = LINE('',#7733,#7734);
#7733 = CARTESIAN_POINT('',(213.5,58.84,3.));
#7734 = VECTOR('',#7735,1.);
#7735 = DIRECTION('',(1.,0.,-0.));
#7736 = ORIENTED_EDGE('',*,*,#7737,.T.);
#7737 = EDGE_CURVE('',#7730,#7707,#7738,.T.);
#7738 = LINE('',#7739,#7740);
#7739 = CARTESIAN_POINT('',(299.5,58.84,3.));
#7740 = VECTOR('',#7741,1.);
#7741 = DIRECTION('',(-0.,1.,0.));
#7742 = PLANE('',#7743);
#7743 = AXIS2_PLACEMENT_3D('',#7744,#7745,#7746);
#7744 = CARTESIAN_POINT('',(213.5,58.84,3.));
#7745 = DIRECTION('',(0.,0.,1.));
#7746 = DIRECTION('',(1.,0.,-0.));
#7747 = ADVANCED_FACE('',(#7748),#7773,.F.);
#7748 = FACE_BOUND('',#7749,.F.);
#7749 = EDGE_LOOP('',(#7750,#7751,#7759,#7767));
#7750 = ORIENTED_EDGE('',*,*,#7682,.F.);
#7751 = ORIENTED_EDGE('',*,*,#7752,.T.);
#7752 = EDGE_CURVE('',#7675,#7753,#7755,.T.);
#7753 = VERTEX_POINT('',#7754);
#7754 = CARTESIAN_POINT('',(232.35,59.,10.));
#7755 = LINE('',#7756,#7757);
#7756 = CARTESIAN_POINT('',(104.,59.,10.));
#7757 = VECTOR('',#7758,1.);
#7758 = DIRECTION('',(1.,0.,-0.));
#7759 = ORIENTED_EDGE('',*,*,#7760,.T.);
#7760 = EDGE_CURVE('',#7753,#7761,#7763,.T.);
#7761 = VERTEX_POINT('',#7762);
#7762 = CARTESIAN_POINT('',(232.35,62.84,10.));
#7763 = LINE('',#7764,#7765);
#7764 = CARTESIAN_POINT('',(232.35,59.,10.));
#7765 = VECTOR('',#7766,1.);
#7766 = DIRECTION('',(-0.,1.,0.));
#7767 = ORIENTED_EDGE('',*,*,#7768,.T.);
#7768 = EDGE_CURVE('',#7761,#7683,#7769,.T.);
#7769 = LINE('',#7770,#7771);
#7770 = CARTESIAN_POINT('',(158.75,62.84,10.));
#7771 = VECTOR('',#7772,1.);
#7772 = DIRECTION('',(-1.,-0.,0.));
#7773 = PLANE('',#7774);
#7774 = AXIS2_PLACEMENT_3D('',#7775,#7776,#7777);
#7775 = CARTESIAN_POINT('',(104.,59.,10.));
#7776 = DIRECTION('',(0.,0.,1.));
#7777 = DIRECTION('',(1.,0.,-0.));
#7778 = ADVANCED_FACE('',(#7779),#7836,.T.);
#7779 = FACE_BOUND('',#7780,.T.);
#7780 = EDGE_LOOP('',(#7781,#7789,#7790,#7798,#7806,#7814,#7822,#7830));
#7781 = ORIENTED_EDGE('',*,*,#7782,.F.);
#7782 = EDGE_CURVE('',#7651,#7783,#7785,.T.);
#7783 = VERTEX_POINT('',#7784);
#7784 = CARTESIAN_POINT('',(232.35,62.84,12.));
#7785 = LINE('',#7786,#7787);
#7786 = CARTESIAN_POINT('',(213.5,62.84,12.));
#7787 = VECTOR('',#7788,1.);
#7788 = DIRECTION('',(1.,0.,-0.));
#7789 = ORIENTED_EDGE('',*,*,#7648,.F.);
#7790 = ORIENTED_EDGE('',*,*,#7791,.T.);
#7791 = EDGE_CURVE('',#7649,#7792,#7794,.T.);
#7792 = VERTEX_POINT('',#7793);
#7793 = CARTESIAN_POINT('',(299.5,58.84,12.));
#7794 = LINE('',#7795,#7796);
#7795 = CARTESIAN_POINT('',(213.5,58.84,12.));
#7796 = VECTOR('',#7797,1.);
#7797 = DIRECTION('',(1.,0.,-0.));
#7798 = ORIENTED_EDGE('',*,*,#7799,.T.);
#7799 = EDGE_CURVE('',#7792,#7800,#7802,.T.);
#7800 = VERTEX_POINT('',#7801);
#7801 = CARTESIAN_POINT('',(299.5,62.84,12.));
#7802 = LINE('',#7803,#7804);
#7803 = CARTESIAN_POINT('',(299.5,58.84,12.));
#7804 = VECTOR('',#7805,1.);
#7805 = DIRECTION('',(-0.,1.,0.));
#7806 = ORIENTED_EDGE('',*,*,#7807,.F.);
#7807 = EDGE_CURVE('',#7808,#7800,#7810,.T.);
#7808 = VERTEX_POINT('',#7809);
#7809 = CARTESIAN_POINT('',(237.35,62.84,12.));
#7810 = LINE('',#7811,#7812);
#7811 = CARTESIAN_POINT('',(213.5,62.84,12.));
#7812 = VECTOR('',#7813,1.);
#7813 = DIRECTION('',(1.,0.,-0.));
#7814 = ORIENTED_EDGE('',*,*,#7815,.T.);
#7815 = EDGE_CURVE('',#7808,#7816,#7818,.T.);
#7816 = VERTEX_POINT('',#7817);
#7817 = CARTESIAN_POINT('',(237.35,59.,12.));
#7818 = LINE('',#7819,#7820);
#7819 = CARTESIAN_POINT('',(237.35,58.92,12.));
#7820 = VECTOR('',#7821,1.);
#7821 = DIRECTION('',(0.,-1.,0.));
#7822 = ORIENTED_EDGE('',*,*,#7823,.F.);
#7823 = EDGE_CURVE('',#7824,#7816,#7826,.T.);
#7824 = VERTEX_POINT('',#7825);
#7825 = CARTESIAN_POINT('',(232.35,59.,12.));
#7826 = LINE('',#7827,#7828);
#7827 = CARTESIAN_POINT('',(222.925,59.,12.));
#7828 = VECTOR('',#7829,1.);
#7829 = DIRECTION('',(1.,0.,-0.));
#7830 = ORIENTED_EDGE('',*,*,#7831,.F.);
#7831 = EDGE_CURVE('',#7783,#7824,#7832,.T.);
#7832 = LINE('',#7833,#7834);
#7833 = CARTESIAN_POINT('',(232.35,58.92,12.));
#7834 = VECTOR('',#7835,1.);
#7835 = DIRECTION('',(0.,-1.,0.));
#7836 = PLANE('',#7837);
#7837 = AXIS2_PLACEMENT_3D('',#7838,#7839,#7840);
#7838 = CARTESIAN_POINT('',(213.5,58.84,12.));
#7839 = DIRECTION('',(0.,0.,1.));
#7840 = DIRECTION('',(1.,0.,-0.));
#7841 = ADVANCED_FACE('',(#7842),#7853,.T.);
#7842 = FACE_BOUND('',#7843,.T.);
#7843 = EDGE_LOOP('',(#7844,#7845,#7846,#7847));
#7844 = ORIENTED_EDGE('',*,*,#7768,.T.);
#7845 = ORIENTED_EDGE('',*,*,#7690,.F.);
#7846 = ORIENTED_EDGE('',*,*,#7782,.T.);
#7847 = ORIENTED_EDGE('',*,*,#7848,.F.);
#7848 = EDGE_CURVE('',#7761,#7783,#7849,.T.);
#7849 = LINE('',#7850,#7851);
#7850 = CARTESIAN_POINT('',(232.35,62.84,2.3));
#7851 = VECTOR('',#7852,1.);
#7852 = DIRECTION('',(0.,0.,1.));
#7853 = PLANE('',#7854);
#7854 = AXIS2_PLACEMENT_3D('',#7855,#7856,#7857);
#7855 = CARTESIAN_POINT('',(213.5,62.84,3.));
#7856 = DIRECTION('',(-0.,1.,0.));
#7857 = DIRECTION('',(0.,0.,1.));
#7858 = ADVANCED_FACE('',(#7859),#7870,.F.);
#7859 = FACE_BOUND('',#7860,.F.);
#7860 = EDGE_LOOP('',(#7861,#7862,#7863,#7864));
#7861 = ORIENTED_EDGE('',*,*,#7729,.F.);
#7862 = ORIENTED_EDGE('',*,*,#7658,.F.);
#7863 = ORIENTED_EDGE('',*,*,#7791,.T.);
#7864 = ORIENTED_EDGE('',*,*,#7865,.F.);
#7865 = EDGE_CURVE('',#7730,#7792,#7866,.T.);
#7866 = LINE('',#7867,#7868);
#7867 = CARTESIAN_POINT('',(299.5,58.84,3.));
#7868 = VECTOR('',#7869,1.);
#7869 = DIRECTION('',(0.,0.,1.));
#7870 = PLANE('',#7871);
#7871 = AXIS2_PLACEMENT_3D('',#7872,#7873,#7874);
#7872 = CARTESIAN_POINT('',(213.5,58.84,3.));
#7873 = DIRECTION('',(-0.,1.,0.));
#7874 = DIRECTION('',(0.,0.,1.));
#7875 = ADVANCED_FACE('',(#7876),#7892,.T.);
#7876 = FACE_BOUND('',#7877,.T.);
#7877 = EDGE_LOOP('',(#7878,#7879,#7885,#7886));
#7878 = ORIENTED_EDGE('',*,*,#7704,.F.);
#7879 = ORIENTED_EDGE('',*,*,#7880,.T.);
#7880 = EDGE_CURVE('',#7705,#7808,#7881,.T.);
#7881 = LINE('',#7882,#7883);
#7882 = CARTESIAN_POINT('',(237.35,62.84,2.3));
#7883 = VECTOR('',#7884,1.);
#7884 = DIRECTION('',(0.,0.,1.));
#7885 = ORIENTED_EDGE('',*,*,#7807,.T.);
#7886 = ORIENTED_EDGE('',*,*,#7887,.F.);
#7887 = EDGE_CURVE('',#7707,#7800,#7888,.T.);
#7888 = LINE('',#7889,#7890);
#7889 = CARTESIAN_POINT('',(299.5,62.84,3.));
#7890 = VECTOR('',#7891,1.);
#7891 = DIRECTION('',(0.,0.,1.));
#7892 = PLANE('',#7893);
#7893 = AXIS2_PLACEMENT_3D('',#7894,#7895,#7896);
#7894 = CARTESIAN_POINT('',(213.5,62.84,3.));
#7895 = DIRECTION('',(-0.,1.,0.));
#7896 = DIRECTION('',(0.,0.,1.));
#7897 = ADVANCED_FACE('',(#7898),#7904,.T.);
#7898 = FACE_BOUND('',#7899,.T.);
#7899 = EDGE_LOOP('',(#7900,#7901,#7902,#7903));
#7900 = ORIENTED_EDGE('',*,*,#7865,.F.);
#7901 = ORIENTED_EDGE('',*,*,#7737,.T.);
#7902 = ORIENTED_EDGE('',*,*,#7887,.T.);
#7903 = ORIENTED_EDGE('',*,*,#7799,.F.);
#7904 = PLANE('',#7905);
#7905 = AXIS2_PLACEMENT_3D('',#7906,#7907,#7908);
#7906 = CARTESIAN_POINT('',(299.5,58.84,3.));
#7907 = DIRECTION('',(1.,0.,-0.));
#7908 = DIRECTION('',(0.,0.,1.));
#7909 = ADVANCED_FACE('',(#7910),#7921,.T.);
#7910 = FACE_BOUND('',#7911,.T.);
#7911 = EDGE_LOOP('',(#7912,#7918,#7919,#7920));
#7912 = ORIENTED_EDGE('',*,*,#7913,.F.);
#7913 = EDGE_CURVE('',#7753,#7824,#7914,.T.);
#7914 = LINE('',#7915,#7916);
#7915 = CARTESIAN_POINT('',(232.35,59.,1.6));
#7916 = VECTOR('',#7917,1.);
#7917 = DIRECTION('',(0.,0.,1.));
#7918 = ORIENTED_EDGE('',*,*,#7760,.T.);
#7919 = ORIENTED_EDGE('',*,*,#7848,.T.);
#7920 = ORIENTED_EDGE('',*,*,#7831,.T.);
#7921 = PLANE('',#7922);
#7922 = AXIS2_PLACEMENT_3D('',#7923,#7924,#7925);
#7923 = CARTESIAN_POINT('',(232.35,59.,1.6));
#7924 = DIRECTION('',(1.,0.,-0.));
#7925 = DIRECTION('',(0.,0.,1.));
#7926 = ADVANCED_FACE('',(#7927),#7940,.F.);
#7927 = FACE_BOUND('',#7928,.F.);
#7928 = EDGE_LOOP('',(#7929,#7930,#7931,#7937,#7938,#7939));
#7929 = ORIENTED_EDGE('',*,*,#7674,.T.);
#7930 = ORIENTED_EDGE('',*,*,#7722,.T.);
#7931 = ORIENTED_EDGE('',*,*,#7932,.T.);
#7932 = EDGE_CURVE('',#7715,#7816,#7933,.T.);
#7933 = LINE('',#7934,#7935);
#7934 = CARTESIAN_POINT('',(237.35,59.,1.6));
#7935 = VECTOR('',#7936,1.);
#7936 = DIRECTION('',(0.,0.,1.));
#7937 = ORIENTED_EDGE('',*,*,#7823,.F.);
#7938 = ORIENTED_EDGE('',*,*,#7913,.F.);
#7939 = ORIENTED_EDGE('',*,*,#7752,.F.);
#7940 = PLANE('',#7941);
#7941 = AXIS2_PLACEMENT_3D('',#7942,#7943,#7944);
#7942 = CARTESIAN_POINT('',(228.1811728395,59.,6.993827160494));
#7943 = DIRECTION('',(-0.,-1.,-0.));
#7944 = DIRECTION('',(0.,0.,-1.));
#7945 = ADVANCED_FACE('',(#7946),#7952,.F.);
#7946 = FACE_BOUND('',#7947,.F.);
#7947 = EDGE_LOOP('',(#7948,#7949,#7950,#7951));
#7948 = ORIENTED_EDGE('',*,*,#7932,.F.);
#7949 = ORIENTED_EDGE('',*,*,#7714,.F.);
#7950 = ORIENTED_EDGE('',*,*,#7880,.T.);
#7951 = ORIENTED_EDGE('',*,*,#7815,.T.);
#7952 = PLANE('',#7953);
#7953 = AXIS2_PLACEMENT_3D('',#7954,#7955,#7956);
#7954 = CARTESIAN_POINT('',(237.35,60.92,7.5));
#7955 = DIRECTION('',(1.,0.,0.));
#7956 = DIRECTION('',(-0.,0.,1.));
#7957 = ORIENTED_CLOSED_SHELL('',*,#7958,.F.);
#7958 = CLOSED_SHELL('',(#7959,#7999,#8030,#8054,#8078,#8095));
#7959 = ADVANCED_FACE('',(#7960),#7994,.F.);
#7960 = FACE_BOUND('',#7961,.F.);
#7961 = EDGE_LOOP('',(#7962,#7972,#7980,#7988));
#7962 = ORIENTED_EDGE('',*,*,#7963,.F.);
#7963 = EDGE_CURVE('',#7964,#7966,#7968,.T.);
#7964 = VERTEX_POINT('',#7965);
#7965 = CARTESIAN_POINT('',(218.,99.48,3.));
#7966 = VERTEX_POINT('',#7967);
#7967 = CARTESIAN_POINT('',(299.5,99.48,3.));
#7968 = LINE('',#7969,#7970);
#7969 = CARTESIAN_POINT('',(213.5,99.48,3.));
#7970 = VECTOR('',#7971,1.);
#7971 = DIRECTION('',(1.,0.,-0.));
#7972 = ORIENTED_EDGE('',*,*,#7973,.F.);
#7973 = EDGE_CURVE('',#7974,#7964,#7976,.T.);
#7974 = VERTEX_POINT('',#7975);
#7975 = CARTESIAN_POINT('',(218.,99.48,12.));
#7976 = LINE('',#7977,#7978);
#7977 = CARTESIAN_POINT('',(218.,99.48,2.3));
#7978 = VECTOR('',#7979,1.);
#7979 = DIRECTION('',(-0.,0.,-1.));
#7980 = ORIENTED_EDGE('',*,*,#7981,.T.);
#7981 = EDGE_CURVE('',#7974,#7982,#7984,.T.);
#7982 = VERTEX_POINT('',#7983);
#7983 = CARTESIAN_POINT('',(299.5,99.48,12.));
#7984 = LINE('',#7985,#7986);
#7985 = CARTESIAN_POINT('',(213.5,99.48,12.));
#7986 = VECTOR('',#7987,1.);
#7987 = DIRECTION('',(1.,0.,-0.));
#7988 = ORIENTED_EDGE('',*,*,#7989,.F.);
#7989 = EDGE_CURVE('',#7966,#7982,#7990,.T.);
#7990 = LINE('',#7991,#7992);
#7991 = CARTESIAN_POINT('',(299.5,99.48,3.));
#7992 = VECTOR('',#7993,1.);
#7993 = DIRECTION('',(0.,0.,1.));
#7994 = PLANE('',#7995);
#7995 = AXIS2_PLACEMENT_3D('',#7996,#7997,#7998);
#7996 = CARTESIAN_POINT('',(213.5,99.48,3.));
#7997 = DIRECTION('',(-0.,1.,0.));
#7998 = DIRECTION('',(0.,0.,1.));
#7999 = ADVANCED_FACE('',(#8000),#8025,.F.);
#8000 = FACE_BOUND('',#8001,.F.);
#8001 = EDGE_LOOP('',(#8002,#8012,#8018,#8019));
#8002 = ORIENTED_EDGE('',*,*,#8003,.F.);
#8003 = EDGE_CURVE('',#8004,#8006,#8008,.T.);
#8004 = VERTEX_POINT('',#8005);
#8005 = CARTESIAN_POINT('',(218.,103.48,3.));
#8006 = VERTEX_POINT('',#8007);
#8007 = CARTESIAN_POINT('',(299.5,103.48,3.));
#8008 = LINE('',#8009,#8010);
#8009 = CARTESIAN_POINT('',(213.5,103.48,3.));
#8010 = VECTOR('',#8011,1.);
#8011 = DIRECTION('',(1.,0.,-0.));
#8012 = ORIENTED_EDGE('',*,*,#8013,.F.);
#8013 = EDGE_CURVE('',#7964,#8004,#8014,.T.);
#8014 = LINE('',#8015,#8016);
#8015 = CARTESIAN_POINT('',(218.,98.38,3.));
#8016 = VECTOR('',#8017,1.);
#8017 = DIRECTION('',(-0.,1.,0.));
#8018 = ORIENTED_EDGE('',*,*,#7963,.T.);
#8019 = ORIENTED_EDGE('',*,*,#8020,.T.);
#8020 = EDGE_CURVE('',#7966,#8006,#8021,.T.);
#8021 = LINE('',#8022,#8023);
#8022 = CARTESIAN_POINT('',(299.5,99.48,3.));
#8023 = VECTOR('',#8024,1.);
#8024 = DIRECTION('',(-0.,1.,0.));
#8025 = PLANE('',#8026);
#8026 = AXIS2_PLACEMENT_3D('',#8027,#8028,#8029);
#8027 = CARTESIAN_POINT('',(213.5,99.48,3.));
#8028 = DIRECTION('',(0.,0.,1.));
#8029 = DIRECTION('',(1.,0.,-0.));
#8030 = ADVANCED_FACE('',(#8031),#8049,.T.);
#8031 = FACE_BOUND('',#8032,.T.);
#8032 = EDGE_LOOP('',(#8033,#8034,#8035,#8043));
#8033 = ORIENTED_EDGE('',*,*,#7989,.F.);
#8034 = ORIENTED_EDGE('',*,*,#8020,.T.);
#8035 = ORIENTED_EDGE('',*,*,#8036,.T.);
#8036 = EDGE_CURVE('',#8006,#8037,#8039,.T.);
#8037 = VERTEX_POINT('',#8038);
#8038 = CARTESIAN_POINT('',(299.5,103.48,12.));
#8039 = LINE('',#8040,#8041);
#8040 = CARTESIAN_POINT('',(299.5,103.48,3.));
#8041 = VECTOR('',#8042,1.);
#8042 = DIRECTION('',(0.,0.,1.));
#8043 = ORIENTED_EDGE('',*,*,#8044,.F.);
#8044 = EDGE_CURVE('',#7982,#8037,#8045,.T.);
#8045 = LINE('',#8046,#8047);
#8046 = CARTESIAN_POINT('',(299.5,99.48,12.));
#8047 = VECTOR('',#8048,1.);
#8048 = DIRECTION('',(-0.,1.,0.));
#8049 = PLANE('',#8050);
#8050 = AXIS2_PLACEMENT_3D('',#8051,#8052,#8053);
#8051 = CARTESIAN_POINT('',(299.5,99.48,3.));
#8052 = DIRECTION('',(1.,0.,-0.));
#8053 = DIRECTION('',(0.,0.,1.));
#8054 = ADVANCED_FACE('',(#8055),#8073,.T.);
#8055 = FACE_BOUND('',#8056,.T.);
#8056 = EDGE_LOOP('',(#8057,#8065,#8071,#8072));
#8057 = ORIENTED_EDGE('',*,*,#8058,.F.);
#8058 = EDGE_CURVE('',#8059,#8037,#8061,.T.);
#8059 = VERTEX_POINT('',#8060);
#8060 = CARTESIAN_POINT('',(218.,103.48,12.));
#8061 = LINE('',#8062,#8063);
#8062 = CARTESIAN_POINT('',(213.5,103.48,12.));
#8063 = VECTOR('',#8064,1.);
#8064 = DIRECTION('',(1.,0.,-0.));
#8065 = ORIENTED_EDGE('',*,*,#8066,.F.);
#8066 = EDGE_CURVE('',#7974,#8059,#8067,.T.);
#8067 = LINE('',#8068,#8069);
#8068 = CARTESIAN_POINT('',(218.,98.38,12.));
#8069 = VECTOR('',#8070,1.);
#8070 = DIRECTION('',(-0.,1.,0.));
#8071 = ORIENTED_EDGE('',*,*,#7981,.T.);
#8072 = ORIENTED_EDGE('',*,*,#8044,.T.);
#8073 = PLANE('',#8074);
#8074 = AXIS2_PLACEMENT_3D('',#8075,#8076,#8077);
#8075 = CARTESIAN_POINT('',(213.5,99.48,12.));
#8076 = DIRECTION('',(0.,0.,1.));
#8077 = DIRECTION('',(1.,0.,-0.));
#8078 = ADVANCED_FACE('',(#8079),#8090,.F.);
#8079 = FACE_BOUND('',#8080,.F.);
#8080 = EDGE_LOOP('',(#8081,#8082,#8083,#8084));
#8081 = ORIENTED_EDGE('',*,*,#8066,.F.);
#8082 = ORIENTED_EDGE('',*,*,#7973,.T.);
#8083 = ORIENTED_EDGE('',*,*,#8013,.T.);
#8084 = ORIENTED_EDGE('',*,*,#8085,.F.);
#8085 = EDGE_CURVE('',#8059,#8004,#8086,.T.);
#8086 = LINE('',#8087,#8088);
#8087 = CARTESIAN_POINT('',(218.,103.48,2.3));
#8088 = VECTOR('',#8089,1.);
#8089 = DIRECTION('',(-0.,0.,-1.));
#8090 = PLANE('',#8091);
#8091 = AXIS2_PLACEMENT_3D('',#8092,#8093,#8094);
#8092 = CARTESIAN_POINT('',(218.,97.28,1.6));
#8093 = DIRECTION('',(1.,0.,-0.));
#8094 = DIRECTION('',(0.,0.,1.));
#8095 = ADVANCED_FACE('',(#8096),#8102,.T.);
#8096 = FACE_BOUND('',#8097,.T.);
#8097 = EDGE_LOOP('',(#8098,#8099,#8100,#8101));
#8098 = ORIENTED_EDGE('',*,*,#8003,.F.);
#8099 = ORIENTED_EDGE('',*,*,#8085,.F.);
#8100 = ORIENTED_EDGE('',*,*,#8058,.T.);
#8101 = ORIENTED_EDGE('',*,*,#8036,.F.);
#8102 = PLANE('',#8103);
#8103 = AXIS2_PLACEMENT_3D('',#8104,#8105,#8106);
#8104 = CARTESIAN_POINT('',(213.5,103.48,3.));
#8105 = DIRECTION('',(-0.,1.,0.));
#8106 = DIRECTION('',(0.,0.,1.));
#8107 = ORIENTED_CLOSED_SHELL('',*,#8108,.F.);
#8108 = CLOSED_SHELL('',(#8109,#8149,#8180,#8204,#8228,#8245));
#8109 = ADVANCED_FACE('',(#8110),#8144,.F.);
#8110 = FACE_BOUND('',#8111,.F.);
#8111 = EDGE_LOOP('',(#8112,#8122,#8130,#8138));
#8112 = ORIENTED_EDGE('',*,*,#8113,.F.);
#8113 = EDGE_CURVE('',#8114,#8116,#8118,.T.);
#8114 = VERTEX_POINT('',#8115);
#8115 = CARTESIAN_POINT('',(218.,140.12,3.));
#8116 = VERTEX_POINT('',#8117);
#8117 = CARTESIAN_POINT('',(299.5,140.12,3.));
#8118 = LINE('',#8119,#8120);
#8119 = CARTESIAN_POINT('',(213.5,140.12,3.));
#8120 = VECTOR('',#8121,1.);
#8121 = DIRECTION('',(1.,0.,-0.));
#8122 = ORIENTED_EDGE('',*,*,#8123,.F.);
#8123 = EDGE_CURVE('',#8124,#8114,#8126,.T.);
#8124 = VERTEX_POINT('',#8125);
#8125 = CARTESIAN_POINT('',(218.,140.12,12.));
#8126 = LINE('',#8127,#8128);
#8127 = CARTESIAN_POINT('',(218.,140.12,2.3));
#8128 = VECTOR('',#8129,1.);
#8129 = DIRECTION('',(-0.,0.,-1.));
#8130 = ORIENTED_EDGE('',*,*,#8131,.T.);
#8131 = EDGE_CURVE('',#8124,#8132,#8134,.T.);
#8132 = VERTEX_POINT('',#8133);
#8133 = CARTESIAN_POINT('',(299.5,140.12,12.));
#8134 = LINE('',#8135,#8136);
#8135 = CARTESIAN_POINT('',(213.5,140.12,12.));
#8136 = VECTOR('',#8137,1.);
#8137 = DIRECTION('',(1.,0.,-0.));
#8138 = ORIENTED_EDGE('',*,*,#8139,.F.);
#8139 = EDGE_CURVE('',#8116,#8132,#8140,.T.);
#8140 = LINE('',#8141,#8142);
#8141 = CARTESIAN_POINT('',(299.5,140.12,3.));
#8142 = VECTOR('',#8143,1.);
#8143 = DIRECTION('',(0.,0.,1.));
#8144 = PLANE('',#8145);
#8145 = AXIS2_PLACEMENT_3D('',#8146,#8147,#8148);
#8146 = CARTESIAN_POINT('',(213.5,140.12,3.));
#8147 = DIRECTION('',(-0.,1.,0.));
#8148 = DIRECTION('',(0.,0.,1.));
#8149 = ADVANCED_FACE('',(#8150),#8175,.F.);
#8150 = FACE_BOUND('',#8151,.F.);
#8151 = EDGE_LOOP('',(#8152,#8162,#8168,#8169));
#8152 = ORIENTED_EDGE('',*,*,#8153,.F.);
#8153 = EDGE_CURVE('',#8154,#8156,#8158,.T.);
#8154 = VERTEX_POINT('',#8155);
#8155 = CARTESIAN_POINT('',(218.,144.12,3.));
#8156 = VERTEX_POINT('',#8157);
#8157 = CARTESIAN_POINT('',(299.5,144.12,3.));
#8158 = LINE('',#8159,#8160);
#8159 = CARTESIAN_POINT('',(213.5,144.12,3.));
#8160 = VECTOR('',#8161,1.);
#8161 = DIRECTION('',(1.,0.,-0.));
#8162 = ORIENTED_EDGE('',*,*,#8163,.F.);
#8163 = EDGE_CURVE('',#8114,#8154,#8164,.T.);
#8164 = LINE('',#8165,#8166);
#8165 = CARTESIAN_POINT('',(218.,139.02,3.));
#8166 = VECTOR('',#8167,1.);
#8167 = DIRECTION('',(-0.,1.,0.));
#8168 = ORIENTED_EDGE('',*,*,#8113,.T.);
#8169 = ORIENTED_EDGE('',*,*,#8170,.T.);
#8170 = EDGE_CURVE('',#8116,#8156,#8171,.T.);
#8171 = LINE('',#8172,#8173);
#8172 = CARTESIAN_POINT('',(299.5,140.12,3.));
#8173 = VECTOR('',#8174,1.);
#8174 = DIRECTION('',(-0.,1.,0.));
#8175 = PLANE('',#8176);
#8176 = AXIS2_PLACEMENT_3D('',#8177,#8178,#8179);
#8177 = CARTESIAN_POINT('',(213.5,140.12,3.));
#8178 = DIRECTION('',(0.,0.,1.));
#8179 = DIRECTION('',(1.,0.,-0.));
#8180 = ADVANCED_FACE('',(#8181),#8199,.T.);
#8181 = FACE_BOUND('',#8182,.T.);
#8182 = EDGE_LOOP('',(#8183,#8184,#8185,#8193));
#8183 = ORIENTED_EDGE('',*,*,#8139,.F.);
#8184 = ORIENTED_EDGE('',*,*,#8170,.T.);
#8185 = ORIENTED_EDGE('',*,*,#8186,.T.);
#8186 = EDGE_CURVE('',#8156,#8187,#8189,.T.);
#8187 = VERTEX_POINT('',#8188);
#8188 = CARTESIAN_POINT('',(299.5,144.12,12.));
#8189 = LINE('',#8190,#8191);
#8190 = CARTESIAN_POINT('',(299.5,144.12,3.));
#8191 = VECTOR('',#8192,1.);
#8192 = DIRECTION('',(0.,0.,1.));
#8193 = ORIENTED_EDGE('',*,*,#8194,.F.);
#8194 = EDGE_CURVE('',#8132,#8187,#8195,.T.);
#8195 = LINE('',#8196,#8197);
#8196 = CARTESIAN_POINT('',(299.5,140.12,12.));
#8197 = VECTOR('',#8198,1.);
#8198 = DIRECTION('',(-0.,1.,0.));
#8199 = PLANE('',#8200);
#8200 = AXIS2_PLACEMENT_3D('',#8201,#8202,#8203);
#8201 = CARTESIAN_POINT('',(299.5,140.12,3.));
#8202 = DIRECTION('',(1.,0.,-0.));
#8203 = DIRECTION('',(0.,0.,1.));
#8204 = ADVANCED_FACE('',(#8205),#8223,.T.);
#8205 = FACE_BOUND('',#8206,.T.);
#8206 = EDGE_LOOP('',(#8207,#8215,#8221,#8222));
#8207 = ORIENTED_EDGE('',*,*,#8208,.F.);
#8208 = EDGE_CURVE('',#8209,#8187,#8211,.T.);
#8209 = VERTEX_POINT('',#8210);
#8210 = CARTESIAN_POINT('',(218.,144.12,12.));
#8211 = LINE('',#8212,#8213);
#8212 = CARTESIAN_POINT('',(213.5,144.12,12.));
#8213 = VECTOR('',#8214,1.);
#8214 = DIRECTION('',(1.,0.,-0.));
#8215 = ORIENTED_EDGE('',*,*,#8216,.F.);
#8216 = EDGE_CURVE('',#8124,#8209,#8217,.T.);
#8217 = LINE('',#8218,#8219);
#8218 = CARTESIAN_POINT('',(218.,139.02,12.));
#8219 = VECTOR('',#8220,1.);
#8220 = DIRECTION('',(-0.,1.,0.));
#8221 = ORIENTED_EDGE('',*,*,#8131,.T.);
#8222 = ORIENTED_EDGE('',*,*,#8194,.T.);
#8223 = PLANE('',#8224);
#8224 = AXIS2_PLACEMENT_3D('',#8225,#8226,#8227);
#8225 = CARTESIAN_POINT('',(213.5,140.12,12.));
#8226 = DIRECTION('',(0.,0.,1.));
#8227 = DIRECTION('',(1.,0.,-0.));
#8228 = ADVANCED_FACE('',(#8229),#8240,.F.);
#8229 = FACE_BOUND('',#8230,.F.);
#8230 = EDGE_LOOP('',(#8231,#8232,#8233,#8234));
#8231 = ORIENTED_EDGE('',*,*,#8216,.F.);
#8232 = ORIENTED_EDGE('',*,*,#8123,.T.);
#8233 = ORIENTED_EDGE('',*,*,#8163,.T.);
#8234 = ORIENTED_EDGE('',*,*,#8235,.F.);
#8235 = EDGE_CURVE('',#8209,#8154,#8236,.T.);
#8236 = LINE('',#8237,#8238);
#8237 = CARTESIAN_POINT('',(218.,144.12,2.3));
#8238 = VECTOR('',#8239,1.);
#8239 = DIRECTION('',(-0.,0.,-1.));
#8240 = PLANE('',#8241);
#8241 = AXIS2_PLACEMENT_3D('',#8242,#8243,#8244);
#8242 = CARTESIAN_POINT('',(218.,137.92,1.6));
#8243 = DIRECTION('',(1.,0.,-0.));
#8244 = DIRECTION('',(0.,0.,1.));
#8245 = ADVANCED_FACE('',(#8246),#8252,.T.);
#8246 = FACE_BOUND('',#8247,.T.);
#8247 = EDGE_LOOP('',(#8248,#8249,#8250,#8251));
#8248 = ORIENTED_EDGE('',*,*,#8153,.F.);
#8249 = ORIENTED_EDGE('',*,*,#8235,.F.);
#8250 = ORIENTED_EDGE('',*,*,#8208,.T.);
#8251 = ORIENTED_EDGE('',*,*,#8186,.F.);
#8252 = PLANE('',#8253);
#8253 = AXIS2_PLACEMENT_3D('',#8254,#8255,#8256);
#8254 = CARTESIAN_POINT('',(213.5,144.12,3.));
#8255 = DIRECTION('',(-0.,1.,0.));
#8256 = DIRECTION('',(0.,0.,1.));
#8257 = ORIENTED_CLOSED_SHELL('',*,#8258,.F.);
#8258 = CLOSED_SHELL('',(#8259,#8315,#8346,#8370,#8401,#8425,#8442,#8461
    ));
#8259 = ADVANCED_FACE('',(#8260),#8310,.T.);
#8260 = FACE_BOUND('',#8261,.T.);
#8261 = EDGE_LOOP('',(#8262,#8272,#8280,#8288,#8296,#8304));
#8262 = ORIENTED_EDGE('',*,*,#8263,.F.);
#8263 = EDGE_CURVE('',#8264,#8266,#8268,.T.);
#8264 = VERTEX_POINT('',#8265);
#8265 = CARTESIAN_POINT('',(112.,229.3,9.4));
#8266 = VERTEX_POINT('',#8267);
#8267 = CARTESIAN_POINT('',(232.35,229.3,9.4));
#8268 = LINE('',#8269,#8270);
#8269 = CARTESIAN_POINT('',(105.2,229.3,9.4));
#8270 = VECTOR('',#8271,1.);
#8271 = DIRECTION('',(1.,0.,-0.));
#8272 = ORIENTED_EDGE('',*,*,#8273,.T.);
#8273 = EDGE_CURVE('',#8264,#8274,#8276,.T.);
#8274 = VERTEX_POINT('',#8275);
#8275 = CARTESIAN_POINT('',(112.,224.9,9.4));
#8276 = LINE('',#8277,#8278);
#8277 = CARTESIAN_POINT('',(112.,187.45,9.4));
#8278 = VECTOR('',#8279,1.);
#8279 = DIRECTION('',(0.,-1.,0.));
#8280 = ORIENTED_EDGE('',*,*,#8281,.T.);
#8281 = EDGE_CURVE('',#8274,#8282,#8284,.T.);
#8282 = VERTEX_POINT('',#8283);
#8283 = CARTESIAN_POINT('',(212.,224.9,9.4));
#8284 = LINE('',#8285,#8286);
#8285 = CARTESIAN_POINT('',(105.2,224.9,9.4));
#8286 = VECTOR('',#8287,1.);
#8287 = DIRECTION('',(1.,0.,-0.));
#8288 = ORIENTED_EDGE('',*,*,#8289,.T.);
#8289 = EDGE_CURVE('',#8282,#8290,#8292,.T.);
#8290 = VERTEX_POINT('',#8291);
#8291 = CARTESIAN_POINT('',(212.,227.6,9.4));
#8292 = LINE('',#8293,#8294);
#8293 = CARTESIAN_POINT('',(212.,222.05,9.4));
#8294 = VECTOR('',#8295,1.);
#8295 = DIRECTION('',(-0.,1.,0.));
#8296 = ORIENTED_EDGE('',*,*,#8297,.F.);
#8297 = EDGE_CURVE('',#8298,#8290,#8300,.T.);
#8298 = VERTEX_POINT('',#8299);
#8299 = CARTESIAN_POINT('',(232.35,227.6,9.4));
#8300 = LINE('',#8301,#8302);
#8301 = CARTESIAN_POINT('',(158.6,227.6,9.4));
#8302 = VECTOR('',#8303,1.);
#8303 = DIRECTION('',(-1.,-0.,0.));
#8304 = ORIENTED_EDGE('',*,*,#8305,.T.);
#8305 = EDGE_CURVE('',#8298,#8266,#8306,.T.);
#8306 = LINE('',#8307,#8308);
#8307 = CARTESIAN_POINT('',(232.35,224.45,9.4));
#8308 = VECTOR('',#8309,1.);
#8309 = DIRECTION('',(-0.,1.,0.));
#8310 = PLANE('',#8311);
#8311 = AXIS2_PLACEMENT_3D('',#8312,#8313,#8314);
#8312 = CARTESIAN_POINT('',(105.2,224.9,9.4));
#8313 = DIRECTION('',(0.,0.,1.));
#8314 = DIRECTION('',(1.,0.,-0.));
#8315 = ADVANCED_FACE('',(#8316),#8341,.T.);
#8316 = FACE_BOUND('',#8317,.T.);
#8317 = EDGE_LOOP('',(#8318,#8328,#8334,#8335));
#8318 = ORIENTED_EDGE('',*,*,#8319,.F.);
#8319 = EDGE_CURVE('',#8320,#8322,#8324,.T.);
#8320 = VERTEX_POINT('',#8321);
#8321 = CARTESIAN_POINT('',(112.,229.3,2.8));
#8322 = VERTEX_POINT('',#8323);
#8323 = CARTESIAN_POINT('',(232.35,229.3,2.8));
#8324 = LINE('',#8325,#8326);
#8325 = CARTESIAN_POINT('',(105.2,229.3,2.8));
#8326 = VECTOR('',#8327,1.);
#8327 = DIRECTION('',(1.,0.,-0.));
#8328 = ORIENTED_EDGE('',*,*,#8329,.T.);
#8329 = EDGE_CURVE('',#8320,#8264,#8330,.T.);
#8330 = LINE('',#8331,#8332);
#8331 = CARTESIAN_POINT('',(112.,229.3,2.2));
#8332 = VECTOR('',#8333,1.);
#8333 = DIRECTION('',(0.,0.,1.));
#8334 = ORIENTED_EDGE('',*,*,#8263,.T.);
#8335 = ORIENTED_EDGE('',*,*,#8336,.T.);
#8336 = EDGE_CURVE('',#8266,#8322,#8337,.T.);
#8337 = LINE('',#8338,#8339);
#8338 = CARTESIAN_POINT('',(232.35,229.3,2.2));
#8339 = VECTOR('',#8340,1.);
#8340 = DIRECTION('',(-0.,0.,-1.));
#8341 = PLANE('',#8342);
#8342 = AXIS2_PLACEMENT_3D('',#8343,#8344,#8345);
#8343 = CARTESIAN_POINT('',(105.2,229.3,2.8));
#8344 = DIRECTION('',(-0.,1.,0.));
#8345 = DIRECTION('',(0.,0.,1.));
#8346 = ADVANCED_FACE('',(#8347),#8365,.T.);
#8347 = FACE_BOUND('',#8348,.T.);
#8348 = EDGE_LOOP('',(#8349,#8350,#8358,#8364));
#8349 = ORIENTED_EDGE('',*,*,#8305,.F.);
#8350 = ORIENTED_EDGE('',*,*,#8351,.F.);
#8351 = EDGE_CURVE('',#8352,#8298,#8354,.T.);
#8352 = VERTEX_POINT('',#8353);
#8353 = CARTESIAN_POINT('',(232.35,227.6,2.8));
#8354 = LINE('',#8355,#8356);
#8355 = CARTESIAN_POINT('',(232.35,227.6,1.6));
#8356 = VECTOR('',#8357,1.);
#8357 = DIRECTION('',(0.,0.,1.));
#8358 = ORIENTED_EDGE('',*,*,#8359,.T.);
#8359 = EDGE_CURVE('',#8352,#8322,#8360,.T.);
#8360 = LINE('',#8361,#8362);
#8361 = CARTESIAN_POINT('',(232.35,224.45,2.8));
#8362 = VECTOR('',#8363,1.);
#8363 = DIRECTION('',(-0.,1.,0.));
#8364 = ORIENTED_EDGE('',*,*,#8336,.F.);
#8365 = PLANE('',#8366);
#8366 = AXIS2_PLACEMENT_3D('',#8367,#8368,#8369);
#8367 = CARTESIAN_POINT('',(232.35,224.,1.6));
#8368 = DIRECTION('',(1.,0.,-0.));
#8369 = DIRECTION('',(0.,0.,1.));
#8370 = ADVANCED_FACE('',(#8371),#8396,.T.);
#8371 = FACE_BOUND('',#8372,.T.);
#8372 = EDGE_LOOP('',(#8373,#8383,#8389,#8390));
#8373 = ORIENTED_EDGE('',*,*,#8374,.T.);
#8374 = EDGE_CURVE('',#8375,#8377,#8379,.T.);
#8375 = VERTEX_POINT('',#8376);
#8376 = CARTESIAN_POINT('',(212.,224.9,2.8));
#8377 = VERTEX_POINT('',#8378);
#8378 = CARTESIAN_POINT('',(212.,227.6,2.8));
#8379 = LINE('',#8380,#8381);
#8380 = CARTESIAN_POINT('',(212.,222.05,2.8));
#8381 = VECTOR('',#8382,1.);
#8382 = DIRECTION('',(-0.,1.,0.));
#8383 = ORIENTED_EDGE('',*,*,#8384,.T.);
#8384 = EDGE_CURVE('',#8377,#8290,#8385,.T.);
#8385 = LINE('',#8386,#8387);
#8386 = CARTESIAN_POINT('',(212.,227.6,1.6));
#8387 = VECTOR('',#8388,1.);
#8388 = DIRECTION('',(0.,0.,1.));
#8389 = ORIENTED_EDGE('',*,*,#8289,.F.);
#8390 = ORIENTED_EDGE('',*,*,#8391,.T.);
#8391 = EDGE_CURVE('',#8282,#8375,#8392,.T.);
#8392 = LINE('',#8393,#8394);
#8393 = CARTESIAN_POINT('',(212.,224.9,2.2));
#8394 = VECTOR('',#8395,1.);
#8395 = DIRECTION('',(-0.,0.,-1.));
#8396 = PLANE('',#8397);
#8397 = AXIS2_PLACEMENT_3D('',#8398,#8399,#8400);
#8398 = CARTESIAN_POINT('',(212.,219.2,1.6));
#8399 = DIRECTION('',(1.,0.,-0.));
#8400 = DIRECTION('',(0.,0.,1.));
#8401 = ADVANCED_FACE('',(#8402),#8420,.F.);
#8402 = FACE_BOUND('',#8403,.F.);
#8403 = EDGE_LOOP('',(#8404,#8412,#8418,#8419));
#8404 = ORIENTED_EDGE('',*,*,#8405,.F.);
#8405 = EDGE_CURVE('',#8406,#8375,#8408,.T.);
#8406 = VERTEX_POINT('',#8407);
#8407 = CARTESIAN_POINT('',(112.,224.9,2.8));
#8408 = LINE('',#8409,#8410);
#8409 = CARTESIAN_POINT('',(105.2,224.9,2.8));
#8410 = VECTOR('',#8411,1.);
#8411 = DIRECTION('',(1.,0.,-0.));
#8412 = ORIENTED_EDGE('',*,*,#8413,.T.);
#8413 = EDGE_CURVE('',#8406,#8274,#8414,.T.);
#8414 = LINE('',#8415,#8416);
#8415 = CARTESIAN_POINT('',(112.,224.9,2.2));
#8416 = VECTOR('',#8417,1.);
#8417 = DIRECTION('',(0.,0.,1.));
#8418 = ORIENTED_EDGE('',*,*,#8281,.T.);
#8419 = ORIENTED_EDGE('',*,*,#8391,.T.);
#8420 = PLANE('',#8421);
#8421 = AXIS2_PLACEMENT_3D('',#8422,#8423,#8424);
#8422 = CARTESIAN_POINT('',(105.2,224.9,2.8));
#8423 = DIRECTION('',(-0.,1.,0.));
#8424 = DIRECTION('',(0.,0.,1.));
#8425 = ADVANCED_FACE('',(#8426),#8437,.F.);
#8426 = FACE_BOUND('',#8427,.F.);
#8427 = EDGE_LOOP('',(#8428,#8429,#8435,#8436));
#8428 = ORIENTED_EDGE('',*,*,#8413,.F.);
#8429 = ORIENTED_EDGE('',*,*,#8430,.F.);
#8430 = EDGE_CURVE('',#8320,#8406,#8431,.T.);
#8431 = LINE('',#8432,#8433);
#8432 = CARTESIAN_POINT('',(112.,187.45,2.8));
#8433 = VECTOR('',#8434,1.);
#8434 = DIRECTION('',(0.,-1.,0.));
#8435 = ORIENTED_EDGE('',*,*,#8329,.T.);
#8436 = ORIENTED_EDGE('',*,*,#8273,.T.);
#8437 = PLANE('',#8438);
#8438 = AXIS2_PLACEMENT_3D('',#8439,#8440,#8441);
#8439 = CARTESIAN_POINT('',(112.,150.,1.6));
#8440 = DIRECTION('',(1.,0.,-0.));
#8441 = DIRECTION('',(0.,0.,1.));
#8442 = ADVANCED_FACE('',(#8443),#8456,.F.);
#8443 = FACE_BOUND('',#8444,.F.);
#8444 = EDGE_LOOP('',(#8445,#8446,#8447,#8448,#8449,#8455));
#8445 = ORIENTED_EDGE('',*,*,#8319,.F.);
#8446 = ORIENTED_EDGE('',*,*,#8430,.T.);
#8447 = ORIENTED_EDGE('',*,*,#8405,.T.);
#8448 = ORIENTED_EDGE('',*,*,#8374,.T.);
#8449 = ORIENTED_EDGE('',*,*,#8450,.F.);
#8450 = EDGE_CURVE('',#8352,#8377,#8451,.T.);
#8451 = LINE('',#8452,#8453);
#8452 = CARTESIAN_POINT('',(158.6,227.6,2.8));
#8453 = VECTOR('',#8454,1.);
#8454 = DIRECTION('',(-1.,-0.,0.));
#8455 = ORIENTED_EDGE('',*,*,#8359,.T.);
#8456 = PLANE('',#8457);
#8457 = AXIS2_PLACEMENT_3D('',#8458,#8459,#8460);
#8458 = CARTESIAN_POINT('',(105.2,224.9,2.8));
#8459 = DIRECTION('',(0.,0.,1.));
#8460 = DIRECTION('',(1.,0.,-0.));
#8461 = ADVANCED_FACE('',(#8462),#8468,.F.);
#8462 = FACE_BOUND('',#8463,.F.);
#8463 = EDGE_LOOP('',(#8464,#8465,#8466,#8467));
#8464 = ORIENTED_EDGE('',*,*,#8450,.T.);
#8465 = ORIENTED_EDGE('',*,*,#8384,.T.);
#8466 = ORIENTED_EDGE('',*,*,#8297,.F.);
#8467 = ORIENTED_EDGE('',*,*,#8351,.F.);
#8468 = PLANE('',#8469);
#8469 = AXIS2_PLACEMENT_3D('',#8470,#8471,#8472);
#8470 = CARTESIAN_POINT('',(212.,227.6,1.6));
#8471 = DIRECTION('',(-0.,1.,0.));
#8472 = DIRECTION('',(0.,0.,1.));
#8473 = ORIENTED_CLOSED_SHELL('',*,#8474,.F.);
#8474 = CLOSED_SHELL('',(#8475,#8515,#8546,#8602,#8642,#8675,#8692,#8716
    ,#8740,#8764,#8776));
#8475 = ADVANCED_FACE('',(#8476),#8510,.F.);
#8476 = FACE_BOUND('',#8477,.F.);
#8477 = EDGE_LOOP('',(#8478,#8488,#8496,#8504));
#8478 = ORIENTED_EDGE('',*,*,#8479,.F.);
#8479 = EDGE_CURVE('',#8480,#8482,#8484,.T.);
#8480 = VERTEX_POINT('',#8481);
#8481 = CARTESIAN_POINT('',(112.,235.4,2.8));
#8482 = VERTEX_POINT('',#8483);
#8483 = CARTESIAN_POINT('',(112.,235.4,9.4));
#8484 = LINE('',#8485,#8486);
#8485 = CARTESIAN_POINT('',(112.,235.4,2.2));
#8486 = VECTOR('',#8487,1.);
#8487 = DIRECTION('',(0.,0.,1.));
#8488 = ORIENTED_EDGE('',*,*,#8489,.F.);
#8489 = EDGE_CURVE('',#8490,#8480,#8492,.T.);
#8490 = VERTEX_POINT('',#8491);
#8491 = CARTESIAN_POINT('',(112.,239.8,2.8));
#8492 = LINE('',#8493,#8494);
#8493 = CARTESIAN_POINT('',(112.,192.7,2.8));
#8494 = VECTOR('',#8495,1.);
#8495 = DIRECTION('',(0.,-1.,0.));
#8496 = ORIENTED_EDGE('',*,*,#8497,.T.);
#8497 = EDGE_CURVE('',#8490,#8498,#8500,.T.);
#8498 = VERTEX_POINT('',#8499);
#8499 = CARTESIAN_POINT('',(112.,239.8,9.4));
#8500 = LINE('',#8501,#8502);
#8501 = CARTESIAN_POINT('',(112.,239.8,2.2));
#8502 = VECTOR('',#8503,1.);
#8503 = DIRECTION('',(0.,0.,1.));
#8504 = ORIENTED_EDGE('',*,*,#8505,.T.);
#8505 = EDGE_CURVE('',#8498,#8482,#8506,.T.);
#8506 = LINE('',#8507,#8508);
#8507 = CARTESIAN_POINT('',(112.,192.7,9.4));
#8508 = VECTOR('',#8509,1.);
#8509 = DIRECTION('',(0.,-1.,0.));
#8510 = PLANE('',#8511);
#8511 = AXIS2_PLACEMENT_3D('',#8512,#8513,#8514);
#8512 = CARTESIAN_POINT('',(112.,150.,1.6));
#8513 = DIRECTION('',(1.,0.,-0.));
#8514 = DIRECTION('',(0.,0.,1.));
#8515 = ADVANCED_FACE('',(#8516),#8541,.F.);
#8516 = FACE_BOUND('',#8517,.F.);
#8517 = EDGE_LOOP('',(#8518,#8526,#8527,#8535));
#8518 = ORIENTED_EDGE('',*,*,#8519,.F.);
#8519 = EDGE_CURVE('',#8480,#8520,#8522,.T.);
#8520 = VERTEX_POINT('',#8521);
#8521 = CARTESIAN_POINT('',(232.35,235.4,2.8));
#8522 = LINE('',#8523,#8524);
#8523 = CARTESIAN_POINT('',(105.2,235.4,2.8));
#8524 = VECTOR('',#8525,1.);
#8525 = DIRECTION('',(1.,0.,-0.));
#8526 = ORIENTED_EDGE('',*,*,#8479,.T.);
#8527 = ORIENTED_EDGE('',*,*,#8528,.T.);
#8528 = EDGE_CURVE('',#8482,#8529,#8531,.T.);
#8529 = VERTEX_POINT('',#8530);
#8530 = CARTESIAN_POINT('',(232.35,235.4,9.4));
#8531 = LINE('',#8532,#8533);
#8532 = CARTESIAN_POINT('',(105.2,235.4,9.4));
#8533 = VECTOR('',#8534,1.);
#8534 = DIRECTION('',(1.,0.,-0.));
#8535 = ORIENTED_EDGE('',*,*,#8536,.T.);
#8536 = EDGE_CURVE('',#8529,#8520,#8537,.T.);
#8537 = LINE('',#8538,#8539);
#8538 = CARTESIAN_POINT('',(232.35,235.4,2.2));
#8539 = VECTOR('',#8540,1.);
#8540 = DIRECTION('',(-0.,0.,-1.));
#8541 = PLANE('',#8542);
#8542 = AXIS2_PLACEMENT_3D('',#8543,#8544,#8545);
#8543 = CARTESIAN_POINT('',(105.2,235.4,2.8));
#8544 = DIRECTION('',(-0.,1.,0.));
#8545 = DIRECTION('',(0.,0.,1.));
#8546 = ADVANCED_FACE('',(#8547),#8597,.T.);
#8547 = FACE_BOUND('',#8548,.T.);
#8548 = EDGE_LOOP('',(#8549,#8557,#8558,#8559,#8567,#8575,#8583,#8591));
#8549 = ORIENTED_EDGE('',*,*,#8550,.F.);
#8550 = EDGE_CURVE('',#8498,#8551,#8553,.T.);
#8551 = VERTEX_POINT('',#8552);
#8552 = CARTESIAN_POINT('',(232.35,239.8,9.4));
#8553 = LINE('',#8554,#8555);
#8554 = CARTESIAN_POINT('',(105.2,239.8,9.4));
#8555 = VECTOR('',#8556,1.);
#8556 = DIRECTION('',(1.,0.,-0.));
#8557 = ORIENTED_EDGE('',*,*,#8505,.T.);
#8558 = ORIENTED_EDGE('',*,*,#8528,.T.);
#8559 = ORIENTED_EDGE('',*,*,#8560,.T.);
#8560 = EDGE_CURVE('',#8529,#8561,#8563,.T.);
#8561 = VERTEX_POINT('',#8562);
#8562 = CARTESIAN_POINT('',(232.35,236.,9.4));
#8563 = LINE('',#8564,#8565);
#8564 = CARTESIAN_POINT('',(232.35,234.95,9.4));
#8565 = VECTOR('',#8566,1.);
#8566 = DIRECTION('',(-0.,1.,0.));
#8567 = ORIENTED_EDGE('',*,*,#8568,.F.);
#8568 = EDGE_CURVE('',#8569,#8561,#8571,.T.);
#8569 = VERTEX_POINT('',#8570);
#8570 = CARTESIAN_POINT('',(214.,236.,9.4));
#8571 = LINE('',#8572,#8573);
#8572 = CARTESIAN_POINT('',(159.6,236.,9.4));
#8573 = VECTOR('',#8574,1.);
#8574 = DIRECTION('',(1.,0.,-0.));
#8575 = ORIENTED_EDGE('',*,*,#8576,.F.);
#8576 = EDGE_CURVE('',#8577,#8569,#8579,.T.);
#8577 = VERTEX_POINT('',#8578);
#8578 = CARTESIAN_POINT('',(214.,239.,9.4));
#8579 = LINE('',#8580,#8581);
#8580 = CARTESIAN_POINT('',(214.,235.7,9.4));
#8581 = VECTOR('',#8582,1.);
#8582 = DIRECTION('',(0.,-1.,0.));
#8583 = ORIENTED_EDGE('',*,*,#8584,.T.);
#8584 = EDGE_CURVE('',#8577,#8585,#8587,.T.);
#8585 = VERTEX_POINT('',#8586);
#8586 = CARTESIAN_POINT('',(232.35,239.,9.4));
#8587 = LINE('',#8588,#8589);
#8588 = CARTESIAN_POINT('',(159.6,239.,9.4));
#8589 = VECTOR('',#8590,1.);
#8590 = DIRECTION('',(1.,0.,-0.));
#8591 = ORIENTED_EDGE('',*,*,#8592,.T.);
#8592 = EDGE_CURVE('',#8585,#8551,#8593,.T.);
#8593 = LINE('',#8594,#8595);
#8594 = CARTESIAN_POINT('',(232.35,234.95,9.4));
#8595 = VECTOR('',#8596,1.);
#8596 = DIRECTION('',(-0.,1.,0.));
#8597 = PLANE('',#8598);
#8598 = AXIS2_PLACEMENT_3D('',#8599,#8600,#8601);
#8599 = CARTESIAN_POINT('',(105.2,235.4,9.4));
#8600 = DIRECTION('',(0.,0.,1.));
#8601 = DIRECTION('',(1.,0.,-0.));
#8602 = ADVANCED_FACE('',(#8603),#8637,.T.);
#8603 = FACE_BOUND('',#8604,.T.);
#8604 = EDGE_LOOP('',(#8605,#8613,#8614,#8615,#8623,#8631));
#8605 = ORIENTED_EDGE('',*,*,#8606,.F.);
#8606 = EDGE_CURVE('',#8490,#8607,#8609,.T.);
#8607 = VERTEX_POINT('',#8608);
#8608 = CARTESIAN_POINT('',(214.,239.8,2.8));
#8609 = LINE('',#8610,#8611);
#8610 = CARTESIAN_POINT('',(105.2,239.8,2.8));
#8611 = VECTOR('',#8612,1.);
#8612 = DIRECTION('',(1.,0.,-0.));
#8613 = ORIENTED_EDGE('',*,*,#8497,.T.);
#8614 = ORIENTED_EDGE('',*,*,#8550,.T.);
#8615 = ORIENTED_EDGE('',*,*,#8616,.T.);
#8616 = EDGE_CURVE('',#8551,#8617,#8619,.T.);
#8617 = VERTEX_POINT('',#8618);
#8618 = CARTESIAN_POINT('',(232.35,239.8,4.8));
#8619 = LINE('',#8620,#8621);
#8620 = CARTESIAN_POINT('',(232.35,239.8,2.2));
#8621 = VECTOR('',#8622,1.);
#8622 = DIRECTION('',(-0.,0.,-1.));
#8623 = ORIENTED_EDGE('',*,*,#8624,.T.);
#8624 = EDGE_CURVE('',#8617,#8625,#8627,.T.);
#8625 = VERTEX_POINT('',#8626);
#8626 = CARTESIAN_POINT('',(214.,239.8,4.8));
#8627 = LINE('',#8628,#8629);
#8628 = CARTESIAN_POINT('',(159.6,239.8,4.8));
#8629 = VECTOR('',#8630,1.);
#8630 = DIRECTION('',(-1.,-0.,0.));
#8631 = ORIENTED_EDGE('',*,*,#8632,.F.);
#8632 = EDGE_CURVE('',#8607,#8625,#8633,.T.);
#8633 = LINE('',#8634,#8635);
#8634 = CARTESIAN_POINT('',(214.,239.8,2.2));
#8635 = VECTOR('',#8636,1.);
#8636 = DIRECTION('',(0.,0.,1.));
#8637 = PLANE('',#8638);
#8638 = AXIS2_PLACEMENT_3D('',#8639,#8640,#8641);
#8639 = CARTESIAN_POINT('',(105.2,239.8,2.8));
#8640 = DIRECTION('',(-0.,1.,0.));
#8641 = DIRECTION('',(0.,0.,1.));
#8642 = ADVANCED_FACE('',(#8643),#8670,.F.);
#8643 = FACE_BOUND('',#8644,.F.);
#8644 = EDGE_LOOP('',(#8645,#8646,#8647,#8648,#8656,#8664));
#8645 = ORIENTED_EDGE('',*,*,#8606,.F.);
#8646 = ORIENTED_EDGE('',*,*,#8489,.T.);
#8647 = ORIENTED_EDGE('',*,*,#8519,.T.);
#8648 = ORIENTED_EDGE('',*,*,#8649,.T.);
#8649 = EDGE_CURVE('',#8520,#8650,#8652,.T.);
#8650 = VERTEX_POINT('',#8651);
#8651 = CARTESIAN_POINT('',(232.35,236.,2.8));
#8652 = LINE('',#8653,#8654);
#8653 = CARTESIAN_POINT('',(232.35,234.95,2.8));
#8654 = VECTOR('',#8655,1.);
#8655 = DIRECTION('',(-0.,1.,0.));
#8656 = ORIENTED_EDGE('',*,*,#8657,.F.);
#8657 = EDGE_CURVE('',#8658,#8650,#8660,.T.);
#8658 = VERTEX_POINT('',#8659);
#8659 = CARTESIAN_POINT('',(214.,236.,2.8));
#8660 = LINE('',#8661,#8662);
#8661 = CARTESIAN_POINT('',(159.6,236.,2.8));
#8662 = VECTOR('',#8663,1.);
#8663 = DIRECTION('',(1.,0.,-0.));
#8664 = ORIENTED_EDGE('',*,*,#8665,.F.);
#8665 = EDGE_CURVE('',#8607,#8658,#8666,.T.);
#8666 = LINE('',#8667,#8668);
#8667 = CARTESIAN_POINT('',(214.,235.7,2.8));
#8668 = VECTOR('',#8669,1.);
#8669 = DIRECTION('',(0.,-1.,0.));
#8670 = PLANE('',#8671);
#8671 = AXIS2_PLACEMENT_3D('',#8672,#8673,#8674);
#8672 = CARTESIAN_POINT('',(105.2,235.4,2.8));
#8673 = DIRECTION('',(0.,0.,1.));
#8674 = DIRECTION('',(1.,0.,-0.));
#8675 = ADVANCED_FACE('',(#8676),#8687,.T.);
#8676 = FACE_BOUND('',#8677,.T.);
#8677 = EDGE_LOOP('',(#8678,#8679,#8680,#8681));
#8678 = ORIENTED_EDGE('',*,*,#8560,.F.);
#8679 = ORIENTED_EDGE('',*,*,#8536,.T.);
#8680 = ORIENTED_EDGE('',*,*,#8649,.T.);
#8681 = ORIENTED_EDGE('',*,*,#8682,.F.);
#8682 = EDGE_CURVE('',#8561,#8650,#8683,.T.);
#8683 = LINE('',#8684,#8685);
#8684 = CARTESIAN_POINT('',(232.35,236.,1.6));
#8685 = VECTOR('',#8686,1.);
#8686 = DIRECTION('',(-0.,0.,-1.));
#8687 = PLANE('',#8688);
#8688 = AXIS2_PLACEMENT_3D('',#8689,#8690,#8691);
#8689 = CARTESIAN_POINT('',(232.35,234.5,1.6));
#8690 = DIRECTION('',(1.,0.,-0.));
#8691 = DIRECTION('',(0.,0.,1.));
#8692 = ADVANCED_FACE('',(#8693),#8711,.T.);
#8693 = FACE_BOUND('',#8694,.T.);
#8694 = EDGE_LOOP('',(#8695,#8696,#8704,#8710));
#8695 = ORIENTED_EDGE('',*,*,#8592,.F.);
#8696 = ORIENTED_EDGE('',*,*,#8697,.T.);
#8697 = EDGE_CURVE('',#8585,#8698,#8700,.T.);
#8698 = VERTEX_POINT('',#8699);
#8699 = CARTESIAN_POINT('',(232.35,239.,4.8));
#8700 = LINE('',#8701,#8702);
#8701 = CARTESIAN_POINT('',(232.35,239.,3.2));
#8702 = VECTOR('',#8703,1.);
#8703 = DIRECTION('',(-0.,0.,-1.));
#8704 = ORIENTED_EDGE('',*,*,#8705,.T.);
#8705 = EDGE_CURVE('',#8698,#8617,#8706,.T.);
#8706 = LINE('',#8707,#8708);
#8707 = CARTESIAN_POINT('',(232.35,236.75,4.8));
#8708 = VECTOR('',#8709,1.);
#8709 = DIRECTION('',(-0.,1.,0.));
#8710 = ORIENTED_EDGE('',*,*,#8616,.F.);
#8711 = PLANE('',#8712);
#8712 = AXIS2_PLACEMENT_3D('',#8713,#8714,#8715);
#8713 = CARTESIAN_POINT('',(232.35,234.5,1.6));
#8714 = DIRECTION('',(1.,0.,-0.));
#8715 = DIRECTION('',(0.,0.,1.));
#8716 = ADVANCED_FACE('',(#8717),#8735,.F.);
#8717 = FACE_BOUND('',#8718,.F.);
#8718 = EDGE_LOOP('',(#8719,#8727,#8733,#8734));
#8719 = ORIENTED_EDGE('',*,*,#8720,.F.);
#8720 = EDGE_CURVE('',#8721,#8698,#8723,.T.);
#8721 = VERTEX_POINT('',#8722);
#8722 = CARTESIAN_POINT('',(214.,239.,4.8));
#8723 = LINE('',#8724,#8725);
#8724 = CARTESIAN_POINT('',(214.,239.,4.8));
#8725 = VECTOR('',#8726,1.);
#8726 = DIRECTION('',(1.,0.,-0.));
#8727 = ORIENTED_EDGE('',*,*,#8728,.T.);
#8728 = EDGE_CURVE('',#8721,#8577,#8729,.T.);
#8729 = LINE('',#8730,#8731);
#8730 = CARTESIAN_POINT('',(214.,239.,4.8));
#8731 = VECTOR('',#8732,1.);
#8732 = DIRECTION('',(0.,0.,1.));
#8733 = ORIENTED_EDGE('',*,*,#8584,.T.);
#8734 = ORIENTED_EDGE('',*,*,#8697,.T.);
#8735 = PLANE('',#8736);
#8736 = AXIS2_PLACEMENT_3D('',#8737,#8738,#8739);
#8737 = CARTESIAN_POINT('',(214.,239.,4.8));
#8738 = DIRECTION('',(-0.,1.,0.));
#8739 = DIRECTION('',(0.,0.,1.));
#8740 = ADVANCED_FACE('',(#8741),#8759,.T.);
#8741 = FACE_BOUND('',#8742,.T.);
#8742 = EDGE_LOOP('',(#8743,#8744,#8750,#8751,#8752,#8758));
#8743 = ORIENTED_EDGE('',*,*,#8576,.T.);
#8744 = ORIENTED_EDGE('',*,*,#8745,.F.);
#8745 = EDGE_CURVE('',#8658,#8569,#8746,.T.);
#8746 = LINE('',#8747,#8748);
#8747 = CARTESIAN_POINT('',(214.,236.,1.6));
#8748 = VECTOR('',#8749,1.);
#8749 = DIRECTION('',(0.,0.,1.));
#8750 = ORIENTED_EDGE('',*,*,#8665,.F.);
#8751 = ORIENTED_EDGE('',*,*,#8632,.T.);
#8752 = ORIENTED_EDGE('',*,*,#8753,.F.);
#8753 = EDGE_CURVE('',#8721,#8625,#8754,.T.);
#8754 = LINE('',#8755,#8756);
#8755 = CARTESIAN_POINT('',(214.,239.,4.8));
#8756 = VECTOR('',#8757,1.);
#8757 = DIRECTION('',(-0.,1.,0.));
#8758 = ORIENTED_EDGE('',*,*,#8728,.T.);
#8759 = PLANE('',#8760);
#8760 = AXIS2_PLACEMENT_3D('',#8761,#8762,#8763);
#8761 = CARTESIAN_POINT('',(214.,236.,1.6));
#8762 = DIRECTION('',(1.,0.,-0.));
#8763 = DIRECTION('',(0.,0.,1.));
#8764 = ADVANCED_FACE('',(#8765),#8771,.T.);
#8765 = FACE_BOUND('',#8766,.T.);
#8766 = EDGE_LOOP('',(#8767,#8768,#8769,#8770));
#8767 = ORIENTED_EDGE('',*,*,#8657,.F.);
#8768 = ORIENTED_EDGE('',*,*,#8745,.T.);
#8769 = ORIENTED_EDGE('',*,*,#8568,.T.);
#8770 = ORIENTED_EDGE('',*,*,#8682,.T.);
#8771 = PLANE('',#8772);
#8772 = AXIS2_PLACEMENT_3D('',#8773,#8774,#8775);
#8773 = CARTESIAN_POINT('',(214.,236.,1.6));
#8774 = DIRECTION('',(-0.,1.,0.));
#8775 = DIRECTION('',(0.,0.,1.));
#8776 = ADVANCED_FACE('',(#8777),#8783,.F.);
#8777 = FACE_BOUND('',#8778,.F.);
#8778 = EDGE_LOOP('',(#8779,#8780,#8781,#8782));
#8779 = ORIENTED_EDGE('',*,*,#8753,.F.);
#8780 = ORIENTED_EDGE('',*,*,#8720,.T.);
#8781 = ORIENTED_EDGE('',*,*,#8705,.T.);
#8782 = ORIENTED_EDGE('',*,*,#8624,.T.);
#8783 = PLANE('',#8784);
#8784 = AXIS2_PLACEMENT_3D('',#8785,#8786,#8787);
#8785 = CARTESIAN_POINT('',(214.,239.,4.8));
#8786 = DIRECTION('',(0.,0.,1.));
#8787 = DIRECTION('',(1.,0.,-0.));
#8788 = ORIENTED_CLOSED_SHELL('',*,#8789,.F.);
#8789 = CLOSED_SHELL('',(#8790,#8830,#8861,#8917,#8941,#8958,#8993,#9017
    ,#9041,#9058));
#8790 = ADVANCED_FACE('',(#8791),#8825,.F.);
#8791 = FACE_BOUND('',#8792,.F.);
#8792 = EDGE_LOOP('',(#8793,#8803,#8811,#8819));
#8793 = ORIENTED_EDGE('',*,*,#8794,.F.);
#8794 = EDGE_CURVE('',#8795,#8797,#8799,.T.);
#8795 = VERTEX_POINT('',#8796);
#8796 = CARTESIAN_POINT('',(112.,245.9,2.8));
#8797 = VERTEX_POINT('',#8798);
#8798 = CARTESIAN_POINT('',(112.,245.9,9.4));
#8799 = LINE('',#8800,#8801);
#8800 = CARTESIAN_POINT('',(112.,245.9,2.2));
#8801 = VECTOR('',#8802,1.);
#8802 = DIRECTION('',(0.,0.,1.));
#8803 = ORIENTED_EDGE('',*,*,#8804,.F.);
#8804 = EDGE_CURVE('',#8805,#8795,#8807,.T.);
#8805 = VERTEX_POINT('',#8806);
#8806 = CARTESIAN_POINT('',(112.,250.3,2.8));
#8807 = LINE('',#8808,#8809);
#8808 = CARTESIAN_POINT('',(112.,197.95,2.8));
#8809 = VECTOR('',#8810,1.);
#8810 = DIRECTION('',(0.,-1.,0.));
#8811 = ORIENTED_EDGE('',*,*,#8812,.T.);
#8812 = EDGE_CURVE('',#8805,#8813,#8815,.T.);
#8813 = VERTEX_POINT('',#8814);
#8814 = CARTESIAN_POINT('',(112.,250.3,9.4));
#8815 = LINE('',#8816,#8817);
#8816 = CARTESIAN_POINT('',(112.,250.3,2.2));
#8817 = VECTOR('',#8818,1.);
#8818 = DIRECTION('',(0.,0.,1.));
#8819 = ORIENTED_EDGE('',*,*,#8820,.T.);
#8820 = EDGE_CURVE('',#8813,#8797,#8821,.T.);
#8821 = LINE('',#8822,#8823);
#8822 = CARTESIAN_POINT('',(112.,197.95,9.4));
#8823 = VECTOR('',#8824,1.);
#8824 = DIRECTION('',(0.,-1.,0.));
#8825 = PLANE('',#8826);
#8826 = AXIS2_PLACEMENT_3D('',#8827,#8828,#8829);
#8827 = CARTESIAN_POINT('',(112.,150.,1.6));
#8828 = DIRECTION('',(1.,0.,-0.));
#8829 = DIRECTION('',(0.,0.,1.));
#8830 = ADVANCED_FACE('',(#8831),#8856,.F.);
#8831 = FACE_BOUND('',#8832,.F.);
#8832 = EDGE_LOOP('',(#8833,#8841,#8842,#8850));
#8833 = ORIENTED_EDGE('',*,*,#8834,.F.);
#8834 = EDGE_CURVE('',#8795,#8835,#8837,.T.);
#8835 = VERTEX_POINT('',#8836);
#8836 = CARTESIAN_POINT('',(214.,245.9,2.8));
#8837 = LINE('',#8838,#8839);
#8838 = CARTESIAN_POINT('',(105.2,245.9,2.8));
#8839 = VECTOR('',#8840,1.);
#8840 = DIRECTION('',(1.,0.,-0.));
#8841 = ORIENTED_EDGE('',*,*,#8794,.T.);
#8842 = ORIENTED_EDGE('',*,*,#8843,.T.);
#8843 = EDGE_CURVE('',#8797,#8844,#8846,.T.);
#8844 = VERTEX_POINT('',#8845);
#8845 = CARTESIAN_POINT('',(214.,245.9,9.4));
#8846 = LINE('',#8847,#8848);
#8847 = CARTESIAN_POINT('',(105.2,245.9,9.4));
#8848 = VECTOR('',#8849,1.);
#8849 = DIRECTION('',(1.,0.,-0.));
#8850 = ORIENTED_EDGE('',*,*,#8851,.F.);
#8851 = EDGE_CURVE('',#8835,#8844,#8852,.T.);
#8852 = LINE('',#8853,#8854);
#8853 = CARTESIAN_POINT('',(214.,245.9,2.2));
#8854 = VECTOR('',#8855,1.);
#8855 = DIRECTION('',(0.,0.,1.));
#8856 = PLANE('',#8857);
#8857 = AXIS2_PLACEMENT_3D('',#8858,#8859,#8860);
#8858 = CARTESIAN_POINT('',(105.2,245.9,2.8));
#8859 = DIRECTION('',(-0.,1.,0.));
#8860 = DIRECTION('',(0.,0.,1.));
#8861 = ADVANCED_FACE('',(#8862),#8912,.T.);
#8862 = FACE_BOUND('',#8863,.T.);
#8863 = EDGE_LOOP('',(#8864,#8872,#8873,#8874,#8882,#8890,#8898,#8906));
#8864 = ORIENTED_EDGE('',*,*,#8865,.F.);
#8865 = EDGE_CURVE('',#8813,#8866,#8868,.T.);
#8866 = VERTEX_POINT('',#8867);
#8867 = CARTESIAN_POINT('',(214.,250.3,9.4));
#8868 = LINE('',#8869,#8870);
#8869 = CARTESIAN_POINT('',(105.2,250.3,9.4));
#8870 = VECTOR('',#8871,1.);
#8871 = DIRECTION('',(1.,0.,-0.));
#8872 = ORIENTED_EDGE('',*,*,#8820,.T.);
#8873 = ORIENTED_EDGE('',*,*,#8843,.T.);
#8874 = ORIENTED_EDGE('',*,*,#8875,.F.);
#8875 = EDGE_CURVE('',#8876,#8844,#8878,.T.);
#8876 = VERTEX_POINT('',#8877);
#8877 = CARTESIAN_POINT('',(214.,247.8,9.4));
#8878 = LINE('',#8879,#8880);
#8879 = CARTESIAN_POINT('',(214.,240.95,9.4));
#8880 = VECTOR('',#8881,1.);
#8881 = DIRECTION('',(0.,-1.,0.));
#8882 = ORIENTED_EDGE('',*,*,#8883,.T.);
#8883 = EDGE_CURVE('',#8876,#8884,#8886,.T.);
#8884 = VERTEX_POINT('',#8885);
#8885 = CARTESIAN_POINT('',(232.35,247.8,9.4));
#8886 = LINE('',#8887,#8888);
#8887 = CARTESIAN_POINT('',(159.6,247.8,9.4));
#8888 = VECTOR('',#8889,1.);
#8889 = DIRECTION('',(1.,0.,-0.));
#8890 = ORIENTED_EDGE('',*,*,#8891,.T.);
#8891 = EDGE_CURVE('',#8884,#8892,#8894,.T.);
#8892 = VERTEX_POINT('',#8893);
#8893 = CARTESIAN_POINT('',(232.35,250.,9.4));
#8894 = LINE('',#8895,#8896);
#8895 = CARTESIAN_POINT('',(232.35,245.45,9.4));
#8896 = VECTOR('',#8897,1.);
#8897 = DIRECTION('',(-0.,1.,0.));
#8898 = ORIENTED_EDGE('',*,*,#8899,.F.);
#8899 = EDGE_CURVE('',#8900,#8892,#8902,.T.);
#8900 = VERTEX_POINT('',#8901);
#8901 = CARTESIAN_POINT('',(214.,250.,9.4));
#8902 = LINE('',#8903,#8904);
#8903 = CARTESIAN_POINT('',(159.6,250.,9.4));
#8904 = VECTOR('',#8905,1.);
#8905 = DIRECTION('',(1.,0.,-0.));
#8906 = ORIENTED_EDGE('',*,*,#8907,.F.);
#8907 = EDGE_CURVE('',#8866,#8900,#8908,.T.);
#8908 = LINE('',#8909,#8910);
#8909 = CARTESIAN_POINT('',(214.,240.95,9.4));
#8910 = VECTOR('',#8911,1.);
#8911 = DIRECTION('',(0.,-1.,0.));
#8912 = PLANE('',#8913);
#8913 = AXIS2_PLACEMENT_3D('',#8914,#8915,#8916);
#8914 = CARTESIAN_POINT('',(105.2,245.9,9.4));
#8915 = DIRECTION('',(0.,0.,1.));
#8916 = DIRECTION('',(1.,0.,-0.));
#8917 = ADVANCED_FACE('',(#8918),#8936,.T.);
#8918 = FACE_BOUND('',#8919,.T.);
#8919 = EDGE_LOOP('',(#8920,#8928,#8929,#8930));
#8920 = ORIENTED_EDGE('',*,*,#8921,.F.);
#8921 = EDGE_CURVE('',#8805,#8922,#8924,.T.);
#8922 = VERTEX_POINT('',#8923);
#8923 = CARTESIAN_POINT('',(214.,250.3,2.8));
#8924 = LINE('',#8925,#8926);
#8925 = CARTESIAN_POINT('',(105.2,250.3,2.8));
#8926 = VECTOR('',#8927,1.);
#8927 = DIRECTION('',(1.,0.,-0.));
#8928 = ORIENTED_EDGE('',*,*,#8812,.T.);
#8929 = ORIENTED_EDGE('',*,*,#8865,.T.);
#8930 = ORIENTED_EDGE('',*,*,#8931,.F.);
#8931 = EDGE_CURVE('',#8922,#8866,#8932,.T.);
#8932 = LINE('',#8933,#8934);
#8933 = CARTESIAN_POINT('',(214.,250.3,2.2));
#8934 = VECTOR('',#8935,1.);
#8935 = DIRECTION('',(0.,0.,1.));
#8936 = PLANE('',#8937);
#8937 = AXIS2_PLACEMENT_3D('',#8938,#8939,#8940);
#8938 = CARTESIAN_POINT('',(105.2,250.3,2.8));
#8939 = DIRECTION('',(-0.,1.,0.));
#8940 = DIRECTION('',(0.,0.,1.));
#8941 = ADVANCED_FACE('',(#8942),#8953,.F.);
#8942 = FACE_BOUND('',#8943,.F.);
#8943 = EDGE_LOOP('',(#8944,#8945,#8946,#8947));
#8944 = ORIENTED_EDGE('',*,*,#8921,.F.);
#8945 = ORIENTED_EDGE('',*,*,#8804,.T.);
#8946 = ORIENTED_EDGE('',*,*,#8834,.T.);
#8947 = ORIENTED_EDGE('',*,*,#8948,.F.);
#8948 = EDGE_CURVE('',#8922,#8835,#8949,.T.);
#8949 = LINE('',#8950,#8951);
#8950 = CARTESIAN_POINT('',(214.,240.95,2.8));
#8951 = VECTOR('',#8952,1.);
#8952 = DIRECTION('',(0.,-1.,0.));
#8953 = PLANE('',#8954);
#8954 = AXIS2_PLACEMENT_3D('',#8955,#8956,#8957);
#8955 = CARTESIAN_POINT('',(105.2,245.9,2.8));
#8956 = DIRECTION('',(0.,0.,1.));
#8957 = DIRECTION('',(1.,0.,-0.));
#8958 = ADVANCED_FACE('',(#8959),#8988,.T.);
#8959 = FACE_BOUND('',#8960,.T.);
#8960 = EDGE_LOOP('',(#8961,#8962,#8970,#8978,#8984,#8985,#8986,#8987));
#8961 = ORIENTED_EDGE('',*,*,#8907,.T.);
#8962 = ORIENTED_EDGE('',*,*,#8963,.F.);
#8963 = EDGE_CURVE('',#8964,#8900,#8966,.T.);
#8964 = VERTEX_POINT('',#8965);
#8965 = CARTESIAN_POINT('',(214.,250.,4.8));
#8966 = LINE('',#8967,#8968);
#8967 = CARTESIAN_POINT('',(214.,250.,4.8));
#8968 = VECTOR('',#8969,1.);
#8969 = DIRECTION('',(0.,0.,1.));
#8970 = ORIENTED_EDGE('',*,*,#8971,.F.);
#8971 = EDGE_CURVE('',#8972,#8964,#8974,.T.);
#8972 = VERTEX_POINT('',#8973);
#8973 = CARTESIAN_POINT('',(214.,247.8,4.8));
#8974 = LINE('',#8975,#8976);
#8975 = CARTESIAN_POINT('',(214.,247.8,4.8));
#8976 = VECTOR('',#8977,1.);
#8977 = DIRECTION('',(-0.,1.,0.));
#8978 = ORIENTED_EDGE('',*,*,#8979,.T.);
#8979 = EDGE_CURVE('',#8972,#8876,#8980,.T.);
#8980 = LINE('',#8981,#8982);
#8981 = CARTESIAN_POINT('',(214.,247.8,4.8));
#8982 = VECTOR('',#8983,1.);
#8983 = DIRECTION('',(0.,0.,1.));
#8984 = ORIENTED_EDGE('',*,*,#8875,.T.);
#8985 = ORIENTED_EDGE('',*,*,#8851,.F.);
#8986 = ORIENTED_EDGE('',*,*,#8948,.F.);
#8987 = ORIENTED_EDGE('',*,*,#8931,.T.);
#8988 = PLANE('',#8989);
#8989 = AXIS2_PLACEMENT_3D('',#8990,#8991,#8992);
#8990 = CARTESIAN_POINT('',(214.,236.,1.6));
#8991 = DIRECTION('',(1.,0.,-0.));
#8992 = DIRECTION('',(0.,0.,1.));
#8993 = ADVANCED_FACE('',(#8994),#9012,.T.);
#8994 = FACE_BOUND('',#8995,.T.);
#8995 = EDGE_LOOP('',(#8996,#9004,#9005,#9006));
#8996 = ORIENTED_EDGE('',*,*,#8997,.F.);
#8997 = EDGE_CURVE('',#8964,#8998,#9000,.T.);
#8998 = VERTEX_POINT('',#8999);
#8999 = CARTESIAN_POINT('',(232.35,250.,4.8));
#9000 = LINE('',#9001,#9002);
#9001 = CARTESIAN_POINT('',(214.,250.,4.8));
#9002 = VECTOR('',#9003,1.);
#9003 = DIRECTION('',(1.,0.,-0.));
#9004 = ORIENTED_EDGE('',*,*,#8963,.T.);
#9005 = ORIENTED_EDGE('',*,*,#8899,.T.);
#9006 = ORIENTED_EDGE('',*,*,#9007,.T.);
#9007 = EDGE_CURVE('',#8892,#8998,#9008,.T.);
#9008 = LINE('',#9009,#9010);
#9009 = CARTESIAN_POINT('',(232.35,250.,3.2));
#9010 = VECTOR('',#9011,1.);
#9011 = DIRECTION('',(-0.,0.,-1.));
#9012 = PLANE('',#9013);
#9013 = AXIS2_PLACEMENT_3D('',#9014,#9015,#9016);
#9014 = CARTESIAN_POINT('',(214.,250.,4.8));
#9015 = DIRECTION('',(-0.,1.,0.));
#9016 = DIRECTION('',(0.,0.,1.));
#9017 = ADVANCED_FACE('',(#9018),#9036,.T.);
#9018 = FACE_BOUND('',#9019,.T.);
#9019 = EDGE_LOOP('',(#9020,#9021,#9029,#9035));
#9020 = ORIENTED_EDGE('',*,*,#8891,.F.);
#9021 = ORIENTED_EDGE('',*,*,#9022,.T.);
#9022 = EDGE_CURVE('',#8884,#9023,#9025,.T.);
#9023 = VERTEX_POINT('',#9024);
#9024 = CARTESIAN_POINT('',(232.35,247.8,4.8));
#9025 = LINE('',#9026,#9027);
#9026 = CARTESIAN_POINT('',(232.35,247.8,3.2));
#9027 = VECTOR('',#9028,1.);
#9028 = DIRECTION('',(-0.,0.,-1.));
#9029 = ORIENTED_EDGE('',*,*,#9030,.T.);
#9030 = EDGE_CURVE('',#9023,#8998,#9031,.T.);
#9031 = LINE('',#9032,#9033);
#9032 = CARTESIAN_POINT('',(232.35,246.4,4.8));
#9033 = VECTOR('',#9034,1.);
#9034 = DIRECTION('',(-0.,1.,0.));
#9035 = ORIENTED_EDGE('',*,*,#9007,.F.);
#9036 = PLANE('',#9037);
#9037 = AXIS2_PLACEMENT_3D('',#9038,#9039,#9040);
#9038 = CARTESIAN_POINT('',(232.35,245.,1.6));
#9039 = DIRECTION('',(1.,0.,-0.));
#9040 = DIRECTION('',(0.,0.,1.));
#9041 = ADVANCED_FACE('',(#9042),#9053,.F.);
#9042 = FACE_BOUND('',#9043,.F.);
#9043 = EDGE_LOOP('',(#9044,#9050,#9051,#9052));
#9044 = ORIENTED_EDGE('',*,*,#9045,.F.);
#9045 = EDGE_CURVE('',#8972,#9023,#9046,.T.);
#9046 = LINE('',#9047,#9048);
#9047 = CARTESIAN_POINT('',(214.,247.8,4.8));
#9048 = VECTOR('',#9049,1.);
#9049 = DIRECTION('',(1.,0.,-0.));
#9050 = ORIENTED_EDGE('',*,*,#8979,.T.);
#9051 = ORIENTED_EDGE('',*,*,#8883,.T.);
#9052 = ORIENTED_EDGE('',*,*,#9022,.T.);
#9053 = PLANE('',#9054);
#9054 = AXIS2_PLACEMENT_3D('',#9055,#9056,#9057);
#9055 = CARTESIAN_POINT('',(214.,247.8,4.8));
#9056 = DIRECTION('',(-0.,1.,0.));
#9057 = DIRECTION('',(0.,0.,1.));
#9058 = ADVANCED_FACE('',(#9059),#9065,.F.);
#9059 = FACE_BOUND('',#9060,.F.);
#9060 = EDGE_LOOP('',(#9061,#9062,#9063,#9064));
#9061 = ORIENTED_EDGE('',*,*,#8971,.F.);
#9062 = ORIENTED_EDGE('',*,*,#9045,.T.);
#9063 = ORIENTED_EDGE('',*,*,#9030,.T.);
#9064 = ORIENTED_EDGE('',*,*,#8997,.F.);
#9065 = PLANE('',#9066);
#9066 = AXIS2_PLACEMENT_3D('',#9067,#9068,#9069);
#9067 = CARTESIAN_POINT('',(214.,247.8,4.8));
#9068 = DIRECTION('',(0.,0.,1.));
#9069 = DIRECTION('',(1.,0.,-0.));
#9070 = ORIENTED_CLOSED_SHELL('',*,#9071,.F.);
#9071 = CLOSED_SHELL('',(#9072,#9128,#9159,#9183,#9207,#9263,#9287,#9304
    ,#9341,#9372,#9389,#9406));
#9072 = ADVANCED_FACE('',(#9073),#9123,.F.);
#9073 = FACE_BOUND('',#9074,.F.);
#9074 = EDGE_LOOP('',(#9075,#9085,#9093,#9101,#9109,#9117));
#9075 = ORIENTED_EDGE('',*,*,#9076,.F.);
#9076 = EDGE_CURVE('',#9077,#9079,#9081,.T.);
#9077 = VERTEX_POINT('',#9078);
#9078 = CARTESIAN_POINT('',(112.,260.8,2.8));
#9079 = VERTEX_POINT('',#9080);
#9080 = CARTESIAN_POINT('',(212.,260.8,2.8));
#9081 = LINE('',#9082,#9083);
#9082 = CARTESIAN_POINT('',(105.2,260.8,2.8));
#9083 = VECTOR('',#9084,1.);
#9084 = DIRECTION('',(1.,0.,-0.));
#9085 = ORIENTED_EDGE('',*,*,#9086,.T.);
#9086 = EDGE_CURVE('',#9077,#9087,#9089,.T.);
#9087 = VERTEX_POINT('',#9088);
#9088 = CARTESIAN_POINT('',(112.,256.4,2.8));
#9089 = LINE('',#9090,#9091);
#9090 = CARTESIAN_POINT('',(112.,203.2,2.8));
#9091 = VECTOR('',#9092,1.);
#9092 = DIRECTION('',(0.,-1.,0.));
#9093 = ORIENTED_EDGE('',*,*,#9094,.T.);
#9094 = EDGE_CURVE('',#9087,#9095,#9097,.T.);
#9095 = VERTEX_POINT('',#9096);
#9096 = CARTESIAN_POINT('',(214.,256.4,2.8));
#9097 = LINE('',#9098,#9099);
#9098 = CARTESIAN_POINT('',(105.2,256.4,2.8));
#9099 = VECTOR('',#9100,1.);
#9100 = DIRECTION('',(1.,0.,-0.));
#9101 = ORIENTED_EDGE('',*,*,#9102,.F.);
#9102 = EDGE_CURVE('',#9103,#9095,#9105,.T.);
#9103 = VERTEX_POINT('',#9104);
#9104 = CARTESIAN_POINT('',(214.,259.84,2.8));
#9105 = LINE('',#9106,#9107);
#9106 = CARTESIAN_POINT('',(214.,246.2,2.8));
#9107 = VECTOR('',#9108,1.);
#9108 = DIRECTION('',(0.,-1.,0.));
#9109 = ORIENTED_EDGE('',*,*,#9110,.T.);
#9110 = EDGE_CURVE('',#9103,#9111,#9113,.T.);
#9111 = VERTEX_POINT('',#9112);
#9112 = CARTESIAN_POINT('',(212.,259.84,2.8));
#9113 = LINE('',#9114,#9115);
#9114 = CARTESIAN_POINT('',(158.6,259.84,2.8));
#9115 = VECTOR('',#9116,1.);
#9116 = DIRECTION('',(-1.,-0.,0.));
#9117 = ORIENTED_EDGE('',*,*,#9118,.T.);
#9118 = EDGE_CURVE('',#9111,#9079,#9119,.T.);
#9119 = LINE('',#9120,#9121);
#9120 = CARTESIAN_POINT('',(212.,258.12,2.8));
#9121 = VECTOR('',#9122,1.);
#9122 = DIRECTION('',(-0.,1.,0.));
#9123 = PLANE('',#9124);
#9124 = AXIS2_PLACEMENT_3D('',#9125,#9126,#9127);
#9125 = CARTESIAN_POINT('',(105.2,256.4,2.8));
#9126 = DIRECTION('',(0.,0.,1.));
#9127 = DIRECTION('',(1.,0.,-0.));
#9128 = ADVANCED_FACE('',(#9129),#9154,.T.);
#9129 = FACE_BOUND('',#9130,.T.);
#9130 = EDGE_LOOP('',(#9131,#9132,#9140,#9148));
#9131 = ORIENTED_EDGE('',*,*,#9076,.F.);
#9132 = ORIENTED_EDGE('',*,*,#9133,.T.);
#9133 = EDGE_CURVE('',#9077,#9134,#9136,.T.);
#9134 = VERTEX_POINT('',#9135);
#9135 = CARTESIAN_POINT('',(112.,260.8,9.4));
#9136 = LINE('',#9137,#9138);
#9137 = CARTESIAN_POINT('',(112.,260.8,2.2));
#9138 = VECTOR('',#9139,1.);
#9139 = DIRECTION('',(0.,0.,1.));
#9140 = ORIENTED_EDGE('',*,*,#9141,.T.);
#9141 = EDGE_CURVE('',#9134,#9142,#9144,.T.);
#9142 = VERTEX_POINT('',#9143);
#9143 = CARTESIAN_POINT('',(212.,260.8,9.4));
#9144 = LINE('',#9145,#9146);
#9145 = CARTESIAN_POINT('',(105.2,260.8,9.4));
#9146 = VECTOR('',#9147,1.);
#9147 = DIRECTION('',(1.,0.,-0.));
#9148 = ORIENTED_EDGE('',*,*,#9149,.T.);
#9149 = EDGE_CURVE('',#9142,#9079,#9150,.T.);
#9150 = LINE('',#9151,#9152);
#9151 = CARTESIAN_POINT('',(212.,260.8,2.2));
#9152 = VECTOR('',#9153,1.);
#9153 = DIRECTION('',(-0.,0.,-1.));
#9154 = PLANE('',#9155);
#9155 = AXIS2_PLACEMENT_3D('',#9156,#9157,#9158);
#9156 = CARTESIAN_POINT('',(105.2,260.8,2.8));
#9157 = DIRECTION('',(-0.,1.,0.));
#9158 = DIRECTION('',(0.,0.,1.));
#9159 = ADVANCED_FACE('',(#9160),#9178,.T.);
#9160 = FACE_BOUND('',#9161,.T.);
#9161 = EDGE_LOOP('',(#9162,#9170,#9171,#9172));
#9162 = ORIENTED_EDGE('',*,*,#9163,.F.);
#9163 = EDGE_CURVE('',#9111,#9164,#9166,.T.);
#9164 = VERTEX_POINT('',#9165);
#9165 = CARTESIAN_POINT('',(212.,259.84,9.4));
#9166 = LINE('',#9167,#9168);
#9167 = CARTESIAN_POINT('',(212.,259.84,1.6));
#9168 = VECTOR('',#9169,1.);
#9169 = DIRECTION('',(0.,0.,1.));
#9170 = ORIENTED_EDGE('',*,*,#9118,.T.);
#9171 = ORIENTED_EDGE('',*,*,#9149,.F.);
#9172 = ORIENTED_EDGE('',*,*,#9173,.F.);
#9173 = EDGE_CURVE('',#9164,#9142,#9174,.T.);
#9174 = LINE('',#9175,#9176);
#9175 = CARTESIAN_POINT('',(212.,258.12,9.4));
#9176 = VECTOR('',#9177,1.);
#9177 = DIRECTION('',(-0.,1.,0.));
#9178 = PLANE('',#9179);
#9179 = AXIS2_PLACEMENT_3D('',#9180,#9181,#9182);
#9180 = CARTESIAN_POINT('',(212.,259.84,1.6));
#9181 = DIRECTION('',(1.,0.,-0.));
#9182 = DIRECTION('',(0.,0.,1.));
#9183 = ADVANCED_FACE('',(#9184),#9202,.T.);
#9184 = FACE_BOUND('',#9185,.T.);
#9185 = EDGE_LOOP('',(#9186,#9187,#9188,#9196));
#9186 = ORIENTED_EDGE('',*,*,#9110,.T.);
#9187 = ORIENTED_EDGE('',*,*,#9163,.T.);
#9188 = ORIENTED_EDGE('',*,*,#9189,.F.);
#9189 = EDGE_CURVE('',#9190,#9164,#9192,.T.);
#9190 = VERTEX_POINT('',#9191);
#9191 = CARTESIAN_POINT('',(214.,259.84,9.4));
#9192 = LINE('',#9193,#9194);
#9193 = CARTESIAN_POINT('',(158.6,259.84,9.4));
#9194 = VECTOR('',#9195,1.);
#9195 = DIRECTION('',(-1.,-0.,0.));
#9196 = ORIENTED_EDGE('',*,*,#9197,.F.);
#9197 = EDGE_CURVE('',#9103,#9190,#9198,.T.);
#9198 = LINE('',#9199,#9200);
#9199 = CARTESIAN_POINT('',(214.,259.84,1.6));
#9200 = VECTOR('',#9201,1.);
#9201 = DIRECTION('',(0.,0.,1.));
#9202 = PLANE('',#9203);
#9203 = AXIS2_PLACEMENT_3D('',#9204,#9205,#9206);
#9204 = CARTESIAN_POINT('',(212.,259.84,1.6));
#9205 = DIRECTION('',(-0.,1.,0.));
#9206 = DIRECTION('',(0.,0.,1.));
#9207 = ADVANCED_FACE('',(#9208),#9258,.T.);
#9208 = FACE_BOUND('',#9209,.T.);
#9209 = EDGE_LOOP('',(#9210,#9220,#9228,#9236,#9242,#9243,#9244,#9252));
#9210 = ORIENTED_EDGE('',*,*,#9211,.F.);
#9211 = EDGE_CURVE('',#9212,#9214,#9216,.T.);
#9212 = VERTEX_POINT('',#9213);
#9213 = CARTESIAN_POINT('',(214.,256.6,4.8));
#9214 = VERTEX_POINT('',#9215);
#9215 = CARTESIAN_POINT('',(214.,258.8,4.8));
#9216 = LINE('',#9217,#9218);
#9217 = CARTESIAN_POINT('',(214.,256.6,4.8));
#9218 = VECTOR('',#9219,1.);
#9219 = DIRECTION('',(-0.,1.,0.));
#9220 = ORIENTED_EDGE('',*,*,#9221,.T.);
#9221 = EDGE_CURVE('',#9212,#9222,#9224,.T.);
#9222 = VERTEX_POINT('',#9223);
#9223 = CARTESIAN_POINT('',(214.,256.6,9.4));
#9224 = LINE('',#9225,#9226);
#9225 = CARTESIAN_POINT('',(214.,256.6,4.8));
#9226 = VECTOR('',#9227,1.);
#9227 = DIRECTION('',(0.,0.,1.));
#9228 = ORIENTED_EDGE('',*,*,#9229,.T.);
#9229 = EDGE_CURVE('',#9222,#9230,#9232,.T.);
#9230 = VERTEX_POINT('',#9231);
#9231 = CARTESIAN_POINT('',(214.,256.4,9.4));
#9232 = LINE('',#9233,#9234);
#9233 = CARTESIAN_POINT('',(214.,246.2,9.4));
#9234 = VECTOR('',#9235,1.);
#9235 = DIRECTION('',(0.,-1.,0.));
#9236 = ORIENTED_EDGE('',*,*,#9237,.F.);
#9237 = EDGE_CURVE('',#9095,#9230,#9238,.T.);
#9238 = LINE('',#9239,#9240);
#9239 = CARTESIAN_POINT('',(214.,256.4,2.2));
#9240 = VECTOR('',#9241,1.);
#9241 = DIRECTION('',(0.,0.,1.));
#9242 = ORIENTED_EDGE('',*,*,#9102,.F.);
#9243 = ORIENTED_EDGE('',*,*,#9197,.T.);
#9244 = ORIENTED_EDGE('',*,*,#9245,.T.);
#9245 = EDGE_CURVE('',#9190,#9246,#9248,.T.);
#9246 = VERTEX_POINT('',#9247);
#9247 = CARTESIAN_POINT('',(214.,258.8,9.4));
#9248 = LINE('',#9249,#9250);
#9249 = CARTESIAN_POINT('',(214.,246.2,9.4));
#9250 = VECTOR('',#9251,1.);
#9251 = DIRECTION('',(0.,-1.,0.));
#9252 = ORIENTED_EDGE('',*,*,#9253,.F.);
#9253 = EDGE_CURVE('',#9214,#9246,#9254,.T.);
#9254 = LINE('',#9255,#9256);
#9255 = CARTESIAN_POINT('',(214.,258.8,4.8));
#9256 = VECTOR('',#9257,1.);
#9257 = DIRECTION('',(0.,0.,1.));
#9258 = PLANE('',#9259);
#9259 = AXIS2_PLACEMENT_3D('',#9260,#9261,#9262);
#9260 = CARTESIAN_POINT('',(214.,236.,1.6));
#9261 = DIRECTION('',(1.,0.,-0.));
#9262 = DIRECTION('',(0.,0.,1.));
#9263 = ADVANCED_FACE('',(#9264),#9282,.F.);
#9264 = FACE_BOUND('',#9265,.F.);
#9265 = EDGE_LOOP('',(#9266,#9267,#9275,#9281));
#9266 = ORIENTED_EDGE('',*,*,#9094,.F.);
#9267 = ORIENTED_EDGE('',*,*,#9268,.T.);
#9268 = EDGE_CURVE('',#9087,#9269,#9271,.T.);
#9269 = VERTEX_POINT('',#9270);
#9270 = CARTESIAN_POINT('',(112.,256.4,9.4));
#9271 = LINE('',#9272,#9273);
#9272 = CARTESIAN_POINT('',(112.,256.4,2.2));
#9273 = VECTOR('',#9274,1.);
#9274 = DIRECTION('',(0.,0.,1.));
#9275 = ORIENTED_EDGE('',*,*,#9276,.T.);
#9276 = EDGE_CURVE('',#9269,#9230,#9277,.T.);
#9277 = LINE('',#9278,#9279);
#9278 = CARTESIAN_POINT('',(105.2,256.4,9.4));
#9279 = VECTOR('',#9280,1.);
#9280 = DIRECTION('',(1.,0.,-0.));
#9281 = ORIENTED_EDGE('',*,*,#9237,.F.);
#9282 = PLANE('',#9283);
#9283 = AXIS2_PLACEMENT_3D('',#9284,#9285,#9286);
#9284 = CARTESIAN_POINT('',(105.2,256.4,2.8));
#9285 = DIRECTION('',(-0.,1.,0.));
#9286 = DIRECTION('',(0.,0.,1.));
#9287 = ADVANCED_FACE('',(#9288),#9299,.F.);
#9288 = FACE_BOUND('',#9289,.F.);
#9289 = EDGE_LOOP('',(#9290,#9291,#9292,#9293));
#9290 = ORIENTED_EDGE('',*,*,#9268,.F.);
#9291 = ORIENTED_EDGE('',*,*,#9086,.F.);
#9292 = ORIENTED_EDGE('',*,*,#9133,.T.);
#9293 = ORIENTED_EDGE('',*,*,#9294,.T.);
#9294 = EDGE_CURVE('',#9134,#9269,#9295,.T.);
#9295 = LINE('',#9296,#9297);
#9296 = CARTESIAN_POINT('',(112.,203.2,9.4));
#9297 = VECTOR('',#9298,1.);
#9298 = DIRECTION('',(0.,-1.,0.));
#9299 = PLANE('',#9300);
#9300 = AXIS2_PLACEMENT_3D('',#9301,#9302,#9303);
#9301 = CARTESIAN_POINT('',(112.,150.,1.6));
#9302 = DIRECTION('',(1.,0.,-0.));
#9303 = DIRECTION('',(0.,0.,1.));
#9304 = ADVANCED_FACE('',(#9305),#9336,.T.);
#9305 = FACE_BOUND('',#9306,.T.);
#9306 = EDGE_LOOP('',(#9307,#9308,#9309,#9310,#9311,#9319,#9327,#9333,
    #9334,#9335));
#9307 = ORIENTED_EDGE('',*,*,#9141,.F.);
#9308 = ORIENTED_EDGE('',*,*,#9294,.T.);
#9309 = ORIENTED_EDGE('',*,*,#9276,.T.);
#9310 = ORIENTED_EDGE('',*,*,#9229,.F.);
#9311 = ORIENTED_EDGE('',*,*,#9312,.T.);
#9312 = EDGE_CURVE('',#9222,#9313,#9315,.T.);
#9313 = VERTEX_POINT('',#9314);
#9314 = CARTESIAN_POINT('',(232.35,256.6,9.4));
#9315 = LINE('',#9316,#9317);
#9316 = CARTESIAN_POINT('',(159.6,256.6,9.4));
#9317 = VECTOR('',#9318,1.);
#9318 = DIRECTION('',(1.,0.,-0.));
#9319 = ORIENTED_EDGE('',*,*,#9320,.T.);
#9320 = EDGE_CURVE('',#9313,#9321,#9323,.T.);
#9321 = VERTEX_POINT('',#9322);
#9322 = CARTESIAN_POINT('',(232.35,258.8,9.4));
#9323 = LINE('',#9324,#9325);
#9324 = CARTESIAN_POINT('',(232.35,255.95,9.4));
#9325 = VECTOR('',#9326,1.);
#9326 = DIRECTION('',(-0.,1.,0.));
#9327 = ORIENTED_EDGE('',*,*,#9328,.F.);
#9328 = EDGE_CURVE('',#9246,#9321,#9329,.T.);
#9329 = LINE('',#9330,#9331);
#9330 = CARTESIAN_POINT('',(159.6,258.8,9.4));
#9331 = VECTOR('',#9332,1.);
#9332 = DIRECTION('',(1.,0.,-0.));
#9333 = ORIENTED_EDGE('',*,*,#9245,.F.);
#9334 = ORIENTED_EDGE('',*,*,#9189,.T.);
#9335 = ORIENTED_EDGE('',*,*,#9173,.T.);
#9336 = PLANE('',#9337);
#9337 = AXIS2_PLACEMENT_3D('',#9338,#9339,#9340);
#9338 = CARTESIAN_POINT('',(105.2,256.4,9.4));
#9339 = DIRECTION('',(0.,0.,1.));
#9340 = DIRECTION('',(1.,0.,-0.));
#9341 = ADVANCED_FACE('',(#9342),#9367,.F.);
#9342 = FACE_BOUND('',#9343,.F.);
#9343 = EDGE_LOOP('',(#9344,#9345,#9353,#9361));
#9344 = ORIENTED_EDGE('',*,*,#9211,.F.);
#9345 = ORIENTED_EDGE('',*,*,#9346,.T.);
#9346 = EDGE_CURVE('',#9212,#9347,#9349,.T.);
#9347 = VERTEX_POINT('',#9348);
#9348 = CARTESIAN_POINT('',(232.35,256.6,4.8));
#9349 = LINE('',#9350,#9351);
#9350 = CARTESIAN_POINT('',(214.,256.6,4.8));
#9351 = VECTOR('',#9352,1.);
#9352 = DIRECTION('',(1.,0.,-0.));
#9353 = ORIENTED_EDGE('',*,*,#9354,.T.);
#9354 = EDGE_CURVE('',#9347,#9355,#9357,.T.);
#9355 = VERTEX_POINT('',#9356);
#9356 = CARTESIAN_POINT('',(232.35,258.8,4.8));
#9357 = LINE('',#9358,#9359);
#9358 = CARTESIAN_POINT('',(232.35,256.05,4.8));
#9359 = VECTOR('',#9360,1.);
#9360 = DIRECTION('',(-0.,1.,0.));
#9361 = ORIENTED_EDGE('',*,*,#9362,.F.);
#9362 = EDGE_CURVE('',#9214,#9355,#9363,.T.);
#9363 = LINE('',#9364,#9365);
#9364 = CARTESIAN_POINT('',(214.,258.8,4.8));
#9365 = VECTOR('',#9366,1.);
#9366 = DIRECTION('',(1.,0.,-0.));
#9367 = PLANE('',#9368);
#9368 = AXIS2_PLACEMENT_3D('',#9369,#9370,#9371);
#9369 = CARTESIAN_POINT('',(214.,256.6,4.8));
#9370 = DIRECTION('',(0.,0.,1.));
#9371 = DIRECTION('',(1.,0.,-0.));
#9372 = ADVANCED_FACE('',(#9373),#9384,.T.);
#9373 = FACE_BOUND('',#9374,.T.);
#9374 = EDGE_LOOP('',(#9375,#9376,#9377,#9378));
#9375 = ORIENTED_EDGE('',*,*,#9362,.F.);
#9376 = ORIENTED_EDGE('',*,*,#9253,.T.);
#9377 = ORIENTED_EDGE('',*,*,#9328,.T.);
#9378 = ORIENTED_EDGE('',*,*,#9379,.T.);
#9379 = EDGE_CURVE('',#9321,#9355,#9380,.T.);
#9380 = LINE('',#9381,#9382);
#9381 = CARTESIAN_POINT('',(232.35,258.8,3.2));
#9382 = VECTOR('',#9383,1.);
#9383 = DIRECTION('',(-0.,0.,-1.));
#9384 = PLANE('',#9385);
#9385 = AXIS2_PLACEMENT_3D('',#9386,#9387,#9388);
#9386 = CARTESIAN_POINT('',(214.,258.8,4.8));
#9387 = DIRECTION('',(-0.,1.,0.));
#9388 = DIRECTION('',(0.,0.,1.));
#9389 = ADVANCED_FACE('',(#9390),#9401,.F.);
#9390 = FACE_BOUND('',#9391,.F.);
#9391 = EDGE_LOOP('',(#9392,#9393,#9394,#9395));
#9392 = ORIENTED_EDGE('',*,*,#9346,.F.);
#9393 = ORIENTED_EDGE('',*,*,#9221,.T.);
#9394 = ORIENTED_EDGE('',*,*,#9312,.T.);
#9395 = ORIENTED_EDGE('',*,*,#9396,.T.);
#9396 = EDGE_CURVE('',#9313,#9347,#9397,.T.);
#9397 = LINE('',#9398,#9399);
#9398 = CARTESIAN_POINT('',(232.35,256.6,3.2));
#9399 = VECTOR('',#9400,1.);
#9400 = DIRECTION('',(-0.,0.,-1.));
#9401 = PLANE('',#9402);
#9402 = AXIS2_PLACEMENT_3D('',#9403,#9404,#9405);
#9403 = CARTESIAN_POINT('',(214.,256.6,4.8));
#9404 = DIRECTION('',(-0.,1.,0.));
#9405 = DIRECTION('',(0.,0.,1.));
#9406 = ADVANCED_FACE('',(#9407),#9413,.T.);
#9407 = FACE_BOUND('',#9408,.T.);
#9408 = EDGE_LOOP('',(#9409,#9410,#9411,#9412));
#9409 = ORIENTED_EDGE('',*,*,#9320,.F.);
#9410 = ORIENTED_EDGE('',*,*,#9396,.T.);
#9411 = ORIENTED_EDGE('',*,*,#9354,.T.);
#9412 = ORIENTED_EDGE('',*,*,#9379,.F.);
#9413 = PLANE('',#9414);
#9414 = AXIS2_PLACEMENT_3D('',#9415,#9416,#9417);
#9415 = CARTESIAN_POINT('',(232.35,255.5,1.6));
#9416 = DIRECTION('',(1.,0.,-0.));
#9417 = DIRECTION('',(0.,0.,1.));
#9418 = ORIENTED_CLOSED_SHELL('',*,#9419,.F.);
#9419 = CLOSED_SHELL('',(#9420,#9460,#9491,#9515,#9539,#9556));
#9420 = ADVANCED_FACE('',(#9421),#9455,.F.);
#9421 = FACE_BOUND('',#9422,.F.);
#9422 = EDGE_LOOP('',(#9423,#9433,#9441,#9449));
#9423 = ORIENTED_EDGE('',*,*,#9424,.F.);
#9424 = EDGE_CURVE('',#9425,#9427,#9429,.T.);
#9425 = VERTEX_POINT('',#9426);
#9426 = CARTESIAN_POINT('',(218.,180.76,3.));
#9427 = VERTEX_POINT('',#9428);
#9428 = CARTESIAN_POINT('',(299.5,180.76,3.));
#9429 = LINE('',#9430,#9431);
#9430 = CARTESIAN_POINT('',(213.5,180.76,3.));
#9431 = VECTOR('',#9432,1.);
#9432 = DIRECTION('',(1.,0.,-0.));
#9433 = ORIENTED_EDGE('',*,*,#9434,.F.);
#9434 = EDGE_CURVE('',#9435,#9425,#9437,.T.);
#9435 = VERTEX_POINT('',#9436);
#9436 = CARTESIAN_POINT('',(218.,180.76,12.));
#9437 = LINE('',#9438,#9439);
#9438 = CARTESIAN_POINT('',(218.,180.76,2.3));
#9439 = VECTOR('',#9440,1.);
#9440 = DIRECTION('',(-0.,0.,-1.));
#9441 = ORIENTED_EDGE('',*,*,#9442,.T.);
#9442 = EDGE_CURVE('',#9435,#9443,#9445,.T.);
#9443 = VERTEX_POINT('',#9444);
#9444 = CARTESIAN_POINT('',(299.5,180.76,12.));
#9445 = LINE('',#9446,#9447);
#9446 = CARTESIAN_POINT('',(213.5,180.76,12.));
#9447 = VECTOR('',#9448,1.);
#9448 = DIRECTION('',(1.,0.,-0.));
#9449 = ORIENTED_EDGE('',*,*,#9450,.F.);
#9450 = EDGE_CURVE('',#9427,#9443,#9451,.T.);
#9451 = LINE('',#9452,#9453);
#9452 = CARTESIAN_POINT('',(299.5,180.76,3.));
#9453 = VECTOR('',#9454,1.);
#9454 = DIRECTION('',(0.,0.,1.));
#9455 = PLANE('',#9456);
#9456 = AXIS2_PLACEMENT_3D('',#9457,#9458,#9459);
#9457 = CARTESIAN_POINT('',(213.5,180.76,3.));
#9458 = DIRECTION('',(-0.,1.,0.));
#9459 = DIRECTION('',(0.,0.,1.));
#9460 = ADVANCED_FACE('',(#9461),#9486,.F.);
#9461 = FACE_BOUND('',#9462,.F.);
#9462 = EDGE_LOOP('',(#9463,#9473,#9479,#9480));
#9463 = ORIENTED_EDGE('',*,*,#9464,.F.);
#9464 = EDGE_CURVE('',#9465,#9467,#9469,.T.);
#9465 = VERTEX_POINT('',#9466);
#9466 = CARTESIAN_POINT('',(218.,184.76,3.));
#9467 = VERTEX_POINT('',#9468);
#9468 = CARTESIAN_POINT('',(299.5,184.76,3.));
#9469 = LINE('',#9470,#9471);
#9470 = CARTESIAN_POINT('',(213.5,184.76,3.));
#9471 = VECTOR('',#9472,1.);
#9472 = DIRECTION('',(1.,0.,-0.));
#9473 = ORIENTED_EDGE('',*,*,#9474,.F.);
#9474 = EDGE_CURVE('',#9425,#9465,#9475,.T.);
#9475 = LINE('',#9476,#9477);
#9476 = CARTESIAN_POINT('',(218.,179.66,3.));
#9477 = VECTOR('',#9478,1.);
#9478 = DIRECTION('',(-0.,1.,0.));
#9479 = ORIENTED_EDGE('',*,*,#9424,.T.);
#9480 = ORIENTED_EDGE('',*,*,#9481,.T.);
#9481 = EDGE_CURVE('',#9427,#9467,#9482,.T.);
#9482 = LINE('',#9483,#9484);
#9483 = CARTESIAN_POINT('',(299.5,180.76,3.));
#9484 = VECTOR('',#9485,1.);
#9485 = DIRECTION('',(-0.,1.,0.));
#9486 = PLANE('',#9487);
#9487 = AXIS2_PLACEMENT_3D('',#9488,#9489,#9490);
#9488 = CARTESIAN_POINT('',(213.5,180.76,3.));
#9489 = DIRECTION('',(0.,0.,1.));
#9490 = DIRECTION('',(1.,0.,-0.));
#9491 = ADVANCED_FACE('',(#9492),#9510,.T.);
#9492 = FACE_BOUND('',#9493,.T.);
#9493 = EDGE_LOOP('',(#9494,#9495,#9496,#9504));
#9494 = ORIENTED_EDGE('',*,*,#9450,.F.);
#9495 = ORIENTED_EDGE('',*,*,#9481,.T.);
#9496 = ORIENTED_EDGE('',*,*,#9497,.T.);
#9497 = EDGE_CURVE('',#9467,#9498,#9500,.T.);
#9498 = VERTEX_POINT('',#9499);
#9499 = CARTESIAN_POINT('',(299.5,184.76,12.));
#9500 = LINE('',#9501,#9502);
#9501 = CARTESIAN_POINT('',(299.5,184.76,3.));
#9502 = VECTOR('',#9503,1.);
#9503 = DIRECTION('',(0.,0.,1.));
#9504 = ORIENTED_EDGE('',*,*,#9505,.F.);
#9505 = EDGE_CURVE('',#9443,#9498,#9506,.T.);
#9506 = LINE('',#9507,#9508);
#9507 = CARTESIAN_POINT('',(299.5,180.76,12.));
#9508 = VECTOR('',#9509,1.);
#9509 = DIRECTION('',(-0.,1.,0.));
#9510 = PLANE('',#9511);
#9511 = AXIS2_PLACEMENT_3D('',#9512,#9513,#9514);
#9512 = CARTESIAN_POINT('',(299.5,180.76,3.));
#9513 = DIRECTION('',(1.,0.,-0.));
#9514 = DIRECTION('',(0.,0.,1.));
#9515 = ADVANCED_FACE('',(#9516),#9534,.T.);
#9516 = FACE_BOUND('',#9517,.T.);
#9517 = EDGE_LOOP('',(#9518,#9526,#9532,#9533));
#9518 = ORIENTED_EDGE('',*,*,#9519,.F.);
#9519 = EDGE_CURVE('',#9520,#9498,#9522,.T.);
#9520 = VERTEX_POINT('',#9521);
#9521 = CARTESIAN_POINT('',(218.,184.76,12.));
#9522 = LINE('',#9523,#9524);
#9523 = CARTESIAN_POINT('',(213.5,184.76,12.));
#9524 = VECTOR('',#9525,1.);
#9525 = DIRECTION('',(1.,0.,-0.));
#9526 = ORIENTED_EDGE('',*,*,#9527,.F.);
#9527 = EDGE_CURVE('',#9435,#9520,#9528,.T.);
#9528 = LINE('',#9529,#9530);
#9529 = CARTESIAN_POINT('',(218.,179.66,12.));
#9530 = VECTOR('',#9531,1.);
#9531 = DIRECTION('',(-0.,1.,0.));
#9532 = ORIENTED_EDGE('',*,*,#9442,.T.);
#9533 = ORIENTED_EDGE('',*,*,#9505,.T.);
#9534 = PLANE('',#9535);
#9535 = AXIS2_PLACEMENT_3D('',#9536,#9537,#9538);
#9536 = CARTESIAN_POINT('',(213.5,180.76,12.));
#9537 = DIRECTION('',(0.,0.,1.));
#9538 = DIRECTION('',(1.,0.,-0.));
#9539 = ADVANCED_FACE('',(#9540),#9551,.F.);
#9540 = FACE_BOUND('',#9541,.F.);
#9541 = EDGE_LOOP('',(#9542,#9543,#9544,#9545));
#9542 = ORIENTED_EDGE('',*,*,#9527,.F.);
#9543 = ORIENTED_EDGE('',*,*,#9434,.T.);
#9544 = ORIENTED_EDGE('',*,*,#9474,.T.);
#9545 = ORIENTED_EDGE('',*,*,#9546,.F.);
#9546 = EDGE_CURVE('',#9520,#9465,#9547,.T.);
#9547 = LINE('',#9548,#9549);
#9548 = CARTESIAN_POINT('',(218.,184.76,2.3));
#9549 = VECTOR('',#9550,1.);
#9550 = DIRECTION('',(-0.,0.,-1.));
#9551 = PLANE('',#9552);
#9552 = AXIS2_PLACEMENT_3D('',#9553,#9554,#9555);
#9553 = CARTESIAN_POINT('',(218.,178.56,1.6));
#9554 = DIRECTION('',(1.,0.,-0.));
#9555 = DIRECTION('',(0.,0.,1.));
#9556 = ADVANCED_FACE('',(#9557),#9563,.T.);
#9557 = FACE_BOUND('',#9558,.T.);
#9558 = EDGE_LOOP('',(#9559,#9560,#9561,#9562));
#9559 = ORIENTED_EDGE('',*,*,#9464,.F.);
#9560 = ORIENTED_EDGE('',*,*,#9546,.F.);
#9561 = ORIENTED_EDGE('',*,*,#9519,.T.);
#9562 = ORIENTED_EDGE('',*,*,#9497,.F.);
#9563 = PLANE('',#9564);
#9564 = AXIS2_PLACEMENT_3D('',#9565,#9566,#9567);
#9565 = CARTESIAN_POINT('',(213.5,184.76,3.));
#9566 = DIRECTION('',(-0.,1.,0.));
#9567 = DIRECTION('',(0.,0.,1.));
#9568 = ORIENTED_CLOSED_SHELL('',*,#9569,.F.);
#9569 = CLOSED_SHELL('',(#9570,#9610,#9641,#9665,#9689,#9706));
#9570 = ADVANCED_FACE('',(#9571),#9605,.T.);
#9571 = FACE_BOUND('',#9572,.T.);
#9572 = EDGE_LOOP('',(#9573,#9583,#9591,#9599));
#9573 = ORIENTED_EDGE('',*,*,#9574,.T.);
#9574 = EDGE_CURVE('',#9575,#9577,#9579,.T.);
#9575 = VERTEX_POINT('',#9576);
#9576 = CARTESIAN_POINT('',(232.35,224.9,9.4));
#9577 = VERTEX_POINT('',#9578);
#9578 = CARTESIAN_POINT('',(232.35,225.4,9.4));
#9579 = LINE('',#9580,#9581);
#9580 = CARTESIAN_POINT('',(232.35,224.45,9.4));
#9581 = VECTOR('',#9582,1.);
#9582 = DIRECTION('',(-0.,1.,0.));
#9583 = ORIENTED_EDGE('',*,*,#9584,.T.);
#9584 = EDGE_CURVE('',#9577,#9585,#9587,.T.);
#9585 = VERTEX_POINT('',#9586);
#9586 = CARTESIAN_POINT('',(218.,225.4,9.4));
#9587 = LINE('',#9588,#9589);
#9588 = CARTESIAN_POINT('',(159.35,225.4,9.4));
#9589 = VECTOR('',#9590,1.);
#9590 = DIRECTION('',(-1.,-0.,0.));
#9591 = ORIENTED_EDGE('',*,*,#9592,.F.);
#9592 = EDGE_CURVE('',#9593,#9585,#9595,.T.);
#9593 = VERTEX_POINT('',#9594);
#9594 = CARTESIAN_POINT('',(218.,224.9,9.4));
#9595 = LINE('',#9596,#9597);
#9596 = CARTESIAN_POINT('',(218.,222.05,9.4));
#9597 = VECTOR('',#9598,1.);
#9598 = DIRECTION('',(-0.,1.,0.));
#9599 = ORIENTED_EDGE('',*,*,#9600,.T.);
#9600 = EDGE_CURVE('',#9593,#9575,#9601,.T.);
#9601 = LINE('',#9602,#9603);
#9602 = CARTESIAN_POINT('',(105.2,224.9,9.4));
#9603 = VECTOR('',#9604,1.);
#9604 = DIRECTION('',(1.,0.,-0.));
#9605 = PLANE('',#9606);
#9606 = AXIS2_PLACEMENT_3D('',#9607,#9608,#9609);
#9607 = CARTESIAN_POINT('',(105.2,224.9,9.4));
#9608 = DIRECTION('',(0.,0.,1.));
#9609 = DIRECTION('',(1.,0.,-0.));
#9610 = ADVANCED_FACE('',(#9611),#9636,.T.);
#9611 = FACE_BOUND('',#9612,.T.);
#9612 = EDGE_LOOP('',(#9613,#9614,#9622,#9630));
#9613 = ORIENTED_EDGE('',*,*,#9574,.F.);
#9614 = ORIENTED_EDGE('',*,*,#9615,.T.);
#9615 = EDGE_CURVE('',#9575,#9616,#9618,.T.);
#9616 = VERTEX_POINT('',#9617);
#9617 = CARTESIAN_POINT('',(232.35,224.9,3.));
#9618 = LINE('',#9619,#9620);
#9619 = CARTESIAN_POINT('',(232.35,224.9,2.2));
#9620 = VECTOR('',#9621,1.);
#9621 = DIRECTION('',(-0.,0.,-1.));
#9622 = ORIENTED_EDGE('',*,*,#9623,.F.);
#9623 = EDGE_CURVE('',#9624,#9616,#9626,.T.);
#9624 = VERTEX_POINT('',#9625);
#9625 = CARTESIAN_POINT('',(232.35,225.4,3.));
#9626 = LINE('',#9627,#9628);
#9627 = CARTESIAN_POINT('',(232.35,222.7,3.));
#9628 = VECTOR('',#9629,1.);
#9629 = DIRECTION('',(0.,-1.,0.));
#9630 = ORIENTED_EDGE('',*,*,#9631,.T.);
#9631 = EDGE_CURVE('',#9624,#9577,#9632,.T.);
#9632 = LINE('',#9633,#9634);
#9633 = CARTESIAN_POINT('',(232.35,225.4,2.3));
#9634 = VECTOR('',#9635,1.);
#9635 = DIRECTION('',(0.,0.,1.));
#9636 = PLANE('',#9637);
#9637 = AXIS2_PLACEMENT_3D('',#9638,#9639,#9640);
#9638 = CARTESIAN_POINT('',(232.35,224.,1.6));
#9639 = DIRECTION('',(1.,0.,-0.));
#9640 = DIRECTION('',(0.,0.,1.));
#9641 = ADVANCED_FACE('',(#9642),#9660,.F.);
#9642 = FACE_BOUND('',#9643,.F.);
#9643 = EDGE_LOOP('',(#9644,#9645,#9653,#9659));
#9644 = ORIENTED_EDGE('',*,*,#9615,.T.);
#9645 = ORIENTED_EDGE('',*,*,#9646,.F.);
#9646 = EDGE_CURVE('',#9647,#9616,#9649,.T.);
#9647 = VERTEX_POINT('',#9648);
#9648 = CARTESIAN_POINT('',(218.,224.9,3.));
#9649 = LINE('',#9650,#9651);
#9650 = CARTESIAN_POINT('',(159.35,224.9,3.));
#9651 = VECTOR('',#9652,1.);
#9652 = DIRECTION('',(1.,0.,-0.));
#9653 = ORIENTED_EDGE('',*,*,#9654,.F.);
#9654 = EDGE_CURVE('',#9593,#9647,#9655,.T.);
#9655 = LINE('',#9656,#9657);
#9656 = CARTESIAN_POINT('',(218.,224.9,2.2));
#9657 = VECTOR('',#9658,1.);
#9658 = DIRECTION('',(-0.,0.,-1.));
#9659 = ORIENTED_EDGE('',*,*,#9600,.T.);
#9660 = PLANE('',#9661);
#9661 = AXIS2_PLACEMENT_3D('',#9662,#9663,#9664);
#9662 = CARTESIAN_POINT('',(105.2,224.9,2.8));
#9663 = DIRECTION('',(-0.,1.,0.));
#9664 = DIRECTION('',(0.,0.,1.));
#9665 = ADVANCED_FACE('',(#9666),#9684,.F.);
#9666 = FACE_BOUND('',#9667,.F.);
#9667 = EDGE_LOOP('',(#9668,#9676,#9677,#9678));
#9668 = ORIENTED_EDGE('',*,*,#9669,.F.);
#9669 = EDGE_CURVE('',#9585,#9670,#9672,.T.);
#9670 = VERTEX_POINT('',#9671);
#9671 = CARTESIAN_POINT('',(218.,225.4,3.));
#9672 = LINE('',#9673,#9674);
#9673 = CARTESIAN_POINT('',(218.,225.4,2.3));
#9674 = VECTOR('',#9675,1.);
#9675 = DIRECTION('',(-0.,0.,-1.));
#9676 = ORIENTED_EDGE('',*,*,#9592,.F.);
#9677 = ORIENTED_EDGE('',*,*,#9654,.T.);
#9678 = ORIENTED_EDGE('',*,*,#9679,.T.);
#9679 = EDGE_CURVE('',#9647,#9670,#9680,.T.);
#9680 = LINE('',#9681,#9682);
#9681 = CARTESIAN_POINT('',(218.,220.3,3.));
#9682 = VECTOR('',#9683,1.);
#9683 = DIRECTION('',(-0.,1.,0.));
#9684 = PLANE('',#9685);
#9685 = AXIS2_PLACEMENT_3D('',#9686,#9687,#9688);
#9686 = CARTESIAN_POINT('',(218.,219.2,1.6));
#9687 = DIRECTION('',(1.,0.,-0.));
#9688 = DIRECTION('',(0.,0.,1.));
#9689 = ADVANCED_FACE('',(#9690),#9701,.T.);
#9690 = FACE_BOUND('',#9691,.T.);
#9691 = EDGE_LOOP('',(#9692,#9698,#9699,#9700));
#9692 = ORIENTED_EDGE('',*,*,#9693,.F.);
#9693 = EDGE_CURVE('',#9670,#9624,#9694,.T.);
#9694 = LINE('',#9695,#9696);
#9695 = CARTESIAN_POINT('',(213.5,225.4,3.));
#9696 = VECTOR('',#9697,1.);
#9697 = DIRECTION('',(1.,0.,-0.));
#9698 = ORIENTED_EDGE('',*,*,#9669,.F.);
#9699 = ORIENTED_EDGE('',*,*,#9584,.F.);
#9700 = ORIENTED_EDGE('',*,*,#9631,.F.);
#9701 = PLANE('',#9702);
#9702 = AXIS2_PLACEMENT_3D('',#9703,#9704,#9705);
#9703 = CARTESIAN_POINT('',(213.5,225.4,3.));
#9704 = DIRECTION('',(-0.,1.,0.));
#9705 = DIRECTION('',(0.,0.,1.));
#9706 = ADVANCED_FACE('',(#9707),#9713,.F.);
#9707 = FACE_BOUND('',#9708,.F.);
#9708 = EDGE_LOOP('',(#9709,#9710,#9711,#9712));
#9709 = ORIENTED_EDGE('',*,*,#9693,.F.);
#9710 = ORIENTED_EDGE('',*,*,#9679,.F.);
#9711 = ORIENTED_EDGE('',*,*,#9646,.T.);
#9712 = ORIENTED_EDGE('',*,*,#9623,.F.);
#9713 = PLANE('',#9714);
#9714 = AXIS2_PLACEMENT_3D('',#9715,#9716,#9717);
#9715 = CARTESIAN_POINT('',(213.5,221.4,3.));
#9716 = DIRECTION('',(0.,0.,1.));
#9717 = DIRECTION('',(1.,0.,-0.));
#9718 = ORIENTED_CLOSED_SHELL('',*,#9719,.F.);
#9719 = CLOSED_SHELL('',(#9720,#9776,#9823,#9854,#9917,#9934,#9951,#9973
    ,#9985,#10002,#10021));
#9720 = ADVANCED_FACE('',(#9721),#9771,.F.);
#9721 = FACE_BOUND('',#9722,.F.);
#9722 = EDGE_LOOP('',(#9723,#9733,#9741,#9749,#9757,#9765));
#9723 = ORIENTED_EDGE('',*,*,#9724,.F.);
#9724 = EDGE_CURVE('',#9725,#9727,#9729,.T.);
#9725 = VERTEX_POINT('',#9726);
#9726 = CARTESIAN_POINT('',(218.,221.4,12.));
#9727 = VERTEX_POINT('',#9728);
#9728 = CARTESIAN_POINT('',(218.,225.4,12.));
#9729 = LINE('',#9730,#9731);
#9730 = CARTESIAN_POINT('',(218.,220.3,12.));
#9731 = VECTOR('',#9732,1.);
#9732 = DIRECTION('',(-0.,1.,0.));
#9733 = ORIENTED_EDGE('',*,*,#9734,.T.);
#9734 = EDGE_CURVE('',#9725,#9735,#9737,.T.);
#9735 = VERTEX_POINT('',#9736);
#9736 = CARTESIAN_POINT('',(218.,221.4,3.));
#9737 = LINE('',#9738,#9739);
#9738 = CARTESIAN_POINT('',(218.,221.4,2.3));
#9739 = VECTOR('',#9740,1.);
#9740 = DIRECTION('',(-0.,0.,-1.));
#9741 = ORIENTED_EDGE('',*,*,#9742,.T.);
#9742 = EDGE_CURVE('',#9735,#9743,#9745,.T.);
#9743 = VERTEX_POINT('',#9744);
#9744 = CARTESIAN_POINT('',(218.,224.,3.));
#9745 = LINE('',#9746,#9747);
#9746 = CARTESIAN_POINT('',(218.,220.3,3.));
#9747 = VECTOR('',#9748,1.);
#9748 = DIRECTION('',(-0.,1.,0.));
#9749 = ORIENTED_EDGE('',*,*,#9750,.F.);
#9750 = EDGE_CURVE('',#9751,#9743,#9753,.T.);
#9751 = VERTEX_POINT('',#9752);
#9752 = CARTESIAN_POINT('',(218.,224.,10.));
#9753 = LINE('',#9754,#9755);
#9754 = CARTESIAN_POINT('',(218.,224.,1.6));
#9755 = VECTOR('',#9756,1.);
#9756 = DIRECTION('',(-0.,0.,-1.));
#9757 = ORIENTED_EDGE('',*,*,#9758,.T.);
#9758 = EDGE_CURVE('',#9751,#9759,#9761,.T.);
#9759 = VERTEX_POINT('',#9760);
#9760 = CARTESIAN_POINT('',(218.,225.4,10.));
#9761 = LINE('',#9762,#9763);
#9762 = CARTESIAN_POINT('',(218.,221.6,10.));
#9763 = VECTOR('',#9764,1.);
#9764 = DIRECTION('',(-0.,1.,0.));
#9765 = ORIENTED_EDGE('',*,*,#9766,.F.);
#9766 = EDGE_CURVE('',#9727,#9759,#9767,.T.);
#9767 = LINE('',#9768,#9769);
#9768 = CARTESIAN_POINT('',(218.,225.4,2.3));
#9769 = VECTOR('',#9770,1.);
#9770 = DIRECTION('',(-0.,0.,-1.));
#9771 = PLANE('',#9772);
#9772 = AXIS2_PLACEMENT_3D('',#9773,#9774,#9775);
#9773 = CARTESIAN_POINT('',(218.,219.2,1.6));
#9774 = DIRECTION('',(1.,0.,-0.));
#9775 = DIRECTION('',(0.,0.,1.));
#9776 = ADVANCED_FACE('',(#9777),#9818,.F.);
#9777 = FACE_BOUND('',#9778,.F.);
#9778 = EDGE_LOOP('',(#9779,#9789,#9797,#9803,#9804,#9812));
#9779 = ORIENTED_EDGE('',*,*,#9780,.F.);
#9780 = EDGE_CURVE('',#9781,#9783,#9785,.T.);
#9781 = VERTEX_POINT('',#9782);
#9782 = CARTESIAN_POINT('',(237.35,225.4,3.));
#9783 = VERTEX_POINT('',#9784);
#9784 = CARTESIAN_POINT('',(299.5,225.4,3.));
#9785 = LINE('',#9786,#9787);
#9786 = CARTESIAN_POINT('',(213.5,225.4,3.));
#9787 = VECTOR('',#9788,1.);
#9788 = DIRECTION('',(1.,0.,-0.));
#9789 = ORIENTED_EDGE('',*,*,#9790,.T.);
#9790 = EDGE_CURVE('',#9781,#9791,#9793,.T.);
#9791 = VERTEX_POINT('',#9792);
#9792 = CARTESIAN_POINT('',(237.35,224.,3.));
#9793 = LINE('',#9794,#9795);
#9794 = CARTESIAN_POINT('',(237.35,222.7,3.));
#9795 = VECTOR('',#9796,1.);
#9796 = DIRECTION('',(0.,-1.,0.));
#9797 = ORIENTED_EDGE('',*,*,#9798,.F.);
#9798 = EDGE_CURVE('',#9743,#9791,#9799,.T.);
#9799 = LINE('',#9800,#9801);
#9800 = CARTESIAN_POINT('',(158.75,224.,3.));
#9801 = VECTOR('',#9802,1.);
#9802 = DIRECTION('',(1.,0.,-0.));
#9803 = ORIENTED_EDGE('',*,*,#9742,.F.);
#9804 = ORIENTED_EDGE('',*,*,#9805,.T.);
#9805 = EDGE_CURVE('',#9735,#9806,#9808,.T.);
#9806 = VERTEX_POINT('',#9807);
#9807 = CARTESIAN_POINT('',(299.5,221.4,3.));
#9808 = LINE('',#9809,#9810);
#9809 = CARTESIAN_POINT('',(213.5,221.4,3.));
#9810 = VECTOR('',#9811,1.);
#9811 = DIRECTION('',(1.,0.,-0.));
#9812 = ORIENTED_EDGE('',*,*,#9813,.T.);
#9813 = EDGE_CURVE('',#9806,#9783,#9814,.T.);
#9814 = LINE('',#9815,#9816);
#9815 = CARTESIAN_POINT('',(299.5,221.4,3.));
#9816 = VECTOR('',#9817,1.);
#9817 = DIRECTION('',(-0.,1.,0.));
#9818 = PLANE('',#9819);
#9819 = AXIS2_PLACEMENT_3D('',#9820,#9821,#9822);
#9820 = CARTESIAN_POINT('',(213.5,221.4,3.));
#9821 = DIRECTION('',(0.,0.,1.));
#9822 = DIRECTION('',(1.,0.,-0.));
#9823 = ADVANCED_FACE('',(#9824),#9849,.F.);
#9824 = FACE_BOUND('',#9825,.F.);
#9825 = EDGE_LOOP('',(#9826,#9827,#9835,#9843));
#9826 = ORIENTED_EDGE('',*,*,#9758,.F.);
#9827 = ORIENTED_EDGE('',*,*,#9828,.T.);
#9828 = EDGE_CURVE('',#9751,#9829,#9831,.T.);
#9829 = VERTEX_POINT('',#9830);
#9830 = CARTESIAN_POINT('',(232.35,224.,10.));
#9831 = LINE('',#9832,#9833);
#9832 = CARTESIAN_POINT('',(104.,224.,10.));
#9833 = VECTOR('',#9834,1.);
#9834 = DIRECTION('',(1.,0.,-0.));
#9835 = ORIENTED_EDGE('',*,*,#9836,.T.);
#9836 = EDGE_CURVE('',#9829,#9837,#9839,.T.);
#9837 = VERTEX_POINT('',#9838);
#9838 = CARTESIAN_POINT('',(232.35,225.4,10.));
#9839 = LINE('',#9840,#9841);
#9840 = CARTESIAN_POINT('',(232.35,224.,10.));
#9841 = VECTOR('',#9842,1.);
#9842 = DIRECTION('',(-0.,1.,0.));
#9843 = ORIENTED_EDGE('',*,*,#9844,.T.);
#9844 = EDGE_CURVE('',#9837,#9759,#9845,.T.);
#9845 = LINE('',#9846,#9847);
#9846 = CARTESIAN_POINT('',(158.75,225.4,10.));
#9847 = VECTOR('',#9848,1.);
#9848 = DIRECTION('',(-1.,-0.,0.));
#9849 = PLANE('',#9850);
#9850 = AXIS2_PLACEMENT_3D('',#9851,#9852,#9853);
#9851 = CARTESIAN_POINT('',(104.,224.,10.));
#9852 = DIRECTION('',(0.,0.,1.));
#9853 = DIRECTION('',(1.,0.,-0.));
#9854 = ADVANCED_FACE('',(#9855),#9912,.T.);
#9855 = FACE_BOUND('',#9856,.T.);
#9856 = EDGE_LOOP('',(#9857,#9865,#9866,#9874,#9882,#9890,#9898,#9906));
#9857 = ORIENTED_EDGE('',*,*,#9858,.F.);
#9858 = EDGE_CURVE('',#9727,#9859,#9861,.T.);
#9859 = VERTEX_POINT('',#9860);
#9860 = CARTESIAN_POINT('',(232.35,225.4,12.));
#9861 = LINE('',#9862,#9863);
#9862 = CARTESIAN_POINT('',(213.5,225.4,12.));
#9863 = VECTOR('',#9864,1.);
#9864 = DIRECTION('',(1.,0.,-0.));
#9865 = ORIENTED_EDGE('',*,*,#9724,.F.);
#9866 = ORIENTED_EDGE('',*,*,#9867,.T.);
#9867 = EDGE_CURVE('',#9725,#9868,#9870,.T.);
#9868 = VERTEX_POINT('',#9869);
#9869 = CARTESIAN_POINT('',(299.5,221.4,12.));
#9870 = LINE('',#9871,#9872);
#9871 = CARTESIAN_POINT('',(213.5,221.4,12.));
#9872 = VECTOR('',#9873,1.);
#9873 = DIRECTION('',(1.,0.,-0.));
#9874 = ORIENTED_EDGE('',*,*,#9875,.T.);
#9875 = EDGE_CURVE('',#9868,#9876,#9878,.T.);
#9876 = VERTEX_POINT('',#9877);
#9877 = CARTESIAN_POINT('',(299.5,225.4,12.));
#9878 = LINE('',#9879,#9880);
#9879 = CARTESIAN_POINT('',(299.5,221.4,12.));
#9880 = VECTOR('',#9881,1.);
#9881 = DIRECTION('',(-0.,1.,0.));
#9882 = ORIENTED_EDGE('',*,*,#9883,.F.);
#9883 = EDGE_CURVE('',#9884,#9876,#9886,.T.);
#9884 = VERTEX_POINT('',#9885);
#9885 = CARTESIAN_POINT('',(237.35,225.4,12.));
#9886 = LINE('',#9887,#9888);
#9887 = CARTESIAN_POINT('',(213.5,225.4,12.));
#9888 = VECTOR('',#9889,1.);
#9889 = DIRECTION('',(1.,0.,-0.));
#9890 = ORIENTED_EDGE('',*,*,#9891,.T.);
#9891 = EDGE_CURVE('',#9884,#9892,#9894,.T.);
#9892 = VERTEX_POINT('',#9893);
#9893 = CARTESIAN_POINT('',(237.35,224.,12.));
#9894 = LINE('',#9895,#9896);
#9895 = CARTESIAN_POINT('',(237.35,222.7,12.));
#9896 = VECTOR('',#9897,1.);
#9897 = DIRECTION('',(0.,-1.,0.));
#9898 = ORIENTED_EDGE('',*,*,#9899,.F.);
#9899 = EDGE_CURVE('',#9900,#9892,#9902,.T.);
#9900 = VERTEX_POINT('',#9901);
#9901 = CARTESIAN_POINT('',(232.35,224.,12.));
#9902 = LINE('',#9903,#9904);
#9903 = CARTESIAN_POINT('',(222.925,224.,12.));
#9904 = VECTOR('',#9905,1.);
#9905 = DIRECTION('',(1.,0.,-0.));
#9906 = ORIENTED_EDGE('',*,*,#9907,.F.);
#9907 = EDGE_CURVE('',#9859,#9900,#9908,.T.);
#9908 = LINE('',#9909,#9910);
#9909 = CARTESIAN_POINT('',(232.35,222.7,12.));
#9910 = VECTOR('',#9911,1.);
#9911 = DIRECTION('',(0.,-1.,0.));
#9912 = PLANE('',#9913);
#9913 = AXIS2_PLACEMENT_3D('',#9914,#9915,#9916);
#9914 = CARTESIAN_POINT('',(213.5,221.4,12.));
#9915 = DIRECTION('',(0.,0.,1.));
#9916 = DIRECTION('',(1.,0.,-0.));
#9917 = ADVANCED_FACE('',(#9918),#9929,.T.);
#9918 = FACE_BOUND('',#9919,.T.);
#9919 = EDGE_LOOP('',(#9920,#9921,#9922,#9923));
#9920 = ORIENTED_EDGE('',*,*,#9844,.T.);
#9921 = ORIENTED_EDGE('',*,*,#9766,.F.);
#9922 = ORIENTED_EDGE('',*,*,#9858,.T.);
#9923 = ORIENTED_EDGE('',*,*,#9924,.F.);
#9924 = EDGE_CURVE('',#9837,#9859,#9925,.T.);
#9925 = LINE('',#9926,#9927);
#9926 = CARTESIAN_POINT('',(232.35,225.4,2.3));
#9927 = VECTOR('',#9928,1.);
#9928 = DIRECTION('',(0.,0.,1.));
#9929 = PLANE('',#9930);
#9930 = AXIS2_PLACEMENT_3D('',#9931,#9932,#9933);
#9931 = CARTESIAN_POINT('',(213.5,225.4,3.));
#9932 = DIRECTION('',(-0.,1.,0.));
#9933 = DIRECTION('',(0.,0.,1.));
#9934 = ADVANCED_FACE('',(#9935),#9946,.F.);
#9935 = FACE_BOUND('',#9936,.F.);
#9936 = EDGE_LOOP('',(#9937,#9938,#9939,#9940));
#9937 = ORIENTED_EDGE('',*,*,#9805,.F.);
#9938 = ORIENTED_EDGE('',*,*,#9734,.F.);
#9939 = ORIENTED_EDGE('',*,*,#9867,.T.);
#9940 = ORIENTED_EDGE('',*,*,#9941,.F.);
#9941 = EDGE_CURVE('',#9806,#9868,#9942,.T.);
#9942 = LINE('',#9943,#9944);
#9943 = CARTESIAN_POINT('',(299.5,221.4,3.));
#9944 = VECTOR('',#9945,1.);
#9945 = DIRECTION('',(0.,0.,1.));
#9946 = PLANE('',#9947);
#9947 = AXIS2_PLACEMENT_3D('',#9948,#9949,#9950);
#9948 = CARTESIAN_POINT('',(213.5,221.4,3.));
#9949 = DIRECTION('',(-0.,1.,0.));
#9950 = DIRECTION('',(0.,0.,1.));
#9951 = ADVANCED_FACE('',(#9952),#9968,.T.);
#9952 = FACE_BOUND('',#9953,.T.);
#9953 = EDGE_LOOP('',(#9954,#9955,#9961,#9962));
#9954 = ORIENTED_EDGE('',*,*,#9780,.F.);
#9955 = ORIENTED_EDGE('',*,*,#9956,.T.);
#9956 = EDGE_CURVE('',#9781,#9884,#9957,.T.);
#9957 = LINE('',#9958,#9959);
#9958 = CARTESIAN_POINT('',(237.35,225.4,2.3));
#9959 = VECTOR('',#9960,1.);
#9960 = DIRECTION('',(0.,0.,1.));
#9961 = ORIENTED_EDGE('',*,*,#9883,.T.);
#9962 = ORIENTED_EDGE('',*,*,#9963,.F.);
#9963 = EDGE_CURVE('',#9783,#9876,#9964,.T.);
#9964 = LINE('',#9965,#9966);
#9965 = CARTESIAN_POINT('',(299.5,225.4,3.));
#9966 = VECTOR('',#9967,1.);
#9967 = DIRECTION('',(0.,0.,1.));
#9968 = PLANE('',#9969);
#9969 = AXIS2_PLACEMENT_3D('',#9970,#9971,#9972);
#9970 = CARTESIAN_POINT('',(213.5,225.4,3.));
#9971 = DIRECTION('',(-0.,1.,0.));
#9972 = DIRECTION('',(0.,0.,1.));
#9973 = ADVANCED_FACE('',(#9974),#9980,.T.);
#9974 = FACE_BOUND('',#9975,.T.);
#9975 = EDGE_LOOP('',(#9976,#9977,#9978,#9979));
#9976 = ORIENTED_EDGE('',*,*,#9941,.F.);
#9977 = ORIENTED_EDGE('',*,*,#9813,.T.);
#9978 = ORIENTED_EDGE('',*,*,#9963,.T.);
#9979 = ORIENTED_EDGE('',*,*,#9875,.F.);
#9980 = PLANE('',#9981);
#9981 = AXIS2_PLACEMENT_3D('',#9982,#9983,#9984);
#9982 = CARTESIAN_POINT('',(299.5,221.4,3.));
#9983 = DIRECTION('',(1.,0.,-0.));
#9984 = DIRECTION('',(0.,0.,1.));
#9985 = ADVANCED_FACE('',(#9986),#9997,.T.);
#9986 = FACE_BOUND('',#9987,.T.);
#9987 = EDGE_LOOP('',(#9988,#9994,#9995,#9996));
#9988 = ORIENTED_EDGE('',*,*,#9989,.F.);
#9989 = EDGE_CURVE('',#9829,#9900,#9990,.T.);
#9990 = LINE('',#9991,#9992);
#9991 = CARTESIAN_POINT('',(232.35,224.,1.6));
#9992 = VECTOR('',#9993,1.);
#9993 = DIRECTION('',(0.,0.,1.));
#9994 = ORIENTED_EDGE('',*,*,#9836,.T.);
#9995 = ORIENTED_EDGE('',*,*,#9924,.T.);
#9996 = ORIENTED_EDGE('',*,*,#9907,.T.);
#9997 = PLANE('',#9998);
#9998 = AXIS2_PLACEMENT_3D('',#9999,#10000,#10001);
#9999 = CARTESIAN_POINT('',(232.35,224.,1.6));
#10000 = DIRECTION('',(1.,0.,-0.));
#10001 = DIRECTION('',(0.,0.,1.));
#10002 = ADVANCED_FACE('',(#10003),#10016,.F.);
#10003 = FACE_BOUND('',#10004,.F.);
#10004 = EDGE_LOOP('',(#10005,#10006,#10007,#10013,#10014,#10015));
#10005 = ORIENTED_EDGE('',*,*,#9750,.T.);
#10006 = ORIENTED_EDGE('',*,*,#9798,.T.);
#10007 = ORIENTED_EDGE('',*,*,#10008,.T.);
#10008 = EDGE_CURVE('',#9791,#9892,#10009,.T.);
#10009 = LINE('',#10010,#10011);
#10010 = CARTESIAN_POINT('',(237.35,224.,1.6));
#10011 = VECTOR('',#10012,1.);
#10012 = DIRECTION('',(0.,0.,1.));
#10013 = ORIENTED_EDGE('',*,*,#9899,.F.);
#10014 = ORIENTED_EDGE('',*,*,#9989,.F.);
#10015 = ORIENTED_EDGE('',*,*,#9828,.F.);
#10016 = PLANE('',#10017);
#10017 = AXIS2_PLACEMENT_3D('',#10018,#10019,#10020);
#10018 = CARTESIAN_POINT('',(228.1811728395,224.,6.993827160494));
#10019 = DIRECTION('',(-0.,-1.,-0.));
#10020 = DIRECTION('',(0.,0.,-1.));
#10021 = ADVANCED_FACE('',(#10022),#10028,.F.);
#10022 = FACE_BOUND('',#10023,.F.);
#10023 = EDGE_LOOP('',(#10024,#10025,#10026,#10027));
#10024 = ORIENTED_EDGE('',*,*,#10008,.F.);
#10025 = ORIENTED_EDGE('',*,*,#9790,.F.);
#10026 = ORIENTED_EDGE('',*,*,#9956,.T.);
#10027 = ORIENTED_EDGE('',*,*,#9891,.T.);
#10028 = PLANE('',#10029);
#10029 = AXIS2_PLACEMENT_3D('',#10030,#10031,#10032);
#10030 = CARTESIAN_POINT('',(237.35,224.7,7.5));
#10031 = DIRECTION('',(1.,0.,0.));
#10032 = DIRECTION('',(-0.,0.,1.));
#10033 = ORIENTED_CLOSED_SHELL('',*,#10034,.F.);
#10034 = CLOSED_SHELL('',(#10035,#10107,#10138,#10162,#10186,#10210,
    #10234,#10274,#10298,#10331,#10352,#10369));
#10035 = ADVANCED_FACE('',(#10036),#10102,.F.);
#10036 = FACE_BOUND('',#10037,.F.);
#10037 = EDGE_LOOP('',(#10038,#10048,#10056,#10064,#10072,#10080,#10088,
    #10096));
#10038 = ORIENTED_EDGE('',*,*,#10039,.F.);
#10039 = EDGE_CURVE('',#10040,#10042,#10044,.T.);
#10040 = VERTEX_POINT('',#10041);
#10041 = CARTESIAN_POINT('',(256.,262.04,4.8));
#10042 = VERTEX_POINT('',#10043);
#10043 = CARTESIAN_POINT('',(256.,263.2,4.8));
#10044 = LINE('',#10045,#10046);
#10045 = CARTESIAN_POINT('',(256.,261.,4.8));
#10046 = VECTOR('',#10047,1.);
#10047 = DIRECTION('',(-0.,1.,0.));
#10048 = ORIENTED_EDGE('',*,*,#10049,.F.);
#10049 = EDGE_CURVE('',#10050,#10040,#10052,.T.);
#10050 = VERTEX_POINT('',#10051);
#10051 = CARTESIAN_POINT('',(256.,262.04,3.));
#10052 = LINE('',#10053,#10054);
#10053 = CARTESIAN_POINT('',(256.,262.04,2.3));
#10054 = VECTOR('',#10055,1.);
#10055 = DIRECTION('',(0.,0.,1.));
#10056 = ORIENTED_EDGE('',*,*,#10057,.F.);
#10057 = EDGE_CURVE('',#10058,#10050,#10060,.T.);
#10058 = VERTEX_POINT('',#10059);
#10059 = CARTESIAN_POINT('',(256.,266.04,3.));
#10060 = LINE('',#10061,#10062);
#10061 = CARTESIAN_POINT('',(256.,249.02,3.));
#10062 = VECTOR('',#10063,1.);
#10063 = DIRECTION('',(0.,-1.,0.));
#10064 = ORIENTED_EDGE('',*,*,#10065,.T.);
#10065 = EDGE_CURVE('',#10058,#10066,#10068,.T.);
#10066 = VERTEX_POINT('',#10067);
#10067 = CARTESIAN_POINT('',(256.,266.04,4.8));
#10068 = LINE('',#10069,#10070);
#10069 = CARTESIAN_POINT('',(256.,266.04,2.3));
#10070 = VECTOR('',#10071,1.);
#10071 = DIRECTION('',(0.,0.,1.));
#10072 = ORIENTED_EDGE('',*,*,#10073,.F.);
#10073 = EDGE_CURVE('',#10074,#10066,#10076,.T.);
#10074 = VERTEX_POINT('',#10075);
#10075 = CARTESIAN_POINT('',(256.,265.4,4.8));
#10076 = LINE('',#10077,#10078);
#10077 = CARTESIAN_POINT('',(256.,265.4,4.8));
#10078 = VECTOR('',#10079,1.);
#10079 = DIRECTION('',(-0.,1.,0.));
#10080 = ORIENTED_EDGE('',*,*,#10081,.T.);
#10081 = EDGE_CURVE('',#10074,#10082,#10084,.T.);
#10082 = VERTEX_POINT('',#10083);
#10083 = CARTESIAN_POINT('',(256.,265.4,10.6));
#10084 = LINE('',#10085,#10086);
#10085 = CARTESIAN_POINT('',(256.,265.4,4.8));
#10086 = VECTOR('',#10087,1.);
#10087 = DIRECTION('',(0.,0.,1.));
#10088 = ORIENTED_EDGE('',*,*,#10089,.F.);
#10089 = EDGE_CURVE('',#10090,#10082,#10092,.T.);
#10090 = VERTEX_POINT('',#10091);
#10091 = CARTESIAN_POINT('',(256.,263.2,10.6));
#10092 = LINE('',#10093,#10094);
#10093 = CARTESIAN_POINT('',(256.,236.,10.6));
#10094 = VECTOR('',#10095,1.);
#10095 = DIRECTION('',(-0.,1.,0.));
#10096 = ORIENTED_EDGE('',*,*,#10097,.F.);
#10097 = EDGE_CURVE('',#10042,#10090,#10098,.T.);
#10098 = LINE('',#10099,#10100);
#10099 = CARTESIAN_POINT('',(256.,263.2,4.8));
#10100 = VECTOR('',#10101,1.);
#10101 = DIRECTION('',(0.,0.,1.));
#10102 = PLANE('',#10103);
#10103 = AXIS2_PLACEMENT_3D('',#10104,#10105,#10106);
#10104 = CARTESIAN_POINT('',(256.,236.,1.6));
#10105 = DIRECTION('',(1.,0.,-0.));
#10106 = DIRECTION('',(0.,0.,1.));
#10107 = ADVANCED_FACE('',(#10108),#10133,.F.);
#10108 = FACE_BOUND('',#10109,.F.);
#10109 = EDGE_LOOP('',(#10110,#10118,#10126,#10132));
#10110 = ORIENTED_EDGE('',*,*,#10111,.F.);
#10111 = EDGE_CURVE('',#10112,#10042,#10114,.T.);
#10112 = VERTEX_POINT('',#10113);
#10113 = CARTESIAN_POINT('',(218.,263.2,4.8));
#10114 = LINE('',#10115,#10116);
#10115 = CARTESIAN_POINT('',(214.,263.2,4.8));
#10116 = VECTOR('',#10117,1.);
#10117 = DIRECTION('',(1.,0.,-0.));
#10118 = ORIENTED_EDGE('',*,*,#10119,.F.);
#10119 = EDGE_CURVE('',#10120,#10112,#10122,.T.);
#10120 = VERTEX_POINT('',#10121);
#10121 = CARTESIAN_POINT('',(218.,262.04,4.8));
#10122 = LINE('',#10123,#10124);
#10123 = CARTESIAN_POINT('',(218.,260.42,4.8));
#10124 = VECTOR('',#10125,1.);
#10125 = DIRECTION('',(-0.,1.,0.));
#10126 = ORIENTED_EDGE('',*,*,#10127,.F.);
#10127 = EDGE_CURVE('',#10040,#10120,#10128,.T.);
#10128 = LINE('',#10129,#10130);
#10129 = CARTESIAN_POINT('',(213.75,262.04,4.8));
#10130 = VECTOR('',#10131,1.);
#10131 = DIRECTION('',(-1.,-0.,0.));
#10132 = ORIENTED_EDGE('',*,*,#10039,.T.);
#10133 = PLANE('',#10134);
#10134 = AXIS2_PLACEMENT_3D('',#10135,#10136,#10137);
#10135 = CARTESIAN_POINT('',(214.,261.,4.8));
#10136 = DIRECTION('',(0.,0.,1.));
#10137 = DIRECTION('',(1.,0.,-0.));
#10138 = ADVANCED_FACE('',(#10139),#10157,.T.);
#10139 = FACE_BOUND('',#10140,.T.);
#10140 = EDGE_LOOP('',(#10141,#10142,#10150,#10156));
#10141 = ORIENTED_EDGE('',*,*,#10111,.F.);
#10142 = ORIENTED_EDGE('',*,*,#10143,.F.);
#10143 = EDGE_CURVE('',#10144,#10112,#10146,.T.);
#10144 = VERTEX_POINT('',#10145);
#10145 = CARTESIAN_POINT('',(218.,263.2,10.6));
#10146 = LINE('',#10147,#10148);
#10147 = CARTESIAN_POINT('',(218.,263.2,3.2));
#10148 = VECTOR('',#10149,1.);
#10149 = DIRECTION('',(-0.,0.,-1.));
#10150 = ORIENTED_EDGE('',*,*,#10151,.F.);
#10151 = EDGE_CURVE('',#10090,#10144,#10152,.T.);
#10152 = LINE('',#10153,#10154);
#10153 = CARTESIAN_POINT('',(214.,263.2,10.6));
#10154 = VECTOR('',#10155,1.);
#10155 = DIRECTION('',(-1.,-0.,0.));
#10156 = ORIENTED_EDGE('',*,*,#10097,.F.);
#10157 = PLANE('',#10158);
#10158 = AXIS2_PLACEMENT_3D('',#10159,#10160,#10161);
#10159 = CARTESIAN_POINT('',(214.,263.2,4.8));
#10160 = DIRECTION('',(-0.,1.,0.));
#10161 = DIRECTION('',(0.,0.,1.));
#10162 = ADVANCED_FACE('',(#10163),#10181,.F.);
#10163 = FACE_BOUND('',#10164,.F.);
#10164 = EDGE_LOOP('',(#10165,#10173,#10174,#10175));
#10165 = ORIENTED_EDGE('',*,*,#10166,.F.);
#10166 = EDGE_CURVE('',#10144,#10167,#10169,.T.);
#10167 = VERTEX_POINT('',#10168);
#10168 = CARTESIAN_POINT('',(218.,265.4,10.6));
#10169 = LINE('',#10170,#10171);
#10170 = CARTESIAN_POINT('',(218.,247.92,10.6));
#10171 = VECTOR('',#10172,1.);
#10172 = DIRECTION('',(-0.,1.,0.));
#10173 = ORIENTED_EDGE('',*,*,#10151,.F.);
#10174 = ORIENTED_EDGE('',*,*,#10089,.T.);
#10175 = ORIENTED_EDGE('',*,*,#10176,.T.);
#10176 = EDGE_CURVE('',#10082,#10167,#10177,.T.);
#10177 = LINE('',#10178,#10179);
#10178 = CARTESIAN_POINT('',(214.,265.4,10.6));
#10179 = VECTOR('',#10180,1.);
#10180 = DIRECTION('',(-1.,-0.,0.));
#10181 = PLANE('',#10182);
#10182 = AXIS2_PLACEMENT_3D('',#10183,#10184,#10185);
#10183 = CARTESIAN_POINT('',(214.,236.,10.6));
#10184 = DIRECTION('',(0.,0.,1.));
#10185 = DIRECTION('',(1.,0.,-0.));
#10186 = ADVANCED_FACE('',(#10187),#10205,.F.);
#10187 = FACE_BOUND('',#10188,.F.);
#10188 = EDGE_LOOP('',(#10189,#10197,#10203,#10204));
#10189 = ORIENTED_EDGE('',*,*,#10190,.F.);
#10190 = EDGE_CURVE('',#10191,#10074,#10193,.T.);
#10191 = VERTEX_POINT('',#10192);
#10192 = CARTESIAN_POINT('',(218.,265.4,4.8));
#10193 = LINE('',#10194,#10195);
#10194 = CARTESIAN_POINT('',(214.,265.4,4.8));
#10195 = VECTOR('',#10196,1.);
#10196 = DIRECTION('',(1.,0.,-0.));
#10197 = ORIENTED_EDGE('',*,*,#10198,.F.);
#10198 = EDGE_CURVE('',#10167,#10191,#10199,.T.);
#10199 = LINE('',#10200,#10201);
#10200 = CARTESIAN_POINT('',(218.,265.4,3.2));
#10201 = VECTOR('',#10202,1.);
#10202 = DIRECTION('',(-0.,0.,-1.));
#10203 = ORIENTED_EDGE('',*,*,#10176,.F.);
#10204 = ORIENTED_EDGE('',*,*,#10081,.F.);
#10205 = PLANE('',#10206);
#10206 = AXIS2_PLACEMENT_3D('',#10207,#10208,#10209);
#10207 = CARTESIAN_POINT('',(214.,265.4,4.8));
#10208 = DIRECTION('',(-0.,1.,0.));
#10209 = DIRECTION('',(0.,0.,1.));
#10210 = ADVANCED_FACE('',(#10211),#10229,.F.);
#10211 = FACE_BOUND('',#10212,.F.);
#10212 = EDGE_LOOP('',(#10213,#10221,#10222,#10223));
#10213 = ORIENTED_EDGE('',*,*,#10214,.F.);
#10214 = EDGE_CURVE('',#10191,#10215,#10217,.T.);
#10215 = VERTEX_POINT('',#10216);
#10216 = CARTESIAN_POINT('',(218.,266.04,4.8));
#10217 = LINE('',#10218,#10219);
#10218 = CARTESIAN_POINT('',(218.,262.62,4.8));
#10219 = VECTOR('',#10220,1.);
#10220 = DIRECTION('',(-0.,1.,0.));
#10221 = ORIENTED_EDGE('',*,*,#10190,.T.);
#10222 = ORIENTED_EDGE('',*,*,#10073,.T.);
#10223 = ORIENTED_EDGE('',*,*,#10224,.T.);
#10224 = EDGE_CURVE('',#10066,#10215,#10225,.T.);
#10225 = LINE('',#10226,#10227);
#10226 = CARTESIAN_POINT('',(213.75,266.04,4.8));
#10227 = VECTOR('',#10228,1.);
#10228 = DIRECTION('',(-1.,-0.,0.));
#10229 = PLANE('',#10230);
#10230 = AXIS2_PLACEMENT_3D('',#10231,#10232,#10233);
#10231 = CARTESIAN_POINT('',(214.,265.4,4.8));
#10232 = DIRECTION('',(0.,0.,1.));
#10233 = DIRECTION('',(1.,0.,-0.));
#10234 = ADVANCED_FACE('',(#10235),#10269,.T.);
#10235 = FACE_BOUND('',#10236,.T.);
#10236 = EDGE_LOOP('',(#10237,#10245,#10246,#10247,#10255,#10263));
#10237 = ORIENTED_EDGE('',*,*,#10238,.F.);
#10238 = EDGE_CURVE('',#10058,#10239,#10241,.T.);
#10239 = VERTEX_POINT('',#10240);
#10240 = CARTESIAN_POINT('',(299.5,266.04,3.));
#10241 = LINE('',#10242,#10243);
#10242 = CARTESIAN_POINT('',(213.5,266.04,3.));
#10243 = VECTOR('',#10244,1.);
#10244 = DIRECTION('',(1.,0.,-0.));
#10245 = ORIENTED_EDGE('',*,*,#10065,.T.);
#10246 = ORIENTED_EDGE('',*,*,#10224,.T.);
#10247 = ORIENTED_EDGE('',*,*,#10248,.F.);
#10248 = EDGE_CURVE('',#10249,#10215,#10251,.T.);
#10249 = VERTEX_POINT('',#10250);
#10250 = CARTESIAN_POINT('',(218.,266.04,12.));
#10251 = LINE('',#10252,#10253);
#10252 = CARTESIAN_POINT('',(218.,266.04,2.3));
#10253 = VECTOR('',#10254,1.);
#10254 = DIRECTION('',(-0.,0.,-1.));
#10255 = ORIENTED_EDGE('',*,*,#10256,.T.);
#10256 = EDGE_CURVE('',#10249,#10257,#10259,.T.);
#10257 = VERTEX_POINT('',#10258);
#10258 = CARTESIAN_POINT('',(299.5,266.04,12.));
#10259 = LINE('',#10260,#10261);
#10260 = CARTESIAN_POINT('',(213.5,266.04,12.));
#10261 = VECTOR('',#10262,1.);
#10262 = DIRECTION('',(1.,0.,-0.));
#10263 = ORIENTED_EDGE('',*,*,#10264,.F.);
#10264 = EDGE_CURVE('',#10239,#10257,#10265,.T.);
#10265 = LINE('',#10266,#10267);
#10266 = CARTESIAN_POINT('',(299.5,266.04,3.));
#10267 = VECTOR('',#10268,1.);
#10268 = DIRECTION('',(0.,0.,1.));
#10269 = PLANE('',#10270);
#10270 = AXIS2_PLACEMENT_3D('',#10271,#10272,#10273);
#10271 = CARTESIAN_POINT('',(213.5,266.04,3.));
#10272 = DIRECTION('',(-0.,1.,0.));
#10273 = DIRECTION('',(0.,0.,1.));
#10274 = ADVANCED_FACE('',(#10275),#10293,.F.);
#10275 = FACE_BOUND('',#10276,.F.);
#10276 = EDGE_LOOP('',(#10277,#10278,#10279,#10287));
#10277 = ORIENTED_EDGE('',*,*,#10238,.F.);
#10278 = ORIENTED_EDGE('',*,*,#10057,.T.);
#10279 = ORIENTED_EDGE('',*,*,#10280,.T.);
#10280 = EDGE_CURVE('',#10050,#10281,#10283,.T.);
#10281 = VERTEX_POINT('',#10282);
#10282 = CARTESIAN_POINT('',(299.5,262.04,3.));
#10283 = LINE('',#10284,#10285);
#10284 = CARTESIAN_POINT('',(213.5,262.04,3.));
#10285 = VECTOR('',#10286,1.);
#10286 = DIRECTION('',(1.,0.,-0.));
#10287 = ORIENTED_EDGE('',*,*,#10288,.T.);
#10288 = EDGE_CURVE('',#10281,#10239,#10289,.T.);
#10289 = LINE('',#10290,#10291);
#10290 = CARTESIAN_POINT('',(299.5,262.04,3.));
#10291 = VECTOR('',#10292,1.);
#10292 = DIRECTION('',(-0.,1.,0.));
#10293 = PLANE('',#10294);
#10294 = AXIS2_PLACEMENT_3D('',#10295,#10296,#10297);
#10295 = CARTESIAN_POINT('',(213.5,262.04,3.));
#10296 = DIRECTION('',(0.,0.,1.));
#10297 = DIRECTION('',(1.,0.,-0.));
#10298 = ADVANCED_FACE('',(#10299),#10326,.F.);
#10299 = FACE_BOUND('',#10300,.F.);
#10300 = EDGE_LOOP('',(#10301,#10302,#10303,#10304,#10312,#10320));
#10301 = ORIENTED_EDGE('',*,*,#10280,.F.);
#10302 = ORIENTED_EDGE('',*,*,#10049,.T.);
#10303 = ORIENTED_EDGE('',*,*,#10127,.T.);
#10304 = ORIENTED_EDGE('',*,*,#10305,.F.);
#10305 = EDGE_CURVE('',#10306,#10120,#10308,.T.);
#10306 = VERTEX_POINT('',#10307);
#10307 = CARTESIAN_POINT('',(218.,262.04,12.));
#10308 = LINE('',#10309,#10310);
#10309 = CARTESIAN_POINT('',(218.,262.04,2.3));
#10310 = VECTOR('',#10311,1.);
#10311 = DIRECTION('',(-0.,0.,-1.));
#10312 = ORIENTED_EDGE('',*,*,#10313,.T.);
#10313 = EDGE_CURVE('',#10306,#10314,#10316,.T.);
#10314 = VERTEX_POINT('',#10315);
#10315 = CARTESIAN_POINT('',(299.5,262.04,12.));
#10316 = LINE('',#10317,#10318);
#10317 = CARTESIAN_POINT('',(213.5,262.04,12.));
#10318 = VECTOR('',#10319,1.);
#10319 = DIRECTION('',(1.,0.,-0.));
#10320 = ORIENTED_EDGE('',*,*,#10321,.F.);
#10321 = EDGE_CURVE('',#10281,#10314,#10322,.T.);
#10322 = LINE('',#10323,#10324);
#10323 = CARTESIAN_POINT('',(299.5,262.04,3.));
#10324 = VECTOR('',#10325,1.);
#10325 = DIRECTION('',(0.,0.,1.));
#10326 = PLANE('',#10327);
#10327 = AXIS2_PLACEMENT_3D('',#10328,#10329,#10330);
#10328 = CARTESIAN_POINT('',(213.5,262.04,3.));
#10329 = DIRECTION('',(-0.,1.,0.));
#10330 = DIRECTION('',(0.,0.,1.));
#10331 = ADVANCED_FACE('',(#10332),#10347,.F.);
#10332 = FACE_BOUND('',#10333,.F.);
#10333 = EDGE_LOOP('',(#10334,#10340,#10341,#10342,#10343,#10344,#10345,
    #10346));
#10334 = ORIENTED_EDGE('',*,*,#10335,.F.);
#10335 = EDGE_CURVE('',#10306,#10249,#10336,.T.);
#10336 = LINE('',#10337,#10338);
#10337 = CARTESIAN_POINT('',(218.,260.94,12.));
#10338 = VECTOR('',#10339,1.);
#10339 = DIRECTION('',(-0.,1.,0.));
#10340 = ORIENTED_EDGE('',*,*,#10305,.T.);
#10341 = ORIENTED_EDGE('',*,*,#10119,.T.);
#10342 = ORIENTED_EDGE('',*,*,#10143,.F.);
#10343 = ORIENTED_EDGE('',*,*,#10166,.T.);
#10344 = ORIENTED_EDGE('',*,*,#10198,.T.);
#10345 = ORIENTED_EDGE('',*,*,#10214,.T.);
#10346 = ORIENTED_EDGE('',*,*,#10248,.F.);
#10347 = PLANE('',#10348);
#10348 = AXIS2_PLACEMENT_3D('',#10349,#10350,#10351);
#10349 = CARTESIAN_POINT('',(218.,259.84,1.6));
#10350 = DIRECTION('',(1.,0.,-0.));
#10351 = DIRECTION('',(0.,0.,1.));
#10352 = ADVANCED_FACE('',(#10353),#10364,.T.);
#10353 = FACE_BOUND('',#10354,.T.);
#10354 = EDGE_LOOP('',(#10355,#10356,#10357,#10358));
#10355 = ORIENTED_EDGE('',*,*,#10321,.F.);
#10356 = ORIENTED_EDGE('',*,*,#10288,.T.);
#10357 = ORIENTED_EDGE('',*,*,#10264,.T.);
#10358 = ORIENTED_EDGE('',*,*,#10359,.F.);
#10359 = EDGE_CURVE('',#10314,#10257,#10360,.T.);
#10360 = LINE('',#10361,#10362);
#10361 = CARTESIAN_POINT('',(299.5,262.04,12.));
#10362 = VECTOR('',#10363,1.);
#10363 = DIRECTION('',(-0.,1.,0.));
#10364 = PLANE('',#10365);
#10365 = AXIS2_PLACEMENT_3D('',#10366,#10367,#10368);
#10366 = CARTESIAN_POINT('',(299.5,262.04,3.));
#10367 = DIRECTION('',(1.,0.,-0.));
#10368 = DIRECTION('',(0.,0.,1.));
#10369 = ADVANCED_FACE('',(#10370),#10376,.T.);
#10370 = FACE_BOUND('',#10371,.T.);
#10371 = EDGE_LOOP('',(#10372,#10373,#10374,#10375));
#10372 = ORIENTED_EDGE('',*,*,#10256,.F.);
#10373 = ORIENTED_EDGE('',*,*,#10335,.F.);
#10374 = ORIENTED_EDGE('',*,*,#10313,.T.);
#10375 = ORIENTED_EDGE('',*,*,#10359,.T.);
#10376 = PLANE('',#10377);
#10377 = AXIS2_PLACEMENT_3D('',#10378,#10379,#10380);
#10378 = CARTESIAN_POINT('',(213.5,262.04,12.));
#10379 = DIRECTION('',(0.,0.,1.));
#10380 = DIRECTION('',(1.,0.,-0.));
#10381 = ORIENTED_CLOSED_SHELL('',*,#10382,.F.);
#10382 = CLOSED_SHELL('',(#10383,#10423,#10454,#10478,#10502,#10519));
#10383 = ADVANCED_FACE('',(#10384),#10418,.F.);
#10384 = FACE_BOUND('',#10385,.F.);
#10385 = EDGE_LOOP('',(#10386,#10396,#10404,#10412));
#10386 = ORIENTED_EDGE('',*,*,#10387,.F.);
#10387 = EDGE_CURVE('',#10388,#10390,#10392,.T.);
#10388 = VERTEX_POINT('',#10389);
#10389 = CARTESIAN_POINT('',(99.,154.,3.6));
#10390 = VERTEX_POINT('',#10391);
#10391 = CARTESIAN_POINT('',(99.,154.,25.6));
#10392 = LINE('',#10393,#10394);
#10393 = CARTESIAN_POINT('',(99.,154.,3.6));
#10394 = VECTOR('',#10395,1.);
#10395 = DIRECTION('',(0.,0.,1.));
#10396 = ORIENTED_EDGE('',*,*,#10397,.T.);
#10397 = EDGE_CURVE('',#10388,#10398,#10400,.T.);
#10398 = VERTEX_POINT('',#10399);
#10399 = CARTESIAN_POINT('',(99.,157.,3.6));
#10400 = LINE('',#10401,#10402);
#10401 = CARTESIAN_POINT('',(99.,154.,3.6));
#10402 = VECTOR('',#10403,1.);
#10403 = DIRECTION('',(-0.,1.,0.));
#10404 = ORIENTED_EDGE('',*,*,#10405,.T.);
#10405 = EDGE_CURVE('',#10398,#10406,#10408,.T.);
#10406 = VERTEX_POINT('',#10407);
#10407 = CARTESIAN_POINT('',(99.,157.,25.6));
#10408 = LINE('',#10409,#10410);
#10409 = CARTESIAN_POINT('',(99.,157.,3.6));
#10410 = VECTOR('',#10411,1.);
#10411 = DIRECTION('',(0.,0.,1.));
#10412 = ORIENTED_EDGE('',*,*,#10413,.F.);
#10413 = EDGE_CURVE('',#10390,#10406,#10414,.T.);
#10414 = LINE('',#10415,#10416);
#10415 = CARTESIAN_POINT('',(99.,154.,25.6));
#10416 = VECTOR('',#10417,1.);
#10417 = DIRECTION('',(-0.,1.,0.));
#10418 = PLANE('',#10419);
#10419 = AXIS2_PLACEMENT_3D('',#10420,#10421,#10422);
#10420 = CARTESIAN_POINT('',(99.,154.,3.6));
#10421 = DIRECTION('',(1.,0.,-0.));
#10422 = DIRECTION('',(0.,0.,1.));
#10423 = ADVANCED_FACE('',(#10424),#10449,.F.);
#10424 = FACE_BOUND('',#10425,.F.);
#10425 = EDGE_LOOP('',(#10426,#10434,#10435,#10443));
#10426 = ORIENTED_EDGE('',*,*,#10427,.F.);
#10427 = EDGE_CURVE('',#10388,#10428,#10430,.T.);
#10428 = VERTEX_POINT('',#10429);
#10429 = CARTESIAN_POINT('',(109.,154.,3.6));
#10430 = LINE('',#10431,#10432);
#10431 = CARTESIAN_POINT('',(99.,154.,3.6));
#10432 = VECTOR('',#10433,1.);
#10433 = DIRECTION('',(1.,0.,-0.));
#10434 = ORIENTED_EDGE('',*,*,#10387,.T.);
#10435 = ORIENTED_EDGE('',*,*,#10436,.T.);
#10436 = EDGE_CURVE('',#10390,#10437,#10439,.T.);
#10437 = VERTEX_POINT('',#10438);
#10438 = CARTESIAN_POINT('',(109.,154.,25.6));
#10439 = LINE('',#10440,#10441);
#10440 = CARTESIAN_POINT('',(99.,154.,25.6));
#10441 = VECTOR('',#10442,1.);
#10442 = DIRECTION('',(1.,0.,-0.));
#10443 = ORIENTED_EDGE('',*,*,#10444,.F.);
#10444 = EDGE_CURVE('',#10428,#10437,#10445,.T.);
#10445 = LINE('',#10446,#10447);
#10446 = CARTESIAN_POINT('',(109.,154.,3.6));
#10447 = VECTOR('',#10448,1.);
#10448 = DIRECTION('',(0.,0.,1.));
#10449 = PLANE('',#10450);
#10450 = AXIS2_PLACEMENT_3D('',#10451,#10452,#10453);
#10451 = CARTESIAN_POINT('',(99.,154.,3.6));
#10452 = DIRECTION('',(-0.,1.,0.));
#10453 = DIRECTION('',(0.,0.,1.));
#10454 = ADVANCED_FACE('',(#10455),#10473,.T.);
#10455 = FACE_BOUND('',#10456,.T.);
#10456 = EDGE_LOOP('',(#10457,#10458,#10459,#10467));
#10457 = ORIENTED_EDGE('',*,*,#10413,.F.);
#10458 = ORIENTED_EDGE('',*,*,#10436,.T.);
#10459 = ORIENTED_EDGE('',*,*,#10460,.T.);
#10460 = EDGE_CURVE('',#10437,#10461,#10463,.T.);
#10461 = VERTEX_POINT('',#10462);
#10462 = CARTESIAN_POINT('',(109.,157.,25.6));
#10463 = LINE('',#10464,#10465);
#10464 = CARTESIAN_POINT('',(109.,154.,25.6));
#10465 = VECTOR('',#10466,1.);
#10466 = DIRECTION('',(-0.,1.,0.));
#10467 = ORIENTED_EDGE('',*,*,#10468,.F.);
#10468 = EDGE_CURVE('',#10406,#10461,#10469,.T.);
#10469 = LINE('',#10470,#10471);
#10470 = CARTESIAN_POINT('',(99.,157.,25.6));
#10471 = VECTOR('',#10472,1.);
#10472 = DIRECTION('',(1.,0.,-0.));
#10473 = PLANE('',#10474);
#10474 = AXIS2_PLACEMENT_3D('',#10475,#10476,#10477);
#10475 = CARTESIAN_POINT('',(99.,154.,25.6));
#10476 = DIRECTION('',(0.,0.,1.));
#10477 = DIRECTION('',(1.,0.,-0.));
#10478 = ADVANCED_FACE('',(#10479),#10497,.T.);
#10479 = FACE_BOUND('',#10480,.T.);
#10480 = EDGE_LOOP('',(#10481,#10489,#10490,#10491));
#10481 = ORIENTED_EDGE('',*,*,#10482,.F.);
#10482 = EDGE_CURVE('',#10398,#10483,#10485,.T.);
#10483 = VERTEX_POINT('',#10484);
#10484 = CARTESIAN_POINT('',(109.,157.,3.6));
#10485 = LINE('',#10486,#10487);
#10486 = CARTESIAN_POINT('',(99.,157.,3.6));
#10487 = VECTOR('',#10488,1.);
#10488 = DIRECTION('',(1.,0.,-0.));
#10489 = ORIENTED_EDGE('',*,*,#10405,.T.);
#10490 = ORIENTED_EDGE('',*,*,#10468,.T.);
#10491 = ORIENTED_EDGE('',*,*,#10492,.F.);
#10492 = EDGE_CURVE('',#10483,#10461,#10493,.T.);
#10493 = LINE('',#10494,#10495);
#10494 = CARTESIAN_POINT('',(109.,157.,3.6));
#10495 = VECTOR('',#10496,1.);
#10496 = DIRECTION('',(0.,0.,1.));
#10497 = PLANE('',#10498);
#10498 = AXIS2_PLACEMENT_3D('',#10499,#10500,#10501);
#10499 = CARTESIAN_POINT('',(99.,157.,3.6));
#10500 = DIRECTION('',(-0.,1.,0.));
#10501 = DIRECTION('',(0.,0.,1.));
#10502 = ADVANCED_FACE('',(#10503),#10514,.F.);
#10503 = FACE_BOUND('',#10504,.F.);
#10504 = EDGE_LOOP('',(#10505,#10506,#10507,#10513));
#10505 = ORIENTED_EDGE('',*,*,#10397,.F.);
#10506 = ORIENTED_EDGE('',*,*,#10427,.T.);
#10507 = ORIENTED_EDGE('',*,*,#10508,.T.);
#10508 = EDGE_CURVE('',#10428,#10483,#10509,.T.);
#10509 = LINE('',#10510,#10511);
#10510 = CARTESIAN_POINT('',(109.,154.,3.6));
#10511 = VECTOR('',#10512,1.);
#10512 = DIRECTION('',(-0.,1.,0.));
#10513 = ORIENTED_EDGE('',*,*,#10482,.F.);
#10514 = PLANE('',#10515);
#10515 = AXIS2_PLACEMENT_3D('',#10516,#10517,#10518);
#10516 = CARTESIAN_POINT('',(99.,154.,3.6));
#10517 = DIRECTION('',(0.,0.,1.));
#10518 = DIRECTION('',(1.,0.,-0.));
#10519 = ADVANCED_FACE('',(#10520),#10526,.T.);
#10520 = FACE_BOUND('',#10521,.T.);
#10521 = EDGE_LOOP('',(#10522,#10523,#10524,#10525));
#10522 = ORIENTED_EDGE('',*,*,#10444,.F.);
#10523 = ORIENTED_EDGE('',*,*,#10508,.T.);
#10524 = ORIENTED_EDGE('',*,*,#10492,.T.);
#10525 = ORIENTED_EDGE('',*,*,#10460,.F.);
#10526 = PLANE('',#10527);
#10527 = AXIS2_PLACEMENT_3D('',#10528,#10529,#10530);
#10528 = CARTESIAN_POINT('',(109.,154.,3.6));
#10529 = DIRECTION('',(1.,0.,-0.));
#10530 = DIRECTION('',(0.,0.,1.));
#10531 = ORIENTED_CLOSED_SHELL('',*,#10532,.F.);
#10532 = CLOSED_SHELL('',(#10533,#10573,#10604,#10628,#10652,#10669));
#10533 = ADVANCED_FACE('',(#10534),#10568,.F.);
#10534 = FACE_BOUND('',#10535,.F.);
#10535 = EDGE_LOOP('',(#10536,#10546,#10554,#10562));
#10536 = ORIENTED_EDGE('',*,*,#10537,.F.);
#10537 = EDGE_CURVE('',#10538,#10540,#10542,.T.);
#10538 = VERTEX_POINT('',#10539);
#10539 = CARTESIAN_POINT('',(99.,162.2,3.6));
#10540 = VERTEX_POINT('',#10541);
#10541 = CARTESIAN_POINT('',(99.,162.2,25.6));
#10542 = LINE('',#10543,#10544);
#10543 = CARTESIAN_POINT('',(99.,162.2,3.6));
#10544 = VECTOR('',#10545,1.);
#10545 = DIRECTION('',(0.,0.,1.));
#10546 = ORIENTED_EDGE('',*,*,#10547,.T.);
#10547 = EDGE_CURVE('',#10538,#10548,#10550,.T.);
#10548 = VERTEX_POINT('',#10549);
#10549 = CARTESIAN_POINT('',(99.,165.2,3.6));
#10550 = LINE('',#10551,#10552);
#10551 = CARTESIAN_POINT('',(99.,162.2,3.6));
#10552 = VECTOR('',#10553,1.);
#10553 = DIRECTION('',(-0.,1.,0.));
#10554 = ORIENTED_EDGE('',*,*,#10555,.T.);
#10555 = EDGE_CURVE('',#10548,#10556,#10558,.T.);
#10556 = VERTEX_POINT('',#10557);
#10557 = CARTESIAN_POINT('',(99.,165.2,25.6));
#10558 = LINE('',#10559,#10560);
#10559 = CARTESIAN_POINT('',(99.,165.2,3.6));
#10560 = VECTOR('',#10561,1.);
#10561 = DIRECTION('',(0.,0.,1.));
#10562 = ORIENTED_EDGE('',*,*,#10563,.F.);
#10563 = EDGE_CURVE('',#10540,#10556,#10564,.T.);
#10564 = LINE('',#10565,#10566);
#10565 = CARTESIAN_POINT('',(99.,162.2,25.6));
#10566 = VECTOR('',#10567,1.);
#10567 = DIRECTION('',(-0.,1.,0.));
#10568 = PLANE('',#10569);
#10569 = AXIS2_PLACEMENT_3D('',#10570,#10571,#10572);
#10570 = CARTESIAN_POINT('',(99.,162.2,3.6));
#10571 = DIRECTION('',(1.,0.,-0.));
#10572 = DIRECTION('',(0.,0.,1.));
#10573 = ADVANCED_FACE('',(#10574),#10599,.F.);
#10574 = FACE_BOUND('',#10575,.F.);
#10575 = EDGE_LOOP('',(#10576,#10584,#10585,#10593));
#10576 = ORIENTED_EDGE('',*,*,#10577,.F.);
#10577 = EDGE_CURVE('',#10538,#10578,#10580,.T.);
#10578 = VERTEX_POINT('',#10579);
#10579 = CARTESIAN_POINT('',(109.,162.2,3.6));
#10580 = LINE('',#10581,#10582);
#10581 = CARTESIAN_POINT('',(99.,162.2,3.6));
#10582 = VECTOR('',#10583,1.);
#10583 = DIRECTION('',(1.,0.,-0.));
#10584 = ORIENTED_EDGE('',*,*,#10537,.T.);
#10585 = ORIENTED_EDGE('',*,*,#10586,.T.);
#10586 = EDGE_CURVE('',#10540,#10587,#10589,.T.);
#10587 = VERTEX_POINT('',#10588);
#10588 = CARTESIAN_POINT('',(109.,162.2,25.6));
#10589 = LINE('',#10590,#10591);
#10590 = CARTESIAN_POINT('',(99.,162.2,25.6));
#10591 = VECTOR('',#10592,1.);
#10592 = DIRECTION('',(1.,0.,-0.));
#10593 = ORIENTED_EDGE('',*,*,#10594,.F.);
#10594 = EDGE_CURVE('',#10578,#10587,#10595,.T.);
#10595 = LINE('',#10596,#10597);
#10596 = CARTESIAN_POINT('',(109.,162.2,3.6));
#10597 = VECTOR('',#10598,1.);
#10598 = DIRECTION('',(0.,0.,1.));
#10599 = PLANE('',#10600);
#10600 = AXIS2_PLACEMENT_3D('',#10601,#10602,#10603);
#10601 = CARTESIAN_POINT('',(99.,162.2,3.6));
#10602 = DIRECTION('',(-0.,1.,0.));
#10603 = DIRECTION('',(0.,0.,1.));
#10604 = ADVANCED_FACE('',(#10605),#10623,.T.);
#10605 = FACE_BOUND('',#10606,.T.);
#10606 = EDGE_LOOP('',(#10607,#10608,#10609,#10617));
#10607 = ORIENTED_EDGE('',*,*,#10563,.F.);
#10608 = ORIENTED_EDGE('',*,*,#10586,.T.);
#10609 = ORIENTED_EDGE('',*,*,#10610,.T.);
#10610 = EDGE_CURVE('',#10587,#10611,#10613,.T.);
#10611 = VERTEX_POINT('',#10612);
#10612 = CARTESIAN_POINT('',(109.,165.2,25.6));
#10613 = LINE('',#10614,#10615);
#10614 = CARTESIAN_POINT('',(109.,162.2,25.6));
#10615 = VECTOR('',#10616,1.);
#10616 = DIRECTION('',(-0.,1.,0.));
#10617 = ORIENTED_EDGE('',*,*,#10618,.F.);
#10618 = EDGE_CURVE('',#10556,#10611,#10619,.T.);
#10619 = LINE('',#10620,#10621);
#10620 = CARTESIAN_POINT('',(99.,165.2,25.6));
#10621 = VECTOR('',#10622,1.);
#10622 = DIRECTION('',(1.,0.,-0.));
#10623 = PLANE('',#10624);
#10624 = AXIS2_PLACEMENT_3D('',#10625,#10626,#10627);
#10625 = CARTESIAN_POINT('',(99.,162.2,25.6));
#10626 = DIRECTION('',(0.,0.,1.));
#10627 = DIRECTION('',(1.,0.,-0.));
#10628 = ADVANCED_FACE('',(#10629),#10647,.T.);
#10629 = FACE_BOUND('',#10630,.T.);
#10630 = EDGE_LOOP('',(#10631,#10639,#10640,#10641));
#10631 = ORIENTED_EDGE('',*,*,#10632,.F.);
#10632 = EDGE_CURVE('',#10548,#10633,#10635,.T.);
#10633 = VERTEX_POINT('',#10634);
#10634 = CARTESIAN_POINT('',(109.,165.2,3.6));
#10635 = LINE('',#10636,#10637);
#10636 = CARTESIAN_POINT('',(99.,165.2,3.6));
#10637 = VECTOR('',#10638,1.);
#10638 = DIRECTION('',(1.,0.,-0.));
#10639 = ORIENTED_EDGE('',*,*,#10555,.T.);
#10640 = ORIENTED_EDGE('',*,*,#10618,.T.);
#10641 = ORIENTED_EDGE('',*,*,#10642,.F.);
#10642 = EDGE_CURVE('',#10633,#10611,#10643,.T.);
#10643 = LINE('',#10644,#10645);
#10644 = CARTESIAN_POINT('',(109.,165.2,3.6));
#10645 = VECTOR('',#10646,1.);
#10646 = DIRECTION('',(0.,0.,1.));
#10647 = PLANE('',#10648);
#10648 = AXIS2_PLACEMENT_3D('',#10649,#10650,#10651);
#10649 = CARTESIAN_POINT('',(99.,165.2,3.6));
#10650 = DIRECTION('',(-0.,1.,0.));
#10651 = DIRECTION('',(0.,0.,1.));
#10652 = ADVANCED_FACE('',(#10653),#10664,.F.);
#10653 = FACE_BOUND('',#10654,.F.);
#10654 = EDGE_LOOP('',(#10655,#10656,#10657,#10663));
#10655 = ORIENTED_EDGE('',*,*,#10547,.F.);
#10656 = ORIENTED_EDGE('',*,*,#10577,.T.);
#10657 = ORIENTED_EDGE('',*,*,#10658,.T.);
#10658 = EDGE_CURVE('',#10578,#10633,#10659,.T.);
#10659 = LINE('',#10660,#10661);
#10660 = CARTESIAN_POINT('',(109.,162.2,3.6));
#10661 = VECTOR('',#10662,1.);
#10662 = DIRECTION('',(-0.,1.,0.));
#10663 = ORIENTED_EDGE('',*,*,#10632,.F.);
#10664 = PLANE('',#10665);
#10665 = AXIS2_PLACEMENT_3D('',#10666,#10667,#10668);
#10666 = CARTESIAN_POINT('',(99.,162.2,3.6));
#10667 = DIRECTION('',(0.,0.,1.));
#10668 = DIRECTION('',(1.,0.,-0.));
#10669 = ADVANCED_FACE('',(#10670),#10676,.T.);
#10670 = FACE_BOUND('',#10671,.T.);
#10671 = EDGE_LOOP('',(#10672,#10673,#10674,#10675));
#10672 = ORIENTED_EDGE('',*,*,#10594,.F.);
#10673 = ORIENTED_EDGE('',*,*,#10658,.T.);
#10674 = ORIENTED_EDGE('',*,*,#10642,.T.);
#10675 = ORIENTED_EDGE('',*,*,#10610,.F.);
#10676 = PLANE('',#10677);
#10677 = AXIS2_PLACEMENT_3D('',#10678,#10679,#10680);
#10678 = CARTESIAN_POINT('',(109.,162.2,3.6));
#10679 = DIRECTION('',(1.,0.,-0.));
#10680 = DIRECTION('',(0.,0.,1.));
#10681 = ORIENTED_CLOSED_SHELL('',*,#10682,.F.);
#10682 = CLOSED_SHELL('',(#10683,#10723,#10754,#10778,#10802,#10819));
#10683 = ADVANCED_FACE('',(#10684),#10718,.F.);
#10684 = FACE_BOUND('',#10685,.F.);
#10685 = EDGE_LOOP('',(#10686,#10696,#10704,#10712));
#10686 = ORIENTED_EDGE('',*,*,#10687,.F.);
#10687 = EDGE_CURVE('',#10688,#10690,#10692,.T.);
#10688 = VERTEX_POINT('',#10689);
#10689 = CARTESIAN_POINT('',(99.,170.4,3.6));
#10690 = VERTEX_POINT('',#10691);
#10691 = CARTESIAN_POINT('',(99.,170.4,25.6));
#10692 = LINE('',#10693,#10694);
#10693 = CARTESIAN_POINT('',(99.,170.4,3.6));
#10694 = VECTOR('',#10695,1.);
#10695 = DIRECTION('',(0.,0.,1.));
#10696 = ORIENTED_EDGE('',*,*,#10697,.T.);
#10697 = EDGE_CURVE('',#10688,#10698,#10700,.T.);
#10698 = VERTEX_POINT('',#10699);
#10699 = CARTESIAN_POINT('',(99.,173.4,3.6));
#10700 = LINE('',#10701,#10702);
#10701 = CARTESIAN_POINT('',(99.,170.4,3.6));
#10702 = VECTOR('',#10703,1.);
#10703 = DIRECTION('',(-0.,1.,0.));
#10704 = ORIENTED_EDGE('',*,*,#10705,.T.);
#10705 = EDGE_CURVE('',#10698,#10706,#10708,.T.);
#10706 = VERTEX_POINT('',#10707);
#10707 = CARTESIAN_POINT('',(99.,173.4,25.6));
#10708 = LINE('',#10709,#10710);
#10709 = CARTESIAN_POINT('',(99.,173.4,3.6));
#10710 = VECTOR('',#10711,1.);
#10711 = DIRECTION('',(0.,0.,1.));
#10712 = ORIENTED_EDGE('',*,*,#10713,.F.);
#10713 = EDGE_CURVE('',#10690,#10706,#10714,.T.);
#10714 = LINE('',#10715,#10716);
#10715 = CARTESIAN_POINT('',(99.,170.4,25.6));
#10716 = VECTOR('',#10717,1.);
#10717 = DIRECTION('',(-0.,1.,0.));
#10718 = PLANE('',#10719);
#10719 = AXIS2_PLACEMENT_3D('',#10720,#10721,#10722);
#10720 = CARTESIAN_POINT('',(99.,170.4,3.6));
#10721 = DIRECTION('',(1.,0.,-0.));
#10722 = DIRECTION('',(0.,0.,1.));
#10723 = ADVANCED_FACE('',(#10724),#10749,.F.);
#10724 = FACE_BOUND('',#10725,.F.);
#10725 = EDGE_LOOP('',(#10726,#10734,#10735,#10743));
#10726 = ORIENTED_EDGE('',*,*,#10727,.F.);
#10727 = EDGE_CURVE('',#10688,#10728,#10730,.T.);
#10728 = VERTEX_POINT('',#10729);
#10729 = CARTESIAN_POINT('',(109.,170.4,3.6));
#10730 = LINE('',#10731,#10732);
#10731 = CARTESIAN_POINT('',(99.,170.4,3.6));
#10732 = VECTOR('',#10733,1.);
#10733 = DIRECTION('',(1.,0.,-0.));
#10734 = ORIENTED_EDGE('',*,*,#10687,.T.);
#10735 = ORIENTED_EDGE('',*,*,#10736,.T.);
#10736 = EDGE_CURVE('',#10690,#10737,#10739,.T.);
#10737 = VERTEX_POINT('',#10738);
#10738 = CARTESIAN_POINT('',(109.,170.4,25.6));
#10739 = LINE('',#10740,#10741);
#10740 = CARTESIAN_POINT('',(99.,170.4,25.6));
#10741 = VECTOR('',#10742,1.);
#10742 = DIRECTION('',(1.,0.,-0.));
#10743 = ORIENTED_EDGE('',*,*,#10744,.F.);
#10744 = EDGE_CURVE('',#10728,#10737,#10745,.T.);
#10745 = LINE('',#10746,#10747);
#10746 = CARTESIAN_POINT('',(109.,170.4,3.6));
#10747 = VECTOR('',#10748,1.);
#10748 = DIRECTION('',(0.,0.,1.));
#10749 = PLANE('',#10750);
#10750 = AXIS2_PLACEMENT_3D('',#10751,#10752,#10753);
#10751 = CARTESIAN_POINT('',(99.,170.4,3.6));
#10752 = DIRECTION('',(-0.,1.,0.));
#10753 = DIRECTION('',(0.,0.,1.));
#10754 = ADVANCED_FACE('',(#10755),#10773,.T.);
#10755 = FACE_BOUND('',#10756,.T.);
#10756 = EDGE_LOOP('',(#10757,#10758,#10759,#10767));
#10757 = ORIENTED_EDGE('',*,*,#10713,.F.);
#10758 = ORIENTED_EDGE('',*,*,#10736,.T.);
#10759 = ORIENTED_EDGE('',*,*,#10760,.T.);
#10760 = EDGE_CURVE('',#10737,#10761,#10763,.T.);
#10761 = VERTEX_POINT('',#10762);
#10762 = CARTESIAN_POINT('',(109.,173.4,25.6));
#10763 = LINE('',#10764,#10765);
#10764 = CARTESIAN_POINT('',(109.,170.4,25.6));
#10765 = VECTOR('',#10766,1.);
#10766 = DIRECTION('',(-0.,1.,0.));
#10767 = ORIENTED_EDGE('',*,*,#10768,.F.);
#10768 = EDGE_CURVE('',#10706,#10761,#10769,.T.);
#10769 = LINE('',#10770,#10771);
#10770 = CARTESIAN_POINT('',(99.,173.4,25.6));
#10771 = VECTOR('',#10772,1.);
#10772 = DIRECTION('',(1.,0.,-0.));
#10773 = PLANE('',#10774);
#10774 = AXIS2_PLACEMENT_3D('',#10775,#10776,#10777);
#10775 = CARTESIAN_POINT('',(99.,170.4,25.6));
#10776 = DIRECTION('',(0.,0.,1.));
#10777 = DIRECTION('',(1.,0.,-0.));
#10778 = ADVANCED_FACE('',(#10779),#10797,.T.);
#10779 = FACE_BOUND('',#10780,.T.);
#10780 = EDGE_LOOP('',(#10781,#10789,#10790,#10791));
#10781 = ORIENTED_EDGE('',*,*,#10782,.F.);
#10782 = EDGE_CURVE('',#10698,#10783,#10785,.T.);
#10783 = VERTEX_POINT('',#10784);
#10784 = CARTESIAN_POINT('',(109.,173.4,3.6));
#10785 = LINE('',#10786,#10787);
#10786 = CARTESIAN_POINT('',(99.,173.4,3.6));
#10787 = VECTOR('',#10788,1.);
#10788 = DIRECTION('',(1.,0.,-0.));
#10789 = ORIENTED_EDGE('',*,*,#10705,.T.);
#10790 = ORIENTED_EDGE('',*,*,#10768,.T.);
#10791 = ORIENTED_EDGE('',*,*,#10792,.F.);
#10792 = EDGE_CURVE('',#10783,#10761,#10793,.T.);
#10793 = LINE('',#10794,#10795);
#10794 = CARTESIAN_POINT('',(109.,173.4,3.6));
#10795 = VECTOR('',#10796,1.);
#10796 = DIRECTION('',(0.,0.,1.));
#10797 = PLANE('',#10798);
#10798 = AXIS2_PLACEMENT_3D('',#10799,#10800,#10801);
#10799 = CARTESIAN_POINT('',(99.,173.4,3.6));
#10800 = DIRECTION('',(-0.,1.,0.));
#10801 = DIRECTION('',(0.,0.,1.));
#10802 = ADVANCED_FACE('',(#10803),#10814,.F.);
#10803 = FACE_BOUND('',#10804,.F.);
#10804 = EDGE_LOOP('',(#10805,#10806,#10807,#10813));
#10805 = ORIENTED_EDGE('',*,*,#10697,.F.);
#10806 = ORIENTED_EDGE('',*,*,#10727,.T.);
#10807 = ORIENTED_EDGE('',*,*,#10808,.T.);
#10808 = EDGE_CURVE('',#10728,#10783,#10809,.T.);
#10809 = LINE('',#10810,#10811);
#10810 = CARTESIAN_POINT('',(109.,170.4,3.6));
#10811 = VECTOR('',#10812,1.);
#10812 = DIRECTION('',(-0.,1.,0.));
#10813 = ORIENTED_EDGE('',*,*,#10782,.F.);
#10814 = PLANE('',#10815);
#10815 = AXIS2_PLACEMENT_3D('',#10816,#10817,#10818);
#10816 = CARTESIAN_POINT('',(99.,170.4,3.6));
#10817 = DIRECTION('',(0.,0.,1.));
#10818 = DIRECTION('',(1.,0.,-0.));
#10819 = ADVANCED_FACE('',(#10820),#10826,.T.);
#10820 = FACE_BOUND('',#10821,.T.);
#10821 = EDGE_LOOP('',(#10822,#10823,#10824,#10825));
#10822 = ORIENTED_EDGE('',*,*,#10744,.F.);
#10823 = ORIENTED_EDGE('',*,*,#10808,.T.);
#10824 = ORIENTED_EDGE('',*,*,#10792,.T.);
#10825 = ORIENTED_EDGE('',*,*,#10760,.F.);
#10826 = PLANE('',#10827);
#10827 = AXIS2_PLACEMENT_3D('',#10828,#10829,#10830);
#10828 = CARTESIAN_POINT('',(109.,170.4,3.6));
#10829 = DIRECTION('',(1.,0.,-0.));
#10830 = DIRECTION('',(0.,0.,1.));
#10831 = ORIENTED_CLOSED_SHELL('',*,#10832,.F.);
#10832 = CLOSED_SHELL('',(#10833,#10873,#10904,#10928,#10952,#10969));
#10833 = ADVANCED_FACE('',(#10834),#10868,.F.);
#10834 = FACE_BOUND('',#10835,.F.);
#10835 = EDGE_LOOP('',(#10836,#10846,#10854,#10862));
#10836 = ORIENTED_EDGE('',*,*,#10837,.F.);
#10837 = EDGE_CURVE('',#10838,#10840,#10842,.T.);
#10838 = VERTEX_POINT('',#10839);
#10839 = CARTESIAN_POINT('',(99.,178.6,3.6));
#10840 = VERTEX_POINT('',#10841);
#10841 = CARTESIAN_POINT('',(99.,178.6,25.6));
#10842 = LINE('',#10843,#10844);
#10843 = CARTESIAN_POINT('',(99.,178.6,3.6));
#10844 = VECTOR('',#10845,1.);
#10845 = DIRECTION('',(0.,0.,1.));
#10846 = ORIENTED_EDGE('',*,*,#10847,.T.);
#10847 = EDGE_CURVE('',#10838,#10848,#10850,.T.);
#10848 = VERTEX_POINT('',#10849);
#10849 = CARTESIAN_POINT('',(99.,181.6,3.6));
#10850 = LINE('',#10851,#10852);
#10851 = CARTESIAN_POINT('',(99.,178.6,3.6));
#10852 = VECTOR('',#10853,1.);
#10853 = DIRECTION('',(-0.,1.,0.));
#10854 = ORIENTED_EDGE('',*,*,#10855,.T.);
#10855 = EDGE_CURVE('',#10848,#10856,#10858,.T.);
#10856 = VERTEX_POINT('',#10857);
#10857 = CARTESIAN_POINT('',(99.,181.6,25.6));
#10858 = LINE('',#10859,#10860);
#10859 = CARTESIAN_POINT('',(99.,181.6,3.6));
#10860 = VECTOR('',#10861,1.);
#10861 = DIRECTION('',(0.,0.,1.));
#10862 = ORIENTED_EDGE('',*,*,#10863,.F.);
#10863 = EDGE_CURVE('',#10840,#10856,#10864,.T.);
#10864 = LINE('',#10865,#10866);
#10865 = CARTESIAN_POINT('',(99.,178.6,25.6));
#10866 = VECTOR('',#10867,1.);
#10867 = DIRECTION('',(-0.,1.,0.));
#10868 = PLANE('',#10869);
#10869 = AXIS2_PLACEMENT_3D('',#10870,#10871,#10872);
#10870 = CARTESIAN_POINT('',(99.,178.6,3.6));
#10871 = DIRECTION('',(1.,0.,-0.));
#10872 = DIRECTION('',(0.,0.,1.));
#10873 = ADVANCED_FACE('',(#10874),#10899,.F.);
#10874 = FACE_BOUND('',#10875,.F.);
#10875 = EDGE_LOOP('',(#10876,#10884,#10885,#10893));
#10876 = ORIENTED_EDGE('',*,*,#10877,.F.);
#10877 = EDGE_CURVE('',#10838,#10878,#10880,.T.);
#10878 = VERTEX_POINT('',#10879);
#10879 = CARTESIAN_POINT('',(109.,178.6,3.6));
#10880 = LINE('',#10881,#10882);
#10881 = CARTESIAN_POINT('',(99.,178.6,3.6));
#10882 = VECTOR('',#10883,1.);
#10883 = DIRECTION('',(1.,0.,-0.));
#10884 = ORIENTED_EDGE('',*,*,#10837,.T.);
#10885 = ORIENTED_EDGE('',*,*,#10886,.T.);
#10886 = EDGE_CURVE('',#10840,#10887,#10889,.T.);
#10887 = VERTEX_POINT('',#10888);
#10888 = CARTESIAN_POINT('',(109.,178.6,25.6));
#10889 = LINE('',#10890,#10891);
#10890 = CARTESIAN_POINT('',(99.,178.6,25.6));
#10891 = VECTOR('',#10892,1.);
#10892 = DIRECTION('',(1.,0.,-0.));
#10893 = ORIENTED_EDGE('',*,*,#10894,.F.);
#10894 = EDGE_CURVE('',#10878,#10887,#10895,.T.);
#10895 = LINE('',#10896,#10897);
#10896 = CARTESIAN_POINT('',(109.,178.6,3.6));
#10897 = VECTOR('',#10898,1.);
#10898 = DIRECTION('',(0.,0.,1.));
#10899 = PLANE('',#10900);
#10900 = AXIS2_PLACEMENT_3D('',#10901,#10902,#10903);
#10901 = CARTESIAN_POINT('',(99.,178.6,3.6));
#10902 = DIRECTION('',(-0.,1.,0.));
#10903 = DIRECTION('',(0.,0.,1.));
#10904 = ADVANCED_FACE('',(#10905),#10923,.T.);
#10905 = FACE_BOUND('',#10906,.T.);
#10906 = EDGE_LOOP('',(#10907,#10908,#10909,#10917));
#10907 = ORIENTED_EDGE('',*,*,#10863,.F.);
#10908 = ORIENTED_EDGE('',*,*,#10886,.T.);
#10909 = ORIENTED_EDGE('',*,*,#10910,.T.);
#10910 = EDGE_CURVE('',#10887,#10911,#10913,.T.);
#10911 = VERTEX_POINT('',#10912);
#10912 = CARTESIAN_POINT('',(109.,181.6,25.6));
#10913 = LINE('',#10914,#10915);
#10914 = CARTESIAN_POINT('',(109.,178.6,25.6));
#10915 = VECTOR('',#10916,1.);
#10916 = DIRECTION('',(-0.,1.,0.));
#10917 = ORIENTED_EDGE('',*,*,#10918,.F.);
#10918 = EDGE_CURVE('',#10856,#10911,#10919,.T.);
#10919 = LINE('',#10920,#10921);
#10920 = CARTESIAN_POINT('',(99.,181.6,25.6));
#10921 = VECTOR('',#10922,1.);
#10922 = DIRECTION('',(1.,0.,-0.));
#10923 = PLANE('',#10924);
#10924 = AXIS2_PLACEMENT_3D('',#10925,#10926,#10927);
#10925 = CARTESIAN_POINT('',(99.,178.6,25.6));
#10926 = DIRECTION('',(0.,0.,1.));
#10927 = DIRECTION('',(1.,0.,-0.));
#10928 = ADVANCED_FACE('',(#10929),#10947,.T.);
#10929 = FACE_BOUND('',#10930,.T.);
#10930 = EDGE_LOOP('',(#10931,#10939,#10940,#10941));
#10931 = ORIENTED_EDGE('',*,*,#10932,.F.);
#10932 = EDGE_CURVE('',#10848,#10933,#10935,.T.);
#10933 = VERTEX_POINT('',#10934);
#10934 = CARTESIAN_POINT('',(109.,181.6,3.6));
#10935 = LINE('',#10936,#10937);
#10936 = CARTESIAN_POINT('',(99.,181.6,3.6));
#10937 = VECTOR('',#10938,1.);
#10938 = DIRECTION('',(1.,0.,-0.));
#10939 = ORIENTED_EDGE('',*,*,#10855,.T.);
#10940 = ORIENTED_EDGE('',*,*,#10918,.T.);
#10941 = ORIENTED_EDGE('',*,*,#10942,.F.);
#10942 = EDGE_CURVE('',#10933,#10911,#10943,.T.);
#10943 = LINE('',#10944,#10945);
#10944 = CARTESIAN_POINT('',(109.,181.6,3.6));
#10945 = VECTOR('',#10946,1.);
#10946 = DIRECTION('',(0.,0.,1.));
#10947 = PLANE('',#10948);
#10948 = AXIS2_PLACEMENT_3D('',#10949,#10950,#10951);
#10949 = CARTESIAN_POINT('',(99.,181.6,3.6));
#10950 = DIRECTION('',(-0.,1.,0.));
#10951 = DIRECTION('',(0.,0.,1.));
#10952 = ADVANCED_FACE('',(#10953),#10964,.F.);
#10953 = FACE_BOUND('',#10954,.F.);
#10954 = EDGE_LOOP('',(#10955,#10956,#10957,#10963));
#10955 = ORIENTED_EDGE('',*,*,#10847,.F.);
#10956 = ORIENTED_EDGE('',*,*,#10877,.T.);
#10957 = ORIENTED_EDGE('',*,*,#10958,.T.);
#10958 = EDGE_CURVE('',#10878,#10933,#10959,.T.);
#10959 = LINE('',#10960,#10961);
#10960 = CARTESIAN_POINT('',(109.,178.6,3.6));
#10961 = VECTOR('',#10962,1.);
#10962 = DIRECTION('',(-0.,1.,0.));
#10963 = ORIENTED_EDGE('',*,*,#10932,.F.);
#10964 = PLANE('',#10965);
#10965 = AXIS2_PLACEMENT_3D('',#10966,#10967,#10968);
#10966 = CARTESIAN_POINT('',(99.,178.6,3.6));
#10967 = DIRECTION('',(0.,0.,1.));
#10968 = DIRECTION('',(1.,0.,-0.));
#10969 = ADVANCED_FACE('',(#10970),#10976,.T.);
#10970 = FACE_BOUND('',#10971,.T.);
#10971 = EDGE_LOOP('',(#10972,#10973,#10974,#10975));
#10972 = ORIENTED_EDGE('',*,*,#10894,.F.);
#10973 = ORIENTED_EDGE('',*,*,#10958,.T.);
#10974 = ORIENTED_EDGE('',*,*,#10942,.T.);
#10975 = ORIENTED_EDGE('',*,*,#10910,.F.);
#10976 = PLANE('',#10977);
#10977 = AXIS2_PLACEMENT_3D('',#10978,#10979,#10980);
#10978 = CARTESIAN_POINT('',(109.,178.6,3.6));
#10979 = DIRECTION('',(1.,0.,-0.));
#10980 = DIRECTION('',(0.,0.,1.));
#10981 = ORIENTED_CLOSED_SHELL('',*,#10982,.F.);
#10982 = CLOSED_SHELL('',(#10983,#11023,#11054,#11078,#11102,#11119));
#10983 = ADVANCED_FACE('',(#10984),#11018,.F.);
#10984 = FACE_BOUND('',#10985,.F.);
#10985 = EDGE_LOOP('',(#10986,#10996,#11004,#11012));
#10986 = ORIENTED_EDGE('',*,*,#10987,.F.);
#10987 = EDGE_CURVE('',#10988,#10990,#10992,.T.);
#10988 = VERTEX_POINT('',#10989);
#10989 = CARTESIAN_POINT('',(99.,186.8,3.6));
#10990 = VERTEX_POINT('',#10991);
#10991 = CARTESIAN_POINT('',(99.,186.8,25.6));
#10992 = LINE('',#10993,#10994);
#10993 = CARTESIAN_POINT('',(99.,186.8,3.6));
#10994 = VECTOR('',#10995,1.);
#10995 = DIRECTION('',(0.,0.,1.));
#10996 = ORIENTED_EDGE('',*,*,#10997,.T.);
#10997 = EDGE_CURVE('',#10988,#10998,#11000,.T.);
#10998 = VERTEX_POINT('',#10999);
#10999 = CARTESIAN_POINT('',(99.,189.8,3.6));
#11000 = LINE('',#11001,#11002);
#11001 = CARTESIAN_POINT('',(99.,186.8,3.6));
#11002 = VECTOR('',#11003,1.);
#11003 = DIRECTION('',(-0.,1.,0.));
#11004 = ORIENTED_EDGE('',*,*,#11005,.T.);
#11005 = EDGE_CURVE('',#10998,#11006,#11008,.T.);
#11006 = VERTEX_POINT('',#11007);
#11007 = CARTESIAN_POINT('',(99.,189.8,25.6));
#11008 = LINE('',#11009,#11010);
#11009 = CARTESIAN_POINT('',(99.,189.8,3.6));
#11010 = VECTOR('',#11011,1.);
#11011 = DIRECTION('',(0.,0.,1.));
#11012 = ORIENTED_EDGE('',*,*,#11013,.F.);
#11013 = EDGE_CURVE('',#10990,#11006,#11014,.T.);
#11014 = LINE('',#11015,#11016);
#11015 = CARTESIAN_POINT('',(99.,186.8,25.6));
#11016 = VECTOR('',#11017,1.);
#11017 = DIRECTION('',(-0.,1.,0.));
#11018 = PLANE('',#11019);
#11019 = AXIS2_PLACEMENT_3D('',#11020,#11021,#11022);
#11020 = CARTESIAN_POINT('',(99.,186.8,3.6));
#11021 = DIRECTION('',(1.,0.,-0.));
#11022 = DIRECTION('',(0.,0.,1.));
#11023 = ADVANCED_FACE('',(#11024),#11049,.F.);
#11024 = FACE_BOUND('',#11025,.F.);
#11025 = EDGE_LOOP('',(#11026,#11034,#11035,#11043));
#11026 = ORIENTED_EDGE('',*,*,#11027,.F.);
#11027 = EDGE_CURVE('',#10988,#11028,#11030,.T.);
#11028 = VERTEX_POINT('',#11029);
#11029 = CARTESIAN_POINT('',(109.,186.8,3.6));
#11030 = LINE('',#11031,#11032);
#11031 = CARTESIAN_POINT('',(99.,186.8,3.6));
#11032 = VECTOR('',#11033,1.);
#11033 = DIRECTION('',(1.,0.,-0.));
#11034 = ORIENTED_EDGE('',*,*,#10987,.T.);
#11035 = ORIENTED_EDGE('',*,*,#11036,.T.);
#11036 = EDGE_CURVE('',#10990,#11037,#11039,.T.);
#11037 = VERTEX_POINT('',#11038);
#11038 = CARTESIAN_POINT('',(109.,186.8,25.6));
#11039 = LINE('',#11040,#11041);
#11040 = CARTESIAN_POINT('',(99.,186.8,25.6));
#11041 = VECTOR('',#11042,1.);
#11042 = DIRECTION('',(1.,0.,-0.));
#11043 = ORIENTED_EDGE('',*,*,#11044,.F.);
#11044 = EDGE_CURVE('',#11028,#11037,#11045,.T.);
#11045 = LINE('',#11046,#11047);
#11046 = CARTESIAN_POINT('',(109.,186.8,3.6));
#11047 = VECTOR('',#11048,1.);
#11048 = DIRECTION('',(0.,0.,1.));
#11049 = PLANE('',#11050);
#11050 = AXIS2_PLACEMENT_3D('',#11051,#11052,#11053);
#11051 = CARTESIAN_POINT('',(99.,186.8,3.6));
#11052 = DIRECTION('',(-0.,1.,0.));
#11053 = DIRECTION('',(0.,0.,1.));
#11054 = ADVANCED_FACE('',(#11055),#11073,.T.);
#11055 = FACE_BOUND('',#11056,.T.);
#11056 = EDGE_LOOP('',(#11057,#11058,#11059,#11067));
#11057 = ORIENTED_EDGE('',*,*,#11013,.F.);
#11058 = ORIENTED_EDGE('',*,*,#11036,.T.);
#11059 = ORIENTED_EDGE('',*,*,#11060,.T.);
#11060 = EDGE_CURVE('',#11037,#11061,#11063,.T.);
#11061 = VERTEX_POINT('',#11062);
#11062 = CARTESIAN_POINT('',(109.,189.8,25.6));
#11063 = LINE('',#11064,#11065);
#11064 = CARTESIAN_POINT('',(109.,186.8,25.6));
#11065 = VECTOR('',#11066,1.);
#11066 = DIRECTION('',(-0.,1.,0.));
#11067 = ORIENTED_EDGE('',*,*,#11068,.F.);
#11068 = EDGE_CURVE('',#11006,#11061,#11069,.T.);
#11069 = LINE('',#11070,#11071);
#11070 = CARTESIAN_POINT('',(99.,189.8,25.6));
#11071 = VECTOR('',#11072,1.);
#11072 = DIRECTION('',(1.,0.,-0.));
#11073 = PLANE('',#11074);
#11074 = AXIS2_PLACEMENT_3D('',#11075,#11076,#11077);
#11075 = CARTESIAN_POINT('',(99.,186.8,25.6));
#11076 = DIRECTION('',(0.,0.,1.));
#11077 = DIRECTION('',(1.,0.,-0.));
#11078 = ADVANCED_FACE('',(#11079),#11097,.T.);
#11079 = FACE_BOUND('',#11080,.T.);
#11080 = EDGE_LOOP('',(#11081,#11089,#11090,#11091));
#11081 = ORIENTED_EDGE('',*,*,#11082,.F.);
#11082 = EDGE_CURVE('',#10998,#11083,#11085,.T.);
#11083 = VERTEX_POINT('',#11084);
#11084 = CARTESIAN_POINT('',(109.,189.8,3.6));
#11085 = LINE('',#11086,#11087);
#11086 = CARTESIAN_POINT('',(99.,189.8,3.6));
#11087 = VECTOR('',#11088,1.);
#11088 = DIRECTION('',(1.,0.,-0.));
#11089 = ORIENTED_EDGE('',*,*,#11005,.T.);
#11090 = ORIENTED_EDGE('',*,*,#11068,.T.);
#11091 = ORIENTED_EDGE('',*,*,#11092,.F.);
#11092 = EDGE_CURVE('',#11083,#11061,#11093,.T.);
#11093 = LINE('',#11094,#11095);
#11094 = CARTESIAN_POINT('',(109.,189.8,3.6));
#11095 = VECTOR('',#11096,1.);
#11096 = DIRECTION('',(0.,0.,1.));
#11097 = PLANE('',#11098);
#11098 = AXIS2_PLACEMENT_3D('',#11099,#11100,#11101);
#11099 = CARTESIAN_POINT('',(99.,189.8,3.6));
#11100 = DIRECTION('',(-0.,1.,0.));
#11101 = DIRECTION('',(0.,0.,1.));
#11102 = ADVANCED_FACE('',(#11103),#11114,.F.);
#11103 = FACE_BOUND('',#11104,.F.);
#11104 = EDGE_LOOP('',(#11105,#11106,#11107,#11113));
#11105 = ORIENTED_EDGE('',*,*,#10997,.F.);
#11106 = ORIENTED_EDGE('',*,*,#11027,.T.);
#11107 = ORIENTED_EDGE('',*,*,#11108,.T.);
#11108 = EDGE_CURVE('',#11028,#11083,#11109,.T.);
#11109 = LINE('',#11110,#11111);
#11110 = CARTESIAN_POINT('',(109.,186.8,3.6));
#11111 = VECTOR('',#11112,1.);
#11112 = DIRECTION('',(-0.,1.,0.));
#11113 = ORIENTED_EDGE('',*,*,#11082,.F.);
#11114 = PLANE('',#11115);
#11115 = AXIS2_PLACEMENT_3D('',#11116,#11117,#11118);
#11116 = CARTESIAN_POINT('',(99.,186.8,3.6));
#11117 = DIRECTION('',(0.,0.,1.));
#11118 = DIRECTION('',(1.,0.,-0.));
#11119 = ADVANCED_FACE('',(#11120),#11126,.T.);
#11120 = FACE_BOUND('',#11121,.T.);
#11121 = EDGE_LOOP('',(#11122,#11123,#11124,#11125));
#11122 = ORIENTED_EDGE('',*,*,#11044,.F.);
#11123 = ORIENTED_EDGE('',*,*,#11108,.T.);
#11124 = ORIENTED_EDGE('',*,*,#11092,.T.);
#11125 = ORIENTED_EDGE('',*,*,#11060,.F.);
#11126 = PLANE('',#11127);
#11127 = AXIS2_PLACEMENT_3D('',#11128,#11129,#11130);
#11128 = CARTESIAN_POINT('',(109.,186.8,3.6));
#11129 = DIRECTION('',(1.,0.,-0.));
#11130 = DIRECTION('',(0.,0.,1.));
#11131 = ORIENTED_CLOSED_SHELL('',*,#11132,.F.);
#11132 = CLOSED_SHELL('',(#11133,#11173,#11204,#11228,#11252,#11269));
#11133 = ADVANCED_FACE('',(#11134),#11168,.F.);
#11134 = FACE_BOUND('',#11135,.F.);
#11135 = EDGE_LOOP('',(#11136,#11146,#11154,#11162));
#11136 = ORIENTED_EDGE('',*,*,#11137,.F.);
#11137 = EDGE_CURVE('',#11138,#11140,#11142,.T.);
#11138 = VERTEX_POINT('',#11139);
#11139 = CARTESIAN_POINT('',(99.,195.,3.6));
#11140 = VERTEX_POINT('',#11141);
#11141 = CARTESIAN_POINT('',(99.,195.,25.6));
#11142 = LINE('',#11143,#11144);
#11143 = CARTESIAN_POINT('',(99.,195.,3.6));
#11144 = VECTOR('',#11145,1.);
#11145 = DIRECTION('',(0.,0.,1.));
#11146 = ORIENTED_EDGE('',*,*,#11147,.T.);
#11147 = EDGE_CURVE('',#11138,#11148,#11150,.T.);
#11148 = VERTEX_POINT('',#11149);
#11149 = CARTESIAN_POINT('',(99.,198.,3.6));
#11150 = LINE('',#11151,#11152);
#11151 = CARTESIAN_POINT('',(99.,195.,3.6));
#11152 = VECTOR('',#11153,1.);
#11153 = DIRECTION('',(-0.,1.,0.));
#11154 = ORIENTED_EDGE('',*,*,#11155,.T.);
#11155 = EDGE_CURVE('',#11148,#11156,#11158,.T.);
#11156 = VERTEX_POINT('',#11157);
#11157 = CARTESIAN_POINT('',(99.,198.,25.6));
#11158 = LINE('',#11159,#11160);
#11159 = CARTESIAN_POINT('',(99.,198.,3.6));
#11160 = VECTOR('',#11161,1.);
#11161 = DIRECTION('',(0.,0.,1.));
#11162 = ORIENTED_EDGE('',*,*,#11163,.F.);
#11163 = EDGE_CURVE('',#11140,#11156,#11164,.T.);
#11164 = LINE('',#11165,#11166);
#11165 = CARTESIAN_POINT('',(99.,195.,25.6));
#11166 = VECTOR('',#11167,1.);
#11167 = DIRECTION('',(-0.,1.,0.));
#11168 = PLANE('',#11169);
#11169 = AXIS2_PLACEMENT_3D('',#11170,#11171,#11172);
#11170 = CARTESIAN_POINT('',(99.,195.,3.6));
#11171 = DIRECTION('',(1.,0.,-0.));
#11172 = DIRECTION('',(0.,0.,1.));
#11173 = ADVANCED_FACE('',(#11174),#11199,.F.);
#11174 = FACE_BOUND('',#11175,.F.);
#11175 = EDGE_LOOP('',(#11176,#11184,#11185,#11193));
#11176 = ORIENTED_EDGE('',*,*,#11177,.F.);
#11177 = EDGE_CURVE('',#11138,#11178,#11180,.T.);
#11178 = VERTEX_POINT('',#11179);
#11179 = CARTESIAN_POINT('',(109.,195.,3.6));
#11180 = LINE('',#11181,#11182);
#11181 = CARTESIAN_POINT('',(99.,195.,3.6));
#11182 = VECTOR('',#11183,1.);
#11183 = DIRECTION('',(1.,0.,-0.));
#11184 = ORIENTED_EDGE('',*,*,#11137,.T.);
#11185 = ORIENTED_EDGE('',*,*,#11186,.T.);
#11186 = EDGE_CURVE('',#11140,#11187,#11189,.T.);
#11187 = VERTEX_POINT('',#11188);
#11188 = CARTESIAN_POINT('',(109.,195.,25.6));
#11189 = LINE('',#11190,#11191);
#11190 = CARTESIAN_POINT('',(99.,195.,25.6));
#11191 = VECTOR('',#11192,1.);
#11192 = DIRECTION('',(1.,0.,-0.));
#11193 = ORIENTED_EDGE('',*,*,#11194,.F.);
#11194 = EDGE_CURVE('',#11178,#11187,#11195,.T.);
#11195 = LINE('',#11196,#11197);
#11196 = CARTESIAN_POINT('',(109.,195.,3.6));
#11197 = VECTOR('',#11198,1.);
#11198 = DIRECTION('',(0.,0.,1.));
#11199 = PLANE('',#11200);
#11200 = AXIS2_PLACEMENT_3D('',#11201,#11202,#11203);
#11201 = CARTESIAN_POINT('',(99.,195.,3.6));
#11202 = DIRECTION('',(-0.,1.,0.));
#11203 = DIRECTION('',(0.,0.,1.));
#11204 = ADVANCED_FACE('',(#11205),#11223,.T.);
#11205 = FACE_BOUND('',#11206,.T.);
#11206 = EDGE_LOOP('',(#11207,#11208,#11209,#11217));
#11207 = ORIENTED_EDGE('',*,*,#11163,.F.);
#11208 = ORIENTED_EDGE('',*,*,#11186,.T.);
#11209 = ORIENTED_EDGE('',*,*,#11210,.T.);
#11210 = EDGE_CURVE('',#11187,#11211,#11213,.T.);
#11211 = VERTEX_POINT('',#11212);
#11212 = CARTESIAN_POINT('',(109.,198.,25.6));
#11213 = LINE('',#11214,#11215);
#11214 = CARTESIAN_POINT('',(109.,195.,25.6));
#11215 = VECTOR('',#11216,1.);
#11216 = DIRECTION('',(-0.,1.,0.));
#11217 = ORIENTED_EDGE('',*,*,#11218,.F.);
#11218 = EDGE_CURVE('',#11156,#11211,#11219,.T.);
#11219 = LINE('',#11220,#11221);
#11220 = CARTESIAN_POINT('',(99.,198.,25.6));
#11221 = VECTOR('',#11222,1.);
#11222 = DIRECTION('',(1.,0.,-0.));
#11223 = PLANE('',#11224);
#11224 = AXIS2_PLACEMENT_3D('',#11225,#11226,#11227);
#11225 = CARTESIAN_POINT('',(99.,195.,25.6));
#11226 = DIRECTION('',(0.,0.,1.));
#11227 = DIRECTION('',(1.,0.,-0.));
#11228 = ADVANCED_FACE('',(#11229),#11247,.T.);
#11229 = FACE_BOUND('',#11230,.T.);
#11230 = EDGE_LOOP('',(#11231,#11239,#11240,#11241));
#11231 = ORIENTED_EDGE('',*,*,#11232,.F.);
#11232 = EDGE_CURVE('',#11148,#11233,#11235,.T.);
#11233 = VERTEX_POINT('',#11234);
#11234 = CARTESIAN_POINT('',(109.,198.,3.6));
#11235 = LINE('',#11236,#11237);
#11236 = CARTESIAN_POINT('',(99.,198.,3.6));
#11237 = VECTOR('',#11238,1.);
#11238 = DIRECTION('',(1.,0.,-0.));
#11239 = ORIENTED_EDGE('',*,*,#11155,.T.);
#11240 = ORIENTED_EDGE('',*,*,#11218,.T.);
#11241 = ORIENTED_EDGE('',*,*,#11242,.F.);
#11242 = EDGE_CURVE('',#11233,#11211,#11243,.T.);
#11243 = LINE('',#11244,#11245);
#11244 = CARTESIAN_POINT('',(109.,198.,3.6));
#11245 = VECTOR('',#11246,1.);
#11246 = DIRECTION('',(0.,0.,1.));
#11247 = PLANE('',#11248);
#11248 = AXIS2_PLACEMENT_3D('',#11249,#11250,#11251);
#11249 = CARTESIAN_POINT('',(99.,198.,3.6));
#11250 = DIRECTION('',(-0.,1.,0.));
#11251 = DIRECTION('',(0.,0.,1.));
#11252 = ADVANCED_FACE('',(#11253),#11264,.F.);
#11253 = FACE_BOUND('',#11254,.F.);
#11254 = EDGE_LOOP('',(#11255,#11256,#11257,#11263));
#11255 = ORIENTED_EDGE('',*,*,#11147,.F.);
#11256 = ORIENTED_EDGE('',*,*,#11177,.T.);
#11257 = ORIENTED_EDGE('',*,*,#11258,.T.);
#11258 = EDGE_CURVE('',#11178,#11233,#11259,.T.);
#11259 = LINE('',#11260,#11261);
#11260 = CARTESIAN_POINT('',(109.,195.,3.6));
#11261 = VECTOR('',#11262,1.);
#11262 = DIRECTION('',(-0.,1.,0.));
#11263 = ORIENTED_EDGE('',*,*,#11232,.F.);
#11264 = PLANE('',#11265);
#11265 = AXIS2_PLACEMENT_3D('',#11266,#11267,#11268);
#11266 = CARTESIAN_POINT('',(99.,195.,3.6));
#11267 = DIRECTION('',(0.,0.,1.));
#11268 = DIRECTION('',(1.,0.,-0.));
#11269 = ADVANCED_FACE('',(#11270),#11276,.T.);
#11270 = FACE_BOUND('',#11271,.T.);
#11271 = EDGE_LOOP('',(#11272,#11273,#11274,#11275));
#11272 = ORIENTED_EDGE('',*,*,#11194,.F.);
#11273 = ORIENTED_EDGE('',*,*,#11258,.T.);
#11274 = ORIENTED_EDGE('',*,*,#11242,.T.);
#11275 = ORIENTED_EDGE('',*,*,#11210,.F.);
#11276 = PLANE('',#11277);
#11277 = AXIS2_PLACEMENT_3D('',#11278,#11279,#11280);
#11278 = CARTESIAN_POINT('',(109.,195.,3.6));
#11279 = DIRECTION('',(1.,0.,-0.));
#11280 = DIRECTION('',(0.,0.,1.));
#11281 = ORIENTED_CLOSED_SHELL('',*,#11282,.F.);
#11282 = CLOSED_SHELL('',(#11283,#11323,#11354,#11378,#11402,#11419));
#11283 = ADVANCED_FACE('',(#11284),#11318,.F.);
#11284 = FACE_BOUND('',#11285,.F.);
#11285 = EDGE_LOOP('',(#11286,#11296,#11304,#11312));
#11286 = ORIENTED_EDGE('',*,*,#11287,.F.);
#11287 = EDGE_CURVE('',#11288,#11290,#11292,.T.);
#11288 = VERTEX_POINT('',#11289);
#11289 = CARTESIAN_POINT('',(99.,203.2,3.6));
#11290 = VERTEX_POINT('',#11291);
#11291 = CARTESIAN_POINT('',(99.,203.2,25.6));
#11292 = LINE('',#11293,#11294);
#11293 = CARTESIAN_POINT('',(99.,203.2,3.6));
#11294 = VECTOR('',#11295,1.);
#11295 = DIRECTION('',(0.,0.,1.));
#11296 = ORIENTED_EDGE('',*,*,#11297,.T.);
#11297 = EDGE_CURVE('',#11288,#11298,#11300,.T.);
#11298 = VERTEX_POINT('',#11299);
#11299 = CARTESIAN_POINT('',(99.,206.2,3.6));
#11300 = LINE('',#11301,#11302);
#11301 = CARTESIAN_POINT('',(99.,203.2,3.6));
#11302 = VECTOR('',#11303,1.);
#11303 = DIRECTION('',(-0.,1.,0.));
#11304 = ORIENTED_EDGE('',*,*,#11305,.T.);
#11305 = EDGE_CURVE('',#11298,#11306,#11308,.T.);
#11306 = VERTEX_POINT('',#11307);
#11307 = CARTESIAN_POINT('',(99.,206.2,25.6));
#11308 = LINE('',#11309,#11310);
#11309 = CARTESIAN_POINT('',(99.,206.2,3.6));
#11310 = VECTOR('',#11311,1.);
#11311 = DIRECTION('',(0.,0.,1.));
#11312 = ORIENTED_EDGE('',*,*,#11313,.F.);
#11313 = EDGE_CURVE('',#11290,#11306,#11314,.T.);
#11314 = LINE('',#11315,#11316);
#11315 = CARTESIAN_POINT('',(99.,203.2,25.6));
#11316 = VECTOR('',#11317,1.);
#11317 = DIRECTION('',(-0.,1.,0.));
#11318 = PLANE('',#11319);
#11319 = AXIS2_PLACEMENT_3D('',#11320,#11321,#11322);
#11320 = CARTESIAN_POINT('',(99.,203.2,3.6));
#11321 = DIRECTION('',(1.,0.,-0.));
#11322 = DIRECTION('',(0.,0.,1.));
#11323 = ADVANCED_FACE('',(#11324),#11349,.F.);
#11324 = FACE_BOUND('',#11325,.F.);
#11325 = EDGE_LOOP('',(#11326,#11334,#11335,#11343));
#11326 = ORIENTED_EDGE('',*,*,#11327,.F.);
#11327 = EDGE_CURVE('',#11288,#11328,#11330,.T.);
#11328 = VERTEX_POINT('',#11329);
#11329 = CARTESIAN_POINT('',(109.,203.2,3.6));
#11330 = LINE('',#11331,#11332);
#11331 = CARTESIAN_POINT('',(99.,203.2,3.6));
#11332 = VECTOR('',#11333,1.);
#11333 = DIRECTION('',(1.,0.,-0.));
#11334 = ORIENTED_EDGE('',*,*,#11287,.T.);
#11335 = ORIENTED_EDGE('',*,*,#11336,.T.);
#11336 = EDGE_CURVE('',#11290,#11337,#11339,.T.);
#11337 = VERTEX_POINT('',#11338);
#11338 = CARTESIAN_POINT('',(109.,203.2,25.6));
#11339 = LINE('',#11340,#11341);
#11340 = CARTESIAN_POINT('',(99.,203.2,25.6));
#11341 = VECTOR('',#11342,1.);
#11342 = DIRECTION('',(1.,0.,-0.));
#11343 = ORIENTED_EDGE('',*,*,#11344,.F.);
#11344 = EDGE_CURVE('',#11328,#11337,#11345,.T.);
#11345 = LINE('',#11346,#11347);
#11346 = CARTESIAN_POINT('',(109.,203.2,3.6));
#11347 = VECTOR('',#11348,1.);
#11348 = DIRECTION('',(0.,0.,1.));
#11349 = PLANE('',#11350);
#11350 = AXIS2_PLACEMENT_3D('',#11351,#11352,#11353);
#11351 = CARTESIAN_POINT('',(99.,203.2,3.6));
#11352 = DIRECTION('',(-0.,1.,0.));
#11353 = DIRECTION('',(0.,0.,1.));
#11354 = ADVANCED_FACE('',(#11355),#11373,.T.);
#11355 = FACE_BOUND('',#11356,.T.);
#11356 = EDGE_LOOP('',(#11357,#11358,#11359,#11367));
#11357 = ORIENTED_EDGE('',*,*,#11313,.F.);
#11358 = ORIENTED_EDGE('',*,*,#11336,.T.);
#11359 = ORIENTED_EDGE('',*,*,#11360,.T.);
#11360 = EDGE_CURVE('',#11337,#11361,#11363,.T.);
#11361 = VERTEX_POINT('',#11362);
#11362 = CARTESIAN_POINT('',(109.,206.2,25.6));
#11363 = LINE('',#11364,#11365);
#11364 = CARTESIAN_POINT('',(109.,203.2,25.6));
#11365 = VECTOR('',#11366,1.);
#11366 = DIRECTION('',(-0.,1.,0.));
#11367 = ORIENTED_EDGE('',*,*,#11368,.F.);
#11368 = EDGE_CURVE('',#11306,#11361,#11369,.T.);
#11369 = LINE('',#11370,#11371);
#11370 = CARTESIAN_POINT('',(99.,206.2,25.6));
#11371 = VECTOR('',#11372,1.);
#11372 = DIRECTION('',(1.,0.,-0.));
#11373 = PLANE('',#11374);
#11374 = AXIS2_PLACEMENT_3D('',#11375,#11376,#11377);
#11375 = CARTESIAN_POINT('',(99.,203.2,25.6));
#11376 = DIRECTION('',(0.,0.,1.));
#11377 = DIRECTION('',(1.,0.,-0.));
#11378 = ADVANCED_FACE('',(#11379),#11397,.T.);
#11379 = FACE_BOUND('',#11380,.T.);
#11380 = EDGE_LOOP('',(#11381,#11389,#11390,#11391));
#11381 = ORIENTED_EDGE('',*,*,#11382,.F.);
#11382 = EDGE_CURVE('',#11298,#11383,#11385,.T.);
#11383 = VERTEX_POINT('',#11384);
#11384 = CARTESIAN_POINT('',(109.,206.2,3.6));
#11385 = LINE('',#11386,#11387);
#11386 = CARTESIAN_POINT('',(99.,206.2,3.6));
#11387 = VECTOR('',#11388,1.);
#11388 = DIRECTION('',(1.,0.,-0.));
#11389 = ORIENTED_EDGE('',*,*,#11305,.T.);
#11390 = ORIENTED_EDGE('',*,*,#11368,.T.);
#11391 = ORIENTED_EDGE('',*,*,#11392,.F.);
#11392 = EDGE_CURVE('',#11383,#11361,#11393,.T.);
#11393 = LINE('',#11394,#11395);
#11394 = CARTESIAN_POINT('',(109.,206.2,3.6));
#11395 = VECTOR('',#11396,1.);
#11396 = DIRECTION('',(0.,0.,1.));
#11397 = PLANE('',#11398);
#11398 = AXIS2_PLACEMENT_3D('',#11399,#11400,#11401);
#11399 = CARTESIAN_POINT('',(99.,206.2,3.6));
#11400 = DIRECTION('',(-0.,1.,0.));
#11401 = DIRECTION('',(0.,0.,1.));
#11402 = ADVANCED_FACE('',(#11403),#11414,.F.);
#11403 = FACE_BOUND('',#11404,.F.);
#11404 = EDGE_LOOP('',(#11405,#11406,#11407,#11413));
#11405 = ORIENTED_EDGE('',*,*,#11297,.F.);
#11406 = ORIENTED_EDGE('',*,*,#11327,.T.);
#11407 = ORIENTED_EDGE('',*,*,#11408,.T.);
#11408 = EDGE_CURVE('',#11328,#11383,#11409,.T.);
#11409 = LINE('',#11410,#11411);
#11410 = CARTESIAN_POINT('',(109.,203.2,3.6));
#11411 = VECTOR('',#11412,1.);
#11412 = DIRECTION('',(-0.,1.,0.));
#11413 = ORIENTED_EDGE('',*,*,#11382,.F.);
#11414 = PLANE('',#11415);
#11415 = AXIS2_PLACEMENT_3D('',#11416,#11417,#11418);
#11416 = CARTESIAN_POINT('',(99.,203.2,3.6));
#11417 = DIRECTION('',(0.,0.,1.));
#11418 = DIRECTION('',(1.,0.,-0.));
#11419 = ADVANCED_FACE('',(#11420),#11426,.T.);
#11420 = FACE_BOUND('',#11421,.T.);
#11421 = EDGE_LOOP('',(#11422,#11423,#11424,#11425));
#11422 = ORIENTED_EDGE('',*,*,#11344,.F.);
#11423 = ORIENTED_EDGE('',*,*,#11408,.T.);
#11424 = ORIENTED_EDGE('',*,*,#11392,.T.);
#11425 = ORIENTED_EDGE('',*,*,#11360,.F.);
#11426 = PLANE('',#11427);
#11427 = AXIS2_PLACEMENT_3D('',#11428,#11429,#11430);
#11428 = CARTESIAN_POINT('',(109.,203.2,3.6));
#11429 = DIRECTION('',(1.,0.,-0.));
#11430 = DIRECTION('',(0.,0.,1.));
#11431 = ORIENTED_CLOSED_SHELL('',*,#11432,.F.);
#11432 = CLOSED_SHELL('',(#11433,#11473,#11504,#11528,#11552,#11569));
#11433 = ADVANCED_FACE('',(#11434),#11468,.F.);
#11434 = FACE_BOUND('',#11435,.F.);
#11435 = EDGE_LOOP('',(#11436,#11446,#11454,#11462));
#11436 = ORIENTED_EDGE('',*,*,#11437,.F.);
#11437 = EDGE_CURVE('',#11438,#11440,#11442,.T.);
#11438 = VERTEX_POINT('',#11439);
#11439 = CARTESIAN_POINT('',(99.,211.4,3.6));
#11440 = VERTEX_POINT('',#11441);
#11441 = CARTESIAN_POINT('',(99.,211.4,25.6));
#11442 = LINE('',#11443,#11444);
#11443 = CARTESIAN_POINT('',(99.,211.4,3.6));
#11444 = VECTOR('',#11445,1.);
#11445 = DIRECTION('',(0.,0.,1.));
#11446 = ORIENTED_EDGE('',*,*,#11447,.T.);
#11447 = EDGE_CURVE('',#11438,#11448,#11450,.T.);
#11448 = VERTEX_POINT('',#11449);
#11449 = CARTESIAN_POINT('',(99.,214.4,3.6));
#11450 = LINE('',#11451,#11452);
#11451 = CARTESIAN_POINT('',(99.,211.4,3.6));
#11452 = VECTOR('',#11453,1.);
#11453 = DIRECTION('',(-0.,1.,0.));
#11454 = ORIENTED_EDGE('',*,*,#11455,.T.);
#11455 = EDGE_CURVE('',#11448,#11456,#11458,.T.);
#11456 = VERTEX_POINT('',#11457);
#11457 = CARTESIAN_POINT('',(99.,214.4,25.6));
#11458 = LINE('',#11459,#11460);
#11459 = CARTESIAN_POINT('',(99.,214.4,3.6));
#11460 = VECTOR('',#11461,1.);
#11461 = DIRECTION('',(0.,0.,1.));
#11462 = ORIENTED_EDGE('',*,*,#11463,.F.);
#11463 = EDGE_CURVE('',#11440,#11456,#11464,.T.);
#11464 = LINE('',#11465,#11466);
#11465 = CARTESIAN_POINT('',(99.,211.4,25.6));
#11466 = VECTOR('',#11467,1.);
#11467 = DIRECTION('',(-0.,1.,0.));
#11468 = PLANE('',#11469);
#11469 = AXIS2_PLACEMENT_3D('',#11470,#11471,#11472);
#11470 = CARTESIAN_POINT('',(99.,211.4,3.6));
#11471 = DIRECTION('',(1.,0.,-0.));
#11472 = DIRECTION('',(0.,0.,1.));
#11473 = ADVANCED_FACE('',(#11474),#11499,.F.);
#11474 = FACE_BOUND('',#11475,.F.);
#11475 = EDGE_LOOP('',(#11476,#11484,#11485,#11493));
#11476 = ORIENTED_EDGE('',*,*,#11477,.F.);
#11477 = EDGE_CURVE('',#11438,#11478,#11480,.T.);
#11478 = VERTEX_POINT('',#11479);
#11479 = CARTESIAN_POINT('',(109.,211.4,3.6));
#11480 = LINE('',#11481,#11482);
#11481 = CARTESIAN_POINT('',(99.,211.4,3.6));
#11482 = VECTOR('',#11483,1.);
#11483 = DIRECTION('',(1.,0.,-0.));
#11484 = ORIENTED_EDGE('',*,*,#11437,.T.);
#11485 = ORIENTED_EDGE('',*,*,#11486,.T.);
#11486 = EDGE_CURVE('',#11440,#11487,#11489,.T.);
#11487 = VERTEX_POINT('',#11488);
#11488 = CARTESIAN_POINT('',(109.,211.4,25.6));
#11489 = LINE('',#11490,#11491);
#11490 = CARTESIAN_POINT('',(99.,211.4,25.6));
#11491 = VECTOR('',#11492,1.);
#11492 = DIRECTION('',(1.,0.,-0.));
#11493 = ORIENTED_EDGE('',*,*,#11494,.F.);
#11494 = EDGE_CURVE('',#11478,#11487,#11495,.T.);
#11495 = LINE('',#11496,#11497);
#11496 = CARTESIAN_POINT('',(109.,211.4,3.6));
#11497 = VECTOR('',#11498,1.);
#11498 = DIRECTION('',(0.,0.,1.));
#11499 = PLANE('',#11500);
#11500 = AXIS2_PLACEMENT_3D('',#11501,#11502,#11503);
#11501 = CARTESIAN_POINT('',(99.,211.4,3.6));
#11502 = DIRECTION('',(-0.,1.,0.));
#11503 = DIRECTION('',(0.,0.,1.));
#11504 = ADVANCED_FACE('',(#11505),#11523,.T.);
#11505 = FACE_BOUND('',#11506,.T.);
#11506 = EDGE_LOOP('',(#11507,#11508,#11509,#11517));
#11507 = ORIENTED_EDGE('',*,*,#11463,.F.);
#11508 = ORIENTED_EDGE('',*,*,#11486,.T.);
#11509 = ORIENTED_EDGE('',*,*,#11510,.T.);
#11510 = EDGE_CURVE('',#11487,#11511,#11513,.T.);
#11511 = VERTEX_POINT('',#11512);
#11512 = CARTESIAN_POINT('',(109.,214.4,25.6));
#11513 = LINE('',#11514,#11515);
#11514 = CARTESIAN_POINT('',(109.,211.4,25.6));
#11515 = VECTOR('',#11516,1.);
#11516 = DIRECTION('',(-0.,1.,0.));
#11517 = ORIENTED_EDGE('',*,*,#11518,.F.);
#11518 = EDGE_CURVE('',#11456,#11511,#11519,.T.);
#11519 = LINE('',#11520,#11521);
#11520 = CARTESIAN_POINT('',(99.,214.4,25.6));
#11521 = VECTOR('',#11522,1.);
#11522 = DIRECTION('',(1.,0.,-0.));
#11523 = PLANE('',#11524);
#11524 = AXIS2_PLACEMENT_3D('',#11525,#11526,#11527);
#11525 = CARTESIAN_POINT('',(99.,211.4,25.6));
#11526 = DIRECTION('',(0.,0.,1.));
#11527 = DIRECTION('',(1.,0.,-0.));
#11528 = ADVANCED_FACE('',(#11529),#11547,.T.);
#11529 = FACE_BOUND('',#11530,.T.);
#11530 = EDGE_LOOP('',(#11531,#11539,#11540,#11541));
#11531 = ORIENTED_EDGE('',*,*,#11532,.F.);
#11532 = EDGE_CURVE('',#11448,#11533,#11535,.T.);
#11533 = VERTEX_POINT('',#11534);
#11534 = CARTESIAN_POINT('',(109.,214.4,3.6));
#11535 = LINE('',#11536,#11537);
#11536 = CARTESIAN_POINT('',(99.,214.4,3.6));
#11537 = VECTOR('',#11538,1.);
#11538 = DIRECTION('',(1.,0.,-0.));
#11539 = ORIENTED_EDGE('',*,*,#11455,.T.);
#11540 = ORIENTED_EDGE('',*,*,#11518,.T.);
#11541 = ORIENTED_EDGE('',*,*,#11542,.F.);
#11542 = EDGE_CURVE('',#11533,#11511,#11543,.T.);
#11543 = LINE('',#11544,#11545);
#11544 = CARTESIAN_POINT('',(109.,214.4,3.6));
#11545 = VECTOR('',#11546,1.);
#11546 = DIRECTION('',(0.,0.,1.));
#11547 = PLANE('',#11548);
#11548 = AXIS2_PLACEMENT_3D('',#11549,#11550,#11551);
#11549 = CARTESIAN_POINT('',(99.,214.4,3.6));
#11550 = DIRECTION('',(-0.,1.,0.));
#11551 = DIRECTION('',(0.,0.,1.));
#11552 = ADVANCED_FACE('',(#11553),#11564,.F.);
#11553 = FACE_BOUND('',#11554,.F.);
#11554 = EDGE_LOOP('',(#11555,#11556,#11557,#11563));
#11555 = ORIENTED_EDGE('',*,*,#11447,.F.);
#11556 = ORIENTED_EDGE('',*,*,#11477,.T.);
#11557 = ORIENTED_EDGE('',*,*,#11558,.T.);
#11558 = EDGE_CURVE('',#11478,#11533,#11559,.T.);
#11559 = LINE('',#11560,#11561);
#11560 = CARTESIAN_POINT('',(109.,211.4,3.6));
#11561 = VECTOR('',#11562,1.);
#11562 = DIRECTION('',(-0.,1.,0.));
#11563 = ORIENTED_EDGE('',*,*,#11532,.F.);
#11564 = PLANE('',#11565);
#11565 = AXIS2_PLACEMENT_3D('',#11566,#11567,#11568);
#11566 = CARTESIAN_POINT('',(99.,211.4,3.6));
#11567 = DIRECTION('',(0.,0.,1.));
#11568 = DIRECTION('',(1.,0.,-0.));
#11569 = ADVANCED_FACE('',(#11570),#11576,.T.);
#11570 = FACE_BOUND('',#11571,.T.);
#11571 = EDGE_LOOP('',(#11572,#11573,#11574,#11575));
#11572 = ORIENTED_EDGE('',*,*,#11494,.F.);
#11573 = ORIENTED_EDGE('',*,*,#11558,.T.);
#11574 = ORIENTED_EDGE('',*,*,#11542,.T.);
#11575 = ORIENTED_EDGE('',*,*,#11510,.F.);
#11576 = PLANE('',#11577);
#11577 = AXIS2_PLACEMENT_3D('',#11578,#11579,#11580);
#11578 = CARTESIAN_POINT('',(109.,211.4,3.6));
#11579 = DIRECTION('',(1.,0.,-0.));
#11580 = DIRECTION('',(0.,0.,1.));
#11581 = ORIENTED_CLOSED_SHELL('',*,#11582,.F.);
#11582 = CLOSED_SHELL('',(#11583,#11623,#11654,#11678,#11702,#11719));
#11583 = ADVANCED_FACE('',(#11584),#11618,.F.);
#11584 = FACE_BOUND('',#11585,.F.);
#11585 = EDGE_LOOP('',(#11586,#11596,#11604,#11612));
#11586 = ORIENTED_EDGE('',*,*,#11587,.F.);
#11587 = EDGE_CURVE('',#11588,#11590,#11592,.T.);
#11588 = VERTEX_POINT('',#11589);
#11589 = CARTESIAN_POINT('',(99.,219.6,3.6));
#11590 = VERTEX_POINT('',#11591);
#11591 = CARTESIAN_POINT('',(99.,219.6,25.6));
#11592 = LINE('',#11593,#11594);
#11593 = CARTESIAN_POINT('',(99.,219.6,3.6));
#11594 = VECTOR('',#11595,1.);
#11595 = DIRECTION('',(0.,0.,1.));
#11596 = ORIENTED_EDGE('',*,*,#11597,.T.);
#11597 = EDGE_CURVE('',#11588,#11598,#11600,.T.);
#11598 = VERTEX_POINT('',#11599);
#11599 = CARTESIAN_POINT('',(99.,222.6,3.6));
#11600 = LINE('',#11601,#11602);
#11601 = CARTESIAN_POINT('',(99.,219.6,3.6));
#11602 = VECTOR('',#11603,1.);
#11603 = DIRECTION('',(-0.,1.,0.));
#11604 = ORIENTED_EDGE('',*,*,#11605,.T.);
#11605 = EDGE_CURVE('',#11598,#11606,#11608,.T.);
#11606 = VERTEX_POINT('',#11607);
#11607 = CARTESIAN_POINT('',(99.,222.6,25.6));
#11608 = LINE('',#11609,#11610);
#11609 = CARTESIAN_POINT('',(99.,222.6,3.6));
#11610 = VECTOR('',#11611,1.);
#11611 = DIRECTION('',(0.,0.,1.));
#11612 = ORIENTED_EDGE('',*,*,#11613,.F.);
#11613 = EDGE_CURVE('',#11590,#11606,#11614,.T.);
#11614 = LINE('',#11615,#11616);
#11615 = CARTESIAN_POINT('',(99.,219.6,25.6));
#11616 = VECTOR('',#11617,1.);
#11617 = DIRECTION('',(-0.,1.,0.));
#11618 = PLANE('',#11619);
#11619 = AXIS2_PLACEMENT_3D('',#11620,#11621,#11622);
#11620 = CARTESIAN_POINT('',(99.,219.6,3.6));
#11621 = DIRECTION('',(1.,0.,-0.));
#11622 = DIRECTION('',(0.,0.,1.));
#11623 = ADVANCED_FACE('',(#11624),#11649,.F.);
#11624 = FACE_BOUND('',#11625,.F.);
#11625 = EDGE_LOOP('',(#11626,#11634,#11635,#11643));
#11626 = ORIENTED_EDGE('',*,*,#11627,.F.);
#11627 = EDGE_CURVE('',#11588,#11628,#11630,.T.);
#11628 = VERTEX_POINT('',#11629);
#11629 = CARTESIAN_POINT('',(109.,219.6,3.6));
#11630 = LINE('',#11631,#11632);
#11631 = CARTESIAN_POINT('',(99.,219.6,3.6));
#11632 = VECTOR('',#11633,1.);
#11633 = DIRECTION('',(1.,0.,-0.));
#11634 = ORIENTED_EDGE('',*,*,#11587,.T.);
#11635 = ORIENTED_EDGE('',*,*,#11636,.T.);
#11636 = EDGE_CURVE('',#11590,#11637,#11639,.T.);
#11637 = VERTEX_POINT('',#11638);
#11638 = CARTESIAN_POINT('',(109.,219.6,25.6));
#11639 = LINE('',#11640,#11641);
#11640 = CARTESIAN_POINT('',(99.,219.6,25.6));
#11641 = VECTOR('',#11642,1.);
#11642 = DIRECTION('',(1.,0.,-0.));
#11643 = ORIENTED_EDGE('',*,*,#11644,.F.);
#11644 = EDGE_CURVE('',#11628,#11637,#11645,.T.);
#11645 = LINE('',#11646,#11647);
#11646 = CARTESIAN_POINT('',(109.,219.6,3.6));
#11647 = VECTOR('',#11648,1.);
#11648 = DIRECTION('',(0.,0.,1.));
#11649 = PLANE('',#11650);
#11650 = AXIS2_PLACEMENT_3D('',#11651,#11652,#11653);
#11651 = CARTESIAN_POINT('',(99.,219.6,3.6));
#11652 = DIRECTION('',(-0.,1.,0.));
#11653 = DIRECTION('',(0.,0.,1.));
#11654 = ADVANCED_FACE('',(#11655),#11673,.T.);
#11655 = FACE_BOUND('',#11656,.T.);
#11656 = EDGE_LOOP('',(#11657,#11658,#11659,#11667));
#11657 = ORIENTED_EDGE('',*,*,#11613,.F.);
#11658 = ORIENTED_EDGE('',*,*,#11636,.T.);
#11659 = ORIENTED_EDGE('',*,*,#11660,.T.);
#11660 = EDGE_CURVE('',#11637,#11661,#11663,.T.);
#11661 = VERTEX_POINT('',#11662);
#11662 = CARTESIAN_POINT('',(109.,222.6,25.6));
#11663 = LINE('',#11664,#11665);
#11664 = CARTESIAN_POINT('',(109.,219.6,25.6));
#11665 = VECTOR('',#11666,1.);
#11666 = DIRECTION('',(-0.,1.,0.));
#11667 = ORIENTED_EDGE('',*,*,#11668,.F.);
#11668 = EDGE_CURVE('',#11606,#11661,#11669,.T.);
#11669 = LINE('',#11670,#11671);
#11670 = CARTESIAN_POINT('',(99.,222.6,25.6));
#11671 = VECTOR('',#11672,1.);
#11672 = DIRECTION('',(1.,0.,-0.));
#11673 = PLANE('',#11674);
#11674 = AXIS2_PLACEMENT_3D('',#11675,#11676,#11677);
#11675 = CARTESIAN_POINT('',(99.,219.6,25.6));
#11676 = DIRECTION('',(0.,0.,1.));
#11677 = DIRECTION('',(1.,0.,-0.));
#11678 = ADVANCED_FACE('',(#11679),#11697,.T.);
#11679 = FACE_BOUND('',#11680,.T.);
#11680 = EDGE_LOOP('',(#11681,#11689,#11690,#11691));
#11681 = ORIENTED_EDGE('',*,*,#11682,.F.);
#11682 = EDGE_CURVE('',#11598,#11683,#11685,.T.);
#11683 = VERTEX_POINT('',#11684);
#11684 = CARTESIAN_POINT('',(109.,222.6,3.6));
#11685 = LINE('',#11686,#11687);
#11686 = CARTESIAN_POINT('',(99.,222.6,3.6));
#11687 = VECTOR('',#11688,1.);
#11688 = DIRECTION('',(1.,0.,-0.));
#11689 = ORIENTED_EDGE('',*,*,#11605,.T.);
#11690 = ORIENTED_EDGE('',*,*,#11668,.T.);
#11691 = ORIENTED_EDGE('',*,*,#11692,.F.);
#11692 = EDGE_CURVE('',#11683,#11661,#11693,.T.);
#11693 = LINE('',#11694,#11695);
#11694 = CARTESIAN_POINT('',(109.,222.6,3.6));
#11695 = VECTOR('',#11696,1.);
#11696 = DIRECTION('',(0.,0.,1.));
#11697 = PLANE('',#11698);
#11698 = AXIS2_PLACEMENT_3D('',#11699,#11700,#11701);
#11699 = CARTESIAN_POINT('',(99.,222.6,3.6));
#11700 = DIRECTION('',(-0.,1.,0.));
#11701 = DIRECTION('',(0.,0.,1.));
#11702 = ADVANCED_FACE('',(#11703),#11714,.F.);
#11703 = FACE_BOUND('',#11704,.F.);
#11704 = EDGE_LOOP('',(#11705,#11706,#11707,#11713));
#11705 = ORIENTED_EDGE('',*,*,#11597,.F.);
#11706 = ORIENTED_EDGE('',*,*,#11627,.T.);
#11707 = ORIENTED_EDGE('',*,*,#11708,.T.);
#11708 = EDGE_CURVE('',#11628,#11683,#11709,.T.);
#11709 = LINE('',#11710,#11711);
#11710 = CARTESIAN_POINT('',(109.,219.6,3.6));
#11711 = VECTOR('',#11712,1.);
#11712 = DIRECTION('',(-0.,1.,0.));
#11713 = ORIENTED_EDGE('',*,*,#11682,.F.);
#11714 = PLANE('',#11715);
#11715 = AXIS2_PLACEMENT_3D('',#11716,#11717,#11718);
#11716 = CARTESIAN_POINT('',(99.,219.6,3.6));
#11717 = DIRECTION('',(0.,0.,1.));
#11718 = DIRECTION('',(1.,0.,-0.));
#11719 = ADVANCED_FACE('',(#11720),#11726,.T.);
#11720 = FACE_BOUND('',#11721,.T.);
#11721 = EDGE_LOOP('',(#11722,#11723,#11724,#11725));
#11722 = ORIENTED_EDGE('',*,*,#11644,.F.);
#11723 = ORIENTED_EDGE('',*,*,#11708,.T.);
#11724 = ORIENTED_EDGE('',*,*,#11692,.T.);
#11725 = ORIENTED_EDGE('',*,*,#11660,.F.);
#11726 = PLANE('',#11727);
#11727 = AXIS2_PLACEMENT_3D('',#11728,#11729,#11730);
#11728 = CARTESIAN_POINT('',(109.,219.6,3.6));
#11729 = DIRECTION('',(1.,0.,-0.));
#11730 = DIRECTION('',(0.,0.,1.));
#11731 = ORIENTED_CLOSED_SHELL('',*,#11732,.F.);
#11732 = CLOSED_SHELL('',(#11733,#11789,#11820,#11860,#11884,#11908,
    #11939,#11951,#11968));
#11733 = ADVANCED_FACE('',(#11734),#11784,.T.);
#11734 = FACE_BOUND('',#11735,.T.);
#11735 = EDGE_LOOP('',(#11736,#11746,#11754,#11762,#11770,#11778));
#11736 = ORIENTED_EDGE('',*,*,#11737,.F.);
#11737 = EDGE_CURVE('',#11738,#11740,#11742,.T.);
#11738 = VERTEX_POINT('',#11739);
#11739 = CARTESIAN_POINT('',(109.,230.2,3.6));
#11740 = VERTEX_POINT('',#11741);
#11741 = CARTESIAN_POINT('',(109.,230.2,14.6));
#11742 = LINE('',#11743,#11744);
#11743 = CARTESIAN_POINT('',(109.,230.2,1.6));
#11744 = VECTOR('',#11745,1.);
#11745 = DIRECTION('',(0.,0.,1.));
#11746 = ORIENTED_EDGE('',*,*,#11747,.T.);
#11747 = EDGE_CURVE('',#11738,#11748,#11750,.T.);
#11748 = VERTEX_POINT('',#11749);
#11749 = CARTESIAN_POINT('',(109.,230.8,3.6));
#11750 = LINE('',#11751,#11752);
#11751 = CARTESIAN_POINT('',(109.,227.8,3.6));
#11752 = VECTOR('',#11753,1.);
#11753 = DIRECTION('',(-0.,1.,0.));
#11754 = ORIENTED_EDGE('',*,*,#11755,.T.);
#11755 = EDGE_CURVE('',#11748,#11756,#11758,.T.);
#11756 = VERTEX_POINT('',#11757);
#11757 = CARTESIAN_POINT('',(109.,230.8,25.6));
#11758 = LINE('',#11759,#11760);
#11759 = CARTESIAN_POINT('',(109.,230.8,3.6));
#11760 = VECTOR('',#11761,1.);
#11761 = DIRECTION('',(0.,0.,1.));
#11762 = ORIENTED_EDGE('',*,*,#11763,.F.);
#11763 = EDGE_CURVE('',#11764,#11756,#11766,.T.);
#11764 = VERTEX_POINT('',#11765);
#11765 = CARTESIAN_POINT('',(109.,227.8,25.6));
#11766 = LINE('',#11767,#11768);
#11767 = CARTESIAN_POINT('',(109.,227.8,25.6));
#11768 = VECTOR('',#11769,1.);
#11769 = DIRECTION('',(-0.,1.,0.));
#11770 = ORIENTED_EDGE('',*,*,#11771,.F.);
#11771 = EDGE_CURVE('',#11772,#11764,#11774,.T.);
#11772 = VERTEX_POINT('',#11773);
#11773 = CARTESIAN_POINT('',(109.,227.8,14.6));
#11774 = LINE('',#11775,#11776);
#11775 = CARTESIAN_POINT('',(109.,227.8,3.6));
#11776 = VECTOR('',#11777,1.);
#11777 = DIRECTION('',(0.,0.,1.));
#11778 = ORIENTED_EDGE('',*,*,#11779,.T.);
#11779 = EDGE_CURVE('',#11772,#11740,#11780,.T.);
#11780 = LINE('',#11781,#11782);
#11781 = CARTESIAN_POINT('',(109.,224.,14.6));
#11782 = VECTOR('',#11783,1.);
#11783 = DIRECTION('',(-0.,1.,0.));
#11784 = PLANE('',#11785);
#11785 = AXIS2_PLACEMENT_3D('',#11786,#11787,#11788);
#11786 = CARTESIAN_POINT('',(109.,227.8,3.6));
#11787 = DIRECTION('',(1.,0.,-0.));
#11788 = DIRECTION('',(0.,0.,1.));
#11789 = ADVANCED_FACE('',(#11790),#11815,.F.);
#11790 = FACE_BOUND('',#11791,.F.);
#11791 = EDGE_LOOP('',(#11792,#11802,#11808,#11809));
#11792 = ORIENTED_EDGE('',*,*,#11793,.F.);
#11793 = EDGE_CURVE('',#11794,#11796,#11798,.T.);
#11794 = VERTEX_POINT('',#11795);
#11795 = CARTESIAN_POINT('',(104.,227.8,14.6));
#11796 = VERTEX_POINT('',#11797);
#11797 = CARTESIAN_POINT('',(104.,230.2,14.6));
#11798 = LINE('',#11799,#11800);
#11799 = CARTESIAN_POINT('',(104.,224.,14.6));
#11800 = VECTOR('',#11801,1.);
#11801 = DIRECTION('',(-0.,1.,0.));
#11802 = ORIENTED_EDGE('',*,*,#11803,.T.);
#11803 = EDGE_CURVE('',#11794,#11772,#11804,.T.);
#11804 = LINE('',#11805,#11806);
#11805 = CARTESIAN_POINT('',(101.5,227.8,14.6));
#11806 = VECTOR('',#11807,1.);
#11807 = DIRECTION('',(1.,0.,-0.));
#11808 = ORIENTED_EDGE('',*,*,#11779,.T.);
#11809 = ORIENTED_EDGE('',*,*,#11810,.F.);
#11810 = EDGE_CURVE('',#11796,#11740,#11811,.T.);
#11811 = LINE('',#11812,#11813);
#11812 = CARTESIAN_POINT('',(104.,230.2,14.6));
#11813 = VECTOR('',#11814,1.);
#11814 = DIRECTION('',(1.,0.,-0.));
#11815 = PLANE('',#11816);
#11816 = AXIS2_PLACEMENT_3D('',#11817,#11818,#11819);
#11817 = CARTESIAN_POINT('',(104.,224.,14.6));
#11818 = DIRECTION('',(0.,0.,1.));
#11819 = DIRECTION('',(1.,0.,-0.));
#11820 = ADVANCED_FACE('',(#11821),#11855,.F.);
#11821 = FACE_BOUND('',#11822,.F.);
#11822 = EDGE_LOOP('',(#11823,#11833,#11841,#11847,#11848,#11849));
#11823 = ORIENTED_EDGE('',*,*,#11824,.F.);
#11824 = EDGE_CURVE('',#11825,#11827,#11829,.T.);
#11825 = VERTEX_POINT('',#11826);
#11826 = CARTESIAN_POINT('',(99.,227.8,3.6));
#11827 = VERTEX_POINT('',#11828);
#11828 = CARTESIAN_POINT('',(104.,227.8,3.6));
#11829 = LINE('',#11830,#11831);
#11830 = CARTESIAN_POINT('',(99.,227.8,3.6));
#11831 = VECTOR('',#11832,1.);
#11832 = DIRECTION('',(1.,0.,-0.));
#11833 = ORIENTED_EDGE('',*,*,#11834,.T.);
#11834 = EDGE_CURVE('',#11825,#11835,#11837,.T.);
#11835 = VERTEX_POINT('',#11836);
#11836 = CARTESIAN_POINT('',(99.,227.8,25.6));
#11837 = LINE('',#11838,#11839);
#11838 = CARTESIAN_POINT('',(99.,227.8,3.6));
#11839 = VECTOR('',#11840,1.);
#11840 = DIRECTION('',(0.,0.,1.));
#11841 = ORIENTED_EDGE('',*,*,#11842,.T.);
#11842 = EDGE_CURVE('',#11835,#11764,#11843,.T.);
#11843 = LINE('',#11844,#11845);
#11844 = CARTESIAN_POINT('',(99.,227.8,25.6));
#11845 = VECTOR('',#11846,1.);
#11846 = DIRECTION('',(1.,0.,-0.));
#11847 = ORIENTED_EDGE('',*,*,#11771,.F.);
#11848 = ORIENTED_EDGE('',*,*,#11803,.F.);
#11849 = ORIENTED_EDGE('',*,*,#11850,.T.);
#11850 = EDGE_CURVE('',#11794,#11827,#11851,.T.);
#11851 = LINE('',#11852,#11853);
#11852 = CARTESIAN_POINT('',(104.,227.8,2.6));
#11853 = VECTOR('',#11854,1.);
#11854 = DIRECTION('',(-0.,0.,-1.));
#11855 = PLANE('',#11856);
#11856 = AXIS2_PLACEMENT_3D('',#11857,#11858,#11859);
#11857 = CARTESIAN_POINT('',(99.,227.8,3.6));
#11858 = DIRECTION('',(-0.,1.,0.));
#11859 = DIRECTION('',(0.,0.,1.));
#11860 = ADVANCED_FACE('',(#11861),#11879,.T.);
#11861 = FACE_BOUND('',#11862,.T.);
#11862 = EDGE_LOOP('',(#11863,#11871,#11872,#11873));
#11863 = ORIENTED_EDGE('',*,*,#11864,.F.);
#11864 = EDGE_CURVE('',#11835,#11865,#11867,.T.);
#11865 = VERTEX_POINT('',#11866);
#11866 = CARTESIAN_POINT('',(99.,230.8,25.6));
#11867 = LINE('',#11868,#11869);
#11868 = CARTESIAN_POINT('',(99.,227.8,25.6));
#11869 = VECTOR('',#11870,1.);
#11870 = DIRECTION('',(-0.,1.,0.));
#11871 = ORIENTED_EDGE('',*,*,#11842,.T.);
#11872 = ORIENTED_EDGE('',*,*,#11763,.T.);
#11873 = ORIENTED_EDGE('',*,*,#11874,.F.);
#11874 = EDGE_CURVE('',#11865,#11756,#11875,.T.);
#11875 = LINE('',#11876,#11877);
#11876 = CARTESIAN_POINT('',(99.,230.8,25.6));
#11877 = VECTOR('',#11878,1.);
#11878 = DIRECTION('',(1.,0.,-0.));
#11879 = PLANE('',#11880);
#11880 = AXIS2_PLACEMENT_3D('',#11881,#11882,#11883);
#11881 = CARTESIAN_POINT('',(99.,227.8,25.6));
#11882 = DIRECTION('',(0.,0.,1.));
#11883 = DIRECTION('',(1.,0.,-0.));
#11884 = ADVANCED_FACE('',(#11885),#11903,.T.);
#11885 = FACE_BOUND('',#11886,.T.);
#11886 = EDGE_LOOP('',(#11887,#11895,#11901,#11902));
#11887 = ORIENTED_EDGE('',*,*,#11888,.F.);
#11888 = EDGE_CURVE('',#11889,#11748,#11891,.T.);
#11889 = VERTEX_POINT('',#11890);
#11890 = CARTESIAN_POINT('',(99.,230.8,3.6));
#11891 = LINE('',#11892,#11893);
#11892 = CARTESIAN_POINT('',(99.,230.8,3.6));
#11893 = VECTOR('',#11894,1.);
#11894 = DIRECTION('',(1.,0.,-0.));
#11895 = ORIENTED_EDGE('',*,*,#11896,.T.);
#11896 = EDGE_CURVE('',#11889,#11865,#11897,.T.);
#11897 = LINE('',#11898,#11899);
#11898 = CARTESIAN_POINT('',(99.,230.8,3.6));
#11899 = VECTOR('',#11900,1.);
#11900 = DIRECTION('',(0.,0.,1.));
#11901 = ORIENTED_EDGE('',*,*,#11874,.T.);
#11902 = ORIENTED_EDGE('',*,*,#11755,.F.);
#11903 = PLANE('',#11904);
#11904 = AXIS2_PLACEMENT_3D('',#11905,#11906,#11907);
#11905 = CARTESIAN_POINT('',(99.,230.8,3.6));
#11906 = DIRECTION('',(-0.,1.,0.));
#11907 = DIRECTION('',(0.,0.,1.));
#11908 = ADVANCED_FACE('',(#11909),#11934,.F.);
#11909 = FACE_BOUND('',#11910,.F.);
#11910 = EDGE_LOOP('',(#11911,#11912,#11918,#11919,#11927,#11933));
#11911 = ORIENTED_EDGE('',*,*,#11888,.F.);
#11912 = ORIENTED_EDGE('',*,*,#11913,.F.);
#11913 = EDGE_CURVE('',#11825,#11889,#11914,.T.);
#11914 = LINE('',#11915,#11916);
#11915 = CARTESIAN_POINT('',(99.,227.8,3.6));
#11916 = VECTOR('',#11917,1.);
#11917 = DIRECTION('',(-0.,1.,0.));
#11918 = ORIENTED_EDGE('',*,*,#11824,.T.);
#11919 = ORIENTED_EDGE('',*,*,#11920,.T.);
#11920 = EDGE_CURVE('',#11827,#11921,#11923,.T.);
#11921 = VERTEX_POINT('',#11922);
#11922 = CARTESIAN_POINT('',(104.,230.2,3.6));
#11923 = LINE('',#11924,#11925);
#11924 = CARTESIAN_POINT('',(104.,225.9,3.6));
#11925 = VECTOR('',#11926,1.);
#11926 = DIRECTION('',(-0.,1.,0.));
#11927 = ORIENTED_EDGE('',*,*,#11928,.F.);
#11928 = EDGE_CURVE('',#11738,#11921,#11929,.T.);
#11929 = LINE('',#11930,#11931);
#11930 = CARTESIAN_POINT('',(101.5,230.2,3.6));
#11931 = VECTOR('',#11932,1.);
#11932 = DIRECTION('',(-1.,-0.,0.));
#11933 = ORIENTED_EDGE('',*,*,#11747,.T.);
#11934 = PLANE('',#11935);
#11935 = AXIS2_PLACEMENT_3D('',#11936,#11937,#11938);
#11936 = CARTESIAN_POINT('',(99.,227.8,3.6));
#11937 = DIRECTION('',(0.,0.,1.));
#11938 = DIRECTION('',(1.,0.,-0.));
#11939 = ADVANCED_FACE('',(#11940),#11946,.F.);
#11940 = FACE_BOUND('',#11941,.F.);
#11941 = EDGE_LOOP('',(#11942,#11943,#11944,#11945));
#11942 = ORIENTED_EDGE('',*,*,#11834,.F.);
#11943 = ORIENTED_EDGE('',*,*,#11913,.T.);
#11944 = ORIENTED_EDGE('',*,*,#11896,.T.);
#11945 = ORIENTED_EDGE('',*,*,#11864,.F.);
#11946 = PLANE('',#11947);
#11947 = AXIS2_PLACEMENT_3D('',#11948,#11949,#11950);
#11948 = CARTESIAN_POINT('',(99.,227.8,3.6));
#11949 = DIRECTION('',(1.,0.,-0.));
#11950 = DIRECTION('',(0.,0.,1.));
#11951 = ADVANCED_FACE('',(#11952),#11963,.F.);
#11952 = FACE_BOUND('',#11953,.F.);
#11953 = EDGE_LOOP('',(#11954,#11955,#11961,#11962));
#11954 = ORIENTED_EDGE('',*,*,#11928,.T.);
#11955 = ORIENTED_EDGE('',*,*,#11956,.T.);
#11956 = EDGE_CURVE('',#11921,#11796,#11957,.T.);
#11957 = LINE('',#11958,#11959);
#11958 = CARTESIAN_POINT('',(104.,230.2,1.6));
#11959 = VECTOR('',#11960,1.);
#11960 = DIRECTION('',(0.,0.,1.));
#11961 = ORIENTED_EDGE('',*,*,#11810,.T.);
#11962 = ORIENTED_EDGE('',*,*,#11737,.F.);
#11963 = PLANE('',#11964);
#11964 = AXIS2_PLACEMENT_3D('',#11965,#11966,#11967);
#11965 = CARTESIAN_POINT('',(106.5,230.2,9.1));
#11966 = DIRECTION('',(0.,1.,0.));
#11967 = DIRECTION('',(0.,-0.,1.));
#11968 = ADVANCED_FACE('',(#11969),#11975,.F.);
#11969 = FACE_BOUND('',#11970,.F.);
#11970 = EDGE_LOOP('',(#11971,#11972,#11973,#11974));
#11971 = ORIENTED_EDGE('',*,*,#11956,.F.);
#11972 = ORIENTED_EDGE('',*,*,#11920,.F.);
#11973 = ORIENTED_EDGE('',*,*,#11850,.F.);
#11974 = ORIENTED_EDGE('',*,*,#11793,.T.);
#11975 = PLANE('',#11976);
#11976 = AXIS2_PLACEMENT_3D('',#11977,#11978,#11979);
#11977 = CARTESIAN_POINT('',(104.,229.,9.1));
#11978 = DIRECTION('',(-1.,-0.,-0.));
#11979 = DIRECTION('',(0.,0.,-1.));
#11980 = ORIENTED_CLOSED_SHELL('',*,#11981,.F.);
#11981 = CLOSED_SHELL('',(#11982,#12022,#12069,#12093,#12133,#12150,
    #12172,#12184));
#11982 = ADVANCED_FACE('',(#11983),#12017,.T.);
#11983 = FACE_BOUND('',#11984,.T.);
#11984 = EDGE_LOOP('',(#11985,#11995,#12003,#12011));
#11985 = ORIENTED_EDGE('',*,*,#11986,.F.);
#11986 = EDGE_CURVE('',#11987,#11989,#11991,.T.);
#11987 = VERTEX_POINT('',#11988);
#11988 = CARTESIAN_POINT('',(109.,236.,14.6));
#11989 = VERTEX_POINT('',#11990);
#11990 = CARTESIAN_POINT('',(109.,236.,25.6));
#11991 = LINE('',#11992,#11993);
#11992 = CARTESIAN_POINT('',(109.,236.,3.6));
#11993 = VECTOR('',#11994,1.);
#11994 = DIRECTION('',(0.,0.,1.));
#11995 = ORIENTED_EDGE('',*,*,#11996,.T.);
#11996 = EDGE_CURVE('',#11987,#11997,#11999,.T.);
#11997 = VERTEX_POINT('',#11998);
#11998 = CARTESIAN_POINT('',(109.,239.,14.6));
#11999 = LINE('',#12000,#12001);
#12000 = CARTESIAN_POINT('',(109.,234.5,14.6));
#12001 = VECTOR('',#12002,1.);
#12002 = DIRECTION('',(-0.,1.,0.));
#12003 = ORIENTED_EDGE('',*,*,#12004,.T.);
#12004 = EDGE_CURVE('',#11997,#12005,#12007,.T.);
#12005 = VERTEX_POINT('',#12006);
#12006 = CARTESIAN_POINT('',(109.,239.,25.6));
#12007 = LINE('',#12008,#12009);
#12008 = CARTESIAN_POINT('',(109.,239.,3.6));
#12009 = VECTOR('',#12010,1.);
#12010 = DIRECTION('',(0.,0.,1.));
#12011 = ORIENTED_EDGE('',*,*,#12012,.F.);
#12012 = EDGE_CURVE('',#11989,#12005,#12013,.T.);
#12013 = LINE('',#12014,#12015);
#12014 = CARTESIAN_POINT('',(109.,236.,25.6));
#12015 = VECTOR('',#12016,1.);
#12016 = DIRECTION('',(-0.,1.,0.));
#12017 = PLANE('',#12018);
#12018 = AXIS2_PLACEMENT_3D('',#12019,#12020,#12021);
#12019 = CARTESIAN_POINT('',(109.,236.,3.6));
#12020 = DIRECTION('',(1.,0.,-0.));
#12021 = DIRECTION('',(0.,0.,1.));
#12022 = ADVANCED_FACE('',(#12023),#12064,.F.);
#12023 = FACE_BOUND('',#12024,.F.);
#12024 = EDGE_LOOP('',(#12025,#12035,#12043,#12049,#12050,#12058));
#12025 = ORIENTED_EDGE('',*,*,#12026,.F.);
#12026 = EDGE_CURVE('',#12027,#12029,#12031,.T.);
#12027 = VERTEX_POINT('',#12028);
#12028 = CARTESIAN_POINT('',(99.,236.,3.6));
#12029 = VERTEX_POINT('',#12030);
#12030 = CARTESIAN_POINT('',(104.,236.,3.6));
#12031 = LINE('',#12032,#12033);
#12032 = CARTESIAN_POINT('',(99.,236.,3.6));
#12033 = VECTOR('',#12034,1.);
#12034 = DIRECTION('',(1.,0.,-0.));
#12035 = ORIENTED_EDGE('',*,*,#12036,.T.);
#12036 = EDGE_CURVE('',#12027,#12037,#12039,.T.);
#12037 = VERTEX_POINT('',#12038);
#12038 = CARTESIAN_POINT('',(99.,236.,25.6));
#12039 = LINE('',#12040,#12041);
#12040 = CARTESIAN_POINT('',(99.,236.,3.6));
#12041 = VECTOR('',#12042,1.);
#12042 = DIRECTION('',(0.,0.,1.));
#12043 = ORIENTED_EDGE('',*,*,#12044,.T.);
#12044 = EDGE_CURVE('',#12037,#11989,#12045,.T.);
#12045 = LINE('',#12046,#12047);
#12046 = CARTESIAN_POINT('',(99.,236.,25.6));
#12047 = VECTOR('',#12048,1.);
#12048 = DIRECTION('',(1.,0.,-0.));
#12049 = ORIENTED_EDGE('',*,*,#11986,.F.);
#12050 = ORIENTED_EDGE('',*,*,#12051,.F.);
#12051 = EDGE_CURVE('',#12052,#11987,#12054,.T.);
#12052 = VERTEX_POINT('',#12053);
#12053 = CARTESIAN_POINT('',(104.,236.,14.6));
#12054 = LINE('',#12055,#12056);
#12055 = CARTESIAN_POINT('',(101.5,236.,14.6));
#12056 = VECTOR('',#12057,1.);
#12057 = DIRECTION('',(1.,0.,-0.));
#12058 = ORIENTED_EDGE('',*,*,#12059,.T.);
#12059 = EDGE_CURVE('',#12052,#12029,#12060,.T.);
#12060 = LINE('',#12061,#12062);
#12061 = CARTESIAN_POINT('',(104.,236.,2.6));
#12062 = VECTOR('',#12063,1.);
#12063 = DIRECTION('',(-0.,0.,-1.));
#12064 = PLANE('',#12065);
#12065 = AXIS2_PLACEMENT_3D('',#12066,#12067,#12068);
#12066 = CARTESIAN_POINT('',(99.,236.,3.6));
#12067 = DIRECTION('',(-0.,1.,0.));
#12068 = DIRECTION('',(0.,0.,1.));
#12069 = ADVANCED_FACE('',(#12070),#12088,.T.);
#12070 = FACE_BOUND('',#12071,.T.);
#12071 = EDGE_LOOP('',(#12072,#12080,#12081,#12082));
#12072 = ORIENTED_EDGE('',*,*,#12073,.F.);
#12073 = EDGE_CURVE('',#12037,#12074,#12076,.T.);
#12074 = VERTEX_POINT('',#12075);
#12075 = CARTESIAN_POINT('',(99.,239.,25.6));
#12076 = LINE('',#12077,#12078);
#12077 = CARTESIAN_POINT('',(99.,236.,25.6));
#12078 = VECTOR('',#12079,1.);
#12079 = DIRECTION('',(-0.,1.,0.));
#12080 = ORIENTED_EDGE('',*,*,#12044,.T.);
#12081 = ORIENTED_EDGE('',*,*,#12012,.T.);
#12082 = ORIENTED_EDGE('',*,*,#12083,.F.);
#12083 = EDGE_CURVE('',#12074,#12005,#12084,.T.);
#12084 = LINE('',#12085,#12086);
#12085 = CARTESIAN_POINT('',(99.,239.,25.6));
#12086 = VECTOR('',#12087,1.);
#12087 = DIRECTION('',(1.,0.,-0.));
#12088 = PLANE('',#12089);
#12089 = AXIS2_PLACEMENT_3D('',#12090,#12091,#12092);
#12090 = CARTESIAN_POINT('',(99.,236.,25.6));
#12091 = DIRECTION('',(0.,0.,1.));
#12092 = DIRECTION('',(1.,0.,-0.));
#12093 = ADVANCED_FACE('',(#12094),#12128,.T.);
#12094 = FACE_BOUND('',#12095,.T.);
#12095 = EDGE_LOOP('',(#12096,#12106,#12112,#12113,#12114,#12122));
#12096 = ORIENTED_EDGE('',*,*,#12097,.F.);
#12097 = EDGE_CURVE('',#12098,#12100,#12102,.T.);
#12098 = VERTEX_POINT('',#12099);
#12099 = CARTESIAN_POINT('',(99.,239.,3.6));
#12100 = VERTEX_POINT('',#12101);
#12101 = CARTESIAN_POINT('',(104.,239.,3.6));
#12102 = LINE('',#12103,#12104);
#12103 = CARTESIAN_POINT('',(99.,239.,3.6));
#12104 = VECTOR('',#12105,1.);
#12105 = DIRECTION('',(1.,0.,-0.));
#12106 = ORIENTED_EDGE('',*,*,#12107,.T.);
#12107 = EDGE_CURVE('',#12098,#12074,#12108,.T.);
#12108 = LINE('',#12109,#12110);
#12109 = CARTESIAN_POINT('',(99.,239.,3.6));
#12110 = VECTOR('',#12111,1.);
#12111 = DIRECTION('',(0.,0.,1.));
#12112 = ORIENTED_EDGE('',*,*,#12083,.T.);
#12113 = ORIENTED_EDGE('',*,*,#12004,.F.);
#12114 = ORIENTED_EDGE('',*,*,#12115,.F.);
#12115 = EDGE_CURVE('',#12116,#11997,#12118,.T.);
#12116 = VERTEX_POINT('',#12117);
#12117 = CARTESIAN_POINT('',(104.,239.,14.6));
#12118 = LINE('',#12119,#12120);
#12119 = CARTESIAN_POINT('',(101.5,239.,14.6));
#12120 = VECTOR('',#12121,1.);
#12121 = DIRECTION('',(1.,0.,-0.));
#12122 = ORIENTED_EDGE('',*,*,#12123,.T.);
#12123 = EDGE_CURVE('',#12116,#12100,#12124,.T.);
#12124 = LINE('',#12125,#12126);
#12125 = CARTESIAN_POINT('',(104.,239.,2.6));
#12126 = VECTOR('',#12127,1.);
#12127 = DIRECTION('',(-0.,0.,-1.));
#12128 = PLANE('',#12129);
#12129 = AXIS2_PLACEMENT_3D('',#12130,#12131,#12132);
#12130 = CARTESIAN_POINT('',(99.,239.,3.6));
#12131 = DIRECTION('',(-0.,1.,0.));
#12132 = DIRECTION('',(0.,0.,1.));
#12133 = ADVANCED_FACE('',(#12134),#12145,.F.);
#12134 = FACE_BOUND('',#12135,.F.);
#12135 = EDGE_LOOP('',(#12136,#12142,#12143,#12144));
#12136 = ORIENTED_EDGE('',*,*,#12137,.F.);
#12137 = EDGE_CURVE('',#12052,#12116,#12138,.T.);
#12138 = LINE('',#12139,#12140);
#12139 = CARTESIAN_POINT('',(104.,234.5,14.6));
#12140 = VECTOR('',#12141,1.);
#12141 = DIRECTION('',(-0.,1.,0.));
#12142 = ORIENTED_EDGE('',*,*,#12051,.T.);
#12143 = ORIENTED_EDGE('',*,*,#11996,.T.);
#12144 = ORIENTED_EDGE('',*,*,#12115,.F.);
#12145 = PLANE('',#12146);
#12146 = AXIS2_PLACEMENT_3D('',#12147,#12148,#12149);
#12147 = CARTESIAN_POINT('',(104.,234.5,14.6));
#12148 = DIRECTION('',(0.,0.,1.));
#12149 = DIRECTION('',(1.,0.,-0.));
#12150 = ADVANCED_FACE('',(#12151),#12167,.F.);
#12151 = FACE_BOUND('',#12152,.F.);
#12152 = EDGE_LOOP('',(#12153,#12154,#12160,#12161));
#12153 = ORIENTED_EDGE('',*,*,#12097,.F.);
#12154 = ORIENTED_EDGE('',*,*,#12155,.F.);
#12155 = EDGE_CURVE('',#12027,#12098,#12156,.T.);
#12156 = LINE('',#12157,#12158);
#12157 = CARTESIAN_POINT('',(99.,236.,3.6));
#12158 = VECTOR('',#12159,1.);
#12159 = DIRECTION('',(-0.,1.,0.));
#12160 = ORIENTED_EDGE('',*,*,#12026,.T.);
#12161 = ORIENTED_EDGE('',*,*,#12162,.T.);
#12162 = EDGE_CURVE('',#12029,#12100,#12163,.T.);
#12163 = LINE('',#12164,#12165);
#12164 = CARTESIAN_POINT('',(104.,235.25,3.6));
#12165 = VECTOR('',#12166,1.);
#12166 = DIRECTION('',(-0.,1.,0.));
#12167 = PLANE('',#12168);
#12168 = AXIS2_PLACEMENT_3D('',#12169,#12170,#12171);
#12169 = CARTESIAN_POINT('',(99.,236.,3.6));
#12170 = DIRECTION('',(0.,0.,1.));
#12171 = DIRECTION('',(1.,0.,-0.));
#12172 = ADVANCED_FACE('',(#12173),#12179,.F.);
#12173 = FACE_BOUND('',#12174,.F.);
#12174 = EDGE_LOOP('',(#12175,#12176,#12177,#12178));
#12175 = ORIENTED_EDGE('',*,*,#12036,.F.);
#12176 = ORIENTED_EDGE('',*,*,#12155,.T.);
#12177 = ORIENTED_EDGE('',*,*,#12107,.T.);
#12178 = ORIENTED_EDGE('',*,*,#12073,.F.);
#12179 = PLANE('',#12180);
#12180 = AXIS2_PLACEMENT_3D('',#12181,#12182,#12183);
#12181 = CARTESIAN_POINT('',(99.,236.,3.6));
#12182 = DIRECTION('',(1.,0.,-0.));
#12183 = DIRECTION('',(0.,0.,1.));
#12184 = ADVANCED_FACE('',(#12185),#12191,.F.);
#12185 = FACE_BOUND('',#12186,.F.);
#12186 = EDGE_LOOP('',(#12187,#12188,#12189,#12190));
#12187 = ORIENTED_EDGE('',*,*,#12123,.T.);
#12188 = ORIENTED_EDGE('',*,*,#12162,.F.);
#12189 = ORIENTED_EDGE('',*,*,#12059,.F.);
#12190 = ORIENTED_EDGE('',*,*,#12137,.T.);
#12191 = PLANE('',#12192);
#12192 = AXIS2_PLACEMENT_3D('',#12193,#12194,#12195);
#12193 = CARTESIAN_POINT('',(104.,237.5,9.1));
#12194 = DIRECTION('',(-1.,-0.,-0.));
#12195 = DIRECTION('',(0.,0.,-1.));
#12196 = ORIENTED_CLOSED_SHELL('',*,#12197,.F.);
#12197 = CLOSED_SHELL('',(#12198,#12254,#12285,#12325,#12349,#12387,
    #12404,#12416,#12433));
#12198 = ADVANCED_FACE('',(#12199),#12249,.T.);
#12199 = FACE_BOUND('',#12200,.T.);
#12200 = EDGE_LOOP('',(#12201,#12211,#12219,#12227,#12235,#12243));
#12201 = ORIENTED_EDGE('',*,*,#12202,.F.);
#12202 = EDGE_CURVE('',#12203,#12205,#12207,.T.);
#12203 = VERTEX_POINT('',#12204);
#12204 = CARTESIAN_POINT('',(109.,244.2,25.6));
#12205 = VERTEX_POINT('',#12206);
#12206 = CARTESIAN_POINT('',(109.,247.2,25.6));
#12207 = LINE('',#12208,#12209);
#12208 = CARTESIAN_POINT('',(109.,244.2,25.6));
#12209 = VECTOR('',#12210,1.);
#12210 = DIRECTION('',(-0.,1.,0.));
#12211 = ORIENTED_EDGE('',*,*,#12212,.F.);
#12212 = EDGE_CURVE('',#12213,#12203,#12215,.T.);
#12213 = VERTEX_POINT('',#12214);
#12214 = CARTESIAN_POINT('',(109.,244.2,3.6));
#12215 = LINE('',#12216,#12217);
#12216 = CARTESIAN_POINT('',(109.,244.2,3.6));
#12217 = VECTOR('',#12218,1.);
#12218 = DIRECTION('',(0.,0.,1.));
#12219 = ORIENTED_EDGE('',*,*,#12220,.T.);
#12220 = EDGE_CURVE('',#12213,#12221,#12223,.T.);
#12221 = VERTEX_POINT('',#12222);
#12222 = CARTESIAN_POINT('',(109.,245.,3.6));
#12223 = LINE('',#12224,#12225);
#12224 = CARTESIAN_POINT('',(109.,244.2,3.6));
#12225 = VECTOR('',#12226,1.);
#12226 = DIRECTION('',(-0.,1.,0.));
#12227 = ORIENTED_EDGE('',*,*,#12228,.T.);
#12228 = EDGE_CURVE('',#12221,#12229,#12231,.T.);
#12229 = VERTEX_POINT('',#12230);
#12230 = CARTESIAN_POINT('',(109.,245.,14.6));
#12231 = LINE('',#12232,#12233);
#12232 = CARTESIAN_POINT('',(109.,245.,1.6));
#12233 = VECTOR('',#12234,1.);
#12234 = DIRECTION('',(0.,0.,1.));
#12235 = ORIENTED_EDGE('',*,*,#12236,.T.);
#12236 = EDGE_CURVE('',#12229,#12237,#12239,.T.);
#12237 = VERTEX_POINT('',#12238);
#12238 = CARTESIAN_POINT('',(109.,247.2,14.6));
#12239 = LINE('',#12240,#12241);
#12240 = CARTESIAN_POINT('',(109.,245.,14.6));
#12241 = VECTOR('',#12242,1.);
#12242 = DIRECTION('',(-0.,1.,0.));
#12243 = ORIENTED_EDGE('',*,*,#12244,.T.);
#12244 = EDGE_CURVE('',#12237,#12205,#12245,.T.);
#12245 = LINE('',#12246,#12247);
#12246 = CARTESIAN_POINT('',(109.,247.2,3.6));
#12247 = VECTOR('',#12248,1.);
#12248 = DIRECTION('',(0.,0.,1.));
#12249 = PLANE('',#12250);
#12250 = AXIS2_PLACEMENT_3D('',#12251,#12252,#12253);
#12251 = CARTESIAN_POINT('',(109.,244.2,3.6));
#12252 = DIRECTION('',(1.,0.,-0.));
#12253 = DIRECTION('',(0.,0.,1.));
#12254 = ADVANCED_FACE('',(#12255),#12280,.T.);
#12255 = FACE_BOUND('',#12256,.T.);
#12256 = EDGE_LOOP('',(#12257,#12267,#12273,#12274));
#12257 = ORIENTED_EDGE('',*,*,#12258,.F.);
#12258 = EDGE_CURVE('',#12259,#12261,#12263,.T.);
#12259 = VERTEX_POINT('',#12260);
#12260 = CARTESIAN_POINT('',(99.,244.2,25.6));
#12261 = VERTEX_POINT('',#12262);
#12262 = CARTESIAN_POINT('',(99.,247.2,25.6));
#12263 = LINE('',#12264,#12265);
#12264 = CARTESIAN_POINT('',(99.,244.2,25.6));
#12265 = VECTOR('',#12266,1.);
#12266 = DIRECTION('',(-0.,1.,0.));
#12267 = ORIENTED_EDGE('',*,*,#12268,.T.);
#12268 = EDGE_CURVE('',#12259,#12203,#12269,.T.);
#12269 = LINE('',#12270,#12271);
#12270 = CARTESIAN_POINT('',(99.,244.2,25.6));
#12271 = VECTOR('',#12272,1.);
#12272 = DIRECTION('',(1.,0.,-0.));
#12273 = ORIENTED_EDGE('',*,*,#12202,.T.);
#12274 = ORIENTED_EDGE('',*,*,#12275,.F.);
#12275 = EDGE_CURVE('',#12261,#12205,#12276,.T.);
#12276 = LINE('',#12277,#12278);
#12277 = CARTESIAN_POINT('',(99.,247.2,25.6));
#12278 = VECTOR('',#12279,1.);
#12279 = DIRECTION('',(1.,0.,-0.));
#12280 = PLANE('',#12281);
#12281 = AXIS2_PLACEMENT_3D('',#12282,#12283,#12284);
#12282 = CARTESIAN_POINT('',(99.,244.2,25.6));
#12283 = DIRECTION('',(0.,0.,1.));
#12284 = DIRECTION('',(1.,0.,-0.));
#12285 = ADVANCED_FACE('',(#12286),#12320,.T.);
#12286 = FACE_BOUND('',#12287,.T.);
#12287 = EDGE_LOOP('',(#12288,#12298,#12304,#12305,#12306,#12314));
#12288 = ORIENTED_EDGE('',*,*,#12289,.F.);
#12289 = EDGE_CURVE('',#12290,#12292,#12294,.T.);
#12290 = VERTEX_POINT('',#12291);
#12291 = CARTESIAN_POINT('',(99.,247.2,3.6));
#12292 = VERTEX_POINT('',#12293);
#12293 = CARTESIAN_POINT('',(104.,247.2,3.6));
#12294 = LINE('',#12295,#12296);
#12295 = CARTESIAN_POINT('',(99.,247.2,3.6));
#12296 = VECTOR('',#12297,1.);
#12297 = DIRECTION('',(1.,0.,-0.));
#12298 = ORIENTED_EDGE('',*,*,#12299,.T.);
#12299 = EDGE_CURVE('',#12290,#12261,#12300,.T.);
#12300 = LINE('',#12301,#12302);
#12301 = CARTESIAN_POINT('',(99.,247.2,3.6));
#12302 = VECTOR('',#12303,1.);
#12303 = DIRECTION('',(0.,0.,1.));
#12304 = ORIENTED_EDGE('',*,*,#12275,.T.);
#12305 = ORIENTED_EDGE('',*,*,#12244,.F.);
#12306 = ORIENTED_EDGE('',*,*,#12307,.F.);
#12307 = EDGE_CURVE('',#12308,#12237,#12310,.T.);
#12308 = VERTEX_POINT('',#12309);
#12309 = CARTESIAN_POINT('',(104.,247.2,14.6));
#12310 = LINE('',#12311,#12312);
#12311 = CARTESIAN_POINT('',(101.5,247.2,14.6));
#12312 = VECTOR('',#12313,1.);
#12313 = DIRECTION('',(1.,0.,-0.));
#12314 = ORIENTED_EDGE('',*,*,#12315,.T.);
#12315 = EDGE_CURVE('',#12308,#12292,#12316,.T.);
#12316 = LINE('',#12317,#12318);
#12317 = CARTESIAN_POINT('',(104.,247.2,2.6));
#12318 = VECTOR('',#12319,1.);
#12319 = DIRECTION('',(-0.,0.,-1.));
#12320 = PLANE('',#12321);
#12321 = AXIS2_PLACEMENT_3D('',#12322,#12323,#12324);
#12322 = CARTESIAN_POINT('',(99.,247.2,3.6));
#12323 = DIRECTION('',(-0.,1.,0.));
#12324 = DIRECTION('',(0.,0.,1.));
#12325 = ADVANCED_FACE('',(#12326),#12344,.F.);
#12326 = FACE_BOUND('',#12327,.F.);
#12327 = EDGE_LOOP('',(#12328,#12336,#12342,#12343));
#12328 = ORIENTED_EDGE('',*,*,#12329,.F.);
#12329 = EDGE_CURVE('',#12330,#12308,#12332,.T.);
#12330 = VERTEX_POINT('',#12331);
#12331 = CARTESIAN_POINT('',(104.,245.,14.6));
#12332 = LINE('',#12333,#12334);
#12333 = CARTESIAN_POINT('',(104.,245.,14.6));
#12334 = VECTOR('',#12335,1.);
#12335 = DIRECTION('',(-0.,1.,0.));
#12336 = ORIENTED_EDGE('',*,*,#12337,.T.);
#12337 = EDGE_CURVE('',#12330,#12229,#12338,.T.);
#12338 = LINE('',#12339,#12340);
#12339 = CARTESIAN_POINT('',(104.,245.,14.6));
#12340 = VECTOR('',#12341,1.);
#12341 = DIRECTION('',(1.,0.,-0.));
#12342 = ORIENTED_EDGE('',*,*,#12236,.T.);
#12343 = ORIENTED_EDGE('',*,*,#12307,.F.);
#12344 = PLANE('',#12345);
#12345 = AXIS2_PLACEMENT_3D('',#12346,#12347,#12348);
#12346 = CARTESIAN_POINT('',(104.,245.,14.6));
#12347 = DIRECTION('',(0.,0.,1.));
#12348 = DIRECTION('',(1.,0.,-0.));
#12349 = ADVANCED_FACE('',(#12350),#12382,.F.);
#12350 = FACE_BOUND('',#12351,.F.);
#12351 = EDGE_LOOP('',(#12352,#12353,#12361,#12367,#12368,#12376));
#12352 = ORIENTED_EDGE('',*,*,#12289,.F.);
#12353 = ORIENTED_EDGE('',*,*,#12354,.F.);
#12354 = EDGE_CURVE('',#12355,#12290,#12357,.T.);
#12355 = VERTEX_POINT('',#12356);
#12356 = CARTESIAN_POINT('',(99.,244.2,3.6));
#12357 = LINE('',#12358,#12359);
#12358 = CARTESIAN_POINT('',(99.,244.2,3.6));
#12359 = VECTOR('',#12360,1.);
#12360 = DIRECTION('',(-0.,1.,0.));
#12361 = ORIENTED_EDGE('',*,*,#12362,.T.);
#12362 = EDGE_CURVE('',#12355,#12213,#12363,.T.);
#12363 = LINE('',#12364,#12365);
#12364 = CARTESIAN_POINT('',(99.,244.2,3.6));
#12365 = VECTOR('',#12366,1.);
#12366 = DIRECTION('',(1.,0.,-0.));
#12367 = ORIENTED_EDGE('',*,*,#12220,.T.);
#12368 = ORIENTED_EDGE('',*,*,#12369,.T.);
#12369 = EDGE_CURVE('',#12221,#12370,#12372,.T.);
#12370 = VERTEX_POINT('',#12371);
#12371 = CARTESIAN_POINT('',(104.,245.,3.6));
#12372 = LINE('',#12373,#12374);
#12373 = CARTESIAN_POINT('',(101.5,245.,3.6));
#12374 = VECTOR('',#12375,1.);
#12375 = DIRECTION('',(-1.,-0.,0.));
#12376 = ORIENTED_EDGE('',*,*,#12377,.T.);
#12377 = EDGE_CURVE('',#12370,#12292,#12378,.T.);
#12378 = LINE('',#12379,#12380);
#12379 = CARTESIAN_POINT('',(104.,244.6,3.6));
#12380 = VECTOR('',#12381,1.);
#12381 = DIRECTION('',(-0.,1.,0.));
#12382 = PLANE('',#12383);
#12383 = AXIS2_PLACEMENT_3D('',#12384,#12385,#12386);
#12384 = CARTESIAN_POINT('',(99.,244.2,3.6));
#12385 = DIRECTION('',(0.,0.,1.));
#12386 = DIRECTION('',(1.,0.,-0.));
#12387 = ADVANCED_FACE('',(#12388),#12399,.F.);
#12388 = FACE_BOUND('',#12389,.F.);
#12389 = EDGE_LOOP('',(#12390,#12391,#12397,#12398));
#12390 = ORIENTED_EDGE('',*,*,#12362,.F.);
#12391 = ORIENTED_EDGE('',*,*,#12392,.T.);
#12392 = EDGE_CURVE('',#12355,#12259,#12393,.T.);
#12393 = LINE('',#12394,#12395);
#12394 = CARTESIAN_POINT('',(99.,244.2,3.6));
#12395 = VECTOR('',#12396,1.);
#12396 = DIRECTION('',(0.,0.,1.));
#12397 = ORIENTED_EDGE('',*,*,#12268,.T.);
#12398 = ORIENTED_EDGE('',*,*,#12212,.F.);
#12399 = PLANE('',#12400);
#12400 = AXIS2_PLACEMENT_3D('',#12401,#12402,#12403);
#12401 = CARTESIAN_POINT('',(99.,244.2,3.6));
#12402 = DIRECTION('',(-0.,1.,0.));
#12403 = DIRECTION('',(0.,0.,1.));
#12404 = ADVANCED_FACE('',(#12405),#12411,.F.);
#12405 = FACE_BOUND('',#12406,.F.);
#12406 = EDGE_LOOP('',(#12407,#12408,#12409,#12410));
#12407 = ORIENTED_EDGE('',*,*,#12392,.F.);
#12408 = ORIENTED_EDGE('',*,*,#12354,.T.);
#12409 = ORIENTED_EDGE('',*,*,#12299,.T.);
#12410 = ORIENTED_EDGE('',*,*,#12258,.F.);
#12411 = PLANE('',#12412);
#12412 = AXIS2_PLACEMENT_3D('',#12413,#12414,#12415);
#12413 = CARTESIAN_POINT('',(99.,244.2,3.6));
#12414 = DIRECTION('',(1.,0.,-0.));
#12415 = DIRECTION('',(0.,0.,1.));
#12416 = ADVANCED_FACE('',(#12417),#12428,.F.);
#12417 = FACE_BOUND('',#12418,.F.);
#12418 = EDGE_LOOP('',(#12419,#12420,#12421,#12427));
#12419 = ORIENTED_EDGE('',*,*,#12228,.T.);
#12420 = ORIENTED_EDGE('',*,*,#12337,.F.);
#12421 = ORIENTED_EDGE('',*,*,#12422,.F.);
#12422 = EDGE_CURVE('',#12370,#12330,#12423,.T.);
#12423 = LINE('',#12424,#12425);
#12424 = CARTESIAN_POINT('',(104.,245.,1.6));
#12425 = VECTOR('',#12426,1.);
#12426 = DIRECTION('',(0.,0.,1.));
#12427 = ORIENTED_EDGE('',*,*,#12369,.F.);
#12428 = PLANE('',#12429);
#12429 = AXIS2_PLACEMENT_3D('',#12430,#12431,#12432);
#12430 = CARTESIAN_POINT('',(106.5,245.,9.1));
#12431 = DIRECTION('',(-0.,-1.,-0.));
#12432 = DIRECTION('',(0.,0.,-1.));
#12433 = ADVANCED_FACE('',(#12434),#12440,.F.);
#12434 = FACE_BOUND('',#12435,.F.);
#12435 = EDGE_LOOP('',(#12436,#12437,#12438,#12439));
#12436 = ORIENTED_EDGE('',*,*,#12422,.T.);
#12437 = ORIENTED_EDGE('',*,*,#12329,.T.);
#12438 = ORIENTED_EDGE('',*,*,#12315,.T.);
#12439 = ORIENTED_EDGE('',*,*,#12377,.F.);
#12440 = PLANE('',#12441);
#12441 = AXIS2_PLACEMENT_3D('',#12442,#12443,#12444);
#12442 = CARTESIAN_POINT('',(104.,246.1,9.1));
#12443 = DIRECTION('',(-1.,-0.,-0.));
#12444 = DIRECTION('',(0.,0.,-1.));
#12445 = ORIENTED_CLOSED_SHELL('',*,#12446,.F.);
#12446 = CLOSED_SHELL('',(#12447,#12487,#12518,#12542,#12566,#12583));
#12447 = ADVANCED_FACE('',(#12448),#12482,.F.);
#12448 = FACE_BOUND('',#12449,.F.);
#12449 = EDGE_LOOP('',(#12450,#12460,#12468,#12476));
#12450 = ORIENTED_EDGE('',*,*,#12451,.F.);
#12451 = EDGE_CURVE('',#12452,#12454,#12456,.T.);
#12452 = VERTEX_POINT('',#12453);
#12453 = CARTESIAN_POINT('',(99.,252.4,3.6));
#12454 = VERTEX_POINT('',#12455);
#12455 = CARTESIAN_POINT('',(99.,252.4,25.6));
#12456 = LINE('',#12457,#12458);
#12457 = CARTESIAN_POINT('',(99.,252.4,3.6));
#12458 = VECTOR('',#12459,1.);
#12459 = DIRECTION('',(0.,0.,1.));
#12460 = ORIENTED_EDGE('',*,*,#12461,.T.);
#12461 = EDGE_CURVE('',#12452,#12462,#12464,.T.);
#12462 = VERTEX_POINT('',#12463);
#12463 = CARTESIAN_POINT('',(99.,255.4,3.6));
#12464 = LINE('',#12465,#12466);
#12465 = CARTESIAN_POINT('',(99.,252.4,3.6));
#12466 = VECTOR('',#12467,1.);
#12467 = DIRECTION('',(-0.,1.,0.));
#12468 = ORIENTED_EDGE('',*,*,#12469,.T.);
#12469 = EDGE_CURVE('',#12462,#12470,#12472,.T.);
#12470 = VERTEX_POINT('',#12471);
#12471 = CARTESIAN_POINT('',(99.,255.4,25.6));
#12472 = LINE('',#12473,#12474);
#12473 = CARTESIAN_POINT('',(99.,255.4,3.6));
#12474 = VECTOR('',#12475,1.);
#12475 = DIRECTION('',(0.,0.,1.));
#12476 = ORIENTED_EDGE('',*,*,#12477,.F.);
#12477 = EDGE_CURVE('',#12454,#12470,#12478,.T.);
#12478 = LINE('',#12479,#12480);
#12479 = CARTESIAN_POINT('',(99.,252.4,25.6));
#12480 = VECTOR('',#12481,1.);
#12481 = DIRECTION('',(-0.,1.,0.));
#12482 = PLANE('',#12483);
#12483 = AXIS2_PLACEMENT_3D('',#12484,#12485,#12486);
#12484 = CARTESIAN_POINT('',(99.,252.4,3.6));
#12485 = DIRECTION('',(1.,0.,-0.));
#12486 = DIRECTION('',(0.,0.,1.));
#12487 = ADVANCED_FACE('',(#12488),#12513,.F.);
#12488 = FACE_BOUND('',#12489,.F.);
#12489 = EDGE_LOOP('',(#12490,#12498,#12499,#12507));
#12490 = ORIENTED_EDGE('',*,*,#12491,.F.);
#12491 = EDGE_CURVE('',#12452,#12492,#12494,.T.);
#12492 = VERTEX_POINT('',#12493);
#12493 = CARTESIAN_POINT('',(109.,252.4,3.6));
#12494 = LINE('',#12495,#12496);
#12495 = CARTESIAN_POINT('',(99.,252.4,3.6));
#12496 = VECTOR('',#12497,1.);
#12497 = DIRECTION('',(1.,0.,-0.));
#12498 = ORIENTED_EDGE('',*,*,#12451,.T.);
#12499 = ORIENTED_EDGE('',*,*,#12500,.T.);
#12500 = EDGE_CURVE('',#12454,#12501,#12503,.T.);
#12501 = VERTEX_POINT('',#12502);
#12502 = CARTESIAN_POINT('',(109.,252.4,25.6));
#12503 = LINE('',#12504,#12505);
#12504 = CARTESIAN_POINT('',(99.,252.4,25.6));
#12505 = VECTOR('',#12506,1.);
#12506 = DIRECTION('',(1.,0.,-0.));
#12507 = ORIENTED_EDGE('',*,*,#12508,.F.);
#12508 = EDGE_CURVE('',#12492,#12501,#12509,.T.);
#12509 = LINE('',#12510,#12511);
#12510 = CARTESIAN_POINT('',(109.,252.4,3.6));
#12511 = VECTOR('',#12512,1.);
#12512 = DIRECTION('',(0.,0.,1.));
#12513 = PLANE('',#12514);
#12514 = AXIS2_PLACEMENT_3D('',#12515,#12516,#12517);
#12515 = CARTESIAN_POINT('',(99.,252.4,3.6));
#12516 = DIRECTION('',(-0.,1.,0.));
#12517 = DIRECTION('',(0.,0.,1.));
#12518 = ADVANCED_FACE('',(#12519),#12537,.T.);
#12519 = FACE_BOUND('',#12520,.T.);
#12520 = EDGE_LOOP('',(#12521,#12522,#12523,#12531));
#12521 = ORIENTED_EDGE('',*,*,#12477,.F.);
#12522 = ORIENTED_EDGE('',*,*,#12500,.T.);
#12523 = ORIENTED_EDGE('',*,*,#12524,.T.);
#12524 = EDGE_CURVE('',#12501,#12525,#12527,.T.);
#12525 = VERTEX_POINT('',#12526);
#12526 = CARTESIAN_POINT('',(109.,255.4,25.6));
#12527 = LINE('',#12528,#12529);
#12528 = CARTESIAN_POINT('',(109.,252.4,25.6));
#12529 = VECTOR('',#12530,1.);
#12530 = DIRECTION('',(-0.,1.,0.));
#12531 = ORIENTED_EDGE('',*,*,#12532,.F.);
#12532 = EDGE_CURVE('',#12470,#12525,#12533,.T.);
#12533 = LINE('',#12534,#12535);
#12534 = CARTESIAN_POINT('',(99.,255.4,25.6));
#12535 = VECTOR('',#12536,1.);
#12536 = DIRECTION('',(1.,0.,-0.));
#12537 = PLANE('',#12538);
#12538 = AXIS2_PLACEMENT_3D('',#12539,#12540,#12541);
#12539 = CARTESIAN_POINT('',(99.,252.4,25.6));
#12540 = DIRECTION('',(0.,0.,1.));
#12541 = DIRECTION('',(1.,0.,-0.));
#12542 = ADVANCED_FACE('',(#12543),#12561,.T.);
#12543 = FACE_BOUND('',#12544,.T.);
#12544 = EDGE_LOOP('',(#12545,#12553,#12554,#12555));
#12545 = ORIENTED_EDGE('',*,*,#12546,.F.);
#12546 = EDGE_CURVE('',#12462,#12547,#12549,.T.);
#12547 = VERTEX_POINT('',#12548);
#12548 = CARTESIAN_POINT('',(109.,255.4,3.6));
#12549 = LINE('',#12550,#12551);
#12550 = CARTESIAN_POINT('',(99.,255.4,3.6));
#12551 = VECTOR('',#12552,1.);
#12552 = DIRECTION('',(1.,0.,-0.));
#12553 = ORIENTED_EDGE('',*,*,#12469,.T.);
#12554 = ORIENTED_EDGE('',*,*,#12532,.T.);
#12555 = ORIENTED_EDGE('',*,*,#12556,.F.);
#12556 = EDGE_CURVE('',#12547,#12525,#12557,.T.);
#12557 = LINE('',#12558,#12559);
#12558 = CARTESIAN_POINT('',(109.,255.4,3.6));
#12559 = VECTOR('',#12560,1.);
#12560 = DIRECTION('',(0.,0.,1.));
#12561 = PLANE('',#12562);
#12562 = AXIS2_PLACEMENT_3D('',#12563,#12564,#12565);
#12563 = CARTESIAN_POINT('',(99.,255.4,3.6));
#12564 = DIRECTION('',(-0.,1.,0.));
#12565 = DIRECTION('',(0.,0.,1.));
#12566 = ADVANCED_FACE('',(#12567),#12578,.F.);
#12567 = FACE_BOUND('',#12568,.F.);
#12568 = EDGE_LOOP('',(#12569,#12570,#12571,#12577));
#12569 = ORIENTED_EDGE('',*,*,#12461,.F.);
#12570 = ORIENTED_EDGE('',*,*,#12491,.T.);
#12571 = ORIENTED_EDGE('',*,*,#12572,.T.);
#12572 = EDGE_CURVE('',#12492,#12547,#12573,.T.);
#12573 = LINE('',#12574,#12575);
#12574 = CARTESIAN_POINT('',(109.,252.4,3.6));
#12575 = VECTOR('',#12576,1.);
#12576 = DIRECTION('',(-0.,1.,0.));
#12577 = ORIENTED_EDGE('',*,*,#12546,.F.);
#12578 = PLANE('',#12579);
#12579 = AXIS2_PLACEMENT_3D('',#12580,#12581,#12582);
#12580 = CARTESIAN_POINT('',(99.,252.4,3.6));
#12581 = DIRECTION('',(0.,0.,1.));
#12582 = DIRECTION('',(1.,0.,-0.));
#12583 = ADVANCED_FACE('',(#12584),#12590,.T.);
#12584 = FACE_BOUND('',#12585,.T.);
#12585 = EDGE_LOOP('',(#12586,#12587,#12588,#12589));
#12586 = ORIENTED_EDGE('',*,*,#12508,.F.);
#12587 = ORIENTED_EDGE('',*,*,#12572,.T.);
#12588 = ORIENTED_EDGE('',*,*,#12556,.T.);
#12589 = ORIENTED_EDGE('',*,*,#12524,.F.);
#12590 = PLANE('',#12591);
#12591 = AXIS2_PLACEMENT_3D('',#12592,#12593,#12594);
#12592 = CARTESIAN_POINT('',(109.,252.4,3.6));
#12593 = DIRECTION('',(1.,0.,-0.));
#12594 = DIRECTION('',(0.,0.,1.));
#12595 = ORIENTED_CLOSED_SHELL('',*,#12596,.F.);
#12596 = CLOSED_SHELL('',(#12597,#12653,#12684,#12724,#12748,#12772,
    #12803,#12815,#12832));
#12597 = ADVANCED_FACE('',(#12598),#12648,.T.);
#12598 = FACE_BOUND('',#12599,.T.);
#12599 = EDGE_LOOP('',(#12600,#12610,#12618,#12626,#12634,#12642));
#12600 = ORIENTED_EDGE('',*,*,#12601,.F.);
#12601 = EDGE_CURVE('',#12602,#12604,#12606,.T.);
#12602 = VERTEX_POINT('',#12603);
#12603 = CARTESIAN_POINT('',(109.,261.7,3.6));
#12604 = VERTEX_POINT('',#12605);
#12605 = CARTESIAN_POINT('',(109.,261.7,14.6));
#12606 = LINE('',#12607,#12608);
#12607 = CARTESIAN_POINT('',(109.,261.7,1.6));
#12608 = VECTOR('',#12609,1.);
#12609 = DIRECTION('',(0.,0.,1.));
#12610 = ORIENTED_EDGE('',*,*,#12611,.T.);
#12611 = EDGE_CURVE('',#12602,#12612,#12614,.T.);
#12612 = VERTEX_POINT('',#12613);
#12613 = CARTESIAN_POINT('',(109.,263.6,3.6));
#12614 = LINE('',#12615,#12616);
#12615 = CARTESIAN_POINT('',(109.,260.6,3.6));
#12616 = VECTOR('',#12617,1.);
#12617 = DIRECTION('',(-0.,1.,0.));
#12618 = ORIENTED_EDGE('',*,*,#12619,.T.);
#12619 = EDGE_CURVE('',#12612,#12620,#12622,.T.);
#12620 = VERTEX_POINT('',#12621);
#12621 = CARTESIAN_POINT('',(109.,263.6,25.6));
#12622 = LINE('',#12623,#12624);
#12623 = CARTESIAN_POINT('',(109.,263.6,3.6));
#12624 = VECTOR('',#12625,1.);
#12625 = DIRECTION('',(0.,0.,1.));
#12626 = ORIENTED_EDGE('',*,*,#12627,.F.);
#12627 = EDGE_CURVE('',#12628,#12620,#12630,.T.);
#12628 = VERTEX_POINT('',#12629);
#12629 = CARTESIAN_POINT('',(109.,260.6,25.6));
#12630 = LINE('',#12631,#12632);
#12631 = CARTESIAN_POINT('',(109.,260.6,25.6));
#12632 = VECTOR('',#12633,1.);
#12633 = DIRECTION('',(-0.,1.,0.));
#12634 = ORIENTED_EDGE('',*,*,#12635,.F.);
#12635 = EDGE_CURVE('',#12636,#12628,#12638,.T.);
#12636 = VERTEX_POINT('',#12637);
#12637 = CARTESIAN_POINT('',(109.,260.6,14.6));
#12638 = LINE('',#12639,#12640);
#12639 = CARTESIAN_POINT('',(109.,260.6,3.6));
#12640 = VECTOR('',#12641,1.);
#12641 = DIRECTION('',(0.,0.,1.));
#12642 = ORIENTED_EDGE('',*,*,#12643,.T.);
#12643 = EDGE_CURVE('',#12636,#12604,#12644,.T.);
#12644 = LINE('',#12645,#12646);
#12645 = CARTESIAN_POINT('',(109.,255.5,14.6));
#12646 = VECTOR('',#12647,1.);
#12647 = DIRECTION('',(-0.,1.,0.));
#12648 = PLANE('',#12649);
#12649 = AXIS2_PLACEMENT_3D('',#12650,#12651,#12652);
#12650 = CARTESIAN_POINT('',(109.,260.6,3.6));
#12651 = DIRECTION('',(1.,0.,-0.));
#12652 = DIRECTION('',(0.,0.,1.));
#12653 = ADVANCED_FACE('',(#12654),#12679,.F.);
#12654 = FACE_BOUND('',#12655,.F.);
#12655 = EDGE_LOOP('',(#12656,#12666,#12672,#12673));
#12656 = ORIENTED_EDGE('',*,*,#12657,.F.);
#12657 = EDGE_CURVE('',#12658,#12660,#12662,.T.);
#12658 = VERTEX_POINT('',#12659);
#12659 = CARTESIAN_POINT('',(104.,260.6,14.6));
#12660 = VERTEX_POINT('',#12661);
#12661 = CARTESIAN_POINT('',(104.,261.7,14.6));
#12662 = LINE('',#12663,#12664);
#12663 = CARTESIAN_POINT('',(104.,255.5,14.6));
#12664 = VECTOR('',#12665,1.);
#12665 = DIRECTION('',(-0.,1.,0.));
#12666 = ORIENTED_EDGE('',*,*,#12667,.T.);
#12667 = EDGE_CURVE('',#12658,#12636,#12668,.T.);
#12668 = LINE('',#12669,#12670);
#12669 = CARTESIAN_POINT('',(101.5,260.6,14.6));
#12670 = VECTOR('',#12671,1.);
#12671 = DIRECTION('',(1.,0.,-0.));
#12672 = ORIENTED_EDGE('',*,*,#12643,.T.);
#12673 = ORIENTED_EDGE('',*,*,#12674,.F.);
#12674 = EDGE_CURVE('',#12660,#12604,#12675,.T.);
#12675 = LINE('',#12676,#12677);
#12676 = CARTESIAN_POINT('',(104.,261.7,14.6));
#12677 = VECTOR('',#12678,1.);
#12678 = DIRECTION('',(1.,0.,-0.));
#12679 = PLANE('',#12680);
#12680 = AXIS2_PLACEMENT_3D('',#12681,#12682,#12683);
#12681 = CARTESIAN_POINT('',(104.,255.5,14.6));
#12682 = DIRECTION('',(0.,0.,1.));
#12683 = DIRECTION('',(1.,0.,-0.));
#12684 = ADVANCED_FACE('',(#12685),#12719,.F.);
#12685 = FACE_BOUND('',#12686,.F.);
#12686 = EDGE_LOOP('',(#12687,#12697,#12705,#12711,#12712,#12713));
#12687 = ORIENTED_EDGE('',*,*,#12688,.F.);
#12688 = EDGE_CURVE('',#12689,#12691,#12693,.T.);
#12689 = VERTEX_POINT('',#12690);
#12690 = CARTESIAN_POINT('',(99.,260.6,3.6));
#12691 = VERTEX_POINT('',#12692);
#12692 = CARTESIAN_POINT('',(104.,260.6,3.6));
#12693 = LINE('',#12694,#12695);
#12694 = CARTESIAN_POINT('',(99.,260.6,3.6));
#12695 = VECTOR('',#12696,1.);
#12696 = DIRECTION('',(1.,0.,-0.));
#12697 = ORIENTED_EDGE('',*,*,#12698,.T.);
#12698 = EDGE_CURVE('',#12689,#12699,#12701,.T.);
#12699 = VERTEX_POINT('',#12700);
#12700 = CARTESIAN_POINT('',(99.,260.6,25.6));
#12701 = LINE('',#12702,#12703);
#12702 = CARTESIAN_POINT('',(99.,260.6,3.6));
#12703 = VECTOR('',#12704,1.);
#12704 = DIRECTION('',(0.,0.,1.));
#12705 = ORIENTED_EDGE('',*,*,#12706,.T.);
#12706 = EDGE_CURVE('',#12699,#12628,#12707,.T.);
#12707 = LINE('',#12708,#12709);
#12708 = CARTESIAN_POINT('',(99.,260.6,25.6));
#12709 = VECTOR('',#12710,1.);
#12710 = DIRECTION('',(1.,0.,-0.));
#12711 = ORIENTED_EDGE('',*,*,#12635,.F.);
#12712 = ORIENTED_EDGE('',*,*,#12667,.F.);
#12713 = ORIENTED_EDGE('',*,*,#12714,.T.);
#12714 = EDGE_CURVE('',#12658,#12691,#12715,.T.);
#12715 = LINE('',#12716,#12717);
#12716 = CARTESIAN_POINT('',(104.,260.6,2.6));
#12717 = VECTOR('',#12718,1.);
#12718 = DIRECTION('',(-0.,0.,-1.));
#12719 = PLANE('',#12720);
#12720 = AXIS2_PLACEMENT_3D('',#12721,#12722,#12723);
#12721 = CARTESIAN_POINT('',(99.,260.6,3.6));
#12722 = DIRECTION('',(-0.,1.,0.));
#12723 = DIRECTION('',(0.,0.,1.));
#12724 = ADVANCED_FACE('',(#12725),#12743,.T.);
#12725 = FACE_BOUND('',#12726,.T.);
#12726 = EDGE_LOOP('',(#12727,#12735,#12736,#12737));
#12727 = ORIENTED_EDGE('',*,*,#12728,.F.);
#12728 = EDGE_CURVE('',#12699,#12729,#12731,.T.);
#12729 = VERTEX_POINT('',#12730);
#12730 = CARTESIAN_POINT('',(99.,263.6,25.6));
#12731 = LINE('',#12732,#12733);
#12732 = CARTESIAN_POINT('',(99.,260.6,25.6));
#12733 = VECTOR('',#12734,1.);
#12734 = DIRECTION('',(-0.,1.,0.));
#12735 = ORIENTED_EDGE('',*,*,#12706,.T.);
#12736 = ORIENTED_EDGE('',*,*,#12627,.T.);
#12737 = ORIENTED_EDGE('',*,*,#12738,.F.);
#12738 = EDGE_CURVE('',#12729,#12620,#12739,.T.);
#12739 = LINE('',#12740,#12741);
#12740 = CARTESIAN_POINT('',(99.,263.6,25.6));
#12741 = VECTOR('',#12742,1.);
#12742 = DIRECTION('',(1.,0.,-0.));
#12743 = PLANE('',#12744);
#12744 = AXIS2_PLACEMENT_3D('',#12745,#12746,#12747);
#12745 = CARTESIAN_POINT('',(99.,260.6,25.6));
#12746 = DIRECTION('',(0.,0.,1.));
#12747 = DIRECTION('',(1.,0.,-0.));
#12748 = ADVANCED_FACE('',(#12749),#12767,.T.);
#12749 = FACE_BOUND('',#12750,.T.);
#12750 = EDGE_LOOP('',(#12751,#12759,#12765,#12766));
#12751 = ORIENTED_EDGE('',*,*,#12752,.F.);
#12752 = EDGE_CURVE('',#12753,#12612,#12755,.T.);
#12753 = VERTEX_POINT('',#12754);
#12754 = CARTESIAN_POINT('',(99.,263.6,3.6));
#12755 = LINE('',#12756,#12757);
#12756 = CARTESIAN_POINT('',(99.,263.6,3.6));
#12757 = VECTOR('',#12758,1.);
#12758 = DIRECTION('',(1.,0.,-0.));
#12759 = ORIENTED_EDGE('',*,*,#12760,.T.);
#12760 = EDGE_CURVE('',#12753,#12729,#12761,.T.);
#12761 = LINE('',#12762,#12763);
#12762 = CARTESIAN_POINT('',(99.,263.6,3.6));
#12763 = VECTOR('',#12764,1.);
#12764 = DIRECTION('',(0.,0.,1.));
#12765 = ORIENTED_EDGE('',*,*,#12738,.T.);
#12766 = ORIENTED_EDGE('',*,*,#12619,.F.);
#12767 = PLANE('',#12768);
#12768 = AXIS2_PLACEMENT_3D('',#12769,#12770,#12771);
#12769 = CARTESIAN_POINT('',(99.,263.6,3.6));
#12770 = DIRECTION('',(-0.,1.,0.));
#12771 = DIRECTION('',(0.,0.,1.));
#12772 = ADVANCED_FACE('',(#12773),#12798,.F.);
#12773 = FACE_BOUND('',#12774,.F.);
#12774 = EDGE_LOOP('',(#12775,#12776,#12782,#12783,#12791,#12797));
#12775 = ORIENTED_EDGE('',*,*,#12752,.F.);
#12776 = ORIENTED_EDGE('',*,*,#12777,.F.);
#12777 = EDGE_CURVE('',#12689,#12753,#12778,.T.);
#12778 = LINE('',#12779,#12780);
#12779 = CARTESIAN_POINT('',(99.,260.6,3.6));
#12780 = VECTOR('',#12781,1.);
#12781 = DIRECTION('',(-0.,1.,0.));
#12782 = ORIENTED_EDGE('',*,*,#12688,.T.);
#12783 = ORIENTED_EDGE('',*,*,#12784,.T.);
#12784 = EDGE_CURVE('',#12691,#12785,#12787,.T.);
#12785 = VERTEX_POINT('',#12786);
#12786 = CARTESIAN_POINT('',(104.,261.7,3.6));
#12787 = LINE('',#12788,#12789);
#12788 = CARTESIAN_POINT('',(104.,258.05,3.6));
#12789 = VECTOR('',#12790,1.);
#12790 = DIRECTION('',(-0.,1.,0.));
#12791 = ORIENTED_EDGE('',*,*,#12792,.F.);
#12792 = EDGE_CURVE('',#12602,#12785,#12793,.T.);
#12793 = LINE('',#12794,#12795);
#12794 = CARTESIAN_POINT('',(101.5,261.7,3.6));
#12795 = VECTOR('',#12796,1.);
#12796 = DIRECTION('',(-1.,-0.,0.));
#12797 = ORIENTED_EDGE('',*,*,#12611,.T.);
#12798 = PLANE('',#12799);
#12799 = AXIS2_PLACEMENT_3D('',#12800,#12801,#12802);
#12800 = CARTESIAN_POINT('',(99.,260.6,3.6));
#12801 = DIRECTION('',(0.,0.,1.));
#12802 = DIRECTION('',(1.,0.,-0.));
#12803 = ADVANCED_FACE('',(#12804),#12810,.F.);
#12804 = FACE_BOUND('',#12805,.F.);
#12805 = EDGE_LOOP('',(#12806,#12807,#12808,#12809));
#12806 = ORIENTED_EDGE('',*,*,#12698,.F.);
#12807 = ORIENTED_EDGE('',*,*,#12777,.T.);
#12808 = ORIENTED_EDGE('',*,*,#12760,.T.);
#12809 = ORIENTED_EDGE('',*,*,#12728,.F.);
#12810 = PLANE('',#12811);
#12811 = AXIS2_PLACEMENT_3D('',#12812,#12813,#12814);
#12812 = CARTESIAN_POINT('',(99.,260.6,3.6));
#12813 = DIRECTION('',(1.,0.,-0.));
#12814 = DIRECTION('',(0.,0.,1.));
#12815 = ADVANCED_FACE('',(#12816),#12827,.F.);
#12816 = FACE_BOUND('',#12817,.F.);
#12817 = EDGE_LOOP('',(#12818,#12819,#12825,#12826));
#12818 = ORIENTED_EDGE('',*,*,#12792,.T.);
#12819 = ORIENTED_EDGE('',*,*,#12820,.T.);
#12820 = EDGE_CURVE('',#12785,#12660,#12821,.T.);
#12821 = LINE('',#12822,#12823);
#12822 = CARTESIAN_POINT('',(104.,261.7,1.6));
#12823 = VECTOR('',#12824,1.);
#12824 = DIRECTION('',(0.,0.,1.));
#12825 = ORIENTED_EDGE('',*,*,#12674,.T.);
#12826 = ORIENTED_EDGE('',*,*,#12601,.F.);
#12827 = PLANE('',#12828);
#12828 = AXIS2_PLACEMENT_3D('',#12829,#12830,#12831);
#12829 = CARTESIAN_POINT('',(106.5,261.7,9.1));
#12830 = DIRECTION('',(0.,1.,0.));
#12831 = DIRECTION('',(0.,-0.,1.));
#12832 = ADVANCED_FACE('',(#12833),#12839,.F.);
#12833 = FACE_BOUND('',#12834,.F.);
#12834 = EDGE_LOOP('',(#12835,#12836,#12837,#12838));
#12835 = ORIENTED_EDGE('',*,*,#12820,.F.);
#12836 = ORIENTED_EDGE('',*,*,#12784,.F.);
#12837 = ORIENTED_EDGE('',*,*,#12714,.F.);
#12838 = ORIENTED_EDGE('',*,*,#12657,.T.);
#12839 = PLANE('',#12840);
#12840 = AXIS2_PLACEMENT_3D('',#12841,#12842,#12843);
#12841 = CARTESIAN_POINT('',(104.,261.15,9.1));
#12842 = DIRECTION('',(-1.,-0.,-0.));
#12843 = DIRECTION('',(0.,0.,-1.));
#12844 = ( GEOMETRIC_REPRESENTATION_CONTEXT(3) 
GLOBAL_UNCERTAINTY_ASSIGNED_CONTEXT((#12848)) 
GLOBAL_UNIT_ASSIGNED_CONTEXT((#12845,#12846,#12847)) 
REPRESENTATION_CONTEXT('Context #1',
  '3D Context with UNIT and UNCERTAINTY') );
#12845 = ( LENGTH_UNIT() NAMED_UNIT(*) SI_UNIT(.MILLI.,.METRE.) );
#12846 = ( NAMED_UNIT(*) PLANE_ANGLE_UNIT() SI_UNIT($,.RADIAN.) );
#12847 = ( NAMED_UNIT(*) SI_UNIT($,.STERADIAN.) SOLID_ANGLE_UNIT() );
#12848 = UNCERTAINTY_MEASURE_WITH_UNIT(LENGTH_MEASURE(1.E-07),#12845,
  'distance_accuracy_value','confusion accuracy');
#12849 = PRODUCT_RELATED_PRODUCT_CATEGORY('part',$,(#7));
ENDSEC;
END-ISO-10303-21;
