ISO-10303-21;
HEADER;
FILE_DESCRIPTION(('FreeCAD Model'),'2;1');
FILE_NAME('Open CASCADE Shape Model','2026-10-02T13:58:46',('FreeCAD'),(
    'FreeCAD'),'Open CASCADE STEP processor 7.8','FreeCAD','Unknown');
FILE_SCHEMA(('AUTOMOTIVE_DESIGN { 1 0 10303 214 1 1 1 1 }'));
ENDSEC;
DATA;
#1 = APPLICATION_PROTOCOL_DEFINITION('international standard',
  'automotive_design',2000,#2);
#2 = APPLICATION_CONTEXT(
  'core data for automotive mechanical design processes');
#3 = SHAPE_DEFINITION_REPRESENTATION(#4,#10);
#4 = PRODUCT_DEFINITION_SHAPE('','',#5);
#5 = PRODUCT_DEFINITION('design','',#6,#9);
#6 = PRODUCT_DEFINITION_FORMATION('','',#7);
#7 = PRODUCT('Open CASCADE STEP translator 7.8 1',
  'Open CASCADE STEP translator 7.8 1','',(#8));
#8 = PRODUCT_CONTEXT('',#2,'mechanical');
#9 = PRODUCT_DEFINITION_CONTEXT('part definition',#2,'design');
#10 = ADVANCED_BREP_SHAPE_REPRESENTATION('',(#11,#15),#23139);
#11 = AXIS2_PLACEMENT_3D('',#12,#13,#14);
#12 = CARTESIAN_POINT('',(0.,0.,0.));
#13 = DIRECTION('',(0.,0.,1.));
#14 = DIRECTION('',(1.,0.,-0.));
#15 = MANIFOLD_SOLID_BREP('',#16);
#16 = CLOSED_SHELL('',(#17,#57,#2838,#2862,#5702,#5719,#5741,#5753,#5770
    ,#5787,#5804,#5821,#5838,#5855,#5867,#5898,#5922,#5946,#5963,#5994,
    #6018,#6042,#6059,#6090,#6114,#6138,#6155,#6186,#6210,#6234,#6251,
    #6282,#6306,#6330,#6347,#6378,#6402,#6426,#6443,#6474,#6498,#6522,
    #6539,#6570,#6594,#6618,#6635,#6666,#6690,#6714,#6731,#6762,#6786,
    #6810,#6827,#6858,#6882,#6906,#6923,#6954,#6978,#7002,#7019,#7050,
    #7074,#7098,#7115,#7146,#7170,#7194,#7211,#7242,#7266,#7290,#7307,
    #7338,#7362,#7386,#7403,#7434,#7458,#7482,#7499,#7530,#7554,#7578,
    #7595,#7626,#7650,#7674,#7691,#7722,#7746,#7770,#7787,#7818,#7842,
    #7866,#7883,#7914,#7938,#7962,#7979,#8010,#8034,#8058,#8075,#8106,
    #8130,#8154,#8171,#8202,#8226,#8250,#8267,#8298,#8322,#8346,#8363,
    #8394,#8418,#8442,#8459,#8490,#8514,#8538,#8555,#8586,#8610,#8634,
    #8651,#8682,#8706,#8730,#8747,#8778,#8802,#8826,#8843,#8874,#8898,
    #8922,#8939,#8970,#8994,#9018,#9035,#9066,#9090,#9114,#9131,#9162,
    #9186,#9210,#9227,#9258,#9282,#9306,#9323,#9354,#9378,#9402,#9419,
    #9450,#9474,#9498,#9515,#9546,#9570,#9594,#9611,#9642,#9666,#9690,
    #9707,#9738,#9762,#9786,#9803,#9834,#9858,#9882,#9899,#9930,#9954,
    #9978,#9995,#10026,#10050,#10074,#10091,#10122,#10146,#10170,#10187,
    #10218,#10242,#10266,#10283,#10314,#10338,#10362,#10379,#10410,
    #10434,#10458,#10475,#10506,#10530,#10554,#10571,#10602,#10626,
    #10650,#10667,#10698,#10722,#10746,#10763,#10794,#10818,#10842,
    #10859,#10890,#10914,#10938,#10955,#10986,#11010,#11034,#11051,
    #11082,#11106,#11130,#11147,#11178,#11202,#11226,#11243,#11274,
    #11298,#11322,#11339,#11370,#11394,#11418,#11435,#11466,#11490,
    #11514,#11531,#11562,#11586,#11610,#11627,#11658,#11682,#11706,
    #11723,#11754,#11778,#11802,#11819,#11850,#11874,#11898,#11915,
    #11946,#11970,#11994,#12011,#12042,#12066,#12090,#12107,#12138,
    #12162,#12186,#12203,#12234,#12258,#12282,#12299,#12330,#12354,
    #12378,#12395,#12426,#12450,#12474,#12491,#12522,#12546,#12570,
    #12587,#12618,#12642,#12666,#12683,#12714,#12738,#12762,#12779,
    #12810,#12834,#12858,#12875,#12906,#12930,#12954,#12971,#13002,
    #13026,#13050,#13067,#13098,#13122,#13146,#13163,#13194,#13218,
    #13242,#13259,#13290,#13314,#13338,#13355,#13386,#13410,#13434,
    #13451,#13482,#13506,#13530,#13547,#13578,#13602,#13626,#13643,
    #13674,#13698,#13722,#13739,#13770,#13794,#13818,#13835,#13866,
    #13890,#13914,#13931,#13962,#13986,#14010,#14027,#14058,#14082,
    #14106,#14123,#14154,#14178,#14202,#14219,#14250,#14274,#14298,
    #14315,#14346,#14370,#14394,#14411,#14442,#14466,#14490,#14507,
    #14538,#14562,#14586,#14603,#14634,#14658,#14682,#14699,#14730,
    #14754,#14778,#14795,#14826,#14850,#14874,#14891,#14922,#14946,
    #14970,#14987,#15018,#15042,#15066,#15083,#15114,#15138,#15162,
    #15179,#15210,#15234,#15258,#15275,#15306,#15330,#15354,#15371,
    #15402,#15426,#15450,#15467,#15498,#15522,#15546,#15563,#15594,
    #15618,#15642,#15659,#15690,#15714,#15738,#15755,#15786,#15810,
    #15834,#15851,#15882,#15906,#15930,#15947,#15978,#16002,#16026,
    #16043,#16074,#16098,#16122,#16139,#16170,#16194,#16218,#16235,
    #16266,#16290,#16314,#16331,#16362,#16386,#16410,#16427,#16458,
    #16482,#16506,#16523,#16554,#16578,#16602,#16619,#16650,#16674,
    #16698,#16715,#16746,#16770,#16794,#16811,#16842,#16866,#16890,
    #16907,#16938,#16962,#16986,#17003,#17034,#17058,#17082,#17099,
    #17130,#17154,#17178,#17202,#17226,#17250,#17274,#17291,#17322,
    #17346,#17370,#17387,#17418,#17442,#17466,#17483,#17514,#17538,
    #17562,#17579,#17610,#17634,#17658,#17675,#17706,#17730,#17754,
    #17771,#17802,#17826,#17850,#17867,#17898,#17922,#17946,#17963,
    #17994,#18018,#18042,#18059,#18090,#18114,#18138,#18155,#18186,
    #18210,#18234,#18251,#18282,#18306,#18330,#18347,#18378,#18402,
    #18426,#18443,#18474,#18498,#18522,#18539,#18570,#18594,#18618,
    #18635,#18666,#18690,#18714,#18731,#18762,#18786,#18810,#18827,
    #18858,#18882,#18906,#18923,#18954,#18978,#19002,#19019,#19050,
    #19074,#19098,#19115,#19146,#19170,#19194,#19211,#19242,#19266,
    #19290,#19307,#19338,#19362,#19386,#19403,#19434,#19458,#19482,
    #19499,#19530,#19554,#19578,#19595,#19626,#19650,#19674,#19691,
    #19722,#19746,#19770,#19787,#19818,#19842,#19866,#19883,#19914,
    #19938,#19962,#19979,#20010,#20034,#20058,#20075,#20106,#20130,
    #20154,#20171,#20202,#20226,#20250,#20267,#20298,#20322,#20346,
    #20363,#20394,#20418,#20442,#20459,#20490,#20514,#20538,#20555,
    #20586,#20610,#20634,#20651,#20682,#20706,#20730,#20747,#20778,
    #20802,#20826,#20843,#20874,#20898,#20922,#20939,#20970,#20994,
    #21018,#21035,#21066,#21090,#21114,#21131,#21162,#21186,#21210,
    #21227,#21239,#21251,#21263,#21275,#21287,#21299,#21311,#21323,
    #21335,#21347,#21359,#21371,#21383,#21395,#21407,#21419,#21431,
    #21443,#21455,#21467,#21479,#21491,#21503,#21515,#21527,#21539,
    #21551,#21563,#21575,#21587,#21599,#21611,#21623,#21635,#21647,
    #21659,#21671,#21683,#21695,#21707,#21719,#21731,#21743,#21755,
    #21767,#21779,#21791,#21803,#21815,#21827,#21839,#21851,#21863,
    #21875,#21887,#21899,#21911,#21923,#21935,#21947,#21959,#21971,
    #21983,#21995,#22007,#22019,#22031,#22043,#22055,#22067,#22079,
    #22091,#22103,#22115,#22127,#22139,#22151,#22163,#22175,#22187,
    #22199,#22211,#22223,#22235,#22247,#22259,#22271,#22283,#22295,
    #22307,#22319,#22331,#22343,#22355,#22367,#22379,#22391,#22403,
    #22415,#22427,#22439,#22451,#22463,#22475,#22487,#22499,#22511,
    #22523,#22535,#22547,#22559,#22571,#22583,#22595,#22607,#22619,
    #22631,#22643,#22655,#22667,#22679,#22691,#22703,#22715,#22727,
    #22739,#22751,#22763,#22775,#22787,#22799,#22811,#22823,#22835,
    #22847,#22859,#22871,#22883,#22895,#22907,#22919,#22931,#22943,
    #22955,#22967,#22979,#22991,#23003,#23015,#23027,#23039,#23051,
    #23063,#23075,#23087,#23099,#23111,#23123));
#17 = ADVANCED_FACE('',(#18),#52,.F.);
#18 = FACE_BOUND('',#19,.F.);
#19 = EDGE_LOOP('',(#20,#30,#38,#46));
#20 = ORIENTED_EDGE('',*,*,#21,.F.);
#21 = EDGE_CURVE('',#22,#24,#26,.T.);
#22 = VERTEX_POINT('',#23);
#23 = CARTESIAN_POINT('',(0.,0.,1.9));
#24 = VERTEX_POINT('',#25);
#25 = CARTESIAN_POINT('',(0.,0.,31.25));
#26 = LINE('',#27,#28);
#27 = CARTESIAN_POINT('',(0.,0.,0.));
#28 = VECTOR('',#29,1.);
#29 = DIRECTION('',(0.,0.,1.));
#30 = ORIENTED_EDGE('',*,*,#31,.T.);
#31 = EDGE_CURVE('',#22,#32,#34,.T.);
#32 = VERTEX_POINT('',#33);
#33 = CARTESIAN_POINT('',(0.,1.2,1.9));
#34 = LINE('',#35,#36);
#35 = CARTESIAN_POINT('',(0.,-1.,1.9));
#36 = VECTOR('',#37,1.);
#37 = DIRECTION('',(-0.,1.,0.));
#38 = ORIENTED_EDGE('',*,*,#39,.T.);
#39 = EDGE_CURVE('',#32,#40,#42,.T.);
#40 = VERTEX_POINT('',#41);
#41 = CARTESIAN_POINT('',(0.,1.2,31.25));
#42 = LINE('',#43,#44);
#43 = CARTESIAN_POINT('',(0.,1.2,0.));
#44 = VECTOR('',#45,1.);
#45 = DIRECTION('',(0.,0.,1.));
#46 = ORIENTED_EDGE('',*,*,#47,.F.);
#47 = EDGE_CURVE('',#24,#40,#48,.T.);
#48 = LINE('',#49,#50);
#49 = CARTESIAN_POINT('',(0.,0.,31.25));
#50 = VECTOR('',#51,1.);
#51 = DIRECTION('',(-0.,1.,0.));
#52 = PLANE('',#53);
#53 = AXIS2_PLACEMENT_3D('',#54,#55,#56);
#54 = CARTESIAN_POINT('',(0.,0.,0.));
#55 = DIRECTION('',(1.,0.,-0.));
#56 = DIRECTION('',(0.,0.,1.));
#57 = ADVANCED_FACE('',(#58,#147,#181,#215,#249,#283,#317,#351,#385,#419
    ,#453,#487,#521,#555,#589,#623,#657,#691,#725,#759,#793,#827,#861,
    #895,#929,#963,#997,#1031,#1065,#1099,#1133,#1167,#1201,#1235,#1269,
    #1303,#1337,#1371,#1405,#1439,#1473,#1507,#1541,#1575,#1609,#1643,
    #1677,#1711,#1745,#1779,#1813,#1847,#1881,#1915,#1949,#1983,#2017,
    #2051,#2085,#2119,#2153,#2187,#2221,#2255,#2289,#2323,#2357,#2391,
    #2425,#2459,#2493,#2527,#2561,#2595,#2629,#2663,#2697,#2731,#2765,
    #2799),#2833,.F.);
#58 = FACE_BOUND('',#59,.F.);
#59 = EDGE_LOOP('',(#60,#70,#78,#84,#85,#93,#101,#109,#117,#125,#133,
    #141));
#60 = ORIENTED_EDGE('',*,*,#61,.F.);
#61 = EDGE_CURVE('',#62,#64,#66,.T.);
#62 = VERTEX_POINT('',#63);
#63 = CARTESIAN_POINT('',(1.4,0.,0.));
#64 = VERTEX_POINT('',#65);
#65 = CARTESIAN_POINT('',(62.00775,0.,0.));
#66 = LINE('',#67,#68);
#67 = CARTESIAN_POINT('',(0.,0.,0.));
#68 = VECTOR('',#69,1.);
#69 = DIRECTION('',(1.,0.,-0.));
#70 = ORIENTED_EDGE('',*,*,#71,.F.);
#71 = EDGE_CURVE('',#72,#62,#74,.T.);
#72 = VERTEX_POINT('',#73);
#73 = CARTESIAN_POINT('',(1.4,0.,1.9));
#74 = LINE('',#75,#76);
#75 = CARTESIAN_POINT('',(1.4,0.,-5.E-02));
#76 = VECTOR('',#77,1.);
#77 = DIRECTION('',(-0.,0.,-1.));
#78 = ORIENTED_EDGE('',*,*,#79,.F.);
#79 = EDGE_CURVE('',#22,#72,#80,.T.);
#80 = LINE('',#81,#82);
#81 = CARTESIAN_POINT('',(0.,0.,1.9));
#82 = VECTOR('',#83,1.);
#83 = DIRECTION('',(1.,0.,-0.));
#84 = ORIENTED_EDGE('',*,*,#21,.T.);
#85 = ORIENTED_EDGE('',*,*,#86,.T.);
#86 = EDGE_CURVE('',#24,#87,#89,.T.);
#87 = VERTEX_POINT('',#88);
#88 = CARTESIAN_POINT('',(133.35,0.,31.25));
#89 = LINE('',#90,#91);
#90 = CARTESIAN_POINT('',(0.,0.,31.25));
#91 = VECTOR('',#92,1.);
#92 = DIRECTION('',(1.,0.,-0.));
#93 = ORIENTED_EDGE('',*,*,#94,.F.);
#94 = EDGE_CURVE('',#95,#87,#97,.T.);
#95 = VERTEX_POINT('',#96);
#96 = CARTESIAN_POINT('',(133.35,0.,1.9));
#97 = LINE('',#98,#99);
#98 = CARTESIAN_POINT('',(133.35,0.,0.));
#99 = VECTOR('',#100,1.);
#100 = DIRECTION('',(0.,0.,1.));
#101 = ORIENTED_EDGE('',*,*,#102,.F.);
#102 = EDGE_CURVE('',#103,#95,#105,.T.);
#103 = VERTEX_POINT('',#104);
#104 = CARTESIAN_POINT('',(131.95,0.,1.9));
#105 = LINE('',#106,#107);
#106 = CARTESIAN_POINT('',(65.975,0.,1.9));
#107 = VECTOR('',#108,1.);
#108 = DIRECTION('',(1.,0.,-0.));
#109 = ORIENTED_EDGE('',*,*,#110,.T.);
#110 = EDGE_CURVE('',#103,#111,#113,.T.);
#111 = VERTEX_POINT('',#112);
#112 = CARTESIAN_POINT('',(131.95,0.,0.));
#113 = LINE('',#114,#115);
#114 = CARTESIAN_POINT('',(131.95,0.,-5.E-02));
#115 = VECTOR('',#116,1.);
#116 = DIRECTION('',(-0.,0.,-1.));
#117 = ORIENTED_EDGE('',*,*,#118,.F.);
#118 = EDGE_CURVE('',#119,#111,#121,.T.);
#119 = VERTEX_POINT('',#120);
#120 = CARTESIAN_POINT('',(64.00775,0.,0.));
#121 = LINE('',#122,#123);
#122 = CARTESIAN_POINT('',(0.,0.,0.));
#123 = VECTOR('',#124,1.);
#124 = DIRECTION('',(1.,0.,-0.));
#125 = ORIENTED_EDGE('',*,*,#126,.F.);
#126 = EDGE_CURVE('',#127,#119,#129,.T.);
#127 = VERTEX_POINT('',#128);
#128 = CARTESIAN_POINT('',(64.00775,0.,3.9));
#129 = LINE('',#130,#131);
#130 = CARTESIAN_POINT('',(64.00775,0.,-5.E-02));
#131 = VECTOR('',#132,1.);
#132 = DIRECTION('',(-0.,0.,-1.));
#133 = ORIENTED_EDGE('',*,*,#134,.F.);
#134 = EDGE_CURVE('',#135,#127,#137,.T.);
#135 = VERTEX_POINT('',#136);
#136 = CARTESIAN_POINT('',(62.00775,0.,3.9));
#137 = LINE('',#138,#139);
#138 = CARTESIAN_POINT('',(31.003875,0.,3.9));
#139 = VECTOR('',#140,1.);
#140 = DIRECTION('',(1.,0.,-0.));
#141 = ORIENTED_EDGE('',*,*,#142,.T.);
#142 = EDGE_CURVE('',#135,#64,#143,.T.);
#143 = LINE('',#144,#145);
#144 = CARTESIAN_POINT('',(62.00775,0.,-5.E-02));
#145 = VECTOR('',#146,1.);
#146 = DIRECTION('',(-0.,0.,-1.));
#147 = FACE_BOUND('',#148,.F.);
#148 = EDGE_LOOP('',(#149,#159,#167,#175));
#149 = ORIENTED_EDGE('',*,*,#150,.F.);
#150 = EDGE_CURVE('',#151,#153,#155,.T.);
#151 = VERTEX_POINT('',#152);
#152 = CARTESIAN_POINT('',(4.,0.,0.5));
#153 = VERTEX_POINT('',#154);
#154 = CARTESIAN_POINT('',(4.,0.,3.9));
#155 = LINE('',#156,#157);
#156 = CARTESIAN_POINT('',(4.,0.,0.5));
#157 = VECTOR('',#158,1.);
#158 = DIRECTION('',(0.,0.,1.));
#159 = ORIENTED_EDGE('',*,*,#160,.T.);
#160 = EDGE_CURVE('',#151,#161,#163,.T.);
#161 = VERTEX_POINT('',#162);
#162 = CARTESIAN_POINT('',(5.05,0.,0.5));
#163 = LINE('',#164,#165);
#164 = CARTESIAN_POINT('',(4.,0.,0.5));
#165 = VECTOR('',#166,1.);
#166 = DIRECTION('',(1.,0.,-0.));
#167 = ORIENTED_EDGE('',*,*,#168,.T.);
#168 = EDGE_CURVE('',#161,#169,#171,.T.);
#169 = VERTEX_POINT('',#170);
#170 = CARTESIAN_POINT('',(5.05,0.,3.9));
#171 = LINE('',#172,#173);
#172 = CARTESIAN_POINT('',(5.05,0.,0.5));
#173 = VECTOR('',#174,1.);
#174 = DIRECTION('',(0.,0.,1.));
#175 = ORIENTED_EDGE('',*,*,#176,.F.);
#176 = EDGE_CURVE('',#153,#169,#177,.T.);
#177 = LINE('',#178,#179);
#178 = CARTESIAN_POINT('',(4.,0.,3.9));
#179 = VECTOR('',#180,1.);
#180 = DIRECTION('',(1.,0.,-0.));
#181 = FACE_BOUND('',#182,.F.);
#182 = EDGE_LOOP('',(#183,#193,#201,#209));
#183 = ORIENTED_EDGE('',*,*,#184,.F.);
#184 = EDGE_CURVE('',#185,#187,#189,.T.);
#185 = VERTEX_POINT('',#186);
#186 = CARTESIAN_POINT('',(5.72,0.,0.5));
#187 = VERTEX_POINT('',#188);
#188 = CARTESIAN_POINT('',(5.72,0.,3.9));
#189 = LINE('',#190,#191);
#190 = CARTESIAN_POINT('',(5.72,0.,0.5));
#191 = VECTOR('',#192,1.);
#192 = DIRECTION('',(0.,0.,1.));
#193 = ORIENTED_EDGE('',*,*,#194,.T.);
#194 = EDGE_CURVE('',#185,#195,#197,.T.);
#195 = VERTEX_POINT('',#196);
#196 = CARTESIAN_POINT('',(6.77,0.,0.5));
#197 = LINE('',#198,#199);
#198 = CARTESIAN_POINT('',(5.72,0.,0.5));
#199 = VECTOR('',#200,1.);
#200 = DIRECTION('',(1.,0.,-0.));
#201 = ORIENTED_EDGE('',*,*,#202,.T.);
#202 = EDGE_CURVE('',#195,#203,#205,.T.);
#203 = VERTEX_POINT('',#204);
#204 = CARTESIAN_POINT('',(6.77,0.,3.9));
#205 = LINE('',#206,#207);
#206 = CARTESIAN_POINT('',(6.77,0.,0.5));
#207 = VECTOR('',#208,1.);
#208 = DIRECTION('',(0.,0.,1.));
#209 = ORIENTED_EDGE('',*,*,#210,.F.);
#210 = EDGE_CURVE('',#187,#203,#211,.T.);
#211 = LINE('',#212,#213);
#212 = CARTESIAN_POINT('',(5.72,0.,3.9));
#213 = VECTOR('',#214,1.);
#214 = DIRECTION('',(1.,0.,-0.));
#215 = FACE_BOUND('',#216,.F.);
#216 = EDGE_LOOP('',(#217,#227,#235,#243));
#217 = ORIENTED_EDGE('',*,*,#218,.F.);
#218 = EDGE_CURVE('',#219,#221,#223,.T.);
#219 = VERTEX_POINT('',#220);
#220 = CARTESIAN_POINT('',(7.44,0.,0.5));
#221 = VERTEX_POINT('',#222);
#222 = CARTESIAN_POINT('',(7.44,0.,3.9));
#223 = LINE('',#224,#225);
#224 = CARTESIAN_POINT('',(7.44,0.,0.5));
#225 = VECTOR('',#226,1.);
#226 = DIRECTION('',(0.,0.,1.));
#227 = ORIENTED_EDGE('',*,*,#228,.T.);
#228 = EDGE_CURVE('',#219,#229,#231,.T.);
#229 = VERTEX_POINT('',#230);
#230 = CARTESIAN_POINT('',(8.49,0.,0.5));
#231 = LINE('',#232,#233);
#232 = CARTESIAN_POINT('',(7.44,0.,0.5));
#233 = VECTOR('',#234,1.);
#234 = DIRECTION('',(1.,0.,-0.));
#235 = ORIENTED_EDGE('',*,*,#236,.T.);
#236 = EDGE_CURVE('',#229,#237,#239,.T.);
#237 = VERTEX_POINT('',#238);
#238 = CARTESIAN_POINT('',(8.49,0.,3.9));
#239 = LINE('',#240,#241);
#240 = CARTESIAN_POINT('',(8.49,0.,0.5));
#241 = VECTOR('',#242,1.);
#242 = DIRECTION('',(0.,0.,1.));
#243 = ORIENTED_EDGE('',*,*,#244,.F.);
#244 = EDGE_CURVE('',#221,#237,#245,.T.);
#245 = LINE('',#246,#247);
#246 = CARTESIAN_POINT('',(7.44,0.,3.9));
#247 = VECTOR('',#248,1.);
#248 = DIRECTION('',(1.,0.,-0.));
#249 = FACE_BOUND('',#250,.F.);
#250 = EDGE_LOOP('',(#251,#261,#269,#277));
#251 = ORIENTED_EDGE('',*,*,#252,.F.);
#252 = EDGE_CURVE('',#253,#255,#257,.T.);
#253 = VERTEX_POINT('',#254);
#254 = CARTESIAN_POINT('',(9.16,0.,0.5));
#255 = VERTEX_POINT('',#256);
#256 = CARTESIAN_POINT('',(9.16,0.,3.9));
#257 = LINE('',#258,#259);
#258 = CARTESIAN_POINT('',(9.16,0.,0.5));
#259 = VECTOR('',#260,1.);
#260 = DIRECTION('',(0.,0.,1.));
#261 = ORIENTED_EDGE('',*,*,#262,.T.);
#262 = EDGE_CURVE('',#253,#263,#265,.T.);
#263 = VERTEX_POINT('',#264);
#264 = CARTESIAN_POINT('',(10.21,0.,0.5));
#265 = LINE('',#266,#267);
#266 = CARTESIAN_POINT('',(9.16,0.,0.5));
#267 = VECTOR('',#268,1.);
#268 = DIRECTION('',(1.,0.,-0.));
#269 = ORIENTED_EDGE('',*,*,#270,.T.);
#270 = EDGE_CURVE('',#263,#271,#273,.T.);
#271 = VERTEX_POINT('',#272);
#272 = CARTESIAN_POINT('',(10.21,0.,3.9));
#273 = LINE('',#274,#275);
#274 = CARTESIAN_POINT('',(10.21,0.,0.5));
#275 = VECTOR('',#276,1.);
#276 = DIRECTION('',(0.,0.,1.));
#277 = ORIENTED_EDGE('',*,*,#278,.F.);
#278 = EDGE_CURVE('',#255,#271,#279,.T.);
#279 = LINE('',#280,#281);
#280 = CARTESIAN_POINT('',(9.16,0.,3.9));
#281 = VECTOR('',#282,1.);
#282 = DIRECTION('',(1.,0.,-0.));
#283 = FACE_BOUND('',#284,.F.);
#284 = EDGE_LOOP('',(#285,#295,#303,#311));
#285 = ORIENTED_EDGE('',*,*,#286,.F.);
#286 = EDGE_CURVE('',#287,#289,#291,.T.);
#287 = VERTEX_POINT('',#288);
#288 = CARTESIAN_POINT('',(10.88,0.,0.5));
#289 = VERTEX_POINT('',#290);
#290 = CARTESIAN_POINT('',(10.88,0.,3.9));
#291 = LINE('',#292,#293);
#292 = CARTESIAN_POINT('',(10.88,0.,0.5));
#293 = VECTOR('',#294,1.);
#294 = DIRECTION('',(0.,0.,1.));
#295 = ORIENTED_EDGE('',*,*,#296,.T.);
#296 = EDGE_CURVE('',#287,#297,#299,.T.);
#297 = VERTEX_POINT('',#298);
#298 = CARTESIAN_POINT('',(11.93,0.,0.5));
#299 = LINE('',#300,#301);
#300 = CARTESIAN_POINT('',(10.88,0.,0.5));
#301 = VECTOR('',#302,1.);
#302 = DIRECTION('',(1.,0.,-0.));
#303 = ORIENTED_EDGE('',*,*,#304,.T.);
#304 = EDGE_CURVE('',#297,#305,#307,.T.);
#305 = VERTEX_POINT('',#306);
#306 = CARTESIAN_POINT('',(11.93,0.,3.9));
#307 = LINE('',#308,#309);
#308 = CARTESIAN_POINT('',(11.93,0.,0.5));
#309 = VECTOR('',#310,1.);
#310 = DIRECTION('',(0.,0.,1.));
#311 = ORIENTED_EDGE('',*,*,#312,.F.);
#312 = EDGE_CURVE('',#289,#305,#313,.T.);
#313 = LINE('',#314,#315);
#314 = CARTESIAN_POINT('',(10.88,0.,3.9));
#315 = VECTOR('',#316,1.);
#316 = DIRECTION('',(1.,0.,-0.));
#317 = FACE_BOUND('',#318,.F.);
#318 = EDGE_LOOP('',(#319,#329,#337,#345));
#319 = ORIENTED_EDGE('',*,*,#320,.F.);
#320 = EDGE_CURVE('',#321,#323,#325,.T.);
#321 = VERTEX_POINT('',#322);
#322 = CARTESIAN_POINT('',(12.6,0.,0.5));
#323 = VERTEX_POINT('',#324);
#324 = CARTESIAN_POINT('',(12.6,0.,3.9));
#325 = LINE('',#326,#327);
#326 = CARTESIAN_POINT('',(12.6,0.,0.5));
#327 = VECTOR('',#328,1.);
#328 = DIRECTION('',(0.,0.,1.));
#329 = ORIENTED_EDGE('',*,*,#330,.T.);
#330 = EDGE_CURVE('',#321,#331,#333,.T.);
#331 = VERTEX_POINT('',#332);
#332 = CARTESIAN_POINT('',(13.65,0.,0.5));
#333 = LINE('',#334,#335);
#334 = CARTESIAN_POINT('',(12.6,0.,0.5));
#335 = VECTOR('',#336,1.);
#336 = DIRECTION('',(1.,0.,-0.));
#337 = ORIENTED_EDGE('',*,*,#338,.T.);
#338 = EDGE_CURVE('',#331,#339,#341,.T.);
#339 = VERTEX_POINT('',#340);
#340 = CARTESIAN_POINT('',(13.65,0.,3.9));
#341 = LINE('',#342,#343);
#342 = CARTESIAN_POINT('',(13.65,0.,0.5));
#343 = VECTOR('',#344,1.);
#344 = DIRECTION('',(0.,0.,1.));
#345 = ORIENTED_EDGE('',*,*,#346,.F.);
#346 = EDGE_CURVE('',#323,#339,#347,.T.);
#347 = LINE('',#348,#349);
#348 = CARTESIAN_POINT('',(12.6,0.,3.9));
#349 = VECTOR('',#350,1.);
#350 = DIRECTION('',(1.,0.,-0.));
#351 = FACE_BOUND('',#352,.F.);
#352 = EDGE_LOOP('',(#353,#363,#371,#379));
#353 = ORIENTED_EDGE('',*,*,#354,.F.);
#354 = EDGE_CURVE('',#355,#357,#359,.T.);
#355 = VERTEX_POINT('',#356);
#356 = CARTESIAN_POINT('',(14.32,0.,0.5));
#357 = VERTEX_POINT('',#358);
#358 = CARTESIAN_POINT('',(14.32,0.,3.9));
#359 = LINE('',#360,#361);
#360 = CARTESIAN_POINT('',(14.32,0.,0.5));
#361 = VECTOR('',#362,1.);
#362 = DIRECTION('',(0.,0.,1.));
#363 = ORIENTED_EDGE('',*,*,#364,.T.);
#364 = EDGE_CURVE('',#355,#365,#367,.T.);
#365 = VERTEX_POINT('',#366);
#366 = CARTESIAN_POINT('',(15.37,0.,0.5));
#367 = LINE('',#368,#369);
#368 = CARTESIAN_POINT('',(14.32,0.,0.5));
#369 = VECTOR('',#370,1.);
#370 = DIRECTION('',(1.,0.,-0.));
#371 = ORIENTED_EDGE('',*,*,#372,.T.);
#372 = EDGE_CURVE('',#365,#373,#375,.T.);
#373 = VERTEX_POINT('',#374);
#374 = CARTESIAN_POINT('',(15.37,0.,3.9));
#375 = LINE('',#376,#377);
#376 = CARTESIAN_POINT('',(15.37,0.,0.5));
#377 = VECTOR('',#378,1.);
#378 = DIRECTION('',(0.,0.,1.));
#379 = ORIENTED_EDGE('',*,*,#380,.F.);
#380 = EDGE_CURVE('',#357,#373,#381,.T.);
#381 = LINE('',#382,#383);
#382 = CARTESIAN_POINT('',(14.32,0.,3.9));
#383 = VECTOR('',#384,1.);
#384 = DIRECTION('',(1.,0.,-0.));
#385 = FACE_BOUND('',#386,.F.);
#386 = EDGE_LOOP('',(#387,#397,#405,#413));
#387 = ORIENTED_EDGE('',*,*,#388,.F.);
#388 = EDGE_CURVE('',#389,#391,#393,.T.);
#389 = VERTEX_POINT('',#390);
#390 = CARTESIAN_POINT('',(16.04,0.,0.5));
#391 = VERTEX_POINT('',#392);
#392 = CARTESIAN_POINT('',(16.04,0.,3.9));
#393 = LINE('',#394,#395);
#394 = CARTESIAN_POINT('',(16.04,0.,0.5));
#395 = VECTOR('',#396,1.);
#396 = DIRECTION('',(0.,0.,1.));
#397 = ORIENTED_EDGE('',*,*,#398,.T.);
#398 = EDGE_CURVE('',#389,#399,#401,.T.);
#399 = VERTEX_POINT('',#400);
#400 = CARTESIAN_POINT('',(17.09,0.,0.5));
#401 = LINE('',#402,#403);
#402 = CARTESIAN_POINT('',(16.04,0.,0.5));
#403 = VECTOR('',#404,1.);
#404 = DIRECTION('',(1.,0.,-0.));
#405 = ORIENTED_EDGE('',*,*,#406,.T.);
#406 = EDGE_CURVE('',#399,#407,#409,.T.);
#407 = VERTEX_POINT('',#408);
#408 = CARTESIAN_POINT('',(17.09,0.,3.9));
#409 = LINE('',#410,#411);
#410 = CARTESIAN_POINT('',(17.09,0.,0.5));
#411 = VECTOR('',#412,1.);
#412 = DIRECTION('',(0.,0.,1.));
#413 = ORIENTED_EDGE('',*,*,#414,.F.);
#414 = EDGE_CURVE('',#391,#407,#415,.T.);
#415 = LINE('',#416,#417);
#416 = CARTESIAN_POINT('',(16.04,0.,3.9));
#417 = VECTOR('',#418,1.);
#418 = DIRECTION('',(1.,0.,-0.));
#419 = FACE_BOUND('',#420,.F.);
#420 = EDGE_LOOP('',(#421,#431,#439,#447));
#421 = ORIENTED_EDGE('',*,*,#422,.F.);
#422 = EDGE_CURVE('',#423,#425,#427,.T.);
#423 = VERTEX_POINT('',#424);
#424 = CARTESIAN_POINT('',(17.76,0.,0.5));
#425 = VERTEX_POINT('',#426);
#426 = CARTESIAN_POINT('',(17.76,0.,3.9));
#427 = LINE('',#428,#429);
#428 = CARTESIAN_POINT('',(17.76,0.,0.5));
#429 = VECTOR('',#430,1.);
#430 = DIRECTION('',(0.,0.,1.));
#431 = ORIENTED_EDGE('',*,*,#432,.T.);
#432 = EDGE_CURVE('',#423,#433,#435,.T.);
#433 = VERTEX_POINT('',#434);
#434 = CARTESIAN_POINT('',(18.81,0.,0.5));
#435 = LINE('',#436,#437);
#436 = CARTESIAN_POINT('',(17.76,0.,0.5));
#437 = VECTOR('',#438,1.);
#438 = DIRECTION('',(1.,0.,-0.));
#439 = ORIENTED_EDGE('',*,*,#440,.T.);
#440 = EDGE_CURVE('',#433,#441,#443,.T.);
#441 = VERTEX_POINT('',#442);
#442 = CARTESIAN_POINT('',(18.81,0.,3.9));
#443 = LINE('',#444,#445);
#444 = CARTESIAN_POINT('',(18.81,0.,0.5));
#445 = VECTOR('',#446,1.);
#446 = DIRECTION('',(0.,0.,1.));
#447 = ORIENTED_EDGE('',*,*,#448,.F.);
#448 = EDGE_CURVE('',#425,#441,#449,.T.);
#449 = LINE('',#450,#451);
#450 = CARTESIAN_POINT('',(17.76,0.,3.9));
#451 = VECTOR('',#452,1.);
#452 = DIRECTION('',(1.,0.,-0.));
#453 = FACE_BOUND('',#454,.F.);
#454 = EDGE_LOOP('',(#455,#465,#473,#481));
#455 = ORIENTED_EDGE('',*,*,#456,.F.);
#456 = EDGE_CURVE('',#457,#459,#461,.T.);
#457 = VERTEX_POINT('',#458);
#458 = CARTESIAN_POINT('',(19.48,0.,0.5));
#459 = VERTEX_POINT('',#460);
#460 = CARTESIAN_POINT('',(19.48,0.,3.9));
#461 = LINE('',#462,#463);
#462 = CARTESIAN_POINT('',(19.48,0.,0.5));
#463 = VECTOR('',#464,1.);
#464 = DIRECTION('',(0.,0.,1.));
#465 = ORIENTED_EDGE('',*,*,#466,.T.);
#466 = EDGE_CURVE('',#457,#467,#469,.T.);
#467 = VERTEX_POINT('',#468);
#468 = CARTESIAN_POINT('',(20.53,0.,0.5));
#469 = LINE('',#470,#471);
#470 = CARTESIAN_POINT('',(19.48,0.,0.5));
#471 = VECTOR('',#472,1.);
#472 = DIRECTION('',(1.,0.,-0.));
#473 = ORIENTED_EDGE('',*,*,#474,.T.);
#474 = EDGE_CURVE('',#467,#475,#477,.T.);
#475 = VERTEX_POINT('',#476);
#476 = CARTESIAN_POINT('',(20.53,0.,3.9));
#477 = LINE('',#478,#479);
#478 = CARTESIAN_POINT('',(20.53,0.,0.5));
#479 = VECTOR('',#480,1.);
#480 = DIRECTION('',(0.,0.,1.));
#481 = ORIENTED_EDGE('',*,*,#482,.F.);
#482 = EDGE_CURVE('',#459,#475,#483,.T.);
#483 = LINE('',#484,#485);
#484 = CARTESIAN_POINT('',(19.48,0.,3.9));
#485 = VECTOR('',#486,1.);
#486 = DIRECTION('',(1.,0.,-0.));
#487 = FACE_BOUND('',#488,.F.);
#488 = EDGE_LOOP('',(#489,#499,#507,#515));
#489 = ORIENTED_EDGE('',*,*,#490,.F.);
#490 = EDGE_CURVE('',#491,#493,#495,.T.);
#491 = VERTEX_POINT('',#492);
#492 = CARTESIAN_POINT('',(21.2,0.,0.5));
#493 = VERTEX_POINT('',#494);
#494 = CARTESIAN_POINT('',(21.2,0.,3.9));
#495 = LINE('',#496,#497);
#496 = CARTESIAN_POINT('',(21.2,0.,0.5));
#497 = VECTOR('',#498,1.);
#498 = DIRECTION('',(0.,0.,1.));
#499 = ORIENTED_EDGE('',*,*,#500,.T.);
#500 = EDGE_CURVE('',#491,#501,#503,.T.);
#501 = VERTEX_POINT('',#502);
#502 = CARTESIAN_POINT('',(22.25,0.,0.5));
#503 = LINE('',#504,#505);
#504 = CARTESIAN_POINT('',(21.2,0.,0.5));
#505 = VECTOR('',#506,1.);
#506 = DIRECTION('',(1.,0.,-0.));
#507 = ORIENTED_EDGE('',*,*,#508,.T.);
#508 = EDGE_CURVE('',#501,#509,#511,.T.);
#509 = VERTEX_POINT('',#510);
#510 = CARTESIAN_POINT('',(22.25,0.,3.9));
#511 = LINE('',#512,#513);
#512 = CARTESIAN_POINT('',(22.25,0.,0.5));
#513 = VECTOR('',#514,1.);
#514 = DIRECTION('',(0.,0.,1.));
#515 = ORIENTED_EDGE('',*,*,#516,.F.);
#516 = EDGE_CURVE('',#493,#509,#517,.T.);
#517 = LINE('',#518,#519);
#518 = CARTESIAN_POINT('',(21.2,0.,3.9));
#519 = VECTOR('',#520,1.);
#520 = DIRECTION('',(1.,0.,-0.));
#521 = FACE_BOUND('',#522,.F.);
#522 = EDGE_LOOP('',(#523,#533,#541,#549));
#523 = ORIENTED_EDGE('',*,*,#524,.F.);
#524 = EDGE_CURVE('',#525,#527,#529,.T.);
#525 = VERTEX_POINT('',#526);
#526 = CARTESIAN_POINT('',(22.92,0.,0.5));
#527 = VERTEX_POINT('',#528);
#528 = CARTESIAN_POINT('',(22.92,0.,3.9));
#529 = LINE('',#530,#531);
#530 = CARTESIAN_POINT('',(22.92,0.,0.5));
#531 = VECTOR('',#532,1.);
#532 = DIRECTION('',(0.,0.,1.));
#533 = ORIENTED_EDGE('',*,*,#534,.T.);
#534 = EDGE_CURVE('',#525,#535,#537,.T.);
#535 = VERTEX_POINT('',#536);
#536 = CARTESIAN_POINT('',(23.97,0.,0.5));
#537 = LINE('',#538,#539);
#538 = CARTESIAN_POINT('',(22.92,0.,0.5));
#539 = VECTOR('',#540,1.);
#540 = DIRECTION('',(1.,0.,-0.));
#541 = ORIENTED_EDGE('',*,*,#542,.T.);
#542 = EDGE_CURVE('',#535,#543,#545,.T.);
#543 = VERTEX_POINT('',#544);
#544 = CARTESIAN_POINT('',(23.97,0.,3.9));
#545 = LINE('',#546,#547);
#546 = CARTESIAN_POINT('',(23.97,0.,0.5));
#547 = VECTOR('',#548,1.);
#548 = DIRECTION('',(0.,0.,1.));
#549 = ORIENTED_EDGE('',*,*,#550,.F.);
#550 = EDGE_CURVE('',#527,#543,#551,.T.);
#551 = LINE('',#552,#553);
#552 = CARTESIAN_POINT('',(22.92,0.,3.9));
#553 = VECTOR('',#554,1.);
#554 = DIRECTION('',(1.,0.,-0.));
#555 = FACE_BOUND('',#556,.F.);
#556 = EDGE_LOOP('',(#557,#567,#575,#583));
#557 = ORIENTED_EDGE('',*,*,#558,.F.);
#558 = EDGE_CURVE('',#559,#561,#563,.T.);
#559 = VERTEX_POINT('',#560);
#560 = CARTESIAN_POINT('',(24.64,0.,0.5));
#561 = VERTEX_POINT('',#562);
#562 = CARTESIAN_POINT('',(24.64,0.,3.9));
#563 = LINE('',#564,#565);
#564 = CARTESIAN_POINT('',(24.64,0.,0.5));
#565 = VECTOR('',#566,1.);
#566 = DIRECTION('',(0.,0.,1.));
#567 = ORIENTED_EDGE('',*,*,#568,.T.);
#568 = EDGE_CURVE('',#559,#569,#571,.T.);
#569 = VERTEX_POINT('',#570);
#570 = CARTESIAN_POINT('',(25.69,0.,0.5));
#571 = LINE('',#572,#573);
#572 = CARTESIAN_POINT('',(24.64,0.,0.5));
#573 = VECTOR('',#574,1.);
#574 = DIRECTION('',(1.,0.,-0.));
#575 = ORIENTED_EDGE('',*,*,#576,.T.);
#576 = EDGE_CURVE('',#569,#577,#579,.T.);
#577 = VERTEX_POINT('',#578);
#578 = CARTESIAN_POINT('',(25.69,0.,3.9));
#579 = LINE('',#580,#581);
#580 = CARTESIAN_POINT('',(25.69,0.,0.5));
#581 = VECTOR('',#582,1.);
#582 = DIRECTION('',(0.,0.,1.));
#583 = ORIENTED_EDGE('',*,*,#584,.F.);
#584 = EDGE_CURVE('',#561,#577,#585,.T.);
#585 = LINE('',#586,#587);
#586 = CARTESIAN_POINT('',(24.64,0.,3.9));
#587 = VECTOR('',#588,1.);
#588 = DIRECTION('',(1.,0.,-0.));
#589 = FACE_BOUND('',#590,.F.);
#590 = EDGE_LOOP('',(#591,#601,#609,#617));
#591 = ORIENTED_EDGE('',*,*,#592,.F.);
#592 = EDGE_CURVE('',#593,#595,#597,.T.);
#593 = VERTEX_POINT('',#594);
#594 = CARTESIAN_POINT('',(26.36,0.,0.5));
#595 = VERTEX_POINT('',#596);
#596 = CARTESIAN_POINT('',(26.36,0.,3.9));
#597 = LINE('',#598,#599);
#598 = CARTESIAN_POINT('',(26.36,0.,0.5));
#599 = VECTOR('',#600,1.);
#600 = DIRECTION('',(0.,0.,1.));
#601 = ORIENTED_EDGE('',*,*,#602,.T.);
#602 = EDGE_CURVE('',#593,#603,#605,.T.);
#603 = VERTEX_POINT('',#604);
#604 = CARTESIAN_POINT('',(27.41,0.,0.5));
#605 = LINE('',#606,#607);
#606 = CARTESIAN_POINT('',(26.36,0.,0.5));
#607 = VECTOR('',#608,1.);
#608 = DIRECTION('',(1.,0.,-0.));
#609 = ORIENTED_EDGE('',*,*,#610,.T.);
#610 = EDGE_CURVE('',#603,#611,#613,.T.);
#611 = VERTEX_POINT('',#612);
#612 = CARTESIAN_POINT('',(27.41,0.,3.9));
#613 = LINE('',#614,#615);
#614 = CARTESIAN_POINT('',(27.41,0.,0.5));
#615 = VECTOR('',#616,1.);
#616 = DIRECTION('',(0.,0.,1.));
#617 = ORIENTED_EDGE('',*,*,#618,.F.);
#618 = EDGE_CURVE('',#595,#611,#619,.T.);
#619 = LINE('',#620,#621);
#620 = CARTESIAN_POINT('',(26.36,0.,3.9));
#621 = VECTOR('',#622,1.);
#622 = DIRECTION('',(1.,0.,-0.));
#623 = FACE_BOUND('',#624,.F.);
#624 = EDGE_LOOP('',(#625,#635,#643,#651));
#625 = ORIENTED_EDGE('',*,*,#626,.F.);
#626 = EDGE_CURVE('',#627,#629,#631,.T.);
#627 = VERTEX_POINT('',#628);
#628 = CARTESIAN_POINT('',(28.08,0.,0.5));
#629 = VERTEX_POINT('',#630);
#630 = CARTESIAN_POINT('',(28.08,0.,3.9));
#631 = LINE('',#632,#633);
#632 = CARTESIAN_POINT('',(28.08,0.,0.5));
#633 = VECTOR('',#634,1.);
#634 = DIRECTION('',(0.,0.,1.));
#635 = ORIENTED_EDGE('',*,*,#636,.T.);
#636 = EDGE_CURVE('',#627,#637,#639,.T.);
#637 = VERTEX_POINT('',#638);
#638 = CARTESIAN_POINT('',(29.13,0.,0.5));
#639 = LINE('',#640,#641);
#640 = CARTESIAN_POINT('',(28.08,0.,0.5));
#641 = VECTOR('',#642,1.);
#642 = DIRECTION('',(1.,0.,-0.));
#643 = ORIENTED_EDGE('',*,*,#644,.T.);
#644 = EDGE_CURVE('',#637,#645,#647,.T.);
#645 = VERTEX_POINT('',#646);
#646 = CARTESIAN_POINT('',(29.13,0.,3.9));
#647 = LINE('',#648,#649);
#648 = CARTESIAN_POINT('',(29.13,0.,0.5));
#649 = VECTOR('',#650,1.);
#650 = DIRECTION('',(0.,0.,1.));
#651 = ORIENTED_EDGE('',*,*,#652,.F.);
#652 = EDGE_CURVE('',#629,#645,#653,.T.);
#653 = LINE('',#654,#655);
#654 = CARTESIAN_POINT('',(28.08,0.,3.9));
#655 = VECTOR('',#656,1.);
#656 = DIRECTION('',(1.,0.,-0.));
#657 = FACE_BOUND('',#658,.F.);
#658 = EDGE_LOOP('',(#659,#669,#677,#685));
#659 = ORIENTED_EDGE('',*,*,#660,.F.);
#660 = EDGE_CURVE('',#661,#663,#665,.T.);
#661 = VERTEX_POINT('',#662);
#662 = CARTESIAN_POINT('',(29.8,0.,0.5));
#663 = VERTEX_POINT('',#664);
#664 = CARTESIAN_POINT('',(29.8,0.,3.9));
#665 = LINE('',#666,#667);
#666 = CARTESIAN_POINT('',(29.8,0.,0.5));
#667 = VECTOR('',#668,1.);
#668 = DIRECTION('',(0.,0.,1.));
#669 = ORIENTED_EDGE('',*,*,#670,.T.);
#670 = EDGE_CURVE('',#661,#671,#673,.T.);
#671 = VERTEX_POINT('',#672);
#672 = CARTESIAN_POINT('',(30.85,0.,0.5));
#673 = LINE('',#674,#675);
#674 = CARTESIAN_POINT('',(29.8,0.,0.5));
#675 = VECTOR('',#676,1.);
#676 = DIRECTION('',(1.,0.,-0.));
#677 = ORIENTED_EDGE('',*,*,#678,.T.);
#678 = EDGE_CURVE('',#671,#679,#681,.T.);
#679 = VERTEX_POINT('',#680);
#680 = CARTESIAN_POINT('',(30.85,0.,3.9));
#681 = LINE('',#682,#683);
#682 = CARTESIAN_POINT('',(30.85,0.,0.5));
#683 = VECTOR('',#684,1.);
#684 = DIRECTION('',(0.,0.,1.));
#685 = ORIENTED_EDGE('',*,*,#686,.F.);
#686 = EDGE_CURVE('',#663,#679,#687,.T.);
#687 = LINE('',#688,#689);
#688 = CARTESIAN_POINT('',(29.8,0.,3.9));
#689 = VECTOR('',#690,1.);
#690 = DIRECTION('',(1.,0.,-0.));
#691 = FACE_BOUND('',#692,.F.);
#692 = EDGE_LOOP('',(#693,#703,#711,#719));
#693 = ORIENTED_EDGE('',*,*,#694,.F.);
#694 = EDGE_CURVE('',#695,#697,#699,.T.);
#695 = VERTEX_POINT('',#696);
#696 = CARTESIAN_POINT('',(31.52,0.,0.5));
#697 = VERTEX_POINT('',#698);
#698 = CARTESIAN_POINT('',(31.52,0.,3.9));
#699 = LINE('',#700,#701);
#700 = CARTESIAN_POINT('',(31.52,0.,0.5));
#701 = VECTOR('',#702,1.);
#702 = DIRECTION('',(0.,0.,1.));
#703 = ORIENTED_EDGE('',*,*,#704,.T.);
#704 = EDGE_CURVE('',#695,#705,#707,.T.);
#705 = VERTEX_POINT('',#706);
#706 = CARTESIAN_POINT('',(32.57,0.,0.5));
#707 = LINE('',#708,#709);
#708 = CARTESIAN_POINT('',(31.52,0.,0.5));
#709 = VECTOR('',#710,1.);
#710 = DIRECTION('',(1.,0.,-0.));
#711 = ORIENTED_EDGE('',*,*,#712,.T.);
#712 = EDGE_CURVE('',#705,#713,#715,.T.);
#713 = VERTEX_POINT('',#714);
#714 = CARTESIAN_POINT('',(32.57,0.,3.9));
#715 = LINE('',#716,#717);
#716 = CARTESIAN_POINT('',(32.57,0.,0.5));
#717 = VECTOR('',#718,1.);
#718 = DIRECTION('',(0.,0.,1.));
#719 = ORIENTED_EDGE('',*,*,#720,.F.);
#720 = EDGE_CURVE('',#697,#713,#721,.T.);
#721 = LINE('',#722,#723);
#722 = CARTESIAN_POINT('',(31.52,0.,3.9));
#723 = VECTOR('',#724,1.);
#724 = DIRECTION('',(1.,0.,-0.));
#725 = FACE_BOUND('',#726,.F.);
#726 = EDGE_LOOP('',(#727,#737,#745,#753));
#727 = ORIENTED_EDGE('',*,*,#728,.F.);
#728 = EDGE_CURVE('',#729,#731,#733,.T.);
#729 = VERTEX_POINT('',#730);
#730 = CARTESIAN_POINT('',(33.24,0.,0.5));
#731 = VERTEX_POINT('',#732);
#732 = CARTESIAN_POINT('',(33.24,0.,3.9));
#733 = LINE('',#734,#735);
#734 = CARTESIAN_POINT('',(33.24,0.,0.5));
#735 = VECTOR('',#736,1.);
#736 = DIRECTION('',(0.,0.,1.));
#737 = ORIENTED_EDGE('',*,*,#738,.T.);
#738 = EDGE_CURVE('',#729,#739,#741,.T.);
#739 = VERTEX_POINT('',#740);
#740 = CARTESIAN_POINT('',(34.29,0.,0.5));
#741 = LINE('',#742,#743);
#742 = CARTESIAN_POINT('',(33.24,0.,0.5));
#743 = VECTOR('',#744,1.);
#744 = DIRECTION('',(1.,0.,-0.));
#745 = ORIENTED_EDGE('',*,*,#746,.T.);
#746 = EDGE_CURVE('',#739,#747,#749,.T.);
#747 = VERTEX_POINT('',#748);
#748 = CARTESIAN_POINT('',(34.29,0.,3.9));
#749 = LINE('',#750,#751);
#750 = CARTESIAN_POINT('',(34.29,0.,0.5));
#751 = VECTOR('',#752,1.);
#752 = DIRECTION('',(0.,0.,1.));
#753 = ORIENTED_EDGE('',*,*,#754,.F.);
#754 = EDGE_CURVE('',#731,#747,#755,.T.);
#755 = LINE('',#756,#757);
#756 = CARTESIAN_POINT('',(33.24,0.,3.9));
#757 = VECTOR('',#758,1.);
#758 = DIRECTION('',(1.,0.,-0.));
#759 = FACE_BOUND('',#760,.F.);
#760 = EDGE_LOOP('',(#761,#771,#779,#787));
#761 = ORIENTED_EDGE('',*,*,#762,.F.);
#762 = EDGE_CURVE('',#763,#765,#767,.T.);
#763 = VERTEX_POINT('',#764);
#764 = CARTESIAN_POINT('',(34.96,0.,0.5));
#765 = VERTEX_POINT('',#766);
#766 = CARTESIAN_POINT('',(34.96,0.,3.9));
#767 = LINE('',#768,#769);
#768 = CARTESIAN_POINT('',(34.96,0.,0.5));
#769 = VECTOR('',#770,1.);
#770 = DIRECTION('',(0.,0.,1.));
#771 = ORIENTED_EDGE('',*,*,#772,.T.);
#772 = EDGE_CURVE('',#763,#773,#775,.T.);
#773 = VERTEX_POINT('',#774);
#774 = CARTESIAN_POINT('',(36.01,0.,0.5));
#775 = LINE('',#776,#777);
#776 = CARTESIAN_POINT('',(34.96,0.,0.5));
#777 = VECTOR('',#778,1.);
#778 = DIRECTION('',(1.,0.,-0.));
#779 = ORIENTED_EDGE('',*,*,#780,.T.);
#780 = EDGE_CURVE('',#773,#781,#783,.T.);
#781 = VERTEX_POINT('',#782);
#782 = CARTESIAN_POINT('',(36.01,0.,3.9));
#783 = LINE('',#784,#785);
#784 = CARTESIAN_POINT('',(36.01,0.,0.5));
#785 = VECTOR('',#786,1.);
#786 = DIRECTION('',(0.,0.,1.));
#787 = ORIENTED_EDGE('',*,*,#788,.F.);
#788 = EDGE_CURVE('',#765,#781,#789,.T.);
#789 = LINE('',#790,#791);
#790 = CARTESIAN_POINT('',(34.96,0.,3.9));
#791 = VECTOR('',#792,1.);
#792 = DIRECTION('',(1.,0.,-0.));
#793 = FACE_BOUND('',#794,.F.);
#794 = EDGE_LOOP('',(#795,#805,#813,#821));
#795 = ORIENTED_EDGE('',*,*,#796,.F.);
#796 = EDGE_CURVE('',#797,#799,#801,.T.);
#797 = VERTEX_POINT('',#798);
#798 = CARTESIAN_POINT('',(36.68,0.,0.5));
#799 = VERTEX_POINT('',#800);
#800 = CARTESIAN_POINT('',(36.68,0.,3.9));
#801 = LINE('',#802,#803);
#802 = CARTESIAN_POINT('',(36.68,0.,0.5));
#803 = VECTOR('',#804,1.);
#804 = DIRECTION('',(0.,0.,1.));
#805 = ORIENTED_EDGE('',*,*,#806,.T.);
#806 = EDGE_CURVE('',#797,#807,#809,.T.);
#807 = VERTEX_POINT('',#808);
#808 = CARTESIAN_POINT('',(37.73,0.,0.5));
#809 = LINE('',#810,#811);
#810 = CARTESIAN_POINT('',(36.68,0.,0.5));
#811 = VECTOR('',#812,1.);
#812 = DIRECTION('',(1.,0.,-0.));
#813 = ORIENTED_EDGE('',*,*,#814,.T.);
#814 = EDGE_CURVE('',#807,#815,#817,.T.);
#815 = VERTEX_POINT('',#816);
#816 = CARTESIAN_POINT('',(37.73,0.,3.9));
#817 = LINE('',#818,#819);
#818 = CARTESIAN_POINT('',(37.73,0.,0.5));
#819 = VECTOR('',#820,1.);
#820 = DIRECTION('',(0.,0.,1.));
#821 = ORIENTED_EDGE('',*,*,#822,.F.);
#822 = EDGE_CURVE('',#799,#815,#823,.T.);
#823 = LINE('',#824,#825);
#824 = CARTESIAN_POINT('',(36.68,0.,3.9));
#825 = VECTOR('',#826,1.);
#826 = DIRECTION('',(1.,0.,-0.));
#827 = FACE_BOUND('',#828,.F.);
#828 = EDGE_LOOP('',(#829,#839,#847,#855));
#829 = ORIENTED_EDGE('',*,*,#830,.F.);
#830 = EDGE_CURVE('',#831,#833,#835,.T.);
#831 = VERTEX_POINT('',#832);
#832 = CARTESIAN_POINT('',(38.4,0.,0.5));
#833 = VERTEX_POINT('',#834);
#834 = CARTESIAN_POINT('',(38.4,0.,3.9));
#835 = LINE('',#836,#837);
#836 = CARTESIAN_POINT('',(38.4,0.,0.5));
#837 = VECTOR('',#838,1.);
#838 = DIRECTION('',(0.,0.,1.));
#839 = ORIENTED_EDGE('',*,*,#840,.T.);
#840 = EDGE_CURVE('',#831,#841,#843,.T.);
#841 = VERTEX_POINT('',#842);
#842 = CARTESIAN_POINT('',(39.45,0.,0.5));
#843 = LINE('',#844,#845);
#844 = CARTESIAN_POINT('',(38.4,0.,0.5));
#845 = VECTOR('',#846,1.);
#846 = DIRECTION('',(1.,0.,-0.));
#847 = ORIENTED_EDGE('',*,*,#848,.T.);
#848 = EDGE_CURVE('',#841,#849,#851,.T.);
#849 = VERTEX_POINT('',#850);
#850 = CARTESIAN_POINT('',(39.45,0.,3.9));
#851 = LINE('',#852,#853);
#852 = CARTESIAN_POINT('',(39.45,0.,0.5));
#853 = VECTOR('',#854,1.);
#854 = DIRECTION('',(0.,0.,1.));
#855 = ORIENTED_EDGE('',*,*,#856,.F.);
#856 = EDGE_CURVE('',#833,#849,#857,.T.);
#857 = LINE('',#858,#859);
#858 = CARTESIAN_POINT('',(38.4,0.,3.9));
#859 = VECTOR('',#860,1.);
#860 = DIRECTION('',(1.,0.,-0.));
#861 = FACE_BOUND('',#862,.F.);
#862 = EDGE_LOOP('',(#863,#873,#881,#889));
#863 = ORIENTED_EDGE('',*,*,#864,.F.);
#864 = EDGE_CURVE('',#865,#867,#869,.T.);
#865 = VERTEX_POINT('',#866);
#866 = CARTESIAN_POINT('',(40.12,0.,0.5));
#867 = VERTEX_POINT('',#868);
#868 = CARTESIAN_POINT('',(40.12,0.,3.9));
#869 = LINE('',#870,#871);
#870 = CARTESIAN_POINT('',(40.12,0.,0.5));
#871 = VECTOR('',#872,1.);
#872 = DIRECTION('',(0.,0.,1.));
#873 = ORIENTED_EDGE('',*,*,#874,.T.);
#874 = EDGE_CURVE('',#865,#875,#877,.T.);
#875 = VERTEX_POINT('',#876);
#876 = CARTESIAN_POINT('',(41.17,0.,0.5));
#877 = LINE('',#878,#879);
#878 = CARTESIAN_POINT('',(40.12,0.,0.5));
#879 = VECTOR('',#880,1.);
#880 = DIRECTION('',(1.,0.,-0.));
#881 = ORIENTED_EDGE('',*,*,#882,.T.);
#882 = EDGE_CURVE('',#875,#883,#885,.T.);
#883 = VERTEX_POINT('',#884);
#884 = CARTESIAN_POINT('',(41.17,0.,3.9));
#885 = LINE('',#886,#887);
#886 = CARTESIAN_POINT('',(41.17,0.,0.5));
#887 = VECTOR('',#888,1.);
#888 = DIRECTION('',(0.,0.,1.));
#889 = ORIENTED_EDGE('',*,*,#890,.F.);
#890 = EDGE_CURVE('',#867,#883,#891,.T.);
#891 = LINE('',#892,#893);
#892 = CARTESIAN_POINT('',(40.12,0.,3.9));
#893 = VECTOR('',#894,1.);
#894 = DIRECTION('',(1.,0.,-0.));
#895 = FACE_BOUND('',#896,.F.);
#896 = EDGE_LOOP('',(#897,#907,#915,#923));
#897 = ORIENTED_EDGE('',*,*,#898,.F.);
#898 = EDGE_CURVE('',#899,#901,#903,.T.);
#899 = VERTEX_POINT('',#900);
#900 = CARTESIAN_POINT('',(41.84,0.,0.5));
#901 = VERTEX_POINT('',#902);
#902 = CARTESIAN_POINT('',(41.84,0.,3.9));
#903 = LINE('',#904,#905);
#904 = CARTESIAN_POINT('',(41.84,0.,0.5));
#905 = VECTOR('',#906,1.);
#906 = DIRECTION('',(0.,0.,1.));
#907 = ORIENTED_EDGE('',*,*,#908,.T.);
#908 = EDGE_CURVE('',#899,#909,#911,.T.);
#909 = VERTEX_POINT('',#910);
#910 = CARTESIAN_POINT('',(42.89,0.,0.5));
#911 = LINE('',#912,#913);
#912 = CARTESIAN_POINT('',(41.84,0.,0.5));
#913 = VECTOR('',#914,1.);
#914 = DIRECTION('',(1.,0.,-0.));
#915 = ORIENTED_EDGE('',*,*,#916,.T.);
#916 = EDGE_CURVE('',#909,#917,#919,.T.);
#917 = VERTEX_POINT('',#918);
#918 = CARTESIAN_POINT('',(42.89,0.,3.9));
#919 = LINE('',#920,#921);
#920 = CARTESIAN_POINT('',(42.89,0.,0.5));
#921 = VECTOR('',#922,1.);
#922 = DIRECTION('',(0.,0.,1.));
#923 = ORIENTED_EDGE('',*,*,#924,.F.);
#924 = EDGE_CURVE('',#901,#917,#925,.T.);
#925 = LINE('',#926,#927);
#926 = CARTESIAN_POINT('',(41.84,0.,3.9));
#927 = VECTOR('',#928,1.);
#928 = DIRECTION('',(1.,0.,-0.));
#929 = FACE_BOUND('',#930,.F.);
#930 = EDGE_LOOP('',(#931,#941,#949,#957));
#931 = ORIENTED_EDGE('',*,*,#932,.F.);
#932 = EDGE_CURVE('',#933,#935,#937,.T.);
#933 = VERTEX_POINT('',#934);
#934 = CARTESIAN_POINT('',(43.56,0.,0.5));
#935 = VERTEX_POINT('',#936);
#936 = CARTESIAN_POINT('',(43.56,0.,3.9));
#937 = LINE('',#938,#939);
#938 = CARTESIAN_POINT('',(43.56,0.,0.5));
#939 = VECTOR('',#940,1.);
#940 = DIRECTION('',(0.,0.,1.));
#941 = ORIENTED_EDGE('',*,*,#942,.T.);
#942 = EDGE_CURVE('',#933,#943,#945,.T.);
#943 = VERTEX_POINT('',#944);
#944 = CARTESIAN_POINT('',(44.61,0.,0.5));
#945 = LINE('',#946,#947);
#946 = CARTESIAN_POINT('',(43.56,0.,0.5));
#947 = VECTOR('',#948,1.);
#948 = DIRECTION('',(1.,0.,-0.));
#949 = ORIENTED_EDGE('',*,*,#950,.T.);
#950 = EDGE_CURVE('',#943,#951,#953,.T.);
#951 = VERTEX_POINT('',#952);
#952 = CARTESIAN_POINT('',(44.61,0.,3.9));
#953 = LINE('',#954,#955);
#954 = CARTESIAN_POINT('',(44.61,0.,0.5));
#955 = VECTOR('',#956,1.);
#956 = DIRECTION('',(0.,0.,1.));
#957 = ORIENTED_EDGE('',*,*,#958,.F.);
#958 = EDGE_CURVE('',#935,#951,#959,.T.);
#959 = LINE('',#960,#961);
#960 = CARTESIAN_POINT('',(43.56,0.,3.9));
#961 = VECTOR('',#962,1.);
#962 = DIRECTION('',(1.,0.,-0.));
#963 = FACE_BOUND('',#964,.F.);
#964 = EDGE_LOOP('',(#965,#975,#983,#991));
#965 = ORIENTED_EDGE('',*,*,#966,.F.);
#966 = EDGE_CURVE('',#967,#969,#971,.T.);
#967 = VERTEX_POINT('',#968);
#968 = CARTESIAN_POINT('',(45.28,0.,0.5));
#969 = VERTEX_POINT('',#970);
#970 = CARTESIAN_POINT('',(45.28,0.,3.9));
#971 = LINE('',#972,#973);
#972 = CARTESIAN_POINT('',(45.28,0.,0.5));
#973 = VECTOR('',#974,1.);
#974 = DIRECTION('',(0.,0.,1.));
#975 = ORIENTED_EDGE('',*,*,#976,.T.);
#976 = EDGE_CURVE('',#967,#977,#979,.T.);
#977 = VERTEX_POINT('',#978);
#978 = CARTESIAN_POINT('',(46.33,0.,0.5));
#979 = LINE('',#980,#981);
#980 = CARTESIAN_POINT('',(45.28,0.,0.5));
#981 = VECTOR('',#982,1.);
#982 = DIRECTION('',(1.,0.,-0.));
#983 = ORIENTED_EDGE('',*,*,#984,.T.);
#984 = EDGE_CURVE('',#977,#985,#987,.T.);
#985 = VERTEX_POINT('',#986);
#986 = CARTESIAN_POINT('',(46.33,0.,3.9));
#987 = LINE('',#988,#989);
#988 = CARTESIAN_POINT('',(46.33,0.,0.5));
#989 = VECTOR('',#990,1.);
#990 = DIRECTION('',(0.,0.,1.));
#991 = ORIENTED_EDGE('',*,*,#992,.F.);
#992 = EDGE_CURVE('',#969,#985,#993,.T.);
#993 = LINE('',#994,#995);
#994 = CARTESIAN_POINT('',(45.28,0.,3.9));
#995 = VECTOR('',#996,1.);
#996 = DIRECTION('',(1.,0.,-0.));
#997 = FACE_BOUND('',#998,.F.);
#998 = EDGE_LOOP('',(#999,#1009,#1017,#1025));
#999 = ORIENTED_EDGE('',*,*,#1000,.F.);
#1000 = EDGE_CURVE('',#1001,#1003,#1005,.T.);
#1001 = VERTEX_POINT('',#1002);
#1002 = CARTESIAN_POINT('',(47.,0.,0.5));
#1003 = VERTEX_POINT('',#1004);
#1004 = CARTESIAN_POINT('',(47.,0.,3.9));
#1005 = LINE('',#1006,#1007);
#1006 = CARTESIAN_POINT('',(47.,0.,0.5));
#1007 = VECTOR('',#1008,1.);
#1008 = DIRECTION('',(0.,0.,1.));
#1009 = ORIENTED_EDGE('',*,*,#1010,.T.);
#1010 = EDGE_CURVE('',#1001,#1011,#1013,.T.);
#1011 = VERTEX_POINT('',#1012);
#1012 = CARTESIAN_POINT('',(48.05,0.,0.5));
#1013 = LINE('',#1014,#1015);
#1014 = CARTESIAN_POINT('',(47.,0.,0.5));
#1015 = VECTOR('',#1016,1.);
#1016 = DIRECTION('',(1.,0.,-0.));
#1017 = ORIENTED_EDGE('',*,*,#1018,.T.);
#1018 = EDGE_CURVE('',#1011,#1019,#1021,.T.);
#1019 = VERTEX_POINT('',#1020);
#1020 = CARTESIAN_POINT('',(48.05,0.,3.9));
#1021 = LINE('',#1022,#1023);
#1022 = CARTESIAN_POINT('',(48.05,0.,0.5));
#1023 = VECTOR('',#1024,1.);
#1024 = DIRECTION('',(0.,0.,1.));
#1025 = ORIENTED_EDGE('',*,*,#1026,.F.);
#1026 = EDGE_CURVE('',#1003,#1019,#1027,.T.);
#1027 = LINE('',#1028,#1029);
#1028 = CARTESIAN_POINT('',(47.,0.,3.9));
#1029 = VECTOR('',#1030,1.);
#1030 = DIRECTION('',(1.,0.,-0.));
#1031 = FACE_BOUND('',#1032,.F.);
#1032 = EDGE_LOOP('',(#1033,#1043,#1051,#1059));
#1033 = ORIENTED_EDGE('',*,*,#1034,.F.);
#1034 = EDGE_CURVE('',#1035,#1037,#1039,.T.);
#1035 = VERTEX_POINT('',#1036);
#1036 = CARTESIAN_POINT('',(48.72,0.,0.5));
#1037 = VERTEX_POINT('',#1038);
#1038 = CARTESIAN_POINT('',(48.72,0.,3.9));
#1039 = LINE('',#1040,#1041);
#1040 = CARTESIAN_POINT('',(48.72,0.,0.5));
#1041 = VECTOR('',#1042,1.);
#1042 = DIRECTION('',(0.,0.,1.));
#1043 = ORIENTED_EDGE('',*,*,#1044,.T.);
#1044 = EDGE_CURVE('',#1035,#1045,#1047,.T.);
#1045 = VERTEX_POINT('',#1046);
#1046 = CARTESIAN_POINT('',(49.77,0.,0.5));
#1047 = LINE('',#1048,#1049);
#1048 = CARTESIAN_POINT('',(48.72,0.,0.5));
#1049 = VECTOR('',#1050,1.);
#1050 = DIRECTION('',(1.,0.,-0.));
#1051 = ORIENTED_EDGE('',*,*,#1052,.T.);
#1052 = EDGE_CURVE('',#1045,#1053,#1055,.T.);
#1053 = VERTEX_POINT('',#1054);
#1054 = CARTESIAN_POINT('',(49.77,0.,3.9));
#1055 = LINE('',#1056,#1057);
#1056 = CARTESIAN_POINT('',(49.77,0.,0.5));
#1057 = VECTOR('',#1058,1.);
#1058 = DIRECTION('',(0.,0.,1.));
#1059 = ORIENTED_EDGE('',*,*,#1060,.F.);
#1060 = EDGE_CURVE('',#1037,#1053,#1061,.T.);
#1061 = LINE('',#1062,#1063);
#1062 = CARTESIAN_POINT('',(48.72,0.,3.9));
#1063 = VECTOR('',#1064,1.);
#1064 = DIRECTION('',(1.,0.,-0.));
#1065 = FACE_BOUND('',#1066,.F.);
#1066 = EDGE_LOOP('',(#1067,#1077,#1085,#1093));
#1067 = ORIENTED_EDGE('',*,*,#1068,.F.);
#1068 = EDGE_CURVE('',#1069,#1071,#1073,.T.);
#1069 = VERTEX_POINT('',#1070);
#1070 = CARTESIAN_POINT('',(50.44,0.,0.5));
#1071 = VERTEX_POINT('',#1072);
#1072 = CARTESIAN_POINT('',(50.44,0.,3.9));
#1073 = LINE('',#1074,#1075);
#1074 = CARTESIAN_POINT('',(50.44,0.,0.5));
#1075 = VECTOR('',#1076,1.);
#1076 = DIRECTION('',(0.,0.,1.));
#1077 = ORIENTED_EDGE('',*,*,#1078,.T.);
#1078 = EDGE_CURVE('',#1069,#1079,#1081,.T.);
#1079 = VERTEX_POINT('',#1080);
#1080 = CARTESIAN_POINT('',(51.49,0.,0.5));
#1081 = LINE('',#1082,#1083);
#1082 = CARTESIAN_POINT('',(50.44,0.,0.5));
#1083 = VECTOR('',#1084,1.);
#1084 = DIRECTION('',(1.,0.,-0.));
#1085 = ORIENTED_EDGE('',*,*,#1086,.T.);
#1086 = EDGE_CURVE('',#1079,#1087,#1089,.T.);
#1087 = VERTEX_POINT('',#1088);
#1088 = CARTESIAN_POINT('',(51.49,0.,3.9));
#1089 = LINE('',#1090,#1091);
#1090 = CARTESIAN_POINT('',(51.49,0.,0.5));
#1091 = VECTOR('',#1092,1.);
#1092 = DIRECTION('',(0.,0.,1.));
#1093 = ORIENTED_EDGE('',*,*,#1094,.F.);
#1094 = EDGE_CURVE('',#1071,#1087,#1095,.T.);
#1095 = LINE('',#1096,#1097);
#1096 = CARTESIAN_POINT('',(50.44,0.,3.9));
#1097 = VECTOR('',#1098,1.);
#1098 = DIRECTION('',(1.,0.,-0.));
#1099 = FACE_BOUND('',#1100,.F.);
#1100 = EDGE_LOOP('',(#1101,#1111,#1119,#1127));
#1101 = ORIENTED_EDGE('',*,*,#1102,.F.);
#1102 = EDGE_CURVE('',#1103,#1105,#1107,.T.);
#1103 = VERTEX_POINT('',#1104);
#1104 = CARTESIAN_POINT('',(52.16,0.,0.5));
#1105 = VERTEX_POINT('',#1106);
#1106 = CARTESIAN_POINT('',(52.16,0.,3.9));
#1107 = LINE('',#1108,#1109);
#1108 = CARTESIAN_POINT('',(52.16,0.,0.5));
#1109 = VECTOR('',#1110,1.);
#1110 = DIRECTION('',(0.,0.,1.));
#1111 = ORIENTED_EDGE('',*,*,#1112,.T.);
#1112 = EDGE_CURVE('',#1103,#1113,#1115,.T.);
#1113 = VERTEX_POINT('',#1114);
#1114 = CARTESIAN_POINT('',(53.21,0.,0.5));
#1115 = LINE('',#1116,#1117);
#1116 = CARTESIAN_POINT('',(52.16,0.,0.5));
#1117 = VECTOR('',#1118,1.);
#1118 = DIRECTION('',(1.,0.,-0.));
#1119 = ORIENTED_EDGE('',*,*,#1120,.T.);
#1120 = EDGE_CURVE('',#1113,#1121,#1123,.T.);
#1121 = VERTEX_POINT('',#1122);
#1122 = CARTESIAN_POINT('',(53.21,0.,3.9));
#1123 = LINE('',#1124,#1125);
#1124 = CARTESIAN_POINT('',(53.21,0.,0.5));
#1125 = VECTOR('',#1126,1.);
#1126 = DIRECTION('',(0.,0.,1.));
#1127 = ORIENTED_EDGE('',*,*,#1128,.F.);
#1128 = EDGE_CURVE('',#1105,#1121,#1129,.T.);
#1129 = LINE('',#1130,#1131);
#1130 = CARTESIAN_POINT('',(52.16,0.,3.9));
#1131 = VECTOR('',#1132,1.);
#1132 = DIRECTION('',(1.,0.,-0.));
#1133 = FACE_BOUND('',#1134,.F.);
#1134 = EDGE_LOOP('',(#1135,#1145,#1153,#1161));
#1135 = ORIENTED_EDGE('',*,*,#1136,.F.);
#1136 = EDGE_CURVE('',#1137,#1139,#1141,.T.);
#1137 = VERTEX_POINT('',#1138);
#1138 = CARTESIAN_POINT('',(53.88,0.,0.5));
#1139 = VERTEX_POINT('',#1140);
#1140 = CARTESIAN_POINT('',(53.88,0.,3.9));
#1141 = LINE('',#1142,#1143);
#1142 = CARTESIAN_POINT('',(53.88,0.,0.5));
#1143 = VECTOR('',#1144,1.);
#1144 = DIRECTION('',(0.,0.,1.));
#1145 = ORIENTED_EDGE('',*,*,#1146,.T.);
#1146 = EDGE_CURVE('',#1137,#1147,#1149,.T.);
#1147 = VERTEX_POINT('',#1148);
#1148 = CARTESIAN_POINT('',(54.93,0.,0.5));
#1149 = LINE('',#1150,#1151);
#1150 = CARTESIAN_POINT('',(53.88,0.,0.5));
#1151 = VECTOR('',#1152,1.);
#1152 = DIRECTION('',(1.,0.,-0.));
#1153 = ORIENTED_EDGE('',*,*,#1154,.T.);
#1154 = EDGE_CURVE('',#1147,#1155,#1157,.T.);
#1155 = VERTEX_POINT('',#1156);
#1156 = CARTESIAN_POINT('',(54.93,0.,3.9));
#1157 = LINE('',#1158,#1159);
#1158 = CARTESIAN_POINT('',(54.93,0.,0.5));
#1159 = VECTOR('',#1160,1.);
#1160 = DIRECTION('',(0.,0.,1.));
#1161 = ORIENTED_EDGE('',*,*,#1162,.F.);
#1162 = EDGE_CURVE('',#1139,#1155,#1163,.T.);
#1163 = LINE('',#1164,#1165);
#1164 = CARTESIAN_POINT('',(53.88,0.,3.9));
#1165 = VECTOR('',#1166,1.);
#1166 = DIRECTION('',(1.,0.,-0.));
#1167 = FACE_BOUND('',#1168,.F.);
#1168 = EDGE_LOOP('',(#1169,#1179,#1187,#1195));
#1169 = ORIENTED_EDGE('',*,*,#1170,.F.);
#1170 = EDGE_CURVE('',#1171,#1173,#1175,.T.);
#1171 = VERTEX_POINT('',#1172);
#1172 = CARTESIAN_POINT('',(55.6,0.,0.5));
#1173 = VERTEX_POINT('',#1174);
#1174 = CARTESIAN_POINT('',(55.6,0.,3.9));
#1175 = LINE('',#1176,#1177);
#1176 = CARTESIAN_POINT('',(55.6,0.,0.5));
#1177 = VECTOR('',#1178,1.);
#1178 = DIRECTION('',(0.,0.,1.));
#1179 = ORIENTED_EDGE('',*,*,#1180,.T.);
#1180 = EDGE_CURVE('',#1171,#1181,#1183,.T.);
#1181 = VERTEX_POINT('',#1182);
#1182 = CARTESIAN_POINT('',(56.65,0.,0.5));
#1183 = LINE('',#1184,#1185);
#1184 = CARTESIAN_POINT('',(55.6,0.,0.5));
#1185 = VECTOR('',#1186,1.);
#1186 = DIRECTION('',(1.,0.,-0.));
#1187 = ORIENTED_EDGE('',*,*,#1188,.T.);
#1188 = EDGE_CURVE('',#1181,#1189,#1191,.T.);
#1189 = VERTEX_POINT('',#1190);
#1190 = CARTESIAN_POINT('',(56.65,0.,3.9));
#1191 = LINE('',#1192,#1193);
#1192 = CARTESIAN_POINT('',(56.65,0.,0.5));
#1193 = VECTOR('',#1194,1.);
#1194 = DIRECTION('',(0.,0.,1.));
#1195 = ORIENTED_EDGE('',*,*,#1196,.F.);
#1196 = EDGE_CURVE('',#1173,#1189,#1197,.T.);
#1197 = LINE('',#1198,#1199);
#1198 = CARTESIAN_POINT('',(55.6,0.,3.9));
#1199 = VECTOR('',#1200,1.);
#1200 = DIRECTION('',(1.,0.,-0.));
#1201 = FACE_BOUND('',#1202,.F.);
#1202 = EDGE_LOOP('',(#1203,#1213,#1221,#1229));
#1203 = ORIENTED_EDGE('',*,*,#1204,.F.);
#1204 = EDGE_CURVE('',#1205,#1207,#1209,.T.);
#1205 = VERTEX_POINT('',#1206);
#1206 = CARTESIAN_POINT('',(57.32,0.,0.5));
#1207 = VERTEX_POINT('',#1208);
#1208 = CARTESIAN_POINT('',(57.32,0.,3.9));
#1209 = LINE('',#1210,#1211);
#1210 = CARTESIAN_POINT('',(57.32,0.,0.5));
#1211 = VECTOR('',#1212,1.);
#1212 = DIRECTION('',(0.,0.,1.));
#1213 = ORIENTED_EDGE('',*,*,#1214,.T.);
#1214 = EDGE_CURVE('',#1205,#1215,#1217,.T.);
#1215 = VERTEX_POINT('',#1216);
#1216 = CARTESIAN_POINT('',(58.37,0.,0.5));
#1217 = LINE('',#1218,#1219);
#1218 = CARTESIAN_POINT('',(57.32,0.,0.5));
#1219 = VECTOR('',#1220,1.);
#1220 = DIRECTION('',(1.,0.,-0.));
#1221 = ORIENTED_EDGE('',*,*,#1222,.T.);
#1222 = EDGE_CURVE('',#1215,#1223,#1225,.T.);
#1223 = VERTEX_POINT('',#1224);
#1224 = CARTESIAN_POINT('',(58.37,0.,3.9));
#1225 = LINE('',#1226,#1227);
#1226 = CARTESIAN_POINT('',(58.37,0.,0.5));
#1227 = VECTOR('',#1228,1.);
#1228 = DIRECTION('',(0.,0.,1.));
#1229 = ORIENTED_EDGE('',*,*,#1230,.F.);
#1230 = EDGE_CURVE('',#1207,#1223,#1231,.T.);
#1231 = LINE('',#1232,#1233);
#1232 = CARTESIAN_POINT('',(57.32,0.,3.9));
#1233 = VECTOR('',#1234,1.);
#1234 = DIRECTION('',(1.,0.,-0.));
#1235 = FACE_BOUND('',#1236,.F.);
#1236 = EDGE_LOOP('',(#1237,#1247,#1255,#1263));
#1237 = ORIENTED_EDGE('',*,*,#1238,.F.);
#1238 = EDGE_CURVE('',#1239,#1241,#1243,.T.);
#1239 = VERTEX_POINT('',#1240);
#1240 = CARTESIAN_POINT('',(59.04,0.,0.5));
#1241 = VERTEX_POINT('',#1242);
#1242 = CARTESIAN_POINT('',(59.04,0.,3.9));
#1243 = LINE('',#1244,#1245);
#1244 = CARTESIAN_POINT('',(59.04,0.,0.5));
#1245 = VECTOR('',#1246,1.);
#1246 = DIRECTION('',(0.,0.,1.));
#1247 = ORIENTED_EDGE('',*,*,#1248,.T.);
#1248 = EDGE_CURVE('',#1239,#1249,#1251,.T.);
#1249 = VERTEX_POINT('',#1250);
#1250 = CARTESIAN_POINT('',(60.09,0.,0.5));
#1251 = LINE('',#1252,#1253);
#1252 = CARTESIAN_POINT('',(59.04,0.,0.5));
#1253 = VECTOR('',#1254,1.);
#1254 = DIRECTION('',(1.,0.,-0.));
#1255 = ORIENTED_EDGE('',*,*,#1256,.T.);
#1256 = EDGE_CURVE('',#1249,#1257,#1259,.T.);
#1257 = VERTEX_POINT('',#1258);
#1258 = CARTESIAN_POINT('',(60.09,0.,3.9));
#1259 = LINE('',#1260,#1261);
#1260 = CARTESIAN_POINT('',(60.09,0.,0.5));
#1261 = VECTOR('',#1262,1.);
#1262 = DIRECTION('',(0.,0.,1.));
#1263 = ORIENTED_EDGE('',*,*,#1264,.F.);
#1264 = EDGE_CURVE('',#1241,#1257,#1265,.T.);
#1265 = LINE('',#1266,#1267);
#1266 = CARTESIAN_POINT('',(59.04,0.,3.9));
#1267 = VECTOR('',#1268,1.);
#1268 = DIRECTION('',(1.,0.,-0.));
#1269 = FACE_BOUND('',#1270,.F.);
#1270 = EDGE_LOOP('',(#1271,#1281,#1289,#1297));
#1271 = ORIENTED_EDGE('',*,*,#1272,.F.);
#1272 = EDGE_CURVE('',#1273,#1275,#1277,.T.);
#1273 = VERTEX_POINT('',#1274);
#1274 = CARTESIAN_POINT('',(65.92,0.,0.5));
#1275 = VERTEX_POINT('',#1276);
#1276 = CARTESIAN_POINT('',(65.92,0.,3.9));
#1277 = LINE('',#1278,#1279);
#1278 = CARTESIAN_POINT('',(65.92,0.,0.5));
#1279 = VECTOR('',#1280,1.);
#1280 = DIRECTION('',(0.,0.,1.));
#1281 = ORIENTED_EDGE('',*,*,#1282,.T.);
#1282 = EDGE_CURVE('',#1273,#1283,#1285,.T.);
#1283 = VERTEX_POINT('',#1284);
#1284 = CARTESIAN_POINT('',(66.97,0.,0.5));
#1285 = LINE('',#1286,#1287);
#1286 = CARTESIAN_POINT('',(65.92,0.,0.5));
#1287 = VECTOR('',#1288,1.);
#1288 = DIRECTION('',(1.,0.,-0.));
#1289 = ORIENTED_EDGE('',*,*,#1290,.T.);
#1290 = EDGE_CURVE('',#1283,#1291,#1293,.T.);
#1291 = VERTEX_POINT('',#1292);
#1292 = CARTESIAN_POINT('',(66.97,0.,3.9));
#1293 = LINE('',#1294,#1295);
#1294 = CARTESIAN_POINT('',(66.97,0.,0.5));
#1295 = VECTOR('',#1296,1.);
#1296 = DIRECTION('',(0.,0.,1.));
#1297 = ORIENTED_EDGE('',*,*,#1298,.F.);
#1298 = EDGE_CURVE('',#1275,#1291,#1299,.T.);
#1299 = LINE('',#1300,#1301);
#1300 = CARTESIAN_POINT('',(65.92,0.,3.9));
#1301 = VECTOR('',#1302,1.);
#1302 = DIRECTION('',(1.,0.,-0.));
#1303 = FACE_BOUND('',#1304,.F.);
#1304 = EDGE_LOOP('',(#1305,#1315,#1323,#1331));
#1305 = ORIENTED_EDGE('',*,*,#1306,.F.);
#1306 = EDGE_CURVE('',#1307,#1309,#1311,.T.);
#1307 = VERTEX_POINT('',#1308);
#1308 = CARTESIAN_POINT('',(6.5,0.,11.));
#1309 = VERTEX_POINT('',#1310);
#1310 = CARTESIAN_POINT('',(6.5,0.,22.5));
#1311 = LINE('',#1312,#1313);
#1312 = CARTESIAN_POINT('',(6.5,0.,11.));
#1313 = VECTOR('',#1314,1.);
#1314 = DIRECTION('',(0.,0.,1.));
#1315 = ORIENTED_EDGE('',*,*,#1316,.T.);
#1316 = EDGE_CURVE('',#1307,#1317,#1319,.T.);
#1317 = VERTEX_POINT('',#1318);
#1318 = CARTESIAN_POINT('',(16.1,0.,11.));
#1319 = LINE('',#1320,#1321);
#1320 = CARTESIAN_POINT('',(6.5,0.,11.));
#1321 = VECTOR('',#1322,1.);
#1322 = DIRECTION('',(1.,0.,-0.));
#1323 = ORIENTED_EDGE('',*,*,#1324,.T.);
#1324 = EDGE_CURVE('',#1317,#1325,#1327,.T.);
#1325 = VERTEX_POINT('',#1326);
#1326 = CARTESIAN_POINT('',(16.1,0.,22.5));
#1327 = LINE('',#1328,#1329);
#1328 = CARTESIAN_POINT('',(16.1,0.,11.));
#1329 = VECTOR('',#1330,1.);
#1330 = DIRECTION('',(0.,0.,1.));
#1331 = ORIENTED_EDGE('',*,*,#1332,.F.);
#1332 = EDGE_CURVE('',#1309,#1325,#1333,.T.);
#1333 = LINE('',#1334,#1335);
#1334 = CARTESIAN_POINT('',(6.5,0.,22.5));
#1335 = VECTOR('',#1336,1.);
#1336 = DIRECTION('',(1.,0.,-0.));
#1337 = FACE_BOUND('',#1338,.F.);
#1338 = EDGE_LOOP('',(#1339,#1349,#1357,#1365));
#1339 = ORIENTED_EDGE('',*,*,#1340,.F.);
#1340 = EDGE_CURVE('',#1341,#1343,#1345,.T.);
#1341 = VERTEX_POINT('',#1342);
#1342 = CARTESIAN_POINT('',(19.1,0.,11.));
#1343 = VERTEX_POINT('',#1344);
#1344 = CARTESIAN_POINT('',(19.1,0.,22.5));
#1345 = LINE('',#1346,#1347);
#1346 = CARTESIAN_POINT('',(19.1,0.,11.));
#1347 = VECTOR('',#1348,1.);
#1348 = DIRECTION('',(0.,0.,1.));
#1349 = ORIENTED_EDGE('',*,*,#1350,.T.);
#1350 = EDGE_CURVE('',#1341,#1351,#1353,.T.);
#1351 = VERTEX_POINT('',#1352);
#1352 = CARTESIAN_POINT('',(28.7,0.,11.));
#1353 = LINE('',#1354,#1355);
#1354 = CARTESIAN_POINT('',(19.1,0.,11.));
#1355 = VECTOR('',#1356,1.);
#1356 = DIRECTION('',(1.,0.,-0.));
#1357 = ORIENTED_EDGE('',*,*,#1358,.T.);
#1358 = EDGE_CURVE('',#1351,#1359,#1361,.T.);
#1359 = VERTEX_POINT('',#1360);
#1360 = CARTESIAN_POINT('',(28.7,0.,22.5));
#1361 = LINE('',#1362,#1363);
#1362 = CARTESIAN_POINT('',(28.7,0.,11.));
#1363 = VECTOR('',#1364,1.);
#1364 = DIRECTION('',(0.,0.,1.));
#1365 = ORIENTED_EDGE('',*,*,#1366,.F.);
#1366 = EDGE_CURVE('',#1343,#1359,#1367,.T.);
#1367 = LINE('',#1368,#1369);
#1368 = CARTESIAN_POINT('',(19.1,0.,22.5));
#1369 = VECTOR('',#1370,1.);
#1370 = DIRECTION('',(1.,0.,-0.));
#1371 = FACE_BOUND('',#1372,.F.);
#1372 = EDGE_LOOP('',(#1373,#1383,#1391,#1399));
#1373 = ORIENTED_EDGE('',*,*,#1374,.F.);
#1374 = EDGE_CURVE('',#1375,#1377,#1379,.T.);
#1375 = VERTEX_POINT('',#1376);
#1376 = CARTESIAN_POINT('',(31.7,0.,11.));
#1377 = VERTEX_POINT('',#1378);
#1378 = CARTESIAN_POINT('',(31.7,0.,22.5));
#1379 = LINE('',#1380,#1381);
#1380 = CARTESIAN_POINT('',(31.7,0.,11.));
#1381 = VECTOR('',#1382,1.);
#1382 = DIRECTION('',(0.,0.,1.));
#1383 = ORIENTED_EDGE('',*,*,#1384,.T.);
#1384 = EDGE_CURVE('',#1375,#1385,#1387,.T.);
#1385 = VERTEX_POINT('',#1386);
#1386 = CARTESIAN_POINT('',(41.3,0.,11.));
#1387 = LINE('',#1388,#1389);
#1388 = CARTESIAN_POINT('',(31.7,0.,11.));
#1389 = VECTOR('',#1390,1.);
#1390 = DIRECTION('',(1.,0.,-0.));
#1391 = ORIENTED_EDGE('',*,*,#1392,.T.);
#1392 = EDGE_CURVE('',#1385,#1393,#1395,.T.);
#1393 = VERTEX_POINT('',#1394);
#1394 = CARTESIAN_POINT('',(41.3,0.,22.5));
#1395 = LINE('',#1396,#1397);
#1396 = CARTESIAN_POINT('',(41.3,0.,11.));
#1397 = VECTOR('',#1398,1.);
#1398 = DIRECTION('',(0.,0.,1.));
#1399 = ORIENTED_EDGE('',*,*,#1400,.F.);
#1400 = EDGE_CURVE('',#1377,#1393,#1401,.T.);
#1401 = LINE('',#1402,#1403);
#1402 = CARTESIAN_POINT('',(31.7,0.,22.5));
#1403 = VECTOR('',#1404,1.);
#1404 = DIRECTION('',(1.,0.,-0.));
#1405 = FACE_BOUND('',#1406,.F.);
#1406 = EDGE_LOOP('',(#1407,#1417,#1425,#1433));
#1407 = ORIENTED_EDGE('',*,*,#1408,.F.);
#1408 = EDGE_CURVE('',#1409,#1411,#1413,.T.);
#1409 = VERTEX_POINT('',#1410);
#1410 = CARTESIAN_POINT('',(44.3,0.,11.));
#1411 = VERTEX_POINT('',#1412);
#1412 = CARTESIAN_POINT('',(44.3,0.,22.5));
#1413 = LINE('',#1414,#1415);
#1414 = CARTESIAN_POINT('',(44.3,0.,11.));
#1415 = VECTOR('',#1416,1.);
#1416 = DIRECTION('',(0.,0.,1.));
#1417 = ORIENTED_EDGE('',*,*,#1418,.T.);
#1418 = EDGE_CURVE('',#1409,#1419,#1421,.T.);
#1419 = VERTEX_POINT('',#1420);
#1420 = CARTESIAN_POINT('',(53.9,0.,11.));
#1421 = LINE('',#1422,#1423);
#1422 = CARTESIAN_POINT('',(44.3,0.,11.));
#1423 = VECTOR('',#1424,1.);
#1424 = DIRECTION('',(1.,0.,-0.));
#1425 = ORIENTED_EDGE('',*,*,#1426,.T.);
#1426 = EDGE_CURVE('',#1419,#1427,#1429,.T.);
#1427 = VERTEX_POINT('',#1428);
#1428 = CARTESIAN_POINT('',(53.9,0.,22.5));
#1429 = LINE('',#1430,#1431);
#1430 = CARTESIAN_POINT('',(53.9,0.,11.));
#1431 = VECTOR('',#1432,1.);
#1432 = DIRECTION('',(0.,0.,1.));
#1433 = ORIENTED_EDGE('',*,*,#1434,.F.);
#1434 = EDGE_CURVE('',#1411,#1427,#1435,.T.);
#1435 = LINE('',#1436,#1437);
#1436 = CARTESIAN_POINT('',(44.3,0.,22.5));
#1437 = VECTOR('',#1438,1.);
#1438 = DIRECTION('',(1.,0.,-0.));
#1439 = FACE_BOUND('',#1440,.F.);
#1440 = EDGE_LOOP('',(#1441,#1451,#1459,#1467));
#1441 = ORIENTED_EDGE('',*,*,#1442,.F.);
#1442 = EDGE_CURVE('',#1443,#1445,#1447,.T.);
#1443 = VERTEX_POINT('',#1444);
#1444 = CARTESIAN_POINT('',(56.9,0.,11.));
#1445 = VERTEX_POINT('',#1446);
#1446 = CARTESIAN_POINT('',(56.9,0.,22.5));
#1447 = LINE('',#1448,#1449);
#1448 = CARTESIAN_POINT('',(56.9,0.,11.));
#1449 = VECTOR('',#1450,1.);
#1450 = DIRECTION('',(0.,0.,1.));
#1451 = ORIENTED_EDGE('',*,*,#1452,.T.);
#1452 = EDGE_CURVE('',#1443,#1453,#1455,.T.);
#1453 = VERTEX_POINT('',#1454);
#1454 = CARTESIAN_POINT('',(66.5,0.,11.));
#1455 = LINE('',#1456,#1457);
#1456 = CARTESIAN_POINT('',(56.9,0.,11.));
#1457 = VECTOR('',#1458,1.);
#1458 = DIRECTION('',(1.,0.,-0.));
#1459 = ORIENTED_EDGE('',*,*,#1460,.T.);
#1460 = EDGE_CURVE('',#1453,#1461,#1463,.T.);
#1461 = VERTEX_POINT('',#1462);
#1462 = CARTESIAN_POINT('',(66.5,0.,22.5));
#1463 = LINE('',#1464,#1465);
#1464 = CARTESIAN_POINT('',(66.5,0.,11.));
#1465 = VECTOR('',#1466,1.);
#1466 = DIRECTION('',(0.,0.,1.));
#1467 = ORIENTED_EDGE('',*,*,#1468,.F.);
#1468 = EDGE_CURVE('',#1445,#1461,#1469,.T.);
#1469 = LINE('',#1470,#1471);
#1470 = CARTESIAN_POINT('',(56.9,0.,22.5));
#1471 = VECTOR('',#1472,1.);
#1472 = DIRECTION('',(1.,0.,-0.));
#1473 = FACE_BOUND('',#1474,.F.);
#1474 = EDGE_LOOP('',(#1475,#1485,#1493,#1501));
#1475 = ORIENTED_EDGE('',*,*,#1476,.F.);
#1476 = EDGE_CURVE('',#1477,#1479,#1481,.T.);
#1477 = VERTEX_POINT('',#1478);
#1478 = CARTESIAN_POINT('',(67.64,0.,0.5));
#1479 = VERTEX_POINT('',#1480);
#1480 = CARTESIAN_POINT('',(67.64,0.,3.9));
#1481 = LINE('',#1482,#1483);
#1482 = CARTESIAN_POINT('',(67.64,0.,0.5));
#1483 = VECTOR('',#1484,1.);
#1484 = DIRECTION('',(0.,0.,1.));
#1485 = ORIENTED_EDGE('',*,*,#1486,.T.);
#1486 = EDGE_CURVE('',#1477,#1487,#1489,.T.);
#1487 = VERTEX_POINT('',#1488);
#1488 = CARTESIAN_POINT('',(68.69,0.,0.5));
#1489 = LINE('',#1490,#1491);
#1490 = CARTESIAN_POINT('',(67.64,0.,0.5));
#1491 = VECTOR('',#1492,1.);
#1492 = DIRECTION('',(1.,0.,-0.));
#1493 = ORIENTED_EDGE('',*,*,#1494,.T.);
#1494 = EDGE_CURVE('',#1487,#1495,#1497,.T.);
#1495 = VERTEX_POINT('',#1496);
#1496 = CARTESIAN_POINT('',(68.69,0.,3.9));
#1497 = LINE('',#1498,#1499);
#1498 = CARTESIAN_POINT('',(68.69,0.,0.5));
#1499 = VECTOR('',#1500,1.);
#1500 = DIRECTION('',(0.,0.,1.));
#1501 = ORIENTED_EDGE('',*,*,#1502,.F.);
#1502 = EDGE_CURVE('',#1479,#1495,#1503,.T.);
#1503 = LINE('',#1504,#1505);
#1504 = CARTESIAN_POINT('',(67.64,0.,3.9));
#1505 = VECTOR('',#1506,1.);
#1506 = DIRECTION('',(1.,0.,-0.));
#1507 = FACE_BOUND('',#1508,.F.);
#1508 = EDGE_LOOP('',(#1509,#1519,#1527,#1535));
#1509 = ORIENTED_EDGE('',*,*,#1510,.F.);
#1510 = EDGE_CURVE('',#1511,#1513,#1515,.T.);
#1511 = VERTEX_POINT('',#1512);
#1512 = CARTESIAN_POINT('',(69.36,0.,0.5));
#1513 = VERTEX_POINT('',#1514);
#1514 = CARTESIAN_POINT('',(69.36,0.,3.9));
#1515 = LINE('',#1516,#1517);
#1516 = CARTESIAN_POINT('',(69.36,0.,0.5));
#1517 = VECTOR('',#1518,1.);
#1518 = DIRECTION('',(0.,0.,1.));
#1519 = ORIENTED_EDGE('',*,*,#1520,.T.);
#1520 = EDGE_CURVE('',#1511,#1521,#1523,.T.);
#1521 = VERTEX_POINT('',#1522);
#1522 = CARTESIAN_POINT('',(70.41,0.,0.5));
#1523 = LINE('',#1524,#1525);
#1524 = CARTESIAN_POINT('',(69.36,0.,0.5));
#1525 = VECTOR('',#1526,1.);
#1526 = DIRECTION('',(1.,0.,-0.));
#1527 = ORIENTED_EDGE('',*,*,#1528,.T.);
#1528 = EDGE_CURVE('',#1521,#1529,#1531,.T.);
#1529 = VERTEX_POINT('',#1530);
#1530 = CARTESIAN_POINT('',(70.41,0.,3.9));
#1531 = LINE('',#1532,#1533);
#1532 = CARTESIAN_POINT('',(70.41,0.,0.5));
#1533 = VECTOR('',#1534,1.);
#1534 = DIRECTION('',(0.,0.,1.));
#1535 = ORIENTED_EDGE('',*,*,#1536,.F.);
#1536 = EDGE_CURVE('',#1513,#1529,#1537,.T.);
#1537 = LINE('',#1538,#1539);
#1538 = CARTESIAN_POINT('',(69.36,0.,3.9));
#1539 = VECTOR('',#1540,1.);
#1540 = DIRECTION('',(1.,0.,-0.));
#1541 = FACE_BOUND('',#1542,.F.);
#1542 = EDGE_LOOP('',(#1543,#1553,#1561,#1569));
#1543 = ORIENTED_EDGE('',*,*,#1544,.F.);
#1544 = EDGE_CURVE('',#1545,#1547,#1549,.T.);
#1545 = VERTEX_POINT('',#1546);
#1546 = CARTESIAN_POINT('',(71.08,0.,0.5));
#1547 = VERTEX_POINT('',#1548);
#1548 = CARTESIAN_POINT('',(71.08,0.,3.9));
#1549 = LINE('',#1550,#1551);
#1550 = CARTESIAN_POINT('',(71.08,0.,0.5));
#1551 = VECTOR('',#1552,1.);
#1552 = DIRECTION('',(0.,0.,1.));
#1553 = ORIENTED_EDGE('',*,*,#1554,.T.);
#1554 = EDGE_CURVE('',#1545,#1555,#1557,.T.);
#1555 = VERTEX_POINT('',#1556);
#1556 = CARTESIAN_POINT('',(72.13,0.,0.5));
#1557 = LINE('',#1558,#1559);
#1558 = CARTESIAN_POINT('',(71.08,0.,0.5));
#1559 = VECTOR('',#1560,1.);
#1560 = DIRECTION('',(1.,0.,-0.));
#1561 = ORIENTED_EDGE('',*,*,#1562,.T.);
#1562 = EDGE_CURVE('',#1555,#1563,#1565,.T.);
#1563 = VERTEX_POINT('',#1564);
#1564 = CARTESIAN_POINT('',(72.13,0.,3.9));
#1565 = LINE('',#1566,#1567);
#1566 = CARTESIAN_POINT('',(72.13,0.,0.5));
#1567 = VECTOR('',#1568,1.);
#1568 = DIRECTION('',(0.,0.,1.));
#1569 = ORIENTED_EDGE('',*,*,#1570,.F.);
#1570 = EDGE_CURVE('',#1547,#1563,#1571,.T.);
#1571 = LINE('',#1572,#1573);
#1572 = CARTESIAN_POINT('',(71.08,0.,3.9));
#1573 = VECTOR('',#1574,1.);
#1574 = DIRECTION('',(1.,0.,-0.));
#1575 = FACE_BOUND('',#1576,.F.);
#1576 = EDGE_LOOP('',(#1577,#1587,#1595,#1603));
#1577 = ORIENTED_EDGE('',*,*,#1578,.F.);
#1578 = EDGE_CURVE('',#1579,#1581,#1583,.T.);
#1579 = VERTEX_POINT('',#1580);
#1580 = CARTESIAN_POINT('',(72.8,0.,0.5));
#1581 = VERTEX_POINT('',#1582);
#1582 = CARTESIAN_POINT('',(72.8,0.,3.9));
#1583 = LINE('',#1584,#1585);
#1584 = CARTESIAN_POINT('',(72.8,0.,0.5));
#1585 = VECTOR('',#1586,1.);
#1586 = DIRECTION('',(0.,0.,1.));
#1587 = ORIENTED_EDGE('',*,*,#1588,.T.);
#1588 = EDGE_CURVE('',#1579,#1589,#1591,.T.);
#1589 = VERTEX_POINT('',#1590);
#1590 = CARTESIAN_POINT('',(73.85,0.,0.5));
#1591 = LINE('',#1592,#1593);
#1592 = CARTESIAN_POINT('',(72.8,0.,0.5));
#1593 = VECTOR('',#1594,1.);
#1594 = DIRECTION('',(1.,0.,-0.));
#1595 = ORIENTED_EDGE('',*,*,#1596,.T.);
#1596 = EDGE_CURVE('',#1589,#1597,#1599,.T.);
#1597 = VERTEX_POINT('',#1598);
#1598 = CARTESIAN_POINT('',(73.85,0.,3.9));
#1599 = LINE('',#1600,#1601);
#1600 = CARTESIAN_POINT('',(73.85,0.,0.5));
#1601 = VECTOR('',#1602,1.);
#1602 = DIRECTION('',(0.,0.,1.));
#1603 = ORIENTED_EDGE('',*,*,#1604,.F.);
#1604 = EDGE_CURVE('',#1581,#1597,#1605,.T.);
#1605 = LINE('',#1606,#1607);
#1606 = CARTESIAN_POINT('',(72.8,0.,3.9));
#1607 = VECTOR('',#1608,1.);
#1608 = DIRECTION('',(1.,0.,-0.));
#1609 = FACE_BOUND('',#1610,.F.);
#1610 = EDGE_LOOP('',(#1611,#1621,#1629,#1637));
#1611 = ORIENTED_EDGE('',*,*,#1612,.F.);
#1612 = EDGE_CURVE('',#1613,#1615,#1617,.T.);
#1613 = VERTEX_POINT('',#1614);
#1614 = CARTESIAN_POINT('',(74.52,0.,0.5));
#1615 = VERTEX_POINT('',#1616);
#1616 = CARTESIAN_POINT('',(74.52,0.,3.9));
#1617 = LINE('',#1618,#1619);
#1618 = CARTESIAN_POINT('',(74.52,0.,0.5));
#1619 = VECTOR('',#1620,1.);
#1620 = DIRECTION('',(0.,0.,1.));
#1621 = ORIENTED_EDGE('',*,*,#1622,.T.);
#1622 = EDGE_CURVE('',#1613,#1623,#1625,.T.);
#1623 = VERTEX_POINT('',#1624);
#1624 = CARTESIAN_POINT('',(75.57,0.,0.5));
#1625 = LINE('',#1626,#1627);
#1626 = CARTESIAN_POINT('',(74.52,0.,0.5));
#1627 = VECTOR('',#1628,1.);
#1628 = DIRECTION('',(1.,0.,-0.));
#1629 = ORIENTED_EDGE('',*,*,#1630,.T.);
#1630 = EDGE_CURVE('',#1623,#1631,#1633,.T.);
#1631 = VERTEX_POINT('',#1632);
#1632 = CARTESIAN_POINT('',(75.57,0.,3.9));
#1633 = LINE('',#1634,#1635);
#1634 = CARTESIAN_POINT('',(75.57,0.,0.5));
#1635 = VECTOR('',#1636,1.);
#1636 = DIRECTION('',(0.,0.,1.));
#1637 = ORIENTED_EDGE('',*,*,#1638,.F.);
#1638 = EDGE_CURVE('',#1615,#1631,#1639,.T.);
#1639 = LINE('',#1640,#1641);
#1640 = CARTESIAN_POINT('',(74.52,0.,3.9));
#1641 = VECTOR('',#1642,1.);
#1642 = DIRECTION('',(1.,0.,-0.));
#1643 = FACE_BOUND('',#1644,.F.);
#1644 = EDGE_LOOP('',(#1645,#1655,#1663,#1671));
#1645 = ORIENTED_EDGE('',*,*,#1646,.F.);
#1646 = EDGE_CURVE('',#1647,#1649,#1651,.T.);
#1647 = VERTEX_POINT('',#1648);
#1648 = CARTESIAN_POINT('',(76.24,0.,0.5));
#1649 = VERTEX_POINT('',#1650);
#1650 = CARTESIAN_POINT('',(76.24,0.,3.9));
#1651 = LINE('',#1652,#1653);
#1652 = CARTESIAN_POINT('',(76.24,0.,0.5));
#1653 = VECTOR('',#1654,1.);
#1654 = DIRECTION('',(0.,0.,1.));
#1655 = ORIENTED_EDGE('',*,*,#1656,.T.);
#1656 = EDGE_CURVE('',#1647,#1657,#1659,.T.);
#1657 = VERTEX_POINT('',#1658);
#1658 = CARTESIAN_POINT('',(77.29,0.,0.5));
#1659 = LINE('',#1660,#1661);
#1660 = CARTESIAN_POINT('',(76.24,0.,0.5));
#1661 = VECTOR('',#1662,1.);
#1662 = DIRECTION('',(1.,0.,-0.));
#1663 = ORIENTED_EDGE('',*,*,#1664,.T.);
#1664 = EDGE_CURVE('',#1657,#1665,#1667,.T.);
#1665 = VERTEX_POINT('',#1666);
#1666 = CARTESIAN_POINT('',(77.29,0.,3.9));
#1667 = LINE('',#1668,#1669);
#1668 = CARTESIAN_POINT('',(77.29,0.,0.5));
#1669 = VECTOR('',#1670,1.);
#1670 = DIRECTION('',(0.,0.,1.));
#1671 = ORIENTED_EDGE('',*,*,#1672,.F.);
#1672 = EDGE_CURVE('',#1649,#1665,#1673,.T.);
#1673 = LINE('',#1674,#1675);
#1674 = CARTESIAN_POINT('',(76.24,0.,3.9));
#1675 = VECTOR('',#1676,1.);
#1676 = DIRECTION('',(1.,0.,-0.));
#1677 = FACE_BOUND('',#1678,.F.);
#1678 = EDGE_LOOP('',(#1679,#1689,#1697,#1705));
#1679 = ORIENTED_EDGE('',*,*,#1680,.F.);
#1680 = EDGE_CURVE('',#1681,#1683,#1685,.T.);
#1681 = VERTEX_POINT('',#1682);
#1682 = CARTESIAN_POINT('',(77.96,0.,0.5));
#1683 = VERTEX_POINT('',#1684);
#1684 = CARTESIAN_POINT('',(77.96,0.,3.9));
#1685 = LINE('',#1686,#1687);
#1686 = CARTESIAN_POINT('',(77.96,0.,0.5));
#1687 = VECTOR('',#1688,1.);
#1688 = DIRECTION('',(0.,0.,1.));
#1689 = ORIENTED_EDGE('',*,*,#1690,.T.);
#1690 = EDGE_CURVE('',#1681,#1691,#1693,.T.);
#1691 = VERTEX_POINT('',#1692);
#1692 = CARTESIAN_POINT('',(79.01,0.,0.5));
#1693 = LINE('',#1694,#1695);
#1694 = CARTESIAN_POINT('',(77.96,0.,0.5));
#1695 = VECTOR('',#1696,1.);
#1696 = DIRECTION('',(1.,0.,-0.));
#1697 = ORIENTED_EDGE('',*,*,#1698,.T.);
#1698 = EDGE_CURVE('',#1691,#1699,#1701,.T.);
#1699 = VERTEX_POINT('',#1700);
#1700 = CARTESIAN_POINT('',(79.01,0.,3.9));
#1701 = LINE('',#1702,#1703);
#1702 = CARTESIAN_POINT('',(79.01,0.,0.5));
#1703 = VECTOR('',#1704,1.);
#1704 = DIRECTION('',(0.,0.,1.));
#1705 = ORIENTED_EDGE('',*,*,#1706,.F.);
#1706 = EDGE_CURVE('',#1683,#1699,#1707,.T.);
#1707 = LINE('',#1708,#1709);
#1708 = CARTESIAN_POINT('',(77.96,0.,3.9));
#1709 = VECTOR('',#1710,1.);
#1710 = DIRECTION('',(1.,0.,-0.));
#1711 = FACE_BOUND('',#1712,.F.);
#1712 = EDGE_LOOP('',(#1713,#1723,#1731,#1739));
#1713 = ORIENTED_EDGE('',*,*,#1714,.F.);
#1714 = EDGE_CURVE('',#1715,#1717,#1719,.T.);
#1715 = VERTEX_POINT('',#1716);
#1716 = CARTESIAN_POINT('',(79.68,0.,0.5));
#1717 = VERTEX_POINT('',#1718);
#1718 = CARTESIAN_POINT('',(79.68,0.,3.9));
#1719 = LINE('',#1720,#1721);
#1720 = CARTESIAN_POINT('',(79.68,0.,0.5));
#1721 = VECTOR('',#1722,1.);
#1722 = DIRECTION('',(0.,0.,1.));
#1723 = ORIENTED_EDGE('',*,*,#1724,.T.);
#1724 = EDGE_CURVE('',#1715,#1725,#1727,.T.);
#1725 = VERTEX_POINT('',#1726);
#1726 = CARTESIAN_POINT('',(80.73,0.,0.5));
#1727 = LINE('',#1728,#1729);
#1728 = CARTESIAN_POINT('',(79.68,0.,0.5));
#1729 = VECTOR('',#1730,1.);
#1730 = DIRECTION('',(1.,0.,-0.));
#1731 = ORIENTED_EDGE('',*,*,#1732,.T.);
#1732 = EDGE_CURVE('',#1725,#1733,#1735,.T.);
#1733 = VERTEX_POINT('',#1734);
#1734 = CARTESIAN_POINT('',(80.73,0.,3.9));
#1735 = LINE('',#1736,#1737);
#1736 = CARTESIAN_POINT('',(80.73,0.,0.5));
#1737 = VECTOR('',#1738,1.);
#1738 = DIRECTION('',(0.,0.,1.));
#1739 = ORIENTED_EDGE('',*,*,#1740,.F.);
#1740 = EDGE_CURVE('',#1717,#1733,#1741,.T.);
#1741 = LINE('',#1742,#1743);
#1742 = CARTESIAN_POINT('',(79.68,0.,3.9));
#1743 = VECTOR('',#1744,1.);
#1744 = DIRECTION('',(1.,0.,-0.));
#1745 = FACE_BOUND('',#1746,.F.);
#1746 = EDGE_LOOP('',(#1747,#1757,#1765,#1773));
#1747 = ORIENTED_EDGE('',*,*,#1748,.F.);
#1748 = EDGE_CURVE('',#1749,#1751,#1753,.T.);
#1749 = VERTEX_POINT('',#1750);
#1750 = CARTESIAN_POINT('',(81.4,0.,0.5));
#1751 = VERTEX_POINT('',#1752);
#1752 = CARTESIAN_POINT('',(81.4,0.,3.9));
#1753 = LINE('',#1754,#1755);
#1754 = CARTESIAN_POINT('',(81.4,0.,0.5));
#1755 = VECTOR('',#1756,1.);
#1756 = DIRECTION('',(0.,0.,1.));
#1757 = ORIENTED_EDGE('',*,*,#1758,.T.);
#1758 = EDGE_CURVE('',#1749,#1759,#1761,.T.);
#1759 = VERTEX_POINT('',#1760);
#1760 = CARTESIAN_POINT('',(82.45,0.,0.5));
#1761 = LINE('',#1762,#1763);
#1762 = CARTESIAN_POINT('',(81.4,0.,0.5));
#1763 = VECTOR('',#1764,1.);
#1764 = DIRECTION('',(1.,0.,-0.));
#1765 = ORIENTED_EDGE('',*,*,#1766,.T.);
#1766 = EDGE_CURVE('',#1759,#1767,#1769,.T.);
#1767 = VERTEX_POINT('',#1768);
#1768 = CARTESIAN_POINT('',(82.45,0.,3.9));
#1769 = LINE('',#1770,#1771);
#1770 = CARTESIAN_POINT('',(82.45,0.,0.5));
#1771 = VECTOR('',#1772,1.);
#1772 = DIRECTION('',(0.,0.,1.));
#1773 = ORIENTED_EDGE('',*,*,#1774,.F.);
#1774 = EDGE_CURVE('',#1751,#1767,#1775,.T.);
#1775 = LINE('',#1776,#1777);
#1776 = CARTESIAN_POINT('',(81.4,0.,3.9));
#1777 = VECTOR('',#1778,1.);
#1778 = DIRECTION('',(1.,0.,-0.));
#1779 = FACE_BOUND('',#1780,.F.);
#1780 = EDGE_LOOP('',(#1781,#1791,#1799,#1807));
#1781 = ORIENTED_EDGE('',*,*,#1782,.F.);
#1782 = EDGE_CURVE('',#1783,#1785,#1787,.T.);
#1783 = VERTEX_POINT('',#1784);
#1784 = CARTESIAN_POINT('',(83.12,0.,0.5));
#1785 = VERTEX_POINT('',#1786);
#1786 = CARTESIAN_POINT('',(83.12,0.,3.9));
#1787 = LINE('',#1788,#1789);
#1788 = CARTESIAN_POINT('',(83.12,0.,0.5));
#1789 = VECTOR('',#1790,1.);
#1790 = DIRECTION('',(0.,0.,1.));
#1791 = ORIENTED_EDGE('',*,*,#1792,.T.);
#1792 = EDGE_CURVE('',#1783,#1793,#1795,.T.);
#1793 = VERTEX_POINT('',#1794);
#1794 = CARTESIAN_POINT('',(84.17,0.,0.5));
#1795 = LINE('',#1796,#1797);
#1796 = CARTESIAN_POINT('',(83.12,0.,0.5));
#1797 = VECTOR('',#1798,1.);
#1798 = DIRECTION('',(1.,0.,-0.));
#1799 = ORIENTED_EDGE('',*,*,#1800,.T.);
#1800 = EDGE_CURVE('',#1793,#1801,#1803,.T.);
#1801 = VERTEX_POINT('',#1802);
#1802 = CARTESIAN_POINT('',(84.17,0.,3.9));
#1803 = LINE('',#1804,#1805);
#1804 = CARTESIAN_POINT('',(84.17,0.,0.5));
#1805 = VECTOR('',#1806,1.);
#1806 = DIRECTION('',(0.,0.,1.));
#1807 = ORIENTED_EDGE('',*,*,#1808,.F.);
#1808 = EDGE_CURVE('',#1785,#1801,#1809,.T.);
#1809 = LINE('',#1810,#1811);
#1810 = CARTESIAN_POINT('',(83.12,0.,3.9));
#1811 = VECTOR('',#1812,1.);
#1812 = DIRECTION('',(1.,0.,-0.));
#1813 = FACE_BOUND('',#1814,.F.);
#1814 = EDGE_LOOP('',(#1815,#1825,#1833,#1841));
#1815 = ORIENTED_EDGE('',*,*,#1816,.F.);
#1816 = EDGE_CURVE('',#1817,#1819,#1821,.T.);
#1817 = VERTEX_POINT('',#1818);
#1818 = CARTESIAN_POINT('',(84.84,0.,0.5));
#1819 = VERTEX_POINT('',#1820);
#1820 = CARTESIAN_POINT('',(84.84,0.,3.9));
#1821 = LINE('',#1822,#1823);
#1822 = CARTESIAN_POINT('',(84.84,0.,0.5));
#1823 = VECTOR('',#1824,1.);
#1824 = DIRECTION('',(0.,0.,1.));
#1825 = ORIENTED_EDGE('',*,*,#1826,.T.);
#1826 = EDGE_CURVE('',#1817,#1827,#1829,.T.);
#1827 = VERTEX_POINT('',#1828);
#1828 = CARTESIAN_POINT('',(85.89,0.,0.5));
#1829 = LINE('',#1830,#1831);
#1830 = CARTESIAN_POINT('',(84.84,0.,0.5));
#1831 = VECTOR('',#1832,1.);
#1832 = DIRECTION('',(1.,0.,-0.));
#1833 = ORIENTED_EDGE('',*,*,#1834,.T.);
#1834 = EDGE_CURVE('',#1827,#1835,#1837,.T.);
#1835 = VERTEX_POINT('',#1836);
#1836 = CARTESIAN_POINT('',(85.89,0.,3.9));
#1837 = LINE('',#1838,#1839);
#1838 = CARTESIAN_POINT('',(85.89,0.,0.5));
#1839 = VECTOR('',#1840,1.);
#1840 = DIRECTION('',(0.,0.,1.));
#1841 = ORIENTED_EDGE('',*,*,#1842,.F.);
#1842 = EDGE_CURVE('',#1819,#1835,#1843,.T.);
#1843 = LINE('',#1844,#1845);
#1844 = CARTESIAN_POINT('',(84.84,0.,3.9));
#1845 = VECTOR('',#1846,1.);
#1846 = DIRECTION('',(1.,0.,-0.));
#1847 = FACE_BOUND('',#1848,.F.);
#1848 = EDGE_LOOP('',(#1849,#1859,#1867,#1875));
#1849 = ORIENTED_EDGE('',*,*,#1850,.F.);
#1850 = EDGE_CURVE('',#1851,#1853,#1855,.T.);
#1851 = VERTEX_POINT('',#1852);
#1852 = CARTESIAN_POINT('',(86.56,0.,0.5));
#1853 = VERTEX_POINT('',#1854);
#1854 = CARTESIAN_POINT('',(86.56,0.,3.9));
#1855 = LINE('',#1856,#1857);
#1856 = CARTESIAN_POINT('',(86.56,0.,0.5));
#1857 = VECTOR('',#1858,1.);
#1858 = DIRECTION('',(0.,0.,1.));
#1859 = ORIENTED_EDGE('',*,*,#1860,.T.);
#1860 = EDGE_CURVE('',#1851,#1861,#1863,.T.);
#1861 = VERTEX_POINT('',#1862);
#1862 = CARTESIAN_POINT('',(87.61,0.,0.5));
#1863 = LINE('',#1864,#1865);
#1864 = CARTESIAN_POINT('',(86.56,0.,0.5));
#1865 = VECTOR('',#1866,1.);
#1866 = DIRECTION('',(1.,0.,-0.));
#1867 = ORIENTED_EDGE('',*,*,#1868,.T.);
#1868 = EDGE_CURVE('',#1861,#1869,#1871,.T.);
#1869 = VERTEX_POINT('',#1870);
#1870 = CARTESIAN_POINT('',(87.61,0.,3.9));
#1871 = LINE('',#1872,#1873);
#1872 = CARTESIAN_POINT('',(87.61,0.,0.5));
#1873 = VECTOR('',#1874,1.);
#1874 = DIRECTION('',(0.,0.,1.));
#1875 = ORIENTED_EDGE('',*,*,#1876,.F.);
#1876 = EDGE_CURVE('',#1853,#1869,#1877,.T.);
#1877 = LINE('',#1878,#1879);
#1878 = CARTESIAN_POINT('',(86.56,0.,3.9));
#1879 = VECTOR('',#1880,1.);
#1880 = DIRECTION('',(1.,0.,-0.));
#1881 = FACE_BOUND('',#1882,.F.);
#1882 = EDGE_LOOP('',(#1883,#1893,#1901,#1909));
#1883 = ORIENTED_EDGE('',*,*,#1884,.F.);
#1884 = EDGE_CURVE('',#1885,#1887,#1889,.T.);
#1885 = VERTEX_POINT('',#1886);
#1886 = CARTESIAN_POINT('',(88.28,0.,0.5));
#1887 = VERTEX_POINT('',#1888);
#1888 = CARTESIAN_POINT('',(88.28,0.,3.9));
#1889 = LINE('',#1890,#1891);
#1890 = CARTESIAN_POINT('',(88.28,0.,0.5));
#1891 = VECTOR('',#1892,1.);
#1892 = DIRECTION('',(0.,0.,1.));
#1893 = ORIENTED_EDGE('',*,*,#1894,.T.);
#1894 = EDGE_CURVE('',#1885,#1895,#1897,.T.);
#1895 = VERTEX_POINT('',#1896);
#1896 = CARTESIAN_POINT('',(89.33,0.,0.5));
#1897 = LINE('',#1898,#1899);
#1898 = CARTESIAN_POINT('',(88.28,0.,0.5));
#1899 = VECTOR('',#1900,1.);
#1900 = DIRECTION('',(1.,0.,-0.));
#1901 = ORIENTED_EDGE('',*,*,#1902,.T.);
#1902 = EDGE_CURVE('',#1895,#1903,#1905,.T.);
#1903 = VERTEX_POINT('',#1904);
#1904 = CARTESIAN_POINT('',(89.33,0.,3.9));
#1905 = LINE('',#1906,#1907);
#1906 = CARTESIAN_POINT('',(89.33,0.,0.5));
#1907 = VECTOR('',#1908,1.);
#1908 = DIRECTION('',(0.,0.,1.));
#1909 = ORIENTED_EDGE('',*,*,#1910,.F.);
#1910 = EDGE_CURVE('',#1887,#1903,#1911,.T.);
#1911 = LINE('',#1912,#1913);
#1912 = CARTESIAN_POINT('',(88.28,0.,3.9));
#1913 = VECTOR('',#1914,1.);
#1914 = DIRECTION('',(1.,0.,-0.));
#1915 = FACE_BOUND('',#1916,.F.);
#1916 = EDGE_LOOP('',(#1917,#1927,#1935,#1943));
#1917 = ORIENTED_EDGE('',*,*,#1918,.F.);
#1918 = EDGE_CURVE('',#1919,#1921,#1923,.T.);
#1919 = VERTEX_POINT('',#1920);
#1920 = CARTESIAN_POINT('',(90.,0.,0.5));
#1921 = VERTEX_POINT('',#1922);
#1922 = CARTESIAN_POINT('',(90.,0.,3.9));
#1923 = LINE('',#1924,#1925);
#1924 = CARTESIAN_POINT('',(90.,0.,0.5));
#1925 = VECTOR('',#1926,1.);
#1926 = DIRECTION('',(0.,0.,1.));
#1927 = ORIENTED_EDGE('',*,*,#1928,.T.);
#1928 = EDGE_CURVE('',#1919,#1929,#1931,.T.);
#1929 = VERTEX_POINT('',#1930);
#1930 = CARTESIAN_POINT('',(91.05,0.,0.5));
#1931 = LINE('',#1932,#1933);
#1932 = CARTESIAN_POINT('',(90.,0.,0.5));
#1933 = VECTOR('',#1934,1.);
#1934 = DIRECTION('',(1.,0.,-0.));
#1935 = ORIENTED_EDGE('',*,*,#1936,.T.);
#1936 = EDGE_CURVE('',#1929,#1937,#1939,.T.);
#1937 = VERTEX_POINT('',#1938);
#1938 = CARTESIAN_POINT('',(91.05,0.,3.9));
#1939 = LINE('',#1940,#1941);
#1940 = CARTESIAN_POINT('',(91.05,0.,0.5));
#1941 = VECTOR('',#1942,1.);
#1942 = DIRECTION('',(0.,0.,1.));
#1943 = ORIENTED_EDGE('',*,*,#1944,.F.);
#1944 = EDGE_CURVE('',#1921,#1937,#1945,.T.);
#1945 = LINE('',#1946,#1947);
#1946 = CARTESIAN_POINT('',(90.,0.,3.9));
#1947 = VECTOR('',#1948,1.);
#1948 = DIRECTION('',(1.,0.,-0.));
#1949 = FACE_BOUND('',#1950,.F.);
#1950 = EDGE_LOOP('',(#1951,#1961,#1969,#1977));
#1951 = ORIENTED_EDGE('',*,*,#1952,.F.);
#1952 = EDGE_CURVE('',#1953,#1955,#1957,.T.);
#1953 = VERTEX_POINT('',#1954);
#1954 = CARTESIAN_POINT('',(91.72,0.,0.5));
#1955 = VERTEX_POINT('',#1956);
#1956 = CARTESIAN_POINT('',(91.72,0.,3.9));
#1957 = LINE('',#1958,#1959);
#1958 = CARTESIAN_POINT('',(91.72,0.,0.5));
#1959 = VECTOR('',#1960,1.);
#1960 = DIRECTION('',(0.,0.,1.));
#1961 = ORIENTED_EDGE('',*,*,#1962,.T.);
#1962 = EDGE_CURVE('',#1953,#1963,#1965,.T.);
#1963 = VERTEX_POINT('',#1964);
#1964 = CARTESIAN_POINT('',(92.77,0.,0.5));
#1965 = LINE('',#1966,#1967);
#1966 = CARTESIAN_POINT('',(91.72,0.,0.5));
#1967 = VECTOR('',#1968,1.);
#1968 = DIRECTION('',(1.,0.,-0.));
#1969 = ORIENTED_EDGE('',*,*,#1970,.T.);
#1970 = EDGE_CURVE('',#1963,#1971,#1973,.T.);
#1971 = VERTEX_POINT('',#1972);
#1972 = CARTESIAN_POINT('',(92.77,0.,3.9));
#1973 = LINE('',#1974,#1975);
#1974 = CARTESIAN_POINT('',(92.77,0.,0.5));
#1975 = VECTOR('',#1976,1.);
#1976 = DIRECTION('',(0.,0.,1.));
#1977 = ORIENTED_EDGE('',*,*,#1978,.F.);
#1978 = EDGE_CURVE('',#1955,#1971,#1979,.T.);
#1979 = LINE('',#1980,#1981);
#1980 = CARTESIAN_POINT('',(91.72,0.,3.9));
#1981 = VECTOR('',#1982,1.);
#1982 = DIRECTION('',(1.,0.,-0.));
#1983 = FACE_BOUND('',#1984,.F.);
#1984 = EDGE_LOOP('',(#1985,#1995,#2003,#2011));
#1985 = ORIENTED_EDGE('',*,*,#1986,.F.);
#1986 = EDGE_CURVE('',#1987,#1989,#1991,.T.);
#1987 = VERTEX_POINT('',#1988);
#1988 = CARTESIAN_POINT('',(93.44,0.,0.5));
#1989 = VERTEX_POINT('',#1990);
#1990 = CARTESIAN_POINT('',(93.44,0.,3.9));
#1991 = LINE('',#1992,#1993);
#1992 = CARTESIAN_POINT('',(93.44,0.,0.5));
#1993 = VECTOR('',#1994,1.);
#1994 = DIRECTION('',(0.,0.,1.));
#1995 = ORIENTED_EDGE('',*,*,#1996,.T.);
#1996 = EDGE_CURVE('',#1987,#1997,#1999,.T.);
#1997 = VERTEX_POINT('',#1998);
#1998 = CARTESIAN_POINT('',(94.49,0.,0.5));
#1999 = LINE('',#2000,#2001);
#2000 = CARTESIAN_POINT('',(93.44,0.,0.5));
#2001 = VECTOR('',#2002,1.);
#2002 = DIRECTION('',(1.,0.,-0.));
#2003 = ORIENTED_EDGE('',*,*,#2004,.T.);
#2004 = EDGE_CURVE('',#1997,#2005,#2007,.T.);
#2005 = VERTEX_POINT('',#2006);
#2006 = CARTESIAN_POINT('',(94.49,0.,3.9));
#2007 = LINE('',#2008,#2009);
#2008 = CARTESIAN_POINT('',(94.49,0.,0.5));
#2009 = VECTOR('',#2010,1.);
#2010 = DIRECTION('',(0.,0.,1.));
#2011 = ORIENTED_EDGE('',*,*,#2012,.F.);
#2012 = EDGE_CURVE('',#1989,#2005,#2013,.T.);
#2013 = LINE('',#2014,#2015);
#2014 = CARTESIAN_POINT('',(93.44,0.,3.9));
#2015 = VECTOR('',#2016,1.);
#2016 = DIRECTION('',(1.,0.,-0.));
#2017 = FACE_BOUND('',#2018,.F.);
#2018 = EDGE_LOOP('',(#2019,#2029,#2037,#2045));
#2019 = ORIENTED_EDGE('',*,*,#2020,.F.);
#2020 = EDGE_CURVE('',#2021,#2023,#2025,.T.);
#2021 = VERTEX_POINT('',#2022);
#2022 = CARTESIAN_POINT('',(95.16,0.,0.5));
#2023 = VERTEX_POINT('',#2024);
#2024 = CARTESIAN_POINT('',(95.16,0.,3.9));
#2025 = LINE('',#2026,#2027);
#2026 = CARTESIAN_POINT('',(95.16,0.,0.5));
#2027 = VECTOR('',#2028,1.);
#2028 = DIRECTION('',(0.,0.,1.));
#2029 = ORIENTED_EDGE('',*,*,#2030,.T.);
#2030 = EDGE_CURVE('',#2021,#2031,#2033,.T.);
#2031 = VERTEX_POINT('',#2032);
#2032 = CARTESIAN_POINT('',(96.21,0.,0.5));
#2033 = LINE('',#2034,#2035);
#2034 = CARTESIAN_POINT('',(95.16,0.,0.5));
#2035 = VECTOR('',#2036,1.);
#2036 = DIRECTION('',(1.,0.,-0.));
#2037 = ORIENTED_EDGE('',*,*,#2038,.T.);
#2038 = EDGE_CURVE('',#2031,#2039,#2041,.T.);
#2039 = VERTEX_POINT('',#2040);
#2040 = CARTESIAN_POINT('',(96.21,0.,3.9));
#2041 = LINE('',#2042,#2043);
#2042 = CARTESIAN_POINT('',(96.21,0.,0.5));
#2043 = VECTOR('',#2044,1.);
#2044 = DIRECTION('',(0.,0.,1.));
#2045 = ORIENTED_EDGE('',*,*,#2046,.F.);
#2046 = EDGE_CURVE('',#2023,#2039,#2047,.T.);
#2047 = LINE('',#2048,#2049);
#2048 = CARTESIAN_POINT('',(95.16,0.,3.9));
#2049 = VECTOR('',#2050,1.);
#2050 = DIRECTION('',(1.,0.,-0.));
#2051 = FACE_BOUND('',#2052,.F.);
#2052 = EDGE_LOOP('',(#2053,#2063,#2071,#2079));
#2053 = ORIENTED_EDGE('',*,*,#2054,.F.);
#2054 = EDGE_CURVE('',#2055,#2057,#2059,.T.);
#2055 = VERTEX_POINT('',#2056);
#2056 = CARTESIAN_POINT('',(96.88,0.,0.5));
#2057 = VERTEX_POINT('',#2058);
#2058 = CARTESIAN_POINT('',(96.88,0.,3.9));
#2059 = LINE('',#2060,#2061);
#2060 = CARTESIAN_POINT('',(96.88,0.,0.5));
#2061 = VECTOR('',#2062,1.);
#2062 = DIRECTION('',(0.,0.,1.));
#2063 = ORIENTED_EDGE('',*,*,#2064,.T.);
#2064 = EDGE_CURVE('',#2055,#2065,#2067,.T.);
#2065 = VERTEX_POINT('',#2066);
#2066 = CARTESIAN_POINT('',(97.93,0.,0.5));
#2067 = LINE('',#2068,#2069);
#2068 = CARTESIAN_POINT('',(96.88,0.,0.5));
#2069 = VECTOR('',#2070,1.);
#2070 = DIRECTION('',(1.,0.,-0.));
#2071 = ORIENTED_EDGE('',*,*,#2072,.T.);
#2072 = EDGE_CURVE('',#2065,#2073,#2075,.T.);
#2073 = VERTEX_POINT('',#2074);
#2074 = CARTESIAN_POINT('',(97.93,0.,3.9));
#2075 = LINE('',#2076,#2077);
#2076 = CARTESIAN_POINT('',(97.93,0.,0.5));
#2077 = VECTOR('',#2078,1.);
#2078 = DIRECTION('',(0.,0.,1.));
#2079 = ORIENTED_EDGE('',*,*,#2080,.F.);
#2080 = EDGE_CURVE('',#2057,#2073,#2081,.T.);
#2081 = LINE('',#2082,#2083);
#2082 = CARTESIAN_POINT('',(96.88,0.,3.9));
#2083 = VECTOR('',#2084,1.);
#2084 = DIRECTION('',(1.,0.,-0.));
#2085 = FACE_BOUND('',#2086,.F.);
#2086 = EDGE_LOOP('',(#2087,#2097,#2105,#2113));
#2087 = ORIENTED_EDGE('',*,*,#2088,.F.);
#2088 = EDGE_CURVE('',#2089,#2091,#2093,.T.);
#2089 = VERTEX_POINT('',#2090);
#2090 = CARTESIAN_POINT('',(98.6,0.,0.5));
#2091 = VERTEX_POINT('',#2092);
#2092 = CARTESIAN_POINT('',(98.6,0.,3.9));
#2093 = LINE('',#2094,#2095);
#2094 = CARTESIAN_POINT('',(98.6,0.,0.5));
#2095 = VECTOR('',#2096,1.);
#2096 = DIRECTION('',(0.,0.,1.));
#2097 = ORIENTED_EDGE('',*,*,#2098,.T.);
#2098 = EDGE_CURVE('',#2089,#2099,#2101,.T.);
#2099 = VERTEX_POINT('',#2100);
#2100 = CARTESIAN_POINT('',(99.65,0.,0.5));
#2101 = LINE('',#2102,#2103);
#2102 = CARTESIAN_POINT('',(98.6,0.,0.5));
#2103 = VECTOR('',#2104,1.);
#2104 = DIRECTION('',(1.,0.,-0.));
#2105 = ORIENTED_EDGE('',*,*,#2106,.T.);
#2106 = EDGE_CURVE('',#2099,#2107,#2109,.T.);
#2107 = VERTEX_POINT('',#2108);
#2108 = CARTESIAN_POINT('',(99.65,0.,3.9));
#2109 = LINE('',#2110,#2111);
#2110 = CARTESIAN_POINT('',(99.65,0.,0.5));
#2111 = VECTOR('',#2112,1.);
#2112 = DIRECTION('',(0.,0.,1.));
#2113 = ORIENTED_EDGE('',*,*,#2114,.F.);
#2114 = EDGE_CURVE('',#2091,#2107,#2115,.T.);
#2115 = LINE('',#2116,#2117);
#2116 = CARTESIAN_POINT('',(98.6,0.,3.9));
#2117 = VECTOR('',#2118,1.);
#2118 = DIRECTION('',(1.,0.,-0.));
#2119 = FACE_BOUND('',#2120,.F.);
#2120 = EDGE_LOOP('',(#2121,#2131,#2139,#2147));
#2121 = ORIENTED_EDGE('',*,*,#2122,.F.);
#2122 = EDGE_CURVE('',#2123,#2125,#2127,.T.);
#2123 = VERTEX_POINT('',#2124);
#2124 = CARTESIAN_POINT('',(100.32,0.,0.5));
#2125 = VERTEX_POINT('',#2126);
#2126 = CARTESIAN_POINT('',(100.32,0.,3.9));
#2127 = LINE('',#2128,#2129);
#2128 = CARTESIAN_POINT('',(100.32,0.,0.5));
#2129 = VECTOR('',#2130,1.);
#2130 = DIRECTION('',(0.,0.,1.));
#2131 = ORIENTED_EDGE('',*,*,#2132,.T.);
#2132 = EDGE_CURVE('',#2123,#2133,#2135,.T.);
#2133 = VERTEX_POINT('',#2134);
#2134 = CARTESIAN_POINT('',(101.37,0.,0.5));
#2135 = LINE('',#2136,#2137);
#2136 = CARTESIAN_POINT('',(100.32,0.,0.5));
#2137 = VECTOR('',#2138,1.);
#2138 = DIRECTION('',(1.,0.,-0.));
#2139 = ORIENTED_EDGE('',*,*,#2140,.T.);
#2140 = EDGE_CURVE('',#2133,#2141,#2143,.T.);
#2141 = VERTEX_POINT('',#2142);
#2142 = CARTESIAN_POINT('',(101.37,0.,3.9));
#2143 = LINE('',#2144,#2145);
#2144 = CARTESIAN_POINT('',(101.37,0.,0.5));
#2145 = VECTOR('',#2146,1.);
#2146 = DIRECTION('',(0.,0.,1.));
#2147 = ORIENTED_EDGE('',*,*,#2148,.F.);
#2148 = EDGE_CURVE('',#2125,#2141,#2149,.T.);
#2149 = LINE('',#2150,#2151);
#2150 = CARTESIAN_POINT('',(100.32,0.,3.9));
#2151 = VECTOR('',#2152,1.);
#2152 = DIRECTION('',(1.,0.,-0.));
#2153 = FACE_BOUND('',#2154,.F.);
#2154 = EDGE_LOOP('',(#2155,#2165,#2173,#2181));
#2155 = ORIENTED_EDGE('',*,*,#2156,.F.);
#2156 = EDGE_CURVE('',#2157,#2159,#2161,.T.);
#2157 = VERTEX_POINT('',#2158);
#2158 = CARTESIAN_POINT('',(102.04,0.,0.5));
#2159 = VERTEX_POINT('',#2160);
#2160 = CARTESIAN_POINT('',(102.04,0.,3.9));
#2161 = LINE('',#2162,#2163);
#2162 = CARTESIAN_POINT('',(102.04,0.,0.5));
#2163 = VECTOR('',#2164,1.);
#2164 = DIRECTION('',(0.,0.,1.));
#2165 = ORIENTED_EDGE('',*,*,#2166,.T.);
#2166 = EDGE_CURVE('',#2157,#2167,#2169,.T.);
#2167 = VERTEX_POINT('',#2168);
#2168 = CARTESIAN_POINT('',(103.09,0.,0.5));
#2169 = LINE('',#2170,#2171);
#2170 = CARTESIAN_POINT('',(102.04,0.,0.5));
#2171 = VECTOR('',#2172,1.);
#2172 = DIRECTION('',(1.,0.,-0.));
#2173 = ORIENTED_EDGE('',*,*,#2174,.T.);
#2174 = EDGE_CURVE('',#2167,#2175,#2177,.T.);
#2175 = VERTEX_POINT('',#2176);
#2176 = CARTESIAN_POINT('',(103.09,0.,3.9));
#2177 = LINE('',#2178,#2179);
#2178 = CARTESIAN_POINT('',(103.09,0.,0.5));
#2179 = VECTOR('',#2180,1.);
#2180 = DIRECTION('',(0.,0.,1.));
#2181 = ORIENTED_EDGE('',*,*,#2182,.F.);
#2182 = EDGE_CURVE('',#2159,#2175,#2183,.T.);
#2183 = LINE('',#2184,#2185);
#2184 = CARTESIAN_POINT('',(102.04,0.,3.9));
#2185 = VECTOR('',#2186,1.);
#2186 = DIRECTION('',(1.,0.,-0.));
#2187 = FACE_BOUND('',#2188,.F.);
#2188 = EDGE_LOOP('',(#2189,#2199,#2207,#2215));
#2189 = ORIENTED_EDGE('',*,*,#2190,.F.);
#2190 = EDGE_CURVE('',#2191,#2193,#2195,.T.);
#2191 = VERTEX_POINT('',#2192);
#2192 = CARTESIAN_POINT('',(103.76,0.,0.5));
#2193 = VERTEX_POINT('',#2194);
#2194 = CARTESIAN_POINT('',(103.76,0.,3.9));
#2195 = LINE('',#2196,#2197);
#2196 = CARTESIAN_POINT('',(103.76,0.,0.5));
#2197 = VECTOR('',#2198,1.);
#2198 = DIRECTION('',(0.,0.,1.));
#2199 = ORIENTED_EDGE('',*,*,#2200,.T.);
#2200 = EDGE_CURVE('',#2191,#2201,#2203,.T.);
#2201 = VERTEX_POINT('',#2202);
#2202 = CARTESIAN_POINT('',(104.81,0.,0.5));
#2203 = LINE('',#2204,#2205);
#2204 = CARTESIAN_POINT('',(103.76,0.,0.5));
#2205 = VECTOR('',#2206,1.);
#2206 = DIRECTION('',(1.,0.,-0.));
#2207 = ORIENTED_EDGE('',*,*,#2208,.T.);
#2208 = EDGE_CURVE('',#2201,#2209,#2211,.T.);
#2209 = VERTEX_POINT('',#2210);
#2210 = CARTESIAN_POINT('',(104.81,0.,3.9));
#2211 = LINE('',#2212,#2213);
#2212 = CARTESIAN_POINT('',(104.81,0.,0.5));
#2213 = VECTOR('',#2214,1.);
#2214 = DIRECTION('',(0.,0.,1.));
#2215 = ORIENTED_EDGE('',*,*,#2216,.F.);
#2216 = EDGE_CURVE('',#2193,#2209,#2217,.T.);
#2217 = LINE('',#2218,#2219);
#2218 = CARTESIAN_POINT('',(103.76,0.,3.9));
#2219 = VECTOR('',#2220,1.);
#2220 = DIRECTION('',(1.,0.,-0.));
#2221 = FACE_BOUND('',#2222,.F.);
#2222 = EDGE_LOOP('',(#2223,#2233,#2241,#2249));
#2223 = ORIENTED_EDGE('',*,*,#2224,.F.);
#2224 = EDGE_CURVE('',#2225,#2227,#2229,.T.);
#2225 = VERTEX_POINT('',#2226);
#2226 = CARTESIAN_POINT('',(105.48,0.,0.5));
#2227 = VERTEX_POINT('',#2228);
#2228 = CARTESIAN_POINT('',(105.48,0.,3.9));
#2229 = LINE('',#2230,#2231);
#2230 = CARTESIAN_POINT('',(105.48,0.,0.5));
#2231 = VECTOR('',#2232,1.);
#2232 = DIRECTION('',(0.,0.,1.));
#2233 = ORIENTED_EDGE('',*,*,#2234,.T.);
#2234 = EDGE_CURVE('',#2225,#2235,#2237,.T.);
#2235 = VERTEX_POINT('',#2236);
#2236 = CARTESIAN_POINT('',(106.53,0.,0.5));
#2237 = LINE('',#2238,#2239);
#2238 = CARTESIAN_POINT('',(105.48,0.,0.5));
#2239 = VECTOR('',#2240,1.);
#2240 = DIRECTION('',(1.,0.,-0.));
#2241 = ORIENTED_EDGE('',*,*,#2242,.T.);
#2242 = EDGE_CURVE('',#2235,#2243,#2245,.T.);
#2243 = VERTEX_POINT('',#2244);
#2244 = CARTESIAN_POINT('',(106.53,0.,3.9));
#2245 = LINE('',#2246,#2247);
#2246 = CARTESIAN_POINT('',(106.53,0.,0.5));
#2247 = VECTOR('',#2248,1.);
#2248 = DIRECTION('',(0.,0.,1.));
#2249 = ORIENTED_EDGE('',*,*,#2250,.F.);
#2250 = EDGE_CURVE('',#2227,#2243,#2251,.T.);
#2251 = LINE('',#2252,#2253);
#2252 = CARTESIAN_POINT('',(105.48,0.,3.9));
#2253 = VECTOR('',#2254,1.);
#2254 = DIRECTION('',(1.,0.,-0.));
#2255 = FACE_BOUND('',#2256,.F.);
#2256 = EDGE_LOOP('',(#2257,#2267,#2275,#2283));
#2257 = ORIENTED_EDGE('',*,*,#2258,.F.);
#2258 = EDGE_CURVE('',#2259,#2261,#2263,.T.);
#2259 = VERTEX_POINT('',#2260);
#2260 = CARTESIAN_POINT('',(107.2,0.,0.5));
#2261 = VERTEX_POINT('',#2262);
#2262 = CARTESIAN_POINT('',(107.2,0.,3.9));
#2263 = LINE('',#2264,#2265);
#2264 = CARTESIAN_POINT('',(107.2,0.,0.5));
#2265 = VECTOR('',#2266,1.);
#2266 = DIRECTION('',(0.,0.,1.));
#2267 = ORIENTED_EDGE('',*,*,#2268,.T.);
#2268 = EDGE_CURVE('',#2259,#2269,#2271,.T.);
#2269 = VERTEX_POINT('',#2270);
#2270 = CARTESIAN_POINT('',(108.25,0.,0.5));
#2271 = LINE('',#2272,#2273);
#2272 = CARTESIAN_POINT('',(107.2,0.,0.5));
#2273 = VECTOR('',#2274,1.);
#2274 = DIRECTION('',(1.,0.,-0.));
#2275 = ORIENTED_EDGE('',*,*,#2276,.T.);
#2276 = EDGE_CURVE('',#2269,#2277,#2279,.T.);
#2277 = VERTEX_POINT('',#2278);
#2278 = CARTESIAN_POINT('',(108.25,0.,3.9));
#2279 = LINE('',#2280,#2281);
#2280 = CARTESIAN_POINT('',(108.25,0.,0.5));
#2281 = VECTOR('',#2282,1.);
#2282 = DIRECTION('',(0.,0.,1.));
#2283 = ORIENTED_EDGE('',*,*,#2284,.F.);
#2284 = EDGE_CURVE('',#2261,#2277,#2285,.T.);
#2285 = LINE('',#2286,#2287);
#2286 = CARTESIAN_POINT('',(107.2,0.,3.9));
#2287 = VECTOR('',#2288,1.);
#2288 = DIRECTION('',(1.,0.,-0.));
#2289 = FACE_BOUND('',#2290,.F.);
#2290 = EDGE_LOOP('',(#2291,#2301,#2309,#2317));
#2291 = ORIENTED_EDGE('',*,*,#2292,.F.);
#2292 = EDGE_CURVE('',#2293,#2295,#2297,.T.);
#2293 = VERTEX_POINT('',#2294);
#2294 = CARTESIAN_POINT('',(108.92,0.,0.5));
#2295 = VERTEX_POINT('',#2296);
#2296 = CARTESIAN_POINT('',(108.92,0.,3.9));
#2297 = LINE('',#2298,#2299);
#2298 = CARTESIAN_POINT('',(108.92,0.,0.5));
#2299 = VECTOR('',#2300,1.);
#2300 = DIRECTION('',(0.,0.,1.));
#2301 = ORIENTED_EDGE('',*,*,#2302,.T.);
#2302 = EDGE_CURVE('',#2293,#2303,#2305,.T.);
#2303 = VERTEX_POINT('',#2304);
#2304 = CARTESIAN_POINT('',(109.97,0.,0.5));
#2305 = LINE('',#2306,#2307);
#2306 = CARTESIAN_POINT('',(108.92,0.,0.5));
#2307 = VECTOR('',#2308,1.);
#2308 = DIRECTION('',(1.,0.,-0.));
#2309 = ORIENTED_EDGE('',*,*,#2310,.T.);
#2310 = EDGE_CURVE('',#2303,#2311,#2313,.T.);
#2311 = VERTEX_POINT('',#2312);
#2312 = CARTESIAN_POINT('',(109.97,0.,3.9));
#2313 = LINE('',#2314,#2315);
#2314 = CARTESIAN_POINT('',(109.97,0.,0.5));
#2315 = VECTOR('',#2316,1.);
#2316 = DIRECTION('',(0.,0.,1.));
#2317 = ORIENTED_EDGE('',*,*,#2318,.F.);
#2318 = EDGE_CURVE('',#2295,#2311,#2319,.T.);
#2319 = LINE('',#2320,#2321);
#2320 = CARTESIAN_POINT('',(108.92,0.,3.9));
#2321 = VECTOR('',#2322,1.);
#2322 = DIRECTION('',(1.,0.,-0.));
#2323 = FACE_BOUND('',#2324,.F.);
#2324 = EDGE_LOOP('',(#2325,#2335,#2343,#2351));
#2325 = ORIENTED_EDGE('',*,*,#2326,.F.);
#2326 = EDGE_CURVE('',#2327,#2329,#2331,.T.);
#2327 = VERTEX_POINT('',#2328);
#2328 = CARTESIAN_POINT('',(110.64,0.,0.5));
#2329 = VERTEX_POINT('',#2330);
#2330 = CARTESIAN_POINT('',(110.64,0.,3.9));
#2331 = LINE('',#2332,#2333);
#2332 = CARTESIAN_POINT('',(110.64,0.,0.5));
#2333 = VECTOR('',#2334,1.);
#2334 = DIRECTION('',(0.,0.,1.));
#2335 = ORIENTED_EDGE('',*,*,#2336,.T.);
#2336 = EDGE_CURVE('',#2327,#2337,#2339,.T.);
#2337 = VERTEX_POINT('',#2338);
#2338 = CARTESIAN_POINT('',(111.69,0.,0.5));
#2339 = LINE('',#2340,#2341);
#2340 = CARTESIAN_POINT('',(110.64,0.,0.5));
#2341 = VECTOR('',#2342,1.);
#2342 = DIRECTION('',(1.,0.,-0.));
#2343 = ORIENTED_EDGE('',*,*,#2344,.T.);
#2344 = EDGE_CURVE('',#2337,#2345,#2347,.T.);
#2345 = VERTEX_POINT('',#2346);
#2346 = CARTESIAN_POINT('',(111.69,0.,3.9));
#2347 = LINE('',#2348,#2349);
#2348 = CARTESIAN_POINT('',(111.69,0.,0.5));
#2349 = VECTOR('',#2350,1.);
#2350 = DIRECTION('',(0.,0.,1.));
#2351 = ORIENTED_EDGE('',*,*,#2352,.F.);
#2352 = EDGE_CURVE('',#2329,#2345,#2353,.T.);
#2353 = LINE('',#2354,#2355);
#2354 = CARTESIAN_POINT('',(110.64,0.,3.9));
#2355 = VECTOR('',#2356,1.);
#2356 = DIRECTION('',(1.,0.,-0.));
#2357 = FACE_BOUND('',#2358,.F.);
#2358 = EDGE_LOOP('',(#2359,#2369,#2377,#2385));
#2359 = ORIENTED_EDGE('',*,*,#2360,.F.);
#2360 = EDGE_CURVE('',#2361,#2363,#2365,.T.);
#2361 = VERTEX_POINT('',#2362);
#2362 = CARTESIAN_POINT('',(112.36,0.,0.5));
#2363 = VERTEX_POINT('',#2364);
#2364 = CARTESIAN_POINT('',(112.36,0.,3.9));
#2365 = LINE('',#2366,#2367);
#2366 = CARTESIAN_POINT('',(112.36,0.,0.5));
#2367 = VECTOR('',#2368,1.);
#2368 = DIRECTION('',(0.,0.,1.));
#2369 = ORIENTED_EDGE('',*,*,#2370,.T.);
#2370 = EDGE_CURVE('',#2361,#2371,#2373,.T.);
#2371 = VERTEX_POINT('',#2372);
#2372 = CARTESIAN_POINT('',(113.41,0.,0.5));
#2373 = LINE('',#2374,#2375);
#2374 = CARTESIAN_POINT('',(112.36,0.,0.5));
#2375 = VECTOR('',#2376,1.);
#2376 = DIRECTION('',(1.,0.,-0.));
#2377 = ORIENTED_EDGE('',*,*,#2378,.T.);
#2378 = EDGE_CURVE('',#2371,#2379,#2381,.T.);
#2379 = VERTEX_POINT('',#2380);
#2380 = CARTESIAN_POINT('',(113.41,0.,3.9));
#2381 = LINE('',#2382,#2383);
#2382 = CARTESIAN_POINT('',(113.41,0.,0.5));
#2383 = VECTOR('',#2384,1.);
#2384 = DIRECTION('',(0.,0.,1.));
#2385 = ORIENTED_EDGE('',*,*,#2386,.F.);
#2386 = EDGE_CURVE('',#2363,#2379,#2387,.T.);
#2387 = LINE('',#2388,#2389);
#2388 = CARTESIAN_POINT('',(112.36,0.,3.9));
#2389 = VECTOR('',#2390,1.);
#2390 = DIRECTION('',(1.,0.,-0.));
#2391 = FACE_BOUND('',#2392,.F.);
#2392 = EDGE_LOOP('',(#2393,#2403,#2411,#2419));
#2393 = ORIENTED_EDGE('',*,*,#2394,.F.);
#2394 = EDGE_CURVE('',#2395,#2397,#2399,.T.);
#2395 = VERTEX_POINT('',#2396);
#2396 = CARTESIAN_POINT('',(114.08,0.,0.5));
#2397 = VERTEX_POINT('',#2398);
#2398 = CARTESIAN_POINT('',(114.08,0.,3.9));
#2399 = LINE('',#2400,#2401);
#2400 = CARTESIAN_POINT('',(114.08,0.,0.5));
#2401 = VECTOR('',#2402,1.);
#2402 = DIRECTION('',(0.,0.,1.));
#2403 = ORIENTED_EDGE('',*,*,#2404,.T.);
#2404 = EDGE_CURVE('',#2395,#2405,#2407,.T.);
#2405 = VERTEX_POINT('',#2406);
#2406 = CARTESIAN_POINT('',(115.13,0.,0.5));
#2407 = LINE('',#2408,#2409);
#2408 = CARTESIAN_POINT('',(114.08,0.,0.5));
#2409 = VECTOR('',#2410,1.);
#2410 = DIRECTION('',(1.,0.,-0.));
#2411 = ORIENTED_EDGE('',*,*,#2412,.T.);
#2412 = EDGE_CURVE('',#2405,#2413,#2415,.T.);
#2413 = VERTEX_POINT('',#2414);
#2414 = CARTESIAN_POINT('',(115.13,0.,3.9));
#2415 = LINE('',#2416,#2417);
#2416 = CARTESIAN_POINT('',(115.13,0.,0.5));
#2417 = VECTOR('',#2418,1.);
#2418 = DIRECTION('',(0.,0.,1.));
#2419 = ORIENTED_EDGE('',*,*,#2420,.F.);
#2420 = EDGE_CURVE('',#2397,#2413,#2421,.T.);
#2421 = LINE('',#2422,#2423);
#2422 = CARTESIAN_POINT('',(114.08,0.,3.9));
#2423 = VECTOR('',#2424,1.);
#2424 = DIRECTION('',(1.,0.,-0.));
#2425 = FACE_BOUND('',#2426,.F.);
#2426 = EDGE_LOOP('',(#2427,#2437,#2445,#2453));
#2427 = ORIENTED_EDGE('',*,*,#2428,.F.);
#2428 = EDGE_CURVE('',#2429,#2431,#2433,.T.);
#2429 = VERTEX_POINT('',#2430);
#2430 = CARTESIAN_POINT('',(115.8,0.,0.5));
#2431 = VERTEX_POINT('',#2432);
#2432 = CARTESIAN_POINT('',(115.8,0.,3.9));
#2433 = LINE('',#2434,#2435);
#2434 = CARTESIAN_POINT('',(115.8,0.,0.5));
#2435 = VECTOR('',#2436,1.);
#2436 = DIRECTION('',(0.,0.,1.));
#2437 = ORIENTED_EDGE('',*,*,#2438,.T.);
#2438 = EDGE_CURVE('',#2429,#2439,#2441,.T.);
#2439 = VERTEX_POINT('',#2440);
#2440 = CARTESIAN_POINT('',(116.85,0.,0.5));
#2441 = LINE('',#2442,#2443);
#2442 = CARTESIAN_POINT('',(115.8,0.,0.5));
#2443 = VECTOR('',#2444,1.);
#2444 = DIRECTION('',(1.,0.,-0.));
#2445 = ORIENTED_EDGE('',*,*,#2446,.T.);
#2446 = EDGE_CURVE('',#2439,#2447,#2449,.T.);
#2447 = VERTEX_POINT('',#2448);
#2448 = CARTESIAN_POINT('',(116.85,0.,3.9));
#2449 = LINE('',#2450,#2451);
#2450 = CARTESIAN_POINT('',(116.85,0.,0.5));
#2451 = VECTOR('',#2452,1.);
#2452 = DIRECTION('',(0.,0.,1.));
#2453 = ORIENTED_EDGE('',*,*,#2454,.F.);
#2454 = EDGE_CURVE('',#2431,#2447,#2455,.T.);
#2455 = LINE('',#2456,#2457);
#2456 = CARTESIAN_POINT('',(115.8,0.,3.9));
#2457 = VECTOR('',#2458,1.);
#2458 = DIRECTION('',(1.,0.,-0.));
#2459 = FACE_BOUND('',#2460,.F.);
#2460 = EDGE_LOOP('',(#2461,#2471,#2479,#2487));
#2461 = ORIENTED_EDGE('',*,*,#2462,.F.);
#2462 = EDGE_CURVE('',#2463,#2465,#2467,.T.);
#2463 = VERTEX_POINT('',#2464);
#2464 = CARTESIAN_POINT('',(117.52,0.,0.5));
#2465 = VERTEX_POINT('',#2466);
#2466 = CARTESIAN_POINT('',(117.52,0.,3.9));
#2467 = LINE('',#2468,#2469);
#2468 = CARTESIAN_POINT('',(117.52,0.,0.5));
#2469 = VECTOR('',#2470,1.);
#2470 = DIRECTION('',(0.,0.,1.));
#2471 = ORIENTED_EDGE('',*,*,#2472,.T.);
#2472 = EDGE_CURVE('',#2463,#2473,#2475,.T.);
#2473 = VERTEX_POINT('',#2474);
#2474 = CARTESIAN_POINT('',(118.57,0.,0.5));
#2475 = LINE('',#2476,#2477);
#2476 = CARTESIAN_POINT('',(117.52,0.,0.5));
#2477 = VECTOR('',#2478,1.);
#2478 = DIRECTION('',(1.,0.,-0.));
#2479 = ORIENTED_EDGE('',*,*,#2480,.T.);
#2480 = EDGE_CURVE('',#2473,#2481,#2483,.T.);
#2481 = VERTEX_POINT('',#2482);
#2482 = CARTESIAN_POINT('',(118.57,0.,3.9));
#2483 = LINE('',#2484,#2485);
#2484 = CARTESIAN_POINT('',(118.57,0.,0.5));
#2485 = VECTOR('',#2486,1.);
#2486 = DIRECTION('',(0.,0.,1.));
#2487 = ORIENTED_EDGE('',*,*,#2488,.F.);
#2488 = EDGE_CURVE('',#2465,#2481,#2489,.T.);
#2489 = LINE('',#2490,#2491);
#2490 = CARTESIAN_POINT('',(117.52,0.,3.9));
#2491 = VECTOR('',#2492,1.);
#2492 = DIRECTION('',(1.,0.,-0.));
#2493 = FACE_BOUND('',#2494,.F.);
#2494 = EDGE_LOOP('',(#2495,#2505,#2513,#2521));
#2495 = ORIENTED_EDGE('',*,*,#2496,.F.);
#2496 = EDGE_CURVE('',#2497,#2499,#2501,.T.);
#2497 = VERTEX_POINT('',#2498);
#2498 = CARTESIAN_POINT('',(119.24,0.,0.5));
#2499 = VERTEX_POINT('',#2500);
#2500 = CARTESIAN_POINT('',(119.24,0.,3.9));
#2501 = LINE('',#2502,#2503);
#2502 = CARTESIAN_POINT('',(119.24,0.,0.5));
#2503 = VECTOR('',#2504,1.);
#2504 = DIRECTION('',(0.,0.,1.));
#2505 = ORIENTED_EDGE('',*,*,#2506,.T.);
#2506 = EDGE_CURVE('',#2497,#2507,#2509,.T.);
#2507 = VERTEX_POINT('',#2508);
#2508 = CARTESIAN_POINT('',(120.29,0.,0.5));
#2509 = LINE('',#2510,#2511);
#2510 = CARTESIAN_POINT('',(119.24,0.,0.5));
#2511 = VECTOR('',#2512,1.);
#2512 = DIRECTION('',(1.,0.,-0.));
#2513 = ORIENTED_EDGE('',*,*,#2514,.T.);
#2514 = EDGE_CURVE('',#2507,#2515,#2517,.T.);
#2515 = VERTEX_POINT('',#2516);
#2516 = CARTESIAN_POINT('',(120.29,0.,3.9));
#2517 = LINE('',#2518,#2519);
#2518 = CARTESIAN_POINT('',(120.29,0.,0.5));
#2519 = VECTOR('',#2520,1.);
#2520 = DIRECTION('',(0.,0.,1.));
#2521 = ORIENTED_EDGE('',*,*,#2522,.F.);
#2522 = EDGE_CURVE('',#2499,#2515,#2523,.T.);
#2523 = LINE('',#2524,#2525);
#2524 = CARTESIAN_POINT('',(119.24,0.,3.9));
#2525 = VECTOR('',#2526,1.);
#2526 = DIRECTION('',(1.,0.,-0.));
#2527 = FACE_BOUND('',#2528,.F.);
#2528 = EDGE_LOOP('',(#2529,#2539,#2547,#2555));
#2529 = ORIENTED_EDGE('',*,*,#2530,.F.);
#2530 = EDGE_CURVE('',#2531,#2533,#2535,.T.);
#2531 = VERTEX_POINT('',#2532);
#2532 = CARTESIAN_POINT('',(120.96,0.,0.5));
#2533 = VERTEX_POINT('',#2534);
#2534 = CARTESIAN_POINT('',(120.96,0.,3.9));
#2535 = LINE('',#2536,#2537);
#2536 = CARTESIAN_POINT('',(120.96,0.,0.5));
#2537 = VECTOR('',#2538,1.);
#2538 = DIRECTION('',(0.,0.,1.));
#2539 = ORIENTED_EDGE('',*,*,#2540,.T.);
#2540 = EDGE_CURVE('',#2531,#2541,#2543,.T.);
#2541 = VERTEX_POINT('',#2542);
#2542 = CARTESIAN_POINT('',(122.01,0.,0.5));
#2543 = LINE('',#2544,#2545);
#2544 = CARTESIAN_POINT('',(120.96,0.,0.5));
#2545 = VECTOR('',#2546,1.);
#2546 = DIRECTION('',(1.,0.,-0.));
#2547 = ORIENTED_EDGE('',*,*,#2548,.T.);
#2548 = EDGE_CURVE('',#2541,#2549,#2551,.T.);
#2549 = VERTEX_POINT('',#2550);
#2550 = CARTESIAN_POINT('',(122.01,0.,3.9));
#2551 = LINE('',#2552,#2553);
#2552 = CARTESIAN_POINT('',(122.01,0.,0.5));
#2553 = VECTOR('',#2554,1.);
#2554 = DIRECTION('',(0.,0.,1.));
#2555 = ORIENTED_EDGE('',*,*,#2556,.F.);
#2556 = EDGE_CURVE('',#2533,#2549,#2557,.T.);
#2557 = LINE('',#2558,#2559);
#2558 = CARTESIAN_POINT('',(120.96,0.,3.9));
#2559 = VECTOR('',#2560,1.);
#2560 = DIRECTION('',(1.,0.,-0.));
#2561 = FACE_BOUND('',#2562,.F.);
#2562 = EDGE_LOOP('',(#2563,#2573,#2581,#2589));
#2563 = ORIENTED_EDGE('',*,*,#2564,.F.);
#2564 = EDGE_CURVE('',#2565,#2567,#2569,.T.);
#2565 = VERTEX_POINT('',#2566);
#2566 = CARTESIAN_POINT('',(122.68,0.,0.5));
#2567 = VERTEX_POINT('',#2568);
#2568 = CARTESIAN_POINT('',(122.68,0.,3.9));
#2569 = LINE('',#2570,#2571);
#2570 = CARTESIAN_POINT('',(122.68,0.,0.5));
#2571 = VECTOR('',#2572,1.);
#2572 = DIRECTION('',(0.,0.,1.));
#2573 = ORIENTED_EDGE('',*,*,#2574,.T.);
#2574 = EDGE_CURVE('',#2565,#2575,#2577,.T.);
#2575 = VERTEX_POINT('',#2576);
#2576 = CARTESIAN_POINT('',(123.73,0.,0.5));
#2577 = LINE('',#2578,#2579);
#2578 = CARTESIAN_POINT('',(122.68,0.,0.5));
#2579 = VECTOR('',#2580,1.);
#2580 = DIRECTION('',(1.,0.,-0.));
#2581 = ORIENTED_EDGE('',*,*,#2582,.T.);
#2582 = EDGE_CURVE('',#2575,#2583,#2585,.T.);
#2583 = VERTEX_POINT('',#2584);
#2584 = CARTESIAN_POINT('',(123.73,0.,3.9));
#2585 = LINE('',#2586,#2587);
#2586 = CARTESIAN_POINT('',(123.73,0.,0.5));
#2587 = VECTOR('',#2588,1.);
#2588 = DIRECTION('',(0.,0.,1.));
#2589 = ORIENTED_EDGE('',*,*,#2590,.F.);
#2590 = EDGE_CURVE('',#2567,#2583,#2591,.T.);
#2591 = LINE('',#2592,#2593);
#2592 = CARTESIAN_POINT('',(122.68,0.,3.9));
#2593 = VECTOR('',#2594,1.);
#2594 = DIRECTION('',(1.,0.,-0.));
#2595 = FACE_BOUND('',#2596,.F.);
#2596 = EDGE_LOOP('',(#2597,#2607,#2615,#2623));
#2597 = ORIENTED_EDGE('',*,*,#2598,.F.);
#2598 = EDGE_CURVE('',#2599,#2601,#2603,.T.);
#2599 = VERTEX_POINT('',#2600);
#2600 = CARTESIAN_POINT('',(124.4,0.,0.5));
#2601 = VERTEX_POINT('',#2602);
#2602 = CARTESIAN_POINT('',(124.4,0.,3.9));
#2603 = LINE('',#2604,#2605);
#2604 = CARTESIAN_POINT('',(124.4,0.,0.5));
#2605 = VECTOR('',#2606,1.);
#2606 = DIRECTION('',(0.,0.,1.));
#2607 = ORIENTED_EDGE('',*,*,#2608,.T.);
#2608 = EDGE_CURVE('',#2599,#2609,#2611,.T.);
#2609 = VERTEX_POINT('',#2610);
#2610 = CARTESIAN_POINT('',(125.45,0.,0.5));
#2611 = LINE('',#2612,#2613);
#2612 = CARTESIAN_POINT('',(124.4,0.,0.5));
#2613 = VECTOR('',#2614,1.);
#2614 = DIRECTION('',(1.,0.,-0.));
#2615 = ORIENTED_EDGE('',*,*,#2616,.T.);
#2616 = EDGE_CURVE('',#2609,#2617,#2619,.T.);
#2617 = VERTEX_POINT('',#2618);
#2618 = CARTESIAN_POINT('',(125.45,0.,3.9));
#2619 = LINE('',#2620,#2621);
#2620 = CARTESIAN_POINT('',(125.45,0.,0.5));
#2621 = VECTOR('',#2622,1.);
#2622 = DIRECTION('',(0.,0.,1.));
#2623 = ORIENTED_EDGE('',*,*,#2624,.F.);
#2624 = EDGE_CURVE('',#2601,#2617,#2625,.T.);
#2625 = LINE('',#2626,#2627);
#2626 = CARTESIAN_POINT('',(124.4,0.,3.9));
#2627 = VECTOR('',#2628,1.);
#2628 = DIRECTION('',(1.,0.,-0.));
#2629 = FACE_BOUND('',#2630,.F.);
#2630 = EDGE_LOOP('',(#2631,#2641,#2649,#2657));
#2631 = ORIENTED_EDGE('',*,*,#2632,.F.);
#2632 = EDGE_CURVE('',#2633,#2635,#2637,.T.);
#2633 = VERTEX_POINT('',#2634);
#2634 = CARTESIAN_POINT('',(126.12,0.,0.5));
#2635 = VERTEX_POINT('',#2636);
#2636 = CARTESIAN_POINT('',(126.12,0.,3.9));
#2637 = LINE('',#2638,#2639);
#2638 = CARTESIAN_POINT('',(126.12,0.,0.5));
#2639 = VECTOR('',#2640,1.);
#2640 = DIRECTION('',(0.,0.,1.));
#2641 = ORIENTED_EDGE('',*,*,#2642,.T.);
#2642 = EDGE_CURVE('',#2633,#2643,#2645,.T.);
#2643 = VERTEX_POINT('',#2644);
#2644 = CARTESIAN_POINT('',(127.17,0.,0.5));
#2645 = LINE('',#2646,#2647);
#2646 = CARTESIAN_POINT('',(126.12,0.,0.5));
#2647 = VECTOR('',#2648,1.);
#2648 = DIRECTION('',(1.,0.,-0.));
#2649 = ORIENTED_EDGE('',*,*,#2650,.T.);
#2650 = EDGE_CURVE('',#2643,#2651,#2653,.T.);
#2651 = VERTEX_POINT('',#2652);
#2652 = CARTESIAN_POINT('',(127.17,0.,3.9));
#2653 = LINE('',#2654,#2655);
#2654 = CARTESIAN_POINT('',(127.17,0.,0.5));
#2655 = VECTOR('',#2656,1.);
#2656 = DIRECTION('',(0.,0.,1.));
#2657 = ORIENTED_EDGE('',*,*,#2658,.F.);
#2658 = EDGE_CURVE('',#2635,#2651,#2659,.T.);
#2659 = LINE('',#2660,#2661);
#2660 = CARTESIAN_POINT('',(126.12,0.,3.9));
#2661 = VECTOR('',#2662,1.);
#2662 = DIRECTION('',(1.,0.,-0.));
#2663 = FACE_BOUND('',#2664,.F.);
#2664 = EDGE_LOOP('',(#2665,#2675,#2683,#2691));
#2665 = ORIENTED_EDGE('',*,*,#2666,.F.);
#2666 = EDGE_CURVE('',#2667,#2669,#2671,.T.);
#2667 = VERTEX_POINT('',#2668);
#2668 = CARTESIAN_POINT('',(69.5,0.,11.));
#2669 = VERTEX_POINT('',#2670);
#2670 = CARTESIAN_POINT('',(69.5,0.,22.5));
#2671 = LINE('',#2672,#2673);
#2672 = CARTESIAN_POINT('',(69.5,0.,11.));
#2673 = VECTOR('',#2674,1.);
#2674 = DIRECTION('',(0.,0.,1.));
#2675 = ORIENTED_EDGE('',*,*,#2676,.T.);
#2676 = EDGE_CURVE('',#2667,#2677,#2679,.T.);
#2677 = VERTEX_POINT('',#2678);
#2678 = CARTESIAN_POINT('',(79.1,0.,11.));
#2679 = LINE('',#2680,#2681);
#2680 = CARTESIAN_POINT('',(69.5,0.,11.));
#2681 = VECTOR('',#2682,1.);
#2682 = DIRECTION('',(1.,0.,-0.));
#2683 = ORIENTED_EDGE('',*,*,#2684,.T.);
#2684 = EDGE_CURVE('',#2677,#2685,#2687,.T.);
#2685 = VERTEX_POINT('',#2686);
#2686 = CARTESIAN_POINT('',(79.1,0.,22.5));
#2687 = LINE('',#2688,#2689);
#2688 = CARTESIAN_POINT('',(79.1,0.,11.));
#2689 = VECTOR('',#2690,1.);
#2690 = DIRECTION('',(0.,0.,1.));
#2691 = ORIENTED_EDGE('',*,*,#2692,.F.);
#2692 = EDGE_CURVE('',#2669,#2685,#2693,.T.);
#2693 = LINE('',#2694,#2695);
#2694 = CARTESIAN_POINT('',(69.5,0.,22.5));
#2695 = VECTOR('',#2696,1.);
#2696 = DIRECTION('',(1.,0.,-0.));
#2697 = FACE_BOUND('',#2698,.F.);
#2698 = EDGE_LOOP('',(#2699,#2709,#2717,#2725));
#2699 = ORIENTED_EDGE('',*,*,#2700,.F.);
#2700 = EDGE_CURVE('',#2701,#2703,#2705,.T.);
#2701 = VERTEX_POINT('',#2702);
#2702 = CARTESIAN_POINT('',(82.1,0.,11.));
#2703 = VERTEX_POINT('',#2704);
#2704 = CARTESIAN_POINT('',(82.1,0.,22.5));
#2705 = LINE('',#2706,#2707);
#2706 = CARTESIAN_POINT('',(82.1,0.,11.));
#2707 = VECTOR('',#2708,1.);
#2708 = DIRECTION('',(0.,0.,1.));
#2709 = ORIENTED_EDGE('',*,*,#2710,.T.);
#2710 = EDGE_CURVE('',#2701,#2711,#2713,.T.);
#2711 = VERTEX_POINT('',#2712);
#2712 = CARTESIAN_POINT('',(91.7,0.,11.));
#2713 = LINE('',#2714,#2715);
#2714 = CARTESIAN_POINT('',(82.1,0.,11.));
#2715 = VECTOR('',#2716,1.);
#2716 = DIRECTION('',(1.,0.,-0.));
#2717 = ORIENTED_EDGE('',*,*,#2718,.T.);
#2718 = EDGE_CURVE('',#2711,#2719,#2721,.T.);
#2719 = VERTEX_POINT('',#2720);
#2720 = CARTESIAN_POINT('',(91.7,0.,22.5));
#2721 = LINE('',#2722,#2723);
#2722 = CARTESIAN_POINT('',(91.7,0.,11.));
#2723 = VECTOR('',#2724,1.);
#2724 = DIRECTION('',(0.,0.,1.));
#2725 = ORIENTED_EDGE('',*,*,#2726,.F.);
#2726 = EDGE_CURVE('',#2703,#2719,#2727,.T.);
#2727 = LINE('',#2728,#2729);
#2728 = CARTESIAN_POINT('',(82.1,0.,22.5));
#2729 = VECTOR('',#2730,1.);
#2730 = DIRECTION('',(1.,0.,-0.));
#2731 = FACE_BOUND('',#2732,.F.);
#2732 = EDGE_LOOP('',(#2733,#2743,#2751,#2759));
#2733 = ORIENTED_EDGE('',*,*,#2734,.F.);
#2734 = EDGE_CURVE('',#2735,#2737,#2739,.T.);
#2735 = VERTEX_POINT('',#2736);
#2736 = CARTESIAN_POINT('',(94.7,0.,11.));
#2737 = VERTEX_POINT('',#2738);
#2738 = CARTESIAN_POINT('',(94.7,0.,22.5));
#2739 = LINE('',#2740,#2741);
#2740 = CARTESIAN_POINT('',(94.7,0.,11.));
#2741 = VECTOR('',#2742,1.);
#2742 = DIRECTION('',(0.,0.,1.));
#2743 = ORIENTED_EDGE('',*,*,#2744,.T.);
#2744 = EDGE_CURVE('',#2735,#2745,#2747,.T.);
#2745 = VERTEX_POINT('',#2746);
#2746 = CARTESIAN_POINT('',(104.3,0.,11.));
#2747 = LINE('',#2748,#2749);
#2748 = CARTESIAN_POINT('',(94.7,0.,11.));
#2749 = VECTOR('',#2750,1.);
#2750 = DIRECTION('',(1.,0.,-0.));
#2751 = ORIENTED_EDGE('',*,*,#2752,.T.);
#2752 = EDGE_CURVE('',#2745,#2753,#2755,.T.);
#2753 = VERTEX_POINT('',#2754);
#2754 = CARTESIAN_POINT('',(104.3,0.,22.5));
#2755 = LINE('',#2756,#2757);
#2756 = CARTESIAN_POINT('',(104.3,0.,11.));
#2757 = VECTOR('',#2758,1.);
#2758 = DIRECTION('',(0.,0.,1.));
#2759 = ORIENTED_EDGE('',*,*,#2760,.F.);
#2760 = EDGE_CURVE('',#2737,#2753,#2761,.T.);
#2761 = LINE('',#2762,#2763);
#2762 = CARTESIAN_POINT('',(94.7,0.,22.5));
#2763 = VECTOR('',#2764,1.);
#2764 = DIRECTION('',(1.,0.,-0.));
#2765 = FACE_BOUND('',#2766,.F.);
#2766 = EDGE_LOOP('',(#2767,#2777,#2785,#2793));
#2767 = ORIENTED_EDGE('',*,*,#2768,.F.);
#2768 = EDGE_CURVE('',#2769,#2771,#2773,.T.);
#2769 = VERTEX_POINT('',#2770);
#2770 = CARTESIAN_POINT('',(107.3,0.,11.));
#2771 = VERTEX_POINT('',#2772);
#2772 = CARTESIAN_POINT('',(107.3,0.,22.5));
#2773 = LINE('',#2774,#2775);
#2774 = CARTESIAN_POINT('',(107.3,0.,11.));
#2775 = VECTOR('',#2776,1.);
#2776 = DIRECTION('',(0.,0.,1.));
#2777 = ORIENTED_EDGE('',*,*,#2778,.T.);
#2778 = EDGE_CURVE('',#2769,#2779,#2781,.T.);
#2779 = VERTEX_POINT('',#2780);
#2780 = CARTESIAN_POINT('',(116.9,0.,11.));
#2781 = LINE('',#2782,#2783);
#2782 = CARTESIAN_POINT('',(107.3,0.,11.));
#2783 = VECTOR('',#2784,1.);
#2784 = DIRECTION('',(1.,0.,-0.));
#2785 = ORIENTED_EDGE('',*,*,#2786,.T.);
#2786 = EDGE_CURVE('',#2779,#2787,#2789,.T.);
#2787 = VERTEX_POINT('',#2788);
#2788 = CARTESIAN_POINT('',(116.9,0.,22.5));
#2789 = LINE('',#2790,#2791);
#2790 = CARTESIAN_POINT('',(116.9,0.,11.));
#2791 = VECTOR('',#2792,1.);
#2792 = DIRECTION('',(0.,0.,1.));
#2793 = ORIENTED_EDGE('',*,*,#2794,.F.);
#2794 = EDGE_CURVE('',#2771,#2787,#2795,.T.);
#2795 = LINE('',#2796,#2797);
#2796 = CARTESIAN_POINT('',(107.3,0.,22.5));
#2797 = VECTOR('',#2798,1.);
#2798 = DIRECTION('',(1.,0.,-0.));
#2799 = FACE_BOUND('',#2800,.F.);
#2800 = EDGE_LOOP('',(#2801,#2811,#2819,#2827));
#2801 = ORIENTED_EDGE('',*,*,#2802,.F.);
#2802 = EDGE_CURVE('',#2803,#2805,#2807,.T.);
#2803 = VERTEX_POINT('',#2804);
#2804 = CARTESIAN_POINT('',(119.9,0.,11.));
#2805 = VERTEX_POINT('',#2806);
#2806 = CARTESIAN_POINT('',(119.9,0.,22.5));
#2807 = LINE('',#2808,#2809);
#2808 = CARTESIAN_POINT('',(119.9,0.,11.));
#2809 = VECTOR('',#2810,1.);
#2810 = DIRECTION('',(0.,0.,1.));
#2811 = ORIENTED_EDGE('',*,*,#2812,.T.);
#2812 = EDGE_CURVE('',#2803,#2813,#2815,.T.);
#2813 = VERTEX_POINT('',#2814);
#2814 = CARTESIAN_POINT('',(129.5,0.,11.));
#2815 = LINE('',#2816,#2817);
#2816 = CARTESIAN_POINT('',(119.9,0.,11.));
#2817 = VECTOR('',#2818,1.);
#2818 = DIRECTION('',(1.,0.,-0.));
#2819 = ORIENTED_EDGE('',*,*,#2820,.T.);
#2820 = EDGE_CURVE('',#2813,#2821,#2823,.T.);
#2821 = VERTEX_POINT('',#2822);
#2822 = CARTESIAN_POINT('',(129.5,0.,22.5));
#2823 = LINE('',#2824,#2825);
#2824 = CARTESIAN_POINT('',(129.5,0.,11.));
#2825 = VECTOR('',#2826,1.);
#2826 = DIRECTION('',(0.,0.,1.));
#2827 = ORIENTED_EDGE('',*,*,#2828,.F.);
#2828 = EDGE_CURVE('',#2805,#2821,#2829,.T.);
#2829 = LINE('',#2830,#2831);
#2830 = CARTESIAN_POINT('',(119.9,0.,22.5));
#2831 = VECTOR('',#2832,1.);
#2832 = DIRECTION('',(1.,0.,-0.));
#2833 = PLANE('',#2834);
#2834 = AXIS2_PLACEMENT_3D('',#2835,#2836,#2837);
#2835 = CARTESIAN_POINT('',(0.,0.,0.));
#2836 = DIRECTION('',(-0.,1.,0.));
#2837 = DIRECTION('',(0.,0.,1.));
#2838 = ADVANCED_FACE('',(#2839),#2857,.T.);
#2839 = FACE_BOUND('',#2840,.T.);
#2840 = EDGE_LOOP('',(#2841,#2842,#2843,#2851));
#2841 = ORIENTED_EDGE('',*,*,#47,.F.);
#2842 = ORIENTED_EDGE('',*,*,#86,.T.);
#2843 = ORIENTED_EDGE('',*,*,#2844,.T.);
#2844 = EDGE_CURVE('',#87,#2845,#2847,.T.);
#2845 = VERTEX_POINT('',#2846);
#2846 = CARTESIAN_POINT('',(133.35,1.2,31.25));
#2847 = LINE('',#2848,#2849);
#2848 = CARTESIAN_POINT('',(133.35,0.,31.25));
#2849 = VECTOR('',#2850,1.);
#2850 = DIRECTION('',(-0.,1.,0.));
#2851 = ORIENTED_EDGE('',*,*,#2852,.F.);
#2852 = EDGE_CURVE('',#40,#2845,#2853,.T.);
#2853 = LINE('',#2854,#2855);
#2854 = CARTESIAN_POINT('',(0.,1.2,31.25));
#2855 = VECTOR('',#2856,1.);
#2856 = DIRECTION('',(1.,0.,-0.));
#2857 = PLANE('',#2858);
#2858 = AXIS2_PLACEMENT_3D('',#2859,#2860,#2861);
#2859 = CARTESIAN_POINT('',(0.,0.,31.25));
#2860 = DIRECTION('',(0.,0.,1.));
#2861 = DIRECTION('',(1.,0.,-0.));
#2862 = ADVANCED_FACE('',(#2863,#2945,#2979,#3013,#3047,#3081,#3115,
    #3149,#3183,#3217,#3251,#3285,#3319,#3353,#3387,#3421,#3455,#3489,
    #3523,#3557,#3591,#3625,#3659,#3693,#3727,#3761,#3795,#3829,#3863,
    #3897,#3931,#3965,#3999,#4033,#4067,#4101,#4135,#4169,#4203,#4237,
    #4303,#4337,#4371,#4405,#4439,#4473,#4507,#4541,#4575,#4609,#4643,
    #4677,#4711,#4745,#4779,#4813,#4847,#4881,#4915,#4949,#4983,#5017,
    #5051,#5085,#5119,#5153,#5187,#5221,#5255,#5289,#5323,#5357,#5391,
    #5425,#5459,#5493,#5527,#5561,#5595,#5629,#5663),#5697,.T.);
#2863 = FACE_BOUND('',#2864,.T.);
#2864 = EDGE_LOOP('',(#2865,#2875,#2883,#2889,#2890,#2891,#2899,#2907,
    #2915,#2923,#2931,#2939));
#2865 = ORIENTED_EDGE('',*,*,#2866,.F.);
#2866 = EDGE_CURVE('',#2867,#2869,#2871,.T.);
#2867 = VERTEX_POINT('',#2868);
#2868 = CARTESIAN_POINT('',(1.4,1.2,0.));
#2869 = VERTEX_POINT('',#2870);
#2870 = CARTESIAN_POINT('',(62.00775,1.2,0.));
#2871 = LINE('',#2872,#2873);
#2872 = CARTESIAN_POINT('',(0.,1.2,0.));
#2873 = VECTOR('',#2874,1.);
#2874 = DIRECTION('',(1.,0.,-0.));
#2875 = ORIENTED_EDGE('',*,*,#2876,.F.);
#2876 = EDGE_CURVE('',#2877,#2867,#2879,.T.);
#2877 = VERTEX_POINT('',#2878);
#2878 = CARTESIAN_POINT('',(1.4,1.2,1.9));
#2879 = LINE('',#2880,#2881);
#2880 = CARTESIAN_POINT('',(1.4,1.2,-5.E-02));
#2881 = VECTOR('',#2882,1.);
#2882 = DIRECTION('',(-0.,0.,-1.));
#2883 = ORIENTED_EDGE('',*,*,#2884,.F.);
#2884 = EDGE_CURVE('',#32,#2877,#2885,.T.);
#2885 = LINE('',#2886,#2887);
#2886 = CARTESIAN_POINT('',(0.,1.2,1.9));
#2887 = VECTOR('',#2888,1.);
#2888 = DIRECTION('',(1.,0.,-0.));
#2889 = ORIENTED_EDGE('',*,*,#39,.T.);
#2890 = ORIENTED_EDGE('',*,*,#2852,.T.);
#2891 = ORIENTED_EDGE('',*,*,#2892,.F.);
#2892 = EDGE_CURVE('',#2893,#2845,#2895,.T.);
#2893 = VERTEX_POINT('',#2894);
#2894 = CARTESIAN_POINT('',(133.35,1.2,1.9));
#2895 = LINE('',#2896,#2897);
#2896 = CARTESIAN_POINT('',(133.35,1.2,0.));
#2897 = VECTOR('',#2898,1.);
#2898 = DIRECTION('',(0.,0.,1.));
#2899 = ORIENTED_EDGE('',*,*,#2900,.F.);
#2900 = EDGE_CURVE('',#2901,#2893,#2903,.T.);
#2901 = VERTEX_POINT('',#2902);
#2902 = CARTESIAN_POINT('',(131.95,1.2,1.9));
#2903 = LINE('',#2904,#2905);
#2904 = CARTESIAN_POINT('',(65.975,1.2,1.9));
#2905 = VECTOR('',#2906,1.);
#2906 = DIRECTION('',(1.,0.,-0.));
#2907 = ORIENTED_EDGE('',*,*,#2908,.T.);
#2908 = EDGE_CURVE('',#2901,#2909,#2911,.T.);
#2909 = VERTEX_POINT('',#2910);
#2910 = CARTESIAN_POINT('',(131.95,1.2,0.));
#2911 = LINE('',#2912,#2913);
#2912 = CARTESIAN_POINT('',(131.95,1.2,-5.E-02));
#2913 = VECTOR('',#2914,1.);
#2914 = DIRECTION('',(-0.,0.,-1.));
#2915 = ORIENTED_EDGE('',*,*,#2916,.F.);
#2916 = EDGE_CURVE('',#2917,#2909,#2919,.T.);
#2917 = VERTEX_POINT('',#2918);
#2918 = CARTESIAN_POINT('',(64.00775,1.2,0.));
#2919 = LINE('',#2920,#2921);
#2920 = CARTESIAN_POINT('',(0.,1.2,0.));
#2921 = VECTOR('',#2922,1.);
#2922 = DIRECTION('',(1.,0.,-0.));
#2923 = ORIENTED_EDGE('',*,*,#2924,.F.);
#2924 = EDGE_CURVE('',#2925,#2917,#2927,.T.);
#2925 = VERTEX_POINT('',#2926);
#2926 = CARTESIAN_POINT('',(64.00775,1.2,3.9));
#2927 = LINE('',#2928,#2929);
#2928 = CARTESIAN_POINT('',(64.00775,1.2,-5.E-02));
#2929 = VECTOR('',#2930,1.);
#2930 = DIRECTION('',(-0.,0.,-1.));
#2931 = ORIENTED_EDGE('',*,*,#2932,.F.);
#2932 = EDGE_CURVE('',#2933,#2925,#2935,.T.);
#2933 = VERTEX_POINT('',#2934);
#2934 = CARTESIAN_POINT('',(62.00775,1.2,3.9));
#2935 = LINE('',#2936,#2937);
#2936 = CARTESIAN_POINT('',(31.003875,1.2,3.9));
#2937 = VECTOR('',#2938,1.);
#2938 = DIRECTION('',(1.,0.,-0.));
#2939 = ORIENTED_EDGE('',*,*,#2940,.T.);
#2940 = EDGE_CURVE('',#2933,#2869,#2941,.T.);
#2941 = LINE('',#2942,#2943);
#2942 = CARTESIAN_POINT('',(62.00775,1.2,-5.E-02));
#2943 = VECTOR('',#2944,1.);
#2944 = DIRECTION('',(-0.,0.,-1.));
#2945 = FACE_BOUND('',#2946,.T.);
#2946 = EDGE_LOOP('',(#2947,#2957,#2965,#2973));
#2947 = ORIENTED_EDGE('',*,*,#2948,.F.);
#2948 = EDGE_CURVE('',#2949,#2951,#2953,.T.);
#2949 = VERTEX_POINT('',#2950);
#2950 = CARTESIAN_POINT('',(4.,1.2,0.5));
#2951 = VERTEX_POINT('',#2952);
#2952 = CARTESIAN_POINT('',(4.,1.2,3.9));
#2953 = LINE('',#2954,#2955);
#2954 = CARTESIAN_POINT('',(4.,1.2,0.5));
#2955 = VECTOR('',#2956,1.);
#2956 = DIRECTION('',(0.,0.,1.));
#2957 = ORIENTED_EDGE('',*,*,#2958,.T.);
#2958 = EDGE_CURVE('',#2949,#2959,#2961,.T.);
#2959 = VERTEX_POINT('',#2960);
#2960 = CARTESIAN_POINT('',(5.05,1.2,0.5));
#2961 = LINE('',#2962,#2963);
#2962 = CARTESIAN_POINT('',(4.,1.2,0.5));
#2963 = VECTOR('',#2964,1.);
#2964 = DIRECTION('',(1.,0.,-0.));
#2965 = ORIENTED_EDGE('',*,*,#2966,.T.);
#2966 = EDGE_CURVE('',#2959,#2967,#2969,.T.);
#2967 = VERTEX_POINT('',#2968);
#2968 = CARTESIAN_POINT('',(5.05,1.2,3.9));
#2969 = LINE('',#2970,#2971);
#2970 = CARTESIAN_POINT('',(5.05,1.2,0.5));
#2971 = VECTOR('',#2972,1.);
#2972 = DIRECTION('',(0.,0.,1.));
#2973 = ORIENTED_EDGE('',*,*,#2974,.F.);
#2974 = EDGE_CURVE('',#2951,#2967,#2975,.T.);
#2975 = LINE('',#2976,#2977);
#2976 = CARTESIAN_POINT('',(4.,1.2,3.9));
#2977 = VECTOR('',#2978,1.);
#2978 = DIRECTION('',(1.,0.,-0.));
#2979 = FACE_BOUND('',#2980,.T.);
#2980 = EDGE_LOOP('',(#2981,#2991,#2999,#3007));
#2981 = ORIENTED_EDGE('',*,*,#2982,.F.);
#2982 = EDGE_CURVE('',#2983,#2985,#2987,.T.);
#2983 = VERTEX_POINT('',#2984);
#2984 = CARTESIAN_POINT('',(5.72,1.2,0.5));
#2985 = VERTEX_POINT('',#2986);
#2986 = CARTESIAN_POINT('',(5.72,1.2,3.9));
#2987 = LINE('',#2988,#2989);
#2988 = CARTESIAN_POINT('',(5.72,1.2,0.5));
#2989 = VECTOR('',#2990,1.);
#2990 = DIRECTION('',(0.,0.,1.));
#2991 = ORIENTED_EDGE('',*,*,#2992,.T.);
#2992 = EDGE_CURVE('',#2983,#2993,#2995,.T.);
#2993 = VERTEX_POINT('',#2994);
#2994 = CARTESIAN_POINT('',(6.77,1.2,0.5));
#2995 = LINE('',#2996,#2997);
#2996 = CARTESIAN_POINT('',(5.72,1.2,0.5));
#2997 = VECTOR('',#2998,1.);
#2998 = DIRECTION('',(1.,0.,-0.));
#2999 = ORIENTED_EDGE('',*,*,#3000,.T.);
#3000 = EDGE_CURVE('',#2993,#3001,#3003,.T.);
#3001 = VERTEX_POINT('',#3002);
#3002 = CARTESIAN_POINT('',(6.77,1.2,3.9));
#3003 = LINE('',#3004,#3005);
#3004 = CARTESIAN_POINT('',(6.77,1.2,0.5));
#3005 = VECTOR('',#3006,1.);
#3006 = DIRECTION('',(0.,0.,1.));
#3007 = ORIENTED_EDGE('',*,*,#3008,.F.);
#3008 = EDGE_CURVE('',#2985,#3001,#3009,.T.);
#3009 = LINE('',#3010,#3011);
#3010 = CARTESIAN_POINT('',(5.72,1.2,3.9));
#3011 = VECTOR('',#3012,1.);
#3012 = DIRECTION('',(1.,0.,-0.));
#3013 = FACE_BOUND('',#3014,.T.);
#3014 = EDGE_LOOP('',(#3015,#3025,#3033,#3041));
#3015 = ORIENTED_EDGE('',*,*,#3016,.F.);
#3016 = EDGE_CURVE('',#3017,#3019,#3021,.T.);
#3017 = VERTEX_POINT('',#3018);
#3018 = CARTESIAN_POINT('',(7.44,1.2,0.5));
#3019 = VERTEX_POINT('',#3020);
#3020 = CARTESIAN_POINT('',(7.44,1.2,3.9));
#3021 = LINE('',#3022,#3023);
#3022 = CARTESIAN_POINT('',(7.44,1.2,0.5));
#3023 = VECTOR('',#3024,1.);
#3024 = DIRECTION('',(0.,0.,1.));
#3025 = ORIENTED_EDGE('',*,*,#3026,.T.);
#3026 = EDGE_CURVE('',#3017,#3027,#3029,.T.);
#3027 = VERTEX_POINT('',#3028);
#3028 = CARTESIAN_POINT('',(8.49,1.2,0.5));
#3029 = LINE('',#3030,#3031);
#3030 = CARTESIAN_POINT('',(7.44,1.2,0.5));
#3031 = VECTOR('',#3032,1.);
#3032 = DIRECTION('',(1.,0.,-0.));
#3033 = ORIENTED_EDGE('',*,*,#3034,.T.);
#3034 = EDGE_CURVE('',#3027,#3035,#3037,.T.);
#3035 = VERTEX_POINT('',#3036);
#3036 = CARTESIAN_POINT('',(8.49,1.2,3.9));
#3037 = LINE('',#3038,#3039);
#3038 = CARTESIAN_POINT('',(8.49,1.2,0.5));
#3039 = VECTOR('',#3040,1.);
#3040 = DIRECTION('',(0.,0.,1.));
#3041 = ORIENTED_EDGE('',*,*,#3042,.F.);
#3042 = EDGE_CURVE('',#3019,#3035,#3043,.T.);
#3043 = LINE('',#3044,#3045);
#3044 = CARTESIAN_POINT('',(7.44,1.2,3.9));
#3045 = VECTOR('',#3046,1.);
#3046 = DIRECTION('',(1.,0.,-0.));
#3047 = FACE_BOUND('',#3048,.T.);
#3048 = EDGE_LOOP('',(#3049,#3059,#3067,#3075));
#3049 = ORIENTED_EDGE('',*,*,#3050,.F.);
#3050 = EDGE_CURVE('',#3051,#3053,#3055,.T.);
#3051 = VERTEX_POINT('',#3052);
#3052 = CARTESIAN_POINT('',(9.16,1.2,0.5));
#3053 = VERTEX_POINT('',#3054);
#3054 = CARTESIAN_POINT('',(9.16,1.2,3.9));
#3055 = LINE('',#3056,#3057);
#3056 = CARTESIAN_POINT('',(9.16,1.2,0.5));
#3057 = VECTOR('',#3058,1.);
#3058 = DIRECTION('',(0.,0.,1.));
#3059 = ORIENTED_EDGE('',*,*,#3060,.T.);
#3060 = EDGE_CURVE('',#3051,#3061,#3063,.T.);
#3061 = VERTEX_POINT('',#3062);
#3062 = CARTESIAN_POINT('',(10.21,1.2,0.5));
#3063 = LINE('',#3064,#3065);
#3064 = CARTESIAN_POINT('',(9.16,1.2,0.5));
#3065 = VECTOR('',#3066,1.);
#3066 = DIRECTION('',(1.,0.,-0.));
#3067 = ORIENTED_EDGE('',*,*,#3068,.T.);
#3068 = EDGE_CURVE('',#3061,#3069,#3071,.T.);
#3069 = VERTEX_POINT('',#3070);
#3070 = CARTESIAN_POINT('',(10.21,1.2,3.9));
#3071 = LINE('',#3072,#3073);
#3072 = CARTESIAN_POINT('',(10.21,1.2,0.5));
#3073 = VECTOR('',#3074,1.);
#3074 = DIRECTION('',(0.,0.,1.));
#3075 = ORIENTED_EDGE('',*,*,#3076,.F.);
#3076 = EDGE_CURVE('',#3053,#3069,#3077,.T.);
#3077 = LINE('',#3078,#3079);
#3078 = CARTESIAN_POINT('',(9.16,1.2,3.9));
#3079 = VECTOR('',#3080,1.);
#3080 = DIRECTION('',(1.,0.,-0.));
#3081 = FACE_BOUND('',#3082,.T.);
#3082 = EDGE_LOOP('',(#3083,#3093,#3101,#3109));
#3083 = ORIENTED_EDGE('',*,*,#3084,.F.);
#3084 = EDGE_CURVE('',#3085,#3087,#3089,.T.);
#3085 = VERTEX_POINT('',#3086);
#3086 = CARTESIAN_POINT('',(10.88,1.2,0.5));
#3087 = VERTEX_POINT('',#3088);
#3088 = CARTESIAN_POINT('',(10.88,1.2,3.9));
#3089 = LINE('',#3090,#3091);
#3090 = CARTESIAN_POINT('',(10.88,1.2,0.5));
#3091 = VECTOR('',#3092,1.);
#3092 = DIRECTION('',(0.,0.,1.));
#3093 = ORIENTED_EDGE('',*,*,#3094,.T.);
#3094 = EDGE_CURVE('',#3085,#3095,#3097,.T.);
#3095 = VERTEX_POINT('',#3096);
#3096 = CARTESIAN_POINT('',(11.93,1.2,0.5));
#3097 = LINE('',#3098,#3099);
#3098 = CARTESIAN_POINT('',(10.88,1.2,0.5));
#3099 = VECTOR('',#3100,1.);
#3100 = DIRECTION('',(1.,0.,-0.));
#3101 = ORIENTED_EDGE('',*,*,#3102,.T.);
#3102 = EDGE_CURVE('',#3095,#3103,#3105,.T.);
#3103 = VERTEX_POINT('',#3104);
#3104 = CARTESIAN_POINT('',(11.93,1.2,3.9));
#3105 = LINE('',#3106,#3107);
#3106 = CARTESIAN_POINT('',(11.93,1.2,0.5));
#3107 = VECTOR('',#3108,1.);
#3108 = DIRECTION('',(0.,0.,1.));
#3109 = ORIENTED_EDGE('',*,*,#3110,.F.);
#3110 = EDGE_CURVE('',#3087,#3103,#3111,.T.);
#3111 = LINE('',#3112,#3113);
#3112 = CARTESIAN_POINT('',(10.88,1.2,3.9));
#3113 = VECTOR('',#3114,1.);
#3114 = DIRECTION('',(1.,0.,-0.));
#3115 = FACE_BOUND('',#3116,.T.);
#3116 = EDGE_LOOP('',(#3117,#3127,#3135,#3143));
#3117 = ORIENTED_EDGE('',*,*,#3118,.F.);
#3118 = EDGE_CURVE('',#3119,#3121,#3123,.T.);
#3119 = VERTEX_POINT('',#3120);
#3120 = CARTESIAN_POINT('',(12.6,1.2,0.5));
#3121 = VERTEX_POINT('',#3122);
#3122 = CARTESIAN_POINT('',(12.6,1.2,3.9));
#3123 = LINE('',#3124,#3125);
#3124 = CARTESIAN_POINT('',(12.6,1.2,0.5));
#3125 = VECTOR('',#3126,1.);
#3126 = DIRECTION('',(0.,0.,1.));
#3127 = ORIENTED_EDGE('',*,*,#3128,.T.);
#3128 = EDGE_CURVE('',#3119,#3129,#3131,.T.);
#3129 = VERTEX_POINT('',#3130);
#3130 = CARTESIAN_POINT('',(13.65,1.2,0.5));
#3131 = LINE('',#3132,#3133);
#3132 = CARTESIAN_POINT('',(12.6,1.2,0.5));
#3133 = VECTOR('',#3134,1.);
#3134 = DIRECTION('',(1.,0.,-0.));
#3135 = ORIENTED_EDGE('',*,*,#3136,.T.);
#3136 = EDGE_CURVE('',#3129,#3137,#3139,.T.);
#3137 = VERTEX_POINT('',#3138);
#3138 = CARTESIAN_POINT('',(13.65,1.2,3.9));
#3139 = LINE('',#3140,#3141);
#3140 = CARTESIAN_POINT('',(13.65,1.2,0.5));
#3141 = VECTOR('',#3142,1.);
#3142 = DIRECTION('',(0.,0.,1.));
#3143 = ORIENTED_EDGE('',*,*,#3144,.F.);
#3144 = EDGE_CURVE('',#3121,#3137,#3145,.T.);
#3145 = LINE('',#3146,#3147);
#3146 = CARTESIAN_POINT('',(12.6,1.2,3.9));
#3147 = VECTOR('',#3148,1.);
#3148 = DIRECTION('',(1.,0.,-0.));
#3149 = FACE_BOUND('',#3150,.T.);
#3150 = EDGE_LOOP('',(#3151,#3161,#3169,#3177));
#3151 = ORIENTED_EDGE('',*,*,#3152,.F.);
#3152 = EDGE_CURVE('',#3153,#3155,#3157,.T.);
#3153 = VERTEX_POINT('',#3154);
#3154 = CARTESIAN_POINT('',(14.32,1.2,0.5));
#3155 = VERTEX_POINT('',#3156);
#3156 = CARTESIAN_POINT('',(14.32,1.2,3.9));
#3157 = LINE('',#3158,#3159);
#3158 = CARTESIAN_POINT('',(14.32,1.2,0.5));
#3159 = VECTOR('',#3160,1.);
#3160 = DIRECTION('',(0.,0.,1.));
#3161 = ORIENTED_EDGE('',*,*,#3162,.T.);
#3162 = EDGE_CURVE('',#3153,#3163,#3165,.T.);
#3163 = VERTEX_POINT('',#3164);
#3164 = CARTESIAN_POINT('',(15.37,1.2,0.5));
#3165 = LINE('',#3166,#3167);
#3166 = CARTESIAN_POINT('',(14.32,1.2,0.5));
#3167 = VECTOR('',#3168,1.);
#3168 = DIRECTION('',(1.,0.,-0.));
#3169 = ORIENTED_EDGE('',*,*,#3170,.T.);
#3170 = EDGE_CURVE('',#3163,#3171,#3173,.T.);
#3171 = VERTEX_POINT('',#3172);
#3172 = CARTESIAN_POINT('',(15.37,1.2,3.9));
#3173 = LINE('',#3174,#3175);
#3174 = CARTESIAN_POINT('',(15.37,1.2,0.5));
#3175 = VECTOR('',#3176,1.);
#3176 = DIRECTION('',(0.,0.,1.));
#3177 = ORIENTED_EDGE('',*,*,#3178,.F.);
#3178 = EDGE_CURVE('',#3155,#3171,#3179,.T.);
#3179 = LINE('',#3180,#3181);
#3180 = CARTESIAN_POINT('',(14.32,1.2,3.9));
#3181 = VECTOR('',#3182,1.);
#3182 = DIRECTION('',(1.,0.,-0.));
#3183 = FACE_BOUND('',#3184,.T.);
#3184 = EDGE_LOOP('',(#3185,#3195,#3203,#3211));
#3185 = ORIENTED_EDGE('',*,*,#3186,.F.);
#3186 = EDGE_CURVE('',#3187,#3189,#3191,.T.);
#3187 = VERTEX_POINT('',#3188);
#3188 = CARTESIAN_POINT('',(16.04,1.2,0.5));
#3189 = VERTEX_POINT('',#3190);
#3190 = CARTESIAN_POINT('',(16.04,1.2,3.9));
#3191 = LINE('',#3192,#3193);
#3192 = CARTESIAN_POINT('',(16.04,1.2,0.5));
#3193 = VECTOR('',#3194,1.);
#3194 = DIRECTION('',(0.,0.,1.));
#3195 = ORIENTED_EDGE('',*,*,#3196,.T.);
#3196 = EDGE_CURVE('',#3187,#3197,#3199,.T.);
#3197 = VERTEX_POINT('',#3198);
#3198 = CARTESIAN_POINT('',(17.09,1.2,0.5));
#3199 = LINE('',#3200,#3201);
#3200 = CARTESIAN_POINT('',(16.04,1.2,0.5));
#3201 = VECTOR('',#3202,1.);
#3202 = DIRECTION('',(1.,0.,-0.));
#3203 = ORIENTED_EDGE('',*,*,#3204,.T.);
#3204 = EDGE_CURVE('',#3197,#3205,#3207,.T.);
#3205 = VERTEX_POINT('',#3206);
#3206 = CARTESIAN_POINT('',(17.09,1.2,3.9));
#3207 = LINE('',#3208,#3209);
#3208 = CARTESIAN_POINT('',(17.09,1.2,0.5));
#3209 = VECTOR('',#3210,1.);
#3210 = DIRECTION('',(0.,0.,1.));
#3211 = ORIENTED_EDGE('',*,*,#3212,.F.);
#3212 = EDGE_CURVE('',#3189,#3205,#3213,.T.);
#3213 = LINE('',#3214,#3215);
#3214 = CARTESIAN_POINT('',(16.04,1.2,3.9));
#3215 = VECTOR('',#3216,1.);
#3216 = DIRECTION('',(1.,0.,-0.));
#3217 = FACE_BOUND('',#3218,.T.);
#3218 = EDGE_LOOP('',(#3219,#3229,#3237,#3245));
#3219 = ORIENTED_EDGE('',*,*,#3220,.F.);
#3220 = EDGE_CURVE('',#3221,#3223,#3225,.T.);
#3221 = VERTEX_POINT('',#3222);
#3222 = CARTESIAN_POINT('',(17.76,1.2,0.5));
#3223 = VERTEX_POINT('',#3224);
#3224 = CARTESIAN_POINT('',(17.76,1.2,3.9));
#3225 = LINE('',#3226,#3227);
#3226 = CARTESIAN_POINT('',(17.76,1.2,0.5));
#3227 = VECTOR('',#3228,1.);
#3228 = DIRECTION('',(0.,0.,1.));
#3229 = ORIENTED_EDGE('',*,*,#3230,.T.);
#3230 = EDGE_CURVE('',#3221,#3231,#3233,.T.);
#3231 = VERTEX_POINT('',#3232);
#3232 = CARTESIAN_POINT('',(18.81,1.2,0.5));
#3233 = LINE('',#3234,#3235);
#3234 = CARTESIAN_POINT('',(17.76,1.2,0.5));
#3235 = VECTOR('',#3236,1.);
#3236 = DIRECTION('',(1.,0.,-0.));
#3237 = ORIENTED_EDGE('',*,*,#3238,.T.);
#3238 = EDGE_CURVE('',#3231,#3239,#3241,.T.);
#3239 = VERTEX_POINT('',#3240);
#3240 = CARTESIAN_POINT('',(18.81,1.2,3.9));
#3241 = LINE('',#3242,#3243);
#3242 = CARTESIAN_POINT('',(18.81,1.2,0.5));
#3243 = VECTOR('',#3244,1.);
#3244 = DIRECTION('',(0.,0.,1.));
#3245 = ORIENTED_EDGE('',*,*,#3246,.F.);
#3246 = EDGE_CURVE('',#3223,#3239,#3247,.T.);
#3247 = LINE('',#3248,#3249);
#3248 = CARTESIAN_POINT('',(17.76,1.2,3.9));
#3249 = VECTOR('',#3250,1.);
#3250 = DIRECTION('',(1.,0.,-0.));
#3251 = FACE_BOUND('',#3252,.T.);
#3252 = EDGE_LOOP('',(#3253,#3263,#3271,#3279));
#3253 = ORIENTED_EDGE('',*,*,#3254,.F.);
#3254 = EDGE_CURVE('',#3255,#3257,#3259,.T.);
#3255 = VERTEX_POINT('',#3256);
#3256 = CARTESIAN_POINT('',(19.48,1.2,0.5));
#3257 = VERTEX_POINT('',#3258);
#3258 = CARTESIAN_POINT('',(19.48,1.2,3.9));
#3259 = LINE('',#3260,#3261);
#3260 = CARTESIAN_POINT('',(19.48,1.2,0.5));
#3261 = VECTOR('',#3262,1.);
#3262 = DIRECTION('',(0.,0.,1.));
#3263 = ORIENTED_EDGE('',*,*,#3264,.T.);
#3264 = EDGE_CURVE('',#3255,#3265,#3267,.T.);
#3265 = VERTEX_POINT('',#3266);
#3266 = CARTESIAN_POINT('',(20.53,1.2,0.5));
#3267 = LINE('',#3268,#3269);
#3268 = CARTESIAN_POINT('',(19.48,1.2,0.5));
#3269 = VECTOR('',#3270,1.);
#3270 = DIRECTION('',(1.,0.,-0.));
#3271 = ORIENTED_EDGE('',*,*,#3272,.T.);
#3272 = EDGE_CURVE('',#3265,#3273,#3275,.T.);
#3273 = VERTEX_POINT('',#3274);
#3274 = CARTESIAN_POINT('',(20.53,1.2,3.9));
#3275 = LINE('',#3276,#3277);
#3276 = CARTESIAN_POINT('',(20.53,1.2,0.5));
#3277 = VECTOR('',#3278,1.);
#3278 = DIRECTION('',(0.,0.,1.));
#3279 = ORIENTED_EDGE('',*,*,#3280,.F.);
#3280 = EDGE_CURVE('',#3257,#3273,#3281,.T.);
#3281 = LINE('',#3282,#3283);
#3282 = CARTESIAN_POINT('',(19.48,1.2,3.9));
#3283 = VECTOR('',#3284,1.);
#3284 = DIRECTION('',(1.,0.,-0.));
#3285 = FACE_BOUND('',#3286,.T.);
#3286 = EDGE_LOOP('',(#3287,#3297,#3305,#3313));
#3287 = ORIENTED_EDGE('',*,*,#3288,.F.);
#3288 = EDGE_CURVE('',#3289,#3291,#3293,.T.);
#3289 = VERTEX_POINT('',#3290);
#3290 = CARTESIAN_POINT('',(21.2,1.2,0.5));
#3291 = VERTEX_POINT('',#3292);
#3292 = CARTESIAN_POINT('',(21.2,1.2,3.9));
#3293 = LINE('',#3294,#3295);
#3294 = CARTESIAN_POINT('',(21.2,1.2,0.5));
#3295 = VECTOR('',#3296,1.);
#3296 = DIRECTION('',(0.,0.,1.));
#3297 = ORIENTED_EDGE('',*,*,#3298,.T.);
#3298 = EDGE_CURVE('',#3289,#3299,#3301,.T.);
#3299 = VERTEX_POINT('',#3300);
#3300 = CARTESIAN_POINT('',(22.25,1.2,0.5));
#3301 = LINE('',#3302,#3303);
#3302 = CARTESIAN_POINT('',(21.2,1.2,0.5));
#3303 = VECTOR('',#3304,1.);
#3304 = DIRECTION('',(1.,0.,-0.));
#3305 = ORIENTED_EDGE('',*,*,#3306,.T.);
#3306 = EDGE_CURVE('',#3299,#3307,#3309,.T.);
#3307 = VERTEX_POINT('',#3308);
#3308 = CARTESIAN_POINT('',(22.25,1.2,3.9));
#3309 = LINE('',#3310,#3311);
#3310 = CARTESIAN_POINT('',(22.25,1.2,0.5));
#3311 = VECTOR('',#3312,1.);
#3312 = DIRECTION('',(0.,0.,1.));
#3313 = ORIENTED_EDGE('',*,*,#3314,.F.);
#3314 = EDGE_CURVE('',#3291,#3307,#3315,.T.);
#3315 = LINE('',#3316,#3317);
#3316 = CARTESIAN_POINT('',(21.2,1.2,3.9));
#3317 = VECTOR('',#3318,1.);
#3318 = DIRECTION('',(1.,0.,-0.));
#3319 = FACE_BOUND('',#3320,.T.);
#3320 = EDGE_LOOP('',(#3321,#3331,#3339,#3347));
#3321 = ORIENTED_EDGE('',*,*,#3322,.F.);
#3322 = EDGE_CURVE('',#3323,#3325,#3327,.T.);
#3323 = VERTEX_POINT('',#3324);
#3324 = CARTESIAN_POINT('',(22.92,1.2,0.5));
#3325 = VERTEX_POINT('',#3326);
#3326 = CARTESIAN_POINT('',(22.92,1.2,3.9));
#3327 = LINE('',#3328,#3329);
#3328 = CARTESIAN_POINT('',(22.92,1.2,0.5));
#3329 = VECTOR('',#3330,1.);
#3330 = DIRECTION('',(0.,0.,1.));
#3331 = ORIENTED_EDGE('',*,*,#3332,.T.);
#3332 = EDGE_CURVE('',#3323,#3333,#3335,.T.);
#3333 = VERTEX_POINT('',#3334);
#3334 = CARTESIAN_POINT('',(23.97,1.2,0.5));
#3335 = LINE('',#3336,#3337);
#3336 = CARTESIAN_POINT('',(22.92,1.2,0.5));
#3337 = VECTOR('',#3338,1.);
#3338 = DIRECTION('',(1.,0.,-0.));
#3339 = ORIENTED_EDGE('',*,*,#3340,.T.);
#3340 = EDGE_CURVE('',#3333,#3341,#3343,.T.);
#3341 = VERTEX_POINT('',#3342);
#3342 = CARTESIAN_POINT('',(23.97,1.2,3.9));
#3343 = LINE('',#3344,#3345);
#3344 = CARTESIAN_POINT('',(23.97,1.2,0.5));
#3345 = VECTOR('',#3346,1.);
#3346 = DIRECTION('',(0.,0.,1.));
#3347 = ORIENTED_EDGE('',*,*,#3348,.F.);
#3348 = EDGE_CURVE('',#3325,#3341,#3349,.T.);
#3349 = LINE('',#3350,#3351);
#3350 = CARTESIAN_POINT('',(22.92,1.2,3.9));
#3351 = VECTOR('',#3352,1.);
#3352 = DIRECTION('',(1.,0.,-0.));
#3353 = FACE_BOUND('',#3354,.T.);
#3354 = EDGE_LOOP('',(#3355,#3365,#3373,#3381));
#3355 = ORIENTED_EDGE('',*,*,#3356,.F.);
#3356 = EDGE_CURVE('',#3357,#3359,#3361,.T.);
#3357 = VERTEX_POINT('',#3358);
#3358 = CARTESIAN_POINT('',(24.64,1.2,0.5));
#3359 = VERTEX_POINT('',#3360);
#3360 = CARTESIAN_POINT('',(24.64,1.2,3.9));
#3361 = LINE('',#3362,#3363);
#3362 = CARTESIAN_POINT('',(24.64,1.2,0.5));
#3363 = VECTOR('',#3364,1.);
#3364 = DIRECTION('',(0.,0.,1.));
#3365 = ORIENTED_EDGE('',*,*,#3366,.T.);
#3366 = EDGE_CURVE('',#3357,#3367,#3369,.T.);
#3367 = VERTEX_POINT('',#3368);
#3368 = CARTESIAN_POINT('',(25.69,1.2,0.5));
#3369 = LINE('',#3370,#3371);
#3370 = CARTESIAN_POINT('',(24.64,1.2,0.5));
#3371 = VECTOR('',#3372,1.);
#3372 = DIRECTION('',(1.,0.,-0.));
#3373 = ORIENTED_EDGE('',*,*,#3374,.T.);
#3374 = EDGE_CURVE('',#3367,#3375,#3377,.T.);
#3375 = VERTEX_POINT('',#3376);
#3376 = CARTESIAN_POINT('',(25.69,1.2,3.9));
#3377 = LINE('',#3378,#3379);
#3378 = CARTESIAN_POINT('',(25.69,1.2,0.5));
#3379 = VECTOR('',#3380,1.);
#3380 = DIRECTION('',(0.,0.,1.));
#3381 = ORIENTED_EDGE('',*,*,#3382,.F.);
#3382 = EDGE_CURVE('',#3359,#3375,#3383,.T.);
#3383 = LINE('',#3384,#3385);
#3384 = CARTESIAN_POINT('',(24.64,1.2,3.9));
#3385 = VECTOR('',#3386,1.);
#3386 = DIRECTION('',(1.,0.,-0.));
#3387 = FACE_BOUND('',#3388,.T.);
#3388 = EDGE_LOOP('',(#3389,#3399,#3407,#3415));
#3389 = ORIENTED_EDGE('',*,*,#3390,.F.);
#3390 = EDGE_CURVE('',#3391,#3393,#3395,.T.);
#3391 = VERTEX_POINT('',#3392);
#3392 = CARTESIAN_POINT('',(26.36,1.2,0.5));
#3393 = VERTEX_POINT('',#3394);
#3394 = CARTESIAN_POINT('',(26.36,1.2,3.9));
#3395 = LINE('',#3396,#3397);
#3396 = CARTESIAN_POINT('',(26.36,1.2,0.5));
#3397 = VECTOR('',#3398,1.);
#3398 = DIRECTION('',(0.,0.,1.));
#3399 = ORIENTED_EDGE('',*,*,#3400,.T.);
#3400 = EDGE_CURVE('',#3391,#3401,#3403,.T.);
#3401 = VERTEX_POINT('',#3402);
#3402 = CARTESIAN_POINT('',(27.41,1.2,0.5));
#3403 = LINE('',#3404,#3405);
#3404 = CARTESIAN_POINT('',(26.36,1.2,0.5));
#3405 = VECTOR('',#3406,1.);
#3406 = DIRECTION('',(1.,0.,-0.));
#3407 = ORIENTED_EDGE('',*,*,#3408,.T.);
#3408 = EDGE_CURVE('',#3401,#3409,#3411,.T.);
#3409 = VERTEX_POINT('',#3410);
#3410 = CARTESIAN_POINT('',(27.41,1.2,3.9));
#3411 = LINE('',#3412,#3413);
#3412 = CARTESIAN_POINT('',(27.41,1.2,0.5));
#3413 = VECTOR('',#3414,1.);
#3414 = DIRECTION('',(0.,0.,1.));
#3415 = ORIENTED_EDGE('',*,*,#3416,.F.);
#3416 = EDGE_CURVE('',#3393,#3409,#3417,.T.);
#3417 = LINE('',#3418,#3419);
#3418 = CARTESIAN_POINT('',(26.36,1.2,3.9));
#3419 = VECTOR('',#3420,1.);
#3420 = DIRECTION('',(1.,0.,-0.));
#3421 = FACE_BOUND('',#3422,.T.);
#3422 = EDGE_LOOP('',(#3423,#3433,#3441,#3449));
#3423 = ORIENTED_EDGE('',*,*,#3424,.F.);
#3424 = EDGE_CURVE('',#3425,#3427,#3429,.T.);
#3425 = VERTEX_POINT('',#3426);
#3426 = CARTESIAN_POINT('',(28.08,1.2,0.5));
#3427 = VERTEX_POINT('',#3428);
#3428 = CARTESIAN_POINT('',(28.08,1.2,3.9));
#3429 = LINE('',#3430,#3431);
#3430 = CARTESIAN_POINT('',(28.08,1.2,0.5));
#3431 = VECTOR('',#3432,1.);
#3432 = DIRECTION('',(0.,0.,1.));
#3433 = ORIENTED_EDGE('',*,*,#3434,.T.);
#3434 = EDGE_CURVE('',#3425,#3435,#3437,.T.);
#3435 = VERTEX_POINT('',#3436);
#3436 = CARTESIAN_POINT('',(29.13,1.2,0.5));
#3437 = LINE('',#3438,#3439);
#3438 = CARTESIAN_POINT('',(28.08,1.2,0.5));
#3439 = VECTOR('',#3440,1.);
#3440 = DIRECTION('',(1.,0.,-0.));
#3441 = ORIENTED_EDGE('',*,*,#3442,.T.);
#3442 = EDGE_CURVE('',#3435,#3443,#3445,.T.);
#3443 = VERTEX_POINT('',#3444);
#3444 = CARTESIAN_POINT('',(29.13,1.2,3.9));
#3445 = LINE('',#3446,#3447);
#3446 = CARTESIAN_POINT('',(29.13,1.2,0.5));
#3447 = VECTOR('',#3448,1.);
#3448 = DIRECTION('',(0.,0.,1.));
#3449 = ORIENTED_EDGE('',*,*,#3450,.F.);
#3450 = EDGE_CURVE('',#3427,#3443,#3451,.T.);
#3451 = LINE('',#3452,#3453);
#3452 = CARTESIAN_POINT('',(28.08,1.2,3.9));
#3453 = VECTOR('',#3454,1.);
#3454 = DIRECTION('',(1.,0.,-0.));
#3455 = FACE_BOUND('',#3456,.T.);
#3456 = EDGE_LOOP('',(#3457,#3467,#3475,#3483));
#3457 = ORIENTED_EDGE('',*,*,#3458,.F.);
#3458 = EDGE_CURVE('',#3459,#3461,#3463,.T.);
#3459 = VERTEX_POINT('',#3460);
#3460 = CARTESIAN_POINT('',(29.8,1.2,0.5));
#3461 = VERTEX_POINT('',#3462);
#3462 = CARTESIAN_POINT('',(29.8,1.2,3.9));
#3463 = LINE('',#3464,#3465);
#3464 = CARTESIAN_POINT('',(29.8,1.2,0.5));
#3465 = VECTOR('',#3466,1.);
#3466 = DIRECTION('',(0.,0.,1.));
#3467 = ORIENTED_EDGE('',*,*,#3468,.T.);
#3468 = EDGE_CURVE('',#3459,#3469,#3471,.T.);
#3469 = VERTEX_POINT('',#3470);
#3470 = CARTESIAN_POINT('',(30.85,1.2,0.5));
#3471 = LINE('',#3472,#3473);
#3472 = CARTESIAN_POINT('',(29.8,1.2,0.5));
#3473 = VECTOR('',#3474,1.);
#3474 = DIRECTION('',(1.,0.,-0.));
#3475 = ORIENTED_EDGE('',*,*,#3476,.T.);
#3476 = EDGE_CURVE('',#3469,#3477,#3479,.T.);
#3477 = VERTEX_POINT('',#3478);
#3478 = CARTESIAN_POINT('',(30.85,1.2,3.9));
#3479 = LINE('',#3480,#3481);
#3480 = CARTESIAN_POINT('',(30.85,1.2,0.5));
#3481 = VECTOR('',#3482,1.);
#3482 = DIRECTION('',(0.,0.,1.));
#3483 = ORIENTED_EDGE('',*,*,#3484,.F.);
#3484 = EDGE_CURVE('',#3461,#3477,#3485,.T.);
#3485 = LINE('',#3486,#3487);
#3486 = CARTESIAN_POINT('',(29.8,1.2,3.9));
#3487 = VECTOR('',#3488,1.);
#3488 = DIRECTION('',(1.,0.,-0.));
#3489 = FACE_BOUND('',#3490,.T.);
#3490 = EDGE_LOOP('',(#3491,#3501,#3509,#3517));
#3491 = ORIENTED_EDGE('',*,*,#3492,.F.);
#3492 = EDGE_CURVE('',#3493,#3495,#3497,.T.);
#3493 = VERTEX_POINT('',#3494);
#3494 = CARTESIAN_POINT('',(31.52,1.2,0.5));
#3495 = VERTEX_POINT('',#3496);
#3496 = CARTESIAN_POINT('',(31.52,1.2,3.9));
#3497 = LINE('',#3498,#3499);
#3498 = CARTESIAN_POINT('',(31.52,1.2,0.5));
#3499 = VECTOR('',#3500,1.);
#3500 = DIRECTION('',(0.,0.,1.));
#3501 = ORIENTED_EDGE('',*,*,#3502,.T.);
#3502 = EDGE_CURVE('',#3493,#3503,#3505,.T.);
#3503 = VERTEX_POINT('',#3504);
#3504 = CARTESIAN_POINT('',(32.57,1.2,0.5));
#3505 = LINE('',#3506,#3507);
#3506 = CARTESIAN_POINT('',(31.52,1.2,0.5));
#3507 = VECTOR('',#3508,1.);
#3508 = DIRECTION('',(1.,0.,-0.));
#3509 = ORIENTED_EDGE('',*,*,#3510,.T.);
#3510 = EDGE_CURVE('',#3503,#3511,#3513,.T.);
#3511 = VERTEX_POINT('',#3512);
#3512 = CARTESIAN_POINT('',(32.57,1.2,3.9));
#3513 = LINE('',#3514,#3515);
#3514 = CARTESIAN_POINT('',(32.57,1.2,0.5));
#3515 = VECTOR('',#3516,1.);
#3516 = DIRECTION('',(0.,0.,1.));
#3517 = ORIENTED_EDGE('',*,*,#3518,.F.);
#3518 = EDGE_CURVE('',#3495,#3511,#3519,.T.);
#3519 = LINE('',#3520,#3521);
#3520 = CARTESIAN_POINT('',(31.52,1.2,3.9));
#3521 = VECTOR('',#3522,1.);
#3522 = DIRECTION('',(1.,0.,-0.));
#3523 = FACE_BOUND('',#3524,.T.);
#3524 = EDGE_LOOP('',(#3525,#3535,#3543,#3551));
#3525 = ORIENTED_EDGE('',*,*,#3526,.F.);
#3526 = EDGE_CURVE('',#3527,#3529,#3531,.T.);
#3527 = VERTEX_POINT('',#3528);
#3528 = CARTESIAN_POINT('',(33.24,1.2,0.5));
#3529 = VERTEX_POINT('',#3530);
#3530 = CARTESIAN_POINT('',(33.24,1.2,3.9));
#3531 = LINE('',#3532,#3533);
#3532 = CARTESIAN_POINT('',(33.24,1.2,0.5));
#3533 = VECTOR('',#3534,1.);
#3534 = DIRECTION('',(0.,0.,1.));
#3535 = ORIENTED_EDGE('',*,*,#3536,.T.);
#3536 = EDGE_CURVE('',#3527,#3537,#3539,.T.);
#3537 = VERTEX_POINT('',#3538);
#3538 = CARTESIAN_POINT('',(34.29,1.2,0.5));
#3539 = LINE('',#3540,#3541);
#3540 = CARTESIAN_POINT('',(33.24,1.2,0.5));
#3541 = VECTOR('',#3542,1.);
#3542 = DIRECTION('',(1.,0.,-0.));
#3543 = ORIENTED_EDGE('',*,*,#3544,.T.);
#3544 = EDGE_CURVE('',#3537,#3545,#3547,.T.);
#3545 = VERTEX_POINT('',#3546);
#3546 = CARTESIAN_POINT('',(34.29,1.2,3.9));
#3547 = LINE('',#3548,#3549);
#3548 = CARTESIAN_POINT('',(34.29,1.2,0.5));
#3549 = VECTOR('',#3550,1.);
#3550 = DIRECTION('',(0.,0.,1.));
#3551 = ORIENTED_EDGE('',*,*,#3552,.F.);
#3552 = EDGE_CURVE('',#3529,#3545,#3553,.T.);
#3553 = LINE('',#3554,#3555);
#3554 = CARTESIAN_POINT('',(33.24,1.2,3.9));
#3555 = VECTOR('',#3556,1.);
#3556 = DIRECTION('',(1.,0.,-0.));
#3557 = FACE_BOUND('',#3558,.T.);
#3558 = EDGE_LOOP('',(#3559,#3569,#3577,#3585));
#3559 = ORIENTED_EDGE('',*,*,#3560,.F.);
#3560 = EDGE_CURVE('',#3561,#3563,#3565,.T.);
#3561 = VERTEX_POINT('',#3562);
#3562 = CARTESIAN_POINT('',(34.96,1.2,0.5));
#3563 = VERTEX_POINT('',#3564);
#3564 = CARTESIAN_POINT('',(34.96,1.2,3.9));
#3565 = LINE('',#3566,#3567);
#3566 = CARTESIAN_POINT('',(34.96,1.2,0.5));
#3567 = VECTOR('',#3568,1.);
#3568 = DIRECTION('',(0.,0.,1.));
#3569 = ORIENTED_EDGE('',*,*,#3570,.T.);
#3570 = EDGE_CURVE('',#3561,#3571,#3573,.T.);
#3571 = VERTEX_POINT('',#3572);
#3572 = CARTESIAN_POINT('',(36.01,1.2,0.5));
#3573 = LINE('',#3574,#3575);
#3574 = CARTESIAN_POINT('',(34.96,1.2,0.5));
#3575 = VECTOR('',#3576,1.);
#3576 = DIRECTION('',(1.,0.,-0.));
#3577 = ORIENTED_EDGE('',*,*,#3578,.T.);
#3578 = EDGE_CURVE('',#3571,#3579,#3581,.T.);
#3579 = VERTEX_POINT('',#3580);
#3580 = CARTESIAN_POINT('',(36.01,1.2,3.9));
#3581 = LINE('',#3582,#3583);
#3582 = CARTESIAN_POINT('',(36.01,1.2,0.5));
#3583 = VECTOR('',#3584,1.);
#3584 = DIRECTION('',(0.,0.,1.));
#3585 = ORIENTED_EDGE('',*,*,#3586,.F.);
#3586 = EDGE_CURVE('',#3563,#3579,#3587,.T.);
#3587 = LINE('',#3588,#3589);
#3588 = CARTESIAN_POINT('',(34.96,1.2,3.9));
#3589 = VECTOR('',#3590,1.);
#3590 = DIRECTION('',(1.,0.,-0.));
#3591 = FACE_BOUND('',#3592,.T.);
#3592 = EDGE_LOOP('',(#3593,#3603,#3611,#3619));
#3593 = ORIENTED_EDGE('',*,*,#3594,.F.);
#3594 = EDGE_CURVE('',#3595,#3597,#3599,.T.);
#3595 = VERTEX_POINT('',#3596);
#3596 = CARTESIAN_POINT('',(36.68,1.2,0.5));
#3597 = VERTEX_POINT('',#3598);
#3598 = CARTESIAN_POINT('',(36.68,1.2,3.9));
#3599 = LINE('',#3600,#3601);
#3600 = CARTESIAN_POINT('',(36.68,1.2,0.5));
#3601 = VECTOR('',#3602,1.);
#3602 = DIRECTION('',(0.,0.,1.));
#3603 = ORIENTED_EDGE('',*,*,#3604,.T.);
#3604 = EDGE_CURVE('',#3595,#3605,#3607,.T.);
#3605 = VERTEX_POINT('',#3606);
#3606 = CARTESIAN_POINT('',(37.73,1.2,0.5));
#3607 = LINE('',#3608,#3609);
#3608 = CARTESIAN_POINT('',(36.68,1.2,0.5));
#3609 = VECTOR('',#3610,1.);
#3610 = DIRECTION('',(1.,0.,-0.));
#3611 = ORIENTED_EDGE('',*,*,#3612,.T.);
#3612 = EDGE_CURVE('',#3605,#3613,#3615,.T.);
#3613 = VERTEX_POINT('',#3614);
#3614 = CARTESIAN_POINT('',(37.73,1.2,3.9));
#3615 = LINE('',#3616,#3617);
#3616 = CARTESIAN_POINT('',(37.73,1.2,0.5));
#3617 = VECTOR('',#3618,1.);
#3618 = DIRECTION('',(0.,0.,1.));
#3619 = ORIENTED_EDGE('',*,*,#3620,.F.);
#3620 = EDGE_CURVE('',#3597,#3613,#3621,.T.);
#3621 = LINE('',#3622,#3623);
#3622 = CARTESIAN_POINT('',(36.68,1.2,3.9));
#3623 = VECTOR('',#3624,1.);
#3624 = DIRECTION('',(1.,0.,-0.));
#3625 = FACE_BOUND('',#3626,.T.);
#3626 = EDGE_LOOP('',(#3627,#3637,#3645,#3653));
#3627 = ORIENTED_EDGE('',*,*,#3628,.F.);
#3628 = EDGE_CURVE('',#3629,#3631,#3633,.T.);
#3629 = VERTEX_POINT('',#3630);
#3630 = CARTESIAN_POINT('',(38.4,1.2,0.5));
#3631 = VERTEX_POINT('',#3632);
#3632 = CARTESIAN_POINT('',(38.4,1.2,3.9));
#3633 = LINE('',#3634,#3635);
#3634 = CARTESIAN_POINT('',(38.4,1.2,0.5));
#3635 = VECTOR('',#3636,1.);
#3636 = DIRECTION('',(0.,0.,1.));
#3637 = ORIENTED_EDGE('',*,*,#3638,.T.);
#3638 = EDGE_CURVE('',#3629,#3639,#3641,.T.);
#3639 = VERTEX_POINT('',#3640);
#3640 = CARTESIAN_POINT('',(39.45,1.2,0.5));
#3641 = LINE('',#3642,#3643);
#3642 = CARTESIAN_POINT('',(38.4,1.2,0.5));
#3643 = VECTOR('',#3644,1.);
#3644 = DIRECTION('',(1.,0.,-0.));
#3645 = ORIENTED_EDGE('',*,*,#3646,.T.);
#3646 = EDGE_CURVE('',#3639,#3647,#3649,.T.);
#3647 = VERTEX_POINT('',#3648);
#3648 = CARTESIAN_POINT('',(39.45,1.2,3.9));
#3649 = LINE('',#3650,#3651);
#3650 = CARTESIAN_POINT('',(39.45,1.2,0.5));
#3651 = VECTOR('',#3652,1.);
#3652 = DIRECTION('',(0.,0.,1.));
#3653 = ORIENTED_EDGE('',*,*,#3654,.F.);
#3654 = EDGE_CURVE('',#3631,#3647,#3655,.T.);
#3655 = LINE('',#3656,#3657);
#3656 = CARTESIAN_POINT('',(38.4,1.2,3.9));
#3657 = VECTOR('',#3658,1.);
#3658 = DIRECTION('',(1.,0.,-0.));
#3659 = FACE_BOUND('',#3660,.T.);
#3660 = EDGE_LOOP('',(#3661,#3671,#3679,#3687));
#3661 = ORIENTED_EDGE('',*,*,#3662,.F.);
#3662 = EDGE_CURVE('',#3663,#3665,#3667,.T.);
#3663 = VERTEX_POINT('',#3664);
#3664 = CARTESIAN_POINT('',(40.12,1.2,0.5));
#3665 = VERTEX_POINT('',#3666);
#3666 = CARTESIAN_POINT('',(40.12,1.2,3.9));
#3667 = LINE('',#3668,#3669);
#3668 = CARTESIAN_POINT('',(40.12,1.2,0.5));
#3669 = VECTOR('',#3670,1.);
#3670 = DIRECTION('',(0.,0.,1.));
#3671 = ORIENTED_EDGE('',*,*,#3672,.T.);
#3672 = EDGE_CURVE('',#3663,#3673,#3675,.T.);
#3673 = VERTEX_POINT('',#3674);
#3674 = CARTESIAN_POINT('',(41.17,1.2,0.5));
#3675 = LINE('',#3676,#3677);
#3676 = CARTESIAN_POINT('',(40.12,1.2,0.5));
#3677 = VECTOR('',#3678,1.);
#3678 = DIRECTION('',(1.,0.,-0.));
#3679 = ORIENTED_EDGE('',*,*,#3680,.T.);
#3680 = EDGE_CURVE('',#3673,#3681,#3683,.T.);
#3681 = VERTEX_POINT('',#3682);
#3682 = CARTESIAN_POINT('',(41.17,1.2,3.9));
#3683 = LINE('',#3684,#3685);
#3684 = CARTESIAN_POINT('',(41.17,1.2,0.5));
#3685 = VECTOR('',#3686,1.);
#3686 = DIRECTION('',(0.,0.,1.));
#3687 = ORIENTED_EDGE('',*,*,#3688,.F.);
#3688 = EDGE_CURVE('',#3665,#3681,#3689,.T.);
#3689 = LINE('',#3690,#3691);
#3690 = CARTESIAN_POINT('',(40.12,1.2,3.9));
#3691 = VECTOR('',#3692,1.);
#3692 = DIRECTION('',(1.,0.,-0.));
#3693 = FACE_BOUND('',#3694,.T.);
#3694 = EDGE_LOOP('',(#3695,#3705,#3713,#3721));
#3695 = ORIENTED_EDGE('',*,*,#3696,.F.);
#3696 = EDGE_CURVE('',#3697,#3699,#3701,.T.);
#3697 = VERTEX_POINT('',#3698);
#3698 = CARTESIAN_POINT('',(41.84,1.2,0.5));
#3699 = VERTEX_POINT('',#3700);
#3700 = CARTESIAN_POINT('',(41.84,1.2,3.9));
#3701 = LINE('',#3702,#3703);
#3702 = CARTESIAN_POINT('',(41.84,1.2,0.5));
#3703 = VECTOR('',#3704,1.);
#3704 = DIRECTION('',(0.,0.,1.));
#3705 = ORIENTED_EDGE('',*,*,#3706,.T.);
#3706 = EDGE_CURVE('',#3697,#3707,#3709,.T.);
#3707 = VERTEX_POINT('',#3708);
#3708 = CARTESIAN_POINT('',(42.89,1.2,0.5));
#3709 = LINE('',#3710,#3711);
#3710 = CARTESIAN_POINT('',(41.84,1.2,0.5));
#3711 = VECTOR('',#3712,1.);
#3712 = DIRECTION('',(1.,0.,-0.));
#3713 = ORIENTED_EDGE('',*,*,#3714,.T.);
#3714 = EDGE_CURVE('',#3707,#3715,#3717,.T.);
#3715 = VERTEX_POINT('',#3716);
#3716 = CARTESIAN_POINT('',(42.89,1.2,3.9));
#3717 = LINE('',#3718,#3719);
#3718 = CARTESIAN_POINT('',(42.89,1.2,0.5));
#3719 = VECTOR('',#3720,1.);
#3720 = DIRECTION('',(0.,0.,1.));
#3721 = ORIENTED_EDGE('',*,*,#3722,.F.);
#3722 = EDGE_CURVE('',#3699,#3715,#3723,.T.);
#3723 = LINE('',#3724,#3725);
#3724 = CARTESIAN_POINT('',(41.84,1.2,3.9));
#3725 = VECTOR('',#3726,1.);
#3726 = DIRECTION('',(1.,0.,-0.));
#3727 = FACE_BOUND('',#3728,.T.);
#3728 = EDGE_LOOP('',(#3729,#3739,#3747,#3755));
#3729 = ORIENTED_EDGE('',*,*,#3730,.F.);
#3730 = EDGE_CURVE('',#3731,#3733,#3735,.T.);
#3731 = VERTEX_POINT('',#3732);
#3732 = CARTESIAN_POINT('',(43.56,1.2,0.5));
#3733 = VERTEX_POINT('',#3734);
#3734 = CARTESIAN_POINT('',(43.56,1.2,3.9));
#3735 = LINE('',#3736,#3737);
#3736 = CARTESIAN_POINT('',(43.56,1.2,0.5));
#3737 = VECTOR('',#3738,1.);
#3738 = DIRECTION('',(0.,0.,1.));
#3739 = ORIENTED_EDGE('',*,*,#3740,.T.);
#3740 = EDGE_CURVE('',#3731,#3741,#3743,.T.);
#3741 = VERTEX_POINT('',#3742);
#3742 = CARTESIAN_POINT('',(44.61,1.2,0.5));
#3743 = LINE('',#3744,#3745);
#3744 = CARTESIAN_POINT('',(43.56,1.2,0.5));
#3745 = VECTOR('',#3746,1.);
#3746 = DIRECTION('',(1.,0.,-0.));
#3747 = ORIENTED_EDGE('',*,*,#3748,.T.);
#3748 = EDGE_CURVE('',#3741,#3749,#3751,.T.);
#3749 = VERTEX_POINT('',#3750);
#3750 = CARTESIAN_POINT('',(44.61,1.2,3.9));
#3751 = LINE('',#3752,#3753);
#3752 = CARTESIAN_POINT('',(44.61,1.2,0.5));
#3753 = VECTOR('',#3754,1.);
#3754 = DIRECTION('',(0.,0.,1.));
#3755 = ORIENTED_EDGE('',*,*,#3756,.F.);
#3756 = EDGE_CURVE('',#3733,#3749,#3757,.T.);
#3757 = LINE('',#3758,#3759);
#3758 = CARTESIAN_POINT('',(43.56,1.2,3.9));
#3759 = VECTOR('',#3760,1.);
#3760 = DIRECTION('',(1.,0.,-0.));
#3761 = FACE_BOUND('',#3762,.T.);
#3762 = EDGE_LOOP('',(#3763,#3773,#3781,#3789));
#3763 = ORIENTED_EDGE('',*,*,#3764,.F.);
#3764 = EDGE_CURVE('',#3765,#3767,#3769,.T.);
#3765 = VERTEX_POINT('',#3766);
#3766 = CARTESIAN_POINT('',(45.28,1.2,0.5));
#3767 = VERTEX_POINT('',#3768);
#3768 = CARTESIAN_POINT('',(45.28,1.2,3.9));
#3769 = LINE('',#3770,#3771);
#3770 = CARTESIAN_POINT('',(45.28,1.2,0.5));
#3771 = VECTOR('',#3772,1.);
#3772 = DIRECTION('',(0.,0.,1.));
#3773 = ORIENTED_EDGE('',*,*,#3774,.T.);
#3774 = EDGE_CURVE('',#3765,#3775,#3777,.T.);
#3775 = VERTEX_POINT('',#3776);
#3776 = CARTESIAN_POINT('',(46.33,1.2,0.5));
#3777 = LINE('',#3778,#3779);
#3778 = CARTESIAN_POINT('',(45.28,1.2,0.5));
#3779 = VECTOR('',#3780,1.);
#3780 = DIRECTION('',(1.,0.,-0.));
#3781 = ORIENTED_EDGE('',*,*,#3782,.T.);
#3782 = EDGE_CURVE('',#3775,#3783,#3785,.T.);
#3783 = VERTEX_POINT('',#3784);
#3784 = CARTESIAN_POINT('',(46.33,1.2,3.9));
#3785 = LINE('',#3786,#3787);
#3786 = CARTESIAN_POINT('',(46.33,1.2,0.5));
#3787 = VECTOR('',#3788,1.);
#3788 = DIRECTION('',(0.,0.,1.));
#3789 = ORIENTED_EDGE('',*,*,#3790,.F.);
#3790 = EDGE_CURVE('',#3767,#3783,#3791,.T.);
#3791 = LINE('',#3792,#3793);
#3792 = CARTESIAN_POINT('',(45.28,1.2,3.9));
#3793 = VECTOR('',#3794,1.);
#3794 = DIRECTION('',(1.,0.,-0.));
#3795 = FACE_BOUND('',#3796,.T.);
#3796 = EDGE_LOOP('',(#3797,#3807,#3815,#3823));
#3797 = ORIENTED_EDGE('',*,*,#3798,.F.);
#3798 = EDGE_CURVE('',#3799,#3801,#3803,.T.);
#3799 = VERTEX_POINT('',#3800);
#3800 = CARTESIAN_POINT('',(47.,1.2,0.5));
#3801 = VERTEX_POINT('',#3802);
#3802 = CARTESIAN_POINT('',(47.,1.2,3.9));
#3803 = LINE('',#3804,#3805);
#3804 = CARTESIAN_POINT('',(47.,1.2,0.5));
#3805 = VECTOR('',#3806,1.);
#3806 = DIRECTION('',(0.,0.,1.));
#3807 = ORIENTED_EDGE('',*,*,#3808,.T.);
#3808 = EDGE_CURVE('',#3799,#3809,#3811,.T.);
#3809 = VERTEX_POINT('',#3810);
#3810 = CARTESIAN_POINT('',(48.05,1.2,0.5));
#3811 = LINE('',#3812,#3813);
#3812 = CARTESIAN_POINT('',(47.,1.2,0.5));
#3813 = VECTOR('',#3814,1.);
#3814 = DIRECTION('',(1.,0.,-0.));
#3815 = ORIENTED_EDGE('',*,*,#3816,.T.);
#3816 = EDGE_CURVE('',#3809,#3817,#3819,.T.);
#3817 = VERTEX_POINT('',#3818);
#3818 = CARTESIAN_POINT('',(48.05,1.2,3.9));
#3819 = LINE('',#3820,#3821);
#3820 = CARTESIAN_POINT('',(48.05,1.2,0.5));
#3821 = VECTOR('',#3822,1.);
#3822 = DIRECTION('',(0.,0.,1.));
#3823 = ORIENTED_EDGE('',*,*,#3824,.F.);
#3824 = EDGE_CURVE('',#3801,#3817,#3825,.T.);
#3825 = LINE('',#3826,#3827);
#3826 = CARTESIAN_POINT('',(47.,1.2,3.9));
#3827 = VECTOR('',#3828,1.);
#3828 = DIRECTION('',(1.,0.,-0.));
#3829 = FACE_BOUND('',#3830,.T.);
#3830 = EDGE_LOOP('',(#3831,#3841,#3849,#3857));
#3831 = ORIENTED_EDGE('',*,*,#3832,.F.);
#3832 = EDGE_CURVE('',#3833,#3835,#3837,.T.);
#3833 = VERTEX_POINT('',#3834);
#3834 = CARTESIAN_POINT('',(48.72,1.2,0.5));
#3835 = VERTEX_POINT('',#3836);
#3836 = CARTESIAN_POINT('',(48.72,1.2,3.9));
#3837 = LINE('',#3838,#3839);
#3838 = CARTESIAN_POINT('',(48.72,1.2,0.5));
#3839 = VECTOR('',#3840,1.);
#3840 = DIRECTION('',(0.,0.,1.));
#3841 = ORIENTED_EDGE('',*,*,#3842,.T.);
#3842 = EDGE_CURVE('',#3833,#3843,#3845,.T.);
#3843 = VERTEX_POINT('',#3844);
#3844 = CARTESIAN_POINT('',(49.77,1.2,0.5));
#3845 = LINE('',#3846,#3847);
#3846 = CARTESIAN_POINT('',(48.72,1.2,0.5));
#3847 = VECTOR('',#3848,1.);
#3848 = DIRECTION('',(1.,0.,-0.));
#3849 = ORIENTED_EDGE('',*,*,#3850,.T.);
#3850 = EDGE_CURVE('',#3843,#3851,#3853,.T.);
#3851 = VERTEX_POINT('',#3852);
#3852 = CARTESIAN_POINT('',(49.77,1.2,3.9));
#3853 = LINE('',#3854,#3855);
#3854 = CARTESIAN_POINT('',(49.77,1.2,0.5));
#3855 = VECTOR('',#3856,1.);
#3856 = DIRECTION('',(0.,0.,1.));
#3857 = ORIENTED_EDGE('',*,*,#3858,.F.);
#3858 = EDGE_CURVE('',#3835,#3851,#3859,.T.);
#3859 = LINE('',#3860,#3861);
#3860 = CARTESIAN_POINT('',(48.72,1.2,3.9));
#3861 = VECTOR('',#3862,1.);
#3862 = DIRECTION('',(1.,0.,-0.));
#3863 = FACE_BOUND('',#3864,.T.);
#3864 = EDGE_LOOP('',(#3865,#3875,#3883,#3891));
#3865 = ORIENTED_EDGE('',*,*,#3866,.F.);
#3866 = EDGE_CURVE('',#3867,#3869,#3871,.T.);
#3867 = VERTEX_POINT('',#3868);
#3868 = CARTESIAN_POINT('',(50.44,1.2,0.5));
#3869 = VERTEX_POINT('',#3870);
#3870 = CARTESIAN_POINT('',(50.44,1.2,3.9));
#3871 = LINE('',#3872,#3873);
#3872 = CARTESIAN_POINT('',(50.44,1.2,0.5));
#3873 = VECTOR('',#3874,1.);
#3874 = DIRECTION('',(0.,0.,1.));
#3875 = ORIENTED_EDGE('',*,*,#3876,.T.);
#3876 = EDGE_CURVE('',#3867,#3877,#3879,.T.);
#3877 = VERTEX_POINT('',#3878);
#3878 = CARTESIAN_POINT('',(51.49,1.2,0.5));
#3879 = LINE('',#3880,#3881);
#3880 = CARTESIAN_POINT('',(50.44,1.2,0.5));
#3881 = VECTOR('',#3882,1.);
#3882 = DIRECTION('',(1.,0.,-0.));
#3883 = ORIENTED_EDGE('',*,*,#3884,.T.);
#3884 = EDGE_CURVE('',#3877,#3885,#3887,.T.);
#3885 = VERTEX_POINT('',#3886);
#3886 = CARTESIAN_POINT('',(51.49,1.2,3.9));
#3887 = LINE('',#3888,#3889);
#3888 = CARTESIAN_POINT('',(51.49,1.2,0.5));
#3889 = VECTOR('',#3890,1.);
#3890 = DIRECTION('',(0.,0.,1.));
#3891 = ORIENTED_EDGE('',*,*,#3892,.F.);
#3892 = EDGE_CURVE('',#3869,#3885,#3893,.T.);
#3893 = LINE('',#3894,#3895);
#3894 = CARTESIAN_POINT('',(50.44,1.2,3.9));
#3895 = VECTOR('',#3896,1.);
#3896 = DIRECTION('',(1.,0.,-0.));
#3897 = FACE_BOUND('',#3898,.T.);
#3898 = EDGE_LOOP('',(#3899,#3909,#3917,#3925));
#3899 = ORIENTED_EDGE('',*,*,#3900,.F.);
#3900 = EDGE_CURVE('',#3901,#3903,#3905,.T.);
#3901 = VERTEX_POINT('',#3902);
#3902 = CARTESIAN_POINT('',(52.16,1.2,0.5));
#3903 = VERTEX_POINT('',#3904);
#3904 = CARTESIAN_POINT('',(52.16,1.2,3.9));
#3905 = LINE('',#3906,#3907);
#3906 = CARTESIAN_POINT('',(52.16,1.2,0.5));
#3907 = VECTOR('',#3908,1.);
#3908 = DIRECTION('',(0.,0.,1.));
#3909 = ORIENTED_EDGE('',*,*,#3910,.T.);
#3910 = EDGE_CURVE('',#3901,#3911,#3913,.T.);
#3911 = VERTEX_POINT('',#3912);
#3912 = CARTESIAN_POINT('',(53.21,1.2,0.5));
#3913 = LINE('',#3914,#3915);
#3914 = CARTESIAN_POINT('',(52.16,1.2,0.5));
#3915 = VECTOR('',#3916,1.);
#3916 = DIRECTION('',(1.,0.,-0.));
#3917 = ORIENTED_EDGE('',*,*,#3918,.T.);
#3918 = EDGE_CURVE('',#3911,#3919,#3921,.T.);
#3919 = VERTEX_POINT('',#3920);
#3920 = CARTESIAN_POINT('',(53.21,1.2,3.9));
#3921 = LINE('',#3922,#3923);
#3922 = CARTESIAN_POINT('',(53.21,1.2,0.5));
#3923 = VECTOR('',#3924,1.);
#3924 = DIRECTION('',(0.,0.,1.));
#3925 = ORIENTED_EDGE('',*,*,#3926,.F.);
#3926 = EDGE_CURVE('',#3903,#3919,#3927,.T.);
#3927 = LINE('',#3928,#3929);
#3928 = CARTESIAN_POINT('',(52.16,1.2,3.9));
#3929 = VECTOR('',#3930,1.);
#3930 = DIRECTION('',(1.,0.,-0.));
#3931 = FACE_BOUND('',#3932,.T.);
#3932 = EDGE_LOOP('',(#3933,#3943,#3951,#3959));
#3933 = ORIENTED_EDGE('',*,*,#3934,.F.);
#3934 = EDGE_CURVE('',#3935,#3937,#3939,.T.);
#3935 = VERTEX_POINT('',#3936);
#3936 = CARTESIAN_POINT('',(53.88,1.2,0.5));
#3937 = VERTEX_POINT('',#3938);
#3938 = CARTESIAN_POINT('',(53.88,1.2,3.9));
#3939 = LINE('',#3940,#3941);
#3940 = CARTESIAN_POINT('',(53.88,1.2,0.5));
#3941 = VECTOR('',#3942,1.);
#3942 = DIRECTION('',(0.,0.,1.));
#3943 = ORIENTED_EDGE('',*,*,#3944,.T.);
#3944 = EDGE_CURVE('',#3935,#3945,#3947,.T.);
#3945 = VERTEX_POINT('',#3946);
#3946 = CARTESIAN_POINT('',(54.93,1.2,0.5));
#3947 = LINE('',#3948,#3949);
#3948 = CARTESIAN_POINT('',(53.88,1.2,0.5));
#3949 = VECTOR('',#3950,1.);
#3950 = DIRECTION('',(1.,0.,-0.));
#3951 = ORIENTED_EDGE('',*,*,#3952,.T.);
#3952 = EDGE_CURVE('',#3945,#3953,#3955,.T.);
#3953 = VERTEX_POINT('',#3954);
#3954 = CARTESIAN_POINT('',(54.93,1.2,3.9));
#3955 = LINE('',#3956,#3957);
#3956 = CARTESIAN_POINT('',(54.93,1.2,0.5));
#3957 = VECTOR('',#3958,1.);
#3958 = DIRECTION('',(0.,0.,1.));
#3959 = ORIENTED_EDGE('',*,*,#3960,.F.);
#3960 = EDGE_CURVE('',#3937,#3953,#3961,.T.);
#3961 = LINE('',#3962,#3963);
#3962 = CARTESIAN_POINT('',(53.88,1.2,3.9));
#3963 = VECTOR('',#3964,1.);
#3964 = DIRECTION('',(1.,0.,-0.));
#3965 = FACE_BOUND('',#3966,.T.);
#3966 = EDGE_LOOP('',(#3967,#3977,#3985,#3993));
#3967 = ORIENTED_EDGE('',*,*,#3968,.F.);
#3968 = EDGE_CURVE('',#3969,#3971,#3973,.T.);
#3969 = VERTEX_POINT('',#3970);
#3970 = CARTESIAN_POINT('',(55.6,1.2,0.5));
#3971 = VERTEX_POINT('',#3972);
#3972 = CARTESIAN_POINT('',(55.6,1.2,3.9));
#3973 = LINE('',#3974,#3975);
#3974 = CARTESIAN_POINT('',(55.6,1.2,0.5));
#3975 = VECTOR('',#3976,1.);
#3976 = DIRECTION('',(0.,0.,1.));
#3977 = ORIENTED_EDGE('',*,*,#3978,.T.);
#3978 = EDGE_CURVE('',#3969,#3979,#3981,.T.);
#3979 = VERTEX_POINT('',#3980);
#3980 = CARTESIAN_POINT('',(56.65,1.2,0.5));
#3981 = LINE('',#3982,#3983);
#3982 = CARTESIAN_POINT('',(55.6,1.2,0.5));
#3983 = VECTOR('',#3984,1.);
#3984 = DIRECTION('',(1.,0.,-0.));
#3985 = ORIENTED_EDGE('',*,*,#3986,.T.);
#3986 = EDGE_CURVE('',#3979,#3987,#3989,.T.);
#3987 = VERTEX_POINT('',#3988);
#3988 = CARTESIAN_POINT('',(56.65,1.2,3.9));
#3989 = LINE('',#3990,#3991);
#3990 = CARTESIAN_POINT('',(56.65,1.2,0.5));
#3991 = VECTOR('',#3992,1.);
#3992 = DIRECTION('',(0.,0.,1.));
#3993 = ORIENTED_EDGE('',*,*,#3994,.F.);
#3994 = EDGE_CURVE('',#3971,#3987,#3995,.T.);
#3995 = LINE('',#3996,#3997);
#3996 = CARTESIAN_POINT('',(55.6,1.2,3.9));
#3997 = VECTOR('',#3998,1.);
#3998 = DIRECTION('',(1.,0.,-0.));
#3999 = FACE_BOUND('',#4000,.T.);
#4000 = EDGE_LOOP('',(#4001,#4011,#4019,#4027));
#4001 = ORIENTED_EDGE('',*,*,#4002,.F.);
#4002 = EDGE_CURVE('',#4003,#4005,#4007,.T.);
#4003 = VERTEX_POINT('',#4004);
#4004 = CARTESIAN_POINT('',(57.32,1.2,0.5));
#4005 = VERTEX_POINT('',#4006);
#4006 = CARTESIAN_POINT('',(57.32,1.2,3.9));
#4007 = LINE('',#4008,#4009);
#4008 = CARTESIAN_POINT('',(57.32,1.2,0.5));
#4009 = VECTOR('',#4010,1.);
#4010 = DIRECTION('',(0.,0.,1.));
#4011 = ORIENTED_EDGE('',*,*,#4012,.T.);
#4012 = EDGE_CURVE('',#4003,#4013,#4015,.T.);
#4013 = VERTEX_POINT('',#4014);
#4014 = CARTESIAN_POINT('',(58.37,1.2,0.5));
#4015 = LINE('',#4016,#4017);
#4016 = CARTESIAN_POINT('',(57.32,1.2,0.5));
#4017 = VECTOR('',#4018,1.);
#4018 = DIRECTION('',(1.,0.,-0.));
#4019 = ORIENTED_EDGE('',*,*,#4020,.T.);
#4020 = EDGE_CURVE('',#4013,#4021,#4023,.T.);
#4021 = VERTEX_POINT('',#4022);
#4022 = CARTESIAN_POINT('',(58.37,1.2,3.9));
#4023 = LINE('',#4024,#4025);
#4024 = CARTESIAN_POINT('',(58.37,1.2,0.5));
#4025 = VECTOR('',#4026,1.);
#4026 = DIRECTION('',(0.,0.,1.));
#4027 = ORIENTED_EDGE('',*,*,#4028,.F.);
#4028 = EDGE_CURVE('',#4005,#4021,#4029,.T.);
#4029 = LINE('',#4030,#4031);
#4030 = CARTESIAN_POINT('',(57.32,1.2,3.9));
#4031 = VECTOR('',#4032,1.);
#4032 = DIRECTION('',(1.,0.,-0.));
#4033 = FACE_BOUND('',#4034,.T.);
#4034 = EDGE_LOOP('',(#4035,#4045,#4053,#4061));
#4035 = ORIENTED_EDGE('',*,*,#4036,.F.);
#4036 = EDGE_CURVE('',#4037,#4039,#4041,.T.);
#4037 = VERTEX_POINT('',#4038);
#4038 = CARTESIAN_POINT('',(59.04,1.2,0.5));
#4039 = VERTEX_POINT('',#4040);
#4040 = CARTESIAN_POINT('',(59.04,1.2,3.9));
#4041 = LINE('',#4042,#4043);
#4042 = CARTESIAN_POINT('',(59.04,1.2,0.5));
#4043 = VECTOR('',#4044,1.);
#4044 = DIRECTION('',(0.,0.,1.));
#4045 = ORIENTED_EDGE('',*,*,#4046,.T.);
#4046 = EDGE_CURVE('',#4037,#4047,#4049,.T.);
#4047 = VERTEX_POINT('',#4048);
#4048 = CARTESIAN_POINT('',(60.09,1.2,0.5));
#4049 = LINE('',#4050,#4051);
#4050 = CARTESIAN_POINT('',(59.04,1.2,0.5));
#4051 = VECTOR('',#4052,1.);
#4052 = DIRECTION('',(1.,0.,-0.));
#4053 = ORIENTED_EDGE('',*,*,#4054,.T.);
#4054 = EDGE_CURVE('',#4047,#4055,#4057,.T.);
#4055 = VERTEX_POINT('',#4056);
#4056 = CARTESIAN_POINT('',(60.09,1.2,3.9));
#4057 = LINE('',#4058,#4059);
#4058 = CARTESIAN_POINT('',(60.09,1.2,0.5));
#4059 = VECTOR('',#4060,1.);
#4060 = DIRECTION('',(0.,0.,1.));
#4061 = ORIENTED_EDGE('',*,*,#4062,.F.);
#4062 = EDGE_CURVE('',#4039,#4055,#4063,.T.);
#4063 = LINE('',#4064,#4065);
#4064 = CARTESIAN_POINT('',(59.04,1.2,3.9));
#4065 = VECTOR('',#4066,1.);
#4066 = DIRECTION('',(1.,0.,-0.));
#4067 = FACE_BOUND('',#4068,.T.);
#4068 = EDGE_LOOP('',(#4069,#4079,#4087,#4095));
#4069 = ORIENTED_EDGE('',*,*,#4070,.F.);
#4070 = EDGE_CURVE('',#4071,#4073,#4075,.T.);
#4071 = VERTEX_POINT('',#4072);
#4072 = CARTESIAN_POINT('',(65.92,1.2,0.5));
#4073 = VERTEX_POINT('',#4074);
#4074 = CARTESIAN_POINT('',(65.92,1.2,3.9));
#4075 = LINE('',#4076,#4077);
#4076 = CARTESIAN_POINT('',(65.92,1.2,0.5));
#4077 = VECTOR('',#4078,1.);
#4078 = DIRECTION('',(0.,0.,1.));
#4079 = ORIENTED_EDGE('',*,*,#4080,.T.);
#4080 = EDGE_CURVE('',#4071,#4081,#4083,.T.);
#4081 = VERTEX_POINT('',#4082);
#4082 = CARTESIAN_POINT('',(66.97,1.2,0.5));
#4083 = LINE('',#4084,#4085);
#4084 = CARTESIAN_POINT('',(65.92,1.2,0.5));
#4085 = VECTOR('',#4086,1.);
#4086 = DIRECTION('',(1.,0.,-0.));
#4087 = ORIENTED_EDGE('',*,*,#4088,.T.);
#4088 = EDGE_CURVE('',#4081,#4089,#4091,.T.);
#4089 = VERTEX_POINT('',#4090);
#4090 = CARTESIAN_POINT('',(66.97,1.2,3.9));
#4091 = LINE('',#4092,#4093);
#4092 = CARTESIAN_POINT('',(66.97,1.2,0.5));
#4093 = VECTOR('',#4094,1.);
#4094 = DIRECTION('',(0.,0.,1.));
#4095 = ORIENTED_EDGE('',*,*,#4096,.F.);
#4096 = EDGE_CURVE('',#4073,#4089,#4097,.T.);
#4097 = LINE('',#4098,#4099);
#4098 = CARTESIAN_POINT('',(65.92,1.2,3.9));
#4099 = VECTOR('',#4100,1.);
#4100 = DIRECTION('',(1.,0.,-0.));
#4101 = FACE_BOUND('',#4102,.T.);
#4102 = EDGE_LOOP('',(#4103,#4113,#4121,#4129));
#4103 = ORIENTED_EDGE('',*,*,#4104,.F.);
#4104 = EDGE_CURVE('',#4105,#4107,#4109,.T.);
#4105 = VERTEX_POINT('',#4106);
#4106 = CARTESIAN_POINT('',(6.5,1.2,11.));
#4107 = VERTEX_POINT('',#4108);
#4108 = CARTESIAN_POINT('',(6.5,1.2,22.5));
#4109 = LINE('',#4110,#4111);
#4110 = CARTESIAN_POINT('',(6.5,1.2,11.));
#4111 = VECTOR('',#4112,1.);
#4112 = DIRECTION('',(0.,0.,1.));
#4113 = ORIENTED_EDGE('',*,*,#4114,.T.);
#4114 = EDGE_CURVE('',#4105,#4115,#4117,.T.);
#4115 = VERTEX_POINT('',#4116);
#4116 = CARTESIAN_POINT('',(16.1,1.2,11.));
#4117 = LINE('',#4118,#4119);
#4118 = CARTESIAN_POINT('',(6.5,1.2,11.));
#4119 = VECTOR('',#4120,1.);
#4120 = DIRECTION('',(1.,0.,-0.));
#4121 = ORIENTED_EDGE('',*,*,#4122,.T.);
#4122 = EDGE_CURVE('',#4115,#4123,#4125,.T.);
#4123 = VERTEX_POINT('',#4124);
#4124 = CARTESIAN_POINT('',(16.1,1.2,22.5));
#4125 = LINE('',#4126,#4127);
#4126 = CARTESIAN_POINT('',(16.1,1.2,11.));
#4127 = VECTOR('',#4128,1.);
#4128 = DIRECTION('',(0.,0.,1.));
#4129 = ORIENTED_EDGE('',*,*,#4130,.F.);
#4130 = EDGE_CURVE('',#4107,#4123,#4131,.T.);
#4131 = LINE('',#4132,#4133);
#4132 = CARTESIAN_POINT('',(6.5,1.2,22.5));
#4133 = VECTOR('',#4134,1.);
#4134 = DIRECTION('',(1.,0.,-0.));
#4135 = FACE_BOUND('',#4136,.T.);
#4136 = EDGE_LOOP('',(#4137,#4147,#4155,#4163));
#4137 = ORIENTED_EDGE('',*,*,#4138,.F.);
#4138 = EDGE_CURVE('',#4139,#4141,#4143,.T.);
#4139 = VERTEX_POINT('',#4140);
#4140 = CARTESIAN_POINT('',(19.1,1.2,11.));
#4141 = VERTEX_POINT('',#4142);
#4142 = CARTESIAN_POINT('',(19.1,1.2,22.5));
#4143 = LINE('',#4144,#4145);
#4144 = CARTESIAN_POINT('',(19.1,1.2,11.));
#4145 = VECTOR('',#4146,1.);
#4146 = DIRECTION('',(0.,0.,1.));
#4147 = ORIENTED_EDGE('',*,*,#4148,.T.);
#4148 = EDGE_CURVE('',#4139,#4149,#4151,.T.);
#4149 = VERTEX_POINT('',#4150);
#4150 = CARTESIAN_POINT('',(28.7,1.2,11.));
#4151 = LINE('',#4152,#4153);
#4152 = CARTESIAN_POINT('',(19.1,1.2,11.));
#4153 = VECTOR('',#4154,1.);
#4154 = DIRECTION('',(1.,0.,-0.));
#4155 = ORIENTED_EDGE('',*,*,#4156,.T.);
#4156 = EDGE_CURVE('',#4149,#4157,#4159,.T.);
#4157 = VERTEX_POINT('',#4158);
#4158 = CARTESIAN_POINT('',(28.7,1.2,22.5));
#4159 = LINE('',#4160,#4161);
#4160 = CARTESIAN_POINT('',(28.7,1.2,11.));
#4161 = VECTOR('',#4162,1.);
#4162 = DIRECTION('',(0.,0.,1.));
#4163 = ORIENTED_EDGE('',*,*,#4164,.F.);
#4164 = EDGE_CURVE('',#4141,#4157,#4165,.T.);
#4165 = LINE('',#4166,#4167);
#4166 = CARTESIAN_POINT('',(19.1,1.2,22.5));
#4167 = VECTOR('',#4168,1.);
#4168 = DIRECTION('',(1.,0.,-0.));
#4169 = FACE_BOUND('',#4170,.T.);
#4170 = EDGE_LOOP('',(#4171,#4181,#4189,#4197));
#4171 = ORIENTED_EDGE('',*,*,#4172,.F.);
#4172 = EDGE_CURVE('',#4173,#4175,#4177,.T.);
#4173 = VERTEX_POINT('',#4174);
#4174 = CARTESIAN_POINT('',(31.7,1.2,11.));
#4175 = VERTEX_POINT('',#4176);
#4176 = CARTESIAN_POINT('',(31.7,1.2,22.5));
#4177 = LINE('',#4178,#4179);
#4178 = CARTESIAN_POINT('',(31.7,1.2,11.));
#4179 = VECTOR('',#4180,1.);
#4180 = DIRECTION('',(0.,0.,1.));
#4181 = ORIENTED_EDGE('',*,*,#4182,.T.);
#4182 = EDGE_CURVE('',#4173,#4183,#4185,.T.);
#4183 = VERTEX_POINT('',#4184);
#4184 = CARTESIAN_POINT('',(41.3,1.2,11.));
#4185 = LINE('',#4186,#4187);
#4186 = CARTESIAN_POINT('',(31.7,1.2,11.));
#4187 = VECTOR('',#4188,1.);
#4188 = DIRECTION('',(1.,0.,-0.));
#4189 = ORIENTED_EDGE('',*,*,#4190,.T.);
#4190 = EDGE_CURVE('',#4183,#4191,#4193,.T.);
#4191 = VERTEX_POINT('',#4192);
#4192 = CARTESIAN_POINT('',(41.3,1.2,22.5));
#4193 = LINE('',#4194,#4195);
#4194 = CARTESIAN_POINT('',(41.3,1.2,11.));
#4195 = VECTOR('',#4196,1.);
#4196 = DIRECTION('',(0.,0.,1.));
#4197 = ORIENTED_EDGE('',*,*,#4198,.F.);
#4198 = EDGE_CURVE('',#4175,#4191,#4199,.T.);
#4199 = LINE('',#4200,#4201);
#4200 = CARTESIAN_POINT('',(31.7,1.2,22.5));
#4201 = VECTOR('',#4202,1.);
#4202 = DIRECTION('',(1.,0.,-0.));
#4203 = FACE_BOUND('',#4204,.T.);
#4204 = EDGE_LOOP('',(#4205,#4215,#4223,#4231));
#4205 = ORIENTED_EDGE('',*,*,#4206,.F.);
#4206 = EDGE_CURVE('',#4207,#4209,#4211,.T.);
#4207 = VERTEX_POINT('',#4208);
#4208 = CARTESIAN_POINT('',(44.3,1.2,11.));
#4209 = VERTEX_POINT('',#4210);
#4210 = CARTESIAN_POINT('',(44.3,1.2,22.5));
#4211 = LINE('',#4212,#4213);
#4212 = CARTESIAN_POINT('',(44.3,1.2,11.));
#4213 = VECTOR('',#4214,1.);
#4214 = DIRECTION('',(0.,0.,1.));
#4215 = ORIENTED_EDGE('',*,*,#4216,.T.);
#4216 = EDGE_CURVE('',#4207,#4217,#4219,.T.);
#4217 = VERTEX_POINT('',#4218);
#4218 = CARTESIAN_POINT('',(53.9,1.2,11.));
#4219 = LINE('',#4220,#4221);
#4220 = CARTESIAN_POINT('',(44.3,1.2,11.));
#4221 = VECTOR('',#4222,1.);
#4222 = DIRECTION('',(1.,0.,-0.));
#4223 = ORIENTED_EDGE('',*,*,#4224,.T.);
#4224 = EDGE_CURVE('',#4217,#4225,#4227,.T.);
#4225 = VERTEX_POINT('',#4226);
#4226 = CARTESIAN_POINT('',(53.9,1.2,22.5));
#4227 = LINE('',#4228,#4229);
#4228 = CARTESIAN_POINT('',(53.9,1.2,11.));
#4229 = VECTOR('',#4230,1.);
#4230 = DIRECTION('',(0.,0.,1.));
#4231 = ORIENTED_EDGE('',*,*,#4232,.F.);
#4232 = EDGE_CURVE('',#4209,#4225,#4233,.T.);
#4233 = LINE('',#4234,#4235);
#4234 = CARTESIAN_POINT('',(44.3,1.2,22.5));
#4235 = VECTOR('',#4236,1.);
#4236 = DIRECTION('',(1.,0.,-0.));
#4237 = FACE_BOUND('',#4238,.T.);
#4238 = EDGE_LOOP('',(#4239,#4249,#4257,#4265,#4273,#4281,#4289,#4297));
#4239 = ORIENTED_EDGE('',*,*,#4240,.F.);
#4240 = EDGE_CURVE('',#4241,#4243,#4245,.T.);
#4241 = VERTEX_POINT('',#4242);
#4242 = CARTESIAN_POINT('',(56.9,1.2,22.));
#4243 = VERTEX_POINT('',#4244);
#4244 = CARTESIAN_POINT('',(56.9,1.2,22.5));
#4245 = LINE('',#4246,#4247);
#4246 = CARTESIAN_POINT('',(56.9,1.2,11.));
#4247 = VECTOR('',#4248,1.);
#4248 = DIRECTION('',(0.,0.,1.));
#4249 = ORIENTED_EDGE('',*,*,#4250,.F.);
#4250 = EDGE_CURVE('',#4251,#4241,#4253,.T.);
#4251 = VERTEX_POINT('',#4252);
#4252 = CARTESIAN_POINT('',(54.841,1.2,22.));
#4253 = LINE('',#4254,#4255);
#4254 = CARTESIAN_POINT('',(54.841,1.2,22.));
#4255 = VECTOR('',#4256,1.);
#4256 = DIRECTION('',(1.,0.,-0.));
#4257 = ORIENTED_EDGE('',*,*,#4258,.F.);
#4258 = EDGE_CURVE('',#4259,#4251,#4261,.T.);
#4259 = VERTEX_POINT('',#4260);
#4260 = CARTESIAN_POINT('',(54.841,1.2,9.));
#4261 = LINE('',#4262,#4263);
#4262 = CARTESIAN_POINT('',(54.841,1.2,9.));
#4263 = VECTOR('',#4264,1.);
#4264 = DIRECTION('',(0.,0.,1.));
#4265 = ORIENTED_EDGE('',*,*,#4266,.T.);
#4266 = EDGE_CURVE('',#4259,#4267,#4269,.T.);
#4267 = VERTEX_POINT('',#4268);
#4268 = CARTESIAN_POINT('',(67.841,1.2,9.));
#4269 = LINE('',#4270,#4271);
#4270 = CARTESIAN_POINT('',(54.841,1.2,9.));
#4271 = VECTOR('',#4272,1.);
#4272 = DIRECTION('',(1.,0.,-0.));
#4273 = ORIENTED_EDGE('',*,*,#4274,.T.);
#4274 = EDGE_CURVE('',#4267,#4275,#4277,.T.);
#4275 = VERTEX_POINT('',#4276);
#4276 = CARTESIAN_POINT('',(67.841,1.2,22.));
#4277 = LINE('',#4278,#4279);
#4278 = CARTESIAN_POINT('',(67.841,1.2,9.));
#4279 = VECTOR('',#4280,1.);
#4280 = DIRECTION('',(0.,0.,1.));
#4281 = ORIENTED_EDGE('',*,*,#4282,.F.);
#4282 = EDGE_CURVE('',#4283,#4275,#4285,.T.);
#4283 = VERTEX_POINT('',#4284);
#4284 = CARTESIAN_POINT('',(66.5,1.2,22.));
#4285 = LINE('',#4286,#4287);
#4286 = CARTESIAN_POINT('',(54.841,1.2,22.));
#4287 = VECTOR('',#4288,1.);
#4288 = DIRECTION('',(1.,0.,-0.));
#4289 = ORIENTED_EDGE('',*,*,#4290,.T.);
#4290 = EDGE_CURVE('',#4283,#4291,#4293,.T.);
#4291 = VERTEX_POINT('',#4292);
#4292 = CARTESIAN_POINT('',(66.5,1.2,22.5));
#4293 = LINE('',#4294,#4295);
#4294 = CARTESIAN_POINT('',(66.5,1.2,11.));
#4295 = VECTOR('',#4296,1.);
#4296 = DIRECTION('',(0.,0.,1.));
#4297 = ORIENTED_EDGE('',*,*,#4298,.F.);
#4298 = EDGE_CURVE('',#4243,#4291,#4299,.T.);
#4299 = LINE('',#4300,#4301);
#4300 = CARTESIAN_POINT('',(56.9,1.2,22.5));
#4301 = VECTOR('',#4302,1.);
#4302 = DIRECTION('',(1.,0.,-0.));
#4303 = FACE_BOUND('',#4304,.T.);
#4304 = EDGE_LOOP('',(#4305,#4315,#4323,#4331));
#4305 = ORIENTED_EDGE('',*,*,#4306,.F.);
#4306 = EDGE_CURVE('',#4307,#4309,#4311,.T.);
#4307 = VERTEX_POINT('',#4308);
#4308 = CARTESIAN_POINT('',(67.64,1.2,0.5));
#4309 = VERTEX_POINT('',#4310);
#4310 = CARTESIAN_POINT('',(67.64,1.2,3.9));
#4311 = LINE('',#4312,#4313);
#4312 = CARTESIAN_POINT('',(67.64,1.2,0.5));
#4313 = VECTOR('',#4314,1.);
#4314 = DIRECTION('',(0.,0.,1.));
#4315 = ORIENTED_EDGE('',*,*,#4316,.T.);
#4316 = EDGE_CURVE('',#4307,#4317,#4319,.T.);
#4317 = VERTEX_POINT('',#4318);
#4318 = CARTESIAN_POINT('',(68.69,1.2,0.5));
#4319 = LINE('',#4320,#4321);
#4320 = CARTESIAN_POINT('',(67.64,1.2,0.5));
#4321 = VECTOR('',#4322,1.);
#4322 = DIRECTION('',(1.,0.,-0.));
#4323 = ORIENTED_EDGE('',*,*,#4324,.T.);
#4324 = EDGE_CURVE('',#4317,#4325,#4327,.T.);
#4325 = VERTEX_POINT('',#4326);
#4326 = CARTESIAN_POINT('',(68.69,1.2,3.9));
#4327 = LINE('',#4328,#4329);
#4328 = CARTESIAN_POINT('',(68.69,1.2,0.5));
#4329 = VECTOR('',#4330,1.);
#4330 = DIRECTION('',(0.,0.,1.));
#4331 = ORIENTED_EDGE('',*,*,#4332,.F.);
#4332 = EDGE_CURVE('',#4309,#4325,#4333,.T.);
#4333 = LINE('',#4334,#4335);
#4334 = CARTESIAN_POINT('',(67.64,1.2,3.9));
#4335 = VECTOR('',#4336,1.);
#4336 = DIRECTION('',(1.,0.,-0.));
#4337 = FACE_BOUND('',#4338,.T.);
#4338 = EDGE_LOOP('',(#4339,#4349,#4357,#4365));
#4339 = ORIENTED_EDGE('',*,*,#4340,.F.);
#4340 = EDGE_CURVE('',#4341,#4343,#4345,.T.);
#4341 = VERTEX_POINT('',#4342);
#4342 = CARTESIAN_POINT('',(69.36,1.2,0.5));
#4343 = VERTEX_POINT('',#4344);
#4344 = CARTESIAN_POINT('',(69.36,1.2,3.9));
#4345 = LINE('',#4346,#4347);
#4346 = CARTESIAN_POINT('',(69.36,1.2,0.5));
#4347 = VECTOR('',#4348,1.);
#4348 = DIRECTION('',(0.,0.,1.));
#4349 = ORIENTED_EDGE('',*,*,#4350,.T.);
#4350 = EDGE_CURVE('',#4341,#4351,#4353,.T.);
#4351 = VERTEX_POINT('',#4352);
#4352 = CARTESIAN_POINT('',(70.41,1.2,0.5));
#4353 = LINE('',#4354,#4355);
#4354 = CARTESIAN_POINT('',(69.36,1.2,0.5));
#4355 = VECTOR('',#4356,1.);
#4356 = DIRECTION('',(1.,0.,-0.));
#4357 = ORIENTED_EDGE('',*,*,#4358,.T.);
#4358 = EDGE_CURVE('',#4351,#4359,#4361,.T.);
#4359 = VERTEX_POINT('',#4360);
#4360 = CARTESIAN_POINT('',(70.41,1.2,3.9));
#4361 = LINE('',#4362,#4363);
#4362 = CARTESIAN_POINT('',(70.41,1.2,0.5));
#4363 = VECTOR('',#4364,1.);
#4364 = DIRECTION('',(0.,0.,1.));
#4365 = ORIENTED_EDGE('',*,*,#4366,.F.);
#4366 = EDGE_CURVE('',#4343,#4359,#4367,.T.);
#4367 = LINE('',#4368,#4369);
#4368 = CARTESIAN_POINT('',(69.36,1.2,3.9));
#4369 = VECTOR('',#4370,1.);
#4370 = DIRECTION('',(1.,0.,-0.));
#4371 = FACE_BOUND('',#4372,.T.);
#4372 = EDGE_LOOP('',(#4373,#4383,#4391,#4399));
#4373 = ORIENTED_EDGE('',*,*,#4374,.F.);
#4374 = EDGE_CURVE('',#4375,#4377,#4379,.T.);
#4375 = VERTEX_POINT('',#4376);
#4376 = CARTESIAN_POINT('',(71.08,1.2,0.5));
#4377 = VERTEX_POINT('',#4378);
#4378 = CARTESIAN_POINT('',(71.08,1.2,3.9));
#4379 = LINE('',#4380,#4381);
#4380 = CARTESIAN_POINT('',(71.08,1.2,0.5));
#4381 = VECTOR('',#4382,1.);
#4382 = DIRECTION('',(0.,0.,1.));
#4383 = ORIENTED_EDGE('',*,*,#4384,.T.);
#4384 = EDGE_CURVE('',#4375,#4385,#4387,.T.);
#4385 = VERTEX_POINT('',#4386);
#4386 = CARTESIAN_POINT('',(72.13,1.2,0.5));
#4387 = LINE('',#4388,#4389);
#4388 = CARTESIAN_POINT('',(71.08,1.2,0.5));
#4389 = VECTOR('',#4390,1.);
#4390 = DIRECTION('',(1.,0.,-0.));
#4391 = ORIENTED_EDGE('',*,*,#4392,.T.);
#4392 = EDGE_CURVE('',#4385,#4393,#4395,.T.);
#4393 = VERTEX_POINT('',#4394);
#4394 = CARTESIAN_POINT('',(72.13,1.2,3.9));
#4395 = LINE('',#4396,#4397);
#4396 = CARTESIAN_POINT('',(72.13,1.2,0.5));
#4397 = VECTOR('',#4398,1.);
#4398 = DIRECTION('',(0.,0.,1.));
#4399 = ORIENTED_EDGE('',*,*,#4400,.F.);
#4400 = EDGE_CURVE('',#4377,#4393,#4401,.T.);
#4401 = LINE('',#4402,#4403);
#4402 = CARTESIAN_POINT('',(71.08,1.2,3.9));
#4403 = VECTOR('',#4404,1.);
#4404 = DIRECTION('',(1.,0.,-0.));
#4405 = FACE_BOUND('',#4406,.T.);
#4406 = EDGE_LOOP('',(#4407,#4417,#4425,#4433));
#4407 = ORIENTED_EDGE('',*,*,#4408,.F.);
#4408 = EDGE_CURVE('',#4409,#4411,#4413,.T.);
#4409 = VERTEX_POINT('',#4410);
#4410 = CARTESIAN_POINT('',(72.8,1.2,0.5));
#4411 = VERTEX_POINT('',#4412);
#4412 = CARTESIAN_POINT('',(72.8,1.2,3.9));
#4413 = LINE('',#4414,#4415);
#4414 = CARTESIAN_POINT('',(72.8,1.2,0.5));
#4415 = VECTOR('',#4416,1.);
#4416 = DIRECTION('',(0.,0.,1.));
#4417 = ORIENTED_EDGE('',*,*,#4418,.T.);
#4418 = EDGE_CURVE('',#4409,#4419,#4421,.T.);
#4419 = VERTEX_POINT('',#4420);
#4420 = CARTESIAN_POINT('',(73.85,1.2,0.5));
#4421 = LINE('',#4422,#4423);
#4422 = CARTESIAN_POINT('',(72.8,1.2,0.5));
#4423 = VECTOR('',#4424,1.);
#4424 = DIRECTION('',(1.,0.,-0.));
#4425 = ORIENTED_EDGE('',*,*,#4426,.T.);
#4426 = EDGE_CURVE('',#4419,#4427,#4429,.T.);
#4427 = VERTEX_POINT('',#4428);
#4428 = CARTESIAN_POINT('',(73.85,1.2,3.9));
#4429 = LINE('',#4430,#4431);
#4430 = CARTESIAN_POINT('',(73.85,1.2,0.5));
#4431 = VECTOR('',#4432,1.);
#4432 = DIRECTION('',(0.,0.,1.));
#4433 = ORIENTED_EDGE('',*,*,#4434,.F.);
#4434 = EDGE_CURVE('',#4411,#4427,#4435,.T.);
#4435 = LINE('',#4436,#4437);
#4436 = CARTESIAN_POINT('',(72.8,1.2,3.9));
#4437 = VECTOR('',#4438,1.);
#4438 = DIRECTION('',(1.,0.,-0.));
#4439 = FACE_BOUND('',#4440,.T.);
#4440 = EDGE_LOOP('',(#4441,#4451,#4459,#4467));
#4441 = ORIENTED_EDGE('',*,*,#4442,.F.);
#4442 = EDGE_CURVE('',#4443,#4445,#4447,.T.);
#4443 = VERTEX_POINT('',#4444);
#4444 = CARTESIAN_POINT('',(74.52,1.2,0.5));
#4445 = VERTEX_POINT('',#4446);
#4446 = CARTESIAN_POINT('',(74.52,1.2,3.9));
#4447 = LINE('',#4448,#4449);
#4448 = CARTESIAN_POINT('',(74.52,1.2,0.5));
#4449 = VECTOR('',#4450,1.);
#4450 = DIRECTION('',(0.,0.,1.));
#4451 = ORIENTED_EDGE('',*,*,#4452,.T.);
#4452 = EDGE_CURVE('',#4443,#4453,#4455,.T.);
#4453 = VERTEX_POINT('',#4454);
#4454 = CARTESIAN_POINT('',(75.57,1.2,0.5));
#4455 = LINE('',#4456,#4457);
#4456 = CARTESIAN_POINT('',(74.52,1.2,0.5));
#4457 = VECTOR('',#4458,1.);
#4458 = DIRECTION('',(1.,0.,-0.));
#4459 = ORIENTED_EDGE('',*,*,#4460,.T.);
#4460 = EDGE_CURVE('',#4453,#4461,#4463,.T.);
#4461 = VERTEX_POINT('',#4462);
#4462 = CARTESIAN_POINT('',(75.57,1.2,3.9));
#4463 = LINE('',#4464,#4465);
#4464 = CARTESIAN_POINT('',(75.57,1.2,0.5));
#4465 = VECTOR('',#4466,1.);
#4466 = DIRECTION('',(0.,0.,1.));
#4467 = ORIENTED_EDGE('',*,*,#4468,.F.);
#4468 = EDGE_CURVE('',#4445,#4461,#4469,.T.);
#4469 = LINE('',#4470,#4471);
#4470 = CARTESIAN_POINT('',(74.52,1.2,3.9));
#4471 = VECTOR('',#4472,1.);
#4472 = DIRECTION('',(1.,0.,-0.));
#4473 = FACE_BOUND('',#4474,.T.);
#4474 = EDGE_LOOP('',(#4475,#4485,#4493,#4501));
#4475 = ORIENTED_EDGE('',*,*,#4476,.F.);
#4476 = EDGE_CURVE('',#4477,#4479,#4481,.T.);
#4477 = VERTEX_POINT('',#4478);
#4478 = CARTESIAN_POINT('',(76.24,1.2,0.5));
#4479 = VERTEX_POINT('',#4480);
#4480 = CARTESIAN_POINT('',(76.24,1.2,3.9));
#4481 = LINE('',#4482,#4483);
#4482 = CARTESIAN_POINT('',(76.24,1.2,0.5));
#4483 = VECTOR('',#4484,1.);
#4484 = DIRECTION('',(0.,0.,1.));
#4485 = ORIENTED_EDGE('',*,*,#4486,.T.);
#4486 = EDGE_CURVE('',#4477,#4487,#4489,.T.);
#4487 = VERTEX_POINT('',#4488);
#4488 = CARTESIAN_POINT('',(77.29,1.2,0.5));
#4489 = LINE('',#4490,#4491);
#4490 = CARTESIAN_POINT('',(76.24,1.2,0.5));
#4491 = VECTOR('',#4492,1.);
#4492 = DIRECTION('',(1.,0.,-0.));
#4493 = ORIENTED_EDGE('',*,*,#4494,.T.);
#4494 = EDGE_CURVE('',#4487,#4495,#4497,.T.);
#4495 = VERTEX_POINT('',#4496);
#4496 = CARTESIAN_POINT('',(77.29,1.2,3.9));
#4497 = LINE('',#4498,#4499);
#4498 = CARTESIAN_POINT('',(77.29,1.2,0.5));
#4499 = VECTOR('',#4500,1.);
#4500 = DIRECTION('',(0.,0.,1.));
#4501 = ORIENTED_EDGE('',*,*,#4502,.F.);
#4502 = EDGE_CURVE('',#4479,#4495,#4503,.T.);
#4503 = LINE('',#4504,#4505);
#4504 = CARTESIAN_POINT('',(76.24,1.2,3.9));
#4505 = VECTOR('',#4506,1.);
#4506 = DIRECTION('',(1.,0.,-0.));
#4507 = FACE_BOUND('',#4508,.T.);
#4508 = EDGE_LOOP('',(#4509,#4519,#4527,#4535));
#4509 = ORIENTED_EDGE('',*,*,#4510,.F.);
#4510 = EDGE_CURVE('',#4511,#4513,#4515,.T.);
#4511 = VERTEX_POINT('',#4512);
#4512 = CARTESIAN_POINT('',(77.96,1.2,0.5));
#4513 = VERTEX_POINT('',#4514);
#4514 = CARTESIAN_POINT('',(77.96,1.2,3.9));
#4515 = LINE('',#4516,#4517);
#4516 = CARTESIAN_POINT('',(77.96,1.2,0.5));
#4517 = VECTOR('',#4518,1.);
#4518 = DIRECTION('',(0.,0.,1.));
#4519 = ORIENTED_EDGE('',*,*,#4520,.T.);
#4520 = EDGE_CURVE('',#4511,#4521,#4523,.T.);
#4521 = VERTEX_POINT('',#4522);
#4522 = CARTESIAN_POINT('',(79.01,1.2,0.5));
#4523 = LINE('',#4524,#4525);
#4524 = CARTESIAN_POINT('',(77.96,1.2,0.5));
#4525 = VECTOR('',#4526,1.);
#4526 = DIRECTION('',(1.,0.,-0.));
#4527 = ORIENTED_EDGE('',*,*,#4528,.T.);
#4528 = EDGE_CURVE('',#4521,#4529,#4531,.T.);
#4529 = VERTEX_POINT('',#4530);
#4530 = CARTESIAN_POINT('',(79.01,1.2,3.9));
#4531 = LINE('',#4532,#4533);
#4532 = CARTESIAN_POINT('',(79.01,1.2,0.5));
#4533 = VECTOR('',#4534,1.);
#4534 = DIRECTION('',(0.,0.,1.));
#4535 = ORIENTED_EDGE('',*,*,#4536,.F.);
#4536 = EDGE_CURVE('',#4513,#4529,#4537,.T.);
#4537 = LINE('',#4538,#4539);
#4538 = CARTESIAN_POINT('',(77.96,1.2,3.9));
#4539 = VECTOR('',#4540,1.);
#4540 = DIRECTION('',(1.,0.,-0.));
#4541 = FACE_BOUND('',#4542,.T.);
#4542 = EDGE_LOOP('',(#4543,#4553,#4561,#4569));
#4543 = ORIENTED_EDGE('',*,*,#4544,.F.);
#4544 = EDGE_CURVE('',#4545,#4547,#4549,.T.);
#4545 = VERTEX_POINT('',#4546);
#4546 = CARTESIAN_POINT('',(79.68,1.2,0.5));
#4547 = VERTEX_POINT('',#4548);
#4548 = CARTESIAN_POINT('',(79.68,1.2,3.9));
#4549 = LINE('',#4550,#4551);
#4550 = CARTESIAN_POINT('',(79.68,1.2,0.5));
#4551 = VECTOR('',#4552,1.);
#4552 = DIRECTION('',(0.,0.,1.));
#4553 = ORIENTED_EDGE('',*,*,#4554,.T.);
#4554 = EDGE_CURVE('',#4545,#4555,#4557,.T.);
#4555 = VERTEX_POINT('',#4556);
#4556 = CARTESIAN_POINT('',(80.73,1.2,0.5));
#4557 = LINE('',#4558,#4559);
#4558 = CARTESIAN_POINT('',(79.68,1.2,0.5));
#4559 = VECTOR('',#4560,1.);
#4560 = DIRECTION('',(1.,0.,-0.));
#4561 = ORIENTED_EDGE('',*,*,#4562,.T.);
#4562 = EDGE_CURVE('',#4555,#4563,#4565,.T.);
#4563 = VERTEX_POINT('',#4564);
#4564 = CARTESIAN_POINT('',(80.73,1.2,3.9));
#4565 = LINE('',#4566,#4567);
#4566 = CARTESIAN_POINT('',(80.73,1.2,0.5));
#4567 = VECTOR('',#4568,1.);
#4568 = DIRECTION('',(0.,0.,1.));
#4569 = ORIENTED_EDGE('',*,*,#4570,.F.);
#4570 = EDGE_CURVE('',#4547,#4563,#4571,.T.);
#4571 = LINE('',#4572,#4573);
#4572 = CARTESIAN_POINT('',(79.68,1.2,3.9));
#4573 = VECTOR('',#4574,1.);
#4574 = DIRECTION('',(1.,0.,-0.));
#4575 = FACE_BOUND('',#4576,.T.);
#4576 = EDGE_LOOP('',(#4577,#4587,#4595,#4603));
#4577 = ORIENTED_EDGE('',*,*,#4578,.F.);
#4578 = EDGE_CURVE('',#4579,#4581,#4583,.T.);
#4579 = VERTEX_POINT('',#4580);
#4580 = CARTESIAN_POINT('',(81.4,1.2,0.5));
#4581 = VERTEX_POINT('',#4582);
#4582 = CARTESIAN_POINT('',(81.4,1.2,3.9));
#4583 = LINE('',#4584,#4585);
#4584 = CARTESIAN_POINT('',(81.4,1.2,0.5));
#4585 = VECTOR('',#4586,1.);
#4586 = DIRECTION('',(0.,0.,1.));
#4587 = ORIENTED_EDGE('',*,*,#4588,.T.);
#4588 = EDGE_CURVE('',#4579,#4589,#4591,.T.);
#4589 = VERTEX_POINT('',#4590);
#4590 = CARTESIAN_POINT('',(82.45,1.2,0.5));
#4591 = LINE('',#4592,#4593);
#4592 = CARTESIAN_POINT('',(81.4,1.2,0.5));
#4593 = VECTOR('',#4594,1.);
#4594 = DIRECTION('',(1.,0.,-0.));
#4595 = ORIENTED_EDGE('',*,*,#4596,.T.);
#4596 = EDGE_CURVE('',#4589,#4597,#4599,.T.);
#4597 = VERTEX_POINT('',#4598);
#4598 = CARTESIAN_POINT('',(82.45,1.2,3.9));
#4599 = LINE('',#4600,#4601);
#4600 = CARTESIAN_POINT('',(82.45,1.2,0.5));
#4601 = VECTOR('',#4602,1.);
#4602 = DIRECTION('',(0.,0.,1.));
#4603 = ORIENTED_EDGE('',*,*,#4604,.F.);
#4604 = EDGE_CURVE('',#4581,#4597,#4605,.T.);
#4605 = LINE('',#4606,#4607);
#4606 = CARTESIAN_POINT('',(81.4,1.2,3.9));
#4607 = VECTOR('',#4608,1.);
#4608 = DIRECTION('',(1.,0.,-0.));
#4609 = FACE_BOUND('',#4610,.T.);
#4610 = EDGE_LOOP('',(#4611,#4621,#4629,#4637));
#4611 = ORIENTED_EDGE('',*,*,#4612,.F.);
#4612 = EDGE_CURVE('',#4613,#4615,#4617,.T.);
#4613 = VERTEX_POINT('',#4614);
#4614 = CARTESIAN_POINT('',(83.12,1.2,0.5));
#4615 = VERTEX_POINT('',#4616);
#4616 = CARTESIAN_POINT('',(83.12,1.2,3.9));
#4617 = LINE('',#4618,#4619);
#4618 = CARTESIAN_POINT('',(83.12,1.2,0.5));
#4619 = VECTOR('',#4620,1.);
#4620 = DIRECTION('',(0.,0.,1.));
#4621 = ORIENTED_EDGE('',*,*,#4622,.T.);
#4622 = EDGE_CURVE('',#4613,#4623,#4625,.T.);
#4623 = VERTEX_POINT('',#4624);
#4624 = CARTESIAN_POINT('',(84.17,1.2,0.5));
#4625 = LINE('',#4626,#4627);
#4626 = CARTESIAN_POINT('',(83.12,1.2,0.5));
#4627 = VECTOR('',#4628,1.);
#4628 = DIRECTION('',(1.,0.,-0.));
#4629 = ORIENTED_EDGE('',*,*,#4630,.T.);
#4630 = EDGE_CURVE('',#4623,#4631,#4633,.T.);
#4631 = VERTEX_POINT('',#4632);
#4632 = CARTESIAN_POINT('',(84.17,1.2,3.9));
#4633 = LINE('',#4634,#4635);
#4634 = CARTESIAN_POINT('',(84.17,1.2,0.5));
#4635 = VECTOR('',#4636,1.);
#4636 = DIRECTION('',(0.,0.,1.));
#4637 = ORIENTED_EDGE('',*,*,#4638,.F.);
#4638 = EDGE_CURVE('',#4615,#4631,#4639,.T.);
#4639 = LINE('',#4640,#4641);
#4640 = CARTESIAN_POINT('',(83.12,1.2,3.9));
#4641 = VECTOR('',#4642,1.);
#4642 = DIRECTION('',(1.,0.,-0.));
#4643 = FACE_BOUND('',#4644,.T.);
#4644 = EDGE_LOOP('',(#4645,#4655,#4663,#4671));
#4645 = ORIENTED_EDGE('',*,*,#4646,.F.);
#4646 = EDGE_CURVE('',#4647,#4649,#4651,.T.);
#4647 = VERTEX_POINT('',#4648);
#4648 = CARTESIAN_POINT('',(84.84,1.2,0.5));
#4649 = VERTEX_POINT('',#4650);
#4650 = CARTESIAN_POINT('',(84.84,1.2,3.9));
#4651 = LINE('',#4652,#4653);
#4652 = CARTESIAN_POINT('',(84.84,1.2,0.5));
#4653 = VECTOR('',#4654,1.);
#4654 = DIRECTION('',(0.,0.,1.));
#4655 = ORIENTED_EDGE('',*,*,#4656,.T.);
#4656 = EDGE_CURVE('',#4647,#4657,#4659,.T.);
#4657 = VERTEX_POINT('',#4658);
#4658 = CARTESIAN_POINT('',(85.89,1.2,0.5));
#4659 = LINE('',#4660,#4661);
#4660 = CARTESIAN_POINT('',(84.84,1.2,0.5));
#4661 = VECTOR('',#4662,1.);
#4662 = DIRECTION('',(1.,0.,-0.));
#4663 = ORIENTED_EDGE('',*,*,#4664,.T.);
#4664 = EDGE_CURVE('',#4657,#4665,#4667,.T.);
#4665 = VERTEX_POINT('',#4666);
#4666 = CARTESIAN_POINT('',(85.89,1.2,3.9));
#4667 = LINE('',#4668,#4669);
#4668 = CARTESIAN_POINT('',(85.89,1.2,0.5));
#4669 = VECTOR('',#4670,1.);
#4670 = DIRECTION('',(0.,0.,1.));
#4671 = ORIENTED_EDGE('',*,*,#4672,.F.);
#4672 = EDGE_CURVE('',#4649,#4665,#4673,.T.);
#4673 = LINE('',#4674,#4675);
#4674 = CARTESIAN_POINT('',(84.84,1.2,3.9));
#4675 = VECTOR('',#4676,1.);
#4676 = DIRECTION('',(1.,0.,-0.));
#4677 = FACE_BOUND('',#4678,.T.);
#4678 = EDGE_LOOP('',(#4679,#4689,#4697,#4705));
#4679 = ORIENTED_EDGE('',*,*,#4680,.F.);
#4680 = EDGE_CURVE('',#4681,#4683,#4685,.T.);
#4681 = VERTEX_POINT('',#4682);
#4682 = CARTESIAN_POINT('',(86.56,1.2,0.5));
#4683 = VERTEX_POINT('',#4684);
#4684 = CARTESIAN_POINT('',(86.56,1.2,3.9));
#4685 = LINE('',#4686,#4687);
#4686 = CARTESIAN_POINT('',(86.56,1.2,0.5));
#4687 = VECTOR('',#4688,1.);
#4688 = DIRECTION('',(0.,0.,1.));
#4689 = ORIENTED_EDGE('',*,*,#4690,.T.);
#4690 = EDGE_CURVE('',#4681,#4691,#4693,.T.);
#4691 = VERTEX_POINT('',#4692);
#4692 = CARTESIAN_POINT('',(87.61,1.2,0.5));
#4693 = LINE('',#4694,#4695);
#4694 = CARTESIAN_POINT('',(86.56,1.2,0.5));
#4695 = VECTOR('',#4696,1.);
#4696 = DIRECTION('',(1.,0.,-0.));
#4697 = ORIENTED_EDGE('',*,*,#4698,.T.);
#4698 = EDGE_CURVE('',#4691,#4699,#4701,.T.);
#4699 = VERTEX_POINT('',#4700);
#4700 = CARTESIAN_POINT('',(87.61,1.2,3.9));
#4701 = LINE('',#4702,#4703);
#4702 = CARTESIAN_POINT('',(87.61,1.2,0.5));
#4703 = VECTOR('',#4704,1.);
#4704 = DIRECTION('',(0.,0.,1.));
#4705 = ORIENTED_EDGE('',*,*,#4706,.F.);
#4706 = EDGE_CURVE('',#4683,#4699,#4707,.T.);
#4707 = LINE('',#4708,#4709);
#4708 = CARTESIAN_POINT('',(86.56,1.2,3.9));
#4709 = VECTOR('',#4710,1.);
#4710 = DIRECTION('',(1.,0.,-0.));
#4711 = FACE_BOUND('',#4712,.T.);
#4712 = EDGE_LOOP('',(#4713,#4723,#4731,#4739));
#4713 = ORIENTED_EDGE('',*,*,#4714,.F.);
#4714 = EDGE_CURVE('',#4715,#4717,#4719,.T.);
#4715 = VERTEX_POINT('',#4716);
#4716 = CARTESIAN_POINT('',(88.28,1.2,0.5));
#4717 = VERTEX_POINT('',#4718);
#4718 = CARTESIAN_POINT('',(88.28,1.2,3.9));
#4719 = LINE('',#4720,#4721);
#4720 = CARTESIAN_POINT('',(88.28,1.2,0.5));
#4721 = VECTOR('',#4722,1.);
#4722 = DIRECTION('',(0.,0.,1.));
#4723 = ORIENTED_EDGE('',*,*,#4724,.T.);
#4724 = EDGE_CURVE('',#4715,#4725,#4727,.T.);
#4725 = VERTEX_POINT('',#4726);
#4726 = CARTESIAN_POINT('',(89.33,1.2,0.5));
#4727 = LINE('',#4728,#4729);
#4728 = CARTESIAN_POINT('',(88.28,1.2,0.5));
#4729 = VECTOR('',#4730,1.);
#4730 = DIRECTION('',(1.,0.,-0.));
#4731 = ORIENTED_EDGE('',*,*,#4732,.T.);
#4732 = EDGE_CURVE('',#4725,#4733,#4735,.T.);
#4733 = VERTEX_POINT('',#4734);
#4734 = CARTESIAN_POINT('',(89.33,1.2,3.9));
#4735 = LINE('',#4736,#4737);
#4736 = CARTESIAN_POINT('',(89.33,1.2,0.5));
#4737 = VECTOR('',#4738,1.);
#4738 = DIRECTION('',(0.,0.,1.));
#4739 = ORIENTED_EDGE('',*,*,#4740,.F.);
#4740 = EDGE_CURVE('',#4717,#4733,#4741,.T.);
#4741 = LINE('',#4742,#4743);
#4742 = CARTESIAN_POINT('',(88.28,1.2,3.9));
#4743 = VECTOR('',#4744,1.);
#4744 = DIRECTION('',(1.,0.,-0.));
#4745 = FACE_BOUND('',#4746,.T.);
#4746 = EDGE_LOOP('',(#4747,#4757,#4765,#4773));
#4747 = ORIENTED_EDGE('',*,*,#4748,.F.);
#4748 = EDGE_CURVE('',#4749,#4751,#4753,.T.);
#4749 = VERTEX_POINT('',#4750);
#4750 = CARTESIAN_POINT('',(90.,1.2,0.5));
#4751 = VERTEX_POINT('',#4752);
#4752 = CARTESIAN_POINT('',(90.,1.2,3.9));
#4753 = LINE('',#4754,#4755);
#4754 = CARTESIAN_POINT('',(90.,1.2,0.5));
#4755 = VECTOR('',#4756,1.);
#4756 = DIRECTION('',(0.,0.,1.));
#4757 = ORIENTED_EDGE('',*,*,#4758,.T.);
#4758 = EDGE_CURVE('',#4749,#4759,#4761,.T.);
#4759 = VERTEX_POINT('',#4760);
#4760 = CARTESIAN_POINT('',(91.05,1.2,0.5));
#4761 = LINE('',#4762,#4763);
#4762 = CARTESIAN_POINT('',(90.,1.2,0.5));
#4763 = VECTOR('',#4764,1.);
#4764 = DIRECTION('',(1.,0.,-0.));
#4765 = ORIENTED_EDGE('',*,*,#4766,.T.);
#4766 = EDGE_CURVE('',#4759,#4767,#4769,.T.);
#4767 = VERTEX_POINT('',#4768);
#4768 = CARTESIAN_POINT('',(91.05,1.2,3.9));
#4769 = LINE('',#4770,#4771);
#4770 = CARTESIAN_POINT('',(91.05,1.2,0.5));
#4771 = VECTOR('',#4772,1.);
#4772 = DIRECTION('',(0.,0.,1.));
#4773 = ORIENTED_EDGE('',*,*,#4774,.F.);
#4774 = EDGE_CURVE('',#4751,#4767,#4775,.T.);
#4775 = LINE('',#4776,#4777);
#4776 = CARTESIAN_POINT('',(90.,1.2,3.9));
#4777 = VECTOR('',#4778,1.);
#4778 = DIRECTION('',(1.,0.,-0.));
#4779 = FACE_BOUND('',#4780,.T.);
#4780 = EDGE_LOOP('',(#4781,#4791,#4799,#4807));
#4781 = ORIENTED_EDGE('',*,*,#4782,.F.);
#4782 = EDGE_CURVE('',#4783,#4785,#4787,.T.);
#4783 = VERTEX_POINT('',#4784);
#4784 = CARTESIAN_POINT('',(91.72,1.2,0.5));
#4785 = VERTEX_POINT('',#4786);
#4786 = CARTESIAN_POINT('',(91.72,1.2,3.9));
#4787 = LINE('',#4788,#4789);
#4788 = CARTESIAN_POINT('',(91.72,1.2,0.5));
#4789 = VECTOR('',#4790,1.);
#4790 = DIRECTION('',(0.,0.,1.));
#4791 = ORIENTED_EDGE('',*,*,#4792,.T.);
#4792 = EDGE_CURVE('',#4783,#4793,#4795,.T.);
#4793 = VERTEX_POINT('',#4794);
#4794 = CARTESIAN_POINT('',(92.77,1.2,0.5));
#4795 = LINE('',#4796,#4797);
#4796 = CARTESIAN_POINT('',(91.72,1.2,0.5));
#4797 = VECTOR('',#4798,1.);
#4798 = DIRECTION('',(1.,0.,-0.));
#4799 = ORIENTED_EDGE('',*,*,#4800,.T.);
#4800 = EDGE_CURVE('',#4793,#4801,#4803,.T.);
#4801 = VERTEX_POINT('',#4802);
#4802 = CARTESIAN_POINT('',(92.77,1.2,3.9));
#4803 = LINE('',#4804,#4805);
#4804 = CARTESIAN_POINT('',(92.77,1.2,0.5));
#4805 = VECTOR('',#4806,1.);
#4806 = DIRECTION('',(0.,0.,1.));
#4807 = ORIENTED_EDGE('',*,*,#4808,.F.);
#4808 = EDGE_CURVE('',#4785,#4801,#4809,.T.);
#4809 = LINE('',#4810,#4811);
#4810 = CARTESIAN_POINT('',(91.72,1.2,3.9));
#4811 = VECTOR('',#4812,1.);
#4812 = DIRECTION('',(1.,0.,-0.));
#4813 = FACE_BOUND('',#4814,.T.);
#4814 = EDGE_LOOP('',(#4815,#4825,#4833,#4841));
#4815 = ORIENTED_EDGE('',*,*,#4816,.F.);
#4816 = EDGE_CURVE('',#4817,#4819,#4821,.T.);
#4817 = VERTEX_POINT('',#4818);
#4818 = CARTESIAN_POINT('',(93.44,1.2,0.5));
#4819 = VERTEX_POINT('',#4820);
#4820 = CARTESIAN_POINT('',(93.44,1.2,3.9));
#4821 = LINE('',#4822,#4823);
#4822 = CARTESIAN_POINT('',(93.44,1.2,0.5));
#4823 = VECTOR('',#4824,1.);
#4824 = DIRECTION('',(0.,0.,1.));
#4825 = ORIENTED_EDGE('',*,*,#4826,.T.);
#4826 = EDGE_CURVE('',#4817,#4827,#4829,.T.);
#4827 = VERTEX_POINT('',#4828);
#4828 = CARTESIAN_POINT('',(94.49,1.2,0.5));
#4829 = LINE('',#4830,#4831);
#4830 = CARTESIAN_POINT('',(93.44,1.2,0.5));
#4831 = VECTOR('',#4832,1.);
#4832 = DIRECTION('',(1.,0.,-0.));
#4833 = ORIENTED_EDGE('',*,*,#4834,.T.);
#4834 = EDGE_CURVE('',#4827,#4835,#4837,.T.);
#4835 = VERTEX_POINT('',#4836);
#4836 = CARTESIAN_POINT('',(94.49,1.2,3.9));
#4837 = LINE('',#4838,#4839);
#4838 = CARTESIAN_POINT('',(94.49,1.2,0.5));
#4839 = VECTOR('',#4840,1.);
#4840 = DIRECTION('',(0.,0.,1.));
#4841 = ORIENTED_EDGE('',*,*,#4842,.F.);
#4842 = EDGE_CURVE('',#4819,#4835,#4843,.T.);
#4843 = LINE('',#4844,#4845);
#4844 = CARTESIAN_POINT('',(93.44,1.2,3.9));
#4845 = VECTOR('',#4846,1.);
#4846 = DIRECTION('',(1.,0.,-0.));
#4847 = FACE_BOUND('',#4848,.T.);
#4848 = EDGE_LOOP('',(#4849,#4859,#4867,#4875));
#4849 = ORIENTED_EDGE('',*,*,#4850,.F.);
#4850 = EDGE_CURVE('',#4851,#4853,#4855,.T.);
#4851 = VERTEX_POINT('',#4852);
#4852 = CARTESIAN_POINT('',(95.16,1.2,0.5));
#4853 = VERTEX_POINT('',#4854);
#4854 = CARTESIAN_POINT('',(95.16,1.2,3.9));
#4855 = LINE('',#4856,#4857);
#4856 = CARTESIAN_POINT('',(95.16,1.2,0.5));
#4857 = VECTOR('',#4858,1.);
#4858 = DIRECTION('',(0.,0.,1.));
#4859 = ORIENTED_EDGE('',*,*,#4860,.T.);
#4860 = EDGE_CURVE('',#4851,#4861,#4863,.T.);
#4861 = VERTEX_POINT('',#4862);
#4862 = CARTESIAN_POINT('',(96.21,1.2,0.5));
#4863 = LINE('',#4864,#4865);
#4864 = CARTESIAN_POINT('',(95.16,1.2,0.5));
#4865 = VECTOR('',#4866,1.);
#4866 = DIRECTION('',(1.,0.,-0.));
#4867 = ORIENTED_EDGE('',*,*,#4868,.T.);
#4868 = EDGE_CURVE('',#4861,#4869,#4871,.T.);
#4869 = VERTEX_POINT('',#4870);
#4870 = CARTESIAN_POINT('',(96.21,1.2,3.9));
#4871 = LINE('',#4872,#4873);
#4872 = CARTESIAN_POINT('',(96.21,1.2,0.5));
#4873 = VECTOR('',#4874,1.);
#4874 = DIRECTION('',(0.,0.,1.));
#4875 = ORIENTED_EDGE('',*,*,#4876,.F.);
#4876 = EDGE_CURVE('',#4853,#4869,#4877,.T.);
#4877 = LINE('',#4878,#4879);
#4878 = CARTESIAN_POINT('',(95.16,1.2,3.9));
#4879 = VECTOR('',#4880,1.);
#4880 = DIRECTION('',(1.,0.,-0.));
#4881 = FACE_BOUND('',#4882,.T.);
#4882 = EDGE_LOOP('',(#4883,#4893,#4901,#4909));
#4883 = ORIENTED_EDGE('',*,*,#4884,.F.);
#4884 = EDGE_CURVE('',#4885,#4887,#4889,.T.);
#4885 = VERTEX_POINT('',#4886);
#4886 = CARTESIAN_POINT('',(96.88,1.2,0.5));
#4887 = VERTEX_POINT('',#4888);
#4888 = CARTESIAN_POINT('',(96.88,1.2,3.9));
#4889 = LINE('',#4890,#4891);
#4890 = CARTESIAN_POINT('',(96.88,1.2,0.5));
#4891 = VECTOR('',#4892,1.);
#4892 = DIRECTION('',(0.,0.,1.));
#4893 = ORIENTED_EDGE('',*,*,#4894,.T.);
#4894 = EDGE_CURVE('',#4885,#4895,#4897,.T.);
#4895 = VERTEX_POINT('',#4896);
#4896 = CARTESIAN_POINT('',(97.93,1.2,0.5));
#4897 = LINE('',#4898,#4899);
#4898 = CARTESIAN_POINT('',(96.88,1.2,0.5));
#4899 = VECTOR('',#4900,1.);
#4900 = DIRECTION('',(1.,0.,-0.));
#4901 = ORIENTED_EDGE('',*,*,#4902,.T.);
#4902 = EDGE_CURVE('',#4895,#4903,#4905,.T.);
#4903 = VERTEX_POINT('',#4904);
#4904 = CARTESIAN_POINT('',(97.93,1.2,3.9));
#4905 = LINE('',#4906,#4907);
#4906 = CARTESIAN_POINT('',(97.93,1.2,0.5));
#4907 = VECTOR('',#4908,1.);
#4908 = DIRECTION('',(0.,0.,1.));
#4909 = ORIENTED_EDGE('',*,*,#4910,.F.);
#4910 = EDGE_CURVE('',#4887,#4903,#4911,.T.);
#4911 = LINE('',#4912,#4913);
#4912 = CARTESIAN_POINT('',(96.88,1.2,3.9));
#4913 = VECTOR('',#4914,1.);
#4914 = DIRECTION('',(1.,0.,-0.));
#4915 = FACE_BOUND('',#4916,.T.);
#4916 = EDGE_LOOP('',(#4917,#4927,#4935,#4943));
#4917 = ORIENTED_EDGE('',*,*,#4918,.F.);
#4918 = EDGE_CURVE('',#4919,#4921,#4923,.T.);
#4919 = VERTEX_POINT('',#4920);
#4920 = CARTESIAN_POINT('',(98.6,1.2,0.5));
#4921 = VERTEX_POINT('',#4922);
#4922 = CARTESIAN_POINT('',(98.6,1.2,3.9));
#4923 = LINE('',#4924,#4925);
#4924 = CARTESIAN_POINT('',(98.6,1.2,0.5));
#4925 = VECTOR('',#4926,1.);
#4926 = DIRECTION('',(0.,0.,1.));
#4927 = ORIENTED_EDGE('',*,*,#4928,.T.);
#4928 = EDGE_CURVE('',#4919,#4929,#4931,.T.);
#4929 = VERTEX_POINT('',#4930);
#4930 = CARTESIAN_POINT('',(99.65,1.2,0.5));
#4931 = LINE('',#4932,#4933);
#4932 = CARTESIAN_POINT('',(98.6,1.2,0.5));
#4933 = VECTOR('',#4934,1.);
#4934 = DIRECTION('',(1.,0.,-0.));
#4935 = ORIENTED_EDGE('',*,*,#4936,.T.);
#4936 = EDGE_CURVE('',#4929,#4937,#4939,.T.);
#4937 = VERTEX_POINT('',#4938);
#4938 = CARTESIAN_POINT('',(99.65,1.2,3.9));
#4939 = LINE('',#4940,#4941);
#4940 = CARTESIAN_POINT('',(99.65,1.2,0.5));
#4941 = VECTOR('',#4942,1.);
#4942 = DIRECTION('',(0.,0.,1.));
#4943 = ORIENTED_EDGE('',*,*,#4944,.F.);
#4944 = EDGE_CURVE('',#4921,#4937,#4945,.T.);
#4945 = LINE('',#4946,#4947);
#4946 = CARTESIAN_POINT('',(98.6,1.2,3.9));
#4947 = VECTOR('',#4948,1.);
#4948 = DIRECTION('',(1.,0.,-0.));
#4949 = FACE_BOUND('',#4950,.T.);
#4950 = EDGE_LOOP('',(#4951,#4961,#4969,#4977));
#4951 = ORIENTED_EDGE('',*,*,#4952,.F.);
#4952 = EDGE_CURVE('',#4953,#4955,#4957,.T.);
#4953 = VERTEX_POINT('',#4954);
#4954 = CARTESIAN_POINT('',(100.32,1.2,0.5));
#4955 = VERTEX_POINT('',#4956);
#4956 = CARTESIAN_POINT('',(100.32,1.2,3.9));
#4957 = LINE('',#4958,#4959);
#4958 = CARTESIAN_POINT('',(100.32,1.2,0.5));
#4959 = VECTOR('',#4960,1.);
#4960 = DIRECTION('',(0.,0.,1.));
#4961 = ORIENTED_EDGE('',*,*,#4962,.T.);
#4962 = EDGE_CURVE('',#4953,#4963,#4965,.T.);
#4963 = VERTEX_POINT('',#4964);
#4964 = CARTESIAN_POINT('',(101.37,1.2,0.5));
#4965 = LINE('',#4966,#4967);
#4966 = CARTESIAN_POINT('',(100.32,1.2,0.5));
#4967 = VECTOR('',#4968,1.);
#4968 = DIRECTION('',(1.,0.,-0.));
#4969 = ORIENTED_EDGE('',*,*,#4970,.T.);
#4970 = EDGE_CURVE('',#4963,#4971,#4973,.T.);
#4971 = VERTEX_POINT('',#4972);
#4972 = CARTESIAN_POINT('',(101.37,1.2,3.9));
#4973 = LINE('',#4974,#4975);
#4974 = CARTESIAN_POINT('',(101.37,1.2,0.5));
#4975 = VECTOR('',#4976,1.);
#4976 = DIRECTION('',(0.,0.,1.));
#4977 = ORIENTED_EDGE('',*,*,#4978,.F.);
#4978 = EDGE_CURVE('',#4955,#4971,#4979,.T.);
#4979 = LINE('',#4980,#4981);
#4980 = CARTESIAN_POINT('',(100.32,1.2,3.9));
#4981 = VECTOR('',#4982,1.);
#4982 = DIRECTION('',(1.,0.,-0.));
#4983 = FACE_BOUND('',#4984,.T.);
#4984 = EDGE_LOOP('',(#4985,#4995,#5003,#5011));
#4985 = ORIENTED_EDGE('',*,*,#4986,.F.);
#4986 = EDGE_CURVE('',#4987,#4989,#4991,.T.);
#4987 = VERTEX_POINT('',#4988);
#4988 = CARTESIAN_POINT('',(102.04,1.2,0.5));
#4989 = VERTEX_POINT('',#4990);
#4990 = CARTESIAN_POINT('',(102.04,1.2,3.9));
#4991 = LINE('',#4992,#4993);
#4992 = CARTESIAN_POINT('',(102.04,1.2,0.5));
#4993 = VECTOR('',#4994,1.);
#4994 = DIRECTION('',(0.,0.,1.));
#4995 = ORIENTED_EDGE('',*,*,#4996,.T.);
#4996 = EDGE_CURVE('',#4987,#4997,#4999,.T.);
#4997 = VERTEX_POINT('',#4998);
#4998 = CARTESIAN_POINT('',(103.09,1.2,0.5));
#4999 = LINE('',#5000,#5001);
#5000 = CARTESIAN_POINT('',(102.04,1.2,0.5));
#5001 = VECTOR('',#5002,1.);
#5002 = DIRECTION('',(1.,0.,-0.));
#5003 = ORIENTED_EDGE('',*,*,#5004,.T.);
#5004 = EDGE_CURVE('',#4997,#5005,#5007,.T.);
#5005 = VERTEX_POINT('',#5006);
#5006 = CARTESIAN_POINT('',(103.09,1.2,3.9));
#5007 = LINE('',#5008,#5009);
#5008 = CARTESIAN_POINT('',(103.09,1.2,0.5));
#5009 = VECTOR('',#5010,1.);
#5010 = DIRECTION('',(0.,0.,1.));
#5011 = ORIENTED_EDGE('',*,*,#5012,.F.);
#5012 = EDGE_CURVE('',#4989,#5005,#5013,.T.);
#5013 = LINE('',#5014,#5015);
#5014 = CARTESIAN_POINT('',(102.04,1.2,3.9));
#5015 = VECTOR('',#5016,1.);
#5016 = DIRECTION('',(1.,0.,-0.));
#5017 = FACE_BOUND('',#5018,.T.);
#5018 = EDGE_LOOP('',(#5019,#5029,#5037,#5045));
#5019 = ORIENTED_EDGE('',*,*,#5020,.F.);
#5020 = EDGE_CURVE('',#5021,#5023,#5025,.T.);
#5021 = VERTEX_POINT('',#5022);
#5022 = CARTESIAN_POINT('',(103.76,1.2,0.5));
#5023 = VERTEX_POINT('',#5024);
#5024 = CARTESIAN_POINT('',(103.76,1.2,3.9));
#5025 = LINE('',#5026,#5027);
#5026 = CARTESIAN_POINT('',(103.76,1.2,0.5));
#5027 = VECTOR('',#5028,1.);
#5028 = DIRECTION('',(0.,0.,1.));
#5029 = ORIENTED_EDGE('',*,*,#5030,.T.);
#5030 = EDGE_CURVE('',#5021,#5031,#5033,.T.);
#5031 = VERTEX_POINT('',#5032);
#5032 = CARTESIAN_POINT('',(104.81,1.2,0.5));
#5033 = LINE('',#5034,#5035);
#5034 = CARTESIAN_POINT('',(103.76,1.2,0.5));
#5035 = VECTOR('',#5036,1.);
#5036 = DIRECTION('',(1.,0.,-0.));
#5037 = ORIENTED_EDGE('',*,*,#5038,.T.);
#5038 = EDGE_CURVE('',#5031,#5039,#5041,.T.);
#5039 = VERTEX_POINT('',#5040);
#5040 = CARTESIAN_POINT('',(104.81,1.2,3.9));
#5041 = LINE('',#5042,#5043);
#5042 = CARTESIAN_POINT('',(104.81,1.2,0.5));
#5043 = VECTOR('',#5044,1.);
#5044 = DIRECTION('',(0.,0.,1.));
#5045 = ORIENTED_EDGE('',*,*,#5046,.F.);
#5046 = EDGE_CURVE('',#5023,#5039,#5047,.T.);
#5047 = LINE('',#5048,#5049);
#5048 = CARTESIAN_POINT('',(103.76,1.2,3.9));
#5049 = VECTOR('',#5050,1.);
#5050 = DIRECTION('',(1.,0.,-0.));
#5051 = FACE_BOUND('',#5052,.T.);
#5052 = EDGE_LOOP('',(#5053,#5063,#5071,#5079));
#5053 = ORIENTED_EDGE('',*,*,#5054,.F.);
#5054 = EDGE_CURVE('',#5055,#5057,#5059,.T.);
#5055 = VERTEX_POINT('',#5056);
#5056 = CARTESIAN_POINT('',(105.48,1.2,0.5));
#5057 = VERTEX_POINT('',#5058);
#5058 = CARTESIAN_POINT('',(105.48,1.2,3.9));
#5059 = LINE('',#5060,#5061);
#5060 = CARTESIAN_POINT('',(105.48,1.2,0.5));
#5061 = VECTOR('',#5062,1.);
#5062 = DIRECTION('',(0.,0.,1.));
#5063 = ORIENTED_EDGE('',*,*,#5064,.T.);
#5064 = EDGE_CURVE('',#5055,#5065,#5067,.T.);
#5065 = VERTEX_POINT('',#5066);
#5066 = CARTESIAN_POINT('',(106.53,1.2,0.5));
#5067 = LINE('',#5068,#5069);
#5068 = CARTESIAN_POINT('',(105.48,1.2,0.5));
#5069 = VECTOR('',#5070,1.);
#5070 = DIRECTION('',(1.,0.,-0.));
#5071 = ORIENTED_EDGE('',*,*,#5072,.T.);
#5072 = EDGE_CURVE('',#5065,#5073,#5075,.T.);
#5073 = VERTEX_POINT('',#5074);
#5074 = CARTESIAN_POINT('',(106.53,1.2,3.9));
#5075 = LINE('',#5076,#5077);
#5076 = CARTESIAN_POINT('',(106.53,1.2,0.5));
#5077 = VECTOR('',#5078,1.);
#5078 = DIRECTION('',(0.,0.,1.));
#5079 = ORIENTED_EDGE('',*,*,#5080,.F.);
#5080 = EDGE_CURVE('',#5057,#5073,#5081,.T.);
#5081 = LINE('',#5082,#5083);
#5082 = CARTESIAN_POINT('',(105.48,1.2,3.9));
#5083 = VECTOR('',#5084,1.);
#5084 = DIRECTION('',(1.,0.,-0.));
#5085 = FACE_BOUND('',#5086,.T.);
#5086 = EDGE_LOOP('',(#5087,#5097,#5105,#5113));
#5087 = ORIENTED_EDGE('',*,*,#5088,.F.);
#5088 = EDGE_CURVE('',#5089,#5091,#5093,.T.);
#5089 = VERTEX_POINT('',#5090);
#5090 = CARTESIAN_POINT('',(107.2,1.2,0.5));
#5091 = VERTEX_POINT('',#5092);
#5092 = CARTESIAN_POINT('',(107.2,1.2,3.9));
#5093 = LINE('',#5094,#5095);
#5094 = CARTESIAN_POINT('',(107.2,1.2,0.5));
#5095 = VECTOR('',#5096,1.);
#5096 = DIRECTION('',(0.,0.,1.));
#5097 = ORIENTED_EDGE('',*,*,#5098,.T.);
#5098 = EDGE_CURVE('',#5089,#5099,#5101,.T.);
#5099 = VERTEX_POINT('',#5100);
#5100 = CARTESIAN_POINT('',(108.25,1.2,0.5));
#5101 = LINE('',#5102,#5103);
#5102 = CARTESIAN_POINT('',(107.2,1.2,0.5));
#5103 = VECTOR('',#5104,1.);
#5104 = DIRECTION('',(1.,0.,-0.));
#5105 = ORIENTED_EDGE('',*,*,#5106,.T.);
#5106 = EDGE_CURVE('',#5099,#5107,#5109,.T.);
#5107 = VERTEX_POINT('',#5108);
#5108 = CARTESIAN_POINT('',(108.25,1.2,3.9));
#5109 = LINE('',#5110,#5111);
#5110 = CARTESIAN_POINT('',(108.25,1.2,0.5));
#5111 = VECTOR('',#5112,1.);
#5112 = DIRECTION('',(0.,0.,1.));
#5113 = ORIENTED_EDGE('',*,*,#5114,.F.);
#5114 = EDGE_CURVE('',#5091,#5107,#5115,.T.);
#5115 = LINE('',#5116,#5117);
#5116 = CARTESIAN_POINT('',(107.2,1.2,3.9));
#5117 = VECTOR('',#5118,1.);
#5118 = DIRECTION('',(1.,0.,-0.));
#5119 = FACE_BOUND('',#5120,.T.);
#5120 = EDGE_LOOP('',(#5121,#5131,#5139,#5147));
#5121 = ORIENTED_EDGE('',*,*,#5122,.F.);
#5122 = EDGE_CURVE('',#5123,#5125,#5127,.T.);
#5123 = VERTEX_POINT('',#5124);
#5124 = CARTESIAN_POINT('',(108.92,1.2,0.5));
#5125 = VERTEX_POINT('',#5126);
#5126 = CARTESIAN_POINT('',(108.92,1.2,3.9));
#5127 = LINE('',#5128,#5129);
#5128 = CARTESIAN_POINT('',(108.92,1.2,0.5));
#5129 = VECTOR('',#5130,1.);
#5130 = DIRECTION('',(0.,0.,1.));
#5131 = ORIENTED_EDGE('',*,*,#5132,.T.);
#5132 = EDGE_CURVE('',#5123,#5133,#5135,.T.);
#5133 = VERTEX_POINT('',#5134);
#5134 = CARTESIAN_POINT('',(109.97,1.2,0.5));
#5135 = LINE('',#5136,#5137);
#5136 = CARTESIAN_POINT('',(108.92,1.2,0.5));
#5137 = VECTOR('',#5138,1.);
#5138 = DIRECTION('',(1.,0.,-0.));
#5139 = ORIENTED_EDGE('',*,*,#5140,.T.);
#5140 = EDGE_CURVE('',#5133,#5141,#5143,.T.);
#5141 = VERTEX_POINT('',#5142);
#5142 = CARTESIAN_POINT('',(109.97,1.2,3.9));
#5143 = LINE('',#5144,#5145);
#5144 = CARTESIAN_POINT('',(109.97,1.2,0.5));
#5145 = VECTOR('',#5146,1.);
#5146 = DIRECTION('',(0.,0.,1.));
#5147 = ORIENTED_EDGE('',*,*,#5148,.F.);
#5148 = EDGE_CURVE('',#5125,#5141,#5149,.T.);
#5149 = LINE('',#5150,#5151);
#5150 = CARTESIAN_POINT('',(108.92,1.2,3.9));
#5151 = VECTOR('',#5152,1.);
#5152 = DIRECTION('',(1.,0.,-0.));
#5153 = FACE_BOUND('',#5154,.T.);
#5154 = EDGE_LOOP('',(#5155,#5165,#5173,#5181));
#5155 = ORIENTED_EDGE('',*,*,#5156,.F.);
#5156 = EDGE_CURVE('',#5157,#5159,#5161,.T.);
#5157 = VERTEX_POINT('',#5158);
#5158 = CARTESIAN_POINT('',(110.64,1.2,0.5));
#5159 = VERTEX_POINT('',#5160);
#5160 = CARTESIAN_POINT('',(110.64,1.2,3.9));
#5161 = LINE('',#5162,#5163);
#5162 = CARTESIAN_POINT('',(110.64,1.2,0.5));
#5163 = VECTOR('',#5164,1.);
#5164 = DIRECTION('',(0.,0.,1.));
#5165 = ORIENTED_EDGE('',*,*,#5166,.T.);
#5166 = EDGE_CURVE('',#5157,#5167,#5169,.T.);
#5167 = VERTEX_POINT('',#5168);
#5168 = CARTESIAN_POINT('',(111.69,1.2,0.5));
#5169 = LINE('',#5170,#5171);
#5170 = CARTESIAN_POINT('',(110.64,1.2,0.5));
#5171 = VECTOR('',#5172,1.);
#5172 = DIRECTION('',(1.,0.,-0.));
#5173 = ORIENTED_EDGE('',*,*,#5174,.T.);
#5174 = EDGE_CURVE('',#5167,#5175,#5177,.T.);
#5175 = VERTEX_POINT('',#5176);
#5176 = CARTESIAN_POINT('',(111.69,1.2,3.9));
#5177 = LINE('',#5178,#5179);
#5178 = CARTESIAN_POINT('',(111.69,1.2,0.5));
#5179 = VECTOR('',#5180,1.);
#5180 = DIRECTION('',(0.,0.,1.));
#5181 = ORIENTED_EDGE('',*,*,#5182,.F.);
#5182 = EDGE_CURVE('',#5159,#5175,#5183,.T.);
#5183 = LINE('',#5184,#5185);
#5184 = CARTESIAN_POINT('',(110.64,1.2,3.9));
#5185 = VECTOR('',#5186,1.);
#5186 = DIRECTION('',(1.,0.,-0.));
#5187 = FACE_BOUND('',#5188,.T.);
#5188 = EDGE_LOOP('',(#5189,#5199,#5207,#5215));
#5189 = ORIENTED_EDGE('',*,*,#5190,.F.);
#5190 = EDGE_CURVE('',#5191,#5193,#5195,.T.);
#5191 = VERTEX_POINT('',#5192);
#5192 = CARTESIAN_POINT('',(112.36,1.2,0.5));
#5193 = VERTEX_POINT('',#5194);
#5194 = CARTESIAN_POINT('',(112.36,1.2,3.9));
#5195 = LINE('',#5196,#5197);
#5196 = CARTESIAN_POINT('',(112.36,1.2,0.5));
#5197 = VECTOR('',#5198,1.);
#5198 = DIRECTION('',(0.,0.,1.));
#5199 = ORIENTED_EDGE('',*,*,#5200,.T.);
#5200 = EDGE_CURVE('',#5191,#5201,#5203,.T.);
#5201 = VERTEX_POINT('',#5202);
#5202 = CARTESIAN_POINT('',(113.41,1.2,0.5));
#5203 = LINE('',#5204,#5205);
#5204 = CARTESIAN_POINT('',(112.36,1.2,0.5));
#5205 = VECTOR('',#5206,1.);
#5206 = DIRECTION('',(1.,0.,-0.));
#5207 = ORIENTED_EDGE('',*,*,#5208,.T.);
#5208 = EDGE_CURVE('',#5201,#5209,#5211,.T.);
#5209 = VERTEX_POINT('',#5210);
#5210 = CARTESIAN_POINT('',(113.41,1.2,3.9));
#5211 = LINE('',#5212,#5213);
#5212 = CARTESIAN_POINT('',(113.41,1.2,0.5));
#5213 = VECTOR('',#5214,1.);
#5214 = DIRECTION('',(0.,0.,1.));
#5215 = ORIENTED_EDGE('',*,*,#5216,.F.);
#5216 = EDGE_CURVE('',#5193,#5209,#5217,.T.);
#5217 = LINE('',#5218,#5219);
#5218 = CARTESIAN_POINT('',(112.36,1.2,3.9));
#5219 = VECTOR('',#5220,1.);
#5220 = DIRECTION('',(1.,0.,-0.));
#5221 = FACE_BOUND('',#5222,.T.);
#5222 = EDGE_LOOP('',(#5223,#5233,#5241,#5249));
#5223 = ORIENTED_EDGE('',*,*,#5224,.F.);
#5224 = EDGE_CURVE('',#5225,#5227,#5229,.T.);
#5225 = VERTEX_POINT('',#5226);
#5226 = CARTESIAN_POINT('',(114.08,1.2,0.5));
#5227 = VERTEX_POINT('',#5228);
#5228 = CARTESIAN_POINT('',(114.08,1.2,3.9));
#5229 = LINE('',#5230,#5231);
#5230 = CARTESIAN_POINT('',(114.08,1.2,0.5));
#5231 = VECTOR('',#5232,1.);
#5232 = DIRECTION('',(0.,0.,1.));
#5233 = ORIENTED_EDGE('',*,*,#5234,.T.);
#5234 = EDGE_CURVE('',#5225,#5235,#5237,.T.);
#5235 = VERTEX_POINT('',#5236);
#5236 = CARTESIAN_POINT('',(115.13,1.2,0.5));
#5237 = LINE('',#5238,#5239);
#5238 = CARTESIAN_POINT('',(114.08,1.2,0.5));
#5239 = VECTOR('',#5240,1.);
#5240 = DIRECTION('',(1.,0.,-0.));
#5241 = ORIENTED_EDGE('',*,*,#5242,.T.);
#5242 = EDGE_CURVE('',#5235,#5243,#5245,.T.);
#5243 = VERTEX_POINT('',#5244);
#5244 = CARTESIAN_POINT('',(115.13,1.2,3.9));
#5245 = LINE('',#5246,#5247);
#5246 = CARTESIAN_POINT('',(115.13,1.2,0.5));
#5247 = VECTOR('',#5248,1.);
#5248 = DIRECTION('',(0.,0.,1.));
#5249 = ORIENTED_EDGE('',*,*,#5250,.F.);
#5250 = EDGE_CURVE('',#5227,#5243,#5251,.T.);
#5251 = LINE('',#5252,#5253);
#5252 = CARTESIAN_POINT('',(114.08,1.2,3.9));
#5253 = VECTOR('',#5254,1.);
#5254 = DIRECTION('',(1.,0.,-0.));
#5255 = FACE_BOUND('',#5256,.T.);
#5256 = EDGE_LOOP('',(#5257,#5267,#5275,#5283));
#5257 = ORIENTED_EDGE('',*,*,#5258,.F.);
#5258 = EDGE_CURVE('',#5259,#5261,#5263,.T.);
#5259 = VERTEX_POINT('',#5260);
#5260 = CARTESIAN_POINT('',(115.8,1.2,0.5));
#5261 = VERTEX_POINT('',#5262);
#5262 = CARTESIAN_POINT('',(115.8,1.2,3.9));
#5263 = LINE('',#5264,#5265);
#5264 = CARTESIAN_POINT('',(115.8,1.2,0.5));
#5265 = VECTOR('',#5266,1.);
#5266 = DIRECTION('',(0.,0.,1.));
#5267 = ORIENTED_EDGE('',*,*,#5268,.T.);
#5268 = EDGE_CURVE('',#5259,#5269,#5271,.T.);
#5269 = VERTEX_POINT('',#5270);
#5270 = CARTESIAN_POINT('',(116.85,1.2,0.5));
#5271 = LINE('',#5272,#5273);
#5272 = CARTESIAN_POINT('',(115.8,1.2,0.5));
#5273 = VECTOR('',#5274,1.);
#5274 = DIRECTION('',(1.,0.,-0.));
#5275 = ORIENTED_EDGE('',*,*,#5276,.T.);
#5276 = EDGE_CURVE('',#5269,#5277,#5279,.T.);
#5277 = VERTEX_POINT('',#5278);
#5278 = CARTESIAN_POINT('',(116.85,1.2,3.9));
#5279 = LINE('',#5280,#5281);
#5280 = CARTESIAN_POINT('',(116.85,1.2,0.5));
#5281 = VECTOR('',#5282,1.);
#5282 = DIRECTION('',(0.,0.,1.));
#5283 = ORIENTED_EDGE('',*,*,#5284,.F.);
#5284 = EDGE_CURVE('',#5261,#5277,#5285,.T.);
#5285 = LINE('',#5286,#5287);
#5286 = CARTESIAN_POINT('',(115.8,1.2,3.9));
#5287 = VECTOR('',#5288,1.);
#5288 = DIRECTION('',(1.,0.,-0.));
#5289 = FACE_BOUND('',#5290,.T.);
#5290 = EDGE_LOOP('',(#5291,#5301,#5309,#5317));
#5291 = ORIENTED_EDGE('',*,*,#5292,.F.);
#5292 = EDGE_CURVE('',#5293,#5295,#5297,.T.);
#5293 = VERTEX_POINT('',#5294);
#5294 = CARTESIAN_POINT('',(117.52,1.2,0.5));
#5295 = VERTEX_POINT('',#5296);
#5296 = CARTESIAN_POINT('',(117.52,1.2,3.9));
#5297 = LINE('',#5298,#5299);
#5298 = CARTESIAN_POINT('',(117.52,1.2,0.5));
#5299 = VECTOR('',#5300,1.);
#5300 = DIRECTION('',(0.,0.,1.));
#5301 = ORIENTED_EDGE('',*,*,#5302,.T.);
#5302 = EDGE_CURVE('',#5293,#5303,#5305,.T.);
#5303 = VERTEX_POINT('',#5304);
#5304 = CARTESIAN_POINT('',(118.57,1.2,0.5));
#5305 = LINE('',#5306,#5307);
#5306 = CARTESIAN_POINT('',(117.52,1.2,0.5));
#5307 = VECTOR('',#5308,1.);
#5308 = DIRECTION('',(1.,0.,-0.));
#5309 = ORIENTED_EDGE('',*,*,#5310,.T.);
#5310 = EDGE_CURVE('',#5303,#5311,#5313,.T.);
#5311 = VERTEX_POINT('',#5312);
#5312 = CARTESIAN_POINT('',(118.57,1.2,3.9));
#5313 = LINE('',#5314,#5315);
#5314 = CARTESIAN_POINT('',(118.57,1.2,0.5));
#5315 = VECTOR('',#5316,1.);
#5316 = DIRECTION('',(0.,0.,1.));
#5317 = ORIENTED_EDGE('',*,*,#5318,.F.);
#5318 = EDGE_CURVE('',#5295,#5311,#5319,.T.);
#5319 = LINE('',#5320,#5321);
#5320 = CARTESIAN_POINT('',(117.52,1.2,3.9));
#5321 = VECTOR('',#5322,1.);
#5322 = DIRECTION('',(1.,0.,-0.));
#5323 = FACE_BOUND('',#5324,.T.);
#5324 = EDGE_LOOP('',(#5325,#5335,#5343,#5351));
#5325 = ORIENTED_EDGE('',*,*,#5326,.F.);
#5326 = EDGE_CURVE('',#5327,#5329,#5331,.T.);
#5327 = VERTEX_POINT('',#5328);
#5328 = CARTESIAN_POINT('',(119.24,1.2,0.5));
#5329 = VERTEX_POINT('',#5330);
#5330 = CARTESIAN_POINT('',(119.24,1.2,3.9));
#5331 = LINE('',#5332,#5333);
#5332 = CARTESIAN_POINT('',(119.24,1.2,0.5));
#5333 = VECTOR('',#5334,1.);
#5334 = DIRECTION('',(0.,0.,1.));
#5335 = ORIENTED_EDGE('',*,*,#5336,.T.);
#5336 = EDGE_CURVE('',#5327,#5337,#5339,.T.);
#5337 = VERTEX_POINT('',#5338);
#5338 = CARTESIAN_POINT('',(120.29,1.2,0.5));
#5339 = LINE('',#5340,#5341);
#5340 = CARTESIAN_POINT('',(119.24,1.2,0.5));
#5341 = VECTOR('',#5342,1.);
#5342 = DIRECTION('',(1.,0.,-0.));
#5343 = ORIENTED_EDGE('',*,*,#5344,.T.);
#5344 = EDGE_CURVE('',#5337,#5345,#5347,.T.);
#5345 = VERTEX_POINT('',#5346);
#5346 = CARTESIAN_POINT('',(120.29,1.2,3.9));
#5347 = LINE('',#5348,#5349);
#5348 = CARTESIAN_POINT('',(120.29,1.2,0.5));
#5349 = VECTOR('',#5350,1.);
#5350 = DIRECTION('',(0.,0.,1.));
#5351 = ORIENTED_EDGE('',*,*,#5352,.F.);
#5352 = EDGE_CURVE('',#5329,#5345,#5353,.T.);
#5353 = LINE('',#5354,#5355);
#5354 = CARTESIAN_POINT('',(119.24,1.2,3.9));
#5355 = VECTOR('',#5356,1.);
#5356 = DIRECTION('',(1.,0.,-0.));
#5357 = FACE_BOUND('',#5358,.T.);
#5358 = EDGE_LOOP('',(#5359,#5369,#5377,#5385));
#5359 = ORIENTED_EDGE('',*,*,#5360,.F.);
#5360 = EDGE_CURVE('',#5361,#5363,#5365,.T.);
#5361 = VERTEX_POINT('',#5362);
#5362 = CARTESIAN_POINT('',(120.96,1.2,0.5));
#5363 = VERTEX_POINT('',#5364);
#5364 = CARTESIAN_POINT('',(120.96,1.2,3.9));
#5365 = LINE('',#5366,#5367);
#5366 = CARTESIAN_POINT('',(120.96,1.2,0.5));
#5367 = VECTOR('',#5368,1.);
#5368 = DIRECTION('',(0.,0.,1.));
#5369 = ORIENTED_EDGE('',*,*,#5370,.T.);
#5370 = EDGE_CURVE('',#5361,#5371,#5373,.T.);
#5371 = VERTEX_POINT('',#5372);
#5372 = CARTESIAN_POINT('',(122.01,1.2,0.5));
#5373 = LINE('',#5374,#5375);
#5374 = CARTESIAN_POINT('',(120.96,1.2,0.5));
#5375 = VECTOR('',#5376,1.);
#5376 = DIRECTION('',(1.,0.,-0.));
#5377 = ORIENTED_EDGE('',*,*,#5378,.T.);
#5378 = EDGE_CURVE('',#5371,#5379,#5381,.T.);
#5379 = VERTEX_POINT('',#5380);
#5380 = CARTESIAN_POINT('',(122.01,1.2,3.9));
#5381 = LINE('',#5382,#5383);
#5382 = CARTESIAN_POINT('',(122.01,1.2,0.5));
#5383 = VECTOR('',#5384,1.);
#5384 = DIRECTION('',(0.,0.,1.));
#5385 = ORIENTED_EDGE('',*,*,#5386,.F.);
#5386 = EDGE_CURVE('',#5363,#5379,#5387,.T.);
#5387 = LINE('',#5388,#5389);
#5388 = CARTESIAN_POINT('',(120.96,1.2,3.9));
#5389 = VECTOR('',#5390,1.);
#5390 = DIRECTION('',(1.,0.,-0.));
#5391 = FACE_BOUND('',#5392,.T.);
#5392 = EDGE_LOOP('',(#5393,#5403,#5411,#5419));
#5393 = ORIENTED_EDGE('',*,*,#5394,.F.);
#5394 = EDGE_CURVE('',#5395,#5397,#5399,.T.);
#5395 = VERTEX_POINT('',#5396);
#5396 = CARTESIAN_POINT('',(122.68,1.2,0.5));
#5397 = VERTEX_POINT('',#5398);
#5398 = CARTESIAN_POINT('',(122.68,1.2,3.9));
#5399 = LINE('',#5400,#5401);
#5400 = CARTESIAN_POINT('',(122.68,1.2,0.5));
#5401 = VECTOR('',#5402,1.);
#5402 = DIRECTION('',(0.,0.,1.));
#5403 = ORIENTED_EDGE('',*,*,#5404,.T.);
#5404 = EDGE_CURVE('',#5395,#5405,#5407,.T.);
#5405 = VERTEX_POINT('',#5406);
#5406 = CARTESIAN_POINT('',(123.73,1.2,0.5));
#5407 = LINE('',#5408,#5409);
#5408 = CARTESIAN_POINT('',(122.68,1.2,0.5));
#5409 = VECTOR('',#5410,1.);
#5410 = DIRECTION('',(1.,0.,-0.));
#5411 = ORIENTED_EDGE('',*,*,#5412,.T.);
#5412 = EDGE_CURVE('',#5405,#5413,#5415,.T.);
#5413 = VERTEX_POINT('',#5414);
#5414 = CARTESIAN_POINT('',(123.73,1.2,3.9));
#5415 = LINE('',#5416,#5417);
#5416 = CARTESIAN_POINT('',(123.73,1.2,0.5));
#5417 = VECTOR('',#5418,1.);
#5418 = DIRECTION('',(0.,0.,1.));
#5419 = ORIENTED_EDGE('',*,*,#5420,.F.);
#5420 = EDGE_CURVE('',#5397,#5413,#5421,.T.);
#5421 = LINE('',#5422,#5423);
#5422 = CARTESIAN_POINT('',(122.68,1.2,3.9));
#5423 = VECTOR('',#5424,1.);
#5424 = DIRECTION('',(1.,0.,-0.));
#5425 = FACE_BOUND('',#5426,.T.);
#5426 = EDGE_LOOP('',(#5427,#5437,#5445,#5453));
#5427 = ORIENTED_EDGE('',*,*,#5428,.F.);
#5428 = EDGE_CURVE('',#5429,#5431,#5433,.T.);
#5429 = VERTEX_POINT('',#5430);
#5430 = CARTESIAN_POINT('',(124.4,1.2,0.5));
#5431 = VERTEX_POINT('',#5432);
#5432 = CARTESIAN_POINT('',(124.4,1.2,3.9));
#5433 = LINE('',#5434,#5435);
#5434 = CARTESIAN_POINT('',(124.4,1.2,0.5));
#5435 = VECTOR('',#5436,1.);
#5436 = DIRECTION('',(0.,0.,1.));
#5437 = ORIENTED_EDGE('',*,*,#5438,.T.);
#5438 = EDGE_CURVE('',#5429,#5439,#5441,.T.);
#5439 = VERTEX_POINT('',#5440);
#5440 = CARTESIAN_POINT('',(125.45,1.2,0.5));
#5441 = LINE('',#5442,#5443);
#5442 = CARTESIAN_POINT('',(124.4,1.2,0.5));
#5443 = VECTOR('',#5444,1.);
#5444 = DIRECTION('',(1.,0.,-0.));
#5445 = ORIENTED_EDGE('',*,*,#5446,.T.);
#5446 = EDGE_CURVE('',#5439,#5447,#5449,.T.);
#5447 = VERTEX_POINT('',#5448);
#5448 = CARTESIAN_POINT('',(125.45,1.2,3.9));
#5449 = LINE('',#5450,#5451);
#5450 = CARTESIAN_POINT('',(125.45,1.2,0.5));
#5451 = VECTOR('',#5452,1.);
#5452 = DIRECTION('',(0.,0.,1.));
#5453 = ORIENTED_EDGE('',*,*,#5454,.F.);
#5454 = EDGE_CURVE('',#5431,#5447,#5455,.T.);
#5455 = LINE('',#5456,#5457);
#5456 = CARTESIAN_POINT('',(124.4,1.2,3.9));
#5457 = VECTOR('',#5458,1.);
#5458 = DIRECTION('',(1.,0.,-0.));
#5459 = FACE_BOUND('',#5460,.T.);
#5460 = EDGE_LOOP('',(#5461,#5471,#5479,#5487));
#5461 = ORIENTED_EDGE('',*,*,#5462,.F.);
#5462 = EDGE_CURVE('',#5463,#5465,#5467,.T.);
#5463 = VERTEX_POINT('',#5464);
#5464 = CARTESIAN_POINT('',(126.12,1.2,0.5));
#5465 = VERTEX_POINT('',#5466);
#5466 = CARTESIAN_POINT('',(126.12,1.2,3.9));
#5467 = LINE('',#5468,#5469);
#5468 = CARTESIAN_POINT('',(126.12,1.2,0.5));
#5469 = VECTOR('',#5470,1.);
#5470 = DIRECTION('',(0.,0.,1.));
#5471 = ORIENTED_EDGE('',*,*,#5472,.T.);
#5472 = EDGE_CURVE('',#5463,#5473,#5475,.T.);
#5473 = VERTEX_POINT('',#5474);
#5474 = CARTESIAN_POINT('',(127.17,1.2,0.5));
#5475 = LINE('',#5476,#5477);
#5476 = CARTESIAN_POINT('',(126.12,1.2,0.5));
#5477 = VECTOR('',#5478,1.);
#5478 = DIRECTION('',(1.,0.,-0.));
#5479 = ORIENTED_EDGE('',*,*,#5480,.T.);
#5480 = EDGE_CURVE('',#5473,#5481,#5483,.T.);
#5481 = VERTEX_POINT('',#5482);
#5482 = CARTESIAN_POINT('',(127.17,1.2,3.9));
#5483 = LINE('',#5484,#5485);
#5484 = CARTESIAN_POINT('',(127.17,1.2,0.5));
#5485 = VECTOR('',#5486,1.);
#5486 = DIRECTION('',(0.,0.,1.));
#5487 = ORIENTED_EDGE('',*,*,#5488,.F.);
#5488 = EDGE_CURVE('',#5465,#5481,#5489,.T.);
#5489 = LINE('',#5490,#5491);
#5490 = CARTESIAN_POINT('',(126.12,1.2,3.9));
#5491 = VECTOR('',#5492,1.);
#5492 = DIRECTION('',(1.,0.,-0.));
#5493 = FACE_BOUND('',#5494,.T.);
#5494 = EDGE_LOOP('',(#5495,#5505,#5513,#5521));
#5495 = ORIENTED_EDGE('',*,*,#5496,.F.);
#5496 = EDGE_CURVE('',#5497,#5499,#5501,.T.);
#5497 = VERTEX_POINT('',#5498);
#5498 = CARTESIAN_POINT('',(106.68,1.2,6.));
#5499 = VERTEX_POINT('',#5500);
#5500 = CARTESIAN_POINT('',(106.68,1.2,9.2));
#5501 = LINE('',#5502,#5503);
#5502 = CARTESIAN_POINT('',(106.68,1.2,6.));
#5503 = VECTOR('',#5504,1.);
#5504 = DIRECTION('',(0.,0.,1.));
#5505 = ORIENTED_EDGE('',*,*,#5506,.T.);
#5506 = EDGE_CURVE('',#5497,#5507,#5509,.T.);
#5507 = VERTEX_POINT('',#5508);
#5508 = CARTESIAN_POINT('',(109.88,1.2,6.));
#5509 = LINE('',#5510,#5511);
#5510 = CARTESIAN_POINT('',(106.68,1.2,6.));
#5511 = VECTOR('',#5512,1.);
#5512 = DIRECTION('',(1.,0.,-0.));
#5513 = ORIENTED_EDGE('',*,*,#5514,.T.);
#5514 = EDGE_CURVE('',#5507,#5515,#5517,.T.);
#5515 = VERTEX_POINT('',#5516);
#5516 = CARTESIAN_POINT('',(109.88,1.2,9.2));
#5517 = LINE('',#5518,#5519);
#5518 = CARTESIAN_POINT('',(109.88,1.2,6.));
#5519 = VECTOR('',#5520,1.);
#5520 = DIRECTION('',(0.,0.,1.));
#5521 = ORIENTED_EDGE('',*,*,#5522,.F.);
#5522 = EDGE_CURVE('',#5499,#5515,#5523,.T.);
#5523 = LINE('',#5524,#5525);
#5524 = CARTESIAN_POINT('',(106.68,1.2,9.2));
#5525 = VECTOR('',#5526,1.);
#5526 = DIRECTION('',(1.,0.,-0.));
#5527 = FACE_BOUND('',#5528,.T.);
#5528 = EDGE_LOOP('',(#5529,#5539,#5547,#5555));
#5529 = ORIENTED_EDGE('',*,*,#5530,.F.);
#5530 = EDGE_CURVE('',#5531,#5533,#5535,.T.);
#5531 = VERTEX_POINT('',#5532);
#5532 = CARTESIAN_POINT('',(69.5,1.2,11.));
#5533 = VERTEX_POINT('',#5534);
#5534 = CARTESIAN_POINT('',(69.5,1.2,22.5));
#5535 = LINE('',#5536,#5537);
#5536 = CARTESIAN_POINT('',(69.5,1.2,11.));
#5537 = VECTOR('',#5538,1.);
#5538 = DIRECTION('',(0.,0.,1.));
#5539 = ORIENTED_EDGE('',*,*,#5540,.T.);
#5540 = EDGE_CURVE('',#5531,#5541,#5543,.T.);
#5541 = VERTEX_POINT('',#5542);
#5542 = CARTESIAN_POINT('',(79.1,1.2,11.));
#5543 = LINE('',#5544,#5545);
#5544 = CARTESIAN_POINT('',(69.5,1.2,11.));
#5545 = VECTOR('',#5546,1.);
#5546 = DIRECTION('',(1.,0.,-0.));
#5547 = ORIENTED_EDGE('',*,*,#5548,.T.);
#5548 = EDGE_CURVE('',#5541,#5549,#5551,.T.);
#5549 = VERTEX_POINT('',#5550);
#5550 = CARTESIAN_POINT('',(79.1,1.2,22.5));
#5551 = LINE('',#5552,#5553);
#5552 = CARTESIAN_POINT('',(79.1,1.2,11.));
#5553 = VECTOR('',#5554,1.);
#5554 = DIRECTION('',(0.,0.,1.));
#5555 = ORIENTED_EDGE('',*,*,#5556,.F.);
#5556 = EDGE_CURVE('',#5533,#5549,#5557,.T.);
#5557 = LINE('',#5558,#5559);
#5558 = CARTESIAN_POINT('',(69.5,1.2,22.5));
#5559 = VECTOR('',#5560,1.);
#5560 = DIRECTION('',(1.,0.,-0.));
#5561 = FACE_BOUND('',#5562,.T.);
#5562 = EDGE_LOOP('',(#5563,#5573,#5581,#5589));
#5563 = ORIENTED_EDGE('',*,*,#5564,.F.);
#5564 = EDGE_CURVE('',#5565,#5567,#5569,.T.);
#5565 = VERTEX_POINT('',#5566);
#5566 = CARTESIAN_POINT('',(82.1,1.2,11.));
#5567 = VERTEX_POINT('',#5568);
#5568 = CARTESIAN_POINT('',(82.1,1.2,22.5));
#5569 = LINE('',#5570,#5571);
#5570 = CARTESIAN_POINT('',(82.1,1.2,11.));
#5571 = VECTOR('',#5572,1.);
#5572 = DIRECTION('',(0.,0.,1.));
#5573 = ORIENTED_EDGE('',*,*,#5574,.T.);
#5574 = EDGE_CURVE('',#5565,#5575,#5577,.T.);
#5575 = VERTEX_POINT('',#5576);
#5576 = CARTESIAN_POINT('',(91.7,1.2,11.));
#5577 = LINE('',#5578,#5579);
#5578 = CARTESIAN_POINT('',(82.1,1.2,11.));
#5579 = VECTOR('',#5580,1.);
#5580 = DIRECTION('',(1.,0.,-0.));
#5581 = ORIENTED_EDGE('',*,*,#5582,.T.);
#5582 = EDGE_CURVE('',#5575,#5583,#5585,.T.);
#5583 = VERTEX_POINT('',#5584);
#5584 = CARTESIAN_POINT('',(91.7,1.2,22.5));
#5585 = LINE('',#5586,#5587);
#5586 = CARTESIAN_POINT('',(91.7,1.2,11.));
#5587 = VECTOR('',#5588,1.);
#5588 = DIRECTION('',(0.,0.,1.));
#5589 = ORIENTED_EDGE('',*,*,#5590,.F.);
#5590 = EDGE_CURVE('',#5567,#5583,#5591,.T.);
#5591 = LINE('',#5592,#5593);
#5592 = CARTESIAN_POINT('',(82.1,1.2,22.5));
#5593 = VECTOR('',#5594,1.);
#5594 = DIRECTION('',(1.,0.,-0.));
#5595 = FACE_BOUND('',#5596,.T.);
#5596 = EDGE_LOOP('',(#5597,#5607,#5615,#5623));
#5597 = ORIENTED_EDGE('',*,*,#5598,.F.);
#5598 = EDGE_CURVE('',#5599,#5601,#5603,.T.);
#5599 = VERTEX_POINT('',#5600);
#5600 = CARTESIAN_POINT('',(94.7,1.2,11.));
#5601 = VERTEX_POINT('',#5602);
#5602 = CARTESIAN_POINT('',(94.7,1.2,22.5));
#5603 = LINE('',#5604,#5605);
#5604 = CARTESIAN_POINT('',(94.7,1.2,11.));
#5605 = VECTOR('',#5606,1.);
#5606 = DIRECTION('',(0.,0.,1.));
#5607 = ORIENTED_EDGE('',*,*,#5608,.T.);
#5608 = EDGE_CURVE('',#5599,#5609,#5611,.T.);
#5609 = VERTEX_POINT('',#5610);
#5610 = CARTESIAN_POINT('',(104.3,1.2,11.));
#5611 = LINE('',#5612,#5613);
#5612 = CARTESIAN_POINT('',(94.7,1.2,11.));
#5613 = VECTOR('',#5614,1.);
#5614 = DIRECTION('',(1.,0.,-0.));
#5615 = ORIENTED_EDGE('',*,*,#5616,.T.);
#5616 = EDGE_CURVE('',#5609,#5617,#5619,.T.);
#5617 = VERTEX_POINT('',#5618);
#5618 = CARTESIAN_POINT('',(104.3,1.2,22.5));
#5619 = LINE('',#5620,#5621);
#5620 = CARTESIAN_POINT('',(104.3,1.2,11.));
#5621 = VECTOR('',#5622,1.);
#5622 = DIRECTION('',(0.,0.,1.));
#5623 = ORIENTED_EDGE('',*,*,#5624,.F.);
#5624 = EDGE_CURVE('',#5601,#5617,#5625,.T.);
#5625 = LINE('',#5626,#5627);
#5626 = CARTESIAN_POINT('',(94.7,1.2,22.5));
#5627 = VECTOR('',#5628,1.);
#5628 = DIRECTION('',(1.,0.,-0.));
#5629 = FACE_BOUND('',#5630,.T.);
#5630 = EDGE_LOOP('',(#5631,#5641,#5649,#5657));
#5631 = ORIENTED_EDGE('',*,*,#5632,.F.);
#5632 = EDGE_CURVE('',#5633,#5635,#5637,.T.);
#5633 = VERTEX_POINT('',#5634);
#5634 = CARTESIAN_POINT('',(107.3,1.2,11.));
#5635 = VERTEX_POINT('',#5636);
#5636 = CARTESIAN_POINT('',(107.3,1.2,22.5));
#5637 = LINE('',#5638,#5639);
#5638 = CARTESIAN_POINT('',(107.3,1.2,11.));
#5639 = VECTOR('',#5640,1.);
#5640 = DIRECTION('',(0.,0.,1.));
#5641 = ORIENTED_EDGE('',*,*,#5642,.T.);
#5642 = EDGE_CURVE('',#5633,#5643,#5645,.T.);
#5643 = VERTEX_POINT('',#5644);
#5644 = CARTESIAN_POINT('',(116.9,1.2,11.));
#5645 = LINE('',#5646,#5647);
#5646 = CARTESIAN_POINT('',(107.3,1.2,11.));
#5647 = VECTOR('',#5648,1.);
#5648 = DIRECTION('',(1.,0.,-0.));
#5649 = ORIENTED_EDGE('',*,*,#5650,.T.);
#5650 = EDGE_CURVE('',#5643,#5651,#5653,.T.);
#5651 = VERTEX_POINT('',#5652);
#5652 = CARTESIAN_POINT('',(116.9,1.2,22.5));
#5653 = LINE('',#5654,#5655);
#5654 = CARTESIAN_POINT('',(116.9,1.2,11.));
#5655 = VECTOR('',#5656,1.);
#5656 = DIRECTION('',(0.,0.,1.));
#5657 = ORIENTED_EDGE('',*,*,#5658,.F.);
#5658 = EDGE_CURVE('',#5635,#5651,#5659,.T.);
#5659 = LINE('',#5660,#5661);
#5660 = CARTESIAN_POINT('',(107.3,1.2,22.5));
#5661 = VECTOR('',#5662,1.);
#5662 = DIRECTION('',(1.,0.,-0.));
#5663 = FACE_BOUND('',#5664,.T.);
#5664 = EDGE_LOOP('',(#5665,#5675,#5683,#5691));
#5665 = ORIENTED_EDGE('',*,*,#5666,.F.);
#5666 = EDGE_CURVE('',#5667,#5669,#5671,.T.);
#5667 = VERTEX_POINT('',#5668);
#5668 = CARTESIAN_POINT('',(119.9,1.2,11.));
#5669 = VERTEX_POINT('',#5670);
#5670 = CARTESIAN_POINT('',(119.9,1.2,22.5));
#5671 = LINE('',#5672,#5673);
#5672 = CARTESIAN_POINT('',(119.9,1.2,11.));
#5673 = VECTOR('',#5674,1.);
#5674 = DIRECTION('',(0.,0.,1.));
#5675 = ORIENTED_EDGE('',*,*,#5676,.T.);
#5676 = EDGE_CURVE('',#5667,#5677,#5679,.T.);
#5677 = VERTEX_POINT('',#5678);
#5678 = CARTESIAN_POINT('',(129.5,1.2,11.));
#5679 = LINE('',#5680,#5681);
#5680 = CARTESIAN_POINT('',(119.9,1.2,11.));
#5681 = VECTOR('',#5682,1.);
#5682 = DIRECTION('',(1.,0.,-0.));
#5683 = ORIENTED_EDGE('',*,*,#5684,.T.);
#5684 = EDGE_CURVE('',#5677,#5685,#5687,.T.);
#5685 = VERTEX_POINT('',#5686);
#5686 = CARTESIAN_POINT('',(129.5,1.2,22.5));
#5687 = LINE('',#5688,#5689);
#5688 = CARTESIAN_POINT('',(129.5,1.2,11.));
#5689 = VECTOR('',#5690,1.);
#5690 = DIRECTION('',(0.,0.,1.));
#5691 = ORIENTED_EDGE('',*,*,#5692,.F.);
#5692 = EDGE_CURVE('',#5669,#5685,#5693,.T.);
#5693 = LINE('',#5694,#5695);
#5694 = CARTESIAN_POINT('',(119.9,1.2,22.5));
#5695 = VECTOR('',#5696,1.);
#5696 = DIRECTION('',(1.,0.,-0.));
#5697 = PLANE('',#5698);
#5698 = AXIS2_PLACEMENT_3D('',#5699,#5700,#5701);
#5699 = CARTESIAN_POINT('',(0.,1.2,0.));
#5700 = DIRECTION('',(-0.,1.,0.));
#5701 = DIRECTION('',(0.,0.,1.));
#5702 = ADVANCED_FACE('',(#5703),#5714,.F.);
#5703 = FACE_BOUND('',#5704,.F.);
#5704 = EDGE_LOOP('',(#5705,#5706,#5707,#5713));
#5705 = ORIENTED_EDGE('',*,*,#31,.F.);
#5706 = ORIENTED_EDGE('',*,*,#79,.T.);
#5707 = ORIENTED_EDGE('',*,*,#5708,.T.);
#5708 = EDGE_CURVE('',#72,#2877,#5709,.T.);
#5709 = LINE('',#5710,#5711);
#5710 = CARTESIAN_POINT('',(1.4,-1.,1.9));
#5711 = VECTOR('',#5712,1.);
#5712 = DIRECTION('',(-0.,1.,0.));
#5713 = ORIENTED_EDGE('',*,*,#2884,.F.);
#5714 = PLANE('',#5715);
#5715 = AXIS2_PLACEMENT_3D('',#5716,#5717,#5718);
#5716 = CARTESIAN_POINT('',(0.,-1.,1.9));
#5717 = DIRECTION('',(0.,0.,1.));
#5718 = DIRECTION('',(1.,0.,-0.));
#5719 = ADVANCED_FACE('',(#5720),#5736,.F.);
#5720 = FACE_BOUND('',#5721,.F.);
#5721 = EDGE_LOOP('',(#5722,#5723,#5729,#5730));
#5722 = ORIENTED_EDGE('',*,*,#2866,.F.);
#5723 = ORIENTED_EDGE('',*,*,#5724,.F.);
#5724 = EDGE_CURVE('',#62,#2867,#5725,.T.);
#5725 = LINE('',#5726,#5727);
#5726 = CARTESIAN_POINT('',(1.4,-0.5,0.));
#5727 = VECTOR('',#5728,1.);
#5728 = DIRECTION('',(-0.,1.,0.));
#5729 = ORIENTED_EDGE('',*,*,#61,.T.);
#5730 = ORIENTED_EDGE('',*,*,#5731,.T.);
#5731 = EDGE_CURVE('',#64,#2869,#5732,.T.);
#5732 = LINE('',#5733,#5734);
#5733 = CARTESIAN_POINT('',(62.00775,-0.5,0.));
#5734 = VECTOR('',#5735,1.);
#5735 = DIRECTION('',(-0.,1.,0.));
#5736 = PLANE('',#5737);
#5737 = AXIS2_PLACEMENT_3D('',#5738,#5739,#5740);
#5738 = CARTESIAN_POINT('',(0.,0.,0.));
#5739 = DIRECTION('',(0.,0.,1.));
#5740 = DIRECTION('',(1.,0.,-0.));
#5741 = ADVANCED_FACE('',(#5742),#5748,.F.);
#5742 = FACE_BOUND('',#5743,.F.);
#5743 = EDGE_LOOP('',(#5744,#5745,#5746,#5747));
#5744 = ORIENTED_EDGE('',*,*,#5708,.F.);
#5745 = ORIENTED_EDGE('',*,*,#71,.T.);
#5746 = ORIENTED_EDGE('',*,*,#5724,.T.);
#5747 = ORIENTED_EDGE('',*,*,#2876,.F.);
#5748 = PLANE('',#5749);
#5749 = AXIS2_PLACEMENT_3D('',#5750,#5751,#5752);
#5750 = CARTESIAN_POINT('',(1.4,-1.,-0.1));
#5751 = DIRECTION('',(1.,0.,-0.));
#5752 = DIRECTION('',(0.,0.,1.));
#5753 = ADVANCED_FACE('',(#5754),#5765,.T.);
#5754 = FACE_BOUND('',#5755,.T.);
#5755 = EDGE_LOOP('',(#5756,#5762,#5763,#5764));
#5756 = ORIENTED_EDGE('',*,*,#5757,.F.);
#5757 = EDGE_CURVE('',#135,#2933,#5758,.T.);
#5758 = LINE('',#5759,#5760);
#5759 = CARTESIAN_POINT('',(62.00775,-1.,3.9));
#5760 = VECTOR('',#5761,1.);
#5761 = DIRECTION('',(-0.,1.,0.));
#5762 = ORIENTED_EDGE('',*,*,#142,.T.);
#5763 = ORIENTED_EDGE('',*,*,#5731,.T.);
#5764 = ORIENTED_EDGE('',*,*,#2940,.F.);
#5765 = PLANE('',#5766);
#5766 = AXIS2_PLACEMENT_3D('',#5767,#5768,#5769);
#5767 = CARTESIAN_POINT('',(62.00775,-1.,-0.1));
#5768 = DIRECTION('',(1.,0.,-0.));
#5769 = DIRECTION('',(0.,0.,1.));
#5770 = ADVANCED_FACE('',(#5771),#5782,.F.);
#5771 = FACE_BOUND('',#5772,.F.);
#5772 = EDGE_LOOP('',(#5773,#5774,#5775,#5781));
#5773 = ORIENTED_EDGE('',*,*,#5757,.F.);
#5774 = ORIENTED_EDGE('',*,*,#134,.T.);
#5775 = ORIENTED_EDGE('',*,*,#5776,.T.);
#5776 = EDGE_CURVE('',#127,#2925,#5777,.T.);
#5777 = LINE('',#5778,#5779);
#5778 = CARTESIAN_POINT('',(64.00775,-1.,3.9));
#5779 = VECTOR('',#5780,1.);
#5780 = DIRECTION('',(-0.,1.,0.));
#5781 = ORIENTED_EDGE('',*,*,#2932,.F.);
#5782 = PLANE('',#5783);
#5783 = AXIS2_PLACEMENT_3D('',#5784,#5785,#5786);
#5784 = CARTESIAN_POINT('',(62.00775,-1.,3.9));
#5785 = DIRECTION('',(0.,0.,1.));
#5786 = DIRECTION('',(1.,0.,-0.));
#5787 = ADVANCED_FACE('',(#5788),#5799,.F.);
#5788 = FACE_BOUND('',#5789,.F.);
#5789 = EDGE_LOOP('',(#5790,#5791,#5792,#5798));
#5790 = ORIENTED_EDGE('',*,*,#5776,.F.);
#5791 = ORIENTED_EDGE('',*,*,#126,.T.);
#5792 = ORIENTED_EDGE('',*,*,#5793,.T.);
#5793 = EDGE_CURVE('',#119,#2917,#5794,.T.);
#5794 = LINE('',#5795,#5796);
#5795 = CARTESIAN_POINT('',(64.00775,-0.5,0.));
#5796 = VECTOR('',#5797,1.);
#5797 = DIRECTION('',(-0.,1.,0.));
#5798 = ORIENTED_EDGE('',*,*,#2924,.F.);
#5799 = PLANE('',#5800);
#5800 = AXIS2_PLACEMENT_3D('',#5801,#5802,#5803);
#5801 = CARTESIAN_POINT('',(64.00775,-1.,-0.1));
#5802 = DIRECTION('',(1.,0.,-0.));
#5803 = DIRECTION('',(0.,0.,1.));
#5804 = ADVANCED_FACE('',(#5805),#5816,.F.);
#5805 = FACE_BOUND('',#5806,.F.);
#5806 = EDGE_LOOP('',(#5807,#5808,#5809,#5810));
#5807 = ORIENTED_EDGE('',*,*,#2916,.F.);
#5808 = ORIENTED_EDGE('',*,*,#5793,.F.);
#5809 = ORIENTED_EDGE('',*,*,#118,.T.);
#5810 = ORIENTED_EDGE('',*,*,#5811,.T.);
#5811 = EDGE_CURVE('',#111,#2909,#5812,.T.);
#5812 = LINE('',#5813,#5814);
#5813 = CARTESIAN_POINT('',(131.95,-0.5,0.));
#5814 = VECTOR('',#5815,1.);
#5815 = DIRECTION('',(-0.,1.,0.));
#5816 = PLANE('',#5817);
#5817 = AXIS2_PLACEMENT_3D('',#5818,#5819,#5820);
#5818 = CARTESIAN_POINT('',(0.,0.,0.));
#5819 = DIRECTION('',(0.,0.,1.));
#5820 = DIRECTION('',(1.,0.,-0.));
#5821 = ADVANCED_FACE('',(#5822),#5833,.T.);
#5822 = FACE_BOUND('',#5823,.T.);
#5823 = EDGE_LOOP('',(#5824,#5825,#5831,#5832));
#5824 = ORIENTED_EDGE('',*,*,#94,.F.);
#5825 = ORIENTED_EDGE('',*,*,#5826,.T.);
#5826 = EDGE_CURVE('',#95,#2893,#5827,.T.);
#5827 = LINE('',#5828,#5829);
#5828 = CARTESIAN_POINT('',(133.35,-1.,1.9));
#5829 = VECTOR('',#5830,1.);
#5830 = DIRECTION('',(-0.,1.,0.));
#5831 = ORIENTED_EDGE('',*,*,#2892,.T.);
#5832 = ORIENTED_EDGE('',*,*,#2844,.F.);
#5833 = PLANE('',#5834);
#5834 = AXIS2_PLACEMENT_3D('',#5835,#5836,#5837);
#5835 = CARTESIAN_POINT('',(133.35,0.,0.));
#5836 = DIRECTION('',(1.,0.,-0.));
#5837 = DIRECTION('',(0.,0.,1.));
#5838 = ADVANCED_FACE('',(#5839),#5850,.T.);
#5839 = FACE_BOUND('',#5840,.T.);
#5840 = EDGE_LOOP('',(#5841,#5847,#5848,#5849));
#5841 = ORIENTED_EDGE('',*,*,#5842,.F.);
#5842 = EDGE_CURVE('',#103,#2901,#5843,.T.);
#5843 = LINE('',#5844,#5845);
#5844 = CARTESIAN_POINT('',(131.95,-1.,1.9));
#5845 = VECTOR('',#5846,1.);
#5846 = DIRECTION('',(-0.,1.,0.));
#5847 = ORIENTED_EDGE('',*,*,#110,.T.);
#5848 = ORIENTED_EDGE('',*,*,#5811,.T.);
#5849 = ORIENTED_EDGE('',*,*,#2908,.F.);
#5850 = PLANE('',#5851);
#5851 = AXIS2_PLACEMENT_3D('',#5852,#5853,#5854);
#5852 = CARTESIAN_POINT('',(131.95,-1.,-0.1));
#5853 = DIRECTION('',(1.,0.,-0.));
#5854 = DIRECTION('',(0.,0.,1.));
#5855 = ADVANCED_FACE('',(#5856),#5862,.F.);
#5856 = FACE_BOUND('',#5857,.F.);
#5857 = EDGE_LOOP('',(#5858,#5859,#5860,#5861));
#5858 = ORIENTED_EDGE('',*,*,#5842,.F.);
#5859 = ORIENTED_EDGE('',*,*,#102,.T.);
#5860 = ORIENTED_EDGE('',*,*,#5826,.T.);
#5861 = ORIENTED_EDGE('',*,*,#2900,.F.);
#5862 = PLANE('',#5863);
#5863 = AXIS2_PLACEMENT_3D('',#5864,#5865,#5866);
#5864 = CARTESIAN_POINT('',(131.95,-1.,1.9));
#5865 = DIRECTION('',(0.,0.,1.));
#5866 = DIRECTION('',(1.,0.,-0.));
#5867 = ADVANCED_FACE('',(#5868),#5893,.F.);
#5868 = FACE_BOUND('',#5869,.F.);
#5869 = EDGE_LOOP('',(#5870,#5880,#5886,#5887));
#5870 = ORIENTED_EDGE('',*,*,#5871,.F.);
#5871 = EDGE_CURVE('',#5872,#5874,#5876,.T.);
#5872 = VERTEX_POINT('',#5873);
#5873 = CARTESIAN_POINT('',(4.,-6.E-02,0.5));
#5874 = VERTEX_POINT('',#5875);
#5875 = CARTESIAN_POINT('',(4.,-6.E-02,3.9));
#5876 = LINE('',#5877,#5878);
#5877 = CARTESIAN_POINT('',(4.,-6.E-02,0.5));
#5878 = VECTOR('',#5879,1.);
#5879 = DIRECTION('',(0.,0.,1.));
#5880 = ORIENTED_EDGE('',*,*,#5881,.T.);
#5881 = EDGE_CURVE('',#5872,#151,#5882,.T.);
#5882 = LINE('',#5883,#5884);
#5883 = CARTESIAN_POINT('',(4.,-6.E-02,0.5));
#5884 = VECTOR('',#5885,1.);
#5885 = DIRECTION('',(-0.,1.,0.));
#5886 = ORIENTED_EDGE('',*,*,#150,.T.);
#5887 = ORIENTED_EDGE('',*,*,#5888,.F.);
#5888 = EDGE_CURVE('',#5874,#153,#5889,.T.);
#5889 = LINE('',#5890,#5891);
#5890 = CARTESIAN_POINT('',(4.,-6.E-02,3.9));
#5891 = VECTOR('',#5892,1.);
#5892 = DIRECTION('',(-0.,1.,0.));
#5893 = PLANE('',#5894);
#5894 = AXIS2_PLACEMENT_3D('',#5895,#5896,#5897);
#5895 = CARTESIAN_POINT('',(4.,-6.E-02,0.5));
#5896 = DIRECTION('',(1.,0.,-0.));
#5897 = DIRECTION('',(0.,0.,1.));
#5898 = ADVANCED_FACE('',(#5899),#5917,.F.);
#5899 = FACE_BOUND('',#5900,.F.);
#5900 = EDGE_LOOP('',(#5901,#5902,#5910,#5916));
#5901 = ORIENTED_EDGE('',*,*,#5881,.F.);
#5902 = ORIENTED_EDGE('',*,*,#5903,.T.);
#5903 = EDGE_CURVE('',#5872,#5904,#5906,.T.);
#5904 = VERTEX_POINT('',#5905);
#5905 = CARTESIAN_POINT('',(5.05,-6.E-02,0.5));
#5906 = LINE('',#5907,#5908);
#5907 = CARTESIAN_POINT('',(4.,-6.E-02,0.5));
#5908 = VECTOR('',#5909,1.);
#5909 = DIRECTION('',(1.,0.,-0.));
#5910 = ORIENTED_EDGE('',*,*,#5911,.T.);
#5911 = EDGE_CURVE('',#5904,#161,#5912,.T.);
#5912 = LINE('',#5913,#5914);
#5913 = CARTESIAN_POINT('',(5.05,-6.E-02,0.5));
#5914 = VECTOR('',#5915,1.);
#5915 = DIRECTION('',(-0.,1.,0.));
#5916 = ORIENTED_EDGE('',*,*,#160,.F.);
#5917 = PLANE('',#5918);
#5918 = AXIS2_PLACEMENT_3D('',#5919,#5920,#5921);
#5919 = CARTESIAN_POINT('',(4.,-6.E-02,0.5));
#5920 = DIRECTION('',(0.,0.,1.));
#5921 = DIRECTION('',(1.,0.,-0.));
#5922 = ADVANCED_FACE('',(#5923),#5941,.T.);
#5923 = FACE_BOUND('',#5924,.T.);
#5924 = EDGE_LOOP('',(#5925,#5926,#5934,#5940));
#5925 = ORIENTED_EDGE('',*,*,#5888,.F.);
#5926 = ORIENTED_EDGE('',*,*,#5927,.T.);
#5927 = EDGE_CURVE('',#5874,#5928,#5930,.T.);
#5928 = VERTEX_POINT('',#5929);
#5929 = CARTESIAN_POINT('',(5.05,-6.E-02,3.9));
#5930 = LINE('',#5931,#5932);
#5931 = CARTESIAN_POINT('',(4.,-6.E-02,3.9));
#5932 = VECTOR('',#5933,1.);
#5933 = DIRECTION('',(1.,0.,-0.));
#5934 = ORIENTED_EDGE('',*,*,#5935,.T.);
#5935 = EDGE_CURVE('',#5928,#169,#5936,.T.);
#5936 = LINE('',#5937,#5938);
#5937 = CARTESIAN_POINT('',(5.05,-6.E-02,3.9));
#5938 = VECTOR('',#5939,1.);
#5939 = DIRECTION('',(-0.,1.,0.));
#5940 = ORIENTED_EDGE('',*,*,#176,.F.);
#5941 = PLANE('',#5942);
#5942 = AXIS2_PLACEMENT_3D('',#5943,#5944,#5945);
#5943 = CARTESIAN_POINT('',(4.,-6.E-02,3.9));
#5944 = DIRECTION('',(0.,0.,1.));
#5945 = DIRECTION('',(1.,0.,-0.));
#5946 = ADVANCED_FACE('',(#5947),#5958,.T.);
#5947 = FACE_BOUND('',#5948,.T.);
#5948 = EDGE_LOOP('',(#5949,#5955,#5956,#5957));
#5949 = ORIENTED_EDGE('',*,*,#5950,.F.);
#5950 = EDGE_CURVE('',#5904,#5928,#5951,.T.);
#5951 = LINE('',#5952,#5953);
#5952 = CARTESIAN_POINT('',(5.05,-6.E-02,0.5));
#5953 = VECTOR('',#5954,1.);
#5954 = DIRECTION('',(0.,0.,1.));
#5955 = ORIENTED_EDGE('',*,*,#5911,.T.);
#5956 = ORIENTED_EDGE('',*,*,#168,.T.);
#5957 = ORIENTED_EDGE('',*,*,#5935,.F.);
#5958 = PLANE('',#5959);
#5959 = AXIS2_PLACEMENT_3D('',#5960,#5961,#5962);
#5960 = CARTESIAN_POINT('',(5.05,-6.E-02,0.5));
#5961 = DIRECTION('',(1.,0.,-0.));
#5962 = DIRECTION('',(0.,0.,1.));
#5963 = ADVANCED_FACE('',(#5964),#5989,.F.);
#5964 = FACE_BOUND('',#5965,.F.);
#5965 = EDGE_LOOP('',(#5966,#5976,#5982,#5983));
#5966 = ORIENTED_EDGE('',*,*,#5967,.F.);
#5967 = EDGE_CURVE('',#5968,#5970,#5972,.T.);
#5968 = VERTEX_POINT('',#5969);
#5969 = CARTESIAN_POINT('',(5.72,-6.E-02,0.5));
#5970 = VERTEX_POINT('',#5971);
#5971 = CARTESIAN_POINT('',(5.72,-6.E-02,3.9));
#5972 = LINE('',#5973,#5974);
#5973 = CARTESIAN_POINT('',(5.72,-6.E-02,0.5));
#5974 = VECTOR('',#5975,1.);
#5975 = DIRECTION('',(0.,0.,1.));
#5976 = ORIENTED_EDGE('',*,*,#5977,.T.);
#5977 = EDGE_CURVE('',#5968,#185,#5978,.T.);
#5978 = LINE('',#5979,#5980);
#5979 = CARTESIAN_POINT('',(5.72,-6.E-02,0.5));
#5980 = VECTOR('',#5981,1.);
#5981 = DIRECTION('',(-0.,1.,0.));
#5982 = ORIENTED_EDGE('',*,*,#184,.T.);
#5983 = ORIENTED_EDGE('',*,*,#5984,.F.);
#5984 = EDGE_CURVE('',#5970,#187,#5985,.T.);
#5985 = LINE('',#5986,#5987);
#5986 = CARTESIAN_POINT('',(5.72,-6.E-02,3.9));
#5987 = VECTOR('',#5988,1.);
#5988 = DIRECTION('',(-0.,1.,0.));
#5989 = PLANE('',#5990);
#5990 = AXIS2_PLACEMENT_3D('',#5991,#5992,#5993);
#5991 = CARTESIAN_POINT('',(5.72,-6.E-02,0.5));
#5992 = DIRECTION('',(1.,0.,-0.));
#5993 = DIRECTION('',(0.,0.,1.));
#5994 = ADVANCED_FACE('',(#5995),#6013,.F.);
#5995 = FACE_BOUND('',#5996,.F.);
#5996 = EDGE_LOOP('',(#5997,#5998,#6006,#6012));
#5997 = ORIENTED_EDGE('',*,*,#5977,.F.);
#5998 = ORIENTED_EDGE('',*,*,#5999,.T.);
#5999 = EDGE_CURVE('',#5968,#6000,#6002,.T.);
#6000 = VERTEX_POINT('',#6001);
#6001 = CARTESIAN_POINT('',(6.77,-6.E-02,0.5));
#6002 = LINE('',#6003,#6004);
#6003 = CARTESIAN_POINT('',(5.72,-6.E-02,0.5));
#6004 = VECTOR('',#6005,1.);
#6005 = DIRECTION('',(1.,0.,-0.));
#6006 = ORIENTED_EDGE('',*,*,#6007,.T.);
#6007 = EDGE_CURVE('',#6000,#195,#6008,.T.);
#6008 = LINE('',#6009,#6010);
#6009 = CARTESIAN_POINT('',(6.77,-6.E-02,0.5));
#6010 = VECTOR('',#6011,1.);
#6011 = DIRECTION('',(-0.,1.,0.));
#6012 = ORIENTED_EDGE('',*,*,#194,.F.);
#6013 = PLANE('',#6014);
#6014 = AXIS2_PLACEMENT_3D('',#6015,#6016,#6017);
#6015 = CARTESIAN_POINT('',(5.72,-6.E-02,0.5));
#6016 = DIRECTION('',(0.,0.,1.));
#6017 = DIRECTION('',(1.,0.,-0.));
#6018 = ADVANCED_FACE('',(#6019),#6037,.T.);
#6019 = FACE_BOUND('',#6020,.T.);
#6020 = EDGE_LOOP('',(#6021,#6022,#6030,#6036));
#6021 = ORIENTED_EDGE('',*,*,#5984,.F.);
#6022 = ORIENTED_EDGE('',*,*,#6023,.T.);
#6023 = EDGE_CURVE('',#5970,#6024,#6026,.T.);
#6024 = VERTEX_POINT('',#6025);
#6025 = CARTESIAN_POINT('',(6.77,-6.E-02,3.9));
#6026 = LINE('',#6027,#6028);
#6027 = CARTESIAN_POINT('',(5.72,-6.E-02,3.9));
#6028 = VECTOR('',#6029,1.);
#6029 = DIRECTION('',(1.,0.,-0.));
#6030 = ORIENTED_EDGE('',*,*,#6031,.T.);
#6031 = EDGE_CURVE('',#6024,#203,#6032,.T.);
#6032 = LINE('',#6033,#6034);
#6033 = CARTESIAN_POINT('',(6.77,-6.E-02,3.9));
#6034 = VECTOR('',#6035,1.);
#6035 = DIRECTION('',(-0.,1.,0.));
#6036 = ORIENTED_EDGE('',*,*,#210,.F.);
#6037 = PLANE('',#6038);
#6038 = AXIS2_PLACEMENT_3D('',#6039,#6040,#6041);
#6039 = CARTESIAN_POINT('',(5.72,-6.E-02,3.9));
#6040 = DIRECTION('',(0.,0.,1.));
#6041 = DIRECTION('',(1.,0.,-0.));
#6042 = ADVANCED_FACE('',(#6043),#6054,.T.);
#6043 = FACE_BOUND('',#6044,.T.);
#6044 = EDGE_LOOP('',(#6045,#6051,#6052,#6053));
#6045 = ORIENTED_EDGE('',*,*,#6046,.F.);
#6046 = EDGE_CURVE('',#6000,#6024,#6047,.T.);
#6047 = LINE('',#6048,#6049);
#6048 = CARTESIAN_POINT('',(6.77,-6.E-02,0.5));
#6049 = VECTOR('',#6050,1.);
#6050 = DIRECTION('',(0.,0.,1.));
#6051 = ORIENTED_EDGE('',*,*,#6007,.T.);
#6052 = ORIENTED_EDGE('',*,*,#202,.T.);
#6053 = ORIENTED_EDGE('',*,*,#6031,.F.);
#6054 = PLANE('',#6055);
#6055 = AXIS2_PLACEMENT_3D('',#6056,#6057,#6058);
#6056 = CARTESIAN_POINT('',(6.77,-6.E-02,0.5));
#6057 = DIRECTION('',(1.,0.,-0.));
#6058 = DIRECTION('',(0.,0.,1.));
#6059 = ADVANCED_FACE('',(#6060),#6085,.F.);
#6060 = FACE_BOUND('',#6061,.F.);
#6061 = EDGE_LOOP('',(#6062,#6072,#6078,#6079));
#6062 = ORIENTED_EDGE('',*,*,#6063,.F.);
#6063 = EDGE_CURVE('',#6064,#6066,#6068,.T.);
#6064 = VERTEX_POINT('',#6065);
#6065 = CARTESIAN_POINT('',(7.44,-6.E-02,0.5));
#6066 = VERTEX_POINT('',#6067);
#6067 = CARTESIAN_POINT('',(7.44,-6.E-02,3.9));
#6068 = LINE('',#6069,#6070);
#6069 = CARTESIAN_POINT('',(7.44,-6.E-02,0.5));
#6070 = VECTOR('',#6071,1.);
#6071 = DIRECTION('',(0.,0.,1.));
#6072 = ORIENTED_EDGE('',*,*,#6073,.T.);
#6073 = EDGE_CURVE('',#6064,#219,#6074,.T.);
#6074 = LINE('',#6075,#6076);
#6075 = CARTESIAN_POINT('',(7.44,-6.E-02,0.5));
#6076 = VECTOR('',#6077,1.);
#6077 = DIRECTION('',(-0.,1.,0.));
#6078 = ORIENTED_EDGE('',*,*,#218,.T.);
#6079 = ORIENTED_EDGE('',*,*,#6080,.F.);
#6080 = EDGE_CURVE('',#6066,#221,#6081,.T.);
#6081 = LINE('',#6082,#6083);
#6082 = CARTESIAN_POINT('',(7.44,-6.E-02,3.9));
#6083 = VECTOR('',#6084,1.);
#6084 = DIRECTION('',(-0.,1.,0.));
#6085 = PLANE('',#6086);
#6086 = AXIS2_PLACEMENT_3D('',#6087,#6088,#6089);
#6087 = CARTESIAN_POINT('',(7.44,-6.E-02,0.5));
#6088 = DIRECTION('',(1.,0.,-0.));
#6089 = DIRECTION('',(0.,0.,1.));
#6090 = ADVANCED_FACE('',(#6091),#6109,.F.);
#6091 = FACE_BOUND('',#6092,.F.);
#6092 = EDGE_LOOP('',(#6093,#6094,#6102,#6108));
#6093 = ORIENTED_EDGE('',*,*,#6073,.F.);
#6094 = ORIENTED_EDGE('',*,*,#6095,.T.);
#6095 = EDGE_CURVE('',#6064,#6096,#6098,.T.);
#6096 = VERTEX_POINT('',#6097);
#6097 = CARTESIAN_POINT('',(8.49,-6.E-02,0.5));
#6098 = LINE('',#6099,#6100);
#6099 = CARTESIAN_POINT('',(7.44,-6.E-02,0.5));
#6100 = VECTOR('',#6101,1.);
#6101 = DIRECTION('',(1.,0.,-0.));
#6102 = ORIENTED_EDGE('',*,*,#6103,.T.);
#6103 = EDGE_CURVE('',#6096,#229,#6104,.T.);
#6104 = LINE('',#6105,#6106);
#6105 = CARTESIAN_POINT('',(8.49,-6.E-02,0.5));
#6106 = VECTOR('',#6107,1.);
#6107 = DIRECTION('',(-0.,1.,0.));
#6108 = ORIENTED_EDGE('',*,*,#228,.F.);
#6109 = PLANE('',#6110);
#6110 = AXIS2_PLACEMENT_3D('',#6111,#6112,#6113);
#6111 = CARTESIAN_POINT('',(7.44,-6.E-02,0.5));
#6112 = DIRECTION('',(0.,0.,1.));
#6113 = DIRECTION('',(1.,0.,-0.));
#6114 = ADVANCED_FACE('',(#6115),#6133,.T.);
#6115 = FACE_BOUND('',#6116,.T.);
#6116 = EDGE_LOOP('',(#6117,#6118,#6126,#6132));
#6117 = ORIENTED_EDGE('',*,*,#6080,.F.);
#6118 = ORIENTED_EDGE('',*,*,#6119,.T.);
#6119 = EDGE_CURVE('',#6066,#6120,#6122,.T.);
#6120 = VERTEX_POINT('',#6121);
#6121 = CARTESIAN_POINT('',(8.49,-6.E-02,3.9));
#6122 = LINE('',#6123,#6124);
#6123 = CARTESIAN_POINT('',(7.44,-6.E-02,3.9));
#6124 = VECTOR('',#6125,1.);
#6125 = DIRECTION('',(1.,0.,-0.));
#6126 = ORIENTED_EDGE('',*,*,#6127,.T.);
#6127 = EDGE_CURVE('',#6120,#237,#6128,.T.);
#6128 = LINE('',#6129,#6130);
#6129 = CARTESIAN_POINT('',(8.49,-6.E-02,3.9));
#6130 = VECTOR('',#6131,1.);
#6131 = DIRECTION('',(-0.,1.,0.));
#6132 = ORIENTED_EDGE('',*,*,#244,.F.);
#6133 = PLANE('',#6134);
#6134 = AXIS2_PLACEMENT_3D('',#6135,#6136,#6137);
#6135 = CARTESIAN_POINT('',(7.44,-6.E-02,3.9));
#6136 = DIRECTION('',(0.,0.,1.));
#6137 = DIRECTION('',(1.,0.,-0.));
#6138 = ADVANCED_FACE('',(#6139),#6150,.T.);
#6139 = FACE_BOUND('',#6140,.T.);
#6140 = EDGE_LOOP('',(#6141,#6147,#6148,#6149));
#6141 = ORIENTED_EDGE('',*,*,#6142,.F.);
#6142 = EDGE_CURVE('',#6096,#6120,#6143,.T.);
#6143 = LINE('',#6144,#6145);
#6144 = CARTESIAN_POINT('',(8.49,-6.E-02,0.5));
#6145 = VECTOR('',#6146,1.);
#6146 = DIRECTION('',(0.,0.,1.));
#6147 = ORIENTED_EDGE('',*,*,#6103,.T.);
#6148 = ORIENTED_EDGE('',*,*,#236,.T.);
#6149 = ORIENTED_EDGE('',*,*,#6127,.F.);
#6150 = PLANE('',#6151);
#6151 = AXIS2_PLACEMENT_3D('',#6152,#6153,#6154);
#6152 = CARTESIAN_POINT('',(8.49,-6.E-02,0.5));
#6153 = DIRECTION('',(1.,0.,-0.));
#6154 = DIRECTION('',(0.,0.,1.));
#6155 = ADVANCED_FACE('',(#6156),#6181,.F.);
#6156 = FACE_BOUND('',#6157,.F.);
#6157 = EDGE_LOOP('',(#6158,#6168,#6174,#6175));
#6158 = ORIENTED_EDGE('',*,*,#6159,.F.);
#6159 = EDGE_CURVE('',#6160,#6162,#6164,.T.);
#6160 = VERTEX_POINT('',#6161);
#6161 = CARTESIAN_POINT('',(9.16,-6.E-02,0.5));
#6162 = VERTEX_POINT('',#6163);
#6163 = CARTESIAN_POINT('',(9.16,-6.E-02,3.9));
#6164 = LINE('',#6165,#6166);
#6165 = CARTESIAN_POINT('',(9.16,-6.E-02,0.5));
#6166 = VECTOR('',#6167,1.);
#6167 = DIRECTION('',(0.,0.,1.));
#6168 = ORIENTED_EDGE('',*,*,#6169,.T.);
#6169 = EDGE_CURVE('',#6160,#253,#6170,.T.);
#6170 = LINE('',#6171,#6172);
#6171 = CARTESIAN_POINT('',(9.16,-6.E-02,0.5));
#6172 = VECTOR('',#6173,1.);
#6173 = DIRECTION('',(-0.,1.,0.));
#6174 = ORIENTED_EDGE('',*,*,#252,.T.);
#6175 = ORIENTED_EDGE('',*,*,#6176,.F.);
#6176 = EDGE_CURVE('',#6162,#255,#6177,.T.);
#6177 = LINE('',#6178,#6179);
#6178 = CARTESIAN_POINT('',(9.16,-6.E-02,3.9));
#6179 = VECTOR('',#6180,1.);
#6180 = DIRECTION('',(-0.,1.,0.));
#6181 = PLANE('',#6182);
#6182 = AXIS2_PLACEMENT_3D('',#6183,#6184,#6185);
#6183 = CARTESIAN_POINT('',(9.16,-6.E-02,0.5));
#6184 = DIRECTION('',(1.,0.,-0.));
#6185 = DIRECTION('',(0.,0.,1.));
#6186 = ADVANCED_FACE('',(#6187),#6205,.F.);
#6187 = FACE_BOUND('',#6188,.F.);
#6188 = EDGE_LOOP('',(#6189,#6190,#6198,#6204));
#6189 = ORIENTED_EDGE('',*,*,#6169,.F.);
#6190 = ORIENTED_EDGE('',*,*,#6191,.T.);
#6191 = EDGE_CURVE('',#6160,#6192,#6194,.T.);
#6192 = VERTEX_POINT('',#6193);
#6193 = CARTESIAN_POINT('',(10.21,-6.E-02,0.5));
#6194 = LINE('',#6195,#6196);
#6195 = CARTESIAN_POINT('',(9.16,-6.E-02,0.5));
#6196 = VECTOR('',#6197,1.);
#6197 = DIRECTION('',(1.,0.,-0.));
#6198 = ORIENTED_EDGE('',*,*,#6199,.T.);
#6199 = EDGE_CURVE('',#6192,#263,#6200,.T.);
#6200 = LINE('',#6201,#6202);
#6201 = CARTESIAN_POINT('',(10.21,-6.E-02,0.5));
#6202 = VECTOR('',#6203,1.);
#6203 = DIRECTION('',(-0.,1.,0.));
#6204 = ORIENTED_EDGE('',*,*,#262,.F.);
#6205 = PLANE('',#6206);
#6206 = AXIS2_PLACEMENT_3D('',#6207,#6208,#6209);
#6207 = CARTESIAN_POINT('',(9.16,-6.E-02,0.5));
#6208 = DIRECTION('',(0.,0.,1.));
#6209 = DIRECTION('',(1.,0.,-0.));
#6210 = ADVANCED_FACE('',(#6211),#6229,.T.);
#6211 = FACE_BOUND('',#6212,.T.);
#6212 = EDGE_LOOP('',(#6213,#6214,#6222,#6228));
#6213 = ORIENTED_EDGE('',*,*,#6176,.F.);
#6214 = ORIENTED_EDGE('',*,*,#6215,.T.);
#6215 = EDGE_CURVE('',#6162,#6216,#6218,.T.);
#6216 = VERTEX_POINT('',#6217);
#6217 = CARTESIAN_POINT('',(10.21,-6.E-02,3.9));
#6218 = LINE('',#6219,#6220);
#6219 = CARTESIAN_POINT('',(9.16,-6.E-02,3.9));
#6220 = VECTOR('',#6221,1.);
#6221 = DIRECTION('',(1.,0.,-0.));
#6222 = ORIENTED_EDGE('',*,*,#6223,.T.);
#6223 = EDGE_CURVE('',#6216,#271,#6224,.T.);
#6224 = LINE('',#6225,#6226);
#6225 = CARTESIAN_POINT('',(10.21,-6.E-02,3.9));
#6226 = VECTOR('',#6227,1.);
#6227 = DIRECTION('',(-0.,1.,0.));
#6228 = ORIENTED_EDGE('',*,*,#278,.F.);
#6229 = PLANE('',#6230);
#6230 = AXIS2_PLACEMENT_3D('',#6231,#6232,#6233);
#6231 = CARTESIAN_POINT('',(9.16,-6.E-02,3.9));
#6232 = DIRECTION('',(0.,0.,1.));
#6233 = DIRECTION('',(1.,0.,-0.));
#6234 = ADVANCED_FACE('',(#6235),#6246,.T.);
#6235 = FACE_BOUND('',#6236,.T.);
#6236 = EDGE_LOOP('',(#6237,#6243,#6244,#6245));
#6237 = ORIENTED_EDGE('',*,*,#6238,.F.);
#6238 = EDGE_CURVE('',#6192,#6216,#6239,.T.);
#6239 = LINE('',#6240,#6241);
#6240 = CARTESIAN_POINT('',(10.21,-6.E-02,0.5));
#6241 = VECTOR('',#6242,1.);
#6242 = DIRECTION('',(0.,0.,1.));
#6243 = ORIENTED_EDGE('',*,*,#6199,.T.);
#6244 = ORIENTED_EDGE('',*,*,#270,.T.);
#6245 = ORIENTED_EDGE('',*,*,#6223,.F.);
#6246 = PLANE('',#6247);
#6247 = AXIS2_PLACEMENT_3D('',#6248,#6249,#6250);
#6248 = CARTESIAN_POINT('',(10.21,-6.E-02,0.5));
#6249 = DIRECTION('',(1.,0.,-0.));
#6250 = DIRECTION('',(0.,0.,1.));
#6251 = ADVANCED_FACE('',(#6252),#6277,.F.);
#6252 = FACE_BOUND('',#6253,.F.);
#6253 = EDGE_LOOP('',(#6254,#6264,#6270,#6271));
#6254 = ORIENTED_EDGE('',*,*,#6255,.F.);
#6255 = EDGE_CURVE('',#6256,#6258,#6260,.T.);
#6256 = VERTEX_POINT('',#6257);
#6257 = CARTESIAN_POINT('',(10.88,-6.E-02,0.5));
#6258 = VERTEX_POINT('',#6259);
#6259 = CARTESIAN_POINT('',(10.88,-6.E-02,3.9));
#6260 = LINE('',#6261,#6262);
#6261 = CARTESIAN_POINT('',(10.88,-6.E-02,0.5));
#6262 = VECTOR('',#6263,1.);
#6263 = DIRECTION('',(0.,0.,1.));
#6264 = ORIENTED_EDGE('',*,*,#6265,.T.);
#6265 = EDGE_CURVE('',#6256,#287,#6266,.T.);
#6266 = LINE('',#6267,#6268);
#6267 = CARTESIAN_POINT('',(10.88,-6.E-02,0.5));
#6268 = VECTOR('',#6269,1.);
#6269 = DIRECTION('',(-0.,1.,0.));
#6270 = ORIENTED_EDGE('',*,*,#286,.T.);
#6271 = ORIENTED_EDGE('',*,*,#6272,.F.);
#6272 = EDGE_CURVE('',#6258,#289,#6273,.T.);
#6273 = LINE('',#6274,#6275);
#6274 = CARTESIAN_POINT('',(10.88,-6.E-02,3.9));
#6275 = VECTOR('',#6276,1.);
#6276 = DIRECTION('',(-0.,1.,0.));
#6277 = PLANE('',#6278);
#6278 = AXIS2_PLACEMENT_3D('',#6279,#6280,#6281);
#6279 = CARTESIAN_POINT('',(10.88,-6.E-02,0.5));
#6280 = DIRECTION('',(1.,0.,-0.));
#6281 = DIRECTION('',(0.,0.,1.));
#6282 = ADVANCED_FACE('',(#6283),#6301,.F.);
#6283 = FACE_BOUND('',#6284,.F.);
#6284 = EDGE_LOOP('',(#6285,#6286,#6294,#6300));
#6285 = ORIENTED_EDGE('',*,*,#6265,.F.);
#6286 = ORIENTED_EDGE('',*,*,#6287,.T.);
#6287 = EDGE_CURVE('',#6256,#6288,#6290,.T.);
#6288 = VERTEX_POINT('',#6289);
#6289 = CARTESIAN_POINT('',(11.93,-6.E-02,0.5));
#6290 = LINE('',#6291,#6292);
#6291 = CARTESIAN_POINT('',(10.88,-6.E-02,0.5));
#6292 = VECTOR('',#6293,1.);
#6293 = DIRECTION('',(1.,0.,-0.));
#6294 = ORIENTED_EDGE('',*,*,#6295,.T.);
#6295 = EDGE_CURVE('',#6288,#297,#6296,.T.);
#6296 = LINE('',#6297,#6298);
#6297 = CARTESIAN_POINT('',(11.93,-6.E-02,0.5));
#6298 = VECTOR('',#6299,1.);
#6299 = DIRECTION('',(-0.,1.,0.));
#6300 = ORIENTED_EDGE('',*,*,#296,.F.);
#6301 = PLANE('',#6302);
#6302 = AXIS2_PLACEMENT_3D('',#6303,#6304,#6305);
#6303 = CARTESIAN_POINT('',(10.88,-6.E-02,0.5));
#6304 = DIRECTION('',(0.,0.,1.));
#6305 = DIRECTION('',(1.,0.,-0.));
#6306 = ADVANCED_FACE('',(#6307),#6325,.T.);
#6307 = FACE_BOUND('',#6308,.T.);
#6308 = EDGE_LOOP('',(#6309,#6310,#6318,#6324));
#6309 = ORIENTED_EDGE('',*,*,#6272,.F.);
#6310 = ORIENTED_EDGE('',*,*,#6311,.T.);
#6311 = EDGE_CURVE('',#6258,#6312,#6314,.T.);
#6312 = VERTEX_POINT('',#6313);
#6313 = CARTESIAN_POINT('',(11.93,-6.E-02,3.9));
#6314 = LINE('',#6315,#6316);
#6315 = CARTESIAN_POINT('',(10.88,-6.E-02,3.9));
#6316 = VECTOR('',#6317,1.);
#6317 = DIRECTION('',(1.,0.,-0.));
#6318 = ORIENTED_EDGE('',*,*,#6319,.T.);
#6319 = EDGE_CURVE('',#6312,#305,#6320,.T.);
#6320 = LINE('',#6321,#6322);
#6321 = CARTESIAN_POINT('',(11.93,-6.E-02,3.9));
#6322 = VECTOR('',#6323,1.);
#6323 = DIRECTION('',(-0.,1.,0.));
#6324 = ORIENTED_EDGE('',*,*,#312,.F.);
#6325 = PLANE('',#6326);
#6326 = AXIS2_PLACEMENT_3D('',#6327,#6328,#6329);
#6327 = CARTESIAN_POINT('',(10.88,-6.E-02,3.9));
#6328 = DIRECTION('',(0.,0.,1.));
#6329 = DIRECTION('',(1.,0.,-0.));
#6330 = ADVANCED_FACE('',(#6331),#6342,.T.);
#6331 = FACE_BOUND('',#6332,.T.);
#6332 = EDGE_LOOP('',(#6333,#6339,#6340,#6341));
#6333 = ORIENTED_EDGE('',*,*,#6334,.F.);
#6334 = EDGE_CURVE('',#6288,#6312,#6335,.T.);
#6335 = LINE('',#6336,#6337);
#6336 = CARTESIAN_POINT('',(11.93,-6.E-02,0.5));
#6337 = VECTOR('',#6338,1.);
#6338 = DIRECTION('',(0.,0.,1.));
#6339 = ORIENTED_EDGE('',*,*,#6295,.T.);
#6340 = ORIENTED_EDGE('',*,*,#304,.T.);
#6341 = ORIENTED_EDGE('',*,*,#6319,.F.);
#6342 = PLANE('',#6343);
#6343 = AXIS2_PLACEMENT_3D('',#6344,#6345,#6346);
#6344 = CARTESIAN_POINT('',(11.93,-6.E-02,0.5));
#6345 = DIRECTION('',(1.,0.,-0.));
#6346 = DIRECTION('',(0.,0.,1.));
#6347 = ADVANCED_FACE('',(#6348),#6373,.F.);
#6348 = FACE_BOUND('',#6349,.F.);
#6349 = EDGE_LOOP('',(#6350,#6360,#6366,#6367));
#6350 = ORIENTED_EDGE('',*,*,#6351,.F.);
#6351 = EDGE_CURVE('',#6352,#6354,#6356,.T.);
#6352 = VERTEX_POINT('',#6353);
#6353 = CARTESIAN_POINT('',(12.6,-6.E-02,0.5));
#6354 = VERTEX_POINT('',#6355);
#6355 = CARTESIAN_POINT('',(12.6,-6.E-02,3.9));
#6356 = LINE('',#6357,#6358);
#6357 = CARTESIAN_POINT('',(12.6,-6.E-02,0.5));
#6358 = VECTOR('',#6359,1.);
#6359 = DIRECTION('',(0.,0.,1.));
#6360 = ORIENTED_EDGE('',*,*,#6361,.T.);
#6361 = EDGE_CURVE('',#6352,#321,#6362,.T.);
#6362 = LINE('',#6363,#6364);
#6363 = CARTESIAN_POINT('',(12.6,-6.E-02,0.5));
#6364 = VECTOR('',#6365,1.);
#6365 = DIRECTION('',(-0.,1.,0.));
#6366 = ORIENTED_EDGE('',*,*,#320,.T.);
#6367 = ORIENTED_EDGE('',*,*,#6368,.F.);
#6368 = EDGE_CURVE('',#6354,#323,#6369,.T.);
#6369 = LINE('',#6370,#6371);
#6370 = CARTESIAN_POINT('',(12.6,-6.E-02,3.9));
#6371 = VECTOR('',#6372,1.);
#6372 = DIRECTION('',(-0.,1.,0.));
#6373 = PLANE('',#6374);
#6374 = AXIS2_PLACEMENT_3D('',#6375,#6376,#6377);
#6375 = CARTESIAN_POINT('',(12.6,-6.E-02,0.5));
#6376 = DIRECTION('',(1.,0.,-0.));
#6377 = DIRECTION('',(0.,0.,1.));
#6378 = ADVANCED_FACE('',(#6379),#6397,.F.);
#6379 = FACE_BOUND('',#6380,.F.);
#6380 = EDGE_LOOP('',(#6381,#6382,#6390,#6396));
#6381 = ORIENTED_EDGE('',*,*,#6361,.F.);
#6382 = ORIENTED_EDGE('',*,*,#6383,.T.);
#6383 = EDGE_CURVE('',#6352,#6384,#6386,.T.);
#6384 = VERTEX_POINT('',#6385);
#6385 = CARTESIAN_POINT('',(13.65,-6.E-02,0.5));
#6386 = LINE('',#6387,#6388);
#6387 = CARTESIAN_POINT('',(12.6,-6.E-02,0.5));
#6388 = VECTOR('',#6389,1.);
#6389 = DIRECTION('',(1.,0.,-0.));
#6390 = ORIENTED_EDGE('',*,*,#6391,.T.);
#6391 = EDGE_CURVE('',#6384,#331,#6392,.T.);
#6392 = LINE('',#6393,#6394);
#6393 = CARTESIAN_POINT('',(13.65,-6.E-02,0.5));
#6394 = VECTOR('',#6395,1.);
#6395 = DIRECTION('',(-0.,1.,0.));
#6396 = ORIENTED_EDGE('',*,*,#330,.F.);
#6397 = PLANE('',#6398);
#6398 = AXIS2_PLACEMENT_3D('',#6399,#6400,#6401);
#6399 = CARTESIAN_POINT('',(12.6,-6.E-02,0.5));
#6400 = DIRECTION('',(0.,0.,1.));
#6401 = DIRECTION('',(1.,0.,-0.));
#6402 = ADVANCED_FACE('',(#6403),#6421,.T.);
#6403 = FACE_BOUND('',#6404,.T.);
#6404 = EDGE_LOOP('',(#6405,#6406,#6414,#6420));
#6405 = ORIENTED_EDGE('',*,*,#6368,.F.);
#6406 = ORIENTED_EDGE('',*,*,#6407,.T.);
#6407 = EDGE_CURVE('',#6354,#6408,#6410,.T.);
#6408 = VERTEX_POINT('',#6409);
#6409 = CARTESIAN_POINT('',(13.65,-6.E-02,3.9));
#6410 = LINE('',#6411,#6412);
#6411 = CARTESIAN_POINT('',(12.6,-6.E-02,3.9));
#6412 = VECTOR('',#6413,1.);
#6413 = DIRECTION('',(1.,0.,-0.));
#6414 = ORIENTED_EDGE('',*,*,#6415,.T.);
#6415 = EDGE_CURVE('',#6408,#339,#6416,.T.);
#6416 = LINE('',#6417,#6418);
#6417 = CARTESIAN_POINT('',(13.65,-6.E-02,3.9));
#6418 = VECTOR('',#6419,1.);
#6419 = DIRECTION('',(-0.,1.,0.));
#6420 = ORIENTED_EDGE('',*,*,#346,.F.);
#6421 = PLANE('',#6422);
#6422 = AXIS2_PLACEMENT_3D('',#6423,#6424,#6425);
#6423 = CARTESIAN_POINT('',(12.6,-6.E-02,3.9));
#6424 = DIRECTION('',(0.,0.,1.));
#6425 = DIRECTION('',(1.,0.,-0.));
#6426 = ADVANCED_FACE('',(#6427),#6438,.T.);
#6427 = FACE_BOUND('',#6428,.T.);
#6428 = EDGE_LOOP('',(#6429,#6435,#6436,#6437));
#6429 = ORIENTED_EDGE('',*,*,#6430,.F.);
#6430 = EDGE_CURVE('',#6384,#6408,#6431,.T.);
#6431 = LINE('',#6432,#6433);
#6432 = CARTESIAN_POINT('',(13.65,-6.E-02,0.5));
#6433 = VECTOR('',#6434,1.);
#6434 = DIRECTION('',(0.,0.,1.));
#6435 = ORIENTED_EDGE('',*,*,#6391,.T.);
#6436 = ORIENTED_EDGE('',*,*,#338,.T.);
#6437 = ORIENTED_EDGE('',*,*,#6415,.F.);
#6438 = PLANE('',#6439);
#6439 = AXIS2_PLACEMENT_3D('',#6440,#6441,#6442);
#6440 = CARTESIAN_POINT('',(13.65,-6.E-02,0.5));
#6441 = DIRECTION('',(1.,0.,-0.));
#6442 = DIRECTION('',(0.,0.,1.));
#6443 = ADVANCED_FACE('',(#6444),#6469,.F.);
#6444 = FACE_BOUND('',#6445,.F.);
#6445 = EDGE_LOOP('',(#6446,#6456,#6462,#6463));
#6446 = ORIENTED_EDGE('',*,*,#6447,.F.);
#6447 = EDGE_CURVE('',#6448,#6450,#6452,.T.);
#6448 = VERTEX_POINT('',#6449);
#6449 = CARTESIAN_POINT('',(14.32,-6.E-02,0.5));
#6450 = VERTEX_POINT('',#6451);
#6451 = CARTESIAN_POINT('',(14.32,-6.E-02,3.9));
#6452 = LINE('',#6453,#6454);
#6453 = CARTESIAN_POINT('',(14.32,-6.E-02,0.5));
#6454 = VECTOR('',#6455,1.);
#6455 = DIRECTION('',(0.,0.,1.));
#6456 = ORIENTED_EDGE('',*,*,#6457,.T.);
#6457 = EDGE_CURVE('',#6448,#355,#6458,.T.);
#6458 = LINE('',#6459,#6460);
#6459 = CARTESIAN_POINT('',(14.32,-6.E-02,0.5));
#6460 = VECTOR('',#6461,1.);
#6461 = DIRECTION('',(-0.,1.,0.));
#6462 = ORIENTED_EDGE('',*,*,#354,.T.);
#6463 = ORIENTED_EDGE('',*,*,#6464,.F.);
#6464 = EDGE_CURVE('',#6450,#357,#6465,.T.);
#6465 = LINE('',#6466,#6467);
#6466 = CARTESIAN_POINT('',(14.32,-6.E-02,3.9));
#6467 = VECTOR('',#6468,1.);
#6468 = DIRECTION('',(-0.,1.,0.));
#6469 = PLANE('',#6470);
#6470 = AXIS2_PLACEMENT_3D('',#6471,#6472,#6473);
#6471 = CARTESIAN_POINT('',(14.32,-6.E-02,0.5));
#6472 = DIRECTION('',(1.,0.,-0.));
#6473 = DIRECTION('',(0.,0.,1.));
#6474 = ADVANCED_FACE('',(#6475),#6493,.F.);
#6475 = FACE_BOUND('',#6476,.F.);
#6476 = EDGE_LOOP('',(#6477,#6478,#6486,#6492));
#6477 = ORIENTED_EDGE('',*,*,#6457,.F.);
#6478 = ORIENTED_EDGE('',*,*,#6479,.T.);
#6479 = EDGE_CURVE('',#6448,#6480,#6482,.T.);
#6480 = VERTEX_POINT('',#6481);
#6481 = CARTESIAN_POINT('',(15.37,-6.E-02,0.5));
#6482 = LINE('',#6483,#6484);
#6483 = CARTESIAN_POINT('',(14.32,-6.E-02,0.5));
#6484 = VECTOR('',#6485,1.);
#6485 = DIRECTION('',(1.,0.,-0.));
#6486 = ORIENTED_EDGE('',*,*,#6487,.T.);
#6487 = EDGE_CURVE('',#6480,#365,#6488,.T.);
#6488 = LINE('',#6489,#6490);
#6489 = CARTESIAN_POINT('',(15.37,-6.E-02,0.5));
#6490 = VECTOR('',#6491,1.);
#6491 = DIRECTION('',(-0.,1.,0.));
#6492 = ORIENTED_EDGE('',*,*,#364,.F.);
#6493 = PLANE('',#6494);
#6494 = AXIS2_PLACEMENT_3D('',#6495,#6496,#6497);
#6495 = CARTESIAN_POINT('',(14.32,-6.E-02,0.5));
#6496 = DIRECTION('',(0.,0.,1.));
#6497 = DIRECTION('',(1.,0.,-0.));
#6498 = ADVANCED_FACE('',(#6499),#6517,.T.);
#6499 = FACE_BOUND('',#6500,.T.);
#6500 = EDGE_LOOP('',(#6501,#6502,#6510,#6516));
#6501 = ORIENTED_EDGE('',*,*,#6464,.F.);
#6502 = ORIENTED_EDGE('',*,*,#6503,.T.);
#6503 = EDGE_CURVE('',#6450,#6504,#6506,.T.);
#6504 = VERTEX_POINT('',#6505);
#6505 = CARTESIAN_POINT('',(15.37,-6.E-02,3.9));
#6506 = LINE('',#6507,#6508);
#6507 = CARTESIAN_POINT('',(14.32,-6.E-02,3.9));
#6508 = VECTOR('',#6509,1.);
#6509 = DIRECTION('',(1.,0.,-0.));
#6510 = ORIENTED_EDGE('',*,*,#6511,.T.);
#6511 = EDGE_CURVE('',#6504,#373,#6512,.T.);
#6512 = LINE('',#6513,#6514);
#6513 = CARTESIAN_POINT('',(15.37,-6.E-02,3.9));
#6514 = VECTOR('',#6515,1.);
#6515 = DIRECTION('',(-0.,1.,0.));
#6516 = ORIENTED_EDGE('',*,*,#380,.F.);
#6517 = PLANE('',#6518);
#6518 = AXIS2_PLACEMENT_3D('',#6519,#6520,#6521);
#6519 = CARTESIAN_POINT('',(14.32,-6.E-02,3.9));
#6520 = DIRECTION('',(0.,0.,1.));
#6521 = DIRECTION('',(1.,0.,-0.));
#6522 = ADVANCED_FACE('',(#6523),#6534,.T.);
#6523 = FACE_BOUND('',#6524,.T.);
#6524 = EDGE_LOOP('',(#6525,#6531,#6532,#6533));
#6525 = ORIENTED_EDGE('',*,*,#6526,.F.);
#6526 = EDGE_CURVE('',#6480,#6504,#6527,.T.);
#6527 = LINE('',#6528,#6529);
#6528 = CARTESIAN_POINT('',(15.37,-6.E-02,0.5));
#6529 = VECTOR('',#6530,1.);
#6530 = DIRECTION('',(0.,0.,1.));
#6531 = ORIENTED_EDGE('',*,*,#6487,.T.);
#6532 = ORIENTED_EDGE('',*,*,#372,.T.);
#6533 = ORIENTED_EDGE('',*,*,#6511,.F.);
#6534 = PLANE('',#6535);
#6535 = AXIS2_PLACEMENT_3D('',#6536,#6537,#6538);
#6536 = CARTESIAN_POINT('',(15.37,-6.E-02,0.5));
#6537 = DIRECTION('',(1.,0.,-0.));
#6538 = DIRECTION('',(0.,0.,1.));
#6539 = ADVANCED_FACE('',(#6540),#6565,.F.);
#6540 = FACE_BOUND('',#6541,.F.);
#6541 = EDGE_LOOP('',(#6542,#6552,#6558,#6559));
#6542 = ORIENTED_EDGE('',*,*,#6543,.F.);
#6543 = EDGE_CURVE('',#6544,#6546,#6548,.T.);
#6544 = VERTEX_POINT('',#6545);
#6545 = CARTESIAN_POINT('',(16.04,-6.E-02,0.5));
#6546 = VERTEX_POINT('',#6547);
#6547 = CARTESIAN_POINT('',(16.04,-6.E-02,3.9));
#6548 = LINE('',#6549,#6550);
#6549 = CARTESIAN_POINT('',(16.04,-6.E-02,0.5));
#6550 = VECTOR('',#6551,1.);
#6551 = DIRECTION('',(0.,0.,1.));
#6552 = ORIENTED_EDGE('',*,*,#6553,.T.);
#6553 = EDGE_CURVE('',#6544,#389,#6554,.T.);
#6554 = LINE('',#6555,#6556);
#6555 = CARTESIAN_POINT('',(16.04,-6.E-02,0.5));
#6556 = VECTOR('',#6557,1.);
#6557 = DIRECTION('',(-0.,1.,0.));
#6558 = ORIENTED_EDGE('',*,*,#388,.T.);
#6559 = ORIENTED_EDGE('',*,*,#6560,.F.);
#6560 = EDGE_CURVE('',#6546,#391,#6561,.T.);
#6561 = LINE('',#6562,#6563);
#6562 = CARTESIAN_POINT('',(16.04,-6.E-02,3.9));
#6563 = VECTOR('',#6564,1.);
#6564 = DIRECTION('',(-0.,1.,0.));
#6565 = PLANE('',#6566);
#6566 = AXIS2_PLACEMENT_3D('',#6567,#6568,#6569);
#6567 = CARTESIAN_POINT('',(16.04,-6.E-02,0.5));
#6568 = DIRECTION('',(1.,0.,-0.));
#6569 = DIRECTION('',(0.,0.,1.));
#6570 = ADVANCED_FACE('',(#6571),#6589,.F.);
#6571 = FACE_BOUND('',#6572,.F.);
#6572 = EDGE_LOOP('',(#6573,#6574,#6582,#6588));
#6573 = ORIENTED_EDGE('',*,*,#6553,.F.);
#6574 = ORIENTED_EDGE('',*,*,#6575,.T.);
#6575 = EDGE_CURVE('',#6544,#6576,#6578,.T.);
#6576 = VERTEX_POINT('',#6577);
#6577 = CARTESIAN_POINT('',(17.09,-6.E-02,0.5));
#6578 = LINE('',#6579,#6580);
#6579 = CARTESIAN_POINT('',(16.04,-6.E-02,0.5));
#6580 = VECTOR('',#6581,1.);
#6581 = DIRECTION('',(1.,0.,-0.));
#6582 = ORIENTED_EDGE('',*,*,#6583,.T.);
#6583 = EDGE_CURVE('',#6576,#399,#6584,.T.);
#6584 = LINE('',#6585,#6586);
#6585 = CARTESIAN_POINT('',(17.09,-6.E-02,0.5));
#6586 = VECTOR('',#6587,1.);
#6587 = DIRECTION('',(-0.,1.,0.));
#6588 = ORIENTED_EDGE('',*,*,#398,.F.);
#6589 = PLANE('',#6590);
#6590 = AXIS2_PLACEMENT_3D('',#6591,#6592,#6593);
#6591 = CARTESIAN_POINT('',(16.04,-6.E-02,0.5));
#6592 = DIRECTION('',(0.,0.,1.));
#6593 = DIRECTION('',(1.,0.,-0.));
#6594 = ADVANCED_FACE('',(#6595),#6613,.T.);
#6595 = FACE_BOUND('',#6596,.T.);
#6596 = EDGE_LOOP('',(#6597,#6598,#6606,#6612));
#6597 = ORIENTED_EDGE('',*,*,#6560,.F.);
#6598 = ORIENTED_EDGE('',*,*,#6599,.T.);
#6599 = EDGE_CURVE('',#6546,#6600,#6602,.T.);
#6600 = VERTEX_POINT('',#6601);
#6601 = CARTESIAN_POINT('',(17.09,-6.E-02,3.9));
#6602 = LINE('',#6603,#6604);
#6603 = CARTESIAN_POINT('',(16.04,-6.E-02,3.9));
#6604 = VECTOR('',#6605,1.);
#6605 = DIRECTION('',(1.,0.,-0.));
#6606 = ORIENTED_EDGE('',*,*,#6607,.T.);
#6607 = EDGE_CURVE('',#6600,#407,#6608,.T.);
#6608 = LINE('',#6609,#6610);
#6609 = CARTESIAN_POINT('',(17.09,-6.E-02,3.9));
#6610 = VECTOR('',#6611,1.);
#6611 = DIRECTION('',(-0.,1.,0.));
#6612 = ORIENTED_EDGE('',*,*,#414,.F.);
#6613 = PLANE('',#6614);
#6614 = AXIS2_PLACEMENT_3D('',#6615,#6616,#6617);
#6615 = CARTESIAN_POINT('',(16.04,-6.E-02,3.9));
#6616 = DIRECTION('',(0.,0.,1.));
#6617 = DIRECTION('',(1.,0.,-0.));
#6618 = ADVANCED_FACE('',(#6619),#6630,.T.);
#6619 = FACE_BOUND('',#6620,.T.);
#6620 = EDGE_LOOP('',(#6621,#6627,#6628,#6629));
#6621 = ORIENTED_EDGE('',*,*,#6622,.F.);
#6622 = EDGE_CURVE('',#6576,#6600,#6623,.T.);
#6623 = LINE('',#6624,#6625);
#6624 = CARTESIAN_POINT('',(17.09,-6.E-02,0.5));
#6625 = VECTOR('',#6626,1.);
#6626 = DIRECTION('',(0.,0.,1.));
#6627 = ORIENTED_EDGE('',*,*,#6583,.T.);
#6628 = ORIENTED_EDGE('',*,*,#406,.T.);
#6629 = ORIENTED_EDGE('',*,*,#6607,.F.);
#6630 = PLANE('',#6631);
#6631 = AXIS2_PLACEMENT_3D('',#6632,#6633,#6634);
#6632 = CARTESIAN_POINT('',(17.09,-6.E-02,0.5));
#6633 = DIRECTION('',(1.,0.,-0.));
#6634 = DIRECTION('',(0.,0.,1.));
#6635 = ADVANCED_FACE('',(#6636),#6661,.F.);
#6636 = FACE_BOUND('',#6637,.F.);
#6637 = EDGE_LOOP('',(#6638,#6648,#6654,#6655));
#6638 = ORIENTED_EDGE('',*,*,#6639,.F.);
#6639 = EDGE_CURVE('',#6640,#6642,#6644,.T.);
#6640 = VERTEX_POINT('',#6641);
#6641 = CARTESIAN_POINT('',(17.76,-6.E-02,0.5));
#6642 = VERTEX_POINT('',#6643);
#6643 = CARTESIAN_POINT('',(17.76,-6.E-02,3.9));
#6644 = LINE('',#6645,#6646);
#6645 = CARTESIAN_POINT('',(17.76,-6.E-02,0.5));
#6646 = VECTOR('',#6647,1.);
#6647 = DIRECTION('',(0.,0.,1.));
#6648 = ORIENTED_EDGE('',*,*,#6649,.T.);
#6649 = EDGE_CURVE('',#6640,#423,#6650,.T.);
#6650 = LINE('',#6651,#6652);
#6651 = CARTESIAN_POINT('',(17.76,-6.E-02,0.5));
#6652 = VECTOR('',#6653,1.);
#6653 = DIRECTION('',(-0.,1.,0.));
#6654 = ORIENTED_EDGE('',*,*,#422,.T.);
#6655 = ORIENTED_EDGE('',*,*,#6656,.F.);
#6656 = EDGE_CURVE('',#6642,#425,#6657,.T.);
#6657 = LINE('',#6658,#6659);
#6658 = CARTESIAN_POINT('',(17.76,-6.E-02,3.9));
#6659 = VECTOR('',#6660,1.);
#6660 = DIRECTION('',(-0.,1.,0.));
#6661 = PLANE('',#6662);
#6662 = AXIS2_PLACEMENT_3D('',#6663,#6664,#6665);
#6663 = CARTESIAN_POINT('',(17.76,-6.E-02,0.5));
#6664 = DIRECTION('',(1.,0.,-0.));
#6665 = DIRECTION('',(0.,0.,1.));
#6666 = ADVANCED_FACE('',(#6667),#6685,.F.);
#6667 = FACE_BOUND('',#6668,.F.);
#6668 = EDGE_LOOP('',(#6669,#6670,#6678,#6684));
#6669 = ORIENTED_EDGE('',*,*,#6649,.F.);
#6670 = ORIENTED_EDGE('',*,*,#6671,.T.);
#6671 = EDGE_CURVE('',#6640,#6672,#6674,.T.);
#6672 = VERTEX_POINT('',#6673);
#6673 = CARTESIAN_POINT('',(18.81,-6.E-02,0.5));
#6674 = LINE('',#6675,#6676);
#6675 = CARTESIAN_POINT('',(17.76,-6.E-02,0.5));
#6676 = VECTOR('',#6677,1.);
#6677 = DIRECTION('',(1.,0.,-0.));
#6678 = ORIENTED_EDGE('',*,*,#6679,.T.);
#6679 = EDGE_CURVE('',#6672,#433,#6680,.T.);
#6680 = LINE('',#6681,#6682);
#6681 = CARTESIAN_POINT('',(18.81,-6.E-02,0.5));
#6682 = VECTOR('',#6683,1.);
#6683 = DIRECTION('',(-0.,1.,0.));
#6684 = ORIENTED_EDGE('',*,*,#432,.F.);
#6685 = PLANE('',#6686);
#6686 = AXIS2_PLACEMENT_3D('',#6687,#6688,#6689);
#6687 = CARTESIAN_POINT('',(17.76,-6.E-02,0.5));
#6688 = DIRECTION('',(0.,0.,1.));
#6689 = DIRECTION('',(1.,0.,-0.));
#6690 = ADVANCED_FACE('',(#6691),#6709,.T.);
#6691 = FACE_BOUND('',#6692,.T.);
#6692 = EDGE_LOOP('',(#6693,#6694,#6702,#6708));
#6693 = ORIENTED_EDGE('',*,*,#6656,.F.);
#6694 = ORIENTED_EDGE('',*,*,#6695,.T.);
#6695 = EDGE_CURVE('',#6642,#6696,#6698,.T.);
#6696 = VERTEX_POINT('',#6697);
#6697 = CARTESIAN_POINT('',(18.81,-6.E-02,3.9));
#6698 = LINE('',#6699,#6700);
#6699 = CARTESIAN_POINT('',(17.76,-6.E-02,3.9));
#6700 = VECTOR('',#6701,1.);
#6701 = DIRECTION('',(1.,0.,-0.));
#6702 = ORIENTED_EDGE('',*,*,#6703,.T.);
#6703 = EDGE_CURVE('',#6696,#441,#6704,.T.);
#6704 = LINE('',#6705,#6706);
#6705 = CARTESIAN_POINT('',(18.81,-6.E-02,3.9));
#6706 = VECTOR('',#6707,1.);
#6707 = DIRECTION('',(-0.,1.,0.));
#6708 = ORIENTED_EDGE('',*,*,#448,.F.);
#6709 = PLANE('',#6710);
#6710 = AXIS2_PLACEMENT_3D('',#6711,#6712,#6713);
#6711 = CARTESIAN_POINT('',(17.76,-6.E-02,3.9));
#6712 = DIRECTION('',(0.,0.,1.));
#6713 = DIRECTION('',(1.,0.,-0.));
#6714 = ADVANCED_FACE('',(#6715),#6726,.T.);
#6715 = FACE_BOUND('',#6716,.T.);
#6716 = EDGE_LOOP('',(#6717,#6723,#6724,#6725));
#6717 = ORIENTED_EDGE('',*,*,#6718,.F.);
#6718 = EDGE_CURVE('',#6672,#6696,#6719,.T.);
#6719 = LINE('',#6720,#6721);
#6720 = CARTESIAN_POINT('',(18.81,-6.E-02,0.5));
#6721 = VECTOR('',#6722,1.);
#6722 = DIRECTION('',(0.,0.,1.));
#6723 = ORIENTED_EDGE('',*,*,#6679,.T.);
#6724 = ORIENTED_EDGE('',*,*,#440,.T.);
#6725 = ORIENTED_EDGE('',*,*,#6703,.F.);
#6726 = PLANE('',#6727);
#6727 = AXIS2_PLACEMENT_3D('',#6728,#6729,#6730);
#6728 = CARTESIAN_POINT('',(18.81,-6.E-02,0.5));
#6729 = DIRECTION('',(1.,0.,-0.));
#6730 = DIRECTION('',(0.,0.,1.));
#6731 = ADVANCED_FACE('',(#6732),#6757,.F.);
#6732 = FACE_BOUND('',#6733,.F.);
#6733 = EDGE_LOOP('',(#6734,#6744,#6750,#6751));
#6734 = ORIENTED_EDGE('',*,*,#6735,.F.);
#6735 = EDGE_CURVE('',#6736,#6738,#6740,.T.);
#6736 = VERTEX_POINT('',#6737);
#6737 = CARTESIAN_POINT('',(19.48,-6.E-02,0.5));
#6738 = VERTEX_POINT('',#6739);
#6739 = CARTESIAN_POINT('',(19.48,-6.E-02,3.9));
#6740 = LINE('',#6741,#6742);
#6741 = CARTESIAN_POINT('',(19.48,-6.E-02,0.5));
#6742 = VECTOR('',#6743,1.);
#6743 = DIRECTION('',(0.,0.,1.));
#6744 = ORIENTED_EDGE('',*,*,#6745,.T.);
#6745 = EDGE_CURVE('',#6736,#457,#6746,.T.);
#6746 = LINE('',#6747,#6748);
#6747 = CARTESIAN_POINT('',(19.48,-6.E-02,0.5));
#6748 = VECTOR('',#6749,1.);
#6749 = DIRECTION('',(-0.,1.,0.));
#6750 = ORIENTED_EDGE('',*,*,#456,.T.);
#6751 = ORIENTED_EDGE('',*,*,#6752,.F.);
#6752 = EDGE_CURVE('',#6738,#459,#6753,.T.);
#6753 = LINE('',#6754,#6755);
#6754 = CARTESIAN_POINT('',(19.48,-6.E-02,3.9));
#6755 = VECTOR('',#6756,1.);
#6756 = DIRECTION('',(-0.,1.,0.));
#6757 = PLANE('',#6758);
#6758 = AXIS2_PLACEMENT_3D('',#6759,#6760,#6761);
#6759 = CARTESIAN_POINT('',(19.48,-6.E-02,0.5));
#6760 = DIRECTION('',(1.,0.,-0.));
#6761 = DIRECTION('',(0.,0.,1.));
#6762 = ADVANCED_FACE('',(#6763),#6781,.F.);
#6763 = FACE_BOUND('',#6764,.F.);
#6764 = EDGE_LOOP('',(#6765,#6766,#6774,#6780));
#6765 = ORIENTED_EDGE('',*,*,#6745,.F.);
#6766 = ORIENTED_EDGE('',*,*,#6767,.T.);
#6767 = EDGE_CURVE('',#6736,#6768,#6770,.T.);
#6768 = VERTEX_POINT('',#6769);
#6769 = CARTESIAN_POINT('',(20.53,-6.E-02,0.5));
#6770 = LINE('',#6771,#6772);
#6771 = CARTESIAN_POINT('',(19.48,-6.E-02,0.5));
#6772 = VECTOR('',#6773,1.);
#6773 = DIRECTION('',(1.,0.,-0.));
#6774 = ORIENTED_EDGE('',*,*,#6775,.T.);
#6775 = EDGE_CURVE('',#6768,#467,#6776,.T.);
#6776 = LINE('',#6777,#6778);
#6777 = CARTESIAN_POINT('',(20.53,-6.E-02,0.5));
#6778 = VECTOR('',#6779,1.);
#6779 = DIRECTION('',(-0.,1.,0.));
#6780 = ORIENTED_EDGE('',*,*,#466,.F.);
#6781 = PLANE('',#6782);
#6782 = AXIS2_PLACEMENT_3D('',#6783,#6784,#6785);
#6783 = CARTESIAN_POINT('',(19.48,-6.E-02,0.5));
#6784 = DIRECTION('',(0.,0.,1.));
#6785 = DIRECTION('',(1.,0.,-0.));
#6786 = ADVANCED_FACE('',(#6787),#6805,.T.);
#6787 = FACE_BOUND('',#6788,.T.);
#6788 = EDGE_LOOP('',(#6789,#6790,#6798,#6804));
#6789 = ORIENTED_EDGE('',*,*,#6752,.F.);
#6790 = ORIENTED_EDGE('',*,*,#6791,.T.);
#6791 = EDGE_CURVE('',#6738,#6792,#6794,.T.);
#6792 = VERTEX_POINT('',#6793);
#6793 = CARTESIAN_POINT('',(20.53,-6.E-02,3.9));
#6794 = LINE('',#6795,#6796);
#6795 = CARTESIAN_POINT('',(19.48,-6.E-02,3.9));
#6796 = VECTOR('',#6797,1.);
#6797 = DIRECTION('',(1.,0.,-0.));
#6798 = ORIENTED_EDGE('',*,*,#6799,.T.);
#6799 = EDGE_CURVE('',#6792,#475,#6800,.T.);
#6800 = LINE('',#6801,#6802);
#6801 = CARTESIAN_POINT('',(20.53,-6.E-02,3.9));
#6802 = VECTOR('',#6803,1.);
#6803 = DIRECTION('',(-0.,1.,0.));
#6804 = ORIENTED_EDGE('',*,*,#482,.F.);
#6805 = PLANE('',#6806);
#6806 = AXIS2_PLACEMENT_3D('',#6807,#6808,#6809);
#6807 = CARTESIAN_POINT('',(19.48,-6.E-02,3.9));
#6808 = DIRECTION('',(0.,0.,1.));
#6809 = DIRECTION('',(1.,0.,-0.));
#6810 = ADVANCED_FACE('',(#6811),#6822,.T.);
#6811 = FACE_BOUND('',#6812,.T.);
#6812 = EDGE_LOOP('',(#6813,#6819,#6820,#6821));
#6813 = ORIENTED_EDGE('',*,*,#6814,.F.);
#6814 = EDGE_CURVE('',#6768,#6792,#6815,.T.);
#6815 = LINE('',#6816,#6817);
#6816 = CARTESIAN_POINT('',(20.53,-6.E-02,0.5));
#6817 = VECTOR('',#6818,1.);
#6818 = DIRECTION('',(0.,0.,1.));
#6819 = ORIENTED_EDGE('',*,*,#6775,.T.);
#6820 = ORIENTED_EDGE('',*,*,#474,.T.);
#6821 = ORIENTED_EDGE('',*,*,#6799,.F.);
#6822 = PLANE('',#6823);
#6823 = AXIS2_PLACEMENT_3D('',#6824,#6825,#6826);
#6824 = CARTESIAN_POINT('',(20.53,-6.E-02,0.5));
#6825 = DIRECTION('',(1.,0.,-0.));
#6826 = DIRECTION('',(0.,0.,1.));
#6827 = ADVANCED_FACE('',(#6828),#6853,.F.);
#6828 = FACE_BOUND('',#6829,.F.);
#6829 = EDGE_LOOP('',(#6830,#6840,#6846,#6847));
#6830 = ORIENTED_EDGE('',*,*,#6831,.F.);
#6831 = EDGE_CURVE('',#6832,#6834,#6836,.T.);
#6832 = VERTEX_POINT('',#6833);
#6833 = CARTESIAN_POINT('',(21.2,-6.E-02,0.5));
#6834 = VERTEX_POINT('',#6835);
#6835 = CARTESIAN_POINT('',(21.2,-6.E-02,3.9));
#6836 = LINE('',#6837,#6838);
#6837 = CARTESIAN_POINT('',(21.2,-6.E-02,0.5));
#6838 = VECTOR('',#6839,1.);
#6839 = DIRECTION('',(0.,0.,1.));
#6840 = ORIENTED_EDGE('',*,*,#6841,.T.);
#6841 = EDGE_CURVE('',#6832,#491,#6842,.T.);
#6842 = LINE('',#6843,#6844);
#6843 = CARTESIAN_POINT('',(21.2,-6.E-02,0.5));
#6844 = VECTOR('',#6845,1.);
#6845 = DIRECTION('',(-0.,1.,0.));
#6846 = ORIENTED_EDGE('',*,*,#490,.T.);
#6847 = ORIENTED_EDGE('',*,*,#6848,.F.);
#6848 = EDGE_CURVE('',#6834,#493,#6849,.T.);
#6849 = LINE('',#6850,#6851);
#6850 = CARTESIAN_POINT('',(21.2,-6.E-02,3.9));
#6851 = VECTOR('',#6852,1.);
#6852 = DIRECTION('',(-0.,1.,0.));
#6853 = PLANE('',#6854);
#6854 = AXIS2_PLACEMENT_3D('',#6855,#6856,#6857);
#6855 = CARTESIAN_POINT('',(21.2,-6.E-02,0.5));
#6856 = DIRECTION('',(1.,0.,-0.));
#6857 = DIRECTION('',(0.,0.,1.));
#6858 = ADVANCED_FACE('',(#6859),#6877,.F.);
#6859 = FACE_BOUND('',#6860,.F.);
#6860 = EDGE_LOOP('',(#6861,#6862,#6870,#6876));
#6861 = ORIENTED_EDGE('',*,*,#6841,.F.);
#6862 = ORIENTED_EDGE('',*,*,#6863,.T.);
#6863 = EDGE_CURVE('',#6832,#6864,#6866,.T.);
#6864 = VERTEX_POINT('',#6865);
#6865 = CARTESIAN_POINT('',(22.25,-6.E-02,0.5));
#6866 = LINE('',#6867,#6868);
#6867 = CARTESIAN_POINT('',(21.2,-6.E-02,0.5));
#6868 = VECTOR('',#6869,1.);
#6869 = DIRECTION('',(1.,0.,-0.));
#6870 = ORIENTED_EDGE('',*,*,#6871,.T.);
#6871 = EDGE_CURVE('',#6864,#501,#6872,.T.);
#6872 = LINE('',#6873,#6874);
#6873 = CARTESIAN_POINT('',(22.25,-6.E-02,0.5));
#6874 = VECTOR('',#6875,1.);
#6875 = DIRECTION('',(-0.,1.,0.));
#6876 = ORIENTED_EDGE('',*,*,#500,.F.);
#6877 = PLANE('',#6878);
#6878 = AXIS2_PLACEMENT_3D('',#6879,#6880,#6881);
#6879 = CARTESIAN_POINT('',(21.2,-6.E-02,0.5));
#6880 = DIRECTION('',(0.,0.,1.));
#6881 = DIRECTION('',(1.,0.,-0.));
#6882 = ADVANCED_FACE('',(#6883),#6901,.T.);
#6883 = FACE_BOUND('',#6884,.T.);
#6884 = EDGE_LOOP('',(#6885,#6886,#6894,#6900));
#6885 = ORIENTED_EDGE('',*,*,#6848,.F.);
#6886 = ORIENTED_EDGE('',*,*,#6887,.T.);
#6887 = EDGE_CURVE('',#6834,#6888,#6890,.T.);
#6888 = VERTEX_POINT('',#6889);
#6889 = CARTESIAN_POINT('',(22.25,-6.E-02,3.9));
#6890 = LINE('',#6891,#6892);
#6891 = CARTESIAN_POINT('',(21.2,-6.E-02,3.9));
#6892 = VECTOR('',#6893,1.);
#6893 = DIRECTION('',(1.,0.,-0.));
#6894 = ORIENTED_EDGE('',*,*,#6895,.T.);
#6895 = EDGE_CURVE('',#6888,#509,#6896,.T.);
#6896 = LINE('',#6897,#6898);
#6897 = CARTESIAN_POINT('',(22.25,-6.E-02,3.9));
#6898 = VECTOR('',#6899,1.);
#6899 = DIRECTION('',(-0.,1.,0.));
#6900 = ORIENTED_EDGE('',*,*,#516,.F.);
#6901 = PLANE('',#6902);
#6902 = AXIS2_PLACEMENT_3D('',#6903,#6904,#6905);
#6903 = CARTESIAN_POINT('',(21.2,-6.E-02,3.9));
#6904 = DIRECTION('',(0.,0.,1.));
#6905 = DIRECTION('',(1.,0.,-0.));
#6906 = ADVANCED_FACE('',(#6907),#6918,.T.);
#6907 = FACE_BOUND('',#6908,.T.);
#6908 = EDGE_LOOP('',(#6909,#6915,#6916,#6917));
#6909 = ORIENTED_EDGE('',*,*,#6910,.F.);
#6910 = EDGE_CURVE('',#6864,#6888,#6911,.T.);
#6911 = LINE('',#6912,#6913);
#6912 = CARTESIAN_POINT('',(22.25,-6.E-02,0.5));
#6913 = VECTOR('',#6914,1.);
#6914 = DIRECTION('',(0.,0.,1.));
#6915 = ORIENTED_EDGE('',*,*,#6871,.T.);
#6916 = ORIENTED_EDGE('',*,*,#508,.T.);
#6917 = ORIENTED_EDGE('',*,*,#6895,.F.);
#6918 = PLANE('',#6919);
#6919 = AXIS2_PLACEMENT_3D('',#6920,#6921,#6922);
#6920 = CARTESIAN_POINT('',(22.25,-6.E-02,0.5));
#6921 = DIRECTION('',(1.,0.,-0.));
#6922 = DIRECTION('',(0.,0.,1.));
#6923 = ADVANCED_FACE('',(#6924),#6949,.F.);
#6924 = FACE_BOUND('',#6925,.F.);
#6925 = EDGE_LOOP('',(#6926,#6936,#6942,#6943));
#6926 = ORIENTED_EDGE('',*,*,#6927,.F.);
#6927 = EDGE_CURVE('',#6928,#6930,#6932,.T.);
#6928 = VERTEX_POINT('',#6929);
#6929 = CARTESIAN_POINT('',(22.92,-6.E-02,0.5));
#6930 = VERTEX_POINT('',#6931);
#6931 = CARTESIAN_POINT('',(22.92,-6.E-02,3.9));
#6932 = LINE('',#6933,#6934);
#6933 = CARTESIAN_POINT('',(22.92,-6.E-02,0.5));
#6934 = VECTOR('',#6935,1.);
#6935 = DIRECTION('',(0.,0.,1.));
#6936 = ORIENTED_EDGE('',*,*,#6937,.T.);
#6937 = EDGE_CURVE('',#6928,#525,#6938,.T.);
#6938 = LINE('',#6939,#6940);
#6939 = CARTESIAN_POINT('',(22.92,-6.E-02,0.5));
#6940 = VECTOR('',#6941,1.);
#6941 = DIRECTION('',(-0.,1.,0.));
#6942 = ORIENTED_EDGE('',*,*,#524,.T.);
#6943 = ORIENTED_EDGE('',*,*,#6944,.F.);
#6944 = EDGE_CURVE('',#6930,#527,#6945,.T.);
#6945 = LINE('',#6946,#6947);
#6946 = CARTESIAN_POINT('',(22.92,-6.E-02,3.9));
#6947 = VECTOR('',#6948,1.);
#6948 = DIRECTION('',(-0.,1.,0.));
#6949 = PLANE('',#6950);
#6950 = AXIS2_PLACEMENT_3D('',#6951,#6952,#6953);
#6951 = CARTESIAN_POINT('',(22.92,-6.E-02,0.5));
#6952 = DIRECTION('',(1.,0.,-0.));
#6953 = DIRECTION('',(0.,0.,1.));
#6954 = ADVANCED_FACE('',(#6955),#6973,.F.);
#6955 = FACE_BOUND('',#6956,.F.);
#6956 = EDGE_LOOP('',(#6957,#6958,#6966,#6972));
#6957 = ORIENTED_EDGE('',*,*,#6937,.F.);
#6958 = ORIENTED_EDGE('',*,*,#6959,.T.);
#6959 = EDGE_CURVE('',#6928,#6960,#6962,.T.);
#6960 = VERTEX_POINT('',#6961);
#6961 = CARTESIAN_POINT('',(23.97,-6.E-02,0.5));
#6962 = LINE('',#6963,#6964);
#6963 = CARTESIAN_POINT('',(22.92,-6.E-02,0.5));
#6964 = VECTOR('',#6965,1.);
#6965 = DIRECTION('',(1.,0.,-0.));
#6966 = ORIENTED_EDGE('',*,*,#6967,.T.);
#6967 = EDGE_CURVE('',#6960,#535,#6968,.T.);
#6968 = LINE('',#6969,#6970);
#6969 = CARTESIAN_POINT('',(23.97,-6.E-02,0.5));
#6970 = VECTOR('',#6971,1.);
#6971 = DIRECTION('',(-0.,1.,0.));
#6972 = ORIENTED_EDGE('',*,*,#534,.F.);
#6973 = PLANE('',#6974);
#6974 = AXIS2_PLACEMENT_3D('',#6975,#6976,#6977);
#6975 = CARTESIAN_POINT('',(22.92,-6.E-02,0.5));
#6976 = DIRECTION('',(0.,0.,1.));
#6977 = DIRECTION('',(1.,0.,-0.));
#6978 = ADVANCED_FACE('',(#6979),#6997,.T.);
#6979 = FACE_BOUND('',#6980,.T.);
#6980 = EDGE_LOOP('',(#6981,#6982,#6990,#6996));
#6981 = ORIENTED_EDGE('',*,*,#6944,.F.);
#6982 = ORIENTED_EDGE('',*,*,#6983,.T.);
#6983 = EDGE_CURVE('',#6930,#6984,#6986,.T.);
#6984 = VERTEX_POINT('',#6985);
#6985 = CARTESIAN_POINT('',(23.97,-6.E-02,3.9));
#6986 = LINE('',#6987,#6988);
#6987 = CARTESIAN_POINT('',(22.92,-6.E-02,3.9));
#6988 = VECTOR('',#6989,1.);
#6989 = DIRECTION('',(1.,0.,-0.));
#6990 = ORIENTED_EDGE('',*,*,#6991,.T.);
#6991 = EDGE_CURVE('',#6984,#543,#6992,.T.);
#6992 = LINE('',#6993,#6994);
#6993 = CARTESIAN_POINT('',(23.97,-6.E-02,3.9));
#6994 = VECTOR('',#6995,1.);
#6995 = DIRECTION('',(-0.,1.,0.));
#6996 = ORIENTED_EDGE('',*,*,#550,.F.);
#6997 = PLANE('',#6998);
#6998 = AXIS2_PLACEMENT_3D('',#6999,#7000,#7001);
#6999 = CARTESIAN_POINT('',(22.92,-6.E-02,3.9));
#7000 = DIRECTION('',(0.,0.,1.));
#7001 = DIRECTION('',(1.,0.,-0.));
#7002 = ADVANCED_FACE('',(#7003),#7014,.T.);
#7003 = FACE_BOUND('',#7004,.T.);
#7004 = EDGE_LOOP('',(#7005,#7011,#7012,#7013));
#7005 = ORIENTED_EDGE('',*,*,#7006,.F.);
#7006 = EDGE_CURVE('',#6960,#6984,#7007,.T.);
#7007 = LINE('',#7008,#7009);
#7008 = CARTESIAN_POINT('',(23.97,-6.E-02,0.5));
#7009 = VECTOR('',#7010,1.);
#7010 = DIRECTION('',(0.,0.,1.));
#7011 = ORIENTED_EDGE('',*,*,#6967,.T.);
#7012 = ORIENTED_EDGE('',*,*,#542,.T.);
#7013 = ORIENTED_EDGE('',*,*,#6991,.F.);
#7014 = PLANE('',#7015);
#7015 = AXIS2_PLACEMENT_3D('',#7016,#7017,#7018);
#7016 = CARTESIAN_POINT('',(23.97,-6.E-02,0.5));
#7017 = DIRECTION('',(1.,0.,-0.));
#7018 = DIRECTION('',(0.,0.,1.));
#7019 = ADVANCED_FACE('',(#7020),#7045,.F.);
#7020 = FACE_BOUND('',#7021,.F.);
#7021 = EDGE_LOOP('',(#7022,#7032,#7038,#7039));
#7022 = ORIENTED_EDGE('',*,*,#7023,.F.);
#7023 = EDGE_CURVE('',#7024,#7026,#7028,.T.);
#7024 = VERTEX_POINT('',#7025);
#7025 = CARTESIAN_POINT('',(24.64,-6.E-02,0.5));
#7026 = VERTEX_POINT('',#7027);
#7027 = CARTESIAN_POINT('',(24.64,-6.E-02,3.9));
#7028 = LINE('',#7029,#7030);
#7029 = CARTESIAN_POINT('',(24.64,-6.E-02,0.5));
#7030 = VECTOR('',#7031,1.);
#7031 = DIRECTION('',(0.,0.,1.));
#7032 = ORIENTED_EDGE('',*,*,#7033,.T.);
#7033 = EDGE_CURVE('',#7024,#559,#7034,.T.);
#7034 = LINE('',#7035,#7036);
#7035 = CARTESIAN_POINT('',(24.64,-6.E-02,0.5));
#7036 = VECTOR('',#7037,1.);
#7037 = DIRECTION('',(-0.,1.,0.));
#7038 = ORIENTED_EDGE('',*,*,#558,.T.);
#7039 = ORIENTED_EDGE('',*,*,#7040,.F.);
#7040 = EDGE_CURVE('',#7026,#561,#7041,.T.);
#7041 = LINE('',#7042,#7043);
#7042 = CARTESIAN_POINT('',(24.64,-6.E-02,3.9));
#7043 = VECTOR('',#7044,1.);
#7044 = DIRECTION('',(-0.,1.,0.));
#7045 = PLANE('',#7046);
#7046 = AXIS2_PLACEMENT_3D('',#7047,#7048,#7049);
#7047 = CARTESIAN_POINT('',(24.64,-6.E-02,0.5));
#7048 = DIRECTION('',(1.,0.,-0.));
#7049 = DIRECTION('',(0.,0.,1.));
#7050 = ADVANCED_FACE('',(#7051),#7069,.F.);
#7051 = FACE_BOUND('',#7052,.F.);
#7052 = EDGE_LOOP('',(#7053,#7054,#7062,#7068));
#7053 = ORIENTED_EDGE('',*,*,#7033,.F.);
#7054 = ORIENTED_EDGE('',*,*,#7055,.T.);
#7055 = EDGE_CURVE('',#7024,#7056,#7058,.T.);
#7056 = VERTEX_POINT('',#7057);
#7057 = CARTESIAN_POINT('',(25.69,-6.E-02,0.5));
#7058 = LINE('',#7059,#7060);
#7059 = CARTESIAN_POINT('',(24.64,-6.E-02,0.5));
#7060 = VECTOR('',#7061,1.);
#7061 = DIRECTION('',(1.,0.,-0.));
#7062 = ORIENTED_EDGE('',*,*,#7063,.T.);
#7063 = EDGE_CURVE('',#7056,#569,#7064,.T.);
#7064 = LINE('',#7065,#7066);
#7065 = CARTESIAN_POINT('',(25.69,-6.E-02,0.5));
#7066 = VECTOR('',#7067,1.);
#7067 = DIRECTION('',(-0.,1.,0.));
#7068 = ORIENTED_EDGE('',*,*,#568,.F.);
#7069 = PLANE('',#7070);
#7070 = AXIS2_PLACEMENT_3D('',#7071,#7072,#7073);
#7071 = CARTESIAN_POINT('',(24.64,-6.E-02,0.5));
#7072 = DIRECTION('',(0.,0.,1.));
#7073 = DIRECTION('',(1.,0.,-0.));
#7074 = ADVANCED_FACE('',(#7075),#7093,.T.);
#7075 = FACE_BOUND('',#7076,.T.);
#7076 = EDGE_LOOP('',(#7077,#7078,#7086,#7092));
#7077 = ORIENTED_EDGE('',*,*,#7040,.F.);
#7078 = ORIENTED_EDGE('',*,*,#7079,.T.);
#7079 = EDGE_CURVE('',#7026,#7080,#7082,.T.);
#7080 = VERTEX_POINT('',#7081);
#7081 = CARTESIAN_POINT('',(25.69,-6.E-02,3.9));
#7082 = LINE('',#7083,#7084);
#7083 = CARTESIAN_POINT('',(24.64,-6.E-02,3.9));
#7084 = VECTOR('',#7085,1.);
#7085 = DIRECTION('',(1.,0.,-0.));
#7086 = ORIENTED_EDGE('',*,*,#7087,.T.);
#7087 = EDGE_CURVE('',#7080,#577,#7088,.T.);
#7088 = LINE('',#7089,#7090);
#7089 = CARTESIAN_POINT('',(25.69,-6.E-02,3.9));
#7090 = VECTOR('',#7091,1.);
#7091 = DIRECTION('',(-0.,1.,0.));
#7092 = ORIENTED_EDGE('',*,*,#584,.F.);
#7093 = PLANE('',#7094);
#7094 = AXIS2_PLACEMENT_3D('',#7095,#7096,#7097);
#7095 = CARTESIAN_POINT('',(24.64,-6.E-02,3.9));
#7096 = DIRECTION('',(0.,0.,1.));
#7097 = DIRECTION('',(1.,0.,-0.));
#7098 = ADVANCED_FACE('',(#7099),#7110,.T.);
#7099 = FACE_BOUND('',#7100,.T.);
#7100 = EDGE_LOOP('',(#7101,#7107,#7108,#7109));
#7101 = ORIENTED_EDGE('',*,*,#7102,.F.);
#7102 = EDGE_CURVE('',#7056,#7080,#7103,.T.);
#7103 = LINE('',#7104,#7105);
#7104 = CARTESIAN_POINT('',(25.69,-6.E-02,0.5));
#7105 = VECTOR('',#7106,1.);
#7106 = DIRECTION('',(0.,0.,1.));
#7107 = ORIENTED_EDGE('',*,*,#7063,.T.);
#7108 = ORIENTED_EDGE('',*,*,#576,.T.);
#7109 = ORIENTED_EDGE('',*,*,#7087,.F.);
#7110 = PLANE('',#7111);
#7111 = AXIS2_PLACEMENT_3D('',#7112,#7113,#7114);
#7112 = CARTESIAN_POINT('',(25.69,-6.E-02,0.5));
#7113 = DIRECTION('',(1.,0.,-0.));
#7114 = DIRECTION('',(0.,0.,1.));
#7115 = ADVANCED_FACE('',(#7116),#7141,.F.);
#7116 = FACE_BOUND('',#7117,.F.);
#7117 = EDGE_LOOP('',(#7118,#7128,#7134,#7135));
#7118 = ORIENTED_EDGE('',*,*,#7119,.F.);
#7119 = EDGE_CURVE('',#7120,#7122,#7124,.T.);
#7120 = VERTEX_POINT('',#7121);
#7121 = CARTESIAN_POINT('',(26.36,-6.E-02,0.5));
#7122 = VERTEX_POINT('',#7123);
#7123 = CARTESIAN_POINT('',(26.36,-6.E-02,3.9));
#7124 = LINE('',#7125,#7126);
#7125 = CARTESIAN_POINT('',(26.36,-6.E-02,0.5));
#7126 = VECTOR('',#7127,1.);
#7127 = DIRECTION('',(0.,0.,1.));
#7128 = ORIENTED_EDGE('',*,*,#7129,.T.);
#7129 = EDGE_CURVE('',#7120,#593,#7130,.T.);
#7130 = LINE('',#7131,#7132);
#7131 = CARTESIAN_POINT('',(26.36,-6.E-02,0.5));
#7132 = VECTOR('',#7133,1.);
#7133 = DIRECTION('',(-0.,1.,0.));
#7134 = ORIENTED_EDGE('',*,*,#592,.T.);
#7135 = ORIENTED_EDGE('',*,*,#7136,.F.);
#7136 = EDGE_CURVE('',#7122,#595,#7137,.T.);
#7137 = LINE('',#7138,#7139);
#7138 = CARTESIAN_POINT('',(26.36,-6.E-02,3.9));
#7139 = VECTOR('',#7140,1.);
#7140 = DIRECTION('',(-0.,1.,0.));
#7141 = PLANE('',#7142);
#7142 = AXIS2_PLACEMENT_3D('',#7143,#7144,#7145);
#7143 = CARTESIAN_POINT('',(26.36,-6.E-02,0.5));
#7144 = DIRECTION('',(1.,0.,-0.));
#7145 = DIRECTION('',(0.,0.,1.));
#7146 = ADVANCED_FACE('',(#7147),#7165,.F.);
#7147 = FACE_BOUND('',#7148,.F.);
#7148 = EDGE_LOOP('',(#7149,#7150,#7158,#7164));
#7149 = ORIENTED_EDGE('',*,*,#7129,.F.);
#7150 = ORIENTED_EDGE('',*,*,#7151,.T.);
#7151 = EDGE_CURVE('',#7120,#7152,#7154,.T.);
#7152 = VERTEX_POINT('',#7153);
#7153 = CARTESIAN_POINT('',(27.41,-6.E-02,0.5));
#7154 = LINE('',#7155,#7156);
#7155 = CARTESIAN_POINT('',(26.36,-6.E-02,0.5));
#7156 = VECTOR('',#7157,1.);
#7157 = DIRECTION('',(1.,0.,-0.));
#7158 = ORIENTED_EDGE('',*,*,#7159,.T.);
#7159 = EDGE_CURVE('',#7152,#603,#7160,.T.);
#7160 = LINE('',#7161,#7162);
#7161 = CARTESIAN_POINT('',(27.41,-6.E-02,0.5));
#7162 = VECTOR('',#7163,1.);
#7163 = DIRECTION('',(-0.,1.,0.));
#7164 = ORIENTED_EDGE('',*,*,#602,.F.);
#7165 = PLANE('',#7166);
#7166 = AXIS2_PLACEMENT_3D('',#7167,#7168,#7169);
#7167 = CARTESIAN_POINT('',(26.36,-6.E-02,0.5));
#7168 = DIRECTION('',(0.,0.,1.));
#7169 = DIRECTION('',(1.,0.,-0.));
#7170 = ADVANCED_FACE('',(#7171),#7189,.T.);
#7171 = FACE_BOUND('',#7172,.T.);
#7172 = EDGE_LOOP('',(#7173,#7174,#7182,#7188));
#7173 = ORIENTED_EDGE('',*,*,#7136,.F.);
#7174 = ORIENTED_EDGE('',*,*,#7175,.T.);
#7175 = EDGE_CURVE('',#7122,#7176,#7178,.T.);
#7176 = VERTEX_POINT('',#7177);
#7177 = CARTESIAN_POINT('',(27.41,-6.E-02,3.9));
#7178 = LINE('',#7179,#7180);
#7179 = CARTESIAN_POINT('',(26.36,-6.E-02,3.9));
#7180 = VECTOR('',#7181,1.);
#7181 = DIRECTION('',(1.,0.,-0.));
#7182 = ORIENTED_EDGE('',*,*,#7183,.T.);
#7183 = EDGE_CURVE('',#7176,#611,#7184,.T.);
#7184 = LINE('',#7185,#7186);
#7185 = CARTESIAN_POINT('',(27.41,-6.E-02,3.9));
#7186 = VECTOR('',#7187,1.);
#7187 = DIRECTION('',(-0.,1.,0.));
#7188 = ORIENTED_EDGE('',*,*,#618,.F.);
#7189 = PLANE('',#7190);
#7190 = AXIS2_PLACEMENT_3D('',#7191,#7192,#7193);
#7191 = CARTESIAN_POINT('',(26.36,-6.E-02,3.9));
#7192 = DIRECTION('',(0.,0.,1.));
#7193 = DIRECTION('',(1.,0.,-0.));
#7194 = ADVANCED_FACE('',(#7195),#7206,.T.);
#7195 = FACE_BOUND('',#7196,.T.);
#7196 = EDGE_LOOP('',(#7197,#7203,#7204,#7205));
#7197 = ORIENTED_EDGE('',*,*,#7198,.F.);
#7198 = EDGE_CURVE('',#7152,#7176,#7199,.T.);
#7199 = LINE('',#7200,#7201);
#7200 = CARTESIAN_POINT('',(27.41,-6.E-02,0.5));
#7201 = VECTOR('',#7202,1.);
#7202 = DIRECTION('',(0.,0.,1.));
#7203 = ORIENTED_EDGE('',*,*,#7159,.T.);
#7204 = ORIENTED_EDGE('',*,*,#610,.T.);
#7205 = ORIENTED_EDGE('',*,*,#7183,.F.);
#7206 = PLANE('',#7207);
#7207 = AXIS2_PLACEMENT_3D('',#7208,#7209,#7210);
#7208 = CARTESIAN_POINT('',(27.41,-6.E-02,0.5));
#7209 = DIRECTION('',(1.,0.,-0.));
#7210 = DIRECTION('',(0.,0.,1.));
#7211 = ADVANCED_FACE('',(#7212),#7237,.F.);
#7212 = FACE_BOUND('',#7213,.F.);
#7213 = EDGE_LOOP('',(#7214,#7224,#7230,#7231));
#7214 = ORIENTED_EDGE('',*,*,#7215,.F.);
#7215 = EDGE_CURVE('',#7216,#7218,#7220,.T.);
#7216 = VERTEX_POINT('',#7217);
#7217 = CARTESIAN_POINT('',(28.08,-6.E-02,0.5));
#7218 = VERTEX_POINT('',#7219);
#7219 = CARTESIAN_POINT('',(28.08,-6.E-02,3.9));
#7220 = LINE('',#7221,#7222);
#7221 = CARTESIAN_POINT('',(28.08,-6.E-02,0.5));
#7222 = VECTOR('',#7223,1.);
#7223 = DIRECTION('',(0.,0.,1.));
#7224 = ORIENTED_EDGE('',*,*,#7225,.T.);
#7225 = EDGE_CURVE('',#7216,#627,#7226,.T.);
#7226 = LINE('',#7227,#7228);
#7227 = CARTESIAN_POINT('',(28.08,-6.E-02,0.5));
#7228 = VECTOR('',#7229,1.);
#7229 = DIRECTION('',(-0.,1.,0.));
#7230 = ORIENTED_EDGE('',*,*,#626,.T.);
#7231 = ORIENTED_EDGE('',*,*,#7232,.F.);
#7232 = EDGE_CURVE('',#7218,#629,#7233,.T.);
#7233 = LINE('',#7234,#7235);
#7234 = CARTESIAN_POINT('',(28.08,-6.E-02,3.9));
#7235 = VECTOR('',#7236,1.);
#7236 = DIRECTION('',(-0.,1.,0.));
#7237 = PLANE('',#7238);
#7238 = AXIS2_PLACEMENT_3D('',#7239,#7240,#7241);
#7239 = CARTESIAN_POINT('',(28.08,-6.E-02,0.5));
#7240 = DIRECTION('',(1.,0.,-0.));
#7241 = DIRECTION('',(0.,0.,1.));
#7242 = ADVANCED_FACE('',(#7243),#7261,.F.);
#7243 = FACE_BOUND('',#7244,.F.);
#7244 = EDGE_LOOP('',(#7245,#7246,#7254,#7260));
#7245 = ORIENTED_EDGE('',*,*,#7225,.F.);
#7246 = ORIENTED_EDGE('',*,*,#7247,.T.);
#7247 = EDGE_CURVE('',#7216,#7248,#7250,.T.);
#7248 = VERTEX_POINT('',#7249);
#7249 = CARTESIAN_POINT('',(29.13,-6.E-02,0.5));
#7250 = LINE('',#7251,#7252);
#7251 = CARTESIAN_POINT('',(28.08,-6.E-02,0.5));
#7252 = VECTOR('',#7253,1.);
#7253 = DIRECTION('',(1.,0.,-0.));
#7254 = ORIENTED_EDGE('',*,*,#7255,.T.);
#7255 = EDGE_CURVE('',#7248,#637,#7256,.T.);
#7256 = LINE('',#7257,#7258);
#7257 = CARTESIAN_POINT('',(29.13,-6.E-02,0.5));
#7258 = VECTOR('',#7259,1.);
#7259 = DIRECTION('',(-0.,1.,0.));
#7260 = ORIENTED_EDGE('',*,*,#636,.F.);
#7261 = PLANE('',#7262);
#7262 = AXIS2_PLACEMENT_3D('',#7263,#7264,#7265);
#7263 = CARTESIAN_POINT('',(28.08,-6.E-02,0.5));
#7264 = DIRECTION('',(0.,0.,1.));
#7265 = DIRECTION('',(1.,0.,-0.));
#7266 = ADVANCED_FACE('',(#7267),#7285,.T.);
#7267 = FACE_BOUND('',#7268,.T.);
#7268 = EDGE_LOOP('',(#7269,#7270,#7278,#7284));
#7269 = ORIENTED_EDGE('',*,*,#7232,.F.);
#7270 = ORIENTED_EDGE('',*,*,#7271,.T.);
#7271 = EDGE_CURVE('',#7218,#7272,#7274,.T.);
#7272 = VERTEX_POINT('',#7273);
#7273 = CARTESIAN_POINT('',(29.13,-6.E-02,3.9));
#7274 = LINE('',#7275,#7276);
#7275 = CARTESIAN_POINT('',(28.08,-6.E-02,3.9));
#7276 = VECTOR('',#7277,1.);
#7277 = DIRECTION('',(1.,0.,-0.));
#7278 = ORIENTED_EDGE('',*,*,#7279,.T.);
#7279 = EDGE_CURVE('',#7272,#645,#7280,.T.);
#7280 = LINE('',#7281,#7282);
#7281 = CARTESIAN_POINT('',(29.13,-6.E-02,3.9));
#7282 = VECTOR('',#7283,1.);
#7283 = DIRECTION('',(-0.,1.,0.));
#7284 = ORIENTED_EDGE('',*,*,#652,.F.);
#7285 = PLANE('',#7286);
#7286 = AXIS2_PLACEMENT_3D('',#7287,#7288,#7289);
#7287 = CARTESIAN_POINT('',(28.08,-6.E-02,3.9));
#7288 = DIRECTION('',(0.,0.,1.));
#7289 = DIRECTION('',(1.,0.,-0.));
#7290 = ADVANCED_FACE('',(#7291),#7302,.T.);
#7291 = FACE_BOUND('',#7292,.T.);
#7292 = EDGE_LOOP('',(#7293,#7299,#7300,#7301));
#7293 = ORIENTED_EDGE('',*,*,#7294,.F.);
#7294 = EDGE_CURVE('',#7248,#7272,#7295,.T.);
#7295 = LINE('',#7296,#7297);
#7296 = CARTESIAN_POINT('',(29.13,-6.E-02,0.5));
#7297 = VECTOR('',#7298,1.);
#7298 = DIRECTION('',(0.,0.,1.));
#7299 = ORIENTED_EDGE('',*,*,#7255,.T.);
#7300 = ORIENTED_EDGE('',*,*,#644,.T.);
#7301 = ORIENTED_EDGE('',*,*,#7279,.F.);
#7302 = PLANE('',#7303);
#7303 = AXIS2_PLACEMENT_3D('',#7304,#7305,#7306);
#7304 = CARTESIAN_POINT('',(29.13,-6.E-02,0.5));
#7305 = DIRECTION('',(1.,0.,-0.));
#7306 = DIRECTION('',(0.,0.,1.));
#7307 = ADVANCED_FACE('',(#7308),#7333,.F.);
#7308 = FACE_BOUND('',#7309,.F.);
#7309 = EDGE_LOOP('',(#7310,#7320,#7326,#7327));
#7310 = ORIENTED_EDGE('',*,*,#7311,.F.);
#7311 = EDGE_CURVE('',#7312,#7314,#7316,.T.);
#7312 = VERTEX_POINT('',#7313);
#7313 = CARTESIAN_POINT('',(29.8,-6.E-02,0.5));
#7314 = VERTEX_POINT('',#7315);
#7315 = CARTESIAN_POINT('',(29.8,-6.E-02,3.9));
#7316 = LINE('',#7317,#7318);
#7317 = CARTESIAN_POINT('',(29.8,-6.E-02,0.5));
#7318 = VECTOR('',#7319,1.);
#7319 = DIRECTION('',(0.,0.,1.));
#7320 = ORIENTED_EDGE('',*,*,#7321,.T.);
#7321 = EDGE_CURVE('',#7312,#661,#7322,.T.);
#7322 = LINE('',#7323,#7324);
#7323 = CARTESIAN_POINT('',(29.8,-6.E-02,0.5));
#7324 = VECTOR('',#7325,1.);
#7325 = DIRECTION('',(-0.,1.,0.));
#7326 = ORIENTED_EDGE('',*,*,#660,.T.);
#7327 = ORIENTED_EDGE('',*,*,#7328,.F.);
#7328 = EDGE_CURVE('',#7314,#663,#7329,.T.);
#7329 = LINE('',#7330,#7331);
#7330 = CARTESIAN_POINT('',(29.8,-6.E-02,3.9));
#7331 = VECTOR('',#7332,1.);
#7332 = DIRECTION('',(-0.,1.,0.));
#7333 = PLANE('',#7334);
#7334 = AXIS2_PLACEMENT_3D('',#7335,#7336,#7337);
#7335 = CARTESIAN_POINT('',(29.8,-6.E-02,0.5));
#7336 = DIRECTION('',(1.,0.,-0.));
#7337 = DIRECTION('',(0.,0.,1.));
#7338 = ADVANCED_FACE('',(#7339),#7357,.F.);
#7339 = FACE_BOUND('',#7340,.F.);
#7340 = EDGE_LOOP('',(#7341,#7342,#7350,#7356));
#7341 = ORIENTED_EDGE('',*,*,#7321,.F.);
#7342 = ORIENTED_EDGE('',*,*,#7343,.T.);
#7343 = EDGE_CURVE('',#7312,#7344,#7346,.T.);
#7344 = VERTEX_POINT('',#7345);
#7345 = CARTESIAN_POINT('',(30.85,-6.E-02,0.5));
#7346 = LINE('',#7347,#7348);
#7347 = CARTESIAN_POINT('',(29.8,-6.E-02,0.5));
#7348 = VECTOR('',#7349,1.);
#7349 = DIRECTION('',(1.,0.,-0.));
#7350 = ORIENTED_EDGE('',*,*,#7351,.T.);
#7351 = EDGE_CURVE('',#7344,#671,#7352,.T.);
#7352 = LINE('',#7353,#7354);
#7353 = CARTESIAN_POINT('',(30.85,-6.E-02,0.5));
#7354 = VECTOR('',#7355,1.);
#7355 = DIRECTION('',(-0.,1.,0.));
#7356 = ORIENTED_EDGE('',*,*,#670,.F.);
#7357 = PLANE('',#7358);
#7358 = AXIS2_PLACEMENT_3D('',#7359,#7360,#7361);
#7359 = CARTESIAN_POINT('',(29.8,-6.E-02,0.5));
#7360 = DIRECTION('',(0.,0.,1.));
#7361 = DIRECTION('',(1.,0.,-0.));
#7362 = ADVANCED_FACE('',(#7363),#7381,.T.);
#7363 = FACE_BOUND('',#7364,.T.);
#7364 = EDGE_LOOP('',(#7365,#7366,#7374,#7380));
#7365 = ORIENTED_EDGE('',*,*,#7328,.F.);
#7366 = ORIENTED_EDGE('',*,*,#7367,.T.);
#7367 = EDGE_CURVE('',#7314,#7368,#7370,.T.);
#7368 = VERTEX_POINT('',#7369);
#7369 = CARTESIAN_POINT('',(30.85,-6.E-02,3.9));
#7370 = LINE('',#7371,#7372);
#7371 = CARTESIAN_POINT('',(29.8,-6.E-02,3.9));
#7372 = VECTOR('',#7373,1.);
#7373 = DIRECTION('',(1.,0.,-0.));
#7374 = ORIENTED_EDGE('',*,*,#7375,.T.);
#7375 = EDGE_CURVE('',#7368,#679,#7376,.T.);
#7376 = LINE('',#7377,#7378);
#7377 = CARTESIAN_POINT('',(30.85,-6.E-02,3.9));
#7378 = VECTOR('',#7379,1.);
#7379 = DIRECTION('',(-0.,1.,0.));
#7380 = ORIENTED_EDGE('',*,*,#686,.F.);
#7381 = PLANE('',#7382);
#7382 = AXIS2_PLACEMENT_3D('',#7383,#7384,#7385);
#7383 = CARTESIAN_POINT('',(29.8,-6.E-02,3.9));
#7384 = DIRECTION('',(0.,0.,1.));
#7385 = DIRECTION('',(1.,0.,-0.));
#7386 = ADVANCED_FACE('',(#7387),#7398,.T.);
#7387 = FACE_BOUND('',#7388,.T.);
#7388 = EDGE_LOOP('',(#7389,#7395,#7396,#7397));
#7389 = ORIENTED_EDGE('',*,*,#7390,.F.);
#7390 = EDGE_CURVE('',#7344,#7368,#7391,.T.);
#7391 = LINE('',#7392,#7393);
#7392 = CARTESIAN_POINT('',(30.85,-6.E-02,0.5));
#7393 = VECTOR('',#7394,1.);
#7394 = DIRECTION('',(0.,0.,1.));
#7395 = ORIENTED_EDGE('',*,*,#7351,.T.);
#7396 = ORIENTED_EDGE('',*,*,#678,.T.);
#7397 = ORIENTED_EDGE('',*,*,#7375,.F.);
#7398 = PLANE('',#7399);
#7399 = AXIS2_PLACEMENT_3D('',#7400,#7401,#7402);
#7400 = CARTESIAN_POINT('',(30.85,-6.E-02,0.5));
#7401 = DIRECTION('',(1.,0.,-0.));
#7402 = DIRECTION('',(0.,0.,1.));
#7403 = ADVANCED_FACE('',(#7404),#7429,.F.);
#7404 = FACE_BOUND('',#7405,.F.);
#7405 = EDGE_LOOP('',(#7406,#7416,#7422,#7423));
#7406 = ORIENTED_EDGE('',*,*,#7407,.F.);
#7407 = EDGE_CURVE('',#7408,#7410,#7412,.T.);
#7408 = VERTEX_POINT('',#7409);
#7409 = CARTESIAN_POINT('',(31.52,-6.E-02,0.5));
#7410 = VERTEX_POINT('',#7411);
#7411 = CARTESIAN_POINT('',(31.52,-6.E-02,3.9));
#7412 = LINE('',#7413,#7414);
#7413 = CARTESIAN_POINT('',(31.52,-6.E-02,0.5));
#7414 = VECTOR('',#7415,1.);
#7415 = DIRECTION('',(0.,0.,1.));
#7416 = ORIENTED_EDGE('',*,*,#7417,.T.);
#7417 = EDGE_CURVE('',#7408,#695,#7418,.T.);
#7418 = LINE('',#7419,#7420);
#7419 = CARTESIAN_POINT('',(31.52,-6.E-02,0.5));
#7420 = VECTOR('',#7421,1.);
#7421 = DIRECTION('',(-0.,1.,0.));
#7422 = ORIENTED_EDGE('',*,*,#694,.T.);
#7423 = ORIENTED_EDGE('',*,*,#7424,.F.);
#7424 = EDGE_CURVE('',#7410,#697,#7425,.T.);
#7425 = LINE('',#7426,#7427);
#7426 = CARTESIAN_POINT('',(31.52,-6.E-02,3.9));
#7427 = VECTOR('',#7428,1.);
#7428 = DIRECTION('',(-0.,1.,0.));
#7429 = PLANE('',#7430);
#7430 = AXIS2_PLACEMENT_3D('',#7431,#7432,#7433);
#7431 = CARTESIAN_POINT('',(31.52,-6.E-02,0.5));
#7432 = DIRECTION('',(1.,0.,-0.));
#7433 = DIRECTION('',(0.,0.,1.));
#7434 = ADVANCED_FACE('',(#7435),#7453,.F.);
#7435 = FACE_BOUND('',#7436,.F.);
#7436 = EDGE_LOOP('',(#7437,#7438,#7446,#7452));
#7437 = ORIENTED_EDGE('',*,*,#7417,.F.);
#7438 = ORIENTED_EDGE('',*,*,#7439,.T.);
#7439 = EDGE_CURVE('',#7408,#7440,#7442,.T.);
#7440 = VERTEX_POINT('',#7441);
#7441 = CARTESIAN_POINT('',(32.57,-6.E-02,0.5));
#7442 = LINE('',#7443,#7444);
#7443 = CARTESIAN_POINT('',(31.52,-6.E-02,0.5));
#7444 = VECTOR('',#7445,1.);
#7445 = DIRECTION('',(1.,0.,-0.));
#7446 = ORIENTED_EDGE('',*,*,#7447,.T.);
#7447 = EDGE_CURVE('',#7440,#705,#7448,.T.);
#7448 = LINE('',#7449,#7450);
#7449 = CARTESIAN_POINT('',(32.57,-6.E-02,0.5));
#7450 = VECTOR('',#7451,1.);
#7451 = DIRECTION('',(-0.,1.,0.));
#7452 = ORIENTED_EDGE('',*,*,#704,.F.);
#7453 = PLANE('',#7454);
#7454 = AXIS2_PLACEMENT_3D('',#7455,#7456,#7457);
#7455 = CARTESIAN_POINT('',(31.52,-6.E-02,0.5));
#7456 = DIRECTION('',(0.,0.,1.));
#7457 = DIRECTION('',(1.,0.,-0.));
#7458 = ADVANCED_FACE('',(#7459),#7477,.T.);
#7459 = FACE_BOUND('',#7460,.T.);
#7460 = EDGE_LOOP('',(#7461,#7462,#7470,#7476));
#7461 = ORIENTED_EDGE('',*,*,#7424,.F.);
#7462 = ORIENTED_EDGE('',*,*,#7463,.T.);
#7463 = EDGE_CURVE('',#7410,#7464,#7466,.T.);
#7464 = VERTEX_POINT('',#7465);
#7465 = CARTESIAN_POINT('',(32.57,-6.E-02,3.9));
#7466 = LINE('',#7467,#7468);
#7467 = CARTESIAN_POINT('',(31.52,-6.E-02,3.9));
#7468 = VECTOR('',#7469,1.);
#7469 = DIRECTION('',(1.,0.,-0.));
#7470 = ORIENTED_EDGE('',*,*,#7471,.T.);
#7471 = EDGE_CURVE('',#7464,#713,#7472,.T.);
#7472 = LINE('',#7473,#7474);
#7473 = CARTESIAN_POINT('',(32.57,-6.E-02,3.9));
#7474 = VECTOR('',#7475,1.);
#7475 = DIRECTION('',(-0.,1.,0.));
#7476 = ORIENTED_EDGE('',*,*,#720,.F.);
#7477 = PLANE('',#7478);
#7478 = AXIS2_PLACEMENT_3D('',#7479,#7480,#7481);
#7479 = CARTESIAN_POINT('',(31.52,-6.E-02,3.9));
#7480 = DIRECTION('',(0.,0.,1.));
#7481 = DIRECTION('',(1.,0.,-0.));
#7482 = ADVANCED_FACE('',(#7483),#7494,.T.);
#7483 = FACE_BOUND('',#7484,.T.);
#7484 = EDGE_LOOP('',(#7485,#7491,#7492,#7493));
#7485 = ORIENTED_EDGE('',*,*,#7486,.F.);
#7486 = EDGE_CURVE('',#7440,#7464,#7487,.T.);
#7487 = LINE('',#7488,#7489);
#7488 = CARTESIAN_POINT('',(32.57,-6.E-02,0.5));
#7489 = VECTOR('',#7490,1.);
#7490 = DIRECTION('',(0.,0.,1.));
#7491 = ORIENTED_EDGE('',*,*,#7447,.T.);
#7492 = ORIENTED_EDGE('',*,*,#712,.T.);
#7493 = ORIENTED_EDGE('',*,*,#7471,.F.);
#7494 = PLANE('',#7495);
#7495 = AXIS2_PLACEMENT_3D('',#7496,#7497,#7498);
#7496 = CARTESIAN_POINT('',(32.57,-6.E-02,0.5));
#7497 = DIRECTION('',(1.,0.,-0.));
#7498 = DIRECTION('',(0.,0.,1.));
#7499 = ADVANCED_FACE('',(#7500),#7525,.F.);
#7500 = FACE_BOUND('',#7501,.F.);
#7501 = EDGE_LOOP('',(#7502,#7512,#7518,#7519));
#7502 = ORIENTED_EDGE('',*,*,#7503,.F.);
#7503 = EDGE_CURVE('',#7504,#7506,#7508,.T.);
#7504 = VERTEX_POINT('',#7505);
#7505 = CARTESIAN_POINT('',(33.24,-6.E-02,0.5));
#7506 = VERTEX_POINT('',#7507);
#7507 = CARTESIAN_POINT('',(33.24,-6.E-02,3.9));
#7508 = LINE('',#7509,#7510);
#7509 = CARTESIAN_POINT('',(33.24,-6.E-02,0.5));
#7510 = VECTOR('',#7511,1.);
#7511 = DIRECTION('',(0.,0.,1.));
#7512 = ORIENTED_EDGE('',*,*,#7513,.T.);
#7513 = EDGE_CURVE('',#7504,#729,#7514,.T.);
#7514 = LINE('',#7515,#7516);
#7515 = CARTESIAN_POINT('',(33.24,-6.E-02,0.5));
#7516 = VECTOR('',#7517,1.);
#7517 = DIRECTION('',(-0.,1.,0.));
#7518 = ORIENTED_EDGE('',*,*,#728,.T.);
#7519 = ORIENTED_EDGE('',*,*,#7520,.F.);
#7520 = EDGE_CURVE('',#7506,#731,#7521,.T.);
#7521 = LINE('',#7522,#7523);
#7522 = CARTESIAN_POINT('',(33.24,-6.E-02,3.9));
#7523 = VECTOR('',#7524,1.);
#7524 = DIRECTION('',(-0.,1.,0.));
#7525 = PLANE('',#7526);
#7526 = AXIS2_PLACEMENT_3D('',#7527,#7528,#7529);
#7527 = CARTESIAN_POINT('',(33.24,-6.E-02,0.5));
#7528 = DIRECTION('',(1.,0.,-0.));
#7529 = DIRECTION('',(0.,0.,1.));
#7530 = ADVANCED_FACE('',(#7531),#7549,.F.);
#7531 = FACE_BOUND('',#7532,.F.);
#7532 = EDGE_LOOP('',(#7533,#7534,#7542,#7548));
#7533 = ORIENTED_EDGE('',*,*,#7513,.F.);
#7534 = ORIENTED_EDGE('',*,*,#7535,.T.);
#7535 = EDGE_CURVE('',#7504,#7536,#7538,.T.);
#7536 = VERTEX_POINT('',#7537);
#7537 = CARTESIAN_POINT('',(34.29,-6.E-02,0.5));
#7538 = LINE('',#7539,#7540);
#7539 = CARTESIAN_POINT('',(33.24,-6.E-02,0.5));
#7540 = VECTOR('',#7541,1.);
#7541 = DIRECTION('',(1.,0.,-0.));
#7542 = ORIENTED_EDGE('',*,*,#7543,.T.);
#7543 = EDGE_CURVE('',#7536,#739,#7544,.T.);
#7544 = LINE('',#7545,#7546);
#7545 = CARTESIAN_POINT('',(34.29,-6.E-02,0.5));
#7546 = VECTOR('',#7547,1.);
#7547 = DIRECTION('',(-0.,1.,0.));
#7548 = ORIENTED_EDGE('',*,*,#738,.F.);
#7549 = PLANE('',#7550);
#7550 = AXIS2_PLACEMENT_3D('',#7551,#7552,#7553);
#7551 = CARTESIAN_POINT('',(33.24,-6.E-02,0.5));
#7552 = DIRECTION('',(0.,0.,1.));
#7553 = DIRECTION('',(1.,0.,-0.));
#7554 = ADVANCED_FACE('',(#7555),#7573,.T.);
#7555 = FACE_BOUND('',#7556,.T.);
#7556 = EDGE_LOOP('',(#7557,#7558,#7566,#7572));
#7557 = ORIENTED_EDGE('',*,*,#7520,.F.);
#7558 = ORIENTED_EDGE('',*,*,#7559,.T.);
#7559 = EDGE_CURVE('',#7506,#7560,#7562,.T.);
#7560 = VERTEX_POINT('',#7561);
#7561 = CARTESIAN_POINT('',(34.29,-6.E-02,3.9));
#7562 = LINE('',#7563,#7564);
#7563 = CARTESIAN_POINT('',(33.24,-6.E-02,3.9));
#7564 = VECTOR('',#7565,1.);
#7565 = DIRECTION('',(1.,0.,-0.));
#7566 = ORIENTED_EDGE('',*,*,#7567,.T.);
#7567 = EDGE_CURVE('',#7560,#747,#7568,.T.);
#7568 = LINE('',#7569,#7570);
#7569 = CARTESIAN_POINT('',(34.29,-6.E-02,3.9));
#7570 = VECTOR('',#7571,1.);
#7571 = DIRECTION('',(-0.,1.,0.));
#7572 = ORIENTED_EDGE('',*,*,#754,.F.);
#7573 = PLANE('',#7574);
#7574 = AXIS2_PLACEMENT_3D('',#7575,#7576,#7577);
#7575 = CARTESIAN_POINT('',(33.24,-6.E-02,3.9));
#7576 = DIRECTION('',(0.,0.,1.));
#7577 = DIRECTION('',(1.,0.,-0.));
#7578 = ADVANCED_FACE('',(#7579),#7590,.T.);
#7579 = FACE_BOUND('',#7580,.T.);
#7580 = EDGE_LOOP('',(#7581,#7587,#7588,#7589));
#7581 = ORIENTED_EDGE('',*,*,#7582,.F.);
#7582 = EDGE_CURVE('',#7536,#7560,#7583,.T.);
#7583 = LINE('',#7584,#7585);
#7584 = CARTESIAN_POINT('',(34.29,-6.E-02,0.5));
#7585 = VECTOR('',#7586,1.);
#7586 = DIRECTION('',(0.,0.,1.));
#7587 = ORIENTED_EDGE('',*,*,#7543,.T.);
#7588 = ORIENTED_EDGE('',*,*,#746,.T.);
#7589 = ORIENTED_EDGE('',*,*,#7567,.F.);
#7590 = PLANE('',#7591);
#7591 = AXIS2_PLACEMENT_3D('',#7592,#7593,#7594);
#7592 = CARTESIAN_POINT('',(34.29,-6.E-02,0.5));
#7593 = DIRECTION('',(1.,0.,-0.));
#7594 = DIRECTION('',(0.,0.,1.));
#7595 = ADVANCED_FACE('',(#7596),#7621,.F.);
#7596 = FACE_BOUND('',#7597,.F.);
#7597 = EDGE_LOOP('',(#7598,#7608,#7614,#7615));
#7598 = ORIENTED_EDGE('',*,*,#7599,.F.);
#7599 = EDGE_CURVE('',#7600,#7602,#7604,.T.);
#7600 = VERTEX_POINT('',#7601);
#7601 = CARTESIAN_POINT('',(34.96,-6.E-02,0.5));
#7602 = VERTEX_POINT('',#7603);
#7603 = CARTESIAN_POINT('',(34.96,-6.E-02,3.9));
#7604 = LINE('',#7605,#7606);
#7605 = CARTESIAN_POINT('',(34.96,-6.E-02,0.5));
#7606 = VECTOR('',#7607,1.);
#7607 = DIRECTION('',(0.,0.,1.));
#7608 = ORIENTED_EDGE('',*,*,#7609,.T.);
#7609 = EDGE_CURVE('',#7600,#763,#7610,.T.);
#7610 = LINE('',#7611,#7612);
#7611 = CARTESIAN_POINT('',(34.96,-6.E-02,0.5));
#7612 = VECTOR('',#7613,1.);
#7613 = DIRECTION('',(-0.,1.,0.));
#7614 = ORIENTED_EDGE('',*,*,#762,.T.);
#7615 = ORIENTED_EDGE('',*,*,#7616,.F.);
#7616 = EDGE_CURVE('',#7602,#765,#7617,.T.);
#7617 = LINE('',#7618,#7619);
#7618 = CARTESIAN_POINT('',(34.96,-6.E-02,3.9));
#7619 = VECTOR('',#7620,1.);
#7620 = DIRECTION('',(-0.,1.,0.));
#7621 = PLANE('',#7622);
#7622 = AXIS2_PLACEMENT_3D('',#7623,#7624,#7625);
#7623 = CARTESIAN_POINT('',(34.96,-6.E-02,0.5));
#7624 = DIRECTION('',(1.,0.,-0.));
#7625 = DIRECTION('',(0.,0.,1.));
#7626 = ADVANCED_FACE('',(#7627),#7645,.F.);
#7627 = FACE_BOUND('',#7628,.F.);
#7628 = EDGE_LOOP('',(#7629,#7630,#7638,#7644));
#7629 = ORIENTED_EDGE('',*,*,#7609,.F.);
#7630 = ORIENTED_EDGE('',*,*,#7631,.T.);
#7631 = EDGE_CURVE('',#7600,#7632,#7634,.T.);
#7632 = VERTEX_POINT('',#7633);
#7633 = CARTESIAN_POINT('',(36.01,-6.E-02,0.5));
#7634 = LINE('',#7635,#7636);
#7635 = CARTESIAN_POINT('',(34.96,-6.E-02,0.5));
#7636 = VECTOR('',#7637,1.);
#7637 = DIRECTION('',(1.,0.,-0.));
#7638 = ORIENTED_EDGE('',*,*,#7639,.T.);
#7639 = EDGE_CURVE('',#7632,#773,#7640,.T.);
#7640 = LINE('',#7641,#7642);
#7641 = CARTESIAN_POINT('',(36.01,-6.E-02,0.5));
#7642 = VECTOR('',#7643,1.);
#7643 = DIRECTION('',(-0.,1.,0.));
#7644 = ORIENTED_EDGE('',*,*,#772,.F.);
#7645 = PLANE('',#7646);
#7646 = AXIS2_PLACEMENT_3D('',#7647,#7648,#7649);
#7647 = CARTESIAN_POINT('',(34.96,-6.E-02,0.5));
#7648 = DIRECTION('',(0.,0.,1.));
#7649 = DIRECTION('',(1.,0.,-0.));
#7650 = ADVANCED_FACE('',(#7651),#7669,.T.);
#7651 = FACE_BOUND('',#7652,.T.);
#7652 = EDGE_LOOP('',(#7653,#7654,#7662,#7668));
#7653 = ORIENTED_EDGE('',*,*,#7616,.F.);
#7654 = ORIENTED_EDGE('',*,*,#7655,.T.);
#7655 = EDGE_CURVE('',#7602,#7656,#7658,.T.);
#7656 = VERTEX_POINT('',#7657);
#7657 = CARTESIAN_POINT('',(36.01,-6.E-02,3.9));
#7658 = LINE('',#7659,#7660);
#7659 = CARTESIAN_POINT('',(34.96,-6.E-02,3.9));
#7660 = VECTOR('',#7661,1.);
#7661 = DIRECTION('',(1.,0.,-0.));
#7662 = ORIENTED_EDGE('',*,*,#7663,.T.);
#7663 = EDGE_CURVE('',#7656,#781,#7664,.T.);
#7664 = LINE('',#7665,#7666);
#7665 = CARTESIAN_POINT('',(36.01,-6.E-02,3.9));
#7666 = VECTOR('',#7667,1.);
#7667 = DIRECTION('',(-0.,1.,0.));
#7668 = ORIENTED_EDGE('',*,*,#788,.F.);
#7669 = PLANE('',#7670);
#7670 = AXIS2_PLACEMENT_3D('',#7671,#7672,#7673);
#7671 = CARTESIAN_POINT('',(34.96,-6.E-02,3.9));
#7672 = DIRECTION('',(0.,0.,1.));
#7673 = DIRECTION('',(1.,0.,-0.));
#7674 = ADVANCED_FACE('',(#7675),#7686,.T.);
#7675 = FACE_BOUND('',#7676,.T.);
#7676 = EDGE_LOOP('',(#7677,#7683,#7684,#7685));
#7677 = ORIENTED_EDGE('',*,*,#7678,.F.);
#7678 = EDGE_CURVE('',#7632,#7656,#7679,.T.);
#7679 = LINE('',#7680,#7681);
#7680 = CARTESIAN_POINT('',(36.01,-6.E-02,0.5));
#7681 = VECTOR('',#7682,1.);
#7682 = DIRECTION('',(0.,0.,1.));
#7683 = ORIENTED_EDGE('',*,*,#7639,.T.);
#7684 = ORIENTED_EDGE('',*,*,#780,.T.);
#7685 = ORIENTED_EDGE('',*,*,#7663,.F.);
#7686 = PLANE('',#7687);
#7687 = AXIS2_PLACEMENT_3D('',#7688,#7689,#7690);
#7688 = CARTESIAN_POINT('',(36.01,-6.E-02,0.5));
#7689 = DIRECTION('',(1.,0.,-0.));
#7690 = DIRECTION('',(0.,0.,1.));
#7691 = ADVANCED_FACE('',(#7692),#7717,.F.);
#7692 = FACE_BOUND('',#7693,.F.);
#7693 = EDGE_LOOP('',(#7694,#7704,#7710,#7711));
#7694 = ORIENTED_EDGE('',*,*,#7695,.F.);
#7695 = EDGE_CURVE('',#7696,#7698,#7700,.T.);
#7696 = VERTEX_POINT('',#7697);
#7697 = CARTESIAN_POINT('',(36.68,-6.E-02,0.5));
#7698 = VERTEX_POINT('',#7699);
#7699 = CARTESIAN_POINT('',(36.68,-6.E-02,3.9));
#7700 = LINE('',#7701,#7702);
#7701 = CARTESIAN_POINT('',(36.68,-6.E-02,0.5));
#7702 = VECTOR('',#7703,1.);
#7703 = DIRECTION('',(0.,0.,1.));
#7704 = ORIENTED_EDGE('',*,*,#7705,.T.);
#7705 = EDGE_CURVE('',#7696,#797,#7706,.T.);
#7706 = LINE('',#7707,#7708);
#7707 = CARTESIAN_POINT('',(36.68,-6.E-02,0.5));
#7708 = VECTOR('',#7709,1.);
#7709 = DIRECTION('',(-0.,1.,0.));
#7710 = ORIENTED_EDGE('',*,*,#796,.T.);
#7711 = ORIENTED_EDGE('',*,*,#7712,.F.);
#7712 = EDGE_CURVE('',#7698,#799,#7713,.T.);
#7713 = LINE('',#7714,#7715);
#7714 = CARTESIAN_POINT('',(36.68,-6.E-02,3.9));
#7715 = VECTOR('',#7716,1.);
#7716 = DIRECTION('',(-0.,1.,0.));
#7717 = PLANE('',#7718);
#7718 = AXIS2_PLACEMENT_3D('',#7719,#7720,#7721);
#7719 = CARTESIAN_POINT('',(36.68,-6.E-02,0.5));
#7720 = DIRECTION('',(1.,0.,-0.));
#7721 = DIRECTION('',(0.,0.,1.));
#7722 = ADVANCED_FACE('',(#7723),#7741,.F.);
#7723 = FACE_BOUND('',#7724,.F.);
#7724 = EDGE_LOOP('',(#7725,#7726,#7734,#7740));
#7725 = ORIENTED_EDGE('',*,*,#7705,.F.);
#7726 = ORIENTED_EDGE('',*,*,#7727,.T.);
#7727 = EDGE_CURVE('',#7696,#7728,#7730,.T.);
#7728 = VERTEX_POINT('',#7729);
#7729 = CARTESIAN_POINT('',(37.73,-6.E-02,0.5));
#7730 = LINE('',#7731,#7732);
#7731 = CARTESIAN_POINT('',(36.68,-6.E-02,0.5));
#7732 = VECTOR('',#7733,1.);
#7733 = DIRECTION('',(1.,0.,-0.));
#7734 = ORIENTED_EDGE('',*,*,#7735,.T.);
#7735 = EDGE_CURVE('',#7728,#807,#7736,.T.);
#7736 = LINE('',#7737,#7738);
#7737 = CARTESIAN_POINT('',(37.73,-6.E-02,0.5));
#7738 = VECTOR('',#7739,1.);
#7739 = DIRECTION('',(-0.,1.,0.));
#7740 = ORIENTED_EDGE('',*,*,#806,.F.);
#7741 = PLANE('',#7742);
#7742 = AXIS2_PLACEMENT_3D('',#7743,#7744,#7745);
#7743 = CARTESIAN_POINT('',(36.68,-6.E-02,0.5));
#7744 = DIRECTION('',(0.,0.,1.));
#7745 = DIRECTION('',(1.,0.,-0.));
#7746 = ADVANCED_FACE('',(#7747),#7765,.T.);
#7747 = FACE_BOUND('',#7748,.T.);
#7748 = EDGE_LOOP('',(#7749,#7750,#7758,#7764));
#7749 = ORIENTED_EDGE('',*,*,#7712,.F.);
#7750 = ORIENTED_EDGE('',*,*,#7751,.T.);
#7751 = EDGE_CURVE('',#7698,#7752,#7754,.T.);
#7752 = VERTEX_POINT('',#7753);
#7753 = CARTESIAN_POINT('',(37.73,-6.E-02,3.9));
#7754 = LINE('',#7755,#7756);
#7755 = CARTESIAN_POINT('',(36.68,-6.E-02,3.9));
#7756 = VECTOR('',#7757,1.);
#7757 = DIRECTION('',(1.,0.,-0.));
#7758 = ORIENTED_EDGE('',*,*,#7759,.T.);
#7759 = EDGE_CURVE('',#7752,#815,#7760,.T.);
#7760 = LINE('',#7761,#7762);
#7761 = CARTESIAN_POINT('',(37.73,-6.E-02,3.9));
#7762 = VECTOR('',#7763,1.);
#7763 = DIRECTION('',(-0.,1.,0.));
#7764 = ORIENTED_EDGE('',*,*,#822,.F.);
#7765 = PLANE('',#7766);
#7766 = AXIS2_PLACEMENT_3D('',#7767,#7768,#7769);
#7767 = CARTESIAN_POINT('',(36.68,-6.E-02,3.9));
#7768 = DIRECTION('',(0.,0.,1.));
#7769 = DIRECTION('',(1.,0.,-0.));
#7770 = ADVANCED_FACE('',(#7771),#7782,.T.);
#7771 = FACE_BOUND('',#7772,.T.);
#7772 = EDGE_LOOP('',(#7773,#7779,#7780,#7781));
#7773 = ORIENTED_EDGE('',*,*,#7774,.F.);
#7774 = EDGE_CURVE('',#7728,#7752,#7775,.T.);
#7775 = LINE('',#7776,#7777);
#7776 = CARTESIAN_POINT('',(37.73,-6.E-02,0.5));
#7777 = VECTOR('',#7778,1.);
#7778 = DIRECTION('',(0.,0.,1.));
#7779 = ORIENTED_EDGE('',*,*,#7735,.T.);
#7780 = ORIENTED_EDGE('',*,*,#814,.T.);
#7781 = ORIENTED_EDGE('',*,*,#7759,.F.);
#7782 = PLANE('',#7783);
#7783 = AXIS2_PLACEMENT_3D('',#7784,#7785,#7786);
#7784 = CARTESIAN_POINT('',(37.73,-6.E-02,0.5));
#7785 = DIRECTION('',(1.,0.,-0.));
#7786 = DIRECTION('',(0.,0.,1.));
#7787 = ADVANCED_FACE('',(#7788),#7813,.F.);
#7788 = FACE_BOUND('',#7789,.F.);
#7789 = EDGE_LOOP('',(#7790,#7800,#7806,#7807));
#7790 = ORIENTED_EDGE('',*,*,#7791,.F.);
#7791 = EDGE_CURVE('',#7792,#7794,#7796,.T.);
#7792 = VERTEX_POINT('',#7793);
#7793 = CARTESIAN_POINT('',(38.4,-6.E-02,0.5));
#7794 = VERTEX_POINT('',#7795);
#7795 = CARTESIAN_POINT('',(38.4,-6.E-02,3.9));
#7796 = LINE('',#7797,#7798);
#7797 = CARTESIAN_POINT('',(38.4,-6.E-02,0.5));
#7798 = VECTOR('',#7799,1.);
#7799 = DIRECTION('',(0.,0.,1.));
#7800 = ORIENTED_EDGE('',*,*,#7801,.T.);
#7801 = EDGE_CURVE('',#7792,#831,#7802,.T.);
#7802 = LINE('',#7803,#7804);
#7803 = CARTESIAN_POINT('',(38.4,-6.E-02,0.5));
#7804 = VECTOR('',#7805,1.);
#7805 = DIRECTION('',(-0.,1.,0.));
#7806 = ORIENTED_EDGE('',*,*,#830,.T.);
#7807 = ORIENTED_EDGE('',*,*,#7808,.F.);
#7808 = EDGE_CURVE('',#7794,#833,#7809,.T.);
#7809 = LINE('',#7810,#7811);
#7810 = CARTESIAN_POINT('',(38.4,-6.E-02,3.9));
#7811 = VECTOR('',#7812,1.);
#7812 = DIRECTION('',(-0.,1.,0.));
#7813 = PLANE('',#7814);
#7814 = AXIS2_PLACEMENT_3D('',#7815,#7816,#7817);
#7815 = CARTESIAN_POINT('',(38.4,-6.E-02,0.5));
#7816 = DIRECTION('',(1.,0.,-0.));
#7817 = DIRECTION('',(0.,0.,1.));
#7818 = ADVANCED_FACE('',(#7819),#7837,.F.);
#7819 = FACE_BOUND('',#7820,.F.);
#7820 = EDGE_LOOP('',(#7821,#7822,#7830,#7836));
#7821 = ORIENTED_EDGE('',*,*,#7801,.F.);
#7822 = ORIENTED_EDGE('',*,*,#7823,.T.);
#7823 = EDGE_CURVE('',#7792,#7824,#7826,.T.);
#7824 = VERTEX_POINT('',#7825);
#7825 = CARTESIAN_POINT('',(39.45,-6.E-02,0.5));
#7826 = LINE('',#7827,#7828);
#7827 = CARTESIAN_POINT('',(38.4,-6.E-02,0.5));
#7828 = VECTOR('',#7829,1.);
#7829 = DIRECTION('',(1.,0.,-0.));
#7830 = ORIENTED_EDGE('',*,*,#7831,.T.);
#7831 = EDGE_CURVE('',#7824,#841,#7832,.T.);
#7832 = LINE('',#7833,#7834);
#7833 = CARTESIAN_POINT('',(39.45,-6.E-02,0.5));
#7834 = VECTOR('',#7835,1.);
#7835 = DIRECTION('',(-0.,1.,0.));
#7836 = ORIENTED_EDGE('',*,*,#840,.F.);
#7837 = PLANE('',#7838);
#7838 = AXIS2_PLACEMENT_3D('',#7839,#7840,#7841);
#7839 = CARTESIAN_POINT('',(38.4,-6.E-02,0.5));
#7840 = DIRECTION('',(0.,0.,1.));
#7841 = DIRECTION('',(1.,0.,-0.));
#7842 = ADVANCED_FACE('',(#7843),#7861,.T.);
#7843 = FACE_BOUND('',#7844,.T.);
#7844 = EDGE_LOOP('',(#7845,#7846,#7854,#7860));
#7845 = ORIENTED_EDGE('',*,*,#7808,.F.);
#7846 = ORIENTED_EDGE('',*,*,#7847,.T.);
#7847 = EDGE_CURVE('',#7794,#7848,#7850,.T.);
#7848 = VERTEX_POINT('',#7849);
#7849 = CARTESIAN_POINT('',(39.45,-6.E-02,3.9));
#7850 = LINE('',#7851,#7852);
#7851 = CARTESIAN_POINT('',(38.4,-6.E-02,3.9));
#7852 = VECTOR('',#7853,1.);
#7853 = DIRECTION('',(1.,0.,-0.));
#7854 = ORIENTED_EDGE('',*,*,#7855,.T.);
#7855 = EDGE_CURVE('',#7848,#849,#7856,.T.);
#7856 = LINE('',#7857,#7858);
#7857 = CARTESIAN_POINT('',(39.45,-6.E-02,3.9));
#7858 = VECTOR('',#7859,1.);
#7859 = DIRECTION('',(-0.,1.,0.));
#7860 = ORIENTED_EDGE('',*,*,#856,.F.);
#7861 = PLANE('',#7862);
#7862 = AXIS2_PLACEMENT_3D('',#7863,#7864,#7865);
#7863 = CARTESIAN_POINT('',(38.4,-6.E-02,3.9));
#7864 = DIRECTION('',(0.,0.,1.));
#7865 = DIRECTION('',(1.,0.,-0.));
#7866 = ADVANCED_FACE('',(#7867),#7878,.T.);
#7867 = FACE_BOUND('',#7868,.T.);
#7868 = EDGE_LOOP('',(#7869,#7875,#7876,#7877));
#7869 = ORIENTED_EDGE('',*,*,#7870,.F.);
#7870 = EDGE_CURVE('',#7824,#7848,#7871,.T.);
#7871 = LINE('',#7872,#7873);
#7872 = CARTESIAN_POINT('',(39.45,-6.E-02,0.5));
#7873 = VECTOR('',#7874,1.);
#7874 = DIRECTION('',(0.,0.,1.));
#7875 = ORIENTED_EDGE('',*,*,#7831,.T.);
#7876 = ORIENTED_EDGE('',*,*,#848,.T.);
#7877 = ORIENTED_EDGE('',*,*,#7855,.F.);
#7878 = PLANE('',#7879);
#7879 = AXIS2_PLACEMENT_3D('',#7880,#7881,#7882);
#7880 = CARTESIAN_POINT('',(39.45,-6.E-02,0.5));
#7881 = DIRECTION('',(1.,0.,-0.));
#7882 = DIRECTION('',(0.,0.,1.));
#7883 = ADVANCED_FACE('',(#7884),#7909,.F.);
#7884 = FACE_BOUND('',#7885,.F.);
#7885 = EDGE_LOOP('',(#7886,#7896,#7902,#7903));
#7886 = ORIENTED_EDGE('',*,*,#7887,.F.);
#7887 = EDGE_CURVE('',#7888,#7890,#7892,.T.);
#7888 = VERTEX_POINT('',#7889);
#7889 = CARTESIAN_POINT('',(40.12,-6.E-02,0.5));
#7890 = VERTEX_POINT('',#7891);
#7891 = CARTESIAN_POINT('',(40.12,-6.E-02,3.9));
#7892 = LINE('',#7893,#7894);
#7893 = CARTESIAN_POINT('',(40.12,-6.E-02,0.5));
#7894 = VECTOR('',#7895,1.);
#7895 = DIRECTION('',(0.,0.,1.));
#7896 = ORIENTED_EDGE('',*,*,#7897,.T.);
#7897 = EDGE_CURVE('',#7888,#865,#7898,.T.);
#7898 = LINE('',#7899,#7900);
#7899 = CARTESIAN_POINT('',(40.12,-6.E-02,0.5));
#7900 = VECTOR('',#7901,1.);
#7901 = DIRECTION('',(-0.,1.,0.));
#7902 = ORIENTED_EDGE('',*,*,#864,.T.);
#7903 = ORIENTED_EDGE('',*,*,#7904,.F.);
#7904 = EDGE_CURVE('',#7890,#867,#7905,.T.);
#7905 = LINE('',#7906,#7907);
#7906 = CARTESIAN_POINT('',(40.12,-6.E-02,3.9));
#7907 = VECTOR('',#7908,1.);
#7908 = DIRECTION('',(-0.,1.,0.));
#7909 = PLANE('',#7910);
#7910 = AXIS2_PLACEMENT_3D('',#7911,#7912,#7913);
#7911 = CARTESIAN_POINT('',(40.12,-6.E-02,0.5));
#7912 = DIRECTION('',(1.,0.,-0.));
#7913 = DIRECTION('',(0.,0.,1.));
#7914 = ADVANCED_FACE('',(#7915),#7933,.F.);
#7915 = FACE_BOUND('',#7916,.F.);
#7916 = EDGE_LOOP('',(#7917,#7918,#7926,#7932));
#7917 = ORIENTED_EDGE('',*,*,#7897,.F.);
#7918 = ORIENTED_EDGE('',*,*,#7919,.T.);
#7919 = EDGE_CURVE('',#7888,#7920,#7922,.T.);
#7920 = VERTEX_POINT('',#7921);
#7921 = CARTESIAN_POINT('',(41.17,-6.E-02,0.5));
#7922 = LINE('',#7923,#7924);
#7923 = CARTESIAN_POINT('',(40.12,-6.E-02,0.5));
#7924 = VECTOR('',#7925,1.);
#7925 = DIRECTION('',(1.,0.,-0.));
#7926 = ORIENTED_EDGE('',*,*,#7927,.T.);
#7927 = EDGE_CURVE('',#7920,#875,#7928,.T.);
#7928 = LINE('',#7929,#7930);
#7929 = CARTESIAN_POINT('',(41.17,-6.E-02,0.5));
#7930 = VECTOR('',#7931,1.);
#7931 = DIRECTION('',(-0.,1.,0.));
#7932 = ORIENTED_EDGE('',*,*,#874,.F.);
#7933 = PLANE('',#7934);
#7934 = AXIS2_PLACEMENT_3D('',#7935,#7936,#7937);
#7935 = CARTESIAN_POINT('',(40.12,-6.E-02,0.5));
#7936 = DIRECTION('',(0.,0.,1.));
#7937 = DIRECTION('',(1.,0.,-0.));
#7938 = ADVANCED_FACE('',(#7939),#7957,.T.);
#7939 = FACE_BOUND('',#7940,.T.);
#7940 = EDGE_LOOP('',(#7941,#7942,#7950,#7956));
#7941 = ORIENTED_EDGE('',*,*,#7904,.F.);
#7942 = ORIENTED_EDGE('',*,*,#7943,.T.);
#7943 = EDGE_CURVE('',#7890,#7944,#7946,.T.);
#7944 = VERTEX_POINT('',#7945);
#7945 = CARTESIAN_POINT('',(41.17,-6.E-02,3.9));
#7946 = LINE('',#7947,#7948);
#7947 = CARTESIAN_POINT('',(40.12,-6.E-02,3.9));
#7948 = VECTOR('',#7949,1.);
#7949 = DIRECTION('',(1.,0.,-0.));
#7950 = ORIENTED_EDGE('',*,*,#7951,.T.);
#7951 = EDGE_CURVE('',#7944,#883,#7952,.T.);
#7952 = LINE('',#7953,#7954);
#7953 = CARTESIAN_POINT('',(41.17,-6.E-02,3.9));
#7954 = VECTOR('',#7955,1.);
#7955 = DIRECTION('',(-0.,1.,0.));
#7956 = ORIENTED_EDGE('',*,*,#890,.F.);
#7957 = PLANE('',#7958);
#7958 = AXIS2_PLACEMENT_3D('',#7959,#7960,#7961);
#7959 = CARTESIAN_POINT('',(40.12,-6.E-02,3.9));
#7960 = DIRECTION('',(0.,0.,1.));
#7961 = DIRECTION('',(1.,0.,-0.));
#7962 = ADVANCED_FACE('',(#7963),#7974,.T.);
#7963 = FACE_BOUND('',#7964,.T.);
#7964 = EDGE_LOOP('',(#7965,#7971,#7972,#7973));
#7965 = ORIENTED_EDGE('',*,*,#7966,.F.);
#7966 = EDGE_CURVE('',#7920,#7944,#7967,.T.);
#7967 = LINE('',#7968,#7969);
#7968 = CARTESIAN_POINT('',(41.17,-6.E-02,0.5));
#7969 = VECTOR('',#7970,1.);
#7970 = DIRECTION('',(0.,0.,1.));
#7971 = ORIENTED_EDGE('',*,*,#7927,.T.);
#7972 = ORIENTED_EDGE('',*,*,#882,.T.);
#7973 = ORIENTED_EDGE('',*,*,#7951,.F.);
#7974 = PLANE('',#7975);
#7975 = AXIS2_PLACEMENT_3D('',#7976,#7977,#7978);
#7976 = CARTESIAN_POINT('',(41.17,-6.E-02,0.5));
#7977 = DIRECTION('',(1.,0.,-0.));
#7978 = DIRECTION('',(0.,0.,1.));
#7979 = ADVANCED_FACE('',(#7980),#8005,.F.);
#7980 = FACE_BOUND('',#7981,.F.);
#7981 = EDGE_LOOP('',(#7982,#7992,#7998,#7999));
#7982 = ORIENTED_EDGE('',*,*,#7983,.F.);
#7983 = EDGE_CURVE('',#7984,#7986,#7988,.T.);
#7984 = VERTEX_POINT('',#7985);
#7985 = CARTESIAN_POINT('',(41.84,-6.E-02,0.5));
#7986 = VERTEX_POINT('',#7987);
#7987 = CARTESIAN_POINT('',(41.84,-6.E-02,3.9));
#7988 = LINE('',#7989,#7990);
#7989 = CARTESIAN_POINT('',(41.84,-6.E-02,0.5));
#7990 = VECTOR('',#7991,1.);
#7991 = DIRECTION('',(0.,0.,1.));
#7992 = ORIENTED_EDGE('',*,*,#7993,.T.);
#7993 = EDGE_CURVE('',#7984,#899,#7994,.T.);
#7994 = LINE('',#7995,#7996);
#7995 = CARTESIAN_POINT('',(41.84,-6.E-02,0.5));
#7996 = VECTOR('',#7997,1.);
#7997 = DIRECTION('',(-0.,1.,0.));
#7998 = ORIENTED_EDGE('',*,*,#898,.T.);
#7999 = ORIENTED_EDGE('',*,*,#8000,.F.);
#8000 = EDGE_CURVE('',#7986,#901,#8001,.T.);
#8001 = LINE('',#8002,#8003);
#8002 = CARTESIAN_POINT('',(41.84,-6.E-02,3.9));
#8003 = VECTOR('',#8004,1.);
#8004 = DIRECTION('',(-0.,1.,0.));
#8005 = PLANE('',#8006);
#8006 = AXIS2_PLACEMENT_3D('',#8007,#8008,#8009);
#8007 = CARTESIAN_POINT('',(41.84,-6.E-02,0.5));
#8008 = DIRECTION('',(1.,0.,-0.));
#8009 = DIRECTION('',(0.,0.,1.));
#8010 = ADVANCED_FACE('',(#8011),#8029,.F.);
#8011 = FACE_BOUND('',#8012,.F.);
#8012 = EDGE_LOOP('',(#8013,#8014,#8022,#8028));
#8013 = ORIENTED_EDGE('',*,*,#7993,.F.);
#8014 = ORIENTED_EDGE('',*,*,#8015,.T.);
#8015 = EDGE_CURVE('',#7984,#8016,#8018,.T.);
#8016 = VERTEX_POINT('',#8017);
#8017 = CARTESIAN_POINT('',(42.89,-6.E-02,0.5));
#8018 = LINE('',#8019,#8020);
#8019 = CARTESIAN_POINT('',(41.84,-6.E-02,0.5));
#8020 = VECTOR('',#8021,1.);
#8021 = DIRECTION('',(1.,0.,-0.));
#8022 = ORIENTED_EDGE('',*,*,#8023,.T.);
#8023 = EDGE_CURVE('',#8016,#909,#8024,.T.);
#8024 = LINE('',#8025,#8026);
#8025 = CARTESIAN_POINT('',(42.89,-6.E-02,0.5));
#8026 = VECTOR('',#8027,1.);
#8027 = DIRECTION('',(-0.,1.,0.));
#8028 = ORIENTED_EDGE('',*,*,#908,.F.);
#8029 = PLANE('',#8030);
#8030 = AXIS2_PLACEMENT_3D('',#8031,#8032,#8033);
#8031 = CARTESIAN_POINT('',(41.84,-6.E-02,0.5));
#8032 = DIRECTION('',(0.,0.,1.));
#8033 = DIRECTION('',(1.,0.,-0.));
#8034 = ADVANCED_FACE('',(#8035),#8053,.T.);
#8035 = FACE_BOUND('',#8036,.T.);
#8036 = EDGE_LOOP('',(#8037,#8038,#8046,#8052));
#8037 = ORIENTED_EDGE('',*,*,#8000,.F.);
#8038 = ORIENTED_EDGE('',*,*,#8039,.T.);
#8039 = EDGE_CURVE('',#7986,#8040,#8042,.T.);
#8040 = VERTEX_POINT('',#8041);
#8041 = CARTESIAN_POINT('',(42.89,-6.E-02,3.9));
#8042 = LINE('',#8043,#8044);
#8043 = CARTESIAN_POINT('',(41.84,-6.E-02,3.9));
#8044 = VECTOR('',#8045,1.);
#8045 = DIRECTION('',(1.,0.,-0.));
#8046 = ORIENTED_EDGE('',*,*,#8047,.T.);
#8047 = EDGE_CURVE('',#8040,#917,#8048,.T.);
#8048 = LINE('',#8049,#8050);
#8049 = CARTESIAN_POINT('',(42.89,-6.E-02,3.9));
#8050 = VECTOR('',#8051,1.);
#8051 = DIRECTION('',(-0.,1.,0.));
#8052 = ORIENTED_EDGE('',*,*,#924,.F.);
#8053 = PLANE('',#8054);
#8054 = AXIS2_PLACEMENT_3D('',#8055,#8056,#8057);
#8055 = CARTESIAN_POINT('',(41.84,-6.E-02,3.9));
#8056 = DIRECTION('',(0.,0.,1.));
#8057 = DIRECTION('',(1.,0.,-0.));
#8058 = ADVANCED_FACE('',(#8059),#8070,.T.);
#8059 = FACE_BOUND('',#8060,.T.);
#8060 = EDGE_LOOP('',(#8061,#8067,#8068,#8069));
#8061 = ORIENTED_EDGE('',*,*,#8062,.F.);
#8062 = EDGE_CURVE('',#8016,#8040,#8063,.T.);
#8063 = LINE('',#8064,#8065);
#8064 = CARTESIAN_POINT('',(42.89,-6.E-02,0.5));
#8065 = VECTOR('',#8066,1.);
#8066 = DIRECTION('',(0.,0.,1.));
#8067 = ORIENTED_EDGE('',*,*,#8023,.T.);
#8068 = ORIENTED_EDGE('',*,*,#916,.T.);
#8069 = ORIENTED_EDGE('',*,*,#8047,.F.);
#8070 = PLANE('',#8071);
#8071 = AXIS2_PLACEMENT_3D('',#8072,#8073,#8074);
#8072 = CARTESIAN_POINT('',(42.89,-6.E-02,0.5));
#8073 = DIRECTION('',(1.,0.,-0.));
#8074 = DIRECTION('',(0.,0.,1.));
#8075 = ADVANCED_FACE('',(#8076),#8101,.F.);
#8076 = FACE_BOUND('',#8077,.F.);
#8077 = EDGE_LOOP('',(#8078,#8088,#8094,#8095));
#8078 = ORIENTED_EDGE('',*,*,#8079,.F.);
#8079 = EDGE_CURVE('',#8080,#8082,#8084,.T.);
#8080 = VERTEX_POINT('',#8081);
#8081 = CARTESIAN_POINT('',(43.56,-6.E-02,0.5));
#8082 = VERTEX_POINT('',#8083);
#8083 = CARTESIAN_POINT('',(43.56,-6.E-02,3.9));
#8084 = LINE('',#8085,#8086);
#8085 = CARTESIAN_POINT('',(43.56,-6.E-02,0.5));
#8086 = VECTOR('',#8087,1.);
#8087 = DIRECTION('',(0.,0.,1.));
#8088 = ORIENTED_EDGE('',*,*,#8089,.T.);
#8089 = EDGE_CURVE('',#8080,#933,#8090,.T.);
#8090 = LINE('',#8091,#8092);
#8091 = CARTESIAN_POINT('',(43.56,-6.E-02,0.5));
#8092 = VECTOR('',#8093,1.);
#8093 = DIRECTION('',(-0.,1.,0.));
#8094 = ORIENTED_EDGE('',*,*,#932,.T.);
#8095 = ORIENTED_EDGE('',*,*,#8096,.F.);
#8096 = EDGE_CURVE('',#8082,#935,#8097,.T.);
#8097 = LINE('',#8098,#8099);
#8098 = CARTESIAN_POINT('',(43.56,-6.E-02,3.9));
#8099 = VECTOR('',#8100,1.);
#8100 = DIRECTION('',(-0.,1.,0.));
#8101 = PLANE('',#8102);
#8102 = AXIS2_PLACEMENT_3D('',#8103,#8104,#8105);
#8103 = CARTESIAN_POINT('',(43.56,-6.E-02,0.5));
#8104 = DIRECTION('',(1.,0.,-0.));
#8105 = DIRECTION('',(0.,0.,1.));
#8106 = ADVANCED_FACE('',(#8107),#8125,.F.);
#8107 = FACE_BOUND('',#8108,.F.);
#8108 = EDGE_LOOP('',(#8109,#8110,#8118,#8124));
#8109 = ORIENTED_EDGE('',*,*,#8089,.F.);
#8110 = ORIENTED_EDGE('',*,*,#8111,.T.);
#8111 = EDGE_CURVE('',#8080,#8112,#8114,.T.);
#8112 = VERTEX_POINT('',#8113);
#8113 = CARTESIAN_POINT('',(44.61,-6.E-02,0.5));
#8114 = LINE('',#8115,#8116);
#8115 = CARTESIAN_POINT('',(43.56,-6.E-02,0.5));
#8116 = VECTOR('',#8117,1.);
#8117 = DIRECTION('',(1.,0.,-0.));
#8118 = ORIENTED_EDGE('',*,*,#8119,.T.);
#8119 = EDGE_CURVE('',#8112,#943,#8120,.T.);
#8120 = LINE('',#8121,#8122);
#8121 = CARTESIAN_POINT('',(44.61,-6.E-02,0.5));
#8122 = VECTOR('',#8123,1.);
#8123 = DIRECTION('',(-0.,1.,0.));
#8124 = ORIENTED_EDGE('',*,*,#942,.F.);
#8125 = PLANE('',#8126);
#8126 = AXIS2_PLACEMENT_3D('',#8127,#8128,#8129);
#8127 = CARTESIAN_POINT('',(43.56,-6.E-02,0.5));
#8128 = DIRECTION('',(0.,0.,1.));
#8129 = DIRECTION('',(1.,0.,-0.));
#8130 = ADVANCED_FACE('',(#8131),#8149,.T.);
#8131 = FACE_BOUND('',#8132,.T.);
#8132 = EDGE_LOOP('',(#8133,#8134,#8142,#8148));
#8133 = ORIENTED_EDGE('',*,*,#8096,.F.);
#8134 = ORIENTED_EDGE('',*,*,#8135,.T.);
#8135 = EDGE_CURVE('',#8082,#8136,#8138,.T.);
#8136 = VERTEX_POINT('',#8137);
#8137 = CARTESIAN_POINT('',(44.61,-6.E-02,3.9));
#8138 = LINE('',#8139,#8140);
#8139 = CARTESIAN_POINT('',(43.56,-6.E-02,3.9));
#8140 = VECTOR('',#8141,1.);
#8141 = DIRECTION('',(1.,0.,-0.));
#8142 = ORIENTED_EDGE('',*,*,#8143,.T.);
#8143 = EDGE_CURVE('',#8136,#951,#8144,.T.);
#8144 = LINE('',#8145,#8146);
#8145 = CARTESIAN_POINT('',(44.61,-6.E-02,3.9));
#8146 = VECTOR('',#8147,1.);
#8147 = DIRECTION('',(-0.,1.,0.));
#8148 = ORIENTED_EDGE('',*,*,#958,.F.);
#8149 = PLANE('',#8150);
#8150 = AXIS2_PLACEMENT_3D('',#8151,#8152,#8153);
#8151 = CARTESIAN_POINT('',(43.56,-6.E-02,3.9));
#8152 = DIRECTION('',(0.,0.,1.));
#8153 = DIRECTION('',(1.,0.,-0.));
#8154 = ADVANCED_FACE('',(#8155),#8166,.T.);
#8155 = FACE_BOUND('',#8156,.T.);
#8156 = EDGE_LOOP('',(#8157,#8163,#8164,#8165));
#8157 = ORIENTED_EDGE('',*,*,#8158,.F.);
#8158 = EDGE_CURVE('',#8112,#8136,#8159,.T.);
#8159 = LINE('',#8160,#8161);
#8160 = CARTESIAN_POINT('',(44.61,-6.E-02,0.5));
#8161 = VECTOR('',#8162,1.);
#8162 = DIRECTION('',(0.,0.,1.));
#8163 = ORIENTED_EDGE('',*,*,#8119,.T.);
#8164 = ORIENTED_EDGE('',*,*,#950,.T.);
#8165 = ORIENTED_EDGE('',*,*,#8143,.F.);
#8166 = PLANE('',#8167);
#8167 = AXIS2_PLACEMENT_3D('',#8168,#8169,#8170);
#8168 = CARTESIAN_POINT('',(44.61,-6.E-02,0.5));
#8169 = DIRECTION('',(1.,0.,-0.));
#8170 = DIRECTION('',(0.,0.,1.));
#8171 = ADVANCED_FACE('',(#8172),#8197,.F.);
#8172 = FACE_BOUND('',#8173,.F.);
#8173 = EDGE_LOOP('',(#8174,#8184,#8190,#8191));
#8174 = ORIENTED_EDGE('',*,*,#8175,.F.);
#8175 = EDGE_CURVE('',#8176,#8178,#8180,.T.);
#8176 = VERTEX_POINT('',#8177);
#8177 = CARTESIAN_POINT('',(45.28,-6.E-02,0.5));
#8178 = VERTEX_POINT('',#8179);
#8179 = CARTESIAN_POINT('',(45.28,-6.E-02,3.9));
#8180 = LINE('',#8181,#8182);
#8181 = CARTESIAN_POINT('',(45.28,-6.E-02,0.5));
#8182 = VECTOR('',#8183,1.);
#8183 = DIRECTION('',(0.,0.,1.));
#8184 = ORIENTED_EDGE('',*,*,#8185,.T.);
#8185 = EDGE_CURVE('',#8176,#967,#8186,.T.);
#8186 = LINE('',#8187,#8188);
#8187 = CARTESIAN_POINT('',(45.28,-6.E-02,0.5));
#8188 = VECTOR('',#8189,1.);
#8189 = DIRECTION('',(-0.,1.,0.));
#8190 = ORIENTED_EDGE('',*,*,#966,.T.);
#8191 = ORIENTED_EDGE('',*,*,#8192,.F.);
#8192 = EDGE_CURVE('',#8178,#969,#8193,.T.);
#8193 = LINE('',#8194,#8195);
#8194 = CARTESIAN_POINT('',(45.28,-6.E-02,3.9));
#8195 = VECTOR('',#8196,1.);
#8196 = DIRECTION('',(-0.,1.,0.));
#8197 = PLANE('',#8198);
#8198 = AXIS2_PLACEMENT_3D('',#8199,#8200,#8201);
#8199 = CARTESIAN_POINT('',(45.28,-6.E-02,0.5));
#8200 = DIRECTION('',(1.,0.,-0.));
#8201 = DIRECTION('',(0.,0.,1.));
#8202 = ADVANCED_FACE('',(#8203),#8221,.F.);
#8203 = FACE_BOUND('',#8204,.F.);
#8204 = EDGE_LOOP('',(#8205,#8206,#8214,#8220));
#8205 = ORIENTED_EDGE('',*,*,#8185,.F.);
#8206 = ORIENTED_EDGE('',*,*,#8207,.T.);
#8207 = EDGE_CURVE('',#8176,#8208,#8210,.T.);
#8208 = VERTEX_POINT('',#8209);
#8209 = CARTESIAN_POINT('',(46.33,-6.E-02,0.5));
#8210 = LINE('',#8211,#8212);
#8211 = CARTESIAN_POINT('',(45.28,-6.E-02,0.5));
#8212 = VECTOR('',#8213,1.);
#8213 = DIRECTION('',(1.,0.,-0.));
#8214 = ORIENTED_EDGE('',*,*,#8215,.T.);
#8215 = EDGE_CURVE('',#8208,#977,#8216,.T.);
#8216 = LINE('',#8217,#8218);
#8217 = CARTESIAN_POINT('',(46.33,-6.E-02,0.5));
#8218 = VECTOR('',#8219,1.);
#8219 = DIRECTION('',(-0.,1.,0.));
#8220 = ORIENTED_EDGE('',*,*,#976,.F.);
#8221 = PLANE('',#8222);
#8222 = AXIS2_PLACEMENT_3D('',#8223,#8224,#8225);
#8223 = CARTESIAN_POINT('',(45.28,-6.E-02,0.5));
#8224 = DIRECTION('',(0.,0.,1.));
#8225 = DIRECTION('',(1.,0.,-0.));
#8226 = ADVANCED_FACE('',(#8227),#8245,.T.);
#8227 = FACE_BOUND('',#8228,.T.);
#8228 = EDGE_LOOP('',(#8229,#8230,#8238,#8244));
#8229 = ORIENTED_EDGE('',*,*,#8192,.F.);
#8230 = ORIENTED_EDGE('',*,*,#8231,.T.);
#8231 = EDGE_CURVE('',#8178,#8232,#8234,.T.);
#8232 = VERTEX_POINT('',#8233);
#8233 = CARTESIAN_POINT('',(46.33,-6.E-02,3.9));
#8234 = LINE('',#8235,#8236);
#8235 = CARTESIAN_POINT('',(45.28,-6.E-02,3.9));
#8236 = VECTOR('',#8237,1.);
#8237 = DIRECTION('',(1.,0.,-0.));
#8238 = ORIENTED_EDGE('',*,*,#8239,.T.);
#8239 = EDGE_CURVE('',#8232,#985,#8240,.T.);
#8240 = LINE('',#8241,#8242);
#8241 = CARTESIAN_POINT('',(46.33,-6.E-02,3.9));
#8242 = VECTOR('',#8243,1.);
#8243 = DIRECTION('',(-0.,1.,0.));
#8244 = ORIENTED_EDGE('',*,*,#992,.F.);
#8245 = PLANE('',#8246);
#8246 = AXIS2_PLACEMENT_3D('',#8247,#8248,#8249);
#8247 = CARTESIAN_POINT('',(45.28,-6.E-02,3.9));
#8248 = DIRECTION('',(0.,0.,1.));
#8249 = DIRECTION('',(1.,0.,-0.));
#8250 = ADVANCED_FACE('',(#8251),#8262,.T.);
#8251 = FACE_BOUND('',#8252,.T.);
#8252 = EDGE_LOOP('',(#8253,#8259,#8260,#8261));
#8253 = ORIENTED_EDGE('',*,*,#8254,.F.);
#8254 = EDGE_CURVE('',#8208,#8232,#8255,.T.);
#8255 = LINE('',#8256,#8257);
#8256 = CARTESIAN_POINT('',(46.33,-6.E-02,0.5));
#8257 = VECTOR('',#8258,1.);
#8258 = DIRECTION('',(0.,0.,1.));
#8259 = ORIENTED_EDGE('',*,*,#8215,.T.);
#8260 = ORIENTED_EDGE('',*,*,#984,.T.);
#8261 = ORIENTED_EDGE('',*,*,#8239,.F.);
#8262 = PLANE('',#8263);
#8263 = AXIS2_PLACEMENT_3D('',#8264,#8265,#8266);
#8264 = CARTESIAN_POINT('',(46.33,-6.E-02,0.5));
#8265 = DIRECTION('',(1.,0.,-0.));
#8266 = DIRECTION('',(0.,0.,1.));
#8267 = ADVANCED_FACE('',(#8268),#8293,.F.);
#8268 = FACE_BOUND('',#8269,.F.);
#8269 = EDGE_LOOP('',(#8270,#8280,#8286,#8287));
#8270 = ORIENTED_EDGE('',*,*,#8271,.F.);
#8271 = EDGE_CURVE('',#8272,#8274,#8276,.T.);
#8272 = VERTEX_POINT('',#8273);
#8273 = CARTESIAN_POINT('',(47.,-6.E-02,0.5));
#8274 = VERTEX_POINT('',#8275);
#8275 = CARTESIAN_POINT('',(47.,-6.E-02,3.9));
#8276 = LINE('',#8277,#8278);
#8277 = CARTESIAN_POINT('',(47.,-6.E-02,0.5));
#8278 = VECTOR('',#8279,1.);
#8279 = DIRECTION('',(0.,0.,1.));
#8280 = ORIENTED_EDGE('',*,*,#8281,.T.);
#8281 = EDGE_CURVE('',#8272,#1001,#8282,.T.);
#8282 = LINE('',#8283,#8284);
#8283 = CARTESIAN_POINT('',(47.,-6.E-02,0.5));
#8284 = VECTOR('',#8285,1.);
#8285 = DIRECTION('',(-0.,1.,0.));
#8286 = ORIENTED_EDGE('',*,*,#1000,.T.);
#8287 = ORIENTED_EDGE('',*,*,#8288,.F.);
#8288 = EDGE_CURVE('',#8274,#1003,#8289,.T.);
#8289 = LINE('',#8290,#8291);
#8290 = CARTESIAN_POINT('',(47.,-6.E-02,3.9));
#8291 = VECTOR('',#8292,1.);
#8292 = DIRECTION('',(-0.,1.,0.));
#8293 = PLANE('',#8294);
#8294 = AXIS2_PLACEMENT_3D('',#8295,#8296,#8297);
#8295 = CARTESIAN_POINT('',(47.,-6.E-02,0.5));
#8296 = DIRECTION('',(1.,0.,-0.));
#8297 = DIRECTION('',(0.,0.,1.));
#8298 = ADVANCED_FACE('',(#8299),#8317,.F.);
#8299 = FACE_BOUND('',#8300,.F.);
#8300 = EDGE_LOOP('',(#8301,#8302,#8310,#8316));
#8301 = ORIENTED_EDGE('',*,*,#8281,.F.);
#8302 = ORIENTED_EDGE('',*,*,#8303,.T.);
#8303 = EDGE_CURVE('',#8272,#8304,#8306,.T.);
#8304 = VERTEX_POINT('',#8305);
#8305 = CARTESIAN_POINT('',(48.05,-6.E-02,0.5));
#8306 = LINE('',#8307,#8308);
#8307 = CARTESIAN_POINT('',(47.,-6.E-02,0.5));
#8308 = VECTOR('',#8309,1.);
#8309 = DIRECTION('',(1.,0.,-0.));
#8310 = ORIENTED_EDGE('',*,*,#8311,.T.);
#8311 = EDGE_CURVE('',#8304,#1011,#8312,.T.);
#8312 = LINE('',#8313,#8314);
#8313 = CARTESIAN_POINT('',(48.05,-6.E-02,0.5));
#8314 = VECTOR('',#8315,1.);
#8315 = DIRECTION('',(-0.,1.,0.));
#8316 = ORIENTED_EDGE('',*,*,#1010,.F.);
#8317 = PLANE('',#8318);
#8318 = AXIS2_PLACEMENT_3D('',#8319,#8320,#8321);
#8319 = CARTESIAN_POINT('',(47.,-6.E-02,0.5));
#8320 = DIRECTION('',(0.,0.,1.));
#8321 = DIRECTION('',(1.,0.,-0.));
#8322 = ADVANCED_FACE('',(#8323),#8341,.T.);
#8323 = FACE_BOUND('',#8324,.T.);
#8324 = EDGE_LOOP('',(#8325,#8326,#8334,#8340));
#8325 = ORIENTED_EDGE('',*,*,#8288,.F.);
#8326 = ORIENTED_EDGE('',*,*,#8327,.T.);
#8327 = EDGE_CURVE('',#8274,#8328,#8330,.T.);
#8328 = VERTEX_POINT('',#8329);
#8329 = CARTESIAN_POINT('',(48.05,-6.E-02,3.9));
#8330 = LINE('',#8331,#8332);
#8331 = CARTESIAN_POINT('',(47.,-6.E-02,3.9));
#8332 = VECTOR('',#8333,1.);
#8333 = DIRECTION('',(1.,0.,-0.));
#8334 = ORIENTED_EDGE('',*,*,#8335,.T.);
#8335 = EDGE_CURVE('',#8328,#1019,#8336,.T.);
#8336 = LINE('',#8337,#8338);
#8337 = CARTESIAN_POINT('',(48.05,-6.E-02,3.9));
#8338 = VECTOR('',#8339,1.);
#8339 = DIRECTION('',(-0.,1.,0.));
#8340 = ORIENTED_EDGE('',*,*,#1026,.F.);
#8341 = PLANE('',#8342);
#8342 = AXIS2_PLACEMENT_3D('',#8343,#8344,#8345);
#8343 = CARTESIAN_POINT('',(47.,-6.E-02,3.9));
#8344 = DIRECTION('',(0.,0.,1.));
#8345 = DIRECTION('',(1.,0.,-0.));
#8346 = ADVANCED_FACE('',(#8347),#8358,.T.);
#8347 = FACE_BOUND('',#8348,.T.);
#8348 = EDGE_LOOP('',(#8349,#8355,#8356,#8357));
#8349 = ORIENTED_EDGE('',*,*,#8350,.F.);
#8350 = EDGE_CURVE('',#8304,#8328,#8351,.T.);
#8351 = LINE('',#8352,#8353);
#8352 = CARTESIAN_POINT('',(48.05,-6.E-02,0.5));
#8353 = VECTOR('',#8354,1.);
#8354 = DIRECTION('',(0.,0.,1.));
#8355 = ORIENTED_EDGE('',*,*,#8311,.T.);
#8356 = ORIENTED_EDGE('',*,*,#1018,.T.);
#8357 = ORIENTED_EDGE('',*,*,#8335,.F.);
#8358 = PLANE('',#8359);
#8359 = AXIS2_PLACEMENT_3D('',#8360,#8361,#8362);
#8360 = CARTESIAN_POINT('',(48.05,-6.E-02,0.5));
#8361 = DIRECTION('',(1.,0.,-0.));
#8362 = DIRECTION('',(0.,0.,1.));
#8363 = ADVANCED_FACE('',(#8364),#8389,.F.);
#8364 = FACE_BOUND('',#8365,.F.);
#8365 = EDGE_LOOP('',(#8366,#8376,#8382,#8383));
#8366 = ORIENTED_EDGE('',*,*,#8367,.F.);
#8367 = EDGE_CURVE('',#8368,#8370,#8372,.T.);
#8368 = VERTEX_POINT('',#8369);
#8369 = CARTESIAN_POINT('',(48.72,-6.E-02,0.5));
#8370 = VERTEX_POINT('',#8371);
#8371 = CARTESIAN_POINT('',(48.72,-6.E-02,3.9));
#8372 = LINE('',#8373,#8374);
#8373 = CARTESIAN_POINT('',(48.72,-6.E-02,0.5));
#8374 = VECTOR('',#8375,1.);
#8375 = DIRECTION('',(0.,0.,1.));
#8376 = ORIENTED_EDGE('',*,*,#8377,.T.);
#8377 = EDGE_CURVE('',#8368,#1035,#8378,.T.);
#8378 = LINE('',#8379,#8380);
#8379 = CARTESIAN_POINT('',(48.72,-6.E-02,0.5));
#8380 = VECTOR('',#8381,1.);
#8381 = DIRECTION('',(-0.,1.,0.));
#8382 = ORIENTED_EDGE('',*,*,#1034,.T.);
#8383 = ORIENTED_EDGE('',*,*,#8384,.F.);
#8384 = EDGE_CURVE('',#8370,#1037,#8385,.T.);
#8385 = LINE('',#8386,#8387);
#8386 = CARTESIAN_POINT('',(48.72,-6.E-02,3.9));
#8387 = VECTOR('',#8388,1.);
#8388 = DIRECTION('',(-0.,1.,0.));
#8389 = PLANE('',#8390);
#8390 = AXIS2_PLACEMENT_3D('',#8391,#8392,#8393);
#8391 = CARTESIAN_POINT('',(48.72,-6.E-02,0.5));
#8392 = DIRECTION('',(1.,0.,-0.));
#8393 = DIRECTION('',(0.,0.,1.));
#8394 = ADVANCED_FACE('',(#8395),#8413,.F.);
#8395 = FACE_BOUND('',#8396,.F.);
#8396 = EDGE_LOOP('',(#8397,#8398,#8406,#8412));
#8397 = ORIENTED_EDGE('',*,*,#8377,.F.);
#8398 = ORIENTED_EDGE('',*,*,#8399,.T.);
#8399 = EDGE_CURVE('',#8368,#8400,#8402,.T.);
#8400 = VERTEX_POINT('',#8401);
#8401 = CARTESIAN_POINT('',(49.77,-6.E-02,0.5));
#8402 = LINE('',#8403,#8404);
#8403 = CARTESIAN_POINT('',(48.72,-6.E-02,0.5));
#8404 = VECTOR('',#8405,1.);
#8405 = DIRECTION('',(1.,0.,-0.));
#8406 = ORIENTED_EDGE('',*,*,#8407,.T.);
#8407 = EDGE_CURVE('',#8400,#1045,#8408,.T.);
#8408 = LINE('',#8409,#8410);
#8409 = CARTESIAN_POINT('',(49.77,-6.E-02,0.5));
#8410 = VECTOR('',#8411,1.);
#8411 = DIRECTION('',(-0.,1.,0.));
#8412 = ORIENTED_EDGE('',*,*,#1044,.F.);
#8413 = PLANE('',#8414);
#8414 = AXIS2_PLACEMENT_3D('',#8415,#8416,#8417);
#8415 = CARTESIAN_POINT('',(48.72,-6.E-02,0.5));
#8416 = DIRECTION('',(0.,0.,1.));
#8417 = DIRECTION('',(1.,0.,-0.));
#8418 = ADVANCED_FACE('',(#8419),#8437,.T.);
#8419 = FACE_BOUND('',#8420,.T.);
#8420 = EDGE_LOOP('',(#8421,#8422,#8430,#8436));
#8421 = ORIENTED_EDGE('',*,*,#8384,.F.);
#8422 = ORIENTED_EDGE('',*,*,#8423,.T.);
#8423 = EDGE_CURVE('',#8370,#8424,#8426,.T.);
#8424 = VERTEX_POINT('',#8425);
#8425 = CARTESIAN_POINT('',(49.77,-6.E-02,3.9));
#8426 = LINE('',#8427,#8428);
#8427 = CARTESIAN_POINT('',(48.72,-6.E-02,3.9));
#8428 = VECTOR('',#8429,1.);
#8429 = DIRECTION('',(1.,0.,-0.));
#8430 = ORIENTED_EDGE('',*,*,#8431,.T.);
#8431 = EDGE_CURVE('',#8424,#1053,#8432,.T.);
#8432 = LINE('',#8433,#8434);
#8433 = CARTESIAN_POINT('',(49.77,-6.E-02,3.9));
#8434 = VECTOR('',#8435,1.);
#8435 = DIRECTION('',(-0.,1.,0.));
#8436 = ORIENTED_EDGE('',*,*,#1060,.F.);
#8437 = PLANE('',#8438);
#8438 = AXIS2_PLACEMENT_3D('',#8439,#8440,#8441);
#8439 = CARTESIAN_POINT('',(48.72,-6.E-02,3.9));
#8440 = DIRECTION('',(0.,0.,1.));
#8441 = DIRECTION('',(1.,0.,-0.));
#8442 = ADVANCED_FACE('',(#8443),#8454,.T.);
#8443 = FACE_BOUND('',#8444,.T.);
#8444 = EDGE_LOOP('',(#8445,#8451,#8452,#8453));
#8445 = ORIENTED_EDGE('',*,*,#8446,.F.);
#8446 = EDGE_CURVE('',#8400,#8424,#8447,.T.);
#8447 = LINE('',#8448,#8449);
#8448 = CARTESIAN_POINT('',(49.77,-6.E-02,0.5));
#8449 = VECTOR('',#8450,1.);
#8450 = DIRECTION('',(0.,0.,1.));
#8451 = ORIENTED_EDGE('',*,*,#8407,.T.);
#8452 = ORIENTED_EDGE('',*,*,#1052,.T.);
#8453 = ORIENTED_EDGE('',*,*,#8431,.F.);
#8454 = PLANE('',#8455);
#8455 = AXIS2_PLACEMENT_3D('',#8456,#8457,#8458);
#8456 = CARTESIAN_POINT('',(49.77,-6.E-02,0.5));
#8457 = DIRECTION('',(1.,0.,-0.));
#8458 = DIRECTION('',(0.,0.,1.));
#8459 = ADVANCED_FACE('',(#8460),#8485,.F.);
#8460 = FACE_BOUND('',#8461,.F.);
#8461 = EDGE_LOOP('',(#8462,#8472,#8478,#8479));
#8462 = ORIENTED_EDGE('',*,*,#8463,.F.);
#8463 = EDGE_CURVE('',#8464,#8466,#8468,.T.);
#8464 = VERTEX_POINT('',#8465);
#8465 = CARTESIAN_POINT('',(50.44,-6.E-02,0.5));
#8466 = VERTEX_POINT('',#8467);
#8467 = CARTESIAN_POINT('',(50.44,-6.E-02,3.9));
#8468 = LINE('',#8469,#8470);
#8469 = CARTESIAN_POINT('',(50.44,-6.E-02,0.5));
#8470 = VECTOR('',#8471,1.);
#8471 = DIRECTION('',(0.,0.,1.));
#8472 = ORIENTED_EDGE('',*,*,#8473,.T.);
#8473 = EDGE_CURVE('',#8464,#1069,#8474,.T.);
#8474 = LINE('',#8475,#8476);
#8475 = CARTESIAN_POINT('',(50.44,-6.E-02,0.5));
#8476 = VECTOR('',#8477,1.);
#8477 = DIRECTION('',(-0.,1.,0.));
#8478 = ORIENTED_EDGE('',*,*,#1068,.T.);
#8479 = ORIENTED_EDGE('',*,*,#8480,.F.);
#8480 = EDGE_CURVE('',#8466,#1071,#8481,.T.);
#8481 = LINE('',#8482,#8483);
#8482 = CARTESIAN_POINT('',(50.44,-6.E-02,3.9));
#8483 = VECTOR('',#8484,1.);
#8484 = DIRECTION('',(-0.,1.,0.));
#8485 = PLANE('',#8486);
#8486 = AXIS2_PLACEMENT_3D('',#8487,#8488,#8489);
#8487 = CARTESIAN_POINT('',(50.44,-6.E-02,0.5));
#8488 = DIRECTION('',(1.,0.,-0.));
#8489 = DIRECTION('',(0.,0.,1.));
#8490 = ADVANCED_FACE('',(#8491),#8509,.F.);
#8491 = FACE_BOUND('',#8492,.F.);
#8492 = EDGE_LOOP('',(#8493,#8494,#8502,#8508));
#8493 = ORIENTED_EDGE('',*,*,#8473,.F.);
#8494 = ORIENTED_EDGE('',*,*,#8495,.T.);
#8495 = EDGE_CURVE('',#8464,#8496,#8498,.T.);
#8496 = VERTEX_POINT('',#8497);
#8497 = CARTESIAN_POINT('',(51.49,-6.E-02,0.5));
#8498 = LINE('',#8499,#8500);
#8499 = CARTESIAN_POINT('',(50.44,-6.E-02,0.5));
#8500 = VECTOR('',#8501,1.);
#8501 = DIRECTION('',(1.,0.,-0.));
#8502 = ORIENTED_EDGE('',*,*,#8503,.T.);
#8503 = EDGE_CURVE('',#8496,#1079,#8504,.T.);
#8504 = LINE('',#8505,#8506);
#8505 = CARTESIAN_POINT('',(51.49,-6.E-02,0.5));
#8506 = VECTOR('',#8507,1.);
#8507 = DIRECTION('',(-0.,1.,0.));
#8508 = ORIENTED_EDGE('',*,*,#1078,.F.);
#8509 = PLANE('',#8510);
#8510 = AXIS2_PLACEMENT_3D('',#8511,#8512,#8513);
#8511 = CARTESIAN_POINT('',(50.44,-6.E-02,0.5));
#8512 = DIRECTION('',(0.,0.,1.));
#8513 = DIRECTION('',(1.,0.,-0.));
#8514 = ADVANCED_FACE('',(#8515),#8533,.T.);
#8515 = FACE_BOUND('',#8516,.T.);
#8516 = EDGE_LOOP('',(#8517,#8518,#8526,#8532));
#8517 = ORIENTED_EDGE('',*,*,#8480,.F.);
#8518 = ORIENTED_EDGE('',*,*,#8519,.T.);
#8519 = EDGE_CURVE('',#8466,#8520,#8522,.T.);
#8520 = VERTEX_POINT('',#8521);
#8521 = CARTESIAN_POINT('',(51.49,-6.E-02,3.9));
#8522 = LINE('',#8523,#8524);
#8523 = CARTESIAN_POINT('',(50.44,-6.E-02,3.9));
#8524 = VECTOR('',#8525,1.);
#8525 = DIRECTION('',(1.,0.,-0.));
#8526 = ORIENTED_EDGE('',*,*,#8527,.T.);
#8527 = EDGE_CURVE('',#8520,#1087,#8528,.T.);
#8528 = LINE('',#8529,#8530);
#8529 = CARTESIAN_POINT('',(51.49,-6.E-02,3.9));
#8530 = VECTOR('',#8531,1.);
#8531 = DIRECTION('',(-0.,1.,0.));
#8532 = ORIENTED_EDGE('',*,*,#1094,.F.);
#8533 = PLANE('',#8534);
#8534 = AXIS2_PLACEMENT_3D('',#8535,#8536,#8537);
#8535 = CARTESIAN_POINT('',(50.44,-6.E-02,3.9));
#8536 = DIRECTION('',(0.,0.,1.));
#8537 = DIRECTION('',(1.,0.,-0.));
#8538 = ADVANCED_FACE('',(#8539),#8550,.T.);
#8539 = FACE_BOUND('',#8540,.T.);
#8540 = EDGE_LOOP('',(#8541,#8547,#8548,#8549));
#8541 = ORIENTED_EDGE('',*,*,#8542,.F.);
#8542 = EDGE_CURVE('',#8496,#8520,#8543,.T.);
#8543 = LINE('',#8544,#8545);
#8544 = CARTESIAN_POINT('',(51.49,-6.E-02,0.5));
#8545 = VECTOR('',#8546,1.);
#8546 = DIRECTION('',(0.,0.,1.));
#8547 = ORIENTED_EDGE('',*,*,#8503,.T.);
#8548 = ORIENTED_EDGE('',*,*,#1086,.T.);
#8549 = ORIENTED_EDGE('',*,*,#8527,.F.);
#8550 = PLANE('',#8551);
#8551 = AXIS2_PLACEMENT_3D('',#8552,#8553,#8554);
#8552 = CARTESIAN_POINT('',(51.49,-6.E-02,0.5));
#8553 = DIRECTION('',(1.,0.,-0.));
#8554 = DIRECTION('',(0.,0.,1.));
#8555 = ADVANCED_FACE('',(#8556),#8581,.F.);
#8556 = FACE_BOUND('',#8557,.F.);
#8557 = EDGE_LOOP('',(#8558,#8568,#8574,#8575));
#8558 = ORIENTED_EDGE('',*,*,#8559,.F.);
#8559 = EDGE_CURVE('',#8560,#8562,#8564,.T.);
#8560 = VERTEX_POINT('',#8561);
#8561 = CARTESIAN_POINT('',(52.16,-6.E-02,0.5));
#8562 = VERTEX_POINT('',#8563);
#8563 = CARTESIAN_POINT('',(52.16,-6.E-02,3.9));
#8564 = LINE('',#8565,#8566);
#8565 = CARTESIAN_POINT('',(52.16,-6.E-02,0.5));
#8566 = VECTOR('',#8567,1.);
#8567 = DIRECTION('',(0.,0.,1.));
#8568 = ORIENTED_EDGE('',*,*,#8569,.T.);
#8569 = EDGE_CURVE('',#8560,#1103,#8570,.T.);
#8570 = LINE('',#8571,#8572);
#8571 = CARTESIAN_POINT('',(52.16,-6.E-02,0.5));
#8572 = VECTOR('',#8573,1.);
#8573 = DIRECTION('',(-0.,1.,0.));
#8574 = ORIENTED_EDGE('',*,*,#1102,.T.);
#8575 = ORIENTED_EDGE('',*,*,#8576,.F.);
#8576 = EDGE_CURVE('',#8562,#1105,#8577,.T.);
#8577 = LINE('',#8578,#8579);
#8578 = CARTESIAN_POINT('',(52.16,-6.E-02,3.9));
#8579 = VECTOR('',#8580,1.);
#8580 = DIRECTION('',(-0.,1.,0.));
#8581 = PLANE('',#8582);
#8582 = AXIS2_PLACEMENT_3D('',#8583,#8584,#8585);
#8583 = CARTESIAN_POINT('',(52.16,-6.E-02,0.5));
#8584 = DIRECTION('',(1.,0.,-0.));
#8585 = DIRECTION('',(0.,0.,1.));
#8586 = ADVANCED_FACE('',(#8587),#8605,.F.);
#8587 = FACE_BOUND('',#8588,.F.);
#8588 = EDGE_LOOP('',(#8589,#8590,#8598,#8604));
#8589 = ORIENTED_EDGE('',*,*,#8569,.F.);
#8590 = ORIENTED_EDGE('',*,*,#8591,.T.);
#8591 = EDGE_CURVE('',#8560,#8592,#8594,.T.);
#8592 = VERTEX_POINT('',#8593);
#8593 = CARTESIAN_POINT('',(53.21,-6.E-02,0.5));
#8594 = LINE('',#8595,#8596);
#8595 = CARTESIAN_POINT('',(52.16,-6.E-02,0.5));
#8596 = VECTOR('',#8597,1.);
#8597 = DIRECTION('',(1.,0.,-0.));
#8598 = ORIENTED_EDGE('',*,*,#8599,.T.);
#8599 = EDGE_CURVE('',#8592,#1113,#8600,.T.);
#8600 = LINE('',#8601,#8602);
#8601 = CARTESIAN_POINT('',(53.21,-6.E-02,0.5));
#8602 = VECTOR('',#8603,1.);
#8603 = DIRECTION('',(-0.,1.,0.));
#8604 = ORIENTED_EDGE('',*,*,#1112,.F.);
#8605 = PLANE('',#8606);
#8606 = AXIS2_PLACEMENT_3D('',#8607,#8608,#8609);
#8607 = CARTESIAN_POINT('',(52.16,-6.E-02,0.5));
#8608 = DIRECTION('',(0.,0.,1.));
#8609 = DIRECTION('',(1.,0.,-0.));
#8610 = ADVANCED_FACE('',(#8611),#8629,.T.);
#8611 = FACE_BOUND('',#8612,.T.);
#8612 = EDGE_LOOP('',(#8613,#8614,#8622,#8628));
#8613 = ORIENTED_EDGE('',*,*,#8576,.F.);
#8614 = ORIENTED_EDGE('',*,*,#8615,.T.);
#8615 = EDGE_CURVE('',#8562,#8616,#8618,.T.);
#8616 = VERTEX_POINT('',#8617);
#8617 = CARTESIAN_POINT('',(53.21,-6.E-02,3.9));
#8618 = LINE('',#8619,#8620);
#8619 = CARTESIAN_POINT('',(52.16,-6.E-02,3.9));
#8620 = VECTOR('',#8621,1.);
#8621 = DIRECTION('',(1.,0.,-0.));
#8622 = ORIENTED_EDGE('',*,*,#8623,.T.);
#8623 = EDGE_CURVE('',#8616,#1121,#8624,.T.);
#8624 = LINE('',#8625,#8626);
#8625 = CARTESIAN_POINT('',(53.21,-6.E-02,3.9));
#8626 = VECTOR('',#8627,1.);
#8627 = DIRECTION('',(-0.,1.,0.));
#8628 = ORIENTED_EDGE('',*,*,#1128,.F.);
#8629 = PLANE('',#8630);
#8630 = AXIS2_PLACEMENT_3D('',#8631,#8632,#8633);
#8631 = CARTESIAN_POINT('',(52.16,-6.E-02,3.9));
#8632 = DIRECTION('',(0.,0.,1.));
#8633 = DIRECTION('',(1.,0.,-0.));
#8634 = ADVANCED_FACE('',(#8635),#8646,.T.);
#8635 = FACE_BOUND('',#8636,.T.);
#8636 = EDGE_LOOP('',(#8637,#8643,#8644,#8645));
#8637 = ORIENTED_EDGE('',*,*,#8638,.F.);
#8638 = EDGE_CURVE('',#8592,#8616,#8639,.T.);
#8639 = LINE('',#8640,#8641);
#8640 = CARTESIAN_POINT('',(53.21,-6.E-02,0.5));
#8641 = VECTOR('',#8642,1.);
#8642 = DIRECTION('',(0.,0.,1.));
#8643 = ORIENTED_EDGE('',*,*,#8599,.T.);
#8644 = ORIENTED_EDGE('',*,*,#1120,.T.);
#8645 = ORIENTED_EDGE('',*,*,#8623,.F.);
#8646 = PLANE('',#8647);
#8647 = AXIS2_PLACEMENT_3D('',#8648,#8649,#8650);
#8648 = CARTESIAN_POINT('',(53.21,-6.E-02,0.5));
#8649 = DIRECTION('',(1.,0.,-0.));
#8650 = DIRECTION('',(0.,0.,1.));
#8651 = ADVANCED_FACE('',(#8652),#8677,.F.);
#8652 = FACE_BOUND('',#8653,.F.);
#8653 = EDGE_LOOP('',(#8654,#8664,#8670,#8671));
#8654 = ORIENTED_EDGE('',*,*,#8655,.F.);
#8655 = EDGE_CURVE('',#8656,#8658,#8660,.T.);
#8656 = VERTEX_POINT('',#8657);
#8657 = CARTESIAN_POINT('',(53.88,-6.E-02,0.5));
#8658 = VERTEX_POINT('',#8659);
#8659 = CARTESIAN_POINT('',(53.88,-6.E-02,3.9));
#8660 = LINE('',#8661,#8662);
#8661 = CARTESIAN_POINT('',(53.88,-6.E-02,0.5));
#8662 = VECTOR('',#8663,1.);
#8663 = DIRECTION('',(0.,0.,1.));
#8664 = ORIENTED_EDGE('',*,*,#8665,.T.);
#8665 = EDGE_CURVE('',#8656,#1137,#8666,.T.);
#8666 = LINE('',#8667,#8668);
#8667 = CARTESIAN_POINT('',(53.88,-6.E-02,0.5));
#8668 = VECTOR('',#8669,1.);
#8669 = DIRECTION('',(-0.,1.,0.));
#8670 = ORIENTED_EDGE('',*,*,#1136,.T.);
#8671 = ORIENTED_EDGE('',*,*,#8672,.F.);
#8672 = EDGE_CURVE('',#8658,#1139,#8673,.T.);
#8673 = LINE('',#8674,#8675);
#8674 = CARTESIAN_POINT('',(53.88,-6.E-02,3.9));
#8675 = VECTOR('',#8676,1.);
#8676 = DIRECTION('',(-0.,1.,0.));
#8677 = PLANE('',#8678);
#8678 = AXIS2_PLACEMENT_3D('',#8679,#8680,#8681);
#8679 = CARTESIAN_POINT('',(53.88,-6.E-02,0.5));
#8680 = DIRECTION('',(1.,0.,-0.));
#8681 = DIRECTION('',(0.,0.,1.));
#8682 = ADVANCED_FACE('',(#8683),#8701,.F.);
#8683 = FACE_BOUND('',#8684,.F.);
#8684 = EDGE_LOOP('',(#8685,#8686,#8694,#8700));
#8685 = ORIENTED_EDGE('',*,*,#8665,.F.);
#8686 = ORIENTED_EDGE('',*,*,#8687,.T.);
#8687 = EDGE_CURVE('',#8656,#8688,#8690,.T.);
#8688 = VERTEX_POINT('',#8689);
#8689 = CARTESIAN_POINT('',(54.93,-6.E-02,0.5));
#8690 = LINE('',#8691,#8692);
#8691 = CARTESIAN_POINT('',(53.88,-6.E-02,0.5));
#8692 = VECTOR('',#8693,1.);
#8693 = DIRECTION('',(1.,0.,-0.));
#8694 = ORIENTED_EDGE('',*,*,#8695,.T.);
#8695 = EDGE_CURVE('',#8688,#1147,#8696,.T.);
#8696 = LINE('',#8697,#8698);
#8697 = CARTESIAN_POINT('',(54.93,-6.E-02,0.5));
#8698 = VECTOR('',#8699,1.);
#8699 = DIRECTION('',(-0.,1.,0.));
#8700 = ORIENTED_EDGE('',*,*,#1146,.F.);
#8701 = PLANE('',#8702);
#8702 = AXIS2_PLACEMENT_3D('',#8703,#8704,#8705);
#8703 = CARTESIAN_POINT('',(53.88,-6.E-02,0.5));
#8704 = DIRECTION('',(0.,0.,1.));
#8705 = DIRECTION('',(1.,0.,-0.));
#8706 = ADVANCED_FACE('',(#8707),#8725,.T.);
#8707 = FACE_BOUND('',#8708,.T.);
#8708 = EDGE_LOOP('',(#8709,#8710,#8718,#8724));
#8709 = ORIENTED_EDGE('',*,*,#8672,.F.);
#8710 = ORIENTED_EDGE('',*,*,#8711,.T.);
#8711 = EDGE_CURVE('',#8658,#8712,#8714,.T.);
#8712 = VERTEX_POINT('',#8713);
#8713 = CARTESIAN_POINT('',(54.93,-6.E-02,3.9));
#8714 = LINE('',#8715,#8716);
#8715 = CARTESIAN_POINT('',(53.88,-6.E-02,3.9));
#8716 = VECTOR('',#8717,1.);
#8717 = DIRECTION('',(1.,0.,-0.));
#8718 = ORIENTED_EDGE('',*,*,#8719,.T.);
#8719 = EDGE_CURVE('',#8712,#1155,#8720,.T.);
#8720 = LINE('',#8721,#8722);
#8721 = CARTESIAN_POINT('',(54.93,-6.E-02,3.9));
#8722 = VECTOR('',#8723,1.);
#8723 = DIRECTION('',(-0.,1.,0.));
#8724 = ORIENTED_EDGE('',*,*,#1162,.F.);
#8725 = PLANE('',#8726);
#8726 = AXIS2_PLACEMENT_3D('',#8727,#8728,#8729);
#8727 = CARTESIAN_POINT('',(53.88,-6.E-02,3.9));
#8728 = DIRECTION('',(0.,0.,1.));
#8729 = DIRECTION('',(1.,0.,-0.));
#8730 = ADVANCED_FACE('',(#8731),#8742,.T.);
#8731 = FACE_BOUND('',#8732,.T.);
#8732 = EDGE_LOOP('',(#8733,#8739,#8740,#8741));
#8733 = ORIENTED_EDGE('',*,*,#8734,.F.);
#8734 = EDGE_CURVE('',#8688,#8712,#8735,.T.);
#8735 = LINE('',#8736,#8737);
#8736 = CARTESIAN_POINT('',(54.93,-6.E-02,0.5));
#8737 = VECTOR('',#8738,1.);
#8738 = DIRECTION('',(0.,0.,1.));
#8739 = ORIENTED_EDGE('',*,*,#8695,.T.);
#8740 = ORIENTED_EDGE('',*,*,#1154,.T.);
#8741 = ORIENTED_EDGE('',*,*,#8719,.F.);
#8742 = PLANE('',#8743);
#8743 = AXIS2_PLACEMENT_3D('',#8744,#8745,#8746);
#8744 = CARTESIAN_POINT('',(54.93,-6.E-02,0.5));
#8745 = DIRECTION('',(1.,0.,-0.));
#8746 = DIRECTION('',(0.,0.,1.));
#8747 = ADVANCED_FACE('',(#8748),#8773,.F.);
#8748 = FACE_BOUND('',#8749,.F.);
#8749 = EDGE_LOOP('',(#8750,#8760,#8766,#8767));
#8750 = ORIENTED_EDGE('',*,*,#8751,.F.);
#8751 = EDGE_CURVE('',#8752,#8754,#8756,.T.);
#8752 = VERTEX_POINT('',#8753);
#8753 = CARTESIAN_POINT('',(55.6,-6.E-02,0.5));
#8754 = VERTEX_POINT('',#8755);
#8755 = CARTESIAN_POINT('',(55.6,-6.E-02,3.9));
#8756 = LINE('',#8757,#8758);
#8757 = CARTESIAN_POINT('',(55.6,-6.E-02,0.5));
#8758 = VECTOR('',#8759,1.);
#8759 = DIRECTION('',(0.,0.,1.));
#8760 = ORIENTED_EDGE('',*,*,#8761,.T.);
#8761 = EDGE_CURVE('',#8752,#1171,#8762,.T.);
#8762 = LINE('',#8763,#8764);
#8763 = CARTESIAN_POINT('',(55.6,-6.E-02,0.5));
#8764 = VECTOR('',#8765,1.);
#8765 = DIRECTION('',(-0.,1.,0.));
#8766 = ORIENTED_EDGE('',*,*,#1170,.T.);
#8767 = ORIENTED_EDGE('',*,*,#8768,.F.);
#8768 = EDGE_CURVE('',#8754,#1173,#8769,.T.);
#8769 = LINE('',#8770,#8771);
#8770 = CARTESIAN_POINT('',(55.6,-6.E-02,3.9));
#8771 = VECTOR('',#8772,1.);
#8772 = DIRECTION('',(-0.,1.,0.));
#8773 = PLANE('',#8774);
#8774 = AXIS2_PLACEMENT_3D('',#8775,#8776,#8777);
#8775 = CARTESIAN_POINT('',(55.6,-6.E-02,0.5));
#8776 = DIRECTION('',(1.,0.,-0.));
#8777 = DIRECTION('',(0.,0.,1.));
#8778 = ADVANCED_FACE('',(#8779),#8797,.F.);
#8779 = FACE_BOUND('',#8780,.F.);
#8780 = EDGE_LOOP('',(#8781,#8782,#8790,#8796));
#8781 = ORIENTED_EDGE('',*,*,#8761,.F.);
#8782 = ORIENTED_EDGE('',*,*,#8783,.T.);
#8783 = EDGE_CURVE('',#8752,#8784,#8786,.T.);
#8784 = VERTEX_POINT('',#8785);
#8785 = CARTESIAN_POINT('',(56.65,-6.E-02,0.5));
#8786 = LINE('',#8787,#8788);
#8787 = CARTESIAN_POINT('',(55.6,-6.E-02,0.5));
#8788 = VECTOR('',#8789,1.);
#8789 = DIRECTION('',(1.,0.,-0.));
#8790 = ORIENTED_EDGE('',*,*,#8791,.T.);
#8791 = EDGE_CURVE('',#8784,#1181,#8792,.T.);
#8792 = LINE('',#8793,#8794);
#8793 = CARTESIAN_POINT('',(56.65,-6.E-02,0.5));
#8794 = VECTOR('',#8795,1.);
#8795 = DIRECTION('',(-0.,1.,0.));
#8796 = ORIENTED_EDGE('',*,*,#1180,.F.);
#8797 = PLANE('',#8798);
#8798 = AXIS2_PLACEMENT_3D('',#8799,#8800,#8801);
#8799 = CARTESIAN_POINT('',(55.6,-6.E-02,0.5));
#8800 = DIRECTION('',(0.,0.,1.));
#8801 = DIRECTION('',(1.,0.,-0.));
#8802 = ADVANCED_FACE('',(#8803),#8821,.T.);
#8803 = FACE_BOUND('',#8804,.T.);
#8804 = EDGE_LOOP('',(#8805,#8806,#8814,#8820));
#8805 = ORIENTED_EDGE('',*,*,#8768,.F.);
#8806 = ORIENTED_EDGE('',*,*,#8807,.T.);
#8807 = EDGE_CURVE('',#8754,#8808,#8810,.T.);
#8808 = VERTEX_POINT('',#8809);
#8809 = CARTESIAN_POINT('',(56.65,-6.E-02,3.9));
#8810 = LINE('',#8811,#8812);
#8811 = CARTESIAN_POINT('',(55.6,-6.E-02,3.9));
#8812 = VECTOR('',#8813,1.);
#8813 = DIRECTION('',(1.,0.,-0.));
#8814 = ORIENTED_EDGE('',*,*,#8815,.T.);
#8815 = EDGE_CURVE('',#8808,#1189,#8816,.T.);
#8816 = LINE('',#8817,#8818);
#8817 = CARTESIAN_POINT('',(56.65,-6.E-02,3.9));
#8818 = VECTOR('',#8819,1.);
#8819 = DIRECTION('',(-0.,1.,0.));
#8820 = ORIENTED_EDGE('',*,*,#1196,.F.);
#8821 = PLANE('',#8822);
#8822 = AXIS2_PLACEMENT_3D('',#8823,#8824,#8825);
#8823 = CARTESIAN_POINT('',(55.6,-6.E-02,3.9));
#8824 = DIRECTION('',(0.,0.,1.));
#8825 = DIRECTION('',(1.,0.,-0.));
#8826 = ADVANCED_FACE('',(#8827),#8838,.T.);
#8827 = FACE_BOUND('',#8828,.T.);
#8828 = EDGE_LOOP('',(#8829,#8835,#8836,#8837));
#8829 = ORIENTED_EDGE('',*,*,#8830,.F.);
#8830 = EDGE_CURVE('',#8784,#8808,#8831,.T.);
#8831 = LINE('',#8832,#8833);
#8832 = CARTESIAN_POINT('',(56.65,-6.E-02,0.5));
#8833 = VECTOR('',#8834,1.);
#8834 = DIRECTION('',(0.,0.,1.));
#8835 = ORIENTED_EDGE('',*,*,#8791,.T.);
#8836 = ORIENTED_EDGE('',*,*,#1188,.T.);
#8837 = ORIENTED_EDGE('',*,*,#8815,.F.);
#8838 = PLANE('',#8839);
#8839 = AXIS2_PLACEMENT_3D('',#8840,#8841,#8842);
#8840 = CARTESIAN_POINT('',(56.65,-6.E-02,0.5));
#8841 = DIRECTION('',(1.,0.,-0.));
#8842 = DIRECTION('',(0.,0.,1.));
#8843 = ADVANCED_FACE('',(#8844),#8869,.F.);
#8844 = FACE_BOUND('',#8845,.F.);
#8845 = EDGE_LOOP('',(#8846,#8856,#8862,#8863));
#8846 = ORIENTED_EDGE('',*,*,#8847,.F.);
#8847 = EDGE_CURVE('',#8848,#8850,#8852,.T.);
#8848 = VERTEX_POINT('',#8849);
#8849 = CARTESIAN_POINT('',(57.32,-6.E-02,0.5));
#8850 = VERTEX_POINT('',#8851);
#8851 = CARTESIAN_POINT('',(57.32,-6.E-02,3.9));
#8852 = LINE('',#8853,#8854);
#8853 = CARTESIAN_POINT('',(57.32,-6.E-02,0.5));
#8854 = VECTOR('',#8855,1.);
#8855 = DIRECTION('',(0.,0.,1.));
#8856 = ORIENTED_EDGE('',*,*,#8857,.T.);
#8857 = EDGE_CURVE('',#8848,#1205,#8858,.T.);
#8858 = LINE('',#8859,#8860);
#8859 = CARTESIAN_POINT('',(57.32,-6.E-02,0.5));
#8860 = VECTOR('',#8861,1.);
#8861 = DIRECTION('',(-0.,1.,0.));
#8862 = ORIENTED_EDGE('',*,*,#1204,.T.);
#8863 = ORIENTED_EDGE('',*,*,#8864,.F.);
#8864 = EDGE_CURVE('',#8850,#1207,#8865,.T.);
#8865 = LINE('',#8866,#8867);
#8866 = CARTESIAN_POINT('',(57.32,-6.E-02,3.9));
#8867 = VECTOR('',#8868,1.);
#8868 = DIRECTION('',(-0.,1.,0.));
#8869 = PLANE('',#8870);
#8870 = AXIS2_PLACEMENT_3D('',#8871,#8872,#8873);
#8871 = CARTESIAN_POINT('',(57.32,-6.E-02,0.5));
#8872 = DIRECTION('',(1.,0.,-0.));
#8873 = DIRECTION('',(0.,0.,1.));
#8874 = ADVANCED_FACE('',(#8875),#8893,.F.);
#8875 = FACE_BOUND('',#8876,.F.);
#8876 = EDGE_LOOP('',(#8877,#8878,#8886,#8892));
#8877 = ORIENTED_EDGE('',*,*,#8857,.F.);
#8878 = ORIENTED_EDGE('',*,*,#8879,.T.);
#8879 = EDGE_CURVE('',#8848,#8880,#8882,.T.);
#8880 = VERTEX_POINT('',#8881);
#8881 = CARTESIAN_POINT('',(58.37,-6.E-02,0.5));
#8882 = LINE('',#8883,#8884);
#8883 = CARTESIAN_POINT('',(57.32,-6.E-02,0.5));
#8884 = VECTOR('',#8885,1.);
#8885 = DIRECTION('',(1.,0.,-0.));
#8886 = ORIENTED_EDGE('',*,*,#8887,.T.);
#8887 = EDGE_CURVE('',#8880,#1215,#8888,.T.);
#8888 = LINE('',#8889,#8890);
#8889 = CARTESIAN_POINT('',(58.37,-6.E-02,0.5));
#8890 = VECTOR('',#8891,1.);
#8891 = DIRECTION('',(-0.,1.,0.));
#8892 = ORIENTED_EDGE('',*,*,#1214,.F.);
#8893 = PLANE('',#8894);
#8894 = AXIS2_PLACEMENT_3D('',#8895,#8896,#8897);
#8895 = CARTESIAN_POINT('',(57.32,-6.E-02,0.5));
#8896 = DIRECTION('',(0.,0.,1.));
#8897 = DIRECTION('',(1.,0.,-0.));
#8898 = ADVANCED_FACE('',(#8899),#8917,.T.);
#8899 = FACE_BOUND('',#8900,.T.);
#8900 = EDGE_LOOP('',(#8901,#8902,#8910,#8916));
#8901 = ORIENTED_EDGE('',*,*,#8864,.F.);
#8902 = ORIENTED_EDGE('',*,*,#8903,.T.);
#8903 = EDGE_CURVE('',#8850,#8904,#8906,.T.);
#8904 = VERTEX_POINT('',#8905);
#8905 = CARTESIAN_POINT('',(58.37,-6.E-02,3.9));
#8906 = LINE('',#8907,#8908);
#8907 = CARTESIAN_POINT('',(57.32,-6.E-02,3.9));
#8908 = VECTOR('',#8909,1.);
#8909 = DIRECTION('',(1.,0.,-0.));
#8910 = ORIENTED_EDGE('',*,*,#8911,.T.);
#8911 = EDGE_CURVE('',#8904,#1223,#8912,.T.);
#8912 = LINE('',#8913,#8914);
#8913 = CARTESIAN_POINT('',(58.37,-6.E-02,3.9));
#8914 = VECTOR('',#8915,1.);
#8915 = DIRECTION('',(-0.,1.,0.));
#8916 = ORIENTED_EDGE('',*,*,#1230,.F.);
#8917 = PLANE('',#8918);
#8918 = AXIS2_PLACEMENT_3D('',#8919,#8920,#8921);
#8919 = CARTESIAN_POINT('',(57.32,-6.E-02,3.9));
#8920 = DIRECTION('',(0.,0.,1.));
#8921 = DIRECTION('',(1.,0.,-0.));
#8922 = ADVANCED_FACE('',(#8923),#8934,.T.);
#8923 = FACE_BOUND('',#8924,.T.);
#8924 = EDGE_LOOP('',(#8925,#8931,#8932,#8933));
#8925 = ORIENTED_EDGE('',*,*,#8926,.F.);
#8926 = EDGE_CURVE('',#8880,#8904,#8927,.T.);
#8927 = LINE('',#8928,#8929);
#8928 = CARTESIAN_POINT('',(58.37,-6.E-02,0.5));
#8929 = VECTOR('',#8930,1.);
#8930 = DIRECTION('',(0.,0.,1.));
#8931 = ORIENTED_EDGE('',*,*,#8887,.T.);
#8932 = ORIENTED_EDGE('',*,*,#1222,.T.);
#8933 = ORIENTED_EDGE('',*,*,#8911,.F.);
#8934 = PLANE('',#8935);
#8935 = AXIS2_PLACEMENT_3D('',#8936,#8937,#8938);
#8936 = CARTESIAN_POINT('',(58.37,-6.E-02,0.5));
#8937 = DIRECTION('',(1.,0.,-0.));
#8938 = DIRECTION('',(0.,0.,1.));
#8939 = ADVANCED_FACE('',(#8940),#8965,.F.);
#8940 = FACE_BOUND('',#8941,.F.);
#8941 = EDGE_LOOP('',(#8942,#8952,#8958,#8959));
#8942 = ORIENTED_EDGE('',*,*,#8943,.F.);
#8943 = EDGE_CURVE('',#8944,#8946,#8948,.T.);
#8944 = VERTEX_POINT('',#8945);
#8945 = CARTESIAN_POINT('',(59.04,-6.E-02,0.5));
#8946 = VERTEX_POINT('',#8947);
#8947 = CARTESIAN_POINT('',(59.04,-6.E-02,3.9));
#8948 = LINE('',#8949,#8950);
#8949 = CARTESIAN_POINT('',(59.04,-6.E-02,0.5));
#8950 = VECTOR('',#8951,1.);
#8951 = DIRECTION('',(0.,0.,1.));
#8952 = ORIENTED_EDGE('',*,*,#8953,.T.);
#8953 = EDGE_CURVE('',#8944,#1239,#8954,.T.);
#8954 = LINE('',#8955,#8956);
#8955 = CARTESIAN_POINT('',(59.04,-6.E-02,0.5));
#8956 = VECTOR('',#8957,1.);
#8957 = DIRECTION('',(-0.,1.,0.));
#8958 = ORIENTED_EDGE('',*,*,#1238,.T.);
#8959 = ORIENTED_EDGE('',*,*,#8960,.F.);
#8960 = EDGE_CURVE('',#8946,#1241,#8961,.T.);
#8961 = LINE('',#8962,#8963);
#8962 = CARTESIAN_POINT('',(59.04,-6.E-02,3.9));
#8963 = VECTOR('',#8964,1.);
#8964 = DIRECTION('',(-0.,1.,0.));
#8965 = PLANE('',#8966);
#8966 = AXIS2_PLACEMENT_3D('',#8967,#8968,#8969);
#8967 = CARTESIAN_POINT('',(59.04,-6.E-02,0.5));
#8968 = DIRECTION('',(1.,0.,-0.));
#8969 = DIRECTION('',(0.,0.,1.));
#8970 = ADVANCED_FACE('',(#8971),#8989,.F.);
#8971 = FACE_BOUND('',#8972,.F.);
#8972 = EDGE_LOOP('',(#8973,#8974,#8982,#8988));
#8973 = ORIENTED_EDGE('',*,*,#8953,.F.);
#8974 = ORIENTED_EDGE('',*,*,#8975,.T.);
#8975 = EDGE_CURVE('',#8944,#8976,#8978,.T.);
#8976 = VERTEX_POINT('',#8977);
#8977 = CARTESIAN_POINT('',(60.09,-6.E-02,0.5));
#8978 = LINE('',#8979,#8980);
#8979 = CARTESIAN_POINT('',(59.04,-6.E-02,0.5));
#8980 = VECTOR('',#8981,1.);
#8981 = DIRECTION('',(1.,0.,-0.));
#8982 = ORIENTED_EDGE('',*,*,#8983,.T.);
#8983 = EDGE_CURVE('',#8976,#1249,#8984,.T.);
#8984 = LINE('',#8985,#8986);
#8985 = CARTESIAN_POINT('',(60.09,-6.E-02,0.5));
#8986 = VECTOR('',#8987,1.);
#8987 = DIRECTION('',(-0.,1.,0.));
#8988 = ORIENTED_EDGE('',*,*,#1248,.F.);
#8989 = PLANE('',#8990);
#8990 = AXIS2_PLACEMENT_3D('',#8991,#8992,#8993);
#8991 = CARTESIAN_POINT('',(59.04,-6.E-02,0.5));
#8992 = DIRECTION('',(0.,0.,1.));
#8993 = DIRECTION('',(1.,0.,-0.));
#8994 = ADVANCED_FACE('',(#8995),#9013,.T.);
#8995 = FACE_BOUND('',#8996,.T.);
#8996 = EDGE_LOOP('',(#8997,#8998,#9006,#9012));
#8997 = ORIENTED_EDGE('',*,*,#8960,.F.);
#8998 = ORIENTED_EDGE('',*,*,#8999,.T.);
#8999 = EDGE_CURVE('',#8946,#9000,#9002,.T.);
#9000 = VERTEX_POINT('',#9001);
#9001 = CARTESIAN_POINT('',(60.09,-6.E-02,3.9));
#9002 = LINE('',#9003,#9004);
#9003 = CARTESIAN_POINT('',(59.04,-6.E-02,3.9));
#9004 = VECTOR('',#9005,1.);
#9005 = DIRECTION('',(1.,0.,-0.));
#9006 = ORIENTED_EDGE('',*,*,#9007,.T.);
#9007 = EDGE_CURVE('',#9000,#1257,#9008,.T.);
#9008 = LINE('',#9009,#9010);
#9009 = CARTESIAN_POINT('',(60.09,-6.E-02,3.9));
#9010 = VECTOR('',#9011,1.);
#9011 = DIRECTION('',(-0.,1.,0.));
#9012 = ORIENTED_EDGE('',*,*,#1264,.F.);
#9013 = PLANE('',#9014);
#9014 = AXIS2_PLACEMENT_3D('',#9015,#9016,#9017);
#9015 = CARTESIAN_POINT('',(59.04,-6.E-02,3.9));
#9016 = DIRECTION('',(0.,0.,1.));
#9017 = DIRECTION('',(1.,0.,-0.));
#9018 = ADVANCED_FACE('',(#9019),#9030,.T.);
#9019 = FACE_BOUND('',#9020,.T.);
#9020 = EDGE_LOOP('',(#9021,#9027,#9028,#9029));
#9021 = ORIENTED_EDGE('',*,*,#9022,.F.);
#9022 = EDGE_CURVE('',#8976,#9000,#9023,.T.);
#9023 = LINE('',#9024,#9025);
#9024 = CARTESIAN_POINT('',(60.09,-6.E-02,0.5));
#9025 = VECTOR('',#9026,1.);
#9026 = DIRECTION('',(0.,0.,1.));
#9027 = ORIENTED_EDGE('',*,*,#8983,.T.);
#9028 = ORIENTED_EDGE('',*,*,#1256,.T.);
#9029 = ORIENTED_EDGE('',*,*,#9007,.F.);
#9030 = PLANE('',#9031);
#9031 = AXIS2_PLACEMENT_3D('',#9032,#9033,#9034);
#9032 = CARTESIAN_POINT('',(60.09,-6.E-02,0.5));
#9033 = DIRECTION('',(1.,0.,-0.));
#9034 = DIRECTION('',(0.,0.,1.));
#9035 = ADVANCED_FACE('',(#9036),#9061,.F.);
#9036 = FACE_BOUND('',#9037,.F.);
#9037 = EDGE_LOOP('',(#9038,#9048,#9054,#9055));
#9038 = ORIENTED_EDGE('',*,*,#9039,.F.);
#9039 = EDGE_CURVE('',#9040,#9042,#9044,.T.);
#9040 = VERTEX_POINT('',#9041);
#9041 = CARTESIAN_POINT('',(65.92,-6.E-02,0.5));
#9042 = VERTEX_POINT('',#9043);
#9043 = CARTESIAN_POINT('',(65.92,-6.E-02,3.9));
#9044 = LINE('',#9045,#9046);
#9045 = CARTESIAN_POINT('',(65.92,-6.E-02,0.5));
#9046 = VECTOR('',#9047,1.);
#9047 = DIRECTION('',(0.,0.,1.));
#9048 = ORIENTED_EDGE('',*,*,#9049,.T.);
#9049 = EDGE_CURVE('',#9040,#1273,#9050,.T.);
#9050 = LINE('',#9051,#9052);
#9051 = CARTESIAN_POINT('',(65.92,-6.E-02,0.5));
#9052 = VECTOR('',#9053,1.);
#9053 = DIRECTION('',(-0.,1.,0.));
#9054 = ORIENTED_EDGE('',*,*,#1272,.T.);
#9055 = ORIENTED_EDGE('',*,*,#9056,.F.);
#9056 = EDGE_CURVE('',#9042,#1275,#9057,.T.);
#9057 = LINE('',#9058,#9059);
#9058 = CARTESIAN_POINT('',(65.92,-6.E-02,3.9));
#9059 = VECTOR('',#9060,1.);
#9060 = DIRECTION('',(-0.,1.,0.));
#9061 = PLANE('',#9062);
#9062 = AXIS2_PLACEMENT_3D('',#9063,#9064,#9065);
#9063 = CARTESIAN_POINT('',(65.92,-6.E-02,0.5));
#9064 = DIRECTION('',(1.,0.,-0.));
#9065 = DIRECTION('',(0.,0.,1.));
#9066 = ADVANCED_FACE('',(#9067),#9085,.F.);
#9067 = FACE_BOUND('',#9068,.F.);
#9068 = EDGE_LOOP('',(#9069,#9070,#9078,#9084));
#9069 = ORIENTED_EDGE('',*,*,#9049,.F.);
#9070 = ORIENTED_EDGE('',*,*,#9071,.T.);
#9071 = EDGE_CURVE('',#9040,#9072,#9074,.T.);
#9072 = VERTEX_POINT('',#9073);
#9073 = CARTESIAN_POINT('',(66.97,-6.E-02,0.5));
#9074 = LINE('',#9075,#9076);
#9075 = CARTESIAN_POINT('',(65.92,-6.E-02,0.5));
#9076 = VECTOR('',#9077,1.);
#9077 = DIRECTION('',(1.,0.,-0.));
#9078 = ORIENTED_EDGE('',*,*,#9079,.T.);
#9079 = EDGE_CURVE('',#9072,#1283,#9080,.T.);
#9080 = LINE('',#9081,#9082);
#9081 = CARTESIAN_POINT('',(66.97,-6.E-02,0.5));
#9082 = VECTOR('',#9083,1.);
#9083 = DIRECTION('',(-0.,1.,0.));
#9084 = ORIENTED_EDGE('',*,*,#1282,.F.);
#9085 = PLANE('',#9086);
#9086 = AXIS2_PLACEMENT_3D('',#9087,#9088,#9089);
#9087 = CARTESIAN_POINT('',(65.92,-6.E-02,0.5));
#9088 = DIRECTION('',(0.,0.,1.));
#9089 = DIRECTION('',(1.,0.,-0.));
#9090 = ADVANCED_FACE('',(#9091),#9109,.T.);
#9091 = FACE_BOUND('',#9092,.T.);
#9092 = EDGE_LOOP('',(#9093,#9094,#9102,#9108));
#9093 = ORIENTED_EDGE('',*,*,#9056,.F.);
#9094 = ORIENTED_EDGE('',*,*,#9095,.T.);
#9095 = EDGE_CURVE('',#9042,#9096,#9098,.T.);
#9096 = VERTEX_POINT('',#9097);
#9097 = CARTESIAN_POINT('',(66.97,-6.E-02,3.9));
#9098 = LINE('',#9099,#9100);
#9099 = CARTESIAN_POINT('',(65.92,-6.E-02,3.9));
#9100 = VECTOR('',#9101,1.);
#9101 = DIRECTION('',(1.,0.,-0.));
#9102 = ORIENTED_EDGE('',*,*,#9103,.T.);
#9103 = EDGE_CURVE('',#9096,#1291,#9104,.T.);
#9104 = LINE('',#9105,#9106);
#9105 = CARTESIAN_POINT('',(66.97,-6.E-02,3.9));
#9106 = VECTOR('',#9107,1.);
#9107 = DIRECTION('',(-0.,1.,0.));
#9108 = ORIENTED_EDGE('',*,*,#1298,.F.);
#9109 = PLANE('',#9110);
#9110 = AXIS2_PLACEMENT_3D('',#9111,#9112,#9113);
#9111 = CARTESIAN_POINT('',(65.92,-6.E-02,3.9));
#9112 = DIRECTION('',(0.,0.,1.));
#9113 = DIRECTION('',(1.,0.,-0.));
#9114 = ADVANCED_FACE('',(#9115),#9126,.T.);
#9115 = FACE_BOUND('',#9116,.T.);
#9116 = EDGE_LOOP('',(#9117,#9123,#9124,#9125));
#9117 = ORIENTED_EDGE('',*,*,#9118,.F.);
#9118 = EDGE_CURVE('',#9072,#9096,#9119,.T.);
#9119 = LINE('',#9120,#9121);
#9120 = CARTESIAN_POINT('',(66.97,-6.E-02,0.5));
#9121 = VECTOR('',#9122,1.);
#9122 = DIRECTION('',(0.,0.,1.));
#9123 = ORIENTED_EDGE('',*,*,#9079,.T.);
#9124 = ORIENTED_EDGE('',*,*,#1290,.T.);
#9125 = ORIENTED_EDGE('',*,*,#9103,.F.);
#9126 = PLANE('',#9127);
#9127 = AXIS2_PLACEMENT_3D('',#9128,#9129,#9130);
#9128 = CARTESIAN_POINT('',(66.97,-6.E-02,0.5));
#9129 = DIRECTION('',(1.,0.,-0.));
#9130 = DIRECTION('',(0.,0.,1.));
#9131 = ADVANCED_FACE('',(#9132),#9157,.F.);
#9132 = FACE_BOUND('',#9133,.F.);
#9133 = EDGE_LOOP('',(#9134,#9144,#9150,#9151));
#9134 = ORIENTED_EDGE('',*,*,#9135,.F.);
#9135 = EDGE_CURVE('',#9136,#9138,#9140,.T.);
#9136 = VERTEX_POINT('',#9137);
#9137 = CARTESIAN_POINT('',(6.5,-1.05,11.));
#9138 = VERTEX_POINT('',#9139);
#9139 = CARTESIAN_POINT('',(6.5,-1.05,22.5));
#9140 = LINE('',#9141,#9142);
#9141 = CARTESIAN_POINT('',(6.5,-1.05,11.));
#9142 = VECTOR('',#9143,1.);
#9143 = DIRECTION('',(0.,0.,1.));
#9144 = ORIENTED_EDGE('',*,*,#9145,.T.);
#9145 = EDGE_CURVE('',#9136,#1307,#9146,.T.);
#9146 = LINE('',#9147,#9148);
#9147 = CARTESIAN_POINT('',(6.5,-1.05,11.));
#9148 = VECTOR('',#9149,1.);
#9149 = DIRECTION('',(-0.,1.,0.));
#9150 = ORIENTED_EDGE('',*,*,#1306,.T.);
#9151 = ORIENTED_EDGE('',*,*,#9152,.F.);
#9152 = EDGE_CURVE('',#9138,#1309,#9153,.T.);
#9153 = LINE('',#9154,#9155);
#9154 = CARTESIAN_POINT('',(6.5,-1.05,22.5));
#9155 = VECTOR('',#9156,1.);
#9156 = DIRECTION('',(-0.,1.,0.));
#9157 = PLANE('',#9158);
#9158 = AXIS2_PLACEMENT_3D('',#9159,#9160,#9161);
#9159 = CARTESIAN_POINT('',(6.5,-1.05,11.));
#9160 = DIRECTION('',(1.,0.,-0.));
#9161 = DIRECTION('',(0.,0.,1.));
#9162 = ADVANCED_FACE('',(#9163),#9181,.F.);
#9163 = FACE_BOUND('',#9164,.F.);
#9164 = EDGE_LOOP('',(#9165,#9166,#9174,#9180));
#9165 = ORIENTED_EDGE('',*,*,#9145,.F.);
#9166 = ORIENTED_EDGE('',*,*,#9167,.T.);
#9167 = EDGE_CURVE('',#9136,#9168,#9170,.T.);
#9168 = VERTEX_POINT('',#9169);
#9169 = CARTESIAN_POINT('',(16.1,-1.05,11.));
#9170 = LINE('',#9171,#9172);
#9171 = CARTESIAN_POINT('',(6.5,-1.05,11.));
#9172 = VECTOR('',#9173,1.);
#9173 = DIRECTION('',(1.,0.,-0.));
#9174 = ORIENTED_EDGE('',*,*,#9175,.T.);
#9175 = EDGE_CURVE('',#9168,#1317,#9176,.T.);
#9176 = LINE('',#9177,#9178);
#9177 = CARTESIAN_POINT('',(16.1,-1.05,11.));
#9178 = VECTOR('',#9179,1.);
#9179 = DIRECTION('',(-0.,1.,0.));
#9180 = ORIENTED_EDGE('',*,*,#1316,.F.);
#9181 = PLANE('',#9182);
#9182 = AXIS2_PLACEMENT_3D('',#9183,#9184,#9185);
#9183 = CARTESIAN_POINT('',(6.5,-1.05,11.));
#9184 = DIRECTION('',(0.,0.,1.));
#9185 = DIRECTION('',(1.,0.,-0.));
#9186 = ADVANCED_FACE('',(#9187),#9205,.T.);
#9187 = FACE_BOUND('',#9188,.T.);
#9188 = EDGE_LOOP('',(#9189,#9190,#9198,#9204));
#9189 = ORIENTED_EDGE('',*,*,#9152,.F.);
#9190 = ORIENTED_EDGE('',*,*,#9191,.T.);
#9191 = EDGE_CURVE('',#9138,#9192,#9194,.T.);
#9192 = VERTEX_POINT('',#9193);
#9193 = CARTESIAN_POINT('',(16.1,-1.05,22.5));
#9194 = LINE('',#9195,#9196);
#9195 = CARTESIAN_POINT('',(6.5,-1.05,22.5));
#9196 = VECTOR('',#9197,1.);
#9197 = DIRECTION('',(1.,0.,-0.));
#9198 = ORIENTED_EDGE('',*,*,#9199,.T.);
#9199 = EDGE_CURVE('',#9192,#1325,#9200,.T.);
#9200 = LINE('',#9201,#9202);
#9201 = CARTESIAN_POINT('',(16.1,-1.05,22.5));
#9202 = VECTOR('',#9203,1.);
#9203 = DIRECTION('',(-0.,1.,0.));
#9204 = ORIENTED_EDGE('',*,*,#1332,.F.);
#9205 = PLANE('',#9206);
#9206 = AXIS2_PLACEMENT_3D('',#9207,#9208,#9209);
#9207 = CARTESIAN_POINT('',(6.5,-1.05,22.5));
#9208 = DIRECTION('',(0.,0.,1.));
#9209 = DIRECTION('',(1.,0.,-0.));
#9210 = ADVANCED_FACE('',(#9211),#9222,.T.);
#9211 = FACE_BOUND('',#9212,.T.);
#9212 = EDGE_LOOP('',(#9213,#9219,#9220,#9221));
#9213 = ORIENTED_EDGE('',*,*,#9214,.F.);
#9214 = EDGE_CURVE('',#9168,#9192,#9215,.T.);
#9215 = LINE('',#9216,#9217);
#9216 = CARTESIAN_POINT('',(16.1,-1.05,11.));
#9217 = VECTOR('',#9218,1.);
#9218 = DIRECTION('',(0.,0.,1.));
#9219 = ORIENTED_EDGE('',*,*,#9175,.T.);
#9220 = ORIENTED_EDGE('',*,*,#1324,.T.);
#9221 = ORIENTED_EDGE('',*,*,#9199,.F.);
#9222 = PLANE('',#9223);
#9223 = AXIS2_PLACEMENT_3D('',#9224,#9225,#9226);
#9224 = CARTESIAN_POINT('',(16.1,-1.05,11.));
#9225 = DIRECTION('',(1.,0.,-0.));
#9226 = DIRECTION('',(0.,0.,1.));
#9227 = ADVANCED_FACE('',(#9228),#9253,.F.);
#9228 = FACE_BOUND('',#9229,.F.);
#9229 = EDGE_LOOP('',(#9230,#9240,#9246,#9247));
#9230 = ORIENTED_EDGE('',*,*,#9231,.F.);
#9231 = EDGE_CURVE('',#9232,#9234,#9236,.T.);
#9232 = VERTEX_POINT('',#9233);
#9233 = CARTESIAN_POINT('',(19.1,-1.05,11.));
#9234 = VERTEX_POINT('',#9235);
#9235 = CARTESIAN_POINT('',(19.1,-1.05,22.5));
#9236 = LINE('',#9237,#9238);
#9237 = CARTESIAN_POINT('',(19.1,-1.05,11.));
#9238 = VECTOR('',#9239,1.);
#9239 = DIRECTION('',(0.,0.,1.));
#9240 = ORIENTED_EDGE('',*,*,#9241,.T.);
#9241 = EDGE_CURVE('',#9232,#1341,#9242,.T.);
#9242 = LINE('',#9243,#9244);
#9243 = CARTESIAN_POINT('',(19.1,-1.05,11.));
#9244 = VECTOR('',#9245,1.);
#9245 = DIRECTION('',(-0.,1.,0.));
#9246 = ORIENTED_EDGE('',*,*,#1340,.T.);
#9247 = ORIENTED_EDGE('',*,*,#9248,.F.);
#9248 = EDGE_CURVE('',#9234,#1343,#9249,.T.);
#9249 = LINE('',#9250,#9251);
#9250 = CARTESIAN_POINT('',(19.1,-1.05,22.5));
#9251 = VECTOR('',#9252,1.);
#9252 = DIRECTION('',(-0.,1.,0.));
#9253 = PLANE('',#9254);
#9254 = AXIS2_PLACEMENT_3D('',#9255,#9256,#9257);
#9255 = CARTESIAN_POINT('',(19.1,-1.05,11.));
#9256 = DIRECTION('',(1.,0.,-0.));
#9257 = DIRECTION('',(0.,0.,1.));
#9258 = ADVANCED_FACE('',(#9259),#9277,.F.);
#9259 = FACE_BOUND('',#9260,.F.);
#9260 = EDGE_LOOP('',(#9261,#9262,#9270,#9276));
#9261 = ORIENTED_EDGE('',*,*,#9241,.F.);
#9262 = ORIENTED_EDGE('',*,*,#9263,.T.);
#9263 = EDGE_CURVE('',#9232,#9264,#9266,.T.);
#9264 = VERTEX_POINT('',#9265);
#9265 = CARTESIAN_POINT('',(28.7,-1.05,11.));
#9266 = LINE('',#9267,#9268);
#9267 = CARTESIAN_POINT('',(19.1,-1.05,11.));
#9268 = VECTOR('',#9269,1.);
#9269 = DIRECTION('',(1.,0.,-0.));
#9270 = ORIENTED_EDGE('',*,*,#9271,.T.);
#9271 = EDGE_CURVE('',#9264,#1351,#9272,.T.);
#9272 = LINE('',#9273,#9274);
#9273 = CARTESIAN_POINT('',(28.7,-1.05,11.));
#9274 = VECTOR('',#9275,1.);
#9275 = DIRECTION('',(-0.,1.,0.));
#9276 = ORIENTED_EDGE('',*,*,#1350,.F.);
#9277 = PLANE('',#9278);
#9278 = AXIS2_PLACEMENT_3D('',#9279,#9280,#9281);
#9279 = CARTESIAN_POINT('',(19.1,-1.05,11.));
#9280 = DIRECTION('',(0.,0.,1.));
#9281 = DIRECTION('',(1.,0.,-0.));
#9282 = ADVANCED_FACE('',(#9283),#9301,.T.);
#9283 = FACE_BOUND('',#9284,.T.);
#9284 = EDGE_LOOP('',(#9285,#9286,#9294,#9300));
#9285 = ORIENTED_EDGE('',*,*,#9248,.F.);
#9286 = ORIENTED_EDGE('',*,*,#9287,.T.);
#9287 = EDGE_CURVE('',#9234,#9288,#9290,.T.);
#9288 = VERTEX_POINT('',#9289);
#9289 = CARTESIAN_POINT('',(28.7,-1.05,22.5));
#9290 = LINE('',#9291,#9292);
#9291 = CARTESIAN_POINT('',(19.1,-1.05,22.5));
#9292 = VECTOR('',#9293,1.);
#9293 = DIRECTION('',(1.,0.,-0.));
#9294 = ORIENTED_EDGE('',*,*,#9295,.T.);
#9295 = EDGE_CURVE('',#9288,#1359,#9296,.T.);
#9296 = LINE('',#9297,#9298);
#9297 = CARTESIAN_POINT('',(28.7,-1.05,22.5));
#9298 = VECTOR('',#9299,1.);
#9299 = DIRECTION('',(-0.,1.,0.));
#9300 = ORIENTED_EDGE('',*,*,#1366,.F.);
#9301 = PLANE('',#9302);
#9302 = AXIS2_PLACEMENT_3D('',#9303,#9304,#9305);
#9303 = CARTESIAN_POINT('',(19.1,-1.05,22.5));
#9304 = DIRECTION('',(0.,0.,1.));
#9305 = DIRECTION('',(1.,0.,-0.));
#9306 = ADVANCED_FACE('',(#9307),#9318,.T.);
#9307 = FACE_BOUND('',#9308,.T.);
#9308 = EDGE_LOOP('',(#9309,#9315,#9316,#9317));
#9309 = ORIENTED_EDGE('',*,*,#9310,.F.);
#9310 = EDGE_CURVE('',#9264,#9288,#9311,.T.);
#9311 = LINE('',#9312,#9313);
#9312 = CARTESIAN_POINT('',(28.7,-1.05,11.));
#9313 = VECTOR('',#9314,1.);
#9314 = DIRECTION('',(0.,0.,1.));
#9315 = ORIENTED_EDGE('',*,*,#9271,.T.);
#9316 = ORIENTED_EDGE('',*,*,#1358,.T.);
#9317 = ORIENTED_EDGE('',*,*,#9295,.F.);
#9318 = PLANE('',#9319);
#9319 = AXIS2_PLACEMENT_3D('',#9320,#9321,#9322);
#9320 = CARTESIAN_POINT('',(28.7,-1.05,11.));
#9321 = DIRECTION('',(1.,0.,-0.));
#9322 = DIRECTION('',(0.,0.,1.));
#9323 = ADVANCED_FACE('',(#9324),#9349,.F.);
#9324 = FACE_BOUND('',#9325,.F.);
#9325 = EDGE_LOOP('',(#9326,#9336,#9342,#9343));
#9326 = ORIENTED_EDGE('',*,*,#9327,.F.);
#9327 = EDGE_CURVE('',#9328,#9330,#9332,.T.);
#9328 = VERTEX_POINT('',#9329);
#9329 = CARTESIAN_POINT('',(31.7,-1.05,11.));
#9330 = VERTEX_POINT('',#9331);
#9331 = CARTESIAN_POINT('',(31.7,-1.05,22.5));
#9332 = LINE('',#9333,#9334);
#9333 = CARTESIAN_POINT('',(31.7,-1.05,11.));
#9334 = VECTOR('',#9335,1.);
#9335 = DIRECTION('',(0.,0.,1.));
#9336 = ORIENTED_EDGE('',*,*,#9337,.T.);
#9337 = EDGE_CURVE('',#9328,#1375,#9338,.T.);
#9338 = LINE('',#9339,#9340);
#9339 = CARTESIAN_POINT('',(31.7,-1.05,11.));
#9340 = VECTOR('',#9341,1.);
#9341 = DIRECTION('',(-0.,1.,0.));
#9342 = ORIENTED_EDGE('',*,*,#1374,.T.);
#9343 = ORIENTED_EDGE('',*,*,#9344,.F.);
#9344 = EDGE_CURVE('',#9330,#1377,#9345,.T.);
#9345 = LINE('',#9346,#9347);
#9346 = CARTESIAN_POINT('',(31.7,-1.05,22.5));
#9347 = VECTOR('',#9348,1.);
#9348 = DIRECTION('',(-0.,1.,0.));
#9349 = PLANE('',#9350);
#9350 = AXIS2_PLACEMENT_3D('',#9351,#9352,#9353);
#9351 = CARTESIAN_POINT('',(31.7,-1.05,11.));
#9352 = DIRECTION('',(1.,0.,-0.));
#9353 = DIRECTION('',(0.,0.,1.));
#9354 = ADVANCED_FACE('',(#9355),#9373,.F.);
#9355 = FACE_BOUND('',#9356,.F.);
#9356 = EDGE_LOOP('',(#9357,#9358,#9366,#9372));
#9357 = ORIENTED_EDGE('',*,*,#9337,.F.);
#9358 = ORIENTED_EDGE('',*,*,#9359,.T.);
#9359 = EDGE_CURVE('',#9328,#9360,#9362,.T.);
#9360 = VERTEX_POINT('',#9361);
#9361 = CARTESIAN_POINT('',(41.3,-1.05,11.));
#9362 = LINE('',#9363,#9364);
#9363 = CARTESIAN_POINT('',(31.7,-1.05,11.));
#9364 = VECTOR('',#9365,1.);
#9365 = DIRECTION('',(1.,0.,-0.));
#9366 = ORIENTED_EDGE('',*,*,#9367,.T.);
#9367 = EDGE_CURVE('',#9360,#1385,#9368,.T.);
#9368 = LINE('',#9369,#9370);
#9369 = CARTESIAN_POINT('',(41.3,-1.05,11.));
#9370 = VECTOR('',#9371,1.);
#9371 = DIRECTION('',(-0.,1.,0.));
#9372 = ORIENTED_EDGE('',*,*,#1384,.F.);
#9373 = PLANE('',#9374);
#9374 = AXIS2_PLACEMENT_3D('',#9375,#9376,#9377);
#9375 = CARTESIAN_POINT('',(31.7,-1.05,11.));
#9376 = DIRECTION('',(0.,0.,1.));
#9377 = DIRECTION('',(1.,0.,-0.));
#9378 = ADVANCED_FACE('',(#9379),#9397,.T.);
#9379 = FACE_BOUND('',#9380,.T.);
#9380 = EDGE_LOOP('',(#9381,#9382,#9390,#9396));
#9381 = ORIENTED_EDGE('',*,*,#9344,.F.);
#9382 = ORIENTED_EDGE('',*,*,#9383,.T.);
#9383 = EDGE_CURVE('',#9330,#9384,#9386,.T.);
#9384 = VERTEX_POINT('',#9385);
#9385 = CARTESIAN_POINT('',(41.3,-1.05,22.5));
#9386 = LINE('',#9387,#9388);
#9387 = CARTESIAN_POINT('',(31.7,-1.05,22.5));
#9388 = VECTOR('',#9389,1.);
#9389 = DIRECTION('',(1.,0.,-0.));
#9390 = ORIENTED_EDGE('',*,*,#9391,.T.);
#9391 = EDGE_CURVE('',#9384,#1393,#9392,.T.);
#9392 = LINE('',#9393,#9394);
#9393 = CARTESIAN_POINT('',(41.3,-1.05,22.5));
#9394 = VECTOR('',#9395,1.);
#9395 = DIRECTION('',(-0.,1.,0.));
#9396 = ORIENTED_EDGE('',*,*,#1400,.F.);
#9397 = PLANE('',#9398);
#9398 = AXIS2_PLACEMENT_3D('',#9399,#9400,#9401);
#9399 = CARTESIAN_POINT('',(31.7,-1.05,22.5));
#9400 = DIRECTION('',(0.,0.,1.));
#9401 = DIRECTION('',(1.,0.,-0.));
#9402 = ADVANCED_FACE('',(#9403),#9414,.T.);
#9403 = FACE_BOUND('',#9404,.T.);
#9404 = EDGE_LOOP('',(#9405,#9411,#9412,#9413));
#9405 = ORIENTED_EDGE('',*,*,#9406,.F.);
#9406 = EDGE_CURVE('',#9360,#9384,#9407,.T.);
#9407 = LINE('',#9408,#9409);
#9408 = CARTESIAN_POINT('',(41.3,-1.05,11.));
#9409 = VECTOR('',#9410,1.);
#9410 = DIRECTION('',(0.,0.,1.));
#9411 = ORIENTED_EDGE('',*,*,#9367,.T.);
#9412 = ORIENTED_EDGE('',*,*,#1392,.T.);
#9413 = ORIENTED_EDGE('',*,*,#9391,.F.);
#9414 = PLANE('',#9415);
#9415 = AXIS2_PLACEMENT_3D('',#9416,#9417,#9418);
#9416 = CARTESIAN_POINT('',(41.3,-1.05,11.));
#9417 = DIRECTION('',(1.,0.,-0.));
#9418 = DIRECTION('',(0.,0.,1.));
#9419 = ADVANCED_FACE('',(#9420),#9445,.F.);
#9420 = FACE_BOUND('',#9421,.F.);
#9421 = EDGE_LOOP('',(#9422,#9432,#9438,#9439));
#9422 = ORIENTED_EDGE('',*,*,#9423,.F.);
#9423 = EDGE_CURVE('',#9424,#9426,#9428,.T.);
#9424 = VERTEX_POINT('',#9425);
#9425 = CARTESIAN_POINT('',(44.3,-1.05,11.));
#9426 = VERTEX_POINT('',#9427);
#9427 = CARTESIAN_POINT('',(44.3,-1.05,22.5));
#9428 = LINE('',#9429,#9430);
#9429 = CARTESIAN_POINT('',(44.3,-1.05,11.));
#9430 = VECTOR('',#9431,1.);
#9431 = DIRECTION('',(0.,0.,1.));
#9432 = ORIENTED_EDGE('',*,*,#9433,.T.);
#9433 = EDGE_CURVE('',#9424,#1409,#9434,.T.);
#9434 = LINE('',#9435,#9436);
#9435 = CARTESIAN_POINT('',(44.3,-1.05,11.));
#9436 = VECTOR('',#9437,1.);
#9437 = DIRECTION('',(-0.,1.,0.));
#9438 = ORIENTED_EDGE('',*,*,#1408,.T.);
#9439 = ORIENTED_EDGE('',*,*,#9440,.F.);
#9440 = EDGE_CURVE('',#9426,#1411,#9441,.T.);
#9441 = LINE('',#9442,#9443);
#9442 = CARTESIAN_POINT('',(44.3,-1.05,22.5));
#9443 = VECTOR('',#9444,1.);
#9444 = DIRECTION('',(-0.,1.,0.));
#9445 = PLANE('',#9446);
#9446 = AXIS2_PLACEMENT_3D('',#9447,#9448,#9449);
#9447 = CARTESIAN_POINT('',(44.3,-1.05,11.));
#9448 = DIRECTION('',(1.,0.,-0.));
#9449 = DIRECTION('',(0.,0.,1.));
#9450 = ADVANCED_FACE('',(#9451),#9469,.F.);
#9451 = FACE_BOUND('',#9452,.F.);
#9452 = EDGE_LOOP('',(#9453,#9454,#9462,#9468));
#9453 = ORIENTED_EDGE('',*,*,#9433,.F.);
#9454 = ORIENTED_EDGE('',*,*,#9455,.T.);
#9455 = EDGE_CURVE('',#9424,#9456,#9458,.T.);
#9456 = VERTEX_POINT('',#9457);
#9457 = CARTESIAN_POINT('',(53.9,-1.05,11.));
#9458 = LINE('',#9459,#9460);
#9459 = CARTESIAN_POINT('',(44.3,-1.05,11.));
#9460 = VECTOR('',#9461,1.);
#9461 = DIRECTION('',(1.,0.,-0.));
#9462 = ORIENTED_EDGE('',*,*,#9463,.T.);
#9463 = EDGE_CURVE('',#9456,#1419,#9464,.T.);
#9464 = LINE('',#9465,#9466);
#9465 = CARTESIAN_POINT('',(53.9,-1.05,11.));
#9466 = VECTOR('',#9467,1.);
#9467 = DIRECTION('',(-0.,1.,0.));
#9468 = ORIENTED_EDGE('',*,*,#1418,.F.);
#9469 = PLANE('',#9470);
#9470 = AXIS2_PLACEMENT_3D('',#9471,#9472,#9473);
#9471 = CARTESIAN_POINT('',(44.3,-1.05,11.));
#9472 = DIRECTION('',(0.,0.,1.));
#9473 = DIRECTION('',(1.,0.,-0.));
#9474 = ADVANCED_FACE('',(#9475),#9493,.T.);
#9475 = FACE_BOUND('',#9476,.T.);
#9476 = EDGE_LOOP('',(#9477,#9478,#9486,#9492));
#9477 = ORIENTED_EDGE('',*,*,#9440,.F.);
#9478 = ORIENTED_EDGE('',*,*,#9479,.T.);
#9479 = EDGE_CURVE('',#9426,#9480,#9482,.T.);
#9480 = VERTEX_POINT('',#9481);
#9481 = CARTESIAN_POINT('',(53.9,-1.05,22.5));
#9482 = LINE('',#9483,#9484);
#9483 = CARTESIAN_POINT('',(44.3,-1.05,22.5));
#9484 = VECTOR('',#9485,1.);
#9485 = DIRECTION('',(1.,0.,-0.));
#9486 = ORIENTED_EDGE('',*,*,#9487,.T.);
#9487 = EDGE_CURVE('',#9480,#1427,#9488,.T.);
#9488 = LINE('',#9489,#9490);
#9489 = CARTESIAN_POINT('',(53.9,-1.05,22.5));
#9490 = VECTOR('',#9491,1.);
#9491 = DIRECTION('',(-0.,1.,0.));
#9492 = ORIENTED_EDGE('',*,*,#1434,.F.);
#9493 = PLANE('',#9494);
#9494 = AXIS2_PLACEMENT_3D('',#9495,#9496,#9497);
#9495 = CARTESIAN_POINT('',(44.3,-1.05,22.5));
#9496 = DIRECTION('',(0.,0.,1.));
#9497 = DIRECTION('',(1.,0.,-0.));
#9498 = ADVANCED_FACE('',(#9499),#9510,.T.);
#9499 = FACE_BOUND('',#9500,.T.);
#9500 = EDGE_LOOP('',(#9501,#9507,#9508,#9509));
#9501 = ORIENTED_EDGE('',*,*,#9502,.F.);
#9502 = EDGE_CURVE('',#9456,#9480,#9503,.T.);
#9503 = LINE('',#9504,#9505);
#9504 = CARTESIAN_POINT('',(53.9,-1.05,11.));
#9505 = VECTOR('',#9506,1.);
#9506 = DIRECTION('',(0.,0.,1.));
#9507 = ORIENTED_EDGE('',*,*,#9463,.T.);
#9508 = ORIENTED_EDGE('',*,*,#1426,.T.);
#9509 = ORIENTED_EDGE('',*,*,#9487,.F.);
#9510 = PLANE('',#9511);
#9511 = AXIS2_PLACEMENT_3D('',#9512,#9513,#9514);
#9512 = CARTESIAN_POINT('',(53.9,-1.05,11.));
#9513 = DIRECTION('',(1.,0.,-0.));
#9514 = DIRECTION('',(0.,0.,1.));
#9515 = ADVANCED_FACE('',(#9516),#9541,.F.);
#9516 = FACE_BOUND('',#9517,.F.);
#9517 = EDGE_LOOP('',(#9518,#9528,#9534,#9535));
#9518 = ORIENTED_EDGE('',*,*,#9519,.F.);
#9519 = EDGE_CURVE('',#9520,#9522,#9524,.T.);
#9520 = VERTEX_POINT('',#9521);
#9521 = CARTESIAN_POINT('',(56.9,-1.05,11.));
#9522 = VERTEX_POINT('',#9523);
#9523 = CARTESIAN_POINT('',(56.9,-1.05,22.5));
#9524 = LINE('',#9525,#9526);
#9525 = CARTESIAN_POINT('',(56.9,-1.05,11.));
#9526 = VECTOR('',#9527,1.);
#9527 = DIRECTION('',(0.,0.,1.));
#9528 = ORIENTED_EDGE('',*,*,#9529,.T.);
#9529 = EDGE_CURVE('',#9520,#1443,#9530,.T.);
#9530 = LINE('',#9531,#9532);
#9531 = CARTESIAN_POINT('',(56.9,-1.05,11.));
#9532 = VECTOR('',#9533,1.);
#9533 = DIRECTION('',(-0.,1.,0.));
#9534 = ORIENTED_EDGE('',*,*,#1442,.T.);
#9535 = ORIENTED_EDGE('',*,*,#9536,.F.);
#9536 = EDGE_CURVE('',#9522,#1445,#9537,.T.);
#9537 = LINE('',#9538,#9539);
#9538 = CARTESIAN_POINT('',(56.9,-1.05,22.5));
#9539 = VECTOR('',#9540,1.);
#9540 = DIRECTION('',(-0.,1.,0.));
#9541 = PLANE('',#9542);
#9542 = AXIS2_PLACEMENT_3D('',#9543,#9544,#9545);
#9543 = CARTESIAN_POINT('',(56.9,-1.05,11.));
#9544 = DIRECTION('',(1.,0.,-0.));
#9545 = DIRECTION('',(0.,0.,1.));
#9546 = ADVANCED_FACE('',(#9547),#9565,.F.);
#9547 = FACE_BOUND('',#9548,.F.);
#9548 = EDGE_LOOP('',(#9549,#9550,#9558,#9564));
#9549 = ORIENTED_EDGE('',*,*,#9529,.F.);
#9550 = ORIENTED_EDGE('',*,*,#9551,.T.);
#9551 = EDGE_CURVE('',#9520,#9552,#9554,.T.);
#9552 = VERTEX_POINT('',#9553);
#9553 = CARTESIAN_POINT('',(66.5,-1.05,11.));
#9554 = LINE('',#9555,#9556);
#9555 = CARTESIAN_POINT('',(56.9,-1.05,11.));
#9556 = VECTOR('',#9557,1.);
#9557 = DIRECTION('',(1.,0.,-0.));
#9558 = ORIENTED_EDGE('',*,*,#9559,.T.);
#9559 = EDGE_CURVE('',#9552,#1453,#9560,.T.);
#9560 = LINE('',#9561,#9562);
#9561 = CARTESIAN_POINT('',(66.5,-1.05,11.));
#9562 = VECTOR('',#9563,1.);
#9563 = DIRECTION('',(-0.,1.,0.));
#9564 = ORIENTED_EDGE('',*,*,#1452,.F.);
#9565 = PLANE('',#9566);
#9566 = AXIS2_PLACEMENT_3D('',#9567,#9568,#9569);
#9567 = CARTESIAN_POINT('',(56.9,-1.05,11.));
#9568 = DIRECTION('',(0.,0.,1.));
#9569 = DIRECTION('',(1.,0.,-0.));
#9570 = ADVANCED_FACE('',(#9571),#9589,.T.);
#9571 = FACE_BOUND('',#9572,.T.);
#9572 = EDGE_LOOP('',(#9573,#9574,#9582,#9588));
#9573 = ORIENTED_EDGE('',*,*,#9536,.F.);
#9574 = ORIENTED_EDGE('',*,*,#9575,.T.);
#9575 = EDGE_CURVE('',#9522,#9576,#9578,.T.);
#9576 = VERTEX_POINT('',#9577);
#9577 = CARTESIAN_POINT('',(66.5,-1.05,22.5));
#9578 = LINE('',#9579,#9580);
#9579 = CARTESIAN_POINT('',(56.9,-1.05,22.5));
#9580 = VECTOR('',#9581,1.);
#9581 = DIRECTION('',(1.,0.,-0.));
#9582 = ORIENTED_EDGE('',*,*,#9583,.T.);
#9583 = EDGE_CURVE('',#9576,#1461,#9584,.T.);
#9584 = LINE('',#9585,#9586);
#9585 = CARTESIAN_POINT('',(66.5,-1.05,22.5));
#9586 = VECTOR('',#9587,1.);
#9587 = DIRECTION('',(-0.,1.,0.));
#9588 = ORIENTED_EDGE('',*,*,#1468,.F.);
#9589 = PLANE('',#9590);
#9590 = AXIS2_PLACEMENT_3D('',#9591,#9592,#9593);
#9591 = CARTESIAN_POINT('',(56.9,-1.05,22.5));
#9592 = DIRECTION('',(0.,0.,1.));
#9593 = DIRECTION('',(1.,0.,-0.));
#9594 = ADVANCED_FACE('',(#9595),#9606,.T.);
#9595 = FACE_BOUND('',#9596,.T.);
#9596 = EDGE_LOOP('',(#9597,#9603,#9604,#9605));
#9597 = ORIENTED_EDGE('',*,*,#9598,.F.);
#9598 = EDGE_CURVE('',#9552,#9576,#9599,.T.);
#9599 = LINE('',#9600,#9601);
#9600 = CARTESIAN_POINT('',(66.5,-1.05,11.));
#9601 = VECTOR('',#9602,1.);
#9602 = DIRECTION('',(0.,0.,1.));
#9603 = ORIENTED_EDGE('',*,*,#9559,.T.);
#9604 = ORIENTED_EDGE('',*,*,#1460,.T.);
#9605 = ORIENTED_EDGE('',*,*,#9583,.F.);
#9606 = PLANE('',#9607);
#9607 = AXIS2_PLACEMENT_3D('',#9608,#9609,#9610);
#9608 = CARTESIAN_POINT('',(66.5,-1.05,11.));
#9609 = DIRECTION('',(1.,0.,-0.));
#9610 = DIRECTION('',(0.,0.,1.));
#9611 = ADVANCED_FACE('',(#9612),#9637,.F.);
#9612 = FACE_BOUND('',#9613,.F.);
#9613 = EDGE_LOOP('',(#9614,#9624,#9630,#9631));
#9614 = ORIENTED_EDGE('',*,*,#9615,.F.);
#9615 = EDGE_CURVE('',#9616,#9618,#9620,.T.);
#9616 = VERTEX_POINT('',#9617);
#9617 = CARTESIAN_POINT('',(67.64,-6.E-02,0.5));
#9618 = VERTEX_POINT('',#9619);
#9619 = CARTESIAN_POINT('',(67.64,-6.E-02,3.9));
#9620 = LINE('',#9621,#9622);
#9621 = CARTESIAN_POINT('',(67.64,-6.E-02,0.5));
#9622 = VECTOR('',#9623,1.);
#9623 = DIRECTION('',(0.,0.,1.));
#9624 = ORIENTED_EDGE('',*,*,#9625,.T.);
#9625 = EDGE_CURVE('',#9616,#1477,#9626,.T.);
#9626 = LINE('',#9627,#9628);
#9627 = CARTESIAN_POINT('',(67.64,-6.E-02,0.5));
#9628 = VECTOR('',#9629,1.);
#9629 = DIRECTION('',(-0.,1.,0.));
#9630 = ORIENTED_EDGE('',*,*,#1476,.T.);
#9631 = ORIENTED_EDGE('',*,*,#9632,.F.);
#9632 = EDGE_CURVE('',#9618,#1479,#9633,.T.);
#9633 = LINE('',#9634,#9635);
#9634 = CARTESIAN_POINT('',(67.64,-6.E-02,3.9));
#9635 = VECTOR('',#9636,1.);
#9636 = DIRECTION('',(-0.,1.,0.));
#9637 = PLANE('',#9638);
#9638 = AXIS2_PLACEMENT_3D('',#9639,#9640,#9641);
#9639 = CARTESIAN_POINT('',(67.64,-6.E-02,0.5));
#9640 = DIRECTION('',(1.,0.,-0.));
#9641 = DIRECTION('',(0.,0.,1.));
#9642 = ADVANCED_FACE('',(#9643),#9661,.F.);
#9643 = FACE_BOUND('',#9644,.F.);
#9644 = EDGE_LOOP('',(#9645,#9646,#9654,#9660));
#9645 = ORIENTED_EDGE('',*,*,#9625,.F.);
#9646 = ORIENTED_EDGE('',*,*,#9647,.T.);
#9647 = EDGE_CURVE('',#9616,#9648,#9650,.T.);
#9648 = VERTEX_POINT('',#9649);
#9649 = CARTESIAN_POINT('',(68.69,-6.E-02,0.5));
#9650 = LINE('',#9651,#9652);
#9651 = CARTESIAN_POINT('',(67.64,-6.E-02,0.5));
#9652 = VECTOR('',#9653,1.);
#9653 = DIRECTION('',(1.,0.,-0.));
#9654 = ORIENTED_EDGE('',*,*,#9655,.T.);
#9655 = EDGE_CURVE('',#9648,#1487,#9656,.T.);
#9656 = LINE('',#9657,#9658);
#9657 = CARTESIAN_POINT('',(68.69,-6.E-02,0.5));
#9658 = VECTOR('',#9659,1.);
#9659 = DIRECTION('',(-0.,1.,0.));
#9660 = ORIENTED_EDGE('',*,*,#1486,.F.);
#9661 = PLANE('',#9662);
#9662 = AXIS2_PLACEMENT_3D('',#9663,#9664,#9665);
#9663 = CARTESIAN_POINT('',(67.64,-6.E-02,0.5));
#9664 = DIRECTION('',(0.,0.,1.));
#9665 = DIRECTION('',(1.,0.,-0.));
#9666 = ADVANCED_FACE('',(#9667),#9685,.T.);
#9667 = FACE_BOUND('',#9668,.T.);
#9668 = EDGE_LOOP('',(#9669,#9670,#9678,#9684));
#9669 = ORIENTED_EDGE('',*,*,#9632,.F.);
#9670 = ORIENTED_EDGE('',*,*,#9671,.T.);
#9671 = EDGE_CURVE('',#9618,#9672,#9674,.T.);
#9672 = VERTEX_POINT('',#9673);
#9673 = CARTESIAN_POINT('',(68.69,-6.E-02,3.9));
#9674 = LINE('',#9675,#9676);
#9675 = CARTESIAN_POINT('',(67.64,-6.E-02,3.9));
#9676 = VECTOR('',#9677,1.);
#9677 = DIRECTION('',(1.,0.,-0.));
#9678 = ORIENTED_EDGE('',*,*,#9679,.T.);
#9679 = EDGE_CURVE('',#9672,#1495,#9680,.T.);
#9680 = LINE('',#9681,#9682);
#9681 = CARTESIAN_POINT('',(68.69,-6.E-02,3.9));
#9682 = VECTOR('',#9683,1.);
#9683 = DIRECTION('',(-0.,1.,0.));
#9684 = ORIENTED_EDGE('',*,*,#1502,.F.);
#9685 = PLANE('',#9686);
#9686 = AXIS2_PLACEMENT_3D('',#9687,#9688,#9689);
#9687 = CARTESIAN_POINT('',(67.64,-6.E-02,3.9));
#9688 = DIRECTION('',(0.,0.,1.));
#9689 = DIRECTION('',(1.,0.,-0.));
#9690 = ADVANCED_FACE('',(#9691),#9702,.T.);
#9691 = FACE_BOUND('',#9692,.T.);
#9692 = EDGE_LOOP('',(#9693,#9699,#9700,#9701));
#9693 = ORIENTED_EDGE('',*,*,#9694,.F.);
#9694 = EDGE_CURVE('',#9648,#9672,#9695,.T.);
#9695 = LINE('',#9696,#9697);
#9696 = CARTESIAN_POINT('',(68.69,-6.E-02,0.5));
#9697 = VECTOR('',#9698,1.);
#9698 = DIRECTION('',(0.,0.,1.));
#9699 = ORIENTED_EDGE('',*,*,#9655,.T.);
#9700 = ORIENTED_EDGE('',*,*,#1494,.T.);
#9701 = ORIENTED_EDGE('',*,*,#9679,.F.);
#9702 = PLANE('',#9703);
#9703 = AXIS2_PLACEMENT_3D('',#9704,#9705,#9706);
#9704 = CARTESIAN_POINT('',(68.69,-6.E-02,0.5));
#9705 = DIRECTION('',(1.,0.,-0.));
#9706 = DIRECTION('',(0.,0.,1.));
#9707 = ADVANCED_FACE('',(#9708),#9733,.F.);
#9708 = FACE_BOUND('',#9709,.F.);
#9709 = EDGE_LOOP('',(#9710,#9720,#9726,#9727));
#9710 = ORIENTED_EDGE('',*,*,#9711,.F.);
#9711 = EDGE_CURVE('',#9712,#9714,#9716,.T.);
#9712 = VERTEX_POINT('',#9713);
#9713 = CARTESIAN_POINT('',(69.36,-6.E-02,0.5));
#9714 = VERTEX_POINT('',#9715);
#9715 = CARTESIAN_POINT('',(69.36,-6.E-02,3.9));
#9716 = LINE('',#9717,#9718);
#9717 = CARTESIAN_POINT('',(69.36,-6.E-02,0.5));
#9718 = VECTOR('',#9719,1.);
#9719 = DIRECTION('',(0.,0.,1.));
#9720 = ORIENTED_EDGE('',*,*,#9721,.T.);
#9721 = EDGE_CURVE('',#9712,#1511,#9722,.T.);
#9722 = LINE('',#9723,#9724);
#9723 = CARTESIAN_POINT('',(69.36,-6.E-02,0.5));
#9724 = VECTOR('',#9725,1.);
#9725 = DIRECTION('',(-0.,1.,0.));
#9726 = ORIENTED_EDGE('',*,*,#1510,.T.);
#9727 = ORIENTED_EDGE('',*,*,#9728,.F.);
#9728 = EDGE_CURVE('',#9714,#1513,#9729,.T.);
#9729 = LINE('',#9730,#9731);
#9730 = CARTESIAN_POINT('',(69.36,-6.E-02,3.9));
#9731 = VECTOR('',#9732,1.);
#9732 = DIRECTION('',(-0.,1.,0.));
#9733 = PLANE('',#9734);
#9734 = AXIS2_PLACEMENT_3D('',#9735,#9736,#9737);
#9735 = CARTESIAN_POINT('',(69.36,-6.E-02,0.5));
#9736 = DIRECTION('',(1.,0.,-0.));
#9737 = DIRECTION('',(0.,0.,1.));
#9738 = ADVANCED_FACE('',(#9739),#9757,.F.);
#9739 = FACE_BOUND('',#9740,.F.);
#9740 = EDGE_LOOP('',(#9741,#9742,#9750,#9756));
#9741 = ORIENTED_EDGE('',*,*,#9721,.F.);
#9742 = ORIENTED_EDGE('',*,*,#9743,.T.);
#9743 = EDGE_CURVE('',#9712,#9744,#9746,.T.);
#9744 = VERTEX_POINT('',#9745);
#9745 = CARTESIAN_POINT('',(70.41,-6.E-02,0.5));
#9746 = LINE('',#9747,#9748);
#9747 = CARTESIAN_POINT('',(69.36,-6.E-02,0.5));
#9748 = VECTOR('',#9749,1.);
#9749 = DIRECTION('',(1.,0.,-0.));
#9750 = ORIENTED_EDGE('',*,*,#9751,.T.);
#9751 = EDGE_CURVE('',#9744,#1521,#9752,.T.);
#9752 = LINE('',#9753,#9754);
#9753 = CARTESIAN_POINT('',(70.41,-6.E-02,0.5));
#9754 = VECTOR('',#9755,1.);
#9755 = DIRECTION('',(-0.,1.,0.));
#9756 = ORIENTED_EDGE('',*,*,#1520,.F.);
#9757 = PLANE('',#9758);
#9758 = AXIS2_PLACEMENT_3D('',#9759,#9760,#9761);
#9759 = CARTESIAN_POINT('',(69.36,-6.E-02,0.5));
#9760 = DIRECTION('',(0.,0.,1.));
#9761 = DIRECTION('',(1.,0.,-0.));
#9762 = ADVANCED_FACE('',(#9763),#9781,.T.);
#9763 = FACE_BOUND('',#9764,.T.);
#9764 = EDGE_LOOP('',(#9765,#9766,#9774,#9780));
#9765 = ORIENTED_EDGE('',*,*,#9728,.F.);
#9766 = ORIENTED_EDGE('',*,*,#9767,.T.);
#9767 = EDGE_CURVE('',#9714,#9768,#9770,.T.);
#9768 = VERTEX_POINT('',#9769);
#9769 = CARTESIAN_POINT('',(70.41,-6.E-02,3.9));
#9770 = LINE('',#9771,#9772);
#9771 = CARTESIAN_POINT('',(69.36,-6.E-02,3.9));
#9772 = VECTOR('',#9773,1.);
#9773 = DIRECTION('',(1.,0.,-0.));
#9774 = ORIENTED_EDGE('',*,*,#9775,.T.);
#9775 = EDGE_CURVE('',#9768,#1529,#9776,.T.);
#9776 = LINE('',#9777,#9778);
#9777 = CARTESIAN_POINT('',(70.41,-6.E-02,3.9));
#9778 = VECTOR('',#9779,1.);
#9779 = DIRECTION('',(-0.,1.,0.));
#9780 = ORIENTED_EDGE('',*,*,#1536,.F.);
#9781 = PLANE('',#9782);
#9782 = AXIS2_PLACEMENT_3D('',#9783,#9784,#9785);
#9783 = CARTESIAN_POINT('',(69.36,-6.E-02,3.9));
#9784 = DIRECTION('',(0.,0.,1.));
#9785 = DIRECTION('',(1.,0.,-0.));
#9786 = ADVANCED_FACE('',(#9787),#9798,.T.);
#9787 = FACE_BOUND('',#9788,.T.);
#9788 = EDGE_LOOP('',(#9789,#9795,#9796,#9797));
#9789 = ORIENTED_EDGE('',*,*,#9790,.F.);
#9790 = EDGE_CURVE('',#9744,#9768,#9791,.T.);
#9791 = LINE('',#9792,#9793);
#9792 = CARTESIAN_POINT('',(70.41,-6.E-02,0.5));
#9793 = VECTOR('',#9794,1.);
#9794 = DIRECTION('',(0.,0.,1.));
#9795 = ORIENTED_EDGE('',*,*,#9751,.T.);
#9796 = ORIENTED_EDGE('',*,*,#1528,.T.);
#9797 = ORIENTED_EDGE('',*,*,#9775,.F.);
#9798 = PLANE('',#9799);
#9799 = AXIS2_PLACEMENT_3D('',#9800,#9801,#9802);
#9800 = CARTESIAN_POINT('',(70.41,-6.E-02,0.5));
#9801 = DIRECTION('',(1.,0.,-0.));
#9802 = DIRECTION('',(0.,0.,1.));
#9803 = ADVANCED_FACE('',(#9804),#9829,.F.);
#9804 = FACE_BOUND('',#9805,.F.);
#9805 = EDGE_LOOP('',(#9806,#9816,#9822,#9823));
#9806 = ORIENTED_EDGE('',*,*,#9807,.F.);
#9807 = EDGE_CURVE('',#9808,#9810,#9812,.T.);
#9808 = VERTEX_POINT('',#9809);
#9809 = CARTESIAN_POINT('',(71.08,-6.E-02,0.5));
#9810 = VERTEX_POINT('',#9811);
#9811 = CARTESIAN_POINT('',(71.08,-6.E-02,3.9));
#9812 = LINE('',#9813,#9814);
#9813 = CARTESIAN_POINT('',(71.08,-6.E-02,0.5));
#9814 = VECTOR('',#9815,1.);
#9815 = DIRECTION('',(0.,0.,1.));
#9816 = ORIENTED_EDGE('',*,*,#9817,.T.);
#9817 = EDGE_CURVE('',#9808,#1545,#9818,.T.);
#9818 = LINE('',#9819,#9820);
#9819 = CARTESIAN_POINT('',(71.08,-6.E-02,0.5));
#9820 = VECTOR('',#9821,1.);
#9821 = DIRECTION('',(-0.,1.,0.));
#9822 = ORIENTED_EDGE('',*,*,#1544,.T.);
#9823 = ORIENTED_EDGE('',*,*,#9824,.F.);
#9824 = EDGE_CURVE('',#9810,#1547,#9825,.T.);
#9825 = LINE('',#9826,#9827);
#9826 = CARTESIAN_POINT('',(71.08,-6.E-02,3.9));
#9827 = VECTOR('',#9828,1.);
#9828 = DIRECTION('',(-0.,1.,0.));
#9829 = PLANE('',#9830);
#9830 = AXIS2_PLACEMENT_3D('',#9831,#9832,#9833);
#9831 = CARTESIAN_POINT('',(71.08,-6.E-02,0.5));
#9832 = DIRECTION('',(1.,0.,-0.));
#9833 = DIRECTION('',(0.,0.,1.));
#9834 = ADVANCED_FACE('',(#9835),#9853,.F.);
#9835 = FACE_BOUND('',#9836,.F.);
#9836 = EDGE_LOOP('',(#9837,#9838,#9846,#9852));
#9837 = ORIENTED_EDGE('',*,*,#9817,.F.);
#9838 = ORIENTED_EDGE('',*,*,#9839,.T.);
#9839 = EDGE_CURVE('',#9808,#9840,#9842,.T.);
#9840 = VERTEX_POINT('',#9841);
#9841 = CARTESIAN_POINT('',(72.13,-6.E-02,0.5));
#9842 = LINE('',#9843,#9844);
#9843 = CARTESIAN_POINT('',(71.08,-6.E-02,0.5));
#9844 = VECTOR('',#9845,1.);
#9845 = DIRECTION('',(1.,0.,-0.));
#9846 = ORIENTED_EDGE('',*,*,#9847,.T.);
#9847 = EDGE_CURVE('',#9840,#1555,#9848,.T.);
#9848 = LINE('',#9849,#9850);
#9849 = CARTESIAN_POINT('',(72.13,-6.E-02,0.5));
#9850 = VECTOR('',#9851,1.);
#9851 = DIRECTION('',(-0.,1.,0.));
#9852 = ORIENTED_EDGE('',*,*,#1554,.F.);
#9853 = PLANE('',#9854);
#9854 = AXIS2_PLACEMENT_3D('',#9855,#9856,#9857);
#9855 = CARTESIAN_POINT('',(71.08,-6.E-02,0.5));
#9856 = DIRECTION('',(0.,0.,1.));
#9857 = DIRECTION('',(1.,0.,-0.));
#9858 = ADVANCED_FACE('',(#9859),#9877,.T.);
#9859 = FACE_BOUND('',#9860,.T.);
#9860 = EDGE_LOOP('',(#9861,#9862,#9870,#9876));
#9861 = ORIENTED_EDGE('',*,*,#9824,.F.);
#9862 = ORIENTED_EDGE('',*,*,#9863,.T.);
#9863 = EDGE_CURVE('',#9810,#9864,#9866,.T.);
#9864 = VERTEX_POINT('',#9865);
#9865 = CARTESIAN_POINT('',(72.13,-6.E-02,3.9));
#9866 = LINE('',#9867,#9868);
#9867 = CARTESIAN_POINT('',(71.08,-6.E-02,3.9));
#9868 = VECTOR('',#9869,1.);
#9869 = DIRECTION('',(1.,0.,-0.));
#9870 = ORIENTED_EDGE('',*,*,#9871,.T.);
#9871 = EDGE_CURVE('',#9864,#1563,#9872,.T.);
#9872 = LINE('',#9873,#9874);
#9873 = CARTESIAN_POINT('',(72.13,-6.E-02,3.9));
#9874 = VECTOR('',#9875,1.);
#9875 = DIRECTION('',(-0.,1.,0.));
#9876 = ORIENTED_EDGE('',*,*,#1570,.F.);
#9877 = PLANE('',#9878);
#9878 = AXIS2_PLACEMENT_3D('',#9879,#9880,#9881);
#9879 = CARTESIAN_POINT('',(71.08,-6.E-02,3.9));
#9880 = DIRECTION('',(0.,0.,1.));
#9881 = DIRECTION('',(1.,0.,-0.));
#9882 = ADVANCED_FACE('',(#9883),#9894,.T.);
#9883 = FACE_BOUND('',#9884,.T.);
#9884 = EDGE_LOOP('',(#9885,#9891,#9892,#9893));
#9885 = ORIENTED_EDGE('',*,*,#9886,.F.);
#9886 = EDGE_CURVE('',#9840,#9864,#9887,.T.);
#9887 = LINE('',#9888,#9889);
#9888 = CARTESIAN_POINT('',(72.13,-6.E-02,0.5));
#9889 = VECTOR('',#9890,1.);
#9890 = DIRECTION('',(0.,0.,1.));
#9891 = ORIENTED_EDGE('',*,*,#9847,.T.);
#9892 = ORIENTED_EDGE('',*,*,#1562,.T.);
#9893 = ORIENTED_EDGE('',*,*,#9871,.F.);
#9894 = PLANE('',#9895);
#9895 = AXIS2_PLACEMENT_3D('',#9896,#9897,#9898);
#9896 = CARTESIAN_POINT('',(72.13,-6.E-02,0.5));
#9897 = DIRECTION('',(1.,0.,-0.));
#9898 = DIRECTION('',(0.,0.,1.));
#9899 = ADVANCED_FACE('',(#9900),#9925,.F.);
#9900 = FACE_BOUND('',#9901,.F.);
#9901 = EDGE_LOOP('',(#9902,#9912,#9918,#9919));
#9902 = ORIENTED_EDGE('',*,*,#9903,.F.);
#9903 = EDGE_CURVE('',#9904,#9906,#9908,.T.);
#9904 = VERTEX_POINT('',#9905);
#9905 = CARTESIAN_POINT('',(72.8,-6.E-02,0.5));
#9906 = VERTEX_POINT('',#9907);
#9907 = CARTESIAN_POINT('',(72.8,-6.E-02,3.9));
#9908 = LINE('',#9909,#9910);
#9909 = CARTESIAN_POINT('',(72.8,-6.E-02,0.5));
#9910 = VECTOR('',#9911,1.);
#9911 = DIRECTION('',(0.,0.,1.));
#9912 = ORIENTED_EDGE('',*,*,#9913,.T.);
#9913 = EDGE_CURVE('',#9904,#1579,#9914,.T.);
#9914 = LINE('',#9915,#9916);
#9915 = CARTESIAN_POINT('',(72.8,-6.E-02,0.5));
#9916 = VECTOR('',#9917,1.);
#9917 = DIRECTION('',(-0.,1.,0.));
#9918 = ORIENTED_EDGE('',*,*,#1578,.T.);
#9919 = ORIENTED_EDGE('',*,*,#9920,.F.);
#9920 = EDGE_CURVE('',#9906,#1581,#9921,.T.);
#9921 = LINE('',#9922,#9923);
#9922 = CARTESIAN_POINT('',(72.8,-6.E-02,3.9));
#9923 = VECTOR('',#9924,1.);
#9924 = DIRECTION('',(-0.,1.,0.));
#9925 = PLANE('',#9926);
#9926 = AXIS2_PLACEMENT_3D('',#9927,#9928,#9929);
#9927 = CARTESIAN_POINT('',(72.8,-6.E-02,0.5));
#9928 = DIRECTION('',(1.,0.,-0.));
#9929 = DIRECTION('',(0.,0.,1.));
#9930 = ADVANCED_FACE('',(#9931),#9949,.F.);
#9931 = FACE_BOUND('',#9932,.F.);
#9932 = EDGE_LOOP('',(#9933,#9934,#9942,#9948));
#9933 = ORIENTED_EDGE('',*,*,#9913,.F.);
#9934 = ORIENTED_EDGE('',*,*,#9935,.T.);
#9935 = EDGE_CURVE('',#9904,#9936,#9938,.T.);
#9936 = VERTEX_POINT('',#9937);
#9937 = CARTESIAN_POINT('',(73.85,-6.E-02,0.5));
#9938 = LINE('',#9939,#9940);
#9939 = CARTESIAN_POINT('',(72.8,-6.E-02,0.5));
#9940 = VECTOR('',#9941,1.);
#9941 = DIRECTION('',(1.,0.,-0.));
#9942 = ORIENTED_EDGE('',*,*,#9943,.T.);
#9943 = EDGE_CURVE('',#9936,#1589,#9944,.T.);
#9944 = LINE('',#9945,#9946);
#9945 = CARTESIAN_POINT('',(73.85,-6.E-02,0.5));
#9946 = VECTOR('',#9947,1.);
#9947 = DIRECTION('',(-0.,1.,0.));
#9948 = ORIENTED_EDGE('',*,*,#1588,.F.);
#9949 = PLANE('',#9950);
#9950 = AXIS2_PLACEMENT_3D('',#9951,#9952,#9953);
#9951 = CARTESIAN_POINT('',(72.8,-6.E-02,0.5));
#9952 = DIRECTION('',(0.,0.,1.));
#9953 = DIRECTION('',(1.,0.,-0.));
#9954 = ADVANCED_FACE('',(#9955),#9973,.T.);
#9955 = FACE_BOUND('',#9956,.T.);
#9956 = EDGE_LOOP('',(#9957,#9958,#9966,#9972));
#9957 = ORIENTED_EDGE('',*,*,#9920,.F.);
#9958 = ORIENTED_EDGE('',*,*,#9959,.T.);
#9959 = EDGE_CURVE('',#9906,#9960,#9962,.T.);
#9960 = VERTEX_POINT('',#9961);
#9961 = CARTESIAN_POINT('',(73.85,-6.E-02,3.9));
#9962 = LINE('',#9963,#9964);
#9963 = CARTESIAN_POINT('',(72.8,-6.E-02,3.9));
#9964 = VECTOR('',#9965,1.);
#9965 = DIRECTION('',(1.,0.,-0.));
#9966 = ORIENTED_EDGE('',*,*,#9967,.T.);
#9967 = EDGE_CURVE('',#9960,#1597,#9968,.T.);
#9968 = LINE('',#9969,#9970);
#9969 = CARTESIAN_POINT('',(73.85,-6.E-02,3.9));
#9970 = VECTOR('',#9971,1.);
#9971 = DIRECTION('',(-0.,1.,0.));
#9972 = ORIENTED_EDGE('',*,*,#1604,.F.);
#9973 = PLANE('',#9974);
#9974 = AXIS2_PLACEMENT_3D('',#9975,#9976,#9977);
#9975 = CARTESIAN_POINT('',(72.8,-6.E-02,3.9));
#9976 = DIRECTION('',(0.,0.,1.));
#9977 = DIRECTION('',(1.,0.,-0.));
#9978 = ADVANCED_FACE('',(#9979),#9990,.T.);
#9979 = FACE_BOUND('',#9980,.T.);
#9980 = EDGE_LOOP('',(#9981,#9987,#9988,#9989));
#9981 = ORIENTED_EDGE('',*,*,#9982,.F.);
#9982 = EDGE_CURVE('',#9936,#9960,#9983,.T.);
#9983 = LINE('',#9984,#9985);
#9984 = CARTESIAN_POINT('',(73.85,-6.E-02,0.5));
#9985 = VECTOR('',#9986,1.);
#9986 = DIRECTION('',(0.,0.,1.));
#9987 = ORIENTED_EDGE('',*,*,#9943,.T.);
#9988 = ORIENTED_EDGE('',*,*,#1596,.T.);
#9989 = ORIENTED_EDGE('',*,*,#9967,.F.);
#9990 = PLANE('',#9991);
#9991 = AXIS2_PLACEMENT_3D('',#9992,#9993,#9994);
#9992 = CARTESIAN_POINT('',(73.85,-6.E-02,0.5));
#9993 = DIRECTION('',(1.,0.,-0.));
#9994 = DIRECTION('',(0.,0.,1.));
#9995 = ADVANCED_FACE('',(#9996),#10021,.F.);
#9996 = FACE_BOUND('',#9997,.F.);
#9997 = EDGE_LOOP('',(#9998,#10008,#10014,#10015));
#9998 = ORIENTED_EDGE('',*,*,#9999,.F.);
#9999 = EDGE_CURVE('',#10000,#10002,#10004,.T.);
#10000 = VERTEX_POINT('',#10001);
#10001 = CARTESIAN_POINT('',(74.52,-6.E-02,0.5));
#10002 = VERTEX_POINT('',#10003);
#10003 = CARTESIAN_POINT('',(74.52,-6.E-02,3.9));
#10004 = LINE('',#10005,#10006);
#10005 = CARTESIAN_POINT('',(74.52,-6.E-02,0.5));
#10006 = VECTOR('',#10007,1.);
#10007 = DIRECTION('',(0.,0.,1.));
#10008 = ORIENTED_EDGE('',*,*,#10009,.T.);
#10009 = EDGE_CURVE('',#10000,#1613,#10010,.T.);
#10010 = LINE('',#10011,#10012);
#10011 = CARTESIAN_POINT('',(74.52,-6.E-02,0.5));
#10012 = VECTOR('',#10013,1.);
#10013 = DIRECTION('',(-0.,1.,0.));
#10014 = ORIENTED_EDGE('',*,*,#1612,.T.);
#10015 = ORIENTED_EDGE('',*,*,#10016,.F.);
#10016 = EDGE_CURVE('',#10002,#1615,#10017,.T.);
#10017 = LINE('',#10018,#10019);
#10018 = CARTESIAN_POINT('',(74.52,-6.E-02,3.9));
#10019 = VECTOR('',#10020,1.);
#10020 = DIRECTION('',(-0.,1.,0.));
#10021 = PLANE('',#10022);
#10022 = AXIS2_PLACEMENT_3D('',#10023,#10024,#10025);
#10023 = CARTESIAN_POINT('',(74.52,-6.E-02,0.5));
#10024 = DIRECTION('',(1.,0.,-0.));
#10025 = DIRECTION('',(0.,0.,1.));
#10026 = ADVANCED_FACE('',(#10027),#10045,.F.);
#10027 = FACE_BOUND('',#10028,.F.);
#10028 = EDGE_LOOP('',(#10029,#10030,#10038,#10044));
#10029 = ORIENTED_EDGE('',*,*,#10009,.F.);
#10030 = ORIENTED_EDGE('',*,*,#10031,.T.);
#10031 = EDGE_CURVE('',#10000,#10032,#10034,.T.);
#10032 = VERTEX_POINT('',#10033);
#10033 = CARTESIAN_POINT('',(75.57,-6.E-02,0.5));
#10034 = LINE('',#10035,#10036);
#10035 = CARTESIAN_POINT('',(74.52,-6.E-02,0.5));
#10036 = VECTOR('',#10037,1.);
#10037 = DIRECTION('',(1.,0.,-0.));
#10038 = ORIENTED_EDGE('',*,*,#10039,.T.);
#10039 = EDGE_CURVE('',#10032,#1623,#10040,.T.);
#10040 = LINE('',#10041,#10042);
#10041 = CARTESIAN_POINT('',(75.57,-6.E-02,0.5));
#10042 = VECTOR('',#10043,1.);
#10043 = DIRECTION('',(-0.,1.,0.));
#10044 = ORIENTED_EDGE('',*,*,#1622,.F.);
#10045 = PLANE('',#10046);
#10046 = AXIS2_PLACEMENT_3D('',#10047,#10048,#10049);
#10047 = CARTESIAN_POINT('',(74.52,-6.E-02,0.5));
#10048 = DIRECTION('',(0.,0.,1.));
#10049 = DIRECTION('',(1.,0.,-0.));
#10050 = ADVANCED_FACE('',(#10051),#10069,.T.);
#10051 = FACE_BOUND('',#10052,.T.);
#10052 = EDGE_LOOP('',(#10053,#10054,#10062,#10068));
#10053 = ORIENTED_EDGE('',*,*,#10016,.F.);
#10054 = ORIENTED_EDGE('',*,*,#10055,.T.);
#10055 = EDGE_CURVE('',#10002,#10056,#10058,.T.);
#10056 = VERTEX_POINT('',#10057);
#10057 = CARTESIAN_POINT('',(75.57,-6.E-02,3.9));
#10058 = LINE('',#10059,#10060);
#10059 = CARTESIAN_POINT('',(74.52,-6.E-02,3.9));
#10060 = VECTOR('',#10061,1.);
#10061 = DIRECTION('',(1.,0.,-0.));
#10062 = ORIENTED_EDGE('',*,*,#10063,.T.);
#10063 = EDGE_CURVE('',#10056,#1631,#10064,.T.);
#10064 = LINE('',#10065,#10066);
#10065 = CARTESIAN_POINT('',(75.57,-6.E-02,3.9));
#10066 = VECTOR('',#10067,1.);
#10067 = DIRECTION('',(-0.,1.,0.));
#10068 = ORIENTED_EDGE('',*,*,#1638,.F.);
#10069 = PLANE('',#10070);
#10070 = AXIS2_PLACEMENT_3D('',#10071,#10072,#10073);
#10071 = CARTESIAN_POINT('',(74.52,-6.E-02,3.9));
#10072 = DIRECTION('',(0.,0.,1.));
#10073 = DIRECTION('',(1.,0.,-0.));
#10074 = ADVANCED_FACE('',(#10075),#10086,.T.);
#10075 = FACE_BOUND('',#10076,.T.);
#10076 = EDGE_LOOP('',(#10077,#10083,#10084,#10085));
#10077 = ORIENTED_EDGE('',*,*,#10078,.F.);
#10078 = EDGE_CURVE('',#10032,#10056,#10079,.T.);
#10079 = LINE('',#10080,#10081);
#10080 = CARTESIAN_POINT('',(75.57,-6.E-02,0.5));
#10081 = VECTOR('',#10082,1.);
#10082 = DIRECTION('',(0.,0.,1.));
#10083 = ORIENTED_EDGE('',*,*,#10039,.T.);
#10084 = ORIENTED_EDGE('',*,*,#1630,.T.);
#10085 = ORIENTED_EDGE('',*,*,#10063,.F.);
#10086 = PLANE('',#10087);
#10087 = AXIS2_PLACEMENT_3D('',#10088,#10089,#10090);
#10088 = CARTESIAN_POINT('',(75.57,-6.E-02,0.5));
#10089 = DIRECTION('',(1.,0.,-0.));
#10090 = DIRECTION('',(0.,0.,1.));
#10091 = ADVANCED_FACE('',(#10092),#10117,.F.);
#10092 = FACE_BOUND('',#10093,.F.);
#10093 = EDGE_LOOP('',(#10094,#10104,#10110,#10111));
#10094 = ORIENTED_EDGE('',*,*,#10095,.F.);
#10095 = EDGE_CURVE('',#10096,#10098,#10100,.T.);
#10096 = VERTEX_POINT('',#10097);
#10097 = CARTESIAN_POINT('',(76.24,-6.E-02,0.5));
#10098 = VERTEX_POINT('',#10099);
#10099 = CARTESIAN_POINT('',(76.24,-6.E-02,3.9));
#10100 = LINE('',#10101,#10102);
#10101 = CARTESIAN_POINT('',(76.24,-6.E-02,0.5));
#10102 = VECTOR('',#10103,1.);
#10103 = DIRECTION('',(0.,0.,1.));
#10104 = ORIENTED_EDGE('',*,*,#10105,.T.);
#10105 = EDGE_CURVE('',#10096,#1647,#10106,.T.);
#10106 = LINE('',#10107,#10108);
#10107 = CARTESIAN_POINT('',(76.24,-6.E-02,0.5));
#10108 = VECTOR('',#10109,1.);
#10109 = DIRECTION('',(-0.,1.,0.));
#10110 = ORIENTED_EDGE('',*,*,#1646,.T.);
#10111 = ORIENTED_EDGE('',*,*,#10112,.F.);
#10112 = EDGE_CURVE('',#10098,#1649,#10113,.T.);
#10113 = LINE('',#10114,#10115);
#10114 = CARTESIAN_POINT('',(76.24,-6.E-02,3.9));
#10115 = VECTOR('',#10116,1.);
#10116 = DIRECTION('',(-0.,1.,0.));
#10117 = PLANE('',#10118);
#10118 = AXIS2_PLACEMENT_3D('',#10119,#10120,#10121);
#10119 = CARTESIAN_POINT('',(76.24,-6.E-02,0.5));
#10120 = DIRECTION('',(1.,0.,-0.));
#10121 = DIRECTION('',(0.,0.,1.));
#10122 = ADVANCED_FACE('',(#10123),#10141,.F.);
#10123 = FACE_BOUND('',#10124,.F.);
#10124 = EDGE_LOOP('',(#10125,#10126,#10134,#10140));
#10125 = ORIENTED_EDGE('',*,*,#10105,.F.);
#10126 = ORIENTED_EDGE('',*,*,#10127,.T.);
#10127 = EDGE_CURVE('',#10096,#10128,#10130,.T.);
#10128 = VERTEX_POINT('',#10129);
#10129 = CARTESIAN_POINT('',(77.29,-6.E-02,0.5));
#10130 = LINE('',#10131,#10132);
#10131 = CARTESIAN_POINT('',(76.24,-6.E-02,0.5));
#10132 = VECTOR('',#10133,1.);
#10133 = DIRECTION('',(1.,0.,-0.));
#10134 = ORIENTED_EDGE('',*,*,#10135,.T.);
#10135 = EDGE_CURVE('',#10128,#1657,#10136,.T.);
#10136 = LINE('',#10137,#10138);
#10137 = CARTESIAN_POINT('',(77.29,-6.E-02,0.5));
#10138 = VECTOR('',#10139,1.);
#10139 = DIRECTION('',(-0.,1.,0.));
#10140 = ORIENTED_EDGE('',*,*,#1656,.F.);
#10141 = PLANE('',#10142);
#10142 = AXIS2_PLACEMENT_3D('',#10143,#10144,#10145);
#10143 = CARTESIAN_POINT('',(76.24,-6.E-02,0.5));
#10144 = DIRECTION('',(0.,0.,1.));
#10145 = DIRECTION('',(1.,0.,-0.));
#10146 = ADVANCED_FACE('',(#10147),#10165,.T.);
#10147 = FACE_BOUND('',#10148,.T.);
#10148 = EDGE_LOOP('',(#10149,#10150,#10158,#10164));
#10149 = ORIENTED_EDGE('',*,*,#10112,.F.);
#10150 = ORIENTED_EDGE('',*,*,#10151,.T.);
#10151 = EDGE_CURVE('',#10098,#10152,#10154,.T.);
#10152 = VERTEX_POINT('',#10153);
#10153 = CARTESIAN_POINT('',(77.29,-6.E-02,3.9));
#10154 = LINE('',#10155,#10156);
#10155 = CARTESIAN_POINT('',(76.24,-6.E-02,3.9));
#10156 = VECTOR('',#10157,1.);
#10157 = DIRECTION('',(1.,0.,-0.));
#10158 = ORIENTED_EDGE('',*,*,#10159,.T.);
#10159 = EDGE_CURVE('',#10152,#1665,#10160,.T.);
#10160 = LINE('',#10161,#10162);
#10161 = CARTESIAN_POINT('',(77.29,-6.E-02,3.9));
#10162 = VECTOR('',#10163,1.);
#10163 = DIRECTION('',(-0.,1.,0.));
#10164 = ORIENTED_EDGE('',*,*,#1672,.F.);
#10165 = PLANE('',#10166);
#10166 = AXIS2_PLACEMENT_3D('',#10167,#10168,#10169);
#10167 = CARTESIAN_POINT('',(76.24,-6.E-02,3.9));
#10168 = DIRECTION('',(0.,0.,1.));
#10169 = DIRECTION('',(1.,0.,-0.));
#10170 = ADVANCED_FACE('',(#10171),#10182,.T.);
#10171 = FACE_BOUND('',#10172,.T.);
#10172 = EDGE_LOOP('',(#10173,#10179,#10180,#10181));
#10173 = ORIENTED_EDGE('',*,*,#10174,.F.);
#10174 = EDGE_CURVE('',#10128,#10152,#10175,.T.);
#10175 = LINE('',#10176,#10177);
#10176 = CARTESIAN_POINT('',(77.29,-6.E-02,0.5));
#10177 = VECTOR('',#10178,1.);
#10178 = DIRECTION('',(0.,0.,1.));
#10179 = ORIENTED_EDGE('',*,*,#10135,.T.);
#10180 = ORIENTED_EDGE('',*,*,#1664,.T.);
#10181 = ORIENTED_EDGE('',*,*,#10159,.F.);
#10182 = PLANE('',#10183);
#10183 = AXIS2_PLACEMENT_3D('',#10184,#10185,#10186);
#10184 = CARTESIAN_POINT('',(77.29,-6.E-02,0.5));
#10185 = DIRECTION('',(1.,0.,-0.));
#10186 = DIRECTION('',(0.,0.,1.));
#10187 = ADVANCED_FACE('',(#10188),#10213,.F.);
#10188 = FACE_BOUND('',#10189,.F.);
#10189 = EDGE_LOOP('',(#10190,#10200,#10206,#10207));
#10190 = ORIENTED_EDGE('',*,*,#10191,.F.);
#10191 = EDGE_CURVE('',#10192,#10194,#10196,.T.);
#10192 = VERTEX_POINT('',#10193);
#10193 = CARTESIAN_POINT('',(77.96,-6.E-02,0.5));
#10194 = VERTEX_POINT('',#10195);
#10195 = CARTESIAN_POINT('',(77.96,-6.E-02,3.9));
#10196 = LINE('',#10197,#10198);
#10197 = CARTESIAN_POINT('',(77.96,-6.E-02,0.5));
#10198 = VECTOR('',#10199,1.);
#10199 = DIRECTION('',(0.,0.,1.));
#10200 = ORIENTED_EDGE('',*,*,#10201,.T.);
#10201 = EDGE_CURVE('',#10192,#1681,#10202,.T.);
#10202 = LINE('',#10203,#10204);
#10203 = CARTESIAN_POINT('',(77.96,-6.E-02,0.5));
#10204 = VECTOR('',#10205,1.);
#10205 = DIRECTION('',(-0.,1.,0.));
#10206 = ORIENTED_EDGE('',*,*,#1680,.T.);
#10207 = ORIENTED_EDGE('',*,*,#10208,.F.);
#10208 = EDGE_CURVE('',#10194,#1683,#10209,.T.);
#10209 = LINE('',#10210,#10211);
#10210 = CARTESIAN_POINT('',(77.96,-6.E-02,3.9));
#10211 = VECTOR('',#10212,1.);
#10212 = DIRECTION('',(-0.,1.,0.));
#10213 = PLANE('',#10214);
#10214 = AXIS2_PLACEMENT_3D('',#10215,#10216,#10217);
#10215 = CARTESIAN_POINT('',(77.96,-6.E-02,0.5));
#10216 = DIRECTION('',(1.,0.,-0.));
#10217 = DIRECTION('',(0.,0.,1.));
#10218 = ADVANCED_FACE('',(#10219),#10237,.F.);
#10219 = FACE_BOUND('',#10220,.F.);
#10220 = EDGE_LOOP('',(#10221,#10222,#10230,#10236));
#10221 = ORIENTED_EDGE('',*,*,#10201,.F.);
#10222 = ORIENTED_EDGE('',*,*,#10223,.T.);
#10223 = EDGE_CURVE('',#10192,#10224,#10226,.T.);
#10224 = VERTEX_POINT('',#10225);
#10225 = CARTESIAN_POINT('',(79.01,-6.E-02,0.5));
#10226 = LINE('',#10227,#10228);
#10227 = CARTESIAN_POINT('',(77.96,-6.E-02,0.5));
#10228 = VECTOR('',#10229,1.);
#10229 = DIRECTION('',(1.,0.,-0.));
#10230 = ORIENTED_EDGE('',*,*,#10231,.T.);
#10231 = EDGE_CURVE('',#10224,#1691,#10232,.T.);
#10232 = LINE('',#10233,#10234);
#10233 = CARTESIAN_POINT('',(79.01,-6.E-02,0.5));
#10234 = VECTOR('',#10235,1.);
#10235 = DIRECTION('',(-0.,1.,0.));
#10236 = ORIENTED_EDGE('',*,*,#1690,.F.);
#10237 = PLANE('',#10238);
#10238 = AXIS2_PLACEMENT_3D('',#10239,#10240,#10241);
#10239 = CARTESIAN_POINT('',(77.96,-6.E-02,0.5));
#10240 = DIRECTION('',(0.,0.,1.));
#10241 = DIRECTION('',(1.,0.,-0.));
#10242 = ADVANCED_FACE('',(#10243),#10261,.T.);
#10243 = FACE_BOUND('',#10244,.T.);
#10244 = EDGE_LOOP('',(#10245,#10246,#10254,#10260));
#10245 = ORIENTED_EDGE('',*,*,#10208,.F.);
#10246 = ORIENTED_EDGE('',*,*,#10247,.T.);
#10247 = EDGE_CURVE('',#10194,#10248,#10250,.T.);
#10248 = VERTEX_POINT('',#10249);
#10249 = CARTESIAN_POINT('',(79.01,-6.E-02,3.9));
#10250 = LINE('',#10251,#10252);
#10251 = CARTESIAN_POINT('',(77.96,-6.E-02,3.9));
#10252 = VECTOR('',#10253,1.);
#10253 = DIRECTION('',(1.,0.,-0.));
#10254 = ORIENTED_EDGE('',*,*,#10255,.T.);
#10255 = EDGE_CURVE('',#10248,#1699,#10256,.T.);
#10256 = LINE('',#10257,#10258);
#10257 = CARTESIAN_POINT('',(79.01,-6.E-02,3.9));
#10258 = VECTOR('',#10259,1.);
#10259 = DIRECTION('',(-0.,1.,0.));
#10260 = ORIENTED_EDGE('',*,*,#1706,.F.);
#10261 = PLANE('',#10262);
#10262 = AXIS2_PLACEMENT_3D('',#10263,#10264,#10265);
#10263 = CARTESIAN_POINT('',(77.96,-6.E-02,3.9));
#10264 = DIRECTION('',(0.,0.,1.));
#10265 = DIRECTION('',(1.,0.,-0.));
#10266 = ADVANCED_FACE('',(#10267),#10278,.T.);
#10267 = FACE_BOUND('',#10268,.T.);
#10268 = EDGE_LOOP('',(#10269,#10275,#10276,#10277));
#10269 = ORIENTED_EDGE('',*,*,#10270,.F.);
#10270 = EDGE_CURVE('',#10224,#10248,#10271,.T.);
#10271 = LINE('',#10272,#10273);
#10272 = CARTESIAN_POINT('',(79.01,-6.E-02,0.5));
#10273 = VECTOR('',#10274,1.);
#10274 = DIRECTION('',(0.,0.,1.));
#10275 = ORIENTED_EDGE('',*,*,#10231,.T.);
#10276 = ORIENTED_EDGE('',*,*,#1698,.T.);
#10277 = ORIENTED_EDGE('',*,*,#10255,.F.);
#10278 = PLANE('',#10279);
#10279 = AXIS2_PLACEMENT_3D('',#10280,#10281,#10282);
#10280 = CARTESIAN_POINT('',(79.01,-6.E-02,0.5));
#10281 = DIRECTION('',(1.,0.,-0.));
#10282 = DIRECTION('',(0.,0.,1.));
#10283 = ADVANCED_FACE('',(#10284),#10309,.F.);
#10284 = FACE_BOUND('',#10285,.F.);
#10285 = EDGE_LOOP('',(#10286,#10296,#10302,#10303));
#10286 = ORIENTED_EDGE('',*,*,#10287,.F.);
#10287 = EDGE_CURVE('',#10288,#10290,#10292,.T.);
#10288 = VERTEX_POINT('',#10289);
#10289 = CARTESIAN_POINT('',(79.68,-6.E-02,0.5));
#10290 = VERTEX_POINT('',#10291);
#10291 = CARTESIAN_POINT('',(79.68,-6.E-02,3.9));
#10292 = LINE('',#10293,#10294);
#10293 = CARTESIAN_POINT('',(79.68,-6.E-02,0.5));
#10294 = VECTOR('',#10295,1.);
#10295 = DIRECTION('',(0.,0.,1.));
#10296 = ORIENTED_EDGE('',*,*,#10297,.T.);
#10297 = EDGE_CURVE('',#10288,#1715,#10298,.T.);
#10298 = LINE('',#10299,#10300);
#10299 = CARTESIAN_POINT('',(79.68,-6.E-02,0.5));
#10300 = VECTOR('',#10301,1.);
#10301 = DIRECTION('',(-0.,1.,0.));
#10302 = ORIENTED_EDGE('',*,*,#1714,.T.);
#10303 = ORIENTED_EDGE('',*,*,#10304,.F.);
#10304 = EDGE_CURVE('',#10290,#1717,#10305,.T.);
#10305 = LINE('',#10306,#10307);
#10306 = CARTESIAN_POINT('',(79.68,-6.E-02,3.9));
#10307 = VECTOR('',#10308,1.);
#10308 = DIRECTION('',(-0.,1.,0.));
#10309 = PLANE('',#10310);
#10310 = AXIS2_PLACEMENT_3D('',#10311,#10312,#10313);
#10311 = CARTESIAN_POINT('',(79.68,-6.E-02,0.5));
#10312 = DIRECTION('',(1.,0.,-0.));
#10313 = DIRECTION('',(0.,0.,1.));
#10314 = ADVANCED_FACE('',(#10315),#10333,.F.);
#10315 = FACE_BOUND('',#10316,.F.);
#10316 = EDGE_LOOP('',(#10317,#10318,#10326,#10332));
#10317 = ORIENTED_EDGE('',*,*,#10297,.F.);
#10318 = ORIENTED_EDGE('',*,*,#10319,.T.);
#10319 = EDGE_CURVE('',#10288,#10320,#10322,.T.);
#10320 = VERTEX_POINT('',#10321);
#10321 = CARTESIAN_POINT('',(80.73,-6.E-02,0.5));
#10322 = LINE('',#10323,#10324);
#10323 = CARTESIAN_POINT('',(79.68,-6.E-02,0.5));
#10324 = VECTOR('',#10325,1.);
#10325 = DIRECTION('',(1.,0.,-0.));
#10326 = ORIENTED_EDGE('',*,*,#10327,.T.);
#10327 = EDGE_CURVE('',#10320,#1725,#10328,.T.);
#10328 = LINE('',#10329,#10330);
#10329 = CARTESIAN_POINT('',(80.73,-6.E-02,0.5));
#10330 = VECTOR('',#10331,1.);
#10331 = DIRECTION('',(-0.,1.,0.));
#10332 = ORIENTED_EDGE('',*,*,#1724,.F.);
#10333 = PLANE('',#10334);
#10334 = AXIS2_PLACEMENT_3D('',#10335,#10336,#10337);
#10335 = CARTESIAN_POINT('',(79.68,-6.E-02,0.5));
#10336 = DIRECTION('',(0.,0.,1.));
#10337 = DIRECTION('',(1.,0.,-0.));
#10338 = ADVANCED_FACE('',(#10339),#10357,.T.);
#10339 = FACE_BOUND('',#10340,.T.);
#10340 = EDGE_LOOP('',(#10341,#10342,#10350,#10356));
#10341 = ORIENTED_EDGE('',*,*,#10304,.F.);
#10342 = ORIENTED_EDGE('',*,*,#10343,.T.);
#10343 = EDGE_CURVE('',#10290,#10344,#10346,.T.);
#10344 = VERTEX_POINT('',#10345);
#10345 = CARTESIAN_POINT('',(80.73,-6.E-02,3.9));
#10346 = LINE('',#10347,#10348);
#10347 = CARTESIAN_POINT('',(79.68,-6.E-02,3.9));
#10348 = VECTOR('',#10349,1.);
#10349 = DIRECTION('',(1.,0.,-0.));
#10350 = ORIENTED_EDGE('',*,*,#10351,.T.);
#10351 = EDGE_CURVE('',#10344,#1733,#10352,.T.);
#10352 = LINE('',#10353,#10354);
#10353 = CARTESIAN_POINT('',(80.73,-6.E-02,3.9));
#10354 = VECTOR('',#10355,1.);
#10355 = DIRECTION('',(-0.,1.,0.));
#10356 = ORIENTED_EDGE('',*,*,#1740,.F.);
#10357 = PLANE('',#10358);
#10358 = AXIS2_PLACEMENT_3D('',#10359,#10360,#10361);
#10359 = CARTESIAN_POINT('',(79.68,-6.E-02,3.9));
#10360 = DIRECTION('',(0.,0.,1.));
#10361 = DIRECTION('',(1.,0.,-0.));
#10362 = ADVANCED_FACE('',(#10363),#10374,.T.);
#10363 = FACE_BOUND('',#10364,.T.);
#10364 = EDGE_LOOP('',(#10365,#10371,#10372,#10373));
#10365 = ORIENTED_EDGE('',*,*,#10366,.F.);
#10366 = EDGE_CURVE('',#10320,#10344,#10367,.T.);
#10367 = LINE('',#10368,#10369);
#10368 = CARTESIAN_POINT('',(80.73,-6.E-02,0.5));
#10369 = VECTOR('',#10370,1.);
#10370 = DIRECTION('',(0.,0.,1.));
#10371 = ORIENTED_EDGE('',*,*,#10327,.T.);
#10372 = ORIENTED_EDGE('',*,*,#1732,.T.);
#10373 = ORIENTED_EDGE('',*,*,#10351,.F.);
#10374 = PLANE('',#10375);
#10375 = AXIS2_PLACEMENT_3D('',#10376,#10377,#10378);
#10376 = CARTESIAN_POINT('',(80.73,-6.E-02,0.5));
#10377 = DIRECTION('',(1.,0.,-0.));
#10378 = DIRECTION('',(0.,0.,1.));
#10379 = ADVANCED_FACE('',(#10380),#10405,.F.);
#10380 = FACE_BOUND('',#10381,.F.);
#10381 = EDGE_LOOP('',(#10382,#10392,#10398,#10399));
#10382 = ORIENTED_EDGE('',*,*,#10383,.F.);
#10383 = EDGE_CURVE('',#10384,#10386,#10388,.T.);
#10384 = VERTEX_POINT('',#10385);
#10385 = CARTESIAN_POINT('',(81.4,-6.E-02,0.5));
#10386 = VERTEX_POINT('',#10387);
#10387 = CARTESIAN_POINT('',(81.4,-6.E-02,3.9));
#10388 = LINE('',#10389,#10390);
#10389 = CARTESIAN_POINT('',(81.4,-6.E-02,0.5));
#10390 = VECTOR('',#10391,1.);
#10391 = DIRECTION('',(0.,0.,1.));
#10392 = ORIENTED_EDGE('',*,*,#10393,.T.);
#10393 = EDGE_CURVE('',#10384,#1749,#10394,.T.);
#10394 = LINE('',#10395,#10396);
#10395 = CARTESIAN_POINT('',(81.4,-6.E-02,0.5));
#10396 = VECTOR('',#10397,1.);
#10397 = DIRECTION('',(-0.,1.,0.));
#10398 = ORIENTED_EDGE('',*,*,#1748,.T.);
#10399 = ORIENTED_EDGE('',*,*,#10400,.F.);
#10400 = EDGE_CURVE('',#10386,#1751,#10401,.T.);
#10401 = LINE('',#10402,#10403);
#10402 = CARTESIAN_POINT('',(81.4,-6.E-02,3.9));
#10403 = VECTOR('',#10404,1.);
#10404 = DIRECTION('',(-0.,1.,0.));
#10405 = PLANE('',#10406);
#10406 = AXIS2_PLACEMENT_3D('',#10407,#10408,#10409);
#10407 = CARTESIAN_POINT('',(81.4,-6.E-02,0.5));
#10408 = DIRECTION('',(1.,0.,-0.));
#10409 = DIRECTION('',(0.,0.,1.));
#10410 = ADVANCED_FACE('',(#10411),#10429,.F.);
#10411 = FACE_BOUND('',#10412,.F.);
#10412 = EDGE_LOOP('',(#10413,#10414,#10422,#10428));
#10413 = ORIENTED_EDGE('',*,*,#10393,.F.);
#10414 = ORIENTED_EDGE('',*,*,#10415,.T.);
#10415 = EDGE_CURVE('',#10384,#10416,#10418,.T.);
#10416 = VERTEX_POINT('',#10417);
#10417 = CARTESIAN_POINT('',(82.45,-6.E-02,0.5));
#10418 = LINE('',#10419,#10420);
#10419 = CARTESIAN_POINT('',(81.4,-6.E-02,0.5));
#10420 = VECTOR('',#10421,1.);
#10421 = DIRECTION('',(1.,0.,-0.));
#10422 = ORIENTED_EDGE('',*,*,#10423,.T.);
#10423 = EDGE_CURVE('',#10416,#1759,#10424,.T.);
#10424 = LINE('',#10425,#10426);
#10425 = CARTESIAN_POINT('',(82.45,-6.E-02,0.5));
#10426 = VECTOR('',#10427,1.);
#10427 = DIRECTION('',(-0.,1.,0.));
#10428 = ORIENTED_EDGE('',*,*,#1758,.F.);
#10429 = PLANE('',#10430);
#10430 = AXIS2_PLACEMENT_3D('',#10431,#10432,#10433);
#10431 = CARTESIAN_POINT('',(81.4,-6.E-02,0.5));
#10432 = DIRECTION('',(0.,0.,1.));
#10433 = DIRECTION('',(1.,0.,-0.));
#10434 = ADVANCED_FACE('',(#10435),#10453,.T.);
#10435 = FACE_BOUND('',#10436,.T.);
#10436 = EDGE_LOOP('',(#10437,#10438,#10446,#10452));
#10437 = ORIENTED_EDGE('',*,*,#10400,.F.);
#10438 = ORIENTED_EDGE('',*,*,#10439,.T.);
#10439 = EDGE_CURVE('',#10386,#10440,#10442,.T.);
#10440 = VERTEX_POINT('',#10441);
#10441 = CARTESIAN_POINT('',(82.45,-6.E-02,3.9));
#10442 = LINE('',#10443,#10444);
#10443 = CARTESIAN_POINT('',(81.4,-6.E-02,3.9));
#10444 = VECTOR('',#10445,1.);
#10445 = DIRECTION('',(1.,0.,-0.));
#10446 = ORIENTED_EDGE('',*,*,#10447,.T.);
#10447 = EDGE_CURVE('',#10440,#1767,#10448,.T.);
#10448 = LINE('',#10449,#10450);
#10449 = CARTESIAN_POINT('',(82.45,-6.E-02,3.9));
#10450 = VECTOR('',#10451,1.);
#10451 = DIRECTION('',(-0.,1.,0.));
#10452 = ORIENTED_EDGE('',*,*,#1774,.F.);
#10453 = PLANE('',#10454);
#10454 = AXIS2_PLACEMENT_3D('',#10455,#10456,#10457);
#10455 = CARTESIAN_POINT('',(81.4,-6.E-02,3.9));
#10456 = DIRECTION('',(0.,0.,1.));
#10457 = DIRECTION('',(1.,0.,-0.));
#10458 = ADVANCED_FACE('',(#10459),#10470,.T.);
#10459 = FACE_BOUND('',#10460,.T.);
#10460 = EDGE_LOOP('',(#10461,#10467,#10468,#10469));
#10461 = ORIENTED_EDGE('',*,*,#10462,.F.);
#10462 = EDGE_CURVE('',#10416,#10440,#10463,.T.);
#10463 = LINE('',#10464,#10465);
#10464 = CARTESIAN_POINT('',(82.45,-6.E-02,0.5));
#10465 = VECTOR('',#10466,1.);
#10466 = DIRECTION('',(0.,0.,1.));
#10467 = ORIENTED_EDGE('',*,*,#10423,.T.);
#10468 = ORIENTED_EDGE('',*,*,#1766,.T.);
#10469 = ORIENTED_EDGE('',*,*,#10447,.F.);
#10470 = PLANE('',#10471);
#10471 = AXIS2_PLACEMENT_3D('',#10472,#10473,#10474);
#10472 = CARTESIAN_POINT('',(82.45,-6.E-02,0.5));
#10473 = DIRECTION('',(1.,0.,-0.));
#10474 = DIRECTION('',(0.,0.,1.));
#10475 = ADVANCED_FACE('',(#10476),#10501,.F.);
#10476 = FACE_BOUND('',#10477,.F.);
#10477 = EDGE_LOOP('',(#10478,#10488,#10494,#10495));
#10478 = ORIENTED_EDGE('',*,*,#10479,.F.);
#10479 = EDGE_CURVE('',#10480,#10482,#10484,.T.);
#10480 = VERTEX_POINT('',#10481);
#10481 = CARTESIAN_POINT('',(83.12,-6.E-02,0.5));
#10482 = VERTEX_POINT('',#10483);
#10483 = CARTESIAN_POINT('',(83.12,-6.E-02,3.9));
#10484 = LINE('',#10485,#10486);
#10485 = CARTESIAN_POINT('',(83.12,-6.E-02,0.5));
#10486 = VECTOR('',#10487,1.);
#10487 = DIRECTION('',(0.,0.,1.));
#10488 = ORIENTED_EDGE('',*,*,#10489,.T.);
#10489 = EDGE_CURVE('',#10480,#1783,#10490,.T.);
#10490 = LINE('',#10491,#10492);
#10491 = CARTESIAN_POINT('',(83.12,-6.E-02,0.5));
#10492 = VECTOR('',#10493,1.);
#10493 = DIRECTION('',(-0.,1.,0.));
#10494 = ORIENTED_EDGE('',*,*,#1782,.T.);
#10495 = ORIENTED_EDGE('',*,*,#10496,.F.);
#10496 = EDGE_CURVE('',#10482,#1785,#10497,.T.);
#10497 = LINE('',#10498,#10499);
#10498 = CARTESIAN_POINT('',(83.12,-6.E-02,3.9));
#10499 = VECTOR('',#10500,1.);
#10500 = DIRECTION('',(-0.,1.,0.));
#10501 = PLANE('',#10502);
#10502 = AXIS2_PLACEMENT_3D('',#10503,#10504,#10505);
#10503 = CARTESIAN_POINT('',(83.12,-6.E-02,0.5));
#10504 = DIRECTION('',(1.,0.,-0.));
#10505 = DIRECTION('',(0.,0.,1.));
#10506 = ADVANCED_FACE('',(#10507),#10525,.F.);
#10507 = FACE_BOUND('',#10508,.F.);
#10508 = EDGE_LOOP('',(#10509,#10510,#10518,#10524));
#10509 = ORIENTED_EDGE('',*,*,#10489,.F.);
#10510 = ORIENTED_EDGE('',*,*,#10511,.T.);
#10511 = EDGE_CURVE('',#10480,#10512,#10514,.T.);
#10512 = VERTEX_POINT('',#10513);
#10513 = CARTESIAN_POINT('',(84.17,-6.E-02,0.5));
#10514 = LINE('',#10515,#10516);
#10515 = CARTESIAN_POINT('',(83.12,-6.E-02,0.5));
#10516 = VECTOR('',#10517,1.);
#10517 = DIRECTION('',(1.,0.,-0.));
#10518 = ORIENTED_EDGE('',*,*,#10519,.T.);
#10519 = EDGE_CURVE('',#10512,#1793,#10520,.T.);
#10520 = LINE('',#10521,#10522);
#10521 = CARTESIAN_POINT('',(84.17,-6.E-02,0.5));
#10522 = VECTOR('',#10523,1.);
#10523 = DIRECTION('',(-0.,1.,0.));
#10524 = ORIENTED_EDGE('',*,*,#1792,.F.);
#10525 = PLANE('',#10526);
#10526 = AXIS2_PLACEMENT_3D('',#10527,#10528,#10529);
#10527 = CARTESIAN_POINT('',(83.12,-6.E-02,0.5));
#10528 = DIRECTION('',(0.,0.,1.));
#10529 = DIRECTION('',(1.,0.,-0.));
#10530 = ADVANCED_FACE('',(#10531),#10549,.T.);
#10531 = FACE_BOUND('',#10532,.T.);
#10532 = EDGE_LOOP('',(#10533,#10534,#10542,#10548));
#10533 = ORIENTED_EDGE('',*,*,#10496,.F.);
#10534 = ORIENTED_EDGE('',*,*,#10535,.T.);
#10535 = EDGE_CURVE('',#10482,#10536,#10538,.T.);
#10536 = VERTEX_POINT('',#10537);
#10537 = CARTESIAN_POINT('',(84.17,-6.E-02,3.9));
#10538 = LINE('',#10539,#10540);
#10539 = CARTESIAN_POINT('',(83.12,-6.E-02,3.9));
#10540 = VECTOR('',#10541,1.);
#10541 = DIRECTION('',(1.,0.,-0.));
#10542 = ORIENTED_EDGE('',*,*,#10543,.T.);
#10543 = EDGE_CURVE('',#10536,#1801,#10544,.T.);
#10544 = LINE('',#10545,#10546);
#10545 = CARTESIAN_POINT('',(84.17,-6.E-02,3.9));
#10546 = VECTOR('',#10547,1.);
#10547 = DIRECTION('',(-0.,1.,0.));
#10548 = ORIENTED_EDGE('',*,*,#1808,.F.);
#10549 = PLANE('',#10550);
#10550 = AXIS2_PLACEMENT_3D('',#10551,#10552,#10553);
#10551 = CARTESIAN_POINT('',(83.12,-6.E-02,3.9));
#10552 = DIRECTION('',(0.,0.,1.));
#10553 = DIRECTION('',(1.,0.,-0.));
#10554 = ADVANCED_FACE('',(#10555),#10566,.T.);
#10555 = FACE_BOUND('',#10556,.T.);
#10556 = EDGE_LOOP('',(#10557,#10563,#10564,#10565));
#10557 = ORIENTED_EDGE('',*,*,#10558,.F.);
#10558 = EDGE_CURVE('',#10512,#10536,#10559,.T.);
#10559 = LINE('',#10560,#10561);
#10560 = CARTESIAN_POINT('',(84.17,-6.E-02,0.5));
#10561 = VECTOR('',#10562,1.);
#10562 = DIRECTION('',(0.,0.,1.));
#10563 = ORIENTED_EDGE('',*,*,#10519,.T.);
#10564 = ORIENTED_EDGE('',*,*,#1800,.T.);
#10565 = ORIENTED_EDGE('',*,*,#10543,.F.);
#10566 = PLANE('',#10567);
#10567 = AXIS2_PLACEMENT_3D('',#10568,#10569,#10570);
#10568 = CARTESIAN_POINT('',(84.17,-6.E-02,0.5));
#10569 = DIRECTION('',(1.,0.,-0.));
#10570 = DIRECTION('',(0.,0.,1.));
#10571 = ADVANCED_FACE('',(#10572),#10597,.F.);
#10572 = FACE_BOUND('',#10573,.F.);
#10573 = EDGE_LOOP('',(#10574,#10584,#10590,#10591));
#10574 = ORIENTED_EDGE('',*,*,#10575,.F.);
#10575 = EDGE_CURVE('',#10576,#10578,#10580,.T.);
#10576 = VERTEX_POINT('',#10577);
#10577 = CARTESIAN_POINT('',(84.84,-6.E-02,0.5));
#10578 = VERTEX_POINT('',#10579);
#10579 = CARTESIAN_POINT('',(84.84,-6.E-02,3.9));
#10580 = LINE('',#10581,#10582);
#10581 = CARTESIAN_POINT('',(84.84,-6.E-02,0.5));
#10582 = VECTOR('',#10583,1.);
#10583 = DIRECTION('',(0.,0.,1.));
#10584 = ORIENTED_EDGE('',*,*,#10585,.T.);
#10585 = EDGE_CURVE('',#10576,#1817,#10586,.T.);
#10586 = LINE('',#10587,#10588);
#10587 = CARTESIAN_POINT('',(84.84,-6.E-02,0.5));
#10588 = VECTOR('',#10589,1.);
#10589 = DIRECTION('',(-0.,1.,0.));
#10590 = ORIENTED_EDGE('',*,*,#1816,.T.);
#10591 = ORIENTED_EDGE('',*,*,#10592,.F.);
#10592 = EDGE_CURVE('',#10578,#1819,#10593,.T.);
#10593 = LINE('',#10594,#10595);
#10594 = CARTESIAN_POINT('',(84.84,-6.E-02,3.9));
#10595 = VECTOR('',#10596,1.);
#10596 = DIRECTION('',(-0.,1.,0.));
#10597 = PLANE('',#10598);
#10598 = AXIS2_PLACEMENT_3D('',#10599,#10600,#10601);
#10599 = CARTESIAN_POINT('',(84.84,-6.E-02,0.5));
#10600 = DIRECTION('',(1.,0.,-0.));
#10601 = DIRECTION('',(0.,0.,1.));
#10602 = ADVANCED_FACE('',(#10603),#10621,.F.);
#10603 = FACE_BOUND('',#10604,.F.);
#10604 = EDGE_LOOP('',(#10605,#10606,#10614,#10620));
#10605 = ORIENTED_EDGE('',*,*,#10585,.F.);
#10606 = ORIENTED_EDGE('',*,*,#10607,.T.);
#10607 = EDGE_CURVE('',#10576,#10608,#10610,.T.);
#10608 = VERTEX_POINT('',#10609);
#10609 = CARTESIAN_POINT('',(85.89,-6.E-02,0.5));
#10610 = LINE('',#10611,#10612);
#10611 = CARTESIAN_POINT('',(84.84,-6.E-02,0.5));
#10612 = VECTOR('',#10613,1.);
#10613 = DIRECTION('',(1.,0.,-0.));
#10614 = ORIENTED_EDGE('',*,*,#10615,.T.);
#10615 = EDGE_CURVE('',#10608,#1827,#10616,.T.);
#10616 = LINE('',#10617,#10618);
#10617 = CARTESIAN_POINT('',(85.89,-6.E-02,0.5));
#10618 = VECTOR('',#10619,1.);
#10619 = DIRECTION('',(-0.,1.,0.));
#10620 = ORIENTED_EDGE('',*,*,#1826,.F.);
#10621 = PLANE('',#10622);
#10622 = AXIS2_PLACEMENT_3D('',#10623,#10624,#10625);
#10623 = CARTESIAN_POINT('',(84.84,-6.E-02,0.5));
#10624 = DIRECTION('',(0.,0.,1.));
#10625 = DIRECTION('',(1.,0.,-0.));
#10626 = ADVANCED_FACE('',(#10627),#10645,.T.);
#10627 = FACE_BOUND('',#10628,.T.);
#10628 = EDGE_LOOP('',(#10629,#10630,#10638,#10644));
#10629 = ORIENTED_EDGE('',*,*,#10592,.F.);
#10630 = ORIENTED_EDGE('',*,*,#10631,.T.);
#10631 = EDGE_CURVE('',#10578,#10632,#10634,.T.);
#10632 = VERTEX_POINT('',#10633);
#10633 = CARTESIAN_POINT('',(85.89,-6.E-02,3.9));
#10634 = LINE('',#10635,#10636);
#10635 = CARTESIAN_POINT('',(84.84,-6.E-02,3.9));
#10636 = VECTOR('',#10637,1.);
#10637 = DIRECTION('',(1.,0.,-0.));
#10638 = ORIENTED_EDGE('',*,*,#10639,.T.);
#10639 = EDGE_CURVE('',#10632,#1835,#10640,.T.);
#10640 = LINE('',#10641,#10642);
#10641 = CARTESIAN_POINT('',(85.89,-6.E-02,3.9));
#10642 = VECTOR('',#10643,1.);
#10643 = DIRECTION('',(-0.,1.,0.));
#10644 = ORIENTED_EDGE('',*,*,#1842,.F.);
#10645 = PLANE('',#10646);
#10646 = AXIS2_PLACEMENT_3D('',#10647,#10648,#10649);
#10647 = CARTESIAN_POINT('',(84.84,-6.E-02,3.9));
#10648 = DIRECTION('',(0.,0.,1.));
#10649 = DIRECTION('',(1.,0.,-0.));
#10650 = ADVANCED_FACE('',(#10651),#10662,.T.);
#10651 = FACE_BOUND('',#10652,.T.);
#10652 = EDGE_LOOP('',(#10653,#10659,#10660,#10661));
#10653 = ORIENTED_EDGE('',*,*,#10654,.F.);
#10654 = EDGE_CURVE('',#10608,#10632,#10655,.T.);
#10655 = LINE('',#10656,#10657);
#10656 = CARTESIAN_POINT('',(85.89,-6.E-02,0.5));
#10657 = VECTOR('',#10658,1.);
#10658 = DIRECTION('',(0.,0.,1.));
#10659 = ORIENTED_EDGE('',*,*,#10615,.T.);
#10660 = ORIENTED_EDGE('',*,*,#1834,.T.);
#10661 = ORIENTED_EDGE('',*,*,#10639,.F.);
#10662 = PLANE('',#10663);
#10663 = AXIS2_PLACEMENT_3D('',#10664,#10665,#10666);
#10664 = CARTESIAN_POINT('',(85.89,-6.E-02,0.5));
#10665 = DIRECTION('',(1.,0.,-0.));
#10666 = DIRECTION('',(0.,0.,1.));
#10667 = ADVANCED_FACE('',(#10668),#10693,.F.);
#10668 = FACE_BOUND('',#10669,.F.);
#10669 = EDGE_LOOP('',(#10670,#10680,#10686,#10687));
#10670 = ORIENTED_EDGE('',*,*,#10671,.F.);
#10671 = EDGE_CURVE('',#10672,#10674,#10676,.T.);
#10672 = VERTEX_POINT('',#10673);
#10673 = CARTESIAN_POINT('',(86.56,-6.E-02,0.5));
#10674 = VERTEX_POINT('',#10675);
#10675 = CARTESIAN_POINT('',(86.56,-6.E-02,3.9));
#10676 = LINE('',#10677,#10678);
#10677 = CARTESIAN_POINT('',(86.56,-6.E-02,0.5));
#10678 = VECTOR('',#10679,1.);
#10679 = DIRECTION('',(0.,0.,1.));
#10680 = ORIENTED_EDGE('',*,*,#10681,.T.);
#10681 = EDGE_CURVE('',#10672,#1851,#10682,.T.);
#10682 = LINE('',#10683,#10684);
#10683 = CARTESIAN_POINT('',(86.56,-6.E-02,0.5));
#10684 = VECTOR('',#10685,1.);
#10685 = DIRECTION('',(-0.,1.,0.));
#10686 = ORIENTED_EDGE('',*,*,#1850,.T.);
#10687 = ORIENTED_EDGE('',*,*,#10688,.F.);
#10688 = EDGE_CURVE('',#10674,#1853,#10689,.T.);
#10689 = LINE('',#10690,#10691);
#10690 = CARTESIAN_POINT('',(86.56,-6.E-02,3.9));
#10691 = VECTOR('',#10692,1.);
#10692 = DIRECTION('',(-0.,1.,0.));
#10693 = PLANE('',#10694);
#10694 = AXIS2_PLACEMENT_3D('',#10695,#10696,#10697);
#10695 = CARTESIAN_POINT('',(86.56,-6.E-02,0.5));
#10696 = DIRECTION('',(1.,0.,-0.));
#10697 = DIRECTION('',(0.,0.,1.));
#10698 = ADVANCED_FACE('',(#10699),#10717,.F.);
#10699 = FACE_BOUND('',#10700,.F.);
#10700 = EDGE_LOOP('',(#10701,#10702,#10710,#10716));
#10701 = ORIENTED_EDGE('',*,*,#10681,.F.);
#10702 = ORIENTED_EDGE('',*,*,#10703,.T.);
#10703 = EDGE_CURVE('',#10672,#10704,#10706,.T.);
#10704 = VERTEX_POINT('',#10705);
#10705 = CARTESIAN_POINT('',(87.61,-6.E-02,0.5));
#10706 = LINE('',#10707,#10708);
#10707 = CARTESIAN_POINT('',(86.56,-6.E-02,0.5));
#10708 = VECTOR('',#10709,1.);
#10709 = DIRECTION('',(1.,0.,-0.));
#10710 = ORIENTED_EDGE('',*,*,#10711,.T.);
#10711 = EDGE_CURVE('',#10704,#1861,#10712,.T.);
#10712 = LINE('',#10713,#10714);
#10713 = CARTESIAN_POINT('',(87.61,-6.E-02,0.5));
#10714 = VECTOR('',#10715,1.);
#10715 = DIRECTION('',(-0.,1.,0.));
#10716 = ORIENTED_EDGE('',*,*,#1860,.F.);
#10717 = PLANE('',#10718);
#10718 = AXIS2_PLACEMENT_3D('',#10719,#10720,#10721);
#10719 = CARTESIAN_POINT('',(86.56,-6.E-02,0.5));
#10720 = DIRECTION('',(0.,0.,1.));
#10721 = DIRECTION('',(1.,0.,-0.));
#10722 = ADVANCED_FACE('',(#10723),#10741,.T.);
#10723 = FACE_BOUND('',#10724,.T.);
#10724 = EDGE_LOOP('',(#10725,#10726,#10734,#10740));
#10725 = ORIENTED_EDGE('',*,*,#10688,.F.);
#10726 = ORIENTED_EDGE('',*,*,#10727,.T.);
#10727 = EDGE_CURVE('',#10674,#10728,#10730,.T.);
#10728 = VERTEX_POINT('',#10729);
#10729 = CARTESIAN_POINT('',(87.61,-6.E-02,3.9));
#10730 = LINE('',#10731,#10732);
#10731 = CARTESIAN_POINT('',(86.56,-6.E-02,3.9));
#10732 = VECTOR('',#10733,1.);
#10733 = DIRECTION('',(1.,0.,-0.));
#10734 = ORIENTED_EDGE('',*,*,#10735,.T.);
#10735 = EDGE_CURVE('',#10728,#1869,#10736,.T.);
#10736 = LINE('',#10737,#10738);
#10737 = CARTESIAN_POINT('',(87.61,-6.E-02,3.9));
#10738 = VECTOR('',#10739,1.);
#10739 = DIRECTION('',(-0.,1.,0.));
#10740 = ORIENTED_EDGE('',*,*,#1876,.F.);
#10741 = PLANE('',#10742);
#10742 = AXIS2_PLACEMENT_3D('',#10743,#10744,#10745);
#10743 = CARTESIAN_POINT('',(86.56,-6.E-02,3.9));
#10744 = DIRECTION('',(0.,0.,1.));
#10745 = DIRECTION('',(1.,0.,-0.));
#10746 = ADVANCED_FACE('',(#10747),#10758,.T.);
#10747 = FACE_BOUND('',#10748,.T.);
#10748 = EDGE_LOOP('',(#10749,#10755,#10756,#10757));
#10749 = ORIENTED_EDGE('',*,*,#10750,.F.);
#10750 = EDGE_CURVE('',#10704,#10728,#10751,.T.);
#10751 = LINE('',#10752,#10753);
#10752 = CARTESIAN_POINT('',(87.61,-6.E-02,0.5));
#10753 = VECTOR('',#10754,1.);
#10754 = DIRECTION('',(0.,0.,1.));
#10755 = ORIENTED_EDGE('',*,*,#10711,.T.);
#10756 = ORIENTED_EDGE('',*,*,#1868,.T.);
#10757 = ORIENTED_EDGE('',*,*,#10735,.F.);
#10758 = PLANE('',#10759);
#10759 = AXIS2_PLACEMENT_3D('',#10760,#10761,#10762);
#10760 = CARTESIAN_POINT('',(87.61,-6.E-02,0.5));
#10761 = DIRECTION('',(1.,0.,-0.));
#10762 = DIRECTION('',(0.,0.,1.));
#10763 = ADVANCED_FACE('',(#10764),#10789,.F.);
#10764 = FACE_BOUND('',#10765,.F.);
#10765 = EDGE_LOOP('',(#10766,#10776,#10782,#10783));
#10766 = ORIENTED_EDGE('',*,*,#10767,.F.);
#10767 = EDGE_CURVE('',#10768,#10770,#10772,.T.);
#10768 = VERTEX_POINT('',#10769);
#10769 = CARTESIAN_POINT('',(88.28,-6.E-02,0.5));
#10770 = VERTEX_POINT('',#10771);
#10771 = CARTESIAN_POINT('',(88.28,-6.E-02,3.9));
#10772 = LINE('',#10773,#10774);
#10773 = CARTESIAN_POINT('',(88.28,-6.E-02,0.5));
#10774 = VECTOR('',#10775,1.);
#10775 = DIRECTION('',(0.,0.,1.));
#10776 = ORIENTED_EDGE('',*,*,#10777,.T.);
#10777 = EDGE_CURVE('',#10768,#1885,#10778,.T.);
#10778 = LINE('',#10779,#10780);
#10779 = CARTESIAN_POINT('',(88.28,-6.E-02,0.5));
#10780 = VECTOR('',#10781,1.);
#10781 = DIRECTION('',(-0.,1.,0.));
#10782 = ORIENTED_EDGE('',*,*,#1884,.T.);
#10783 = ORIENTED_EDGE('',*,*,#10784,.F.);
#10784 = EDGE_CURVE('',#10770,#1887,#10785,.T.);
#10785 = LINE('',#10786,#10787);
#10786 = CARTESIAN_POINT('',(88.28,-6.E-02,3.9));
#10787 = VECTOR('',#10788,1.);
#10788 = DIRECTION('',(-0.,1.,0.));
#10789 = PLANE('',#10790);
#10790 = AXIS2_PLACEMENT_3D('',#10791,#10792,#10793);
#10791 = CARTESIAN_POINT('',(88.28,-6.E-02,0.5));
#10792 = DIRECTION('',(1.,0.,-0.));
#10793 = DIRECTION('',(0.,0.,1.));
#10794 = ADVANCED_FACE('',(#10795),#10813,.F.);
#10795 = FACE_BOUND('',#10796,.F.);
#10796 = EDGE_LOOP('',(#10797,#10798,#10806,#10812));
#10797 = ORIENTED_EDGE('',*,*,#10777,.F.);
#10798 = ORIENTED_EDGE('',*,*,#10799,.T.);
#10799 = EDGE_CURVE('',#10768,#10800,#10802,.T.);
#10800 = VERTEX_POINT('',#10801);
#10801 = CARTESIAN_POINT('',(89.33,-6.E-02,0.5));
#10802 = LINE('',#10803,#10804);
#10803 = CARTESIAN_POINT('',(88.28,-6.E-02,0.5));
#10804 = VECTOR('',#10805,1.);
#10805 = DIRECTION('',(1.,0.,-0.));
#10806 = ORIENTED_EDGE('',*,*,#10807,.T.);
#10807 = EDGE_CURVE('',#10800,#1895,#10808,.T.);
#10808 = LINE('',#10809,#10810);
#10809 = CARTESIAN_POINT('',(89.33,-6.E-02,0.5));
#10810 = VECTOR('',#10811,1.);
#10811 = DIRECTION('',(-0.,1.,0.));
#10812 = ORIENTED_EDGE('',*,*,#1894,.F.);
#10813 = PLANE('',#10814);
#10814 = AXIS2_PLACEMENT_3D('',#10815,#10816,#10817);
#10815 = CARTESIAN_POINT('',(88.28,-6.E-02,0.5));
#10816 = DIRECTION('',(0.,0.,1.));
#10817 = DIRECTION('',(1.,0.,-0.));
#10818 = ADVANCED_FACE('',(#10819),#10837,.T.);
#10819 = FACE_BOUND('',#10820,.T.);
#10820 = EDGE_LOOP('',(#10821,#10822,#10830,#10836));
#10821 = ORIENTED_EDGE('',*,*,#10784,.F.);
#10822 = ORIENTED_EDGE('',*,*,#10823,.T.);
#10823 = EDGE_CURVE('',#10770,#10824,#10826,.T.);
#10824 = VERTEX_POINT('',#10825);
#10825 = CARTESIAN_POINT('',(89.33,-6.E-02,3.9));
#10826 = LINE('',#10827,#10828);
#10827 = CARTESIAN_POINT('',(88.28,-6.E-02,3.9));
#10828 = VECTOR('',#10829,1.);
#10829 = DIRECTION('',(1.,0.,-0.));
#10830 = ORIENTED_EDGE('',*,*,#10831,.T.);
#10831 = EDGE_CURVE('',#10824,#1903,#10832,.T.);
#10832 = LINE('',#10833,#10834);
#10833 = CARTESIAN_POINT('',(89.33,-6.E-02,3.9));
#10834 = VECTOR('',#10835,1.);
#10835 = DIRECTION('',(-0.,1.,0.));
#10836 = ORIENTED_EDGE('',*,*,#1910,.F.);
#10837 = PLANE('',#10838);
#10838 = AXIS2_PLACEMENT_3D('',#10839,#10840,#10841);
#10839 = CARTESIAN_POINT('',(88.28,-6.E-02,3.9));
#10840 = DIRECTION('',(0.,0.,1.));
#10841 = DIRECTION('',(1.,0.,-0.));
#10842 = ADVANCED_FACE('',(#10843),#10854,.T.);
#10843 = FACE_BOUND('',#10844,.T.);
#10844 = EDGE_LOOP('',(#10845,#10851,#10852,#10853));
#10845 = ORIENTED_EDGE('',*,*,#10846,.F.);
#10846 = EDGE_CURVE('',#10800,#10824,#10847,.T.);
#10847 = LINE('',#10848,#10849);
#10848 = CARTESIAN_POINT('',(89.33,-6.E-02,0.5));
#10849 = VECTOR('',#10850,1.);
#10850 = DIRECTION('',(0.,0.,1.));
#10851 = ORIENTED_EDGE('',*,*,#10807,.T.);
#10852 = ORIENTED_EDGE('',*,*,#1902,.T.);
#10853 = ORIENTED_EDGE('',*,*,#10831,.F.);
#10854 = PLANE('',#10855);
#10855 = AXIS2_PLACEMENT_3D('',#10856,#10857,#10858);
#10856 = CARTESIAN_POINT('',(89.33,-6.E-02,0.5));
#10857 = DIRECTION('',(1.,0.,-0.));
#10858 = DIRECTION('',(0.,0.,1.));
#10859 = ADVANCED_FACE('',(#10860),#10885,.F.);
#10860 = FACE_BOUND('',#10861,.F.);
#10861 = EDGE_LOOP('',(#10862,#10872,#10878,#10879));
#10862 = ORIENTED_EDGE('',*,*,#10863,.F.);
#10863 = EDGE_CURVE('',#10864,#10866,#10868,.T.);
#10864 = VERTEX_POINT('',#10865);
#10865 = CARTESIAN_POINT('',(90.,-6.E-02,0.5));
#10866 = VERTEX_POINT('',#10867);
#10867 = CARTESIAN_POINT('',(90.,-6.E-02,3.9));
#10868 = LINE('',#10869,#10870);
#10869 = CARTESIAN_POINT('',(90.,-6.E-02,0.5));
#10870 = VECTOR('',#10871,1.);
#10871 = DIRECTION('',(0.,0.,1.));
#10872 = ORIENTED_EDGE('',*,*,#10873,.T.);
#10873 = EDGE_CURVE('',#10864,#1919,#10874,.T.);
#10874 = LINE('',#10875,#10876);
#10875 = CARTESIAN_POINT('',(90.,-6.E-02,0.5));
#10876 = VECTOR('',#10877,1.);
#10877 = DIRECTION('',(-0.,1.,0.));
#10878 = ORIENTED_EDGE('',*,*,#1918,.T.);
#10879 = ORIENTED_EDGE('',*,*,#10880,.F.);
#10880 = EDGE_CURVE('',#10866,#1921,#10881,.T.);
#10881 = LINE('',#10882,#10883);
#10882 = CARTESIAN_POINT('',(90.,-6.E-02,3.9));
#10883 = VECTOR('',#10884,1.);
#10884 = DIRECTION('',(-0.,1.,0.));
#10885 = PLANE('',#10886);
#10886 = AXIS2_PLACEMENT_3D('',#10887,#10888,#10889);
#10887 = CARTESIAN_POINT('',(90.,-6.E-02,0.5));
#10888 = DIRECTION('',(1.,0.,-0.));
#10889 = DIRECTION('',(0.,0.,1.));
#10890 = ADVANCED_FACE('',(#10891),#10909,.F.);
#10891 = FACE_BOUND('',#10892,.F.);
#10892 = EDGE_LOOP('',(#10893,#10894,#10902,#10908));
#10893 = ORIENTED_EDGE('',*,*,#10873,.F.);
#10894 = ORIENTED_EDGE('',*,*,#10895,.T.);
#10895 = EDGE_CURVE('',#10864,#10896,#10898,.T.);
#10896 = VERTEX_POINT('',#10897);
#10897 = CARTESIAN_POINT('',(91.05,-6.E-02,0.5));
#10898 = LINE('',#10899,#10900);
#10899 = CARTESIAN_POINT('',(90.,-6.E-02,0.5));
#10900 = VECTOR('',#10901,1.);
#10901 = DIRECTION('',(1.,0.,-0.));
#10902 = ORIENTED_EDGE('',*,*,#10903,.T.);
#10903 = EDGE_CURVE('',#10896,#1929,#10904,.T.);
#10904 = LINE('',#10905,#10906);
#10905 = CARTESIAN_POINT('',(91.05,-6.E-02,0.5));
#10906 = VECTOR('',#10907,1.);
#10907 = DIRECTION('',(-0.,1.,0.));
#10908 = ORIENTED_EDGE('',*,*,#1928,.F.);
#10909 = PLANE('',#10910);
#10910 = AXIS2_PLACEMENT_3D('',#10911,#10912,#10913);
#10911 = CARTESIAN_POINT('',(90.,-6.E-02,0.5));
#10912 = DIRECTION('',(0.,0.,1.));
#10913 = DIRECTION('',(1.,0.,-0.));
#10914 = ADVANCED_FACE('',(#10915),#10933,.T.);
#10915 = FACE_BOUND('',#10916,.T.);
#10916 = EDGE_LOOP('',(#10917,#10918,#10926,#10932));
#10917 = ORIENTED_EDGE('',*,*,#10880,.F.);
#10918 = ORIENTED_EDGE('',*,*,#10919,.T.);
#10919 = EDGE_CURVE('',#10866,#10920,#10922,.T.);
#10920 = VERTEX_POINT('',#10921);
#10921 = CARTESIAN_POINT('',(91.05,-6.E-02,3.9));
#10922 = LINE('',#10923,#10924);
#10923 = CARTESIAN_POINT('',(90.,-6.E-02,3.9));
#10924 = VECTOR('',#10925,1.);
#10925 = DIRECTION('',(1.,0.,-0.));
#10926 = ORIENTED_EDGE('',*,*,#10927,.T.);
#10927 = EDGE_CURVE('',#10920,#1937,#10928,.T.);
#10928 = LINE('',#10929,#10930);
#10929 = CARTESIAN_POINT('',(91.05,-6.E-02,3.9));
#10930 = VECTOR('',#10931,1.);
#10931 = DIRECTION('',(-0.,1.,0.));
#10932 = ORIENTED_EDGE('',*,*,#1944,.F.);
#10933 = PLANE('',#10934);
#10934 = AXIS2_PLACEMENT_3D('',#10935,#10936,#10937);
#10935 = CARTESIAN_POINT('',(90.,-6.E-02,3.9));
#10936 = DIRECTION('',(0.,0.,1.));
#10937 = DIRECTION('',(1.,0.,-0.));
#10938 = ADVANCED_FACE('',(#10939),#10950,.T.);
#10939 = FACE_BOUND('',#10940,.T.);
#10940 = EDGE_LOOP('',(#10941,#10947,#10948,#10949));
#10941 = ORIENTED_EDGE('',*,*,#10942,.F.);
#10942 = EDGE_CURVE('',#10896,#10920,#10943,.T.);
#10943 = LINE('',#10944,#10945);
#10944 = CARTESIAN_POINT('',(91.05,-6.E-02,0.5));
#10945 = VECTOR('',#10946,1.);
#10946 = DIRECTION('',(0.,0.,1.));
#10947 = ORIENTED_EDGE('',*,*,#10903,.T.);
#10948 = ORIENTED_EDGE('',*,*,#1936,.T.);
#10949 = ORIENTED_EDGE('',*,*,#10927,.F.);
#10950 = PLANE('',#10951);
#10951 = AXIS2_PLACEMENT_3D('',#10952,#10953,#10954);
#10952 = CARTESIAN_POINT('',(91.05,-6.E-02,0.5));
#10953 = DIRECTION('',(1.,0.,-0.));
#10954 = DIRECTION('',(0.,0.,1.));
#10955 = ADVANCED_FACE('',(#10956),#10981,.F.);
#10956 = FACE_BOUND('',#10957,.F.);
#10957 = EDGE_LOOP('',(#10958,#10968,#10974,#10975));
#10958 = ORIENTED_EDGE('',*,*,#10959,.F.);
#10959 = EDGE_CURVE('',#10960,#10962,#10964,.T.);
#10960 = VERTEX_POINT('',#10961);
#10961 = CARTESIAN_POINT('',(91.72,-6.E-02,0.5));
#10962 = VERTEX_POINT('',#10963);
#10963 = CARTESIAN_POINT('',(91.72,-6.E-02,3.9));
#10964 = LINE('',#10965,#10966);
#10965 = CARTESIAN_POINT('',(91.72,-6.E-02,0.5));
#10966 = VECTOR('',#10967,1.);
#10967 = DIRECTION('',(0.,0.,1.));
#10968 = ORIENTED_EDGE('',*,*,#10969,.T.);
#10969 = EDGE_CURVE('',#10960,#1953,#10970,.T.);
#10970 = LINE('',#10971,#10972);
#10971 = CARTESIAN_POINT('',(91.72,-6.E-02,0.5));
#10972 = VECTOR('',#10973,1.);
#10973 = DIRECTION('',(-0.,1.,0.));
#10974 = ORIENTED_EDGE('',*,*,#1952,.T.);
#10975 = ORIENTED_EDGE('',*,*,#10976,.F.);
#10976 = EDGE_CURVE('',#10962,#1955,#10977,.T.);
#10977 = LINE('',#10978,#10979);
#10978 = CARTESIAN_POINT('',(91.72,-6.E-02,3.9));
#10979 = VECTOR('',#10980,1.);
#10980 = DIRECTION('',(-0.,1.,0.));
#10981 = PLANE('',#10982);
#10982 = AXIS2_PLACEMENT_3D('',#10983,#10984,#10985);
#10983 = CARTESIAN_POINT('',(91.72,-6.E-02,0.5));
#10984 = DIRECTION('',(1.,0.,-0.));
#10985 = DIRECTION('',(0.,0.,1.));
#10986 = ADVANCED_FACE('',(#10987),#11005,.F.);
#10987 = FACE_BOUND('',#10988,.F.);
#10988 = EDGE_LOOP('',(#10989,#10990,#10998,#11004));
#10989 = ORIENTED_EDGE('',*,*,#10969,.F.);
#10990 = ORIENTED_EDGE('',*,*,#10991,.T.);
#10991 = EDGE_CURVE('',#10960,#10992,#10994,.T.);
#10992 = VERTEX_POINT('',#10993);
#10993 = CARTESIAN_POINT('',(92.77,-6.E-02,0.5));
#10994 = LINE('',#10995,#10996);
#10995 = CARTESIAN_POINT('',(91.72,-6.E-02,0.5));
#10996 = VECTOR('',#10997,1.);
#10997 = DIRECTION('',(1.,0.,-0.));
#10998 = ORIENTED_EDGE('',*,*,#10999,.T.);
#10999 = EDGE_CURVE('',#10992,#1963,#11000,.T.);
#11000 = LINE('',#11001,#11002);
#11001 = CARTESIAN_POINT('',(92.77,-6.E-02,0.5));
#11002 = VECTOR('',#11003,1.);
#11003 = DIRECTION('',(-0.,1.,0.));
#11004 = ORIENTED_EDGE('',*,*,#1962,.F.);
#11005 = PLANE('',#11006);
#11006 = AXIS2_PLACEMENT_3D('',#11007,#11008,#11009);
#11007 = CARTESIAN_POINT('',(91.72,-6.E-02,0.5));
#11008 = DIRECTION('',(0.,0.,1.));
#11009 = DIRECTION('',(1.,0.,-0.));
#11010 = ADVANCED_FACE('',(#11011),#11029,.T.);
#11011 = FACE_BOUND('',#11012,.T.);
#11012 = EDGE_LOOP('',(#11013,#11014,#11022,#11028));
#11013 = ORIENTED_EDGE('',*,*,#10976,.F.);
#11014 = ORIENTED_EDGE('',*,*,#11015,.T.);
#11015 = EDGE_CURVE('',#10962,#11016,#11018,.T.);
#11016 = VERTEX_POINT('',#11017);
#11017 = CARTESIAN_POINT('',(92.77,-6.E-02,3.9));
#11018 = LINE('',#11019,#11020);
#11019 = CARTESIAN_POINT('',(91.72,-6.E-02,3.9));
#11020 = VECTOR('',#11021,1.);
#11021 = DIRECTION('',(1.,0.,-0.));
#11022 = ORIENTED_EDGE('',*,*,#11023,.T.);
#11023 = EDGE_CURVE('',#11016,#1971,#11024,.T.);
#11024 = LINE('',#11025,#11026);
#11025 = CARTESIAN_POINT('',(92.77,-6.E-02,3.9));
#11026 = VECTOR('',#11027,1.);
#11027 = DIRECTION('',(-0.,1.,0.));
#11028 = ORIENTED_EDGE('',*,*,#1978,.F.);
#11029 = PLANE('',#11030);
#11030 = AXIS2_PLACEMENT_3D('',#11031,#11032,#11033);
#11031 = CARTESIAN_POINT('',(91.72,-6.E-02,3.9));
#11032 = DIRECTION('',(0.,0.,1.));
#11033 = DIRECTION('',(1.,0.,-0.));
#11034 = ADVANCED_FACE('',(#11035),#11046,.T.);
#11035 = FACE_BOUND('',#11036,.T.);
#11036 = EDGE_LOOP('',(#11037,#11043,#11044,#11045));
#11037 = ORIENTED_EDGE('',*,*,#11038,.F.);
#11038 = EDGE_CURVE('',#10992,#11016,#11039,.T.);
#11039 = LINE('',#11040,#11041);
#11040 = CARTESIAN_POINT('',(92.77,-6.E-02,0.5));
#11041 = VECTOR('',#11042,1.);
#11042 = DIRECTION('',(0.,0.,1.));
#11043 = ORIENTED_EDGE('',*,*,#10999,.T.);
#11044 = ORIENTED_EDGE('',*,*,#1970,.T.);
#11045 = ORIENTED_EDGE('',*,*,#11023,.F.);
#11046 = PLANE('',#11047);
#11047 = AXIS2_PLACEMENT_3D('',#11048,#11049,#11050);
#11048 = CARTESIAN_POINT('',(92.77,-6.E-02,0.5));
#11049 = DIRECTION('',(1.,0.,-0.));
#11050 = DIRECTION('',(0.,0.,1.));
#11051 = ADVANCED_FACE('',(#11052),#11077,.F.);
#11052 = FACE_BOUND('',#11053,.F.);
#11053 = EDGE_LOOP('',(#11054,#11064,#11070,#11071));
#11054 = ORIENTED_EDGE('',*,*,#11055,.F.);
#11055 = EDGE_CURVE('',#11056,#11058,#11060,.T.);
#11056 = VERTEX_POINT('',#11057);
#11057 = CARTESIAN_POINT('',(93.44,-6.E-02,0.5));
#11058 = VERTEX_POINT('',#11059);
#11059 = CARTESIAN_POINT('',(93.44,-6.E-02,3.9));
#11060 = LINE('',#11061,#11062);
#11061 = CARTESIAN_POINT('',(93.44,-6.E-02,0.5));
#11062 = VECTOR('',#11063,1.);
#11063 = DIRECTION('',(0.,0.,1.));
#11064 = ORIENTED_EDGE('',*,*,#11065,.T.);
#11065 = EDGE_CURVE('',#11056,#1987,#11066,.T.);
#11066 = LINE('',#11067,#11068);
#11067 = CARTESIAN_POINT('',(93.44,-6.E-02,0.5));
#11068 = VECTOR('',#11069,1.);
#11069 = DIRECTION('',(-0.,1.,0.));
#11070 = ORIENTED_EDGE('',*,*,#1986,.T.);
#11071 = ORIENTED_EDGE('',*,*,#11072,.F.);
#11072 = EDGE_CURVE('',#11058,#1989,#11073,.T.);
#11073 = LINE('',#11074,#11075);
#11074 = CARTESIAN_POINT('',(93.44,-6.E-02,3.9));
#11075 = VECTOR('',#11076,1.);
#11076 = DIRECTION('',(-0.,1.,0.));
#11077 = PLANE('',#11078);
#11078 = AXIS2_PLACEMENT_3D('',#11079,#11080,#11081);
#11079 = CARTESIAN_POINT('',(93.44,-6.E-02,0.5));
#11080 = DIRECTION('',(1.,0.,-0.));
#11081 = DIRECTION('',(0.,0.,1.));
#11082 = ADVANCED_FACE('',(#11083),#11101,.F.);
#11083 = FACE_BOUND('',#11084,.F.);
#11084 = EDGE_LOOP('',(#11085,#11086,#11094,#11100));
#11085 = ORIENTED_EDGE('',*,*,#11065,.F.);
#11086 = ORIENTED_EDGE('',*,*,#11087,.T.);
#11087 = EDGE_CURVE('',#11056,#11088,#11090,.T.);
#11088 = VERTEX_POINT('',#11089);
#11089 = CARTESIAN_POINT('',(94.49,-6.E-02,0.5));
#11090 = LINE('',#11091,#11092);
#11091 = CARTESIAN_POINT('',(93.44,-6.E-02,0.5));
#11092 = VECTOR('',#11093,1.);
#11093 = DIRECTION('',(1.,0.,-0.));
#11094 = ORIENTED_EDGE('',*,*,#11095,.T.);
#11095 = EDGE_CURVE('',#11088,#1997,#11096,.T.);
#11096 = LINE('',#11097,#11098);
#11097 = CARTESIAN_POINT('',(94.49,-6.E-02,0.5));
#11098 = VECTOR('',#11099,1.);
#11099 = DIRECTION('',(-0.,1.,0.));
#11100 = ORIENTED_EDGE('',*,*,#1996,.F.);
#11101 = PLANE('',#11102);
#11102 = AXIS2_PLACEMENT_3D('',#11103,#11104,#11105);
#11103 = CARTESIAN_POINT('',(93.44,-6.E-02,0.5));
#11104 = DIRECTION('',(0.,0.,1.));
#11105 = DIRECTION('',(1.,0.,-0.));
#11106 = ADVANCED_FACE('',(#11107),#11125,.T.);
#11107 = FACE_BOUND('',#11108,.T.);
#11108 = EDGE_LOOP('',(#11109,#11110,#11118,#11124));
#11109 = ORIENTED_EDGE('',*,*,#11072,.F.);
#11110 = ORIENTED_EDGE('',*,*,#11111,.T.);
#11111 = EDGE_CURVE('',#11058,#11112,#11114,.T.);
#11112 = VERTEX_POINT('',#11113);
#11113 = CARTESIAN_POINT('',(94.49,-6.E-02,3.9));
#11114 = LINE('',#11115,#11116);
#11115 = CARTESIAN_POINT('',(93.44,-6.E-02,3.9));
#11116 = VECTOR('',#11117,1.);
#11117 = DIRECTION('',(1.,0.,-0.));
#11118 = ORIENTED_EDGE('',*,*,#11119,.T.);
#11119 = EDGE_CURVE('',#11112,#2005,#11120,.T.);
#11120 = LINE('',#11121,#11122);
#11121 = CARTESIAN_POINT('',(94.49,-6.E-02,3.9));
#11122 = VECTOR('',#11123,1.);
#11123 = DIRECTION('',(-0.,1.,0.));
#11124 = ORIENTED_EDGE('',*,*,#2012,.F.);
#11125 = PLANE('',#11126);
#11126 = AXIS2_PLACEMENT_3D('',#11127,#11128,#11129);
#11127 = CARTESIAN_POINT('',(93.44,-6.E-02,3.9));
#11128 = DIRECTION('',(0.,0.,1.));
#11129 = DIRECTION('',(1.,0.,-0.));
#11130 = ADVANCED_FACE('',(#11131),#11142,.T.);
#11131 = FACE_BOUND('',#11132,.T.);
#11132 = EDGE_LOOP('',(#11133,#11139,#11140,#11141));
#11133 = ORIENTED_EDGE('',*,*,#11134,.F.);
#11134 = EDGE_CURVE('',#11088,#11112,#11135,.T.);
#11135 = LINE('',#11136,#11137);
#11136 = CARTESIAN_POINT('',(94.49,-6.E-02,0.5));
#11137 = VECTOR('',#11138,1.);
#11138 = DIRECTION('',(0.,0.,1.));
#11139 = ORIENTED_EDGE('',*,*,#11095,.T.);
#11140 = ORIENTED_EDGE('',*,*,#2004,.T.);
#11141 = ORIENTED_EDGE('',*,*,#11119,.F.);
#11142 = PLANE('',#11143);
#11143 = AXIS2_PLACEMENT_3D('',#11144,#11145,#11146);
#11144 = CARTESIAN_POINT('',(94.49,-6.E-02,0.5));
#11145 = DIRECTION('',(1.,0.,-0.));
#11146 = DIRECTION('',(0.,0.,1.));
#11147 = ADVANCED_FACE('',(#11148),#11173,.F.);
#11148 = FACE_BOUND('',#11149,.F.);
#11149 = EDGE_LOOP('',(#11150,#11160,#11166,#11167));
#11150 = ORIENTED_EDGE('',*,*,#11151,.F.);
#11151 = EDGE_CURVE('',#11152,#11154,#11156,.T.);
#11152 = VERTEX_POINT('',#11153);
#11153 = CARTESIAN_POINT('',(95.16,-6.E-02,0.5));
#11154 = VERTEX_POINT('',#11155);
#11155 = CARTESIAN_POINT('',(95.16,-6.E-02,3.9));
#11156 = LINE('',#11157,#11158);
#11157 = CARTESIAN_POINT('',(95.16,-6.E-02,0.5));
#11158 = VECTOR('',#11159,1.);
#11159 = DIRECTION('',(0.,0.,1.));
#11160 = ORIENTED_EDGE('',*,*,#11161,.T.);
#11161 = EDGE_CURVE('',#11152,#2021,#11162,.T.);
#11162 = LINE('',#11163,#11164);
#11163 = CARTESIAN_POINT('',(95.16,-6.E-02,0.5));
#11164 = VECTOR('',#11165,1.);
#11165 = DIRECTION('',(-0.,1.,0.));
#11166 = ORIENTED_EDGE('',*,*,#2020,.T.);
#11167 = ORIENTED_EDGE('',*,*,#11168,.F.);
#11168 = EDGE_CURVE('',#11154,#2023,#11169,.T.);
#11169 = LINE('',#11170,#11171);
#11170 = CARTESIAN_POINT('',(95.16,-6.E-02,3.9));
#11171 = VECTOR('',#11172,1.);
#11172 = DIRECTION('',(-0.,1.,0.));
#11173 = PLANE('',#11174);
#11174 = AXIS2_PLACEMENT_3D('',#11175,#11176,#11177);
#11175 = CARTESIAN_POINT('',(95.16,-6.E-02,0.5));
#11176 = DIRECTION('',(1.,0.,-0.));
#11177 = DIRECTION('',(0.,0.,1.));
#11178 = ADVANCED_FACE('',(#11179),#11197,.F.);
#11179 = FACE_BOUND('',#11180,.F.);
#11180 = EDGE_LOOP('',(#11181,#11182,#11190,#11196));
#11181 = ORIENTED_EDGE('',*,*,#11161,.F.);
#11182 = ORIENTED_EDGE('',*,*,#11183,.T.);
#11183 = EDGE_CURVE('',#11152,#11184,#11186,.T.);
#11184 = VERTEX_POINT('',#11185);
#11185 = CARTESIAN_POINT('',(96.21,-6.E-02,0.5));
#11186 = LINE('',#11187,#11188);
#11187 = CARTESIAN_POINT('',(95.16,-6.E-02,0.5));
#11188 = VECTOR('',#11189,1.);
#11189 = DIRECTION('',(1.,0.,-0.));
#11190 = ORIENTED_EDGE('',*,*,#11191,.T.);
#11191 = EDGE_CURVE('',#11184,#2031,#11192,.T.);
#11192 = LINE('',#11193,#11194);
#11193 = CARTESIAN_POINT('',(96.21,-6.E-02,0.5));
#11194 = VECTOR('',#11195,1.);
#11195 = DIRECTION('',(-0.,1.,0.));
#11196 = ORIENTED_EDGE('',*,*,#2030,.F.);
#11197 = PLANE('',#11198);
#11198 = AXIS2_PLACEMENT_3D('',#11199,#11200,#11201);
#11199 = CARTESIAN_POINT('',(95.16,-6.E-02,0.5));
#11200 = DIRECTION('',(0.,0.,1.));
#11201 = DIRECTION('',(1.,0.,-0.));
#11202 = ADVANCED_FACE('',(#11203),#11221,.T.);
#11203 = FACE_BOUND('',#11204,.T.);
#11204 = EDGE_LOOP('',(#11205,#11206,#11214,#11220));
#11205 = ORIENTED_EDGE('',*,*,#11168,.F.);
#11206 = ORIENTED_EDGE('',*,*,#11207,.T.);
#11207 = EDGE_CURVE('',#11154,#11208,#11210,.T.);
#11208 = VERTEX_POINT('',#11209);
#11209 = CARTESIAN_POINT('',(96.21,-6.E-02,3.9));
#11210 = LINE('',#11211,#11212);
#11211 = CARTESIAN_POINT('',(95.16,-6.E-02,3.9));
#11212 = VECTOR('',#11213,1.);
#11213 = DIRECTION('',(1.,0.,-0.));
#11214 = ORIENTED_EDGE('',*,*,#11215,.T.);
#11215 = EDGE_CURVE('',#11208,#2039,#11216,.T.);
#11216 = LINE('',#11217,#11218);
#11217 = CARTESIAN_POINT('',(96.21,-6.E-02,3.9));
#11218 = VECTOR('',#11219,1.);
#11219 = DIRECTION('',(-0.,1.,0.));
#11220 = ORIENTED_EDGE('',*,*,#2046,.F.);
#11221 = PLANE('',#11222);
#11222 = AXIS2_PLACEMENT_3D('',#11223,#11224,#11225);
#11223 = CARTESIAN_POINT('',(95.16,-6.E-02,3.9));
#11224 = DIRECTION('',(0.,0.,1.));
#11225 = DIRECTION('',(1.,0.,-0.));
#11226 = ADVANCED_FACE('',(#11227),#11238,.T.);
#11227 = FACE_BOUND('',#11228,.T.);
#11228 = EDGE_LOOP('',(#11229,#11235,#11236,#11237));
#11229 = ORIENTED_EDGE('',*,*,#11230,.F.);
#11230 = EDGE_CURVE('',#11184,#11208,#11231,.T.);
#11231 = LINE('',#11232,#11233);
#11232 = CARTESIAN_POINT('',(96.21,-6.E-02,0.5));
#11233 = VECTOR('',#11234,1.);
#11234 = DIRECTION('',(0.,0.,1.));
#11235 = ORIENTED_EDGE('',*,*,#11191,.T.);
#11236 = ORIENTED_EDGE('',*,*,#2038,.T.);
#11237 = ORIENTED_EDGE('',*,*,#11215,.F.);
#11238 = PLANE('',#11239);
#11239 = AXIS2_PLACEMENT_3D('',#11240,#11241,#11242);
#11240 = CARTESIAN_POINT('',(96.21,-6.E-02,0.5));
#11241 = DIRECTION('',(1.,0.,-0.));
#11242 = DIRECTION('',(0.,0.,1.));
#11243 = ADVANCED_FACE('',(#11244),#11269,.F.);
#11244 = FACE_BOUND('',#11245,.F.);
#11245 = EDGE_LOOP('',(#11246,#11256,#11262,#11263));
#11246 = ORIENTED_EDGE('',*,*,#11247,.F.);
#11247 = EDGE_CURVE('',#11248,#11250,#11252,.T.);
#11248 = VERTEX_POINT('',#11249);
#11249 = CARTESIAN_POINT('',(96.88,-6.E-02,0.5));
#11250 = VERTEX_POINT('',#11251);
#11251 = CARTESIAN_POINT('',(96.88,-6.E-02,3.9));
#11252 = LINE('',#11253,#11254);
#11253 = CARTESIAN_POINT('',(96.88,-6.E-02,0.5));
#11254 = VECTOR('',#11255,1.);
#11255 = DIRECTION('',(0.,0.,1.));
#11256 = ORIENTED_EDGE('',*,*,#11257,.T.);
#11257 = EDGE_CURVE('',#11248,#2055,#11258,.T.);
#11258 = LINE('',#11259,#11260);
#11259 = CARTESIAN_POINT('',(96.88,-6.E-02,0.5));
#11260 = VECTOR('',#11261,1.);
#11261 = DIRECTION('',(-0.,1.,0.));
#11262 = ORIENTED_EDGE('',*,*,#2054,.T.);
#11263 = ORIENTED_EDGE('',*,*,#11264,.F.);
#11264 = EDGE_CURVE('',#11250,#2057,#11265,.T.);
#11265 = LINE('',#11266,#11267);
#11266 = CARTESIAN_POINT('',(96.88,-6.E-02,3.9));
#11267 = VECTOR('',#11268,1.);
#11268 = DIRECTION('',(-0.,1.,0.));
#11269 = PLANE('',#11270);
#11270 = AXIS2_PLACEMENT_3D('',#11271,#11272,#11273);
#11271 = CARTESIAN_POINT('',(96.88,-6.E-02,0.5));
#11272 = DIRECTION('',(1.,0.,-0.));
#11273 = DIRECTION('',(0.,0.,1.));
#11274 = ADVANCED_FACE('',(#11275),#11293,.F.);
#11275 = FACE_BOUND('',#11276,.F.);
#11276 = EDGE_LOOP('',(#11277,#11278,#11286,#11292));
#11277 = ORIENTED_EDGE('',*,*,#11257,.F.);
#11278 = ORIENTED_EDGE('',*,*,#11279,.T.);
#11279 = EDGE_CURVE('',#11248,#11280,#11282,.T.);
#11280 = VERTEX_POINT('',#11281);
#11281 = CARTESIAN_POINT('',(97.93,-6.E-02,0.5));
#11282 = LINE('',#11283,#11284);
#11283 = CARTESIAN_POINT('',(96.88,-6.E-02,0.5));
#11284 = VECTOR('',#11285,1.);
#11285 = DIRECTION('',(1.,0.,-0.));
#11286 = ORIENTED_EDGE('',*,*,#11287,.T.);
#11287 = EDGE_CURVE('',#11280,#2065,#11288,.T.);
#11288 = LINE('',#11289,#11290);
#11289 = CARTESIAN_POINT('',(97.93,-6.E-02,0.5));
#11290 = VECTOR('',#11291,1.);
#11291 = DIRECTION('',(-0.,1.,0.));
#11292 = ORIENTED_EDGE('',*,*,#2064,.F.);
#11293 = PLANE('',#11294);
#11294 = AXIS2_PLACEMENT_3D('',#11295,#11296,#11297);
#11295 = CARTESIAN_POINT('',(96.88,-6.E-02,0.5));
#11296 = DIRECTION('',(0.,0.,1.));
#11297 = DIRECTION('',(1.,0.,-0.));
#11298 = ADVANCED_FACE('',(#11299),#11317,.T.);
#11299 = FACE_BOUND('',#11300,.T.);
#11300 = EDGE_LOOP('',(#11301,#11302,#11310,#11316));
#11301 = ORIENTED_EDGE('',*,*,#11264,.F.);
#11302 = ORIENTED_EDGE('',*,*,#11303,.T.);
#11303 = EDGE_CURVE('',#11250,#11304,#11306,.T.);
#11304 = VERTEX_POINT('',#11305);
#11305 = CARTESIAN_POINT('',(97.93,-6.E-02,3.9));
#11306 = LINE('',#11307,#11308);
#11307 = CARTESIAN_POINT('',(96.88,-6.E-02,3.9));
#11308 = VECTOR('',#11309,1.);
#11309 = DIRECTION('',(1.,0.,-0.));
#11310 = ORIENTED_EDGE('',*,*,#11311,.T.);
#11311 = EDGE_CURVE('',#11304,#2073,#11312,.T.);
#11312 = LINE('',#11313,#11314);
#11313 = CARTESIAN_POINT('',(97.93,-6.E-02,3.9));
#11314 = VECTOR('',#11315,1.);
#11315 = DIRECTION('',(-0.,1.,0.));
#11316 = ORIENTED_EDGE('',*,*,#2080,.F.);
#11317 = PLANE('',#11318);
#11318 = AXIS2_PLACEMENT_3D('',#11319,#11320,#11321);
#11319 = CARTESIAN_POINT('',(96.88,-6.E-02,3.9));
#11320 = DIRECTION('',(0.,0.,1.));
#11321 = DIRECTION('',(1.,0.,-0.));
#11322 = ADVANCED_FACE('',(#11323),#11334,.T.);
#11323 = FACE_BOUND('',#11324,.T.);
#11324 = EDGE_LOOP('',(#11325,#11331,#11332,#11333));
#11325 = ORIENTED_EDGE('',*,*,#11326,.F.);
#11326 = EDGE_CURVE('',#11280,#11304,#11327,.T.);
#11327 = LINE('',#11328,#11329);
#11328 = CARTESIAN_POINT('',(97.93,-6.E-02,0.5));
#11329 = VECTOR('',#11330,1.);
#11330 = DIRECTION('',(0.,0.,1.));
#11331 = ORIENTED_EDGE('',*,*,#11287,.T.);
#11332 = ORIENTED_EDGE('',*,*,#2072,.T.);
#11333 = ORIENTED_EDGE('',*,*,#11311,.F.);
#11334 = PLANE('',#11335);
#11335 = AXIS2_PLACEMENT_3D('',#11336,#11337,#11338);
#11336 = CARTESIAN_POINT('',(97.93,-6.E-02,0.5));
#11337 = DIRECTION('',(1.,0.,-0.));
#11338 = DIRECTION('',(0.,0.,1.));
#11339 = ADVANCED_FACE('',(#11340),#11365,.F.);
#11340 = FACE_BOUND('',#11341,.F.);
#11341 = EDGE_LOOP('',(#11342,#11352,#11358,#11359));
#11342 = ORIENTED_EDGE('',*,*,#11343,.F.);
#11343 = EDGE_CURVE('',#11344,#11346,#11348,.T.);
#11344 = VERTEX_POINT('',#11345);
#11345 = CARTESIAN_POINT('',(98.6,-6.E-02,0.5));
#11346 = VERTEX_POINT('',#11347);
#11347 = CARTESIAN_POINT('',(98.6,-6.E-02,3.9));
#11348 = LINE('',#11349,#11350);
#11349 = CARTESIAN_POINT('',(98.6,-6.E-02,0.5));
#11350 = VECTOR('',#11351,1.);
#11351 = DIRECTION('',(0.,0.,1.));
#11352 = ORIENTED_EDGE('',*,*,#11353,.T.);
#11353 = EDGE_CURVE('',#11344,#2089,#11354,.T.);
#11354 = LINE('',#11355,#11356);
#11355 = CARTESIAN_POINT('',(98.6,-6.E-02,0.5));
#11356 = VECTOR('',#11357,1.);
#11357 = DIRECTION('',(-0.,1.,0.));
#11358 = ORIENTED_EDGE('',*,*,#2088,.T.);
#11359 = ORIENTED_EDGE('',*,*,#11360,.F.);
#11360 = EDGE_CURVE('',#11346,#2091,#11361,.T.);
#11361 = LINE('',#11362,#11363);
#11362 = CARTESIAN_POINT('',(98.6,-6.E-02,3.9));
#11363 = VECTOR('',#11364,1.);
#11364 = DIRECTION('',(-0.,1.,0.));
#11365 = PLANE('',#11366);
#11366 = AXIS2_PLACEMENT_3D('',#11367,#11368,#11369);
#11367 = CARTESIAN_POINT('',(98.6,-6.E-02,0.5));
#11368 = DIRECTION('',(1.,0.,-0.));
#11369 = DIRECTION('',(0.,0.,1.));
#11370 = ADVANCED_FACE('',(#11371),#11389,.F.);
#11371 = FACE_BOUND('',#11372,.F.);
#11372 = EDGE_LOOP('',(#11373,#11374,#11382,#11388));
#11373 = ORIENTED_EDGE('',*,*,#11353,.F.);
#11374 = ORIENTED_EDGE('',*,*,#11375,.T.);
#11375 = EDGE_CURVE('',#11344,#11376,#11378,.T.);
#11376 = VERTEX_POINT('',#11377);
#11377 = CARTESIAN_POINT('',(99.65,-6.E-02,0.5));
#11378 = LINE('',#11379,#11380);
#11379 = CARTESIAN_POINT('',(98.6,-6.E-02,0.5));
#11380 = VECTOR('',#11381,1.);
#11381 = DIRECTION('',(1.,0.,-0.));
#11382 = ORIENTED_EDGE('',*,*,#11383,.T.);
#11383 = EDGE_CURVE('',#11376,#2099,#11384,.T.);
#11384 = LINE('',#11385,#11386);
#11385 = CARTESIAN_POINT('',(99.65,-6.E-02,0.5));
#11386 = VECTOR('',#11387,1.);
#11387 = DIRECTION('',(-0.,1.,0.));
#11388 = ORIENTED_EDGE('',*,*,#2098,.F.);
#11389 = PLANE('',#11390);
#11390 = AXIS2_PLACEMENT_3D('',#11391,#11392,#11393);
#11391 = CARTESIAN_POINT('',(98.6,-6.E-02,0.5));
#11392 = DIRECTION('',(0.,0.,1.));
#11393 = DIRECTION('',(1.,0.,-0.));
#11394 = ADVANCED_FACE('',(#11395),#11413,.T.);
#11395 = FACE_BOUND('',#11396,.T.);
#11396 = EDGE_LOOP('',(#11397,#11398,#11406,#11412));
#11397 = ORIENTED_EDGE('',*,*,#11360,.F.);
#11398 = ORIENTED_EDGE('',*,*,#11399,.T.);
#11399 = EDGE_CURVE('',#11346,#11400,#11402,.T.);
#11400 = VERTEX_POINT('',#11401);
#11401 = CARTESIAN_POINT('',(99.65,-6.E-02,3.9));
#11402 = LINE('',#11403,#11404);
#11403 = CARTESIAN_POINT('',(98.6,-6.E-02,3.9));
#11404 = VECTOR('',#11405,1.);
#11405 = DIRECTION('',(1.,0.,-0.));
#11406 = ORIENTED_EDGE('',*,*,#11407,.T.);
#11407 = EDGE_CURVE('',#11400,#2107,#11408,.T.);
#11408 = LINE('',#11409,#11410);
#11409 = CARTESIAN_POINT('',(99.65,-6.E-02,3.9));
#11410 = VECTOR('',#11411,1.);
#11411 = DIRECTION('',(-0.,1.,0.));
#11412 = ORIENTED_EDGE('',*,*,#2114,.F.);
#11413 = PLANE('',#11414);
#11414 = AXIS2_PLACEMENT_3D('',#11415,#11416,#11417);
#11415 = CARTESIAN_POINT('',(98.6,-6.E-02,3.9));
#11416 = DIRECTION('',(0.,0.,1.));
#11417 = DIRECTION('',(1.,0.,-0.));
#11418 = ADVANCED_FACE('',(#11419),#11430,.T.);
#11419 = FACE_BOUND('',#11420,.T.);
#11420 = EDGE_LOOP('',(#11421,#11427,#11428,#11429));
#11421 = ORIENTED_EDGE('',*,*,#11422,.F.);
#11422 = EDGE_CURVE('',#11376,#11400,#11423,.T.);
#11423 = LINE('',#11424,#11425);
#11424 = CARTESIAN_POINT('',(99.65,-6.E-02,0.5));
#11425 = VECTOR('',#11426,1.);
#11426 = DIRECTION('',(0.,0.,1.));
#11427 = ORIENTED_EDGE('',*,*,#11383,.T.);
#11428 = ORIENTED_EDGE('',*,*,#2106,.T.);
#11429 = ORIENTED_EDGE('',*,*,#11407,.F.);
#11430 = PLANE('',#11431);
#11431 = AXIS2_PLACEMENT_3D('',#11432,#11433,#11434);
#11432 = CARTESIAN_POINT('',(99.65,-6.E-02,0.5));
#11433 = DIRECTION('',(1.,0.,-0.));
#11434 = DIRECTION('',(0.,0.,1.));
#11435 = ADVANCED_FACE('',(#11436),#11461,.F.);
#11436 = FACE_BOUND('',#11437,.F.);
#11437 = EDGE_LOOP('',(#11438,#11448,#11454,#11455));
#11438 = ORIENTED_EDGE('',*,*,#11439,.F.);
#11439 = EDGE_CURVE('',#11440,#11442,#11444,.T.);
#11440 = VERTEX_POINT('',#11441);
#11441 = CARTESIAN_POINT('',(100.32,-6.E-02,0.5));
#11442 = VERTEX_POINT('',#11443);
#11443 = CARTESIAN_POINT('',(100.32,-6.E-02,3.9));
#11444 = LINE('',#11445,#11446);
#11445 = CARTESIAN_POINT('',(100.32,-6.E-02,0.5));
#11446 = VECTOR('',#11447,1.);
#11447 = DIRECTION('',(0.,0.,1.));
#11448 = ORIENTED_EDGE('',*,*,#11449,.T.);
#11449 = EDGE_CURVE('',#11440,#2123,#11450,.T.);
#11450 = LINE('',#11451,#11452);
#11451 = CARTESIAN_POINT('',(100.32,-6.E-02,0.5));
#11452 = VECTOR('',#11453,1.);
#11453 = DIRECTION('',(-0.,1.,0.));
#11454 = ORIENTED_EDGE('',*,*,#2122,.T.);
#11455 = ORIENTED_EDGE('',*,*,#11456,.F.);
#11456 = EDGE_CURVE('',#11442,#2125,#11457,.T.);
#11457 = LINE('',#11458,#11459);
#11458 = CARTESIAN_POINT('',(100.32,-6.E-02,3.9));
#11459 = VECTOR('',#11460,1.);
#11460 = DIRECTION('',(-0.,1.,0.));
#11461 = PLANE('',#11462);
#11462 = AXIS2_PLACEMENT_3D('',#11463,#11464,#11465);
#11463 = CARTESIAN_POINT('',(100.32,-6.E-02,0.5));
#11464 = DIRECTION('',(1.,0.,-0.));
#11465 = DIRECTION('',(0.,0.,1.));
#11466 = ADVANCED_FACE('',(#11467),#11485,.F.);
#11467 = FACE_BOUND('',#11468,.F.);
#11468 = EDGE_LOOP('',(#11469,#11470,#11478,#11484));
#11469 = ORIENTED_EDGE('',*,*,#11449,.F.);
#11470 = ORIENTED_EDGE('',*,*,#11471,.T.);
#11471 = EDGE_CURVE('',#11440,#11472,#11474,.T.);
#11472 = VERTEX_POINT('',#11473);
#11473 = CARTESIAN_POINT('',(101.37,-6.E-02,0.5));
#11474 = LINE('',#11475,#11476);
#11475 = CARTESIAN_POINT('',(100.32,-6.E-02,0.5));
#11476 = VECTOR('',#11477,1.);
#11477 = DIRECTION('',(1.,0.,-0.));
#11478 = ORIENTED_EDGE('',*,*,#11479,.T.);
#11479 = EDGE_CURVE('',#11472,#2133,#11480,.T.);
#11480 = LINE('',#11481,#11482);
#11481 = CARTESIAN_POINT('',(101.37,-6.E-02,0.5));
#11482 = VECTOR('',#11483,1.);
#11483 = DIRECTION('',(-0.,1.,0.));
#11484 = ORIENTED_EDGE('',*,*,#2132,.F.);
#11485 = PLANE('',#11486);
#11486 = AXIS2_PLACEMENT_3D('',#11487,#11488,#11489);
#11487 = CARTESIAN_POINT('',(100.32,-6.E-02,0.5));
#11488 = DIRECTION('',(0.,0.,1.));
#11489 = DIRECTION('',(1.,0.,-0.));
#11490 = ADVANCED_FACE('',(#11491),#11509,.T.);
#11491 = FACE_BOUND('',#11492,.T.);
#11492 = EDGE_LOOP('',(#11493,#11494,#11502,#11508));
#11493 = ORIENTED_EDGE('',*,*,#11456,.F.);
#11494 = ORIENTED_EDGE('',*,*,#11495,.T.);
#11495 = EDGE_CURVE('',#11442,#11496,#11498,.T.);
#11496 = VERTEX_POINT('',#11497);
#11497 = CARTESIAN_POINT('',(101.37,-6.E-02,3.9));
#11498 = LINE('',#11499,#11500);
#11499 = CARTESIAN_POINT('',(100.32,-6.E-02,3.9));
#11500 = VECTOR('',#11501,1.);
#11501 = DIRECTION('',(1.,0.,-0.));
#11502 = ORIENTED_EDGE('',*,*,#11503,.T.);
#11503 = EDGE_CURVE('',#11496,#2141,#11504,.T.);
#11504 = LINE('',#11505,#11506);
#11505 = CARTESIAN_POINT('',(101.37,-6.E-02,3.9));
#11506 = VECTOR('',#11507,1.);
#11507 = DIRECTION('',(-0.,1.,0.));
#11508 = ORIENTED_EDGE('',*,*,#2148,.F.);
#11509 = PLANE('',#11510);
#11510 = AXIS2_PLACEMENT_3D('',#11511,#11512,#11513);
#11511 = CARTESIAN_POINT('',(100.32,-6.E-02,3.9));
#11512 = DIRECTION('',(0.,0.,1.));
#11513 = DIRECTION('',(1.,0.,-0.));
#11514 = ADVANCED_FACE('',(#11515),#11526,.T.);
#11515 = FACE_BOUND('',#11516,.T.);
#11516 = EDGE_LOOP('',(#11517,#11523,#11524,#11525));
#11517 = ORIENTED_EDGE('',*,*,#11518,.F.);
#11518 = EDGE_CURVE('',#11472,#11496,#11519,.T.);
#11519 = LINE('',#11520,#11521);
#11520 = CARTESIAN_POINT('',(101.37,-6.E-02,0.5));
#11521 = VECTOR('',#11522,1.);
#11522 = DIRECTION('',(0.,0.,1.));
#11523 = ORIENTED_EDGE('',*,*,#11479,.T.);
#11524 = ORIENTED_EDGE('',*,*,#2140,.T.);
#11525 = ORIENTED_EDGE('',*,*,#11503,.F.);
#11526 = PLANE('',#11527);
#11527 = AXIS2_PLACEMENT_3D('',#11528,#11529,#11530);
#11528 = CARTESIAN_POINT('',(101.37,-6.E-02,0.5));
#11529 = DIRECTION('',(1.,0.,-0.));
#11530 = DIRECTION('',(0.,0.,1.));
#11531 = ADVANCED_FACE('',(#11532),#11557,.F.);
#11532 = FACE_BOUND('',#11533,.F.);
#11533 = EDGE_LOOP('',(#11534,#11544,#11550,#11551));
#11534 = ORIENTED_EDGE('',*,*,#11535,.F.);
#11535 = EDGE_CURVE('',#11536,#11538,#11540,.T.);
#11536 = VERTEX_POINT('',#11537);
#11537 = CARTESIAN_POINT('',(102.04,-6.E-02,0.5));
#11538 = VERTEX_POINT('',#11539);
#11539 = CARTESIAN_POINT('',(102.04,-6.E-02,3.9));
#11540 = LINE('',#11541,#11542);
#11541 = CARTESIAN_POINT('',(102.04,-6.E-02,0.5));
#11542 = VECTOR('',#11543,1.);
#11543 = DIRECTION('',(0.,0.,1.));
#11544 = ORIENTED_EDGE('',*,*,#11545,.T.);
#11545 = EDGE_CURVE('',#11536,#2157,#11546,.T.);
#11546 = LINE('',#11547,#11548);
#11547 = CARTESIAN_POINT('',(102.04,-6.E-02,0.5));
#11548 = VECTOR('',#11549,1.);
#11549 = DIRECTION('',(-0.,1.,0.));
#11550 = ORIENTED_EDGE('',*,*,#2156,.T.);
#11551 = ORIENTED_EDGE('',*,*,#11552,.F.);
#11552 = EDGE_CURVE('',#11538,#2159,#11553,.T.);
#11553 = LINE('',#11554,#11555);
#11554 = CARTESIAN_POINT('',(102.04,-6.E-02,3.9));
#11555 = VECTOR('',#11556,1.);
#11556 = DIRECTION('',(-0.,1.,0.));
#11557 = PLANE('',#11558);
#11558 = AXIS2_PLACEMENT_3D('',#11559,#11560,#11561);
#11559 = CARTESIAN_POINT('',(102.04,-6.E-02,0.5));
#11560 = DIRECTION('',(1.,0.,-0.));
#11561 = DIRECTION('',(0.,0.,1.));
#11562 = ADVANCED_FACE('',(#11563),#11581,.F.);
#11563 = FACE_BOUND('',#11564,.F.);
#11564 = EDGE_LOOP('',(#11565,#11566,#11574,#11580));
#11565 = ORIENTED_EDGE('',*,*,#11545,.F.);
#11566 = ORIENTED_EDGE('',*,*,#11567,.T.);
#11567 = EDGE_CURVE('',#11536,#11568,#11570,.T.);
#11568 = VERTEX_POINT('',#11569);
#11569 = CARTESIAN_POINT('',(103.09,-6.E-02,0.5));
#11570 = LINE('',#11571,#11572);
#11571 = CARTESIAN_POINT('',(102.04,-6.E-02,0.5));
#11572 = VECTOR('',#11573,1.);
#11573 = DIRECTION('',(1.,0.,-0.));
#11574 = ORIENTED_EDGE('',*,*,#11575,.T.);
#11575 = EDGE_CURVE('',#11568,#2167,#11576,.T.);
#11576 = LINE('',#11577,#11578);
#11577 = CARTESIAN_POINT('',(103.09,-6.E-02,0.5));
#11578 = VECTOR('',#11579,1.);
#11579 = DIRECTION('',(-0.,1.,0.));
#11580 = ORIENTED_EDGE('',*,*,#2166,.F.);
#11581 = PLANE('',#11582);
#11582 = AXIS2_PLACEMENT_3D('',#11583,#11584,#11585);
#11583 = CARTESIAN_POINT('',(102.04,-6.E-02,0.5));
#11584 = DIRECTION('',(0.,0.,1.));
#11585 = DIRECTION('',(1.,0.,-0.));
#11586 = ADVANCED_FACE('',(#11587),#11605,.T.);
#11587 = FACE_BOUND('',#11588,.T.);
#11588 = EDGE_LOOP('',(#11589,#11590,#11598,#11604));
#11589 = ORIENTED_EDGE('',*,*,#11552,.F.);
#11590 = ORIENTED_EDGE('',*,*,#11591,.T.);
#11591 = EDGE_CURVE('',#11538,#11592,#11594,.T.);
#11592 = VERTEX_POINT('',#11593);
#11593 = CARTESIAN_POINT('',(103.09,-6.E-02,3.9));
#11594 = LINE('',#11595,#11596);
#11595 = CARTESIAN_POINT('',(102.04,-6.E-02,3.9));
#11596 = VECTOR('',#11597,1.);
#11597 = DIRECTION('',(1.,0.,-0.));
#11598 = ORIENTED_EDGE('',*,*,#11599,.T.);
#11599 = EDGE_CURVE('',#11592,#2175,#11600,.T.);
#11600 = LINE('',#11601,#11602);
#11601 = CARTESIAN_POINT('',(103.09,-6.E-02,3.9));
#11602 = VECTOR('',#11603,1.);
#11603 = DIRECTION('',(-0.,1.,0.));
#11604 = ORIENTED_EDGE('',*,*,#2182,.F.);
#11605 = PLANE('',#11606);
#11606 = AXIS2_PLACEMENT_3D('',#11607,#11608,#11609);
#11607 = CARTESIAN_POINT('',(102.04,-6.E-02,3.9));
#11608 = DIRECTION('',(0.,0.,1.));
#11609 = DIRECTION('',(1.,0.,-0.));
#11610 = ADVANCED_FACE('',(#11611),#11622,.T.);
#11611 = FACE_BOUND('',#11612,.T.);
#11612 = EDGE_LOOP('',(#11613,#11619,#11620,#11621));
#11613 = ORIENTED_EDGE('',*,*,#11614,.F.);
#11614 = EDGE_CURVE('',#11568,#11592,#11615,.T.);
#11615 = LINE('',#11616,#11617);
#11616 = CARTESIAN_POINT('',(103.09,-6.E-02,0.5));
#11617 = VECTOR('',#11618,1.);
#11618 = DIRECTION('',(0.,0.,1.));
#11619 = ORIENTED_EDGE('',*,*,#11575,.T.);
#11620 = ORIENTED_EDGE('',*,*,#2174,.T.);
#11621 = ORIENTED_EDGE('',*,*,#11599,.F.);
#11622 = PLANE('',#11623);
#11623 = AXIS2_PLACEMENT_3D('',#11624,#11625,#11626);
#11624 = CARTESIAN_POINT('',(103.09,-6.E-02,0.5));
#11625 = DIRECTION('',(1.,0.,-0.));
#11626 = DIRECTION('',(0.,0.,1.));
#11627 = ADVANCED_FACE('',(#11628),#11653,.F.);
#11628 = FACE_BOUND('',#11629,.F.);
#11629 = EDGE_LOOP('',(#11630,#11640,#11646,#11647));
#11630 = ORIENTED_EDGE('',*,*,#11631,.F.);
#11631 = EDGE_CURVE('',#11632,#11634,#11636,.T.);
#11632 = VERTEX_POINT('',#11633);
#11633 = CARTESIAN_POINT('',(103.76,-6.E-02,0.5));
#11634 = VERTEX_POINT('',#11635);
#11635 = CARTESIAN_POINT('',(103.76,-6.E-02,3.9));
#11636 = LINE('',#11637,#11638);
#11637 = CARTESIAN_POINT('',(103.76,-6.E-02,0.5));
#11638 = VECTOR('',#11639,1.);
#11639 = DIRECTION('',(0.,0.,1.));
#11640 = ORIENTED_EDGE('',*,*,#11641,.T.);
#11641 = EDGE_CURVE('',#11632,#2191,#11642,.T.);
#11642 = LINE('',#11643,#11644);
#11643 = CARTESIAN_POINT('',(103.76,-6.E-02,0.5));
#11644 = VECTOR('',#11645,1.);
#11645 = DIRECTION('',(-0.,1.,0.));
#11646 = ORIENTED_EDGE('',*,*,#2190,.T.);
#11647 = ORIENTED_EDGE('',*,*,#11648,.F.);
#11648 = EDGE_CURVE('',#11634,#2193,#11649,.T.);
#11649 = LINE('',#11650,#11651);
#11650 = CARTESIAN_POINT('',(103.76,-6.E-02,3.9));
#11651 = VECTOR('',#11652,1.);
#11652 = DIRECTION('',(-0.,1.,0.));
#11653 = PLANE('',#11654);
#11654 = AXIS2_PLACEMENT_3D('',#11655,#11656,#11657);
#11655 = CARTESIAN_POINT('',(103.76,-6.E-02,0.5));
#11656 = DIRECTION('',(1.,0.,-0.));
#11657 = DIRECTION('',(0.,0.,1.));
#11658 = ADVANCED_FACE('',(#11659),#11677,.F.);
#11659 = FACE_BOUND('',#11660,.F.);
#11660 = EDGE_LOOP('',(#11661,#11662,#11670,#11676));
#11661 = ORIENTED_EDGE('',*,*,#11641,.F.);
#11662 = ORIENTED_EDGE('',*,*,#11663,.T.);
#11663 = EDGE_CURVE('',#11632,#11664,#11666,.T.);
#11664 = VERTEX_POINT('',#11665);
#11665 = CARTESIAN_POINT('',(104.81,-6.E-02,0.5));
#11666 = LINE('',#11667,#11668);
#11667 = CARTESIAN_POINT('',(103.76,-6.E-02,0.5));
#11668 = VECTOR('',#11669,1.);
#11669 = DIRECTION('',(1.,0.,-0.));
#11670 = ORIENTED_EDGE('',*,*,#11671,.T.);
#11671 = EDGE_CURVE('',#11664,#2201,#11672,.T.);
#11672 = LINE('',#11673,#11674);
#11673 = CARTESIAN_POINT('',(104.81,-6.E-02,0.5));
#11674 = VECTOR('',#11675,1.);
#11675 = DIRECTION('',(-0.,1.,0.));
#11676 = ORIENTED_EDGE('',*,*,#2200,.F.);
#11677 = PLANE('',#11678);
#11678 = AXIS2_PLACEMENT_3D('',#11679,#11680,#11681);
#11679 = CARTESIAN_POINT('',(103.76,-6.E-02,0.5));
#11680 = DIRECTION('',(0.,0.,1.));
#11681 = DIRECTION('',(1.,0.,-0.));
#11682 = ADVANCED_FACE('',(#11683),#11701,.T.);
#11683 = FACE_BOUND('',#11684,.T.);
#11684 = EDGE_LOOP('',(#11685,#11686,#11694,#11700));
#11685 = ORIENTED_EDGE('',*,*,#11648,.F.);
#11686 = ORIENTED_EDGE('',*,*,#11687,.T.);
#11687 = EDGE_CURVE('',#11634,#11688,#11690,.T.);
#11688 = VERTEX_POINT('',#11689);
#11689 = CARTESIAN_POINT('',(104.81,-6.E-02,3.9));
#11690 = LINE('',#11691,#11692);
#11691 = CARTESIAN_POINT('',(103.76,-6.E-02,3.9));
#11692 = VECTOR('',#11693,1.);
#11693 = DIRECTION('',(1.,0.,-0.));
#11694 = ORIENTED_EDGE('',*,*,#11695,.T.);
#11695 = EDGE_CURVE('',#11688,#2209,#11696,.T.);
#11696 = LINE('',#11697,#11698);
#11697 = CARTESIAN_POINT('',(104.81,-6.E-02,3.9));
#11698 = VECTOR('',#11699,1.);
#11699 = DIRECTION('',(-0.,1.,0.));
#11700 = ORIENTED_EDGE('',*,*,#2216,.F.);
#11701 = PLANE('',#11702);
#11702 = AXIS2_PLACEMENT_3D('',#11703,#11704,#11705);
#11703 = CARTESIAN_POINT('',(103.76,-6.E-02,3.9));
#11704 = DIRECTION('',(0.,0.,1.));
#11705 = DIRECTION('',(1.,0.,-0.));
#11706 = ADVANCED_FACE('',(#11707),#11718,.T.);
#11707 = FACE_BOUND('',#11708,.T.);
#11708 = EDGE_LOOP('',(#11709,#11715,#11716,#11717));
#11709 = ORIENTED_EDGE('',*,*,#11710,.F.);
#11710 = EDGE_CURVE('',#11664,#11688,#11711,.T.);
#11711 = LINE('',#11712,#11713);
#11712 = CARTESIAN_POINT('',(104.81,-6.E-02,0.5));
#11713 = VECTOR('',#11714,1.);
#11714 = DIRECTION('',(0.,0.,1.));
#11715 = ORIENTED_EDGE('',*,*,#11671,.T.);
#11716 = ORIENTED_EDGE('',*,*,#2208,.T.);
#11717 = ORIENTED_EDGE('',*,*,#11695,.F.);
#11718 = PLANE('',#11719);
#11719 = AXIS2_PLACEMENT_3D('',#11720,#11721,#11722);
#11720 = CARTESIAN_POINT('',(104.81,-6.E-02,0.5));
#11721 = DIRECTION('',(1.,0.,-0.));
#11722 = DIRECTION('',(0.,0.,1.));
#11723 = ADVANCED_FACE('',(#11724),#11749,.F.);
#11724 = FACE_BOUND('',#11725,.F.);
#11725 = EDGE_LOOP('',(#11726,#11736,#11742,#11743));
#11726 = ORIENTED_EDGE('',*,*,#11727,.F.);
#11727 = EDGE_CURVE('',#11728,#11730,#11732,.T.);
#11728 = VERTEX_POINT('',#11729);
#11729 = CARTESIAN_POINT('',(105.48,-6.E-02,0.5));
#11730 = VERTEX_POINT('',#11731);
#11731 = CARTESIAN_POINT('',(105.48,-6.E-02,3.9));
#11732 = LINE('',#11733,#11734);
#11733 = CARTESIAN_POINT('',(105.48,-6.E-02,0.5));
#11734 = VECTOR('',#11735,1.);
#11735 = DIRECTION('',(0.,0.,1.));
#11736 = ORIENTED_EDGE('',*,*,#11737,.T.);
#11737 = EDGE_CURVE('',#11728,#2225,#11738,.T.);
#11738 = LINE('',#11739,#11740);
#11739 = CARTESIAN_POINT('',(105.48,-6.E-02,0.5));
#11740 = VECTOR('',#11741,1.);
#11741 = DIRECTION('',(-0.,1.,0.));
#11742 = ORIENTED_EDGE('',*,*,#2224,.T.);
#11743 = ORIENTED_EDGE('',*,*,#11744,.F.);
#11744 = EDGE_CURVE('',#11730,#2227,#11745,.T.);
#11745 = LINE('',#11746,#11747);
#11746 = CARTESIAN_POINT('',(105.48,-6.E-02,3.9));
#11747 = VECTOR('',#11748,1.);
#11748 = DIRECTION('',(-0.,1.,0.));
#11749 = PLANE('',#11750);
#11750 = AXIS2_PLACEMENT_3D('',#11751,#11752,#11753);
#11751 = CARTESIAN_POINT('',(105.48,-6.E-02,0.5));
#11752 = DIRECTION('',(1.,0.,-0.));
#11753 = DIRECTION('',(0.,0.,1.));
#11754 = ADVANCED_FACE('',(#11755),#11773,.F.);
#11755 = FACE_BOUND('',#11756,.F.);
#11756 = EDGE_LOOP('',(#11757,#11758,#11766,#11772));
#11757 = ORIENTED_EDGE('',*,*,#11737,.F.);
#11758 = ORIENTED_EDGE('',*,*,#11759,.T.);
#11759 = EDGE_CURVE('',#11728,#11760,#11762,.T.);
#11760 = VERTEX_POINT('',#11761);
#11761 = CARTESIAN_POINT('',(106.53,-6.E-02,0.5));
#11762 = LINE('',#11763,#11764);
#11763 = CARTESIAN_POINT('',(105.48,-6.E-02,0.5));
#11764 = VECTOR('',#11765,1.);
#11765 = DIRECTION('',(1.,0.,-0.));
#11766 = ORIENTED_EDGE('',*,*,#11767,.T.);
#11767 = EDGE_CURVE('',#11760,#2235,#11768,.T.);
#11768 = LINE('',#11769,#11770);
#11769 = CARTESIAN_POINT('',(106.53,-6.E-02,0.5));
#11770 = VECTOR('',#11771,1.);
#11771 = DIRECTION('',(-0.,1.,0.));
#11772 = ORIENTED_EDGE('',*,*,#2234,.F.);
#11773 = PLANE('',#11774);
#11774 = AXIS2_PLACEMENT_3D('',#11775,#11776,#11777);
#11775 = CARTESIAN_POINT('',(105.48,-6.E-02,0.5));
#11776 = DIRECTION('',(0.,0.,1.));
#11777 = DIRECTION('',(1.,0.,-0.));
#11778 = ADVANCED_FACE('',(#11779),#11797,.T.);
#11779 = FACE_BOUND('',#11780,.T.);
#11780 = EDGE_LOOP('',(#11781,#11782,#11790,#11796));
#11781 = ORIENTED_EDGE('',*,*,#11744,.F.);
#11782 = ORIENTED_EDGE('',*,*,#11783,.T.);
#11783 = EDGE_CURVE('',#11730,#11784,#11786,.T.);
#11784 = VERTEX_POINT('',#11785);
#11785 = CARTESIAN_POINT('',(106.53,-6.E-02,3.9));
#11786 = LINE('',#11787,#11788);
#11787 = CARTESIAN_POINT('',(105.48,-6.E-02,3.9));
#11788 = VECTOR('',#11789,1.);
#11789 = DIRECTION('',(1.,0.,-0.));
#11790 = ORIENTED_EDGE('',*,*,#11791,.T.);
#11791 = EDGE_CURVE('',#11784,#2243,#11792,.T.);
#11792 = LINE('',#11793,#11794);
#11793 = CARTESIAN_POINT('',(106.53,-6.E-02,3.9));
#11794 = VECTOR('',#11795,1.);
#11795 = DIRECTION('',(-0.,1.,0.));
#11796 = ORIENTED_EDGE('',*,*,#2250,.F.);
#11797 = PLANE('',#11798);
#11798 = AXIS2_PLACEMENT_3D('',#11799,#11800,#11801);
#11799 = CARTESIAN_POINT('',(105.48,-6.E-02,3.9));
#11800 = DIRECTION('',(0.,0.,1.));
#11801 = DIRECTION('',(1.,0.,-0.));
#11802 = ADVANCED_FACE('',(#11803),#11814,.T.);
#11803 = FACE_BOUND('',#11804,.T.);
#11804 = EDGE_LOOP('',(#11805,#11811,#11812,#11813));
#11805 = ORIENTED_EDGE('',*,*,#11806,.F.);
#11806 = EDGE_CURVE('',#11760,#11784,#11807,.T.);
#11807 = LINE('',#11808,#11809);
#11808 = CARTESIAN_POINT('',(106.53,-6.E-02,0.5));
#11809 = VECTOR('',#11810,1.);
#11810 = DIRECTION('',(0.,0.,1.));
#11811 = ORIENTED_EDGE('',*,*,#11767,.T.);
#11812 = ORIENTED_EDGE('',*,*,#2242,.T.);
#11813 = ORIENTED_EDGE('',*,*,#11791,.F.);
#11814 = PLANE('',#11815);
#11815 = AXIS2_PLACEMENT_3D('',#11816,#11817,#11818);
#11816 = CARTESIAN_POINT('',(106.53,-6.E-02,0.5));
#11817 = DIRECTION('',(1.,0.,-0.));
#11818 = DIRECTION('',(0.,0.,1.));
#11819 = ADVANCED_FACE('',(#11820),#11845,.F.);
#11820 = FACE_BOUND('',#11821,.F.);
#11821 = EDGE_LOOP('',(#11822,#11832,#11838,#11839));
#11822 = ORIENTED_EDGE('',*,*,#11823,.F.);
#11823 = EDGE_CURVE('',#11824,#11826,#11828,.T.);
#11824 = VERTEX_POINT('',#11825);
#11825 = CARTESIAN_POINT('',(107.2,-6.E-02,0.5));
#11826 = VERTEX_POINT('',#11827);
#11827 = CARTESIAN_POINT('',(107.2,-6.E-02,3.9));
#11828 = LINE('',#11829,#11830);
#11829 = CARTESIAN_POINT('',(107.2,-6.E-02,0.5));
#11830 = VECTOR('',#11831,1.);
#11831 = DIRECTION('',(0.,0.,1.));
#11832 = ORIENTED_EDGE('',*,*,#11833,.T.);
#11833 = EDGE_CURVE('',#11824,#2259,#11834,.T.);
#11834 = LINE('',#11835,#11836);
#11835 = CARTESIAN_POINT('',(107.2,-6.E-02,0.5));
#11836 = VECTOR('',#11837,1.);
#11837 = DIRECTION('',(-0.,1.,0.));
#11838 = ORIENTED_EDGE('',*,*,#2258,.T.);
#11839 = ORIENTED_EDGE('',*,*,#11840,.F.);
#11840 = EDGE_CURVE('',#11826,#2261,#11841,.T.);
#11841 = LINE('',#11842,#11843);
#11842 = CARTESIAN_POINT('',(107.2,-6.E-02,3.9));
#11843 = VECTOR('',#11844,1.);
#11844 = DIRECTION('',(-0.,1.,0.));
#11845 = PLANE('',#11846);
#11846 = AXIS2_PLACEMENT_3D('',#11847,#11848,#11849);
#11847 = CARTESIAN_POINT('',(107.2,-6.E-02,0.5));
#11848 = DIRECTION('',(1.,0.,-0.));
#11849 = DIRECTION('',(0.,0.,1.));
#11850 = ADVANCED_FACE('',(#11851),#11869,.F.);
#11851 = FACE_BOUND('',#11852,.F.);
#11852 = EDGE_LOOP('',(#11853,#11854,#11862,#11868));
#11853 = ORIENTED_EDGE('',*,*,#11833,.F.);
#11854 = ORIENTED_EDGE('',*,*,#11855,.T.);
#11855 = EDGE_CURVE('',#11824,#11856,#11858,.T.);
#11856 = VERTEX_POINT('',#11857);
#11857 = CARTESIAN_POINT('',(108.25,-6.E-02,0.5));
#11858 = LINE('',#11859,#11860);
#11859 = CARTESIAN_POINT('',(107.2,-6.E-02,0.5));
#11860 = VECTOR('',#11861,1.);
#11861 = DIRECTION('',(1.,0.,-0.));
#11862 = ORIENTED_EDGE('',*,*,#11863,.T.);
#11863 = EDGE_CURVE('',#11856,#2269,#11864,.T.);
#11864 = LINE('',#11865,#11866);
#11865 = CARTESIAN_POINT('',(108.25,-6.E-02,0.5));
#11866 = VECTOR('',#11867,1.);
#11867 = DIRECTION('',(-0.,1.,0.));
#11868 = ORIENTED_EDGE('',*,*,#2268,.F.);
#11869 = PLANE('',#11870);
#11870 = AXIS2_PLACEMENT_3D('',#11871,#11872,#11873);
#11871 = CARTESIAN_POINT('',(107.2,-6.E-02,0.5));
#11872 = DIRECTION('',(0.,0.,1.));
#11873 = DIRECTION('',(1.,0.,-0.));
#11874 = ADVANCED_FACE('',(#11875),#11893,.T.);
#11875 = FACE_BOUND('',#11876,.T.);
#11876 = EDGE_LOOP('',(#11877,#11878,#11886,#11892));
#11877 = ORIENTED_EDGE('',*,*,#11840,.F.);
#11878 = ORIENTED_EDGE('',*,*,#11879,.T.);
#11879 = EDGE_CURVE('',#11826,#11880,#11882,.T.);
#11880 = VERTEX_POINT('',#11881);
#11881 = CARTESIAN_POINT('',(108.25,-6.E-02,3.9));
#11882 = LINE('',#11883,#11884);
#11883 = CARTESIAN_POINT('',(107.2,-6.E-02,3.9));
#11884 = VECTOR('',#11885,1.);
#11885 = DIRECTION('',(1.,0.,-0.));
#11886 = ORIENTED_EDGE('',*,*,#11887,.T.);
#11887 = EDGE_CURVE('',#11880,#2277,#11888,.T.);
#11888 = LINE('',#11889,#11890);
#11889 = CARTESIAN_POINT('',(108.25,-6.E-02,3.9));
#11890 = VECTOR('',#11891,1.);
#11891 = DIRECTION('',(-0.,1.,0.));
#11892 = ORIENTED_EDGE('',*,*,#2284,.F.);
#11893 = PLANE('',#11894);
#11894 = AXIS2_PLACEMENT_3D('',#11895,#11896,#11897);
#11895 = CARTESIAN_POINT('',(107.2,-6.E-02,3.9));
#11896 = DIRECTION('',(0.,0.,1.));
#11897 = DIRECTION('',(1.,0.,-0.));
#11898 = ADVANCED_FACE('',(#11899),#11910,.T.);
#11899 = FACE_BOUND('',#11900,.T.);
#11900 = EDGE_LOOP('',(#11901,#11907,#11908,#11909));
#11901 = ORIENTED_EDGE('',*,*,#11902,.F.);
#11902 = EDGE_CURVE('',#11856,#11880,#11903,.T.);
#11903 = LINE('',#11904,#11905);
#11904 = CARTESIAN_POINT('',(108.25,-6.E-02,0.5));
#11905 = VECTOR('',#11906,1.);
#11906 = DIRECTION('',(0.,0.,1.));
#11907 = ORIENTED_EDGE('',*,*,#11863,.T.);
#11908 = ORIENTED_EDGE('',*,*,#2276,.T.);
#11909 = ORIENTED_EDGE('',*,*,#11887,.F.);
#11910 = PLANE('',#11911);
#11911 = AXIS2_PLACEMENT_3D('',#11912,#11913,#11914);
#11912 = CARTESIAN_POINT('',(108.25,-6.E-02,0.5));
#11913 = DIRECTION('',(1.,0.,-0.));
#11914 = DIRECTION('',(0.,0.,1.));
#11915 = ADVANCED_FACE('',(#11916),#11941,.F.);
#11916 = FACE_BOUND('',#11917,.F.);
#11917 = EDGE_LOOP('',(#11918,#11928,#11934,#11935));
#11918 = ORIENTED_EDGE('',*,*,#11919,.F.);
#11919 = EDGE_CURVE('',#11920,#11922,#11924,.T.);
#11920 = VERTEX_POINT('',#11921);
#11921 = CARTESIAN_POINT('',(108.92,-6.E-02,0.5));
#11922 = VERTEX_POINT('',#11923);
#11923 = CARTESIAN_POINT('',(108.92,-6.E-02,3.9));
#11924 = LINE('',#11925,#11926);
#11925 = CARTESIAN_POINT('',(108.92,-6.E-02,0.5));
#11926 = VECTOR('',#11927,1.);
#11927 = DIRECTION('',(0.,0.,1.));
#11928 = ORIENTED_EDGE('',*,*,#11929,.T.);
#11929 = EDGE_CURVE('',#11920,#2293,#11930,.T.);
#11930 = LINE('',#11931,#11932);
#11931 = CARTESIAN_POINT('',(108.92,-6.E-02,0.5));
#11932 = VECTOR('',#11933,1.);
#11933 = DIRECTION('',(-0.,1.,0.));
#11934 = ORIENTED_EDGE('',*,*,#2292,.T.);
#11935 = ORIENTED_EDGE('',*,*,#11936,.F.);
#11936 = EDGE_CURVE('',#11922,#2295,#11937,.T.);
#11937 = LINE('',#11938,#11939);
#11938 = CARTESIAN_POINT('',(108.92,-6.E-02,3.9));
#11939 = VECTOR('',#11940,1.);
#11940 = DIRECTION('',(-0.,1.,0.));
#11941 = PLANE('',#11942);
#11942 = AXIS2_PLACEMENT_3D('',#11943,#11944,#11945);
#11943 = CARTESIAN_POINT('',(108.92,-6.E-02,0.5));
#11944 = DIRECTION('',(1.,0.,-0.));
#11945 = DIRECTION('',(0.,0.,1.));
#11946 = ADVANCED_FACE('',(#11947),#11965,.F.);
#11947 = FACE_BOUND('',#11948,.F.);
#11948 = EDGE_LOOP('',(#11949,#11950,#11958,#11964));
#11949 = ORIENTED_EDGE('',*,*,#11929,.F.);
#11950 = ORIENTED_EDGE('',*,*,#11951,.T.);
#11951 = EDGE_CURVE('',#11920,#11952,#11954,.T.);
#11952 = VERTEX_POINT('',#11953);
#11953 = CARTESIAN_POINT('',(109.97,-6.E-02,0.5));
#11954 = LINE('',#11955,#11956);
#11955 = CARTESIAN_POINT('',(108.92,-6.E-02,0.5));
#11956 = VECTOR('',#11957,1.);
#11957 = DIRECTION('',(1.,0.,-0.));
#11958 = ORIENTED_EDGE('',*,*,#11959,.T.);
#11959 = EDGE_CURVE('',#11952,#2303,#11960,.T.);
#11960 = LINE('',#11961,#11962);
#11961 = CARTESIAN_POINT('',(109.97,-6.E-02,0.5));
#11962 = VECTOR('',#11963,1.);
#11963 = DIRECTION('',(-0.,1.,0.));
#11964 = ORIENTED_EDGE('',*,*,#2302,.F.);
#11965 = PLANE('',#11966);
#11966 = AXIS2_PLACEMENT_3D('',#11967,#11968,#11969);
#11967 = CARTESIAN_POINT('',(108.92,-6.E-02,0.5));
#11968 = DIRECTION('',(0.,0.,1.));
#11969 = DIRECTION('',(1.,0.,-0.));
#11970 = ADVANCED_FACE('',(#11971),#11989,.T.);
#11971 = FACE_BOUND('',#11972,.T.);
#11972 = EDGE_LOOP('',(#11973,#11974,#11982,#11988));
#11973 = ORIENTED_EDGE('',*,*,#11936,.F.);
#11974 = ORIENTED_EDGE('',*,*,#11975,.T.);
#11975 = EDGE_CURVE('',#11922,#11976,#11978,.T.);
#11976 = VERTEX_POINT('',#11977);
#11977 = CARTESIAN_POINT('',(109.97,-6.E-02,3.9));
#11978 = LINE('',#11979,#11980);
#11979 = CARTESIAN_POINT('',(108.92,-6.E-02,3.9));
#11980 = VECTOR('',#11981,1.);
#11981 = DIRECTION('',(1.,0.,-0.));
#11982 = ORIENTED_EDGE('',*,*,#11983,.T.);
#11983 = EDGE_CURVE('',#11976,#2311,#11984,.T.);
#11984 = LINE('',#11985,#11986);
#11985 = CARTESIAN_POINT('',(109.97,-6.E-02,3.9));
#11986 = VECTOR('',#11987,1.);
#11987 = DIRECTION('',(-0.,1.,0.));
#11988 = ORIENTED_EDGE('',*,*,#2318,.F.);
#11989 = PLANE('',#11990);
#11990 = AXIS2_PLACEMENT_3D('',#11991,#11992,#11993);
#11991 = CARTESIAN_POINT('',(108.92,-6.E-02,3.9));
#11992 = DIRECTION('',(0.,0.,1.));
#11993 = DIRECTION('',(1.,0.,-0.));
#11994 = ADVANCED_FACE('',(#11995),#12006,.T.);
#11995 = FACE_BOUND('',#11996,.T.);
#11996 = EDGE_LOOP('',(#11997,#12003,#12004,#12005));
#11997 = ORIENTED_EDGE('',*,*,#11998,.F.);
#11998 = EDGE_CURVE('',#11952,#11976,#11999,.T.);
#11999 = LINE('',#12000,#12001);
#12000 = CARTESIAN_POINT('',(109.97,-6.E-02,0.5));
#12001 = VECTOR('',#12002,1.);
#12002 = DIRECTION('',(0.,0.,1.));
#12003 = ORIENTED_EDGE('',*,*,#11959,.T.);
#12004 = ORIENTED_EDGE('',*,*,#2310,.T.);
#12005 = ORIENTED_EDGE('',*,*,#11983,.F.);
#12006 = PLANE('',#12007);
#12007 = AXIS2_PLACEMENT_3D('',#12008,#12009,#12010);
#12008 = CARTESIAN_POINT('',(109.97,-6.E-02,0.5));
#12009 = DIRECTION('',(1.,0.,-0.));
#12010 = DIRECTION('',(0.,0.,1.));
#12011 = ADVANCED_FACE('',(#12012),#12037,.F.);
#12012 = FACE_BOUND('',#12013,.F.);
#12013 = EDGE_LOOP('',(#12014,#12024,#12030,#12031));
#12014 = ORIENTED_EDGE('',*,*,#12015,.F.);
#12015 = EDGE_CURVE('',#12016,#12018,#12020,.T.);
#12016 = VERTEX_POINT('',#12017);
#12017 = CARTESIAN_POINT('',(110.64,-6.E-02,0.5));
#12018 = VERTEX_POINT('',#12019);
#12019 = CARTESIAN_POINT('',(110.64,-6.E-02,3.9));
#12020 = LINE('',#12021,#12022);
#12021 = CARTESIAN_POINT('',(110.64,-6.E-02,0.5));
#12022 = VECTOR('',#12023,1.);
#12023 = DIRECTION('',(0.,0.,1.));
#12024 = ORIENTED_EDGE('',*,*,#12025,.T.);
#12025 = EDGE_CURVE('',#12016,#2327,#12026,.T.);
#12026 = LINE('',#12027,#12028);
#12027 = CARTESIAN_POINT('',(110.64,-6.E-02,0.5));
#12028 = VECTOR('',#12029,1.);
#12029 = DIRECTION('',(-0.,1.,0.));
#12030 = ORIENTED_EDGE('',*,*,#2326,.T.);
#12031 = ORIENTED_EDGE('',*,*,#12032,.F.);
#12032 = EDGE_CURVE('',#12018,#2329,#12033,.T.);
#12033 = LINE('',#12034,#12035);
#12034 = CARTESIAN_POINT('',(110.64,-6.E-02,3.9));
#12035 = VECTOR('',#12036,1.);
#12036 = DIRECTION('',(-0.,1.,0.));
#12037 = PLANE('',#12038);
#12038 = AXIS2_PLACEMENT_3D('',#12039,#12040,#12041);
#12039 = CARTESIAN_POINT('',(110.64,-6.E-02,0.5));
#12040 = DIRECTION('',(1.,0.,-0.));
#12041 = DIRECTION('',(0.,0.,1.));
#12042 = ADVANCED_FACE('',(#12043),#12061,.F.);
#12043 = FACE_BOUND('',#12044,.F.);
#12044 = EDGE_LOOP('',(#12045,#12046,#12054,#12060));
#12045 = ORIENTED_EDGE('',*,*,#12025,.F.);
#12046 = ORIENTED_EDGE('',*,*,#12047,.T.);
#12047 = EDGE_CURVE('',#12016,#12048,#12050,.T.);
#12048 = VERTEX_POINT('',#12049);
#12049 = CARTESIAN_POINT('',(111.69,-6.E-02,0.5));
#12050 = LINE('',#12051,#12052);
#12051 = CARTESIAN_POINT('',(110.64,-6.E-02,0.5));
#12052 = VECTOR('',#12053,1.);
#12053 = DIRECTION('',(1.,0.,-0.));
#12054 = ORIENTED_EDGE('',*,*,#12055,.T.);
#12055 = EDGE_CURVE('',#12048,#2337,#12056,.T.);
#12056 = LINE('',#12057,#12058);
#12057 = CARTESIAN_POINT('',(111.69,-6.E-02,0.5));
#12058 = VECTOR('',#12059,1.);
#12059 = DIRECTION('',(-0.,1.,0.));
#12060 = ORIENTED_EDGE('',*,*,#2336,.F.);
#12061 = PLANE('',#12062);
#12062 = AXIS2_PLACEMENT_3D('',#12063,#12064,#12065);
#12063 = CARTESIAN_POINT('',(110.64,-6.E-02,0.5));
#12064 = DIRECTION('',(0.,0.,1.));
#12065 = DIRECTION('',(1.,0.,-0.));
#12066 = ADVANCED_FACE('',(#12067),#12085,.T.);
#12067 = FACE_BOUND('',#12068,.T.);
#12068 = EDGE_LOOP('',(#12069,#12070,#12078,#12084));
#12069 = ORIENTED_EDGE('',*,*,#12032,.F.);
#12070 = ORIENTED_EDGE('',*,*,#12071,.T.);
#12071 = EDGE_CURVE('',#12018,#12072,#12074,.T.);
#12072 = VERTEX_POINT('',#12073);
#12073 = CARTESIAN_POINT('',(111.69,-6.E-02,3.9));
#12074 = LINE('',#12075,#12076);
#12075 = CARTESIAN_POINT('',(110.64,-6.E-02,3.9));
#12076 = VECTOR('',#12077,1.);
#12077 = DIRECTION('',(1.,0.,-0.));
#12078 = ORIENTED_EDGE('',*,*,#12079,.T.);
#12079 = EDGE_CURVE('',#12072,#2345,#12080,.T.);
#12080 = LINE('',#12081,#12082);
#12081 = CARTESIAN_POINT('',(111.69,-6.E-02,3.9));
#12082 = VECTOR('',#12083,1.);
#12083 = DIRECTION('',(-0.,1.,0.));
#12084 = ORIENTED_EDGE('',*,*,#2352,.F.);
#12085 = PLANE('',#12086);
#12086 = AXIS2_PLACEMENT_3D('',#12087,#12088,#12089);
#12087 = CARTESIAN_POINT('',(110.64,-6.E-02,3.9));
#12088 = DIRECTION('',(0.,0.,1.));
#12089 = DIRECTION('',(1.,0.,-0.));
#12090 = ADVANCED_FACE('',(#12091),#12102,.T.);
#12091 = FACE_BOUND('',#12092,.T.);
#12092 = EDGE_LOOP('',(#12093,#12099,#12100,#12101));
#12093 = ORIENTED_EDGE('',*,*,#12094,.F.);
#12094 = EDGE_CURVE('',#12048,#12072,#12095,.T.);
#12095 = LINE('',#12096,#12097);
#12096 = CARTESIAN_POINT('',(111.69,-6.E-02,0.5));
#12097 = VECTOR('',#12098,1.);
#12098 = DIRECTION('',(0.,0.,1.));
#12099 = ORIENTED_EDGE('',*,*,#12055,.T.);
#12100 = ORIENTED_EDGE('',*,*,#2344,.T.);
#12101 = ORIENTED_EDGE('',*,*,#12079,.F.);
#12102 = PLANE('',#12103);
#12103 = AXIS2_PLACEMENT_3D('',#12104,#12105,#12106);
#12104 = CARTESIAN_POINT('',(111.69,-6.E-02,0.5));
#12105 = DIRECTION('',(1.,0.,-0.));
#12106 = DIRECTION('',(0.,0.,1.));
#12107 = ADVANCED_FACE('',(#12108),#12133,.F.);
#12108 = FACE_BOUND('',#12109,.F.);
#12109 = EDGE_LOOP('',(#12110,#12120,#12126,#12127));
#12110 = ORIENTED_EDGE('',*,*,#12111,.F.);
#12111 = EDGE_CURVE('',#12112,#12114,#12116,.T.);
#12112 = VERTEX_POINT('',#12113);
#12113 = CARTESIAN_POINT('',(112.36,-6.E-02,0.5));
#12114 = VERTEX_POINT('',#12115);
#12115 = CARTESIAN_POINT('',(112.36,-6.E-02,3.9));
#12116 = LINE('',#12117,#12118);
#12117 = CARTESIAN_POINT('',(112.36,-6.E-02,0.5));
#12118 = VECTOR('',#12119,1.);
#12119 = DIRECTION('',(0.,0.,1.));
#12120 = ORIENTED_EDGE('',*,*,#12121,.T.);
#12121 = EDGE_CURVE('',#12112,#2361,#12122,.T.);
#12122 = LINE('',#12123,#12124);
#12123 = CARTESIAN_POINT('',(112.36,-6.E-02,0.5));
#12124 = VECTOR('',#12125,1.);
#12125 = DIRECTION('',(-0.,1.,0.));
#12126 = ORIENTED_EDGE('',*,*,#2360,.T.);
#12127 = ORIENTED_EDGE('',*,*,#12128,.F.);
#12128 = EDGE_CURVE('',#12114,#2363,#12129,.T.);
#12129 = LINE('',#12130,#12131);
#12130 = CARTESIAN_POINT('',(112.36,-6.E-02,3.9));
#12131 = VECTOR('',#12132,1.);
#12132 = DIRECTION('',(-0.,1.,0.));
#12133 = PLANE('',#12134);
#12134 = AXIS2_PLACEMENT_3D('',#12135,#12136,#12137);
#12135 = CARTESIAN_POINT('',(112.36,-6.E-02,0.5));
#12136 = DIRECTION('',(1.,0.,-0.));
#12137 = DIRECTION('',(0.,0.,1.));
#12138 = ADVANCED_FACE('',(#12139),#12157,.F.);
#12139 = FACE_BOUND('',#12140,.F.);
#12140 = EDGE_LOOP('',(#12141,#12142,#12150,#12156));
#12141 = ORIENTED_EDGE('',*,*,#12121,.F.);
#12142 = ORIENTED_EDGE('',*,*,#12143,.T.);
#12143 = EDGE_CURVE('',#12112,#12144,#12146,.T.);
#12144 = VERTEX_POINT('',#12145);
#12145 = CARTESIAN_POINT('',(113.41,-6.E-02,0.5));
#12146 = LINE('',#12147,#12148);
#12147 = CARTESIAN_POINT('',(112.36,-6.E-02,0.5));
#12148 = VECTOR('',#12149,1.);
#12149 = DIRECTION('',(1.,0.,-0.));
#12150 = ORIENTED_EDGE('',*,*,#12151,.T.);
#12151 = EDGE_CURVE('',#12144,#2371,#12152,.T.);
#12152 = LINE('',#12153,#12154);
#12153 = CARTESIAN_POINT('',(113.41,-6.E-02,0.5));
#12154 = VECTOR('',#12155,1.);
#12155 = DIRECTION('',(-0.,1.,0.));
#12156 = ORIENTED_EDGE('',*,*,#2370,.F.);
#12157 = PLANE('',#12158);
#12158 = AXIS2_PLACEMENT_3D('',#12159,#12160,#12161);
#12159 = CARTESIAN_POINT('',(112.36,-6.E-02,0.5));
#12160 = DIRECTION('',(0.,0.,1.));
#12161 = DIRECTION('',(1.,0.,-0.));
#12162 = ADVANCED_FACE('',(#12163),#12181,.T.);
#12163 = FACE_BOUND('',#12164,.T.);
#12164 = EDGE_LOOP('',(#12165,#12166,#12174,#12180));
#12165 = ORIENTED_EDGE('',*,*,#12128,.F.);
#12166 = ORIENTED_EDGE('',*,*,#12167,.T.);
#12167 = EDGE_CURVE('',#12114,#12168,#12170,.T.);
#12168 = VERTEX_POINT('',#12169);
#12169 = CARTESIAN_POINT('',(113.41,-6.E-02,3.9));
#12170 = LINE('',#12171,#12172);
#12171 = CARTESIAN_POINT('',(112.36,-6.E-02,3.9));
#12172 = VECTOR('',#12173,1.);
#12173 = DIRECTION('',(1.,0.,-0.));
#12174 = ORIENTED_EDGE('',*,*,#12175,.T.);
#12175 = EDGE_CURVE('',#12168,#2379,#12176,.T.);
#12176 = LINE('',#12177,#12178);
#12177 = CARTESIAN_POINT('',(113.41,-6.E-02,3.9));
#12178 = VECTOR('',#12179,1.);
#12179 = DIRECTION('',(-0.,1.,0.));
#12180 = ORIENTED_EDGE('',*,*,#2386,.F.);
#12181 = PLANE('',#12182);
#12182 = AXIS2_PLACEMENT_3D('',#12183,#12184,#12185);
#12183 = CARTESIAN_POINT('',(112.36,-6.E-02,3.9));
#12184 = DIRECTION('',(0.,0.,1.));
#12185 = DIRECTION('',(1.,0.,-0.));
#12186 = ADVANCED_FACE('',(#12187),#12198,.T.);
#12187 = FACE_BOUND('',#12188,.T.);
#12188 = EDGE_LOOP('',(#12189,#12195,#12196,#12197));
#12189 = ORIENTED_EDGE('',*,*,#12190,.F.);
#12190 = EDGE_CURVE('',#12144,#12168,#12191,.T.);
#12191 = LINE('',#12192,#12193);
#12192 = CARTESIAN_POINT('',(113.41,-6.E-02,0.5));
#12193 = VECTOR('',#12194,1.);
#12194 = DIRECTION('',(0.,0.,1.));
#12195 = ORIENTED_EDGE('',*,*,#12151,.T.);
#12196 = ORIENTED_EDGE('',*,*,#2378,.T.);
#12197 = ORIENTED_EDGE('',*,*,#12175,.F.);
#12198 = PLANE('',#12199);
#12199 = AXIS2_PLACEMENT_3D('',#12200,#12201,#12202);
#12200 = CARTESIAN_POINT('',(113.41,-6.E-02,0.5));
#12201 = DIRECTION('',(1.,0.,-0.));
#12202 = DIRECTION('',(0.,0.,1.));
#12203 = ADVANCED_FACE('',(#12204),#12229,.F.);
#12204 = FACE_BOUND('',#12205,.F.);
#12205 = EDGE_LOOP('',(#12206,#12216,#12222,#12223));
#12206 = ORIENTED_EDGE('',*,*,#12207,.F.);
#12207 = EDGE_CURVE('',#12208,#12210,#12212,.T.);
#12208 = VERTEX_POINT('',#12209);
#12209 = CARTESIAN_POINT('',(114.08,-6.E-02,0.5));
#12210 = VERTEX_POINT('',#12211);
#12211 = CARTESIAN_POINT('',(114.08,-6.E-02,3.9));
#12212 = LINE('',#12213,#12214);
#12213 = CARTESIAN_POINT('',(114.08,-6.E-02,0.5));
#12214 = VECTOR('',#12215,1.);
#12215 = DIRECTION('',(0.,0.,1.));
#12216 = ORIENTED_EDGE('',*,*,#12217,.T.);
#12217 = EDGE_CURVE('',#12208,#2395,#12218,.T.);
#12218 = LINE('',#12219,#12220);
#12219 = CARTESIAN_POINT('',(114.08,-6.E-02,0.5));
#12220 = VECTOR('',#12221,1.);
#12221 = DIRECTION('',(-0.,1.,0.));
#12222 = ORIENTED_EDGE('',*,*,#2394,.T.);
#12223 = ORIENTED_EDGE('',*,*,#12224,.F.);
#12224 = EDGE_CURVE('',#12210,#2397,#12225,.T.);
#12225 = LINE('',#12226,#12227);
#12226 = CARTESIAN_POINT('',(114.08,-6.E-02,3.9));
#12227 = VECTOR('',#12228,1.);
#12228 = DIRECTION('',(-0.,1.,0.));
#12229 = PLANE('',#12230);
#12230 = AXIS2_PLACEMENT_3D('',#12231,#12232,#12233);
#12231 = CARTESIAN_POINT('',(114.08,-6.E-02,0.5));
#12232 = DIRECTION('',(1.,0.,-0.));
#12233 = DIRECTION('',(0.,0.,1.));
#12234 = ADVANCED_FACE('',(#12235),#12253,.F.);
#12235 = FACE_BOUND('',#12236,.F.);
#12236 = EDGE_LOOP('',(#12237,#12238,#12246,#12252));
#12237 = ORIENTED_EDGE('',*,*,#12217,.F.);
#12238 = ORIENTED_EDGE('',*,*,#12239,.T.);
#12239 = EDGE_CURVE('',#12208,#12240,#12242,.T.);
#12240 = VERTEX_POINT('',#12241);
#12241 = CARTESIAN_POINT('',(115.13,-6.E-02,0.5));
#12242 = LINE('',#12243,#12244);
#12243 = CARTESIAN_POINT('',(114.08,-6.E-02,0.5));
#12244 = VECTOR('',#12245,1.);
#12245 = DIRECTION('',(1.,0.,-0.));
#12246 = ORIENTED_EDGE('',*,*,#12247,.T.);
#12247 = EDGE_CURVE('',#12240,#2405,#12248,.T.);
#12248 = LINE('',#12249,#12250);
#12249 = CARTESIAN_POINT('',(115.13,-6.E-02,0.5));
#12250 = VECTOR('',#12251,1.);
#12251 = DIRECTION('',(-0.,1.,0.));
#12252 = ORIENTED_EDGE('',*,*,#2404,.F.);
#12253 = PLANE('',#12254);
#12254 = AXIS2_PLACEMENT_3D('',#12255,#12256,#12257);
#12255 = CARTESIAN_POINT('',(114.08,-6.E-02,0.5));
#12256 = DIRECTION('',(0.,0.,1.));
#12257 = DIRECTION('',(1.,0.,-0.));
#12258 = ADVANCED_FACE('',(#12259),#12277,.T.);
#12259 = FACE_BOUND('',#12260,.T.);
#12260 = EDGE_LOOP('',(#12261,#12262,#12270,#12276));
#12261 = ORIENTED_EDGE('',*,*,#12224,.F.);
#12262 = ORIENTED_EDGE('',*,*,#12263,.T.);
#12263 = EDGE_CURVE('',#12210,#12264,#12266,.T.);
#12264 = VERTEX_POINT('',#12265);
#12265 = CARTESIAN_POINT('',(115.13,-6.E-02,3.9));
#12266 = LINE('',#12267,#12268);
#12267 = CARTESIAN_POINT('',(114.08,-6.E-02,3.9));
#12268 = VECTOR('',#12269,1.);
#12269 = DIRECTION('',(1.,0.,-0.));
#12270 = ORIENTED_EDGE('',*,*,#12271,.T.);
#12271 = EDGE_CURVE('',#12264,#2413,#12272,.T.);
#12272 = LINE('',#12273,#12274);
#12273 = CARTESIAN_POINT('',(115.13,-6.E-02,3.9));
#12274 = VECTOR('',#12275,1.);
#12275 = DIRECTION('',(-0.,1.,0.));
#12276 = ORIENTED_EDGE('',*,*,#2420,.F.);
#12277 = PLANE('',#12278);
#12278 = AXIS2_PLACEMENT_3D('',#12279,#12280,#12281);
#12279 = CARTESIAN_POINT('',(114.08,-6.E-02,3.9));
#12280 = DIRECTION('',(0.,0.,1.));
#12281 = DIRECTION('',(1.,0.,-0.));
#12282 = ADVANCED_FACE('',(#12283),#12294,.T.);
#12283 = FACE_BOUND('',#12284,.T.);
#12284 = EDGE_LOOP('',(#12285,#12291,#12292,#12293));
#12285 = ORIENTED_EDGE('',*,*,#12286,.F.);
#12286 = EDGE_CURVE('',#12240,#12264,#12287,.T.);
#12287 = LINE('',#12288,#12289);
#12288 = CARTESIAN_POINT('',(115.13,-6.E-02,0.5));
#12289 = VECTOR('',#12290,1.);
#12290 = DIRECTION('',(0.,0.,1.));
#12291 = ORIENTED_EDGE('',*,*,#12247,.T.);
#12292 = ORIENTED_EDGE('',*,*,#2412,.T.);
#12293 = ORIENTED_EDGE('',*,*,#12271,.F.);
#12294 = PLANE('',#12295);
#12295 = AXIS2_PLACEMENT_3D('',#12296,#12297,#12298);
#12296 = CARTESIAN_POINT('',(115.13,-6.E-02,0.5));
#12297 = DIRECTION('',(1.,0.,-0.));
#12298 = DIRECTION('',(0.,0.,1.));
#12299 = ADVANCED_FACE('',(#12300),#12325,.F.);
#12300 = FACE_BOUND('',#12301,.F.);
#12301 = EDGE_LOOP('',(#12302,#12312,#12318,#12319));
#12302 = ORIENTED_EDGE('',*,*,#12303,.F.);
#12303 = EDGE_CURVE('',#12304,#12306,#12308,.T.);
#12304 = VERTEX_POINT('',#12305);
#12305 = CARTESIAN_POINT('',(115.8,-6.E-02,0.5));
#12306 = VERTEX_POINT('',#12307);
#12307 = CARTESIAN_POINT('',(115.8,-6.E-02,3.9));
#12308 = LINE('',#12309,#12310);
#12309 = CARTESIAN_POINT('',(115.8,-6.E-02,0.5));
#12310 = VECTOR('',#12311,1.);
#12311 = DIRECTION('',(0.,0.,1.));
#12312 = ORIENTED_EDGE('',*,*,#12313,.T.);
#12313 = EDGE_CURVE('',#12304,#2429,#12314,.T.);
#12314 = LINE('',#12315,#12316);
#12315 = CARTESIAN_POINT('',(115.8,-6.E-02,0.5));
#12316 = VECTOR('',#12317,1.);
#12317 = DIRECTION('',(-0.,1.,0.));
#12318 = ORIENTED_EDGE('',*,*,#2428,.T.);
#12319 = ORIENTED_EDGE('',*,*,#12320,.F.);
#12320 = EDGE_CURVE('',#12306,#2431,#12321,.T.);
#12321 = LINE('',#12322,#12323);
#12322 = CARTESIAN_POINT('',(115.8,-6.E-02,3.9));
#12323 = VECTOR('',#12324,1.);
#12324 = DIRECTION('',(-0.,1.,0.));
#12325 = PLANE('',#12326);
#12326 = AXIS2_PLACEMENT_3D('',#12327,#12328,#12329);
#12327 = CARTESIAN_POINT('',(115.8,-6.E-02,0.5));
#12328 = DIRECTION('',(1.,0.,-0.));
#12329 = DIRECTION('',(0.,0.,1.));
#12330 = ADVANCED_FACE('',(#12331),#12349,.F.);
#12331 = FACE_BOUND('',#12332,.F.);
#12332 = EDGE_LOOP('',(#12333,#12334,#12342,#12348));
#12333 = ORIENTED_EDGE('',*,*,#12313,.F.);
#12334 = ORIENTED_EDGE('',*,*,#12335,.T.);
#12335 = EDGE_CURVE('',#12304,#12336,#12338,.T.);
#12336 = VERTEX_POINT('',#12337);
#12337 = CARTESIAN_POINT('',(116.85,-6.E-02,0.5));
#12338 = LINE('',#12339,#12340);
#12339 = CARTESIAN_POINT('',(115.8,-6.E-02,0.5));
#12340 = VECTOR('',#12341,1.);
#12341 = DIRECTION('',(1.,0.,-0.));
#12342 = ORIENTED_EDGE('',*,*,#12343,.T.);
#12343 = EDGE_CURVE('',#12336,#2439,#12344,.T.);
#12344 = LINE('',#12345,#12346);
#12345 = CARTESIAN_POINT('',(116.85,-6.E-02,0.5));
#12346 = VECTOR('',#12347,1.);
#12347 = DIRECTION('',(-0.,1.,0.));
#12348 = ORIENTED_EDGE('',*,*,#2438,.F.);
#12349 = PLANE('',#12350);
#12350 = AXIS2_PLACEMENT_3D('',#12351,#12352,#12353);
#12351 = CARTESIAN_POINT('',(115.8,-6.E-02,0.5));
#12352 = DIRECTION('',(0.,0.,1.));
#12353 = DIRECTION('',(1.,0.,-0.));
#12354 = ADVANCED_FACE('',(#12355),#12373,.T.);
#12355 = FACE_BOUND('',#12356,.T.);
#12356 = EDGE_LOOP('',(#12357,#12358,#12366,#12372));
#12357 = ORIENTED_EDGE('',*,*,#12320,.F.);
#12358 = ORIENTED_EDGE('',*,*,#12359,.T.);
#12359 = EDGE_CURVE('',#12306,#12360,#12362,.T.);
#12360 = VERTEX_POINT('',#12361);
#12361 = CARTESIAN_POINT('',(116.85,-6.E-02,3.9));
#12362 = LINE('',#12363,#12364);
#12363 = CARTESIAN_POINT('',(115.8,-6.E-02,3.9));
#12364 = VECTOR('',#12365,1.);
#12365 = DIRECTION('',(1.,0.,-0.));
#12366 = ORIENTED_EDGE('',*,*,#12367,.T.);
#12367 = EDGE_CURVE('',#12360,#2447,#12368,.T.);
#12368 = LINE('',#12369,#12370);
#12369 = CARTESIAN_POINT('',(116.85,-6.E-02,3.9));
#12370 = VECTOR('',#12371,1.);
#12371 = DIRECTION('',(-0.,1.,0.));
#12372 = ORIENTED_EDGE('',*,*,#2454,.F.);
#12373 = PLANE('',#12374);
#12374 = AXIS2_PLACEMENT_3D('',#12375,#12376,#12377);
#12375 = CARTESIAN_POINT('',(115.8,-6.E-02,3.9));
#12376 = DIRECTION('',(0.,0.,1.));
#12377 = DIRECTION('',(1.,0.,-0.));
#12378 = ADVANCED_FACE('',(#12379),#12390,.T.);
#12379 = FACE_BOUND('',#12380,.T.);
#12380 = EDGE_LOOP('',(#12381,#12387,#12388,#12389));
#12381 = ORIENTED_EDGE('',*,*,#12382,.F.);
#12382 = EDGE_CURVE('',#12336,#12360,#12383,.T.);
#12383 = LINE('',#12384,#12385);
#12384 = CARTESIAN_POINT('',(116.85,-6.E-02,0.5));
#12385 = VECTOR('',#12386,1.);
#12386 = DIRECTION('',(0.,0.,1.));
#12387 = ORIENTED_EDGE('',*,*,#12343,.T.);
#12388 = ORIENTED_EDGE('',*,*,#2446,.T.);
#12389 = ORIENTED_EDGE('',*,*,#12367,.F.);
#12390 = PLANE('',#12391);
#12391 = AXIS2_PLACEMENT_3D('',#12392,#12393,#12394);
#12392 = CARTESIAN_POINT('',(116.85,-6.E-02,0.5));
#12393 = DIRECTION('',(1.,0.,-0.));
#12394 = DIRECTION('',(0.,0.,1.));
#12395 = ADVANCED_FACE('',(#12396),#12421,.F.);
#12396 = FACE_BOUND('',#12397,.F.);
#12397 = EDGE_LOOP('',(#12398,#12408,#12414,#12415));
#12398 = ORIENTED_EDGE('',*,*,#12399,.F.);
#12399 = EDGE_CURVE('',#12400,#12402,#12404,.T.);
#12400 = VERTEX_POINT('',#12401);
#12401 = CARTESIAN_POINT('',(117.52,-6.E-02,0.5));
#12402 = VERTEX_POINT('',#12403);
#12403 = CARTESIAN_POINT('',(117.52,-6.E-02,3.9));
#12404 = LINE('',#12405,#12406);
#12405 = CARTESIAN_POINT('',(117.52,-6.E-02,0.5));
#12406 = VECTOR('',#12407,1.);
#12407 = DIRECTION('',(0.,0.,1.));
#12408 = ORIENTED_EDGE('',*,*,#12409,.T.);
#12409 = EDGE_CURVE('',#12400,#2463,#12410,.T.);
#12410 = LINE('',#12411,#12412);
#12411 = CARTESIAN_POINT('',(117.52,-6.E-02,0.5));
#12412 = VECTOR('',#12413,1.);
#12413 = DIRECTION('',(-0.,1.,0.));
#12414 = ORIENTED_EDGE('',*,*,#2462,.T.);
#12415 = ORIENTED_EDGE('',*,*,#12416,.F.);
#12416 = EDGE_CURVE('',#12402,#2465,#12417,.T.);
#12417 = LINE('',#12418,#12419);
#12418 = CARTESIAN_POINT('',(117.52,-6.E-02,3.9));
#12419 = VECTOR('',#12420,1.);
#12420 = DIRECTION('',(-0.,1.,0.));
#12421 = PLANE('',#12422);
#12422 = AXIS2_PLACEMENT_3D('',#12423,#12424,#12425);
#12423 = CARTESIAN_POINT('',(117.52,-6.E-02,0.5));
#12424 = DIRECTION('',(1.,0.,-0.));
#12425 = DIRECTION('',(0.,0.,1.));
#12426 = ADVANCED_FACE('',(#12427),#12445,.F.);
#12427 = FACE_BOUND('',#12428,.F.);
#12428 = EDGE_LOOP('',(#12429,#12430,#12438,#12444));
#12429 = ORIENTED_EDGE('',*,*,#12409,.F.);
#12430 = ORIENTED_EDGE('',*,*,#12431,.T.);
#12431 = EDGE_CURVE('',#12400,#12432,#12434,.T.);
#12432 = VERTEX_POINT('',#12433);
#12433 = CARTESIAN_POINT('',(118.57,-6.E-02,0.5));
#12434 = LINE('',#12435,#12436);
#12435 = CARTESIAN_POINT('',(117.52,-6.E-02,0.5));
#12436 = VECTOR('',#12437,1.);
#12437 = DIRECTION('',(1.,0.,-0.));
#12438 = ORIENTED_EDGE('',*,*,#12439,.T.);
#12439 = EDGE_CURVE('',#12432,#2473,#12440,.T.);
#12440 = LINE('',#12441,#12442);
#12441 = CARTESIAN_POINT('',(118.57,-6.E-02,0.5));
#12442 = VECTOR('',#12443,1.);
#12443 = DIRECTION('',(-0.,1.,0.));
#12444 = ORIENTED_EDGE('',*,*,#2472,.F.);
#12445 = PLANE('',#12446);
#12446 = AXIS2_PLACEMENT_3D('',#12447,#12448,#12449);
#12447 = CARTESIAN_POINT('',(117.52,-6.E-02,0.5));
#12448 = DIRECTION('',(0.,0.,1.));
#12449 = DIRECTION('',(1.,0.,-0.));
#12450 = ADVANCED_FACE('',(#12451),#12469,.T.);
#12451 = FACE_BOUND('',#12452,.T.);
#12452 = EDGE_LOOP('',(#12453,#12454,#12462,#12468));
#12453 = ORIENTED_EDGE('',*,*,#12416,.F.);
#12454 = ORIENTED_EDGE('',*,*,#12455,.T.);
#12455 = EDGE_CURVE('',#12402,#12456,#12458,.T.);
#12456 = VERTEX_POINT('',#12457);
#12457 = CARTESIAN_POINT('',(118.57,-6.E-02,3.9));
#12458 = LINE('',#12459,#12460);
#12459 = CARTESIAN_POINT('',(117.52,-6.E-02,3.9));
#12460 = VECTOR('',#12461,1.);
#12461 = DIRECTION('',(1.,0.,-0.));
#12462 = ORIENTED_EDGE('',*,*,#12463,.T.);
#12463 = EDGE_CURVE('',#12456,#2481,#12464,.T.);
#12464 = LINE('',#12465,#12466);
#12465 = CARTESIAN_POINT('',(118.57,-6.E-02,3.9));
#12466 = VECTOR('',#12467,1.);
#12467 = DIRECTION('',(-0.,1.,0.));
#12468 = ORIENTED_EDGE('',*,*,#2488,.F.);
#12469 = PLANE('',#12470);
#12470 = AXIS2_PLACEMENT_3D('',#12471,#12472,#12473);
#12471 = CARTESIAN_POINT('',(117.52,-6.E-02,3.9));
#12472 = DIRECTION('',(0.,0.,1.));
#12473 = DIRECTION('',(1.,0.,-0.));
#12474 = ADVANCED_FACE('',(#12475),#12486,.T.);
#12475 = FACE_BOUND('',#12476,.T.);
#12476 = EDGE_LOOP('',(#12477,#12483,#12484,#12485));
#12477 = ORIENTED_EDGE('',*,*,#12478,.F.);
#12478 = EDGE_CURVE('',#12432,#12456,#12479,.T.);
#12479 = LINE('',#12480,#12481);
#12480 = CARTESIAN_POINT('',(118.57,-6.E-02,0.5));
#12481 = VECTOR('',#12482,1.);
#12482 = DIRECTION('',(0.,0.,1.));
#12483 = ORIENTED_EDGE('',*,*,#12439,.T.);
#12484 = ORIENTED_EDGE('',*,*,#2480,.T.);
#12485 = ORIENTED_EDGE('',*,*,#12463,.F.);
#12486 = PLANE('',#12487);
#12487 = AXIS2_PLACEMENT_3D('',#12488,#12489,#12490);
#12488 = CARTESIAN_POINT('',(118.57,-6.E-02,0.5));
#12489 = DIRECTION('',(1.,0.,-0.));
#12490 = DIRECTION('',(0.,0.,1.));
#12491 = ADVANCED_FACE('',(#12492),#12517,.F.);
#12492 = FACE_BOUND('',#12493,.F.);
#12493 = EDGE_LOOP('',(#12494,#12504,#12510,#12511));
#12494 = ORIENTED_EDGE('',*,*,#12495,.F.);
#12495 = EDGE_CURVE('',#12496,#12498,#12500,.T.);
#12496 = VERTEX_POINT('',#12497);
#12497 = CARTESIAN_POINT('',(119.24,-6.E-02,0.5));
#12498 = VERTEX_POINT('',#12499);
#12499 = CARTESIAN_POINT('',(119.24,-6.E-02,3.9));
#12500 = LINE('',#12501,#12502);
#12501 = CARTESIAN_POINT('',(119.24,-6.E-02,0.5));
#12502 = VECTOR('',#12503,1.);
#12503 = DIRECTION('',(0.,0.,1.));
#12504 = ORIENTED_EDGE('',*,*,#12505,.T.);
#12505 = EDGE_CURVE('',#12496,#2497,#12506,.T.);
#12506 = LINE('',#12507,#12508);
#12507 = CARTESIAN_POINT('',(119.24,-6.E-02,0.5));
#12508 = VECTOR('',#12509,1.);
#12509 = DIRECTION('',(-0.,1.,0.));
#12510 = ORIENTED_EDGE('',*,*,#2496,.T.);
#12511 = ORIENTED_EDGE('',*,*,#12512,.F.);
#12512 = EDGE_CURVE('',#12498,#2499,#12513,.T.);
#12513 = LINE('',#12514,#12515);
#12514 = CARTESIAN_POINT('',(119.24,-6.E-02,3.9));
#12515 = VECTOR('',#12516,1.);
#12516 = DIRECTION('',(-0.,1.,0.));
#12517 = PLANE('',#12518);
#12518 = AXIS2_PLACEMENT_3D('',#12519,#12520,#12521);
#12519 = CARTESIAN_POINT('',(119.24,-6.E-02,0.5));
#12520 = DIRECTION('',(1.,0.,-0.));
#12521 = DIRECTION('',(0.,0.,1.));
#12522 = ADVANCED_FACE('',(#12523),#12541,.F.);
#12523 = FACE_BOUND('',#12524,.F.);
#12524 = EDGE_LOOP('',(#12525,#12526,#12534,#12540));
#12525 = ORIENTED_EDGE('',*,*,#12505,.F.);
#12526 = ORIENTED_EDGE('',*,*,#12527,.T.);
#12527 = EDGE_CURVE('',#12496,#12528,#12530,.T.);
#12528 = VERTEX_POINT('',#12529);
#12529 = CARTESIAN_POINT('',(120.29,-6.E-02,0.5));
#12530 = LINE('',#12531,#12532);
#12531 = CARTESIAN_POINT('',(119.24,-6.E-02,0.5));
#12532 = VECTOR('',#12533,1.);
#12533 = DIRECTION('',(1.,0.,-0.));
#12534 = ORIENTED_EDGE('',*,*,#12535,.T.);
#12535 = EDGE_CURVE('',#12528,#2507,#12536,.T.);
#12536 = LINE('',#12537,#12538);
#12537 = CARTESIAN_POINT('',(120.29,-6.E-02,0.5));
#12538 = VECTOR('',#12539,1.);
#12539 = DIRECTION('',(-0.,1.,0.));
#12540 = ORIENTED_EDGE('',*,*,#2506,.F.);
#12541 = PLANE('',#12542);
#12542 = AXIS2_PLACEMENT_3D('',#12543,#12544,#12545);
#12543 = CARTESIAN_POINT('',(119.24,-6.E-02,0.5));
#12544 = DIRECTION('',(0.,0.,1.));
#12545 = DIRECTION('',(1.,0.,-0.));
#12546 = ADVANCED_FACE('',(#12547),#12565,.T.);
#12547 = FACE_BOUND('',#12548,.T.);
#12548 = EDGE_LOOP('',(#12549,#12550,#12558,#12564));
#12549 = ORIENTED_EDGE('',*,*,#12512,.F.);
#12550 = ORIENTED_EDGE('',*,*,#12551,.T.);
#12551 = EDGE_CURVE('',#12498,#12552,#12554,.T.);
#12552 = VERTEX_POINT('',#12553);
#12553 = CARTESIAN_POINT('',(120.29,-6.E-02,3.9));
#12554 = LINE('',#12555,#12556);
#12555 = CARTESIAN_POINT('',(119.24,-6.E-02,3.9));
#12556 = VECTOR('',#12557,1.);
#12557 = DIRECTION('',(1.,0.,-0.));
#12558 = ORIENTED_EDGE('',*,*,#12559,.T.);
#12559 = EDGE_CURVE('',#12552,#2515,#12560,.T.);
#12560 = LINE('',#12561,#12562);
#12561 = CARTESIAN_POINT('',(120.29,-6.E-02,3.9));
#12562 = VECTOR('',#12563,1.);
#12563 = DIRECTION('',(-0.,1.,0.));
#12564 = ORIENTED_EDGE('',*,*,#2522,.F.);
#12565 = PLANE('',#12566);
#12566 = AXIS2_PLACEMENT_3D('',#12567,#12568,#12569);
#12567 = CARTESIAN_POINT('',(119.24,-6.E-02,3.9));
#12568 = DIRECTION('',(0.,0.,1.));
#12569 = DIRECTION('',(1.,0.,-0.));
#12570 = ADVANCED_FACE('',(#12571),#12582,.T.);
#12571 = FACE_BOUND('',#12572,.T.);
#12572 = EDGE_LOOP('',(#12573,#12579,#12580,#12581));
#12573 = ORIENTED_EDGE('',*,*,#12574,.F.);
#12574 = EDGE_CURVE('',#12528,#12552,#12575,.T.);
#12575 = LINE('',#12576,#12577);
#12576 = CARTESIAN_POINT('',(120.29,-6.E-02,0.5));
#12577 = VECTOR('',#12578,1.);
#12578 = DIRECTION('',(0.,0.,1.));
#12579 = ORIENTED_EDGE('',*,*,#12535,.T.);
#12580 = ORIENTED_EDGE('',*,*,#2514,.T.);
#12581 = ORIENTED_EDGE('',*,*,#12559,.F.);
#12582 = PLANE('',#12583);
#12583 = AXIS2_PLACEMENT_3D('',#12584,#12585,#12586);
#12584 = CARTESIAN_POINT('',(120.29,-6.E-02,0.5));
#12585 = DIRECTION('',(1.,0.,-0.));
#12586 = DIRECTION('',(0.,0.,1.));
#12587 = ADVANCED_FACE('',(#12588),#12613,.F.);
#12588 = FACE_BOUND('',#12589,.F.);
#12589 = EDGE_LOOP('',(#12590,#12600,#12606,#12607));
#12590 = ORIENTED_EDGE('',*,*,#12591,.F.);
#12591 = EDGE_CURVE('',#12592,#12594,#12596,.T.);
#12592 = VERTEX_POINT('',#12593);
#12593 = CARTESIAN_POINT('',(120.96,-6.E-02,0.5));
#12594 = VERTEX_POINT('',#12595);
#12595 = CARTESIAN_POINT('',(120.96,-6.E-02,3.9));
#12596 = LINE('',#12597,#12598);
#12597 = CARTESIAN_POINT('',(120.96,-6.E-02,0.5));
#12598 = VECTOR('',#12599,1.);
#12599 = DIRECTION('',(0.,0.,1.));
#12600 = ORIENTED_EDGE('',*,*,#12601,.T.);
#12601 = EDGE_CURVE('',#12592,#2531,#12602,.T.);
#12602 = LINE('',#12603,#12604);
#12603 = CARTESIAN_POINT('',(120.96,-6.E-02,0.5));
#12604 = VECTOR('',#12605,1.);
#12605 = DIRECTION('',(-0.,1.,0.));
#12606 = ORIENTED_EDGE('',*,*,#2530,.T.);
#12607 = ORIENTED_EDGE('',*,*,#12608,.F.);
#12608 = EDGE_CURVE('',#12594,#2533,#12609,.T.);
#12609 = LINE('',#12610,#12611);
#12610 = CARTESIAN_POINT('',(120.96,-6.E-02,3.9));
#12611 = VECTOR('',#12612,1.);
#12612 = DIRECTION('',(-0.,1.,0.));
#12613 = PLANE('',#12614);
#12614 = AXIS2_PLACEMENT_3D('',#12615,#12616,#12617);
#12615 = CARTESIAN_POINT('',(120.96,-6.E-02,0.5));
#12616 = DIRECTION('',(1.,0.,-0.));
#12617 = DIRECTION('',(0.,0.,1.));
#12618 = ADVANCED_FACE('',(#12619),#12637,.F.);
#12619 = FACE_BOUND('',#12620,.F.);
#12620 = EDGE_LOOP('',(#12621,#12622,#12630,#12636));
#12621 = ORIENTED_EDGE('',*,*,#12601,.F.);
#12622 = ORIENTED_EDGE('',*,*,#12623,.T.);
#12623 = EDGE_CURVE('',#12592,#12624,#12626,.T.);
#12624 = VERTEX_POINT('',#12625);
#12625 = CARTESIAN_POINT('',(122.01,-6.E-02,0.5));
#12626 = LINE('',#12627,#12628);
#12627 = CARTESIAN_POINT('',(120.96,-6.E-02,0.5));
#12628 = VECTOR('',#12629,1.);
#12629 = DIRECTION('',(1.,0.,-0.));
#12630 = ORIENTED_EDGE('',*,*,#12631,.T.);
#12631 = EDGE_CURVE('',#12624,#2541,#12632,.T.);
#12632 = LINE('',#12633,#12634);
#12633 = CARTESIAN_POINT('',(122.01,-6.E-02,0.5));
#12634 = VECTOR('',#12635,1.);
#12635 = DIRECTION('',(-0.,1.,0.));
#12636 = ORIENTED_EDGE('',*,*,#2540,.F.);
#12637 = PLANE('',#12638);
#12638 = AXIS2_PLACEMENT_3D('',#12639,#12640,#12641);
#12639 = CARTESIAN_POINT('',(120.96,-6.E-02,0.5));
#12640 = DIRECTION('',(0.,0.,1.));
#12641 = DIRECTION('',(1.,0.,-0.));
#12642 = ADVANCED_FACE('',(#12643),#12661,.T.);
#12643 = FACE_BOUND('',#12644,.T.);
#12644 = EDGE_LOOP('',(#12645,#12646,#12654,#12660));
#12645 = ORIENTED_EDGE('',*,*,#12608,.F.);
#12646 = ORIENTED_EDGE('',*,*,#12647,.T.);
#12647 = EDGE_CURVE('',#12594,#12648,#12650,.T.);
#12648 = VERTEX_POINT('',#12649);
#12649 = CARTESIAN_POINT('',(122.01,-6.E-02,3.9));
#12650 = LINE('',#12651,#12652);
#12651 = CARTESIAN_POINT('',(120.96,-6.E-02,3.9));
#12652 = VECTOR('',#12653,1.);
#12653 = DIRECTION('',(1.,0.,-0.));
#12654 = ORIENTED_EDGE('',*,*,#12655,.T.);
#12655 = EDGE_CURVE('',#12648,#2549,#12656,.T.);
#12656 = LINE('',#12657,#12658);
#12657 = CARTESIAN_POINT('',(122.01,-6.E-02,3.9));
#12658 = VECTOR('',#12659,1.);
#12659 = DIRECTION('',(-0.,1.,0.));
#12660 = ORIENTED_EDGE('',*,*,#2556,.F.);
#12661 = PLANE('',#12662);
#12662 = AXIS2_PLACEMENT_3D('',#12663,#12664,#12665);
#12663 = CARTESIAN_POINT('',(120.96,-6.E-02,3.9));
#12664 = DIRECTION('',(0.,0.,1.));
#12665 = DIRECTION('',(1.,0.,-0.));
#12666 = ADVANCED_FACE('',(#12667),#12678,.T.);
#12667 = FACE_BOUND('',#12668,.T.);
#12668 = EDGE_LOOP('',(#12669,#12675,#12676,#12677));
#12669 = ORIENTED_EDGE('',*,*,#12670,.F.);
#12670 = EDGE_CURVE('',#12624,#12648,#12671,.T.);
#12671 = LINE('',#12672,#12673);
#12672 = CARTESIAN_POINT('',(122.01,-6.E-02,0.5));
#12673 = VECTOR('',#12674,1.);
#12674 = DIRECTION('',(0.,0.,1.));
#12675 = ORIENTED_EDGE('',*,*,#12631,.T.);
#12676 = ORIENTED_EDGE('',*,*,#2548,.T.);
#12677 = ORIENTED_EDGE('',*,*,#12655,.F.);
#12678 = PLANE('',#12679);
#12679 = AXIS2_PLACEMENT_3D('',#12680,#12681,#12682);
#12680 = CARTESIAN_POINT('',(122.01,-6.E-02,0.5));
#12681 = DIRECTION('',(1.,0.,-0.));
#12682 = DIRECTION('',(0.,0.,1.));
#12683 = ADVANCED_FACE('',(#12684),#12709,.F.);
#12684 = FACE_BOUND('',#12685,.F.);
#12685 = EDGE_LOOP('',(#12686,#12696,#12702,#12703));
#12686 = ORIENTED_EDGE('',*,*,#12687,.F.);
#12687 = EDGE_CURVE('',#12688,#12690,#12692,.T.);
#12688 = VERTEX_POINT('',#12689);
#12689 = CARTESIAN_POINT('',(122.68,-6.E-02,0.5));
#12690 = VERTEX_POINT('',#12691);
#12691 = CARTESIAN_POINT('',(122.68,-6.E-02,3.9));
#12692 = LINE('',#12693,#12694);
#12693 = CARTESIAN_POINT('',(122.68,-6.E-02,0.5));
#12694 = VECTOR('',#12695,1.);
#12695 = DIRECTION('',(0.,0.,1.));
#12696 = ORIENTED_EDGE('',*,*,#12697,.T.);
#12697 = EDGE_CURVE('',#12688,#2565,#12698,.T.);
#12698 = LINE('',#12699,#12700);
#12699 = CARTESIAN_POINT('',(122.68,-6.E-02,0.5));
#12700 = VECTOR('',#12701,1.);
#12701 = DIRECTION('',(-0.,1.,0.));
#12702 = ORIENTED_EDGE('',*,*,#2564,.T.);
#12703 = ORIENTED_EDGE('',*,*,#12704,.F.);
#12704 = EDGE_CURVE('',#12690,#2567,#12705,.T.);
#12705 = LINE('',#12706,#12707);
#12706 = CARTESIAN_POINT('',(122.68,-6.E-02,3.9));
#12707 = VECTOR('',#12708,1.);
#12708 = DIRECTION('',(-0.,1.,0.));
#12709 = PLANE('',#12710);
#12710 = AXIS2_PLACEMENT_3D('',#12711,#12712,#12713);
#12711 = CARTESIAN_POINT('',(122.68,-6.E-02,0.5));
#12712 = DIRECTION('',(1.,0.,-0.));
#12713 = DIRECTION('',(0.,0.,1.));
#12714 = ADVANCED_FACE('',(#12715),#12733,.F.);
#12715 = FACE_BOUND('',#12716,.F.);
#12716 = EDGE_LOOP('',(#12717,#12718,#12726,#12732));
#12717 = ORIENTED_EDGE('',*,*,#12697,.F.);
#12718 = ORIENTED_EDGE('',*,*,#12719,.T.);
#12719 = EDGE_CURVE('',#12688,#12720,#12722,.T.);
#12720 = VERTEX_POINT('',#12721);
#12721 = CARTESIAN_POINT('',(123.73,-6.E-02,0.5));
#12722 = LINE('',#12723,#12724);
#12723 = CARTESIAN_POINT('',(122.68,-6.E-02,0.5));
#12724 = VECTOR('',#12725,1.);
#12725 = DIRECTION('',(1.,0.,-0.));
#12726 = ORIENTED_EDGE('',*,*,#12727,.T.);
#12727 = EDGE_CURVE('',#12720,#2575,#12728,.T.);
#12728 = LINE('',#12729,#12730);
#12729 = CARTESIAN_POINT('',(123.73,-6.E-02,0.5));
#12730 = VECTOR('',#12731,1.);
#12731 = DIRECTION('',(-0.,1.,0.));
#12732 = ORIENTED_EDGE('',*,*,#2574,.F.);
#12733 = PLANE('',#12734);
#12734 = AXIS2_PLACEMENT_3D('',#12735,#12736,#12737);
#12735 = CARTESIAN_POINT('',(122.68,-6.E-02,0.5));
#12736 = DIRECTION('',(0.,0.,1.));
#12737 = DIRECTION('',(1.,0.,-0.));
#12738 = ADVANCED_FACE('',(#12739),#12757,.T.);
#12739 = FACE_BOUND('',#12740,.T.);
#12740 = EDGE_LOOP('',(#12741,#12742,#12750,#12756));
#12741 = ORIENTED_EDGE('',*,*,#12704,.F.);
#12742 = ORIENTED_EDGE('',*,*,#12743,.T.);
#12743 = EDGE_CURVE('',#12690,#12744,#12746,.T.);
#12744 = VERTEX_POINT('',#12745);
#12745 = CARTESIAN_POINT('',(123.73,-6.E-02,3.9));
#12746 = LINE('',#12747,#12748);
#12747 = CARTESIAN_POINT('',(122.68,-6.E-02,3.9));
#12748 = VECTOR('',#12749,1.);
#12749 = DIRECTION('',(1.,0.,-0.));
#12750 = ORIENTED_EDGE('',*,*,#12751,.T.);
#12751 = EDGE_CURVE('',#12744,#2583,#12752,.T.);
#12752 = LINE('',#12753,#12754);
#12753 = CARTESIAN_POINT('',(123.73,-6.E-02,3.9));
#12754 = VECTOR('',#12755,1.);
#12755 = DIRECTION('',(-0.,1.,0.));
#12756 = ORIENTED_EDGE('',*,*,#2590,.F.);
#12757 = PLANE('',#12758);
#12758 = AXIS2_PLACEMENT_3D('',#12759,#12760,#12761);
#12759 = CARTESIAN_POINT('',(122.68,-6.E-02,3.9));
#12760 = DIRECTION('',(0.,0.,1.));
#12761 = DIRECTION('',(1.,0.,-0.));
#12762 = ADVANCED_FACE('',(#12763),#12774,.T.);
#12763 = FACE_BOUND('',#12764,.T.);
#12764 = EDGE_LOOP('',(#12765,#12771,#12772,#12773));
#12765 = ORIENTED_EDGE('',*,*,#12766,.F.);
#12766 = EDGE_CURVE('',#12720,#12744,#12767,.T.);
#12767 = LINE('',#12768,#12769);
#12768 = CARTESIAN_POINT('',(123.73,-6.E-02,0.5));
#12769 = VECTOR('',#12770,1.);
#12770 = DIRECTION('',(0.,0.,1.));
#12771 = ORIENTED_EDGE('',*,*,#12727,.T.);
#12772 = ORIENTED_EDGE('',*,*,#2582,.T.);
#12773 = ORIENTED_EDGE('',*,*,#12751,.F.);
#12774 = PLANE('',#12775);
#12775 = AXIS2_PLACEMENT_3D('',#12776,#12777,#12778);
#12776 = CARTESIAN_POINT('',(123.73,-6.E-02,0.5));
#12777 = DIRECTION('',(1.,0.,-0.));
#12778 = DIRECTION('',(0.,0.,1.));
#12779 = ADVANCED_FACE('',(#12780),#12805,.F.);
#12780 = FACE_BOUND('',#12781,.F.);
#12781 = EDGE_LOOP('',(#12782,#12792,#12798,#12799));
#12782 = ORIENTED_EDGE('',*,*,#12783,.F.);
#12783 = EDGE_CURVE('',#12784,#12786,#12788,.T.);
#12784 = VERTEX_POINT('',#12785);
#12785 = CARTESIAN_POINT('',(124.4,-6.E-02,0.5));
#12786 = VERTEX_POINT('',#12787);
#12787 = CARTESIAN_POINT('',(124.4,-6.E-02,3.9));
#12788 = LINE('',#12789,#12790);
#12789 = CARTESIAN_POINT('',(124.4,-6.E-02,0.5));
#12790 = VECTOR('',#12791,1.);
#12791 = DIRECTION('',(0.,0.,1.));
#12792 = ORIENTED_EDGE('',*,*,#12793,.T.);
#12793 = EDGE_CURVE('',#12784,#2599,#12794,.T.);
#12794 = LINE('',#12795,#12796);
#12795 = CARTESIAN_POINT('',(124.4,-6.E-02,0.5));
#12796 = VECTOR('',#12797,1.);
#12797 = DIRECTION('',(-0.,1.,0.));
#12798 = ORIENTED_EDGE('',*,*,#2598,.T.);
#12799 = ORIENTED_EDGE('',*,*,#12800,.F.);
#12800 = EDGE_CURVE('',#12786,#2601,#12801,.T.);
#12801 = LINE('',#12802,#12803);
#12802 = CARTESIAN_POINT('',(124.4,-6.E-02,3.9));
#12803 = VECTOR('',#12804,1.);
#12804 = DIRECTION('',(-0.,1.,0.));
#12805 = PLANE('',#12806);
#12806 = AXIS2_PLACEMENT_3D('',#12807,#12808,#12809);
#12807 = CARTESIAN_POINT('',(124.4,-6.E-02,0.5));
#12808 = DIRECTION('',(1.,0.,-0.));
#12809 = DIRECTION('',(0.,0.,1.));
#12810 = ADVANCED_FACE('',(#12811),#12829,.F.);
#12811 = FACE_BOUND('',#12812,.F.);
#12812 = EDGE_LOOP('',(#12813,#12814,#12822,#12828));
#12813 = ORIENTED_EDGE('',*,*,#12793,.F.);
#12814 = ORIENTED_EDGE('',*,*,#12815,.T.);
#12815 = EDGE_CURVE('',#12784,#12816,#12818,.T.);
#12816 = VERTEX_POINT('',#12817);
#12817 = CARTESIAN_POINT('',(125.45,-6.E-02,0.5));
#12818 = LINE('',#12819,#12820);
#12819 = CARTESIAN_POINT('',(124.4,-6.E-02,0.5));
#12820 = VECTOR('',#12821,1.);
#12821 = DIRECTION('',(1.,0.,-0.));
#12822 = ORIENTED_EDGE('',*,*,#12823,.T.);
#12823 = EDGE_CURVE('',#12816,#2609,#12824,.T.);
#12824 = LINE('',#12825,#12826);
#12825 = CARTESIAN_POINT('',(125.45,-6.E-02,0.5));
#12826 = VECTOR('',#12827,1.);
#12827 = DIRECTION('',(-0.,1.,0.));
#12828 = ORIENTED_EDGE('',*,*,#2608,.F.);
#12829 = PLANE('',#12830);
#12830 = AXIS2_PLACEMENT_3D('',#12831,#12832,#12833);
#12831 = CARTESIAN_POINT('',(124.4,-6.E-02,0.5));
#12832 = DIRECTION('',(0.,0.,1.));
#12833 = DIRECTION('',(1.,0.,-0.));
#12834 = ADVANCED_FACE('',(#12835),#12853,.T.);
#12835 = FACE_BOUND('',#12836,.T.);
#12836 = EDGE_LOOP('',(#12837,#12838,#12846,#12852));
#12837 = ORIENTED_EDGE('',*,*,#12800,.F.);
#12838 = ORIENTED_EDGE('',*,*,#12839,.T.);
#12839 = EDGE_CURVE('',#12786,#12840,#12842,.T.);
#12840 = VERTEX_POINT('',#12841);
#12841 = CARTESIAN_POINT('',(125.45,-6.E-02,3.9));
#12842 = LINE('',#12843,#12844);
#12843 = CARTESIAN_POINT('',(124.4,-6.E-02,3.9));
#12844 = VECTOR('',#12845,1.);
#12845 = DIRECTION('',(1.,0.,-0.));
#12846 = ORIENTED_EDGE('',*,*,#12847,.T.);
#12847 = EDGE_CURVE('',#12840,#2617,#12848,.T.);
#12848 = LINE('',#12849,#12850);
#12849 = CARTESIAN_POINT('',(125.45,-6.E-02,3.9));
#12850 = VECTOR('',#12851,1.);
#12851 = DIRECTION('',(-0.,1.,0.));
#12852 = ORIENTED_EDGE('',*,*,#2624,.F.);
#12853 = PLANE('',#12854);
#12854 = AXIS2_PLACEMENT_3D('',#12855,#12856,#12857);
#12855 = CARTESIAN_POINT('',(124.4,-6.E-02,3.9));
#12856 = DIRECTION('',(0.,0.,1.));
#12857 = DIRECTION('',(1.,0.,-0.));
#12858 = ADVANCED_FACE('',(#12859),#12870,.T.);
#12859 = FACE_BOUND('',#12860,.T.);
#12860 = EDGE_LOOP('',(#12861,#12867,#12868,#12869));
#12861 = ORIENTED_EDGE('',*,*,#12862,.F.);
#12862 = EDGE_CURVE('',#12816,#12840,#12863,.T.);
#12863 = LINE('',#12864,#12865);
#12864 = CARTESIAN_POINT('',(125.45,-6.E-02,0.5));
#12865 = VECTOR('',#12866,1.);
#12866 = DIRECTION('',(0.,0.,1.));
#12867 = ORIENTED_EDGE('',*,*,#12823,.T.);
#12868 = ORIENTED_EDGE('',*,*,#2616,.T.);
#12869 = ORIENTED_EDGE('',*,*,#12847,.F.);
#12870 = PLANE('',#12871);
#12871 = AXIS2_PLACEMENT_3D('',#12872,#12873,#12874);
#12872 = CARTESIAN_POINT('',(125.45,-6.E-02,0.5));
#12873 = DIRECTION('',(1.,0.,-0.));
#12874 = DIRECTION('',(0.,0.,1.));
#12875 = ADVANCED_FACE('',(#12876),#12901,.F.);
#12876 = FACE_BOUND('',#12877,.F.);
#12877 = EDGE_LOOP('',(#12878,#12888,#12894,#12895));
#12878 = ORIENTED_EDGE('',*,*,#12879,.F.);
#12879 = EDGE_CURVE('',#12880,#12882,#12884,.T.);
#12880 = VERTEX_POINT('',#12881);
#12881 = CARTESIAN_POINT('',(126.12,-6.E-02,0.5));
#12882 = VERTEX_POINT('',#12883);
#12883 = CARTESIAN_POINT('',(126.12,-6.E-02,3.9));
#12884 = LINE('',#12885,#12886);
#12885 = CARTESIAN_POINT('',(126.12,-6.E-02,0.5));
#12886 = VECTOR('',#12887,1.);
#12887 = DIRECTION('',(0.,0.,1.));
#12888 = ORIENTED_EDGE('',*,*,#12889,.T.);
#12889 = EDGE_CURVE('',#12880,#2633,#12890,.T.);
#12890 = LINE('',#12891,#12892);
#12891 = CARTESIAN_POINT('',(126.12,-6.E-02,0.5));
#12892 = VECTOR('',#12893,1.);
#12893 = DIRECTION('',(-0.,1.,0.));
#12894 = ORIENTED_EDGE('',*,*,#2632,.T.);
#12895 = ORIENTED_EDGE('',*,*,#12896,.F.);
#12896 = EDGE_CURVE('',#12882,#2635,#12897,.T.);
#12897 = LINE('',#12898,#12899);
#12898 = CARTESIAN_POINT('',(126.12,-6.E-02,3.9));
#12899 = VECTOR('',#12900,1.);
#12900 = DIRECTION('',(-0.,1.,0.));
#12901 = PLANE('',#12902);
#12902 = AXIS2_PLACEMENT_3D('',#12903,#12904,#12905);
#12903 = CARTESIAN_POINT('',(126.12,-6.E-02,0.5));
#12904 = DIRECTION('',(1.,0.,-0.));
#12905 = DIRECTION('',(0.,0.,1.));
#12906 = ADVANCED_FACE('',(#12907),#12925,.F.);
#12907 = FACE_BOUND('',#12908,.F.);
#12908 = EDGE_LOOP('',(#12909,#12910,#12918,#12924));
#12909 = ORIENTED_EDGE('',*,*,#12889,.F.);
#12910 = ORIENTED_EDGE('',*,*,#12911,.T.);
#12911 = EDGE_CURVE('',#12880,#12912,#12914,.T.);
#12912 = VERTEX_POINT('',#12913);
#12913 = CARTESIAN_POINT('',(127.17,-6.E-02,0.5));
#12914 = LINE('',#12915,#12916);
#12915 = CARTESIAN_POINT('',(126.12,-6.E-02,0.5));
#12916 = VECTOR('',#12917,1.);
#12917 = DIRECTION('',(1.,0.,-0.));
#12918 = ORIENTED_EDGE('',*,*,#12919,.T.);
#12919 = EDGE_CURVE('',#12912,#2643,#12920,.T.);
#12920 = LINE('',#12921,#12922);
#12921 = CARTESIAN_POINT('',(127.17,-6.E-02,0.5));
#12922 = VECTOR('',#12923,1.);
#12923 = DIRECTION('',(-0.,1.,0.));
#12924 = ORIENTED_EDGE('',*,*,#2642,.F.);
#12925 = PLANE('',#12926);
#12926 = AXIS2_PLACEMENT_3D('',#12927,#12928,#12929);
#12927 = CARTESIAN_POINT('',(126.12,-6.E-02,0.5));
#12928 = DIRECTION('',(0.,0.,1.));
#12929 = DIRECTION('',(1.,0.,-0.));
#12930 = ADVANCED_FACE('',(#12931),#12949,.T.);
#12931 = FACE_BOUND('',#12932,.T.);
#12932 = EDGE_LOOP('',(#12933,#12934,#12942,#12948));
#12933 = ORIENTED_EDGE('',*,*,#12896,.F.);
#12934 = ORIENTED_EDGE('',*,*,#12935,.T.);
#12935 = EDGE_CURVE('',#12882,#12936,#12938,.T.);
#12936 = VERTEX_POINT('',#12937);
#12937 = CARTESIAN_POINT('',(127.17,-6.E-02,3.9));
#12938 = LINE('',#12939,#12940);
#12939 = CARTESIAN_POINT('',(126.12,-6.E-02,3.9));
#12940 = VECTOR('',#12941,1.);
#12941 = DIRECTION('',(1.,0.,-0.));
#12942 = ORIENTED_EDGE('',*,*,#12943,.T.);
#12943 = EDGE_CURVE('',#12936,#2651,#12944,.T.);
#12944 = LINE('',#12945,#12946);
#12945 = CARTESIAN_POINT('',(127.17,-6.E-02,3.9));
#12946 = VECTOR('',#12947,1.);
#12947 = DIRECTION('',(-0.,1.,0.));
#12948 = ORIENTED_EDGE('',*,*,#2658,.F.);
#12949 = PLANE('',#12950);
#12950 = AXIS2_PLACEMENT_3D('',#12951,#12952,#12953);
#12951 = CARTESIAN_POINT('',(126.12,-6.E-02,3.9));
#12952 = DIRECTION('',(0.,0.,1.));
#12953 = DIRECTION('',(1.,0.,-0.));
#12954 = ADVANCED_FACE('',(#12955),#12966,.T.);
#12955 = FACE_BOUND('',#12956,.T.);
#12956 = EDGE_LOOP('',(#12957,#12963,#12964,#12965));
#12957 = ORIENTED_EDGE('',*,*,#12958,.F.);
#12958 = EDGE_CURVE('',#12912,#12936,#12959,.T.);
#12959 = LINE('',#12960,#12961);
#12960 = CARTESIAN_POINT('',(127.17,-6.E-02,0.5));
#12961 = VECTOR('',#12962,1.);
#12962 = DIRECTION('',(0.,0.,1.));
#12963 = ORIENTED_EDGE('',*,*,#12919,.T.);
#12964 = ORIENTED_EDGE('',*,*,#2650,.T.);
#12965 = ORIENTED_EDGE('',*,*,#12943,.F.);
#12966 = PLANE('',#12967);
#12967 = AXIS2_PLACEMENT_3D('',#12968,#12969,#12970);
#12968 = CARTESIAN_POINT('',(127.17,-6.E-02,0.5));
#12969 = DIRECTION('',(1.,0.,-0.));
#12970 = DIRECTION('',(0.,0.,1.));
#12971 = ADVANCED_FACE('',(#12972),#12997,.F.);
#12972 = FACE_BOUND('',#12973,.F.);
#12973 = EDGE_LOOP('',(#12974,#12984,#12990,#12991));
#12974 = ORIENTED_EDGE('',*,*,#12975,.F.);
#12975 = EDGE_CURVE('',#12976,#12978,#12980,.T.);
#12976 = VERTEX_POINT('',#12977);
#12977 = CARTESIAN_POINT('',(69.5,-1.05,11.));
#12978 = VERTEX_POINT('',#12979);
#12979 = CARTESIAN_POINT('',(69.5,-1.05,22.5));
#12980 = LINE('',#12981,#12982);
#12981 = CARTESIAN_POINT('',(69.5,-1.05,11.));
#12982 = VECTOR('',#12983,1.);
#12983 = DIRECTION('',(0.,0.,1.));
#12984 = ORIENTED_EDGE('',*,*,#12985,.T.);
#12985 = EDGE_CURVE('',#12976,#2667,#12986,.T.);
#12986 = LINE('',#12987,#12988);
#12987 = CARTESIAN_POINT('',(69.5,-1.05,11.));
#12988 = VECTOR('',#12989,1.);
#12989 = DIRECTION('',(-0.,1.,0.));
#12990 = ORIENTED_EDGE('',*,*,#2666,.T.);
#12991 = ORIENTED_EDGE('',*,*,#12992,.F.);
#12992 = EDGE_CURVE('',#12978,#2669,#12993,.T.);
#12993 = LINE('',#12994,#12995);
#12994 = CARTESIAN_POINT('',(69.5,-1.05,22.5));
#12995 = VECTOR('',#12996,1.);
#12996 = DIRECTION('',(-0.,1.,0.));
#12997 = PLANE('',#12998);
#12998 = AXIS2_PLACEMENT_3D('',#12999,#13000,#13001);
#12999 = CARTESIAN_POINT('',(69.5,-1.05,11.));
#13000 = DIRECTION('',(1.,0.,-0.));
#13001 = DIRECTION('',(0.,0.,1.));
#13002 = ADVANCED_FACE('',(#13003),#13021,.F.);
#13003 = FACE_BOUND('',#13004,.F.);
#13004 = EDGE_LOOP('',(#13005,#13006,#13014,#13020));
#13005 = ORIENTED_EDGE('',*,*,#12985,.F.);
#13006 = ORIENTED_EDGE('',*,*,#13007,.T.);
#13007 = EDGE_CURVE('',#12976,#13008,#13010,.T.);
#13008 = VERTEX_POINT('',#13009);
#13009 = CARTESIAN_POINT('',(79.1,-1.05,11.));
#13010 = LINE('',#13011,#13012);
#13011 = CARTESIAN_POINT('',(69.5,-1.05,11.));
#13012 = VECTOR('',#13013,1.);
#13013 = DIRECTION('',(1.,0.,-0.));
#13014 = ORIENTED_EDGE('',*,*,#13015,.T.);
#13015 = EDGE_CURVE('',#13008,#2677,#13016,.T.);
#13016 = LINE('',#13017,#13018);
#13017 = CARTESIAN_POINT('',(79.1,-1.05,11.));
#13018 = VECTOR('',#13019,1.);
#13019 = DIRECTION('',(-0.,1.,0.));
#13020 = ORIENTED_EDGE('',*,*,#2676,.F.);
#13021 = PLANE('',#13022);
#13022 = AXIS2_PLACEMENT_3D('',#13023,#13024,#13025);
#13023 = CARTESIAN_POINT('',(69.5,-1.05,11.));
#13024 = DIRECTION('',(0.,0.,1.));
#13025 = DIRECTION('',(1.,0.,-0.));
#13026 = ADVANCED_FACE('',(#13027),#13045,.T.);
#13027 = FACE_BOUND('',#13028,.T.);
#13028 = EDGE_LOOP('',(#13029,#13030,#13038,#13044));
#13029 = ORIENTED_EDGE('',*,*,#12992,.F.);
#13030 = ORIENTED_EDGE('',*,*,#13031,.T.);
#13031 = EDGE_CURVE('',#12978,#13032,#13034,.T.);
#13032 = VERTEX_POINT('',#13033);
#13033 = CARTESIAN_POINT('',(79.1,-1.05,22.5));
#13034 = LINE('',#13035,#13036);
#13035 = CARTESIAN_POINT('',(69.5,-1.05,22.5));
#13036 = VECTOR('',#13037,1.);
#13037 = DIRECTION('',(1.,0.,-0.));
#13038 = ORIENTED_EDGE('',*,*,#13039,.T.);
#13039 = EDGE_CURVE('',#13032,#2685,#13040,.T.);
#13040 = LINE('',#13041,#13042);
#13041 = CARTESIAN_POINT('',(79.1,-1.05,22.5));
#13042 = VECTOR('',#13043,1.);
#13043 = DIRECTION('',(-0.,1.,0.));
#13044 = ORIENTED_EDGE('',*,*,#2692,.F.);
#13045 = PLANE('',#13046);
#13046 = AXIS2_PLACEMENT_3D('',#13047,#13048,#13049);
#13047 = CARTESIAN_POINT('',(69.5,-1.05,22.5));
#13048 = DIRECTION('',(0.,0.,1.));
#13049 = DIRECTION('',(1.,0.,-0.));
#13050 = ADVANCED_FACE('',(#13051),#13062,.T.);
#13051 = FACE_BOUND('',#13052,.T.);
#13052 = EDGE_LOOP('',(#13053,#13059,#13060,#13061));
#13053 = ORIENTED_EDGE('',*,*,#13054,.F.);
#13054 = EDGE_CURVE('',#13008,#13032,#13055,.T.);
#13055 = LINE('',#13056,#13057);
#13056 = CARTESIAN_POINT('',(79.1,-1.05,11.));
#13057 = VECTOR('',#13058,1.);
#13058 = DIRECTION('',(0.,0.,1.));
#13059 = ORIENTED_EDGE('',*,*,#13015,.T.);
#13060 = ORIENTED_EDGE('',*,*,#2684,.T.);
#13061 = ORIENTED_EDGE('',*,*,#13039,.F.);
#13062 = PLANE('',#13063);
#13063 = AXIS2_PLACEMENT_3D('',#13064,#13065,#13066);
#13064 = CARTESIAN_POINT('',(79.1,-1.05,11.));
#13065 = DIRECTION('',(1.,0.,-0.));
#13066 = DIRECTION('',(0.,0.,1.));
#13067 = ADVANCED_FACE('',(#13068),#13093,.F.);
#13068 = FACE_BOUND('',#13069,.F.);
#13069 = EDGE_LOOP('',(#13070,#13080,#13086,#13087));
#13070 = ORIENTED_EDGE('',*,*,#13071,.F.);
#13071 = EDGE_CURVE('',#13072,#13074,#13076,.T.);
#13072 = VERTEX_POINT('',#13073);
#13073 = CARTESIAN_POINT('',(82.1,-1.05,11.));
#13074 = VERTEX_POINT('',#13075);
#13075 = CARTESIAN_POINT('',(82.1,-1.05,22.5));
#13076 = LINE('',#13077,#13078);
#13077 = CARTESIAN_POINT('',(82.1,-1.05,11.));
#13078 = VECTOR('',#13079,1.);
#13079 = DIRECTION('',(0.,0.,1.));
#13080 = ORIENTED_EDGE('',*,*,#13081,.T.);
#13081 = EDGE_CURVE('',#13072,#2701,#13082,.T.);
#13082 = LINE('',#13083,#13084);
#13083 = CARTESIAN_POINT('',(82.1,-1.05,11.));
#13084 = VECTOR('',#13085,1.);
#13085 = DIRECTION('',(-0.,1.,0.));
#13086 = ORIENTED_EDGE('',*,*,#2700,.T.);
#13087 = ORIENTED_EDGE('',*,*,#13088,.F.);
#13088 = EDGE_CURVE('',#13074,#2703,#13089,.T.);
#13089 = LINE('',#13090,#13091);
#13090 = CARTESIAN_POINT('',(82.1,-1.05,22.5));
#13091 = VECTOR('',#13092,1.);
#13092 = DIRECTION('',(-0.,1.,0.));
#13093 = PLANE('',#13094);
#13094 = AXIS2_PLACEMENT_3D('',#13095,#13096,#13097);
#13095 = CARTESIAN_POINT('',(82.1,-1.05,11.));
#13096 = DIRECTION('',(1.,0.,-0.));
#13097 = DIRECTION('',(0.,0.,1.));
#13098 = ADVANCED_FACE('',(#13099),#13117,.F.);
#13099 = FACE_BOUND('',#13100,.F.);
#13100 = EDGE_LOOP('',(#13101,#13102,#13110,#13116));
#13101 = ORIENTED_EDGE('',*,*,#13081,.F.);
#13102 = ORIENTED_EDGE('',*,*,#13103,.T.);
#13103 = EDGE_CURVE('',#13072,#13104,#13106,.T.);
#13104 = VERTEX_POINT('',#13105);
#13105 = CARTESIAN_POINT('',(91.7,-1.05,11.));
#13106 = LINE('',#13107,#13108);
#13107 = CARTESIAN_POINT('',(82.1,-1.05,11.));
#13108 = VECTOR('',#13109,1.);
#13109 = DIRECTION('',(1.,0.,-0.));
#13110 = ORIENTED_EDGE('',*,*,#13111,.T.);
#13111 = EDGE_CURVE('',#13104,#2711,#13112,.T.);
#13112 = LINE('',#13113,#13114);
#13113 = CARTESIAN_POINT('',(91.7,-1.05,11.));
#13114 = VECTOR('',#13115,1.);
#13115 = DIRECTION('',(-0.,1.,0.));
#13116 = ORIENTED_EDGE('',*,*,#2710,.F.);
#13117 = PLANE('',#13118);
#13118 = AXIS2_PLACEMENT_3D('',#13119,#13120,#13121);
#13119 = CARTESIAN_POINT('',(82.1,-1.05,11.));
#13120 = DIRECTION('',(0.,0.,1.));
#13121 = DIRECTION('',(1.,0.,-0.));
#13122 = ADVANCED_FACE('',(#13123),#13141,.T.);
#13123 = FACE_BOUND('',#13124,.T.);
#13124 = EDGE_LOOP('',(#13125,#13126,#13134,#13140));
#13125 = ORIENTED_EDGE('',*,*,#13088,.F.);
#13126 = ORIENTED_EDGE('',*,*,#13127,.T.);
#13127 = EDGE_CURVE('',#13074,#13128,#13130,.T.);
#13128 = VERTEX_POINT('',#13129);
#13129 = CARTESIAN_POINT('',(91.7,-1.05,22.5));
#13130 = LINE('',#13131,#13132);
#13131 = CARTESIAN_POINT('',(82.1,-1.05,22.5));
#13132 = VECTOR('',#13133,1.);
#13133 = DIRECTION('',(1.,0.,-0.));
#13134 = ORIENTED_EDGE('',*,*,#13135,.T.);
#13135 = EDGE_CURVE('',#13128,#2719,#13136,.T.);
#13136 = LINE('',#13137,#13138);
#13137 = CARTESIAN_POINT('',(91.7,-1.05,22.5));
#13138 = VECTOR('',#13139,1.);
#13139 = DIRECTION('',(-0.,1.,0.));
#13140 = ORIENTED_EDGE('',*,*,#2726,.F.);
#13141 = PLANE('',#13142);
#13142 = AXIS2_PLACEMENT_3D('',#13143,#13144,#13145);
#13143 = CARTESIAN_POINT('',(82.1,-1.05,22.5));
#13144 = DIRECTION('',(0.,0.,1.));
#13145 = DIRECTION('',(1.,0.,-0.));
#13146 = ADVANCED_FACE('',(#13147),#13158,.T.);
#13147 = FACE_BOUND('',#13148,.T.);
#13148 = EDGE_LOOP('',(#13149,#13155,#13156,#13157));
#13149 = ORIENTED_EDGE('',*,*,#13150,.F.);
#13150 = EDGE_CURVE('',#13104,#13128,#13151,.T.);
#13151 = LINE('',#13152,#13153);
#13152 = CARTESIAN_POINT('',(91.7,-1.05,11.));
#13153 = VECTOR('',#13154,1.);
#13154 = DIRECTION('',(0.,0.,1.));
#13155 = ORIENTED_EDGE('',*,*,#13111,.T.);
#13156 = ORIENTED_EDGE('',*,*,#2718,.T.);
#13157 = ORIENTED_EDGE('',*,*,#13135,.F.);
#13158 = PLANE('',#13159);
#13159 = AXIS2_PLACEMENT_3D('',#13160,#13161,#13162);
#13160 = CARTESIAN_POINT('',(91.7,-1.05,11.));
#13161 = DIRECTION('',(1.,0.,-0.));
#13162 = DIRECTION('',(0.,0.,1.));
#13163 = ADVANCED_FACE('',(#13164),#13189,.F.);
#13164 = FACE_BOUND('',#13165,.F.);
#13165 = EDGE_LOOP('',(#13166,#13176,#13182,#13183));
#13166 = ORIENTED_EDGE('',*,*,#13167,.F.);
#13167 = EDGE_CURVE('',#13168,#13170,#13172,.T.);
#13168 = VERTEX_POINT('',#13169);
#13169 = CARTESIAN_POINT('',(94.7,-1.05,11.));
#13170 = VERTEX_POINT('',#13171);
#13171 = CARTESIAN_POINT('',(94.7,-1.05,22.5));
#13172 = LINE('',#13173,#13174);
#13173 = CARTESIAN_POINT('',(94.7,-1.05,11.));
#13174 = VECTOR('',#13175,1.);
#13175 = DIRECTION('',(0.,0.,1.));
#13176 = ORIENTED_EDGE('',*,*,#13177,.T.);
#13177 = EDGE_CURVE('',#13168,#2735,#13178,.T.);
#13178 = LINE('',#13179,#13180);
#13179 = CARTESIAN_POINT('',(94.7,-1.05,11.));
#13180 = VECTOR('',#13181,1.);
#13181 = DIRECTION('',(-0.,1.,0.));
#13182 = ORIENTED_EDGE('',*,*,#2734,.T.);
#13183 = ORIENTED_EDGE('',*,*,#13184,.F.);
#13184 = EDGE_CURVE('',#13170,#2737,#13185,.T.);
#13185 = LINE('',#13186,#13187);
#13186 = CARTESIAN_POINT('',(94.7,-1.05,22.5));
#13187 = VECTOR('',#13188,1.);
#13188 = DIRECTION('',(-0.,1.,0.));
#13189 = PLANE('',#13190);
#13190 = AXIS2_PLACEMENT_3D('',#13191,#13192,#13193);
#13191 = CARTESIAN_POINT('',(94.7,-1.05,11.));
#13192 = DIRECTION('',(1.,0.,-0.));
#13193 = DIRECTION('',(0.,0.,1.));
#13194 = ADVANCED_FACE('',(#13195),#13213,.F.);
#13195 = FACE_BOUND('',#13196,.F.);
#13196 = EDGE_LOOP('',(#13197,#13198,#13206,#13212));
#13197 = ORIENTED_EDGE('',*,*,#13177,.F.);
#13198 = ORIENTED_EDGE('',*,*,#13199,.T.);
#13199 = EDGE_CURVE('',#13168,#13200,#13202,.T.);
#13200 = VERTEX_POINT('',#13201);
#13201 = CARTESIAN_POINT('',(104.3,-1.05,11.));
#13202 = LINE('',#13203,#13204);
#13203 = CARTESIAN_POINT('',(94.7,-1.05,11.));
#13204 = VECTOR('',#13205,1.);
#13205 = DIRECTION('',(1.,0.,-0.));
#13206 = ORIENTED_EDGE('',*,*,#13207,.T.);
#13207 = EDGE_CURVE('',#13200,#2745,#13208,.T.);
#13208 = LINE('',#13209,#13210);
#13209 = CARTESIAN_POINT('',(104.3,-1.05,11.));
#13210 = VECTOR('',#13211,1.);
#13211 = DIRECTION('',(-0.,1.,0.));
#13212 = ORIENTED_EDGE('',*,*,#2744,.F.);
#13213 = PLANE('',#13214);
#13214 = AXIS2_PLACEMENT_3D('',#13215,#13216,#13217);
#13215 = CARTESIAN_POINT('',(94.7,-1.05,11.));
#13216 = DIRECTION('',(0.,0.,1.));
#13217 = DIRECTION('',(1.,0.,-0.));
#13218 = ADVANCED_FACE('',(#13219),#13237,.T.);
#13219 = FACE_BOUND('',#13220,.T.);
#13220 = EDGE_LOOP('',(#13221,#13222,#13230,#13236));
#13221 = ORIENTED_EDGE('',*,*,#13184,.F.);
#13222 = ORIENTED_EDGE('',*,*,#13223,.T.);
#13223 = EDGE_CURVE('',#13170,#13224,#13226,.T.);
#13224 = VERTEX_POINT('',#13225);
#13225 = CARTESIAN_POINT('',(104.3,-1.05,22.5));
#13226 = LINE('',#13227,#13228);
#13227 = CARTESIAN_POINT('',(94.7,-1.05,22.5));
#13228 = VECTOR('',#13229,1.);
#13229 = DIRECTION('',(1.,0.,-0.));
#13230 = ORIENTED_EDGE('',*,*,#13231,.T.);
#13231 = EDGE_CURVE('',#13224,#2753,#13232,.T.);
#13232 = LINE('',#13233,#13234);
#13233 = CARTESIAN_POINT('',(104.3,-1.05,22.5));
#13234 = VECTOR('',#13235,1.);
#13235 = DIRECTION('',(-0.,1.,0.));
#13236 = ORIENTED_EDGE('',*,*,#2760,.F.);
#13237 = PLANE('',#13238);
#13238 = AXIS2_PLACEMENT_3D('',#13239,#13240,#13241);
#13239 = CARTESIAN_POINT('',(94.7,-1.05,22.5));
#13240 = DIRECTION('',(0.,0.,1.));
#13241 = DIRECTION('',(1.,0.,-0.));
#13242 = ADVANCED_FACE('',(#13243),#13254,.T.);
#13243 = FACE_BOUND('',#13244,.T.);
#13244 = EDGE_LOOP('',(#13245,#13251,#13252,#13253));
#13245 = ORIENTED_EDGE('',*,*,#13246,.F.);
#13246 = EDGE_CURVE('',#13200,#13224,#13247,.T.);
#13247 = LINE('',#13248,#13249);
#13248 = CARTESIAN_POINT('',(104.3,-1.05,11.));
#13249 = VECTOR('',#13250,1.);
#13250 = DIRECTION('',(0.,0.,1.));
#13251 = ORIENTED_EDGE('',*,*,#13207,.T.);
#13252 = ORIENTED_EDGE('',*,*,#2752,.T.);
#13253 = ORIENTED_EDGE('',*,*,#13231,.F.);
#13254 = PLANE('',#13255);
#13255 = AXIS2_PLACEMENT_3D('',#13256,#13257,#13258);
#13256 = CARTESIAN_POINT('',(104.3,-1.05,11.));
#13257 = DIRECTION('',(1.,0.,-0.));
#13258 = DIRECTION('',(0.,0.,1.));
#13259 = ADVANCED_FACE('',(#13260),#13285,.F.);
#13260 = FACE_BOUND('',#13261,.F.);
#13261 = EDGE_LOOP('',(#13262,#13272,#13278,#13279));
#13262 = ORIENTED_EDGE('',*,*,#13263,.F.);
#13263 = EDGE_CURVE('',#13264,#13266,#13268,.T.);
#13264 = VERTEX_POINT('',#13265);
#13265 = CARTESIAN_POINT('',(107.3,-1.05,11.));
#13266 = VERTEX_POINT('',#13267);
#13267 = CARTESIAN_POINT('',(107.3,-1.05,22.5));
#13268 = LINE('',#13269,#13270);
#13269 = CARTESIAN_POINT('',(107.3,-1.05,11.));
#13270 = VECTOR('',#13271,1.);
#13271 = DIRECTION('',(0.,0.,1.));
#13272 = ORIENTED_EDGE('',*,*,#13273,.T.);
#13273 = EDGE_CURVE('',#13264,#2769,#13274,.T.);
#13274 = LINE('',#13275,#13276);
#13275 = CARTESIAN_POINT('',(107.3,-1.05,11.));
#13276 = VECTOR('',#13277,1.);
#13277 = DIRECTION('',(-0.,1.,0.));
#13278 = ORIENTED_EDGE('',*,*,#2768,.T.);
#13279 = ORIENTED_EDGE('',*,*,#13280,.F.);
#13280 = EDGE_CURVE('',#13266,#2771,#13281,.T.);
#13281 = LINE('',#13282,#13283);
#13282 = CARTESIAN_POINT('',(107.3,-1.05,22.5));
#13283 = VECTOR('',#13284,1.);
#13284 = DIRECTION('',(-0.,1.,0.));
#13285 = PLANE('',#13286);
#13286 = AXIS2_PLACEMENT_3D('',#13287,#13288,#13289);
#13287 = CARTESIAN_POINT('',(107.3,-1.05,11.));
#13288 = DIRECTION('',(1.,0.,-0.));
#13289 = DIRECTION('',(0.,0.,1.));
#13290 = ADVANCED_FACE('',(#13291),#13309,.F.);
#13291 = FACE_BOUND('',#13292,.F.);
#13292 = EDGE_LOOP('',(#13293,#13294,#13302,#13308));
#13293 = ORIENTED_EDGE('',*,*,#13273,.F.);
#13294 = ORIENTED_EDGE('',*,*,#13295,.T.);
#13295 = EDGE_CURVE('',#13264,#13296,#13298,.T.);
#13296 = VERTEX_POINT('',#13297);
#13297 = CARTESIAN_POINT('',(116.9,-1.05,11.));
#13298 = LINE('',#13299,#13300);
#13299 = CARTESIAN_POINT('',(107.3,-1.05,11.));
#13300 = VECTOR('',#13301,1.);
#13301 = DIRECTION('',(1.,0.,-0.));
#13302 = ORIENTED_EDGE('',*,*,#13303,.T.);
#13303 = EDGE_CURVE('',#13296,#2779,#13304,.T.);
#13304 = LINE('',#13305,#13306);
#13305 = CARTESIAN_POINT('',(116.9,-1.05,11.));
#13306 = VECTOR('',#13307,1.);
#13307 = DIRECTION('',(-0.,1.,0.));
#13308 = ORIENTED_EDGE('',*,*,#2778,.F.);
#13309 = PLANE('',#13310);
#13310 = AXIS2_PLACEMENT_3D('',#13311,#13312,#13313);
#13311 = CARTESIAN_POINT('',(107.3,-1.05,11.));
#13312 = DIRECTION('',(0.,0.,1.));
#13313 = DIRECTION('',(1.,0.,-0.));
#13314 = ADVANCED_FACE('',(#13315),#13333,.T.);
#13315 = FACE_BOUND('',#13316,.T.);
#13316 = EDGE_LOOP('',(#13317,#13318,#13326,#13332));
#13317 = ORIENTED_EDGE('',*,*,#13280,.F.);
#13318 = ORIENTED_EDGE('',*,*,#13319,.T.);
#13319 = EDGE_CURVE('',#13266,#13320,#13322,.T.);
#13320 = VERTEX_POINT('',#13321);
#13321 = CARTESIAN_POINT('',(116.9,-1.05,22.5));
#13322 = LINE('',#13323,#13324);
#13323 = CARTESIAN_POINT('',(107.3,-1.05,22.5));
#13324 = VECTOR('',#13325,1.);
#13325 = DIRECTION('',(1.,0.,-0.));
#13326 = ORIENTED_EDGE('',*,*,#13327,.T.);
#13327 = EDGE_CURVE('',#13320,#2787,#13328,.T.);
#13328 = LINE('',#13329,#13330);
#13329 = CARTESIAN_POINT('',(116.9,-1.05,22.5));
#13330 = VECTOR('',#13331,1.);
#13331 = DIRECTION('',(-0.,1.,0.));
#13332 = ORIENTED_EDGE('',*,*,#2794,.F.);
#13333 = PLANE('',#13334);
#13334 = AXIS2_PLACEMENT_3D('',#13335,#13336,#13337);
#13335 = CARTESIAN_POINT('',(107.3,-1.05,22.5));
#13336 = DIRECTION('',(0.,0.,1.));
#13337 = DIRECTION('',(1.,0.,-0.));
#13338 = ADVANCED_FACE('',(#13339),#13350,.T.);
#13339 = FACE_BOUND('',#13340,.T.);
#13340 = EDGE_LOOP('',(#13341,#13347,#13348,#13349));
#13341 = ORIENTED_EDGE('',*,*,#13342,.F.);
#13342 = EDGE_CURVE('',#13296,#13320,#13343,.T.);
#13343 = LINE('',#13344,#13345);
#13344 = CARTESIAN_POINT('',(116.9,-1.05,11.));
#13345 = VECTOR('',#13346,1.);
#13346 = DIRECTION('',(0.,0.,1.));
#13347 = ORIENTED_EDGE('',*,*,#13303,.T.);
#13348 = ORIENTED_EDGE('',*,*,#2786,.T.);
#13349 = ORIENTED_EDGE('',*,*,#13327,.F.);
#13350 = PLANE('',#13351);
#13351 = AXIS2_PLACEMENT_3D('',#13352,#13353,#13354);
#13352 = CARTESIAN_POINT('',(116.9,-1.05,11.));
#13353 = DIRECTION('',(1.,0.,-0.));
#13354 = DIRECTION('',(0.,0.,1.));
#13355 = ADVANCED_FACE('',(#13356),#13381,.F.);
#13356 = FACE_BOUND('',#13357,.F.);
#13357 = EDGE_LOOP('',(#13358,#13368,#13374,#13375));
#13358 = ORIENTED_EDGE('',*,*,#13359,.F.);
#13359 = EDGE_CURVE('',#13360,#13362,#13364,.T.);
#13360 = VERTEX_POINT('',#13361);
#13361 = CARTESIAN_POINT('',(119.9,-1.05,11.));
#13362 = VERTEX_POINT('',#13363);
#13363 = CARTESIAN_POINT('',(119.9,-1.05,22.5));
#13364 = LINE('',#13365,#13366);
#13365 = CARTESIAN_POINT('',(119.9,-1.05,11.));
#13366 = VECTOR('',#13367,1.);
#13367 = DIRECTION('',(0.,0.,1.));
#13368 = ORIENTED_EDGE('',*,*,#13369,.T.);
#13369 = EDGE_CURVE('',#13360,#2803,#13370,.T.);
#13370 = LINE('',#13371,#13372);
#13371 = CARTESIAN_POINT('',(119.9,-1.05,11.));
#13372 = VECTOR('',#13373,1.);
#13373 = DIRECTION('',(-0.,1.,0.));
#13374 = ORIENTED_EDGE('',*,*,#2802,.T.);
#13375 = ORIENTED_EDGE('',*,*,#13376,.F.);
#13376 = EDGE_CURVE('',#13362,#2805,#13377,.T.);
#13377 = LINE('',#13378,#13379);
#13378 = CARTESIAN_POINT('',(119.9,-1.05,22.5));
#13379 = VECTOR('',#13380,1.);
#13380 = DIRECTION('',(-0.,1.,0.));
#13381 = PLANE('',#13382);
#13382 = AXIS2_PLACEMENT_3D('',#13383,#13384,#13385);
#13383 = CARTESIAN_POINT('',(119.9,-1.05,11.));
#13384 = DIRECTION('',(1.,0.,-0.));
#13385 = DIRECTION('',(0.,0.,1.));
#13386 = ADVANCED_FACE('',(#13387),#13405,.T.);
#13387 = FACE_BOUND('',#13388,.T.);
#13388 = EDGE_LOOP('',(#13389,#13390,#13398,#13404));
#13389 = ORIENTED_EDGE('',*,*,#13376,.F.);
#13390 = ORIENTED_EDGE('',*,*,#13391,.T.);
#13391 = EDGE_CURVE('',#13362,#13392,#13394,.T.);
#13392 = VERTEX_POINT('',#13393);
#13393 = CARTESIAN_POINT('',(129.5,-1.05,22.5));
#13394 = LINE('',#13395,#13396);
#13395 = CARTESIAN_POINT('',(119.9,-1.05,22.5));
#13396 = VECTOR('',#13397,1.);
#13397 = DIRECTION('',(1.,0.,-0.));
#13398 = ORIENTED_EDGE('',*,*,#13399,.T.);
#13399 = EDGE_CURVE('',#13392,#2821,#13400,.T.);
#13400 = LINE('',#13401,#13402);
#13401 = CARTESIAN_POINT('',(129.5,-1.05,22.5));
#13402 = VECTOR('',#13403,1.);
#13403 = DIRECTION('',(-0.,1.,0.));
#13404 = ORIENTED_EDGE('',*,*,#2828,.F.);
#13405 = PLANE('',#13406);
#13406 = AXIS2_PLACEMENT_3D('',#13407,#13408,#13409);
#13407 = CARTESIAN_POINT('',(119.9,-1.05,22.5));
#13408 = DIRECTION('',(0.,0.,1.));
#13409 = DIRECTION('',(1.,0.,-0.));
#13410 = ADVANCED_FACE('',(#13411),#13429,.T.);
#13411 = FACE_BOUND('',#13412,.T.);
#13412 = EDGE_LOOP('',(#13413,#13421,#13427,#13428));
#13413 = ORIENTED_EDGE('',*,*,#13414,.F.);
#13414 = EDGE_CURVE('',#13415,#13392,#13417,.T.);
#13415 = VERTEX_POINT('',#13416);
#13416 = CARTESIAN_POINT('',(129.5,-1.05,11.));
#13417 = LINE('',#13418,#13419);
#13418 = CARTESIAN_POINT('',(129.5,-1.05,11.));
#13419 = VECTOR('',#13420,1.);
#13420 = DIRECTION('',(0.,0.,1.));
#13421 = ORIENTED_EDGE('',*,*,#13422,.T.);
#13422 = EDGE_CURVE('',#13415,#2813,#13423,.T.);
#13423 = LINE('',#13424,#13425);
#13424 = CARTESIAN_POINT('',(129.5,-1.05,11.));
#13425 = VECTOR('',#13426,1.);
#13426 = DIRECTION('',(-0.,1.,0.));
#13427 = ORIENTED_EDGE('',*,*,#2820,.T.);
#13428 = ORIENTED_EDGE('',*,*,#13399,.F.);
#13429 = PLANE('',#13430);
#13430 = AXIS2_PLACEMENT_3D('',#13431,#13432,#13433);
#13431 = CARTESIAN_POINT('',(129.5,-1.05,11.));
#13432 = DIRECTION('',(1.,0.,-0.));
#13433 = DIRECTION('',(0.,0.,1.));
#13434 = ADVANCED_FACE('',(#13435),#13446,.F.);
#13435 = FACE_BOUND('',#13436,.F.);
#13436 = EDGE_LOOP('',(#13437,#13438,#13444,#13445));
#13437 = ORIENTED_EDGE('',*,*,#13369,.F.);
#13438 = ORIENTED_EDGE('',*,*,#13439,.T.);
#13439 = EDGE_CURVE('',#13360,#13415,#13440,.T.);
#13440 = LINE('',#13441,#13442);
#13441 = CARTESIAN_POINT('',(119.9,-1.05,11.));
#13442 = VECTOR('',#13443,1.);
#13443 = DIRECTION('',(1.,0.,-0.));
#13444 = ORIENTED_EDGE('',*,*,#13422,.T.);
#13445 = ORIENTED_EDGE('',*,*,#2812,.F.);
#13446 = PLANE('',#13447);
#13447 = AXIS2_PLACEMENT_3D('',#13448,#13449,#13450);
#13448 = CARTESIAN_POINT('',(119.9,-1.05,11.));
#13449 = DIRECTION('',(0.,0.,1.));
#13450 = DIRECTION('',(1.,0.,-0.));
#13451 = ADVANCED_FACE('',(#13452),#13477,.F.);
#13452 = FACE_BOUND('',#13453,.F.);
#13453 = EDGE_LOOP('',(#13454,#13455,#13463,#13471));
#13454 = ORIENTED_EDGE('',*,*,#2948,.F.);
#13455 = ORIENTED_EDGE('',*,*,#13456,.T.);
#13456 = EDGE_CURVE('',#2949,#13457,#13459,.T.);
#13457 = VERTEX_POINT('',#13458);
#13458 = CARTESIAN_POINT('',(4.,1.26,0.5));
#13459 = LINE('',#13460,#13461);
#13460 = CARTESIAN_POINT('',(4.,1.2,0.5));
#13461 = VECTOR('',#13462,1.);
#13462 = DIRECTION('',(-0.,1.,0.));
#13463 = ORIENTED_EDGE('',*,*,#13464,.T.);
#13464 = EDGE_CURVE('',#13457,#13465,#13467,.T.);
#13465 = VERTEX_POINT('',#13466);
#13466 = CARTESIAN_POINT('',(4.,1.26,3.9));
#13467 = LINE('',#13468,#13469);
#13468 = CARTESIAN_POINT('',(4.,1.26,0.5));
#13469 = VECTOR('',#13470,1.);
#13470 = DIRECTION('',(0.,0.,1.));
#13471 = ORIENTED_EDGE('',*,*,#13472,.F.);
#13472 = EDGE_CURVE('',#2951,#13465,#13473,.T.);
#13473 = LINE('',#13474,#13475);
#13474 = CARTESIAN_POINT('',(4.,1.2,3.9));
#13475 = VECTOR('',#13476,1.);
#13476 = DIRECTION('',(-0.,1.,0.));
#13477 = PLANE('',#13478);
#13478 = AXIS2_PLACEMENT_3D('',#13479,#13480,#13481);
#13479 = CARTESIAN_POINT('',(4.,1.2,0.5));
#13480 = DIRECTION('',(1.,0.,-0.));
#13481 = DIRECTION('',(0.,0.,1.));
#13482 = ADVANCED_FACE('',(#13483),#13501,.F.);
#13483 = FACE_BOUND('',#13484,.F.);
#13484 = EDGE_LOOP('',(#13485,#13486,#13487,#13495));
#13485 = ORIENTED_EDGE('',*,*,#13456,.F.);
#13486 = ORIENTED_EDGE('',*,*,#2958,.T.);
#13487 = ORIENTED_EDGE('',*,*,#13488,.T.);
#13488 = EDGE_CURVE('',#2959,#13489,#13491,.T.);
#13489 = VERTEX_POINT('',#13490);
#13490 = CARTESIAN_POINT('',(5.05,1.26,0.5));
#13491 = LINE('',#13492,#13493);
#13492 = CARTESIAN_POINT('',(5.05,1.2,0.5));
#13493 = VECTOR('',#13494,1.);
#13494 = DIRECTION('',(-0.,1.,0.));
#13495 = ORIENTED_EDGE('',*,*,#13496,.F.);
#13496 = EDGE_CURVE('',#13457,#13489,#13497,.T.);
#13497 = LINE('',#13498,#13499);
#13498 = CARTESIAN_POINT('',(4.,1.26,0.5));
#13499 = VECTOR('',#13500,1.);
#13500 = DIRECTION('',(1.,0.,-0.));
#13501 = PLANE('',#13502);
#13502 = AXIS2_PLACEMENT_3D('',#13503,#13504,#13505);
#13503 = CARTESIAN_POINT('',(4.,1.2,0.5));
#13504 = DIRECTION('',(0.,0.,1.));
#13505 = DIRECTION('',(1.,0.,-0.));
#13506 = ADVANCED_FACE('',(#13507),#13525,.T.);
#13507 = FACE_BOUND('',#13508,.T.);
#13508 = EDGE_LOOP('',(#13509,#13510,#13511,#13519));
#13509 = ORIENTED_EDGE('',*,*,#13472,.F.);
#13510 = ORIENTED_EDGE('',*,*,#2974,.T.);
#13511 = ORIENTED_EDGE('',*,*,#13512,.T.);
#13512 = EDGE_CURVE('',#2967,#13513,#13515,.T.);
#13513 = VERTEX_POINT('',#13514);
#13514 = CARTESIAN_POINT('',(5.05,1.26,3.9));
#13515 = LINE('',#13516,#13517);
#13516 = CARTESIAN_POINT('',(5.05,1.2,3.9));
#13517 = VECTOR('',#13518,1.);
#13518 = DIRECTION('',(-0.,1.,0.));
#13519 = ORIENTED_EDGE('',*,*,#13520,.F.);
#13520 = EDGE_CURVE('',#13465,#13513,#13521,.T.);
#13521 = LINE('',#13522,#13523);
#13522 = CARTESIAN_POINT('',(4.,1.26,3.9));
#13523 = VECTOR('',#13524,1.);
#13524 = DIRECTION('',(1.,0.,-0.));
#13525 = PLANE('',#13526);
#13526 = AXIS2_PLACEMENT_3D('',#13527,#13528,#13529);
#13527 = CARTESIAN_POINT('',(4.,1.2,3.9));
#13528 = DIRECTION('',(0.,0.,1.));
#13529 = DIRECTION('',(1.,0.,-0.));
#13530 = ADVANCED_FACE('',(#13531),#13542,.T.);
#13531 = FACE_BOUND('',#13532,.T.);
#13532 = EDGE_LOOP('',(#13533,#13534,#13535,#13541));
#13533 = ORIENTED_EDGE('',*,*,#2966,.F.);
#13534 = ORIENTED_EDGE('',*,*,#13488,.T.);
#13535 = ORIENTED_EDGE('',*,*,#13536,.T.);
#13536 = EDGE_CURVE('',#13489,#13513,#13537,.T.);
#13537 = LINE('',#13538,#13539);
#13538 = CARTESIAN_POINT('',(5.05,1.26,0.5));
#13539 = VECTOR('',#13540,1.);
#13540 = DIRECTION('',(0.,0.,1.));
#13541 = ORIENTED_EDGE('',*,*,#13512,.F.);
#13542 = PLANE('',#13543);
#13543 = AXIS2_PLACEMENT_3D('',#13544,#13545,#13546);
#13544 = CARTESIAN_POINT('',(5.05,1.2,0.5));
#13545 = DIRECTION('',(1.,0.,-0.));
#13546 = DIRECTION('',(0.,0.,1.));
#13547 = ADVANCED_FACE('',(#13548),#13573,.F.);
#13548 = FACE_BOUND('',#13549,.F.);
#13549 = EDGE_LOOP('',(#13550,#13551,#13559,#13567));
#13550 = ORIENTED_EDGE('',*,*,#2982,.F.);
#13551 = ORIENTED_EDGE('',*,*,#13552,.T.);
#13552 = EDGE_CURVE('',#2983,#13553,#13555,.T.);
#13553 = VERTEX_POINT('',#13554);
#13554 = CARTESIAN_POINT('',(5.72,1.26,0.5));
#13555 = LINE('',#13556,#13557);
#13556 = CARTESIAN_POINT('',(5.72,1.2,0.5));
#13557 = VECTOR('',#13558,1.);
#13558 = DIRECTION('',(-0.,1.,0.));
#13559 = ORIENTED_EDGE('',*,*,#13560,.T.);
#13560 = EDGE_CURVE('',#13553,#13561,#13563,.T.);
#13561 = VERTEX_POINT('',#13562);
#13562 = CARTESIAN_POINT('',(5.72,1.26,3.9));
#13563 = LINE('',#13564,#13565);
#13564 = CARTESIAN_POINT('',(5.72,1.26,0.5));
#13565 = VECTOR('',#13566,1.);
#13566 = DIRECTION('',(0.,0.,1.));
#13567 = ORIENTED_EDGE('',*,*,#13568,.F.);
#13568 = EDGE_CURVE('',#2985,#13561,#13569,.T.);
#13569 = LINE('',#13570,#13571);
#13570 = CARTESIAN_POINT('',(5.72,1.2,3.9));
#13571 = VECTOR('',#13572,1.);
#13572 = DIRECTION('',(-0.,1.,0.));
#13573 = PLANE('',#13574);
#13574 = AXIS2_PLACEMENT_3D('',#13575,#13576,#13577);
#13575 = CARTESIAN_POINT('',(5.72,1.2,0.5));
#13576 = DIRECTION('',(1.,0.,-0.));
#13577 = DIRECTION('',(0.,0.,1.));
#13578 = ADVANCED_FACE('',(#13579),#13597,.F.);
#13579 = FACE_BOUND('',#13580,.F.);
#13580 = EDGE_LOOP('',(#13581,#13582,#13583,#13591));
#13581 = ORIENTED_EDGE('',*,*,#13552,.F.);
#13582 = ORIENTED_EDGE('',*,*,#2992,.T.);
#13583 = ORIENTED_EDGE('',*,*,#13584,.T.);
#13584 = EDGE_CURVE('',#2993,#13585,#13587,.T.);
#13585 = VERTEX_POINT('',#13586);
#13586 = CARTESIAN_POINT('',(6.77,1.26,0.5));
#13587 = LINE('',#13588,#13589);
#13588 = CARTESIAN_POINT('',(6.77,1.2,0.5));
#13589 = VECTOR('',#13590,1.);
#13590 = DIRECTION('',(-0.,1.,0.));
#13591 = ORIENTED_EDGE('',*,*,#13592,.F.);
#13592 = EDGE_CURVE('',#13553,#13585,#13593,.T.);
#13593 = LINE('',#13594,#13595);
#13594 = CARTESIAN_POINT('',(5.72,1.26,0.5));
#13595 = VECTOR('',#13596,1.);
#13596 = DIRECTION('',(1.,0.,-0.));
#13597 = PLANE('',#13598);
#13598 = AXIS2_PLACEMENT_3D('',#13599,#13600,#13601);
#13599 = CARTESIAN_POINT('',(5.72,1.2,0.5));
#13600 = DIRECTION('',(0.,0.,1.));
#13601 = DIRECTION('',(1.,0.,-0.));
#13602 = ADVANCED_FACE('',(#13603),#13621,.T.);
#13603 = FACE_BOUND('',#13604,.T.);
#13604 = EDGE_LOOP('',(#13605,#13606,#13607,#13615));
#13605 = ORIENTED_EDGE('',*,*,#13568,.F.);
#13606 = ORIENTED_EDGE('',*,*,#3008,.T.);
#13607 = ORIENTED_EDGE('',*,*,#13608,.T.);
#13608 = EDGE_CURVE('',#3001,#13609,#13611,.T.);
#13609 = VERTEX_POINT('',#13610);
#13610 = CARTESIAN_POINT('',(6.77,1.26,3.9));
#13611 = LINE('',#13612,#13613);
#13612 = CARTESIAN_POINT('',(6.77,1.2,3.9));
#13613 = VECTOR('',#13614,1.);
#13614 = DIRECTION('',(-0.,1.,0.));
#13615 = ORIENTED_EDGE('',*,*,#13616,.F.);
#13616 = EDGE_CURVE('',#13561,#13609,#13617,.T.);
#13617 = LINE('',#13618,#13619);
#13618 = CARTESIAN_POINT('',(5.72,1.26,3.9));
#13619 = VECTOR('',#13620,1.);
#13620 = DIRECTION('',(1.,0.,-0.));
#13621 = PLANE('',#13622);
#13622 = AXIS2_PLACEMENT_3D('',#13623,#13624,#13625);
#13623 = CARTESIAN_POINT('',(5.72,1.2,3.9));
#13624 = DIRECTION('',(0.,0.,1.));
#13625 = DIRECTION('',(1.,0.,-0.));
#13626 = ADVANCED_FACE('',(#13627),#13638,.T.);
#13627 = FACE_BOUND('',#13628,.T.);
#13628 = EDGE_LOOP('',(#13629,#13630,#13631,#13637));
#13629 = ORIENTED_EDGE('',*,*,#3000,.F.);
#13630 = ORIENTED_EDGE('',*,*,#13584,.T.);
#13631 = ORIENTED_EDGE('',*,*,#13632,.T.);
#13632 = EDGE_CURVE('',#13585,#13609,#13633,.T.);
#13633 = LINE('',#13634,#13635);
#13634 = CARTESIAN_POINT('',(6.77,1.26,0.5));
#13635 = VECTOR('',#13636,1.);
#13636 = DIRECTION('',(0.,0.,1.));
#13637 = ORIENTED_EDGE('',*,*,#13608,.F.);
#13638 = PLANE('',#13639);
#13639 = AXIS2_PLACEMENT_3D('',#13640,#13641,#13642);
#13640 = CARTESIAN_POINT('',(6.77,1.2,0.5));
#13641 = DIRECTION('',(1.,0.,-0.));
#13642 = DIRECTION('',(0.,0.,1.));
#13643 = ADVANCED_FACE('',(#13644),#13669,.F.);
#13644 = FACE_BOUND('',#13645,.F.);
#13645 = EDGE_LOOP('',(#13646,#13647,#13655,#13663));
#13646 = ORIENTED_EDGE('',*,*,#3016,.F.);
#13647 = ORIENTED_EDGE('',*,*,#13648,.T.);
#13648 = EDGE_CURVE('',#3017,#13649,#13651,.T.);
#13649 = VERTEX_POINT('',#13650);
#13650 = CARTESIAN_POINT('',(7.44,1.26,0.5));
#13651 = LINE('',#13652,#13653);
#13652 = CARTESIAN_POINT('',(7.44,1.2,0.5));
#13653 = VECTOR('',#13654,1.);
#13654 = DIRECTION('',(-0.,1.,0.));
#13655 = ORIENTED_EDGE('',*,*,#13656,.T.);
#13656 = EDGE_CURVE('',#13649,#13657,#13659,.T.);
#13657 = VERTEX_POINT('',#13658);
#13658 = CARTESIAN_POINT('',(7.44,1.26,3.9));
#13659 = LINE('',#13660,#13661);
#13660 = CARTESIAN_POINT('',(7.44,1.26,0.5));
#13661 = VECTOR('',#13662,1.);
#13662 = DIRECTION('',(0.,0.,1.));
#13663 = ORIENTED_EDGE('',*,*,#13664,.F.);
#13664 = EDGE_CURVE('',#3019,#13657,#13665,.T.);
#13665 = LINE('',#13666,#13667);
#13666 = CARTESIAN_POINT('',(7.44,1.2,3.9));
#13667 = VECTOR('',#13668,1.);
#13668 = DIRECTION('',(-0.,1.,0.));
#13669 = PLANE('',#13670);
#13670 = AXIS2_PLACEMENT_3D('',#13671,#13672,#13673);
#13671 = CARTESIAN_POINT('',(7.44,1.2,0.5));
#13672 = DIRECTION('',(1.,0.,-0.));
#13673 = DIRECTION('',(0.,0.,1.));
#13674 = ADVANCED_FACE('',(#13675),#13693,.F.);
#13675 = FACE_BOUND('',#13676,.F.);
#13676 = EDGE_LOOP('',(#13677,#13678,#13679,#13687));
#13677 = ORIENTED_EDGE('',*,*,#13648,.F.);
#13678 = ORIENTED_EDGE('',*,*,#3026,.T.);
#13679 = ORIENTED_EDGE('',*,*,#13680,.T.);
#13680 = EDGE_CURVE('',#3027,#13681,#13683,.T.);
#13681 = VERTEX_POINT('',#13682);
#13682 = CARTESIAN_POINT('',(8.49,1.26,0.5));
#13683 = LINE('',#13684,#13685);
#13684 = CARTESIAN_POINT('',(8.49,1.2,0.5));
#13685 = VECTOR('',#13686,1.);
#13686 = DIRECTION('',(-0.,1.,0.));
#13687 = ORIENTED_EDGE('',*,*,#13688,.F.);
#13688 = EDGE_CURVE('',#13649,#13681,#13689,.T.);
#13689 = LINE('',#13690,#13691);
#13690 = CARTESIAN_POINT('',(7.44,1.26,0.5));
#13691 = VECTOR('',#13692,1.);
#13692 = DIRECTION('',(1.,0.,-0.));
#13693 = PLANE('',#13694);
#13694 = AXIS2_PLACEMENT_3D('',#13695,#13696,#13697);
#13695 = CARTESIAN_POINT('',(7.44,1.2,0.5));
#13696 = DIRECTION('',(0.,0.,1.));
#13697 = DIRECTION('',(1.,0.,-0.));
#13698 = ADVANCED_FACE('',(#13699),#13717,.T.);
#13699 = FACE_BOUND('',#13700,.T.);
#13700 = EDGE_LOOP('',(#13701,#13702,#13703,#13711));
#13701 = ORIENTED_EDGE('',*,*,#13664,.F.);
#13702 = ORIENTED_EDGE('',*,*,#3042,.T.);
#13703 = ORIENTED_EDGE('',*,*,#13704,.T.);
#13704 = EDGE_CURVE('',#3035,#13705,#13707,.T.);
#13705 = VERTEX_POINT('',#13706);
#13706 = CARTESIAN_POINT('',(8.49,1.26,3.9));
#13707 = LINE('',#13708,#13709);
#13708 = CARTESIAN_POINT('',(8.49,1.2,3.9));
#13709 = VECTOR('',#13710,1.);
#13710 = DIRECTION('',(-0.,1.,0.));
#13711 = ORIENTED_EDGE('',*,*,#13712,.F.);
#13712 = EDGE_CURVE('',#13657,#13705,#13713,.T.);
#13713 = LINE('',#13714,#13715);
#13714 = CARTESIAN_POINT('',(7.44,1.26,3.9));
#13715 = VECTOR('',#13716,1.);
#13716 = DIRECTION('',(1.,0.,-0.));
#13717 = PLANE('',#13718);
#13718 = AXIS2_PLACEMENT_3D('',#13719,#13720,#13721);
#13719 = CARTESIAN_POINT('',(7.44,1.2,3.9));
#13720 = DIRECTION('',(0.,0.,1.));
#13721 = DIRECTION('',(1.,0.,-0.));
#13722 = ADVANCED_FACE('',(#13723),#13734,.T.);
#13723 = FACE_BOUND('',#13724,.T.);
#13724 = EDGE_LOOP('',(#13725,#13726,#13727,#13733));
#13725 = ORIENTED_EDGE('',*,*,#3034,.F.);
#13726 = ORIENTED_EDGE('',*,*,#13680,.T.);
#13727 = ORIENTED_EDGE('',*,*,#13728,.T.);
#13728 = EDGE_CURVE('',#13681,#13705,#13729,.T.);
#13729 = LINE('',#13730,#13731);
#13730 = CARTESIAN_POINT('',(8.49,1.26,0.5));
#13731 = VECTOR('',#13732,1.);
#13732 = DIRECTION('',(0.,0.,1.));
#13733 = ORIENTED_EDGE('',*,*,#13704,.F.);
#13734 = PLANE('',#13735);
#13735 = AXIS2_PLACEMENT_3D('',#13736,#13737,#13738);
#13736 = CARTESIAN_POINT('',(8.49,1.2,0.5));
#13737 = DIRECTION('',(1.,0.,-0.));
#13738 = DIRECTION('',(0.,0.,1.));
#13739 = ADVANCED_FACE('',(#13740),#13765,.F.);
#13740 = FACE_BOUND('',#13741,.F.);
#13741 = EDGE_LOOP('',(#13742,#13743,#13751,#13759));
#13742 = ORIENTED_EDGE('',*,*,#3050,.F.);
#13743 = ORIENTED_EDGE('',*,*,#13744,.T.);
#13744 = EDGE_CURVE('',#3051,#13745,#13747,.T.);
#13745 = VERTEX_POINT('',#13746);
#13746 = CARTESIAN_POINT('',(9.16,1.26,0.5));
#13747 = LINE('',#13748,#13749);
#13748 = CARTESIAN_POINT('',(9.16,1.2,0.5));
#13749 = VECTOR('',#13750,1.);
#13750 = DIRECTION('',(-0.,1.,0.));
#13751 = ORIENTED_EDGE('',*,*,#13752,.T.);
#13752 = EDGE_CURVE('',#13745,#13753,#13755,.T.);
#13753 = VERTEX_POINT('',#13754);
#13754 = CARTESIAN_POINT('',(9.16,1.26,3.9));
#13755 = LINE('',#13756,#13757);
#13756 = CARTESIAN_POINT('',(9.16,1.26,0.5));
#13757 = VECTOR('',#13758,1.);
#13758 = DIRECTION('',(0.,0.,1.));
#13759 = ORIENTED_EDGE('',*,*,#13760,.F.);
#13760 = EDGE_CURVE('',#3053,#13753,#13761,.T.);
#13761 = LINE('',#13762,#13763);
#13762 = CARTESIAN_POINT('',(9.16,1.2,3.9));
#13763 = VECTOR('',#13764,1.);
#13764 = DIRECTION('',(-0.,1.,0.));
#13765 = PLANE('',#13766);
#13766 = AXIS2_PLACEMENT_3D('',#13767,#13768,#13769);
#13767 = CARTESIAN_POINT('',(9.16,1.2,0.5));
#13768 = DIRECTION('',(1.,0.,-0.));
#13769 = DIRECTION('',(0.,0.,1.));
#13770 = ADVANCED_FACE('',(#13771),#13789,.F.);
#13771 = FACE_BOUND('',#13772,.F.);
#13772 = EDGE_LOOP('',(#13773,#13774,#13775,#13783));
#13773 = ORIENTED_EDGE('',*,*,#13744,.F.);
#13774 = ORIENTED_EDGE('',*,*,#3060,.T.);
#13775 = ORIENTED_EDGE('',*,*,#13776,.T.);
#13776 = EDGE_CURVE('',#3061,#13777,#13779,.T.);
#13777 = VERTEX_POINT('',#13778);
#13778 = CARTESIAN_POINT('',(10.21,1.26,0.5));
#13779 = LINE('',#13780,#13781);
#13780 = CARTESIAN_POINT('',(10.21,1.2,0.5));
#13781 = VECTOR('',#13782,1.);
#13782 = DIRECTION('',(-0.,1.,0.));
#13783 = ORIENTED_EDGE('',*,*,#13784,.F.);
#13784 = EDGE_CURVE('',#13745,#13777,#13785,.T.);
#13785 = LINE('',#13786,#13787);
#13786 = CARTESIAN_POINT('',(9.16,1.26,0.5));
#13787 = VECTOR('',#13788,1.);
#13788 = DIRECTION('',(1.,0.,-0.));
#13789 = PLANE('',#13790);
#13790 = AXIS2_PLACEMENT_3D('',#13791,#13792,#13793);
#13791 = CARTESIAN_POINT('',(9.16,1.2,0.5));
#13792 = DIRECTION('',(0.,0.,1.));
#13793 = DIRECTION('',(1.,0.,-0.));
#13794 = ADVANCED_FACE('',(#13795),#13813,.T.);
#13795 = FACE_BOUND('',#13796,.T.);
#13796 = EDGE_LOOP('',(#13797,#13798,#13799,#13807));
#13797 = ORIENTED_EDGE('',*,*,#13760,.F.);
#13798 = ORIENTED_EDGE('',*,*,#3076,.T.);
#13799 = ORIENTED_EDGE('',*,*,#13800,.T.);
#13800 = EDGE_CURVE('',#3069,#13801,#13803,.T.);
#13801 = VERTEX_POINT('',#13802);
#13802 = CARTESIAN_POINT('',(10.21,1.26,3.9));
#13803 = LINE('',#13804,#13805);
#13804 = CARTESIAN_POINT('',(10.21,1.2,3.9));
#13805 = VECTOR('',#13806,1.);
#13806 = DIRECTION('',(-0.,1.,0.));
#13807 = ORIENTED_EDGE('',*,*,#13808,.F.);
#13808 = EDGE_CURVE('',#13753,#13801,#13809,.T.);
#13809 = LINE('',#13810,#13811);
#13810 = CARTESIAN_POINT('',(9.16,1.26,3.9));
#13811 = VECTOR('',#13812,1.);
#13812 = DIRECTION('',(1.,0.,-0.));
#13813 = PLANE('',#13814);
#13814 = AXIS2_PLACEMENT_3D('',#13815,#13816,#13817);
#13815 = CARTESIAN_POINT('',(9.16,1.2,3.9));
#13816 = DIRECTION('',(0.,0.,1.));
#13817 = DIRECTION('',(1.,0.,-0.));
#13818 = ADVANCED_FACE('',(#13819),#13830,.T.);
#13819 = FACE_BOUND('',#13820,.T.);
#13820 = EDGE_LOOP('',(#13821,#13822,#13823,#13829));
#13821 = ORIENTED_EDGE('',*,*,#3068,.F.);
#13822 = ORIENTED_EDGE('',*,*,#13776,.T.);
#13823 = ORIENTED_EDGE('',*,*,#13824,.T.);
#13824 = EDGE_CURVE('',#13777,#13801,#13825,.T.);
#13825 = LINE('',#13826,#13827);
#13826 = CARTESIAN_POINT('',(10.21,1.26,0.5));
#13827 = VECTOR('',#13828,1.);
#13828 = DIRECTION('',(0.,0.,1.));
#13829 = ORIENTED_EDGE('',*,*,#13800,.F.);
#13830 = PLANE('',#13831);
#13831 = AXIS2_PLACEMENT_3D('',#13832,#13833,#13834);
#13832 = CARTESIAN_POINT('',(10.21,1.2,0.5));
#13833 = DIRECTION('',(1.,0.,-0.));
#13834 = DIRECTION('',(0.,0.,1.));
#13835 = ADVANCED_FACE('',(#13836),#13861,.F.);
#13836 = FACE_BOUND('',#13837,.F.);
#13837 = EDGE_LOOP('',(#13838,#13839,#13847,#13855));
#13838 = ORIENTED_EDGE('',*,*,#3084,.F.);
#13839 = ORIENTED_EDGE('',*,*,#13840,.T.);
#13840 = EDGE_CURVE('',#3085,#13841,#13843,.T.);
#13841 = VERTEX_POINT('',#13842);
#13842 = CARTESIAN_POINT('',(10.88,1.26,0.5));
#13843 = LINE('',#13844,#13845);
#13844 = CARTESIAN_POINT('',(10.88,1.2,0.5));
#13845 = VECTOR('',#13846,1.);
#13846 = DIRECTION('',(-0.,1.,0.));
#13847 = ORIENTED_EDGE('',*,*,#13848,.T.);
#13848 = EDGE_CURVE('',#13841,#13849,#13851,.T.);
#13849 = VERTEX_POINT('',#13850);
#13850 = CARTESIAN_POINT('',(10.88,1.26,3.9));
#13851 = LINE('',#13852,#13853);
#13852 = CARTESIAN_POINT('',(10.88,1.26,0.5));
#13853 = VECTOR('',#13854,1.);
#13854 = DIRECTION('',(0.,0.,1.));
#13855 = ORIENTED_EDGE('',*,*,#13856,.F.);
#13856 = EDGE_CURVE('',#3087,#13849,#13857,.T.);
#13857 = LINE('',#13858,#13859);
#13858 = CARTESIAN_POINT('',(10.88,1.2,3.9));
#13859 = VECTOR('',#13860,1.);
#13860 = DIRECTION('',(-0.,1.,0.));
#13861 = PLANE('',#13862);
#13862 = AXIS2_PLACEMENT_3D('',#13863,#13864,#13865);
#13863 = CARTESIAN_POINT('',(10.88,1.2,0.5));
#13864 = DIRECTION('',(1.,0.,-0.));
#13865 = DIRECTION('',(0.,0.,1.));
#13866 = ADVANCED_FACE('',(#13867),#13885,.F.);
#13867 = FACE_BOUND('',#13868,.F.);
#13868 = EDGE_LOOP('',(#13869,#13870,#13871,#13879));
#13869 = ORIENTED_EDGE('',*,*,#13840,.F.);
#13870 = ORIENTED_EDGE('',*,*,#3094,.T.);
#13871 = ORIENTED_EDGE('',*,*,#13872,.T.);
#13872 = EDGE_CURVE('',#3095,#13873,#13875,.T.);
#13873 = VERTEX_POINT('',#13874);
#13874 = CARTESIAN_POINT('',(11.93,1.26,0.5));
#13875 = LINE('',#13876,#13877);
#13876 = CARTESIAN_POINT('',(11.93,1.2,0.5));
#13877 = VECTOR('',#13878,1.);
#13878 = DIRECTION('',(-0.,1.,0.));
#13879 = ORIENTED_EDGE('',*,*,#13880,.F.);
#13880 = EDGE_CURVE('',#13841,#13873,#13881,.T.);
#13881 = LINE('',#13882,#13883);
#13882 = CARTESIAN_POINT('',(10.88,1.26,0.5));
#13883 = VECTOR('',#13884,1.);
#13884 = DIRECTION('',(1.,0.,-0.));
#13885 = PLANE('',#13886);
#13886 = AXIS2_PLACEMENT_3D('',#13887,#13888,#13889);
#13887 = CARTESIAN_POINT('',(10.88,1.2,0.5));
#13888 = DIRECTION('',(0.,0.,1.));
#13889 = DIRECTION('',(1.,0.,-0.));
#13890 = ADVANCED_FACE('',(#13891),#13909,.T.);
#13891 = FACE_BOUND('',#13892,.T.);
#13892 = EDGE_LOOP('',(#13893,#13894,#13895,#13903));
#13893 = ORIENTED_EDGE('',*,*,#13856,.F.);
#13894 = ORIENTED_EDGE('',*,*,#3110,.T.);
#13895 = ORIENTED_EDGE('',*,*,#13896,.T.);
#13896 = EDGE_CURVE('',#3103,#13897,#13899,.T.);
#13897 = VERTEX_POINT('',#13898);
#13898 = CARTESIAN_POINT('',(11.93,1.26,3.9));
#13899 = LINE('',#13900,#13901);
#13900 = CARTESIAN_POINT('',(11.93,1.2,3.9));
#13901 = VECTOR('',#13902,1.);
#13902 = DIRECTION('',(-0.,1.,0.));
#13903 = ORIENTED_EDGE('',*,*,#13904,.F.);
#13904 = EDGE_CURVE('',#13849,#13897,#13905,.T.);
#13905 = LINE('',#13906,#13907);
#13906 = CARTESIAN_POINT('',(10.88,1.26,3.9));
#13907 = VECTOR('',#13908,1.);
#13908 = DIRECTION('',(1.,0.,-0.));
#13909 = PLANE('',#13910);
#13910 = AXIS2_PLACEMENT_3D('',#13911,#13912,#13913);
#13911 = CARTESIAN_POINT('',(10.88,1.2,3.9));
#13912 = DIRECTION('',(0.,0.,1.));
#13913 = DIRECTION('',(1.,0.,-0.));
#13914 = ADVANCED_FACE('',(#13915),#13926,.T.);
#13915 = FACE_BOUND('',#13916,.T.);
#13916 = EDGE_LOOP('',(#13917,#13918,#13919,#13925));
#13917 = ORIENTED_EDGE('',*,*,#3102,.F.);
#13918 = ORIENTED_EDGE('',*,*,#13872,.T.);
#13919 = ORIENTED_EDGE('',*,*,#13920,.T.);
#13920 = EDGE_CURVE('',#13873,#13897,#13921,.T.);
#13921 = LINE('',#13922,#13923);
#13922 = CARTESIAN_POINT('',(11.93,1.26,0.5));
#13923 = VECTOR('',#13924,1.);
#13924 = DIRECTION('',(0.,0.,1.));
#13925 = ORIENTED_EDGE('',*,*,#13896,.F.);
#13926 = PLANE('',#13927);
#13927 = AXIS2_PLACEMENT_3D('',#13928,#13929,#13930);
#13928 = CARTESIAN_POINT('',(11.93,1.2,0.5));
#13929 = DIRECTION('',(1.,0.,-0.));
#13930 = DIRECTION('',(0.,0.,1.));
#13931 = ADVANCED_FACE('',(#13932),#13957,.F.);
#13932 = FACE_BOUND('',#13933,.F.);
#13933 = EDGE_LOOP('',(#13934,#13935,#13943,#13951));
#13934 = ORIENTED_EDGE('',*,*,#3118,.F.);
#13935 = ORIENTED_EDGE('',*,*,#13936,.T.);
#13936 = EDGE_CURVE('',#3119,#13937,#13939,.T.);
#13937 = VERTEX_POINT('',#13938);
#13938 = CARTESIAN_POINT('',(12.6,1.26,0.5));
#13939 = LINE('',#13940,#13941);
#13940 = CARTESIAN_POINT('',(12.6,1.2,0.5));
#13941 = VECTOR('',#13942,1.);
#13942 = DIRECTION('',(-0.,1.,0.));
#13943 = ORIENTED_EDGE('',*,*,#13944,.T.);
#13944 = EDGE_CURVE('',#13937,#13945,#13947,.T.);
#13945 = VERTEX_POINT('',#13946);
#13946 = CARTESIAN_POINT('',(12.6,1.26,3.9));
#13947 = LINE('',#13948,#13949);
#13948 = CARTESIAN_POINT('',(12.6,1.26,0.5));
#13949 = VECTOR('',#13950,1.);
#13950 = DIRECTION('',(0.,0.,1.));
#13951 = ORIENTED_EDGE('',*,*,#13952,.F.);
#13952 = EDGE_CURVE('',#3121,#13945,#13953,.T.);
#13953 = LINE('',#13954,#13955);
#13954 = CARTESIAN_POINT('',(12.6,1.2,3.9));
#13955 = VECTOR('',#13956,1.);
#13956 = DIRECTION('',(-0.,1.,0.));
#13957 = PLANE('',#13958);
#13958 = AXIS2_PLACEMENT_3D('',#13959,#13960,#13961);
#13959 = CARTESIAN_POINT('',(12.6,1.2,0.5));
#13960 = DIRECTION('',(1.,0.,-0.));
#13961 = DIRECTION('',(0.,0.,1.));
#13962 = ADVANCED_FACE('',(#13963),#13981,.F.);
#13963 = FACE_BOUND('',#13964,.F.);
#13964 = EDGE_LOOP('',(#13965,#13966,#13967,#13975));
#13965 = ORIENTED_EDGE('',*,*,#13936,.F.);
#13966 = ORIENTED_EDGE('',*,*,#3128,.T.);
#13967 = ORIENTED_EDGE('',*,*,#13968,.T.);
#13968 = EDGE_CURVE('',#3129,#13969,#13971,.T.);
#13969 = VERTEX_POINT('',#13970);
#13970 = CARTESIAN_POINT('',(13.65,1.26,0.5));
#13971 = LINE('',#13972,#13973);
#13972 = CARTESIAN_POINT('',(13.65,1.2,0.5));
#13973 = VECTOR('',#13974,1.);
#13974 = DIRECTION('',(-0.,1.,0.));
#13975 = ORIENTED_EDGE('',*,*,#13976,.F.);
#13976 = EDGE_CURVE('',#13937,#13969,#13977,.T.);
#13977 = LINE('',#13978,#13979);
#13978 = CARTESIAN_POINT('',(12.6,1.26,0.5));
#13979 = VECTOR('',#13980,1.);
#13980 = DIRECTION('',(1.,0.,-0.));
#13981 = PLANE('',#13982);
#13982 = AXIS2_PLACEMENT_3D('',#13983,#13984,#13985);
#13983 = CARTESIAN_POINT('',(12.6,1.2,0.5));
#13984 = DIRECTION('',(0.,0.,1.));
#13985 = DIRECTION('',(1.,0.,-0.));
#13986 = ADVANCED_FACE('',(#13987),#14005,.T.);
#13987 = FACE_BOUND('',#13988,.T.);
#13988 = EDGE_LOOP('',(#13989,#13990,#13991,#13999));
#13989 = ORIENTED_EDGE('',*,*,#13952,.F.);
#13990 = ORIENTED_EDGE('',*,*,#3144,.T.);
#13991 = ORIENTED_EDGE('',*,*,#13992,.T.);
#13992 = EDGE_CURVE('',#3137,#13993,#13995,.T.);
#13993 = VERTEX_POINT('',#13994);
#13994 = CARTESIAN_POINT('',(13.65,1.26,3.9));
#13995 = LINE('',#13996,#13997);
#13996 = CARTESIAN_POINT('',(13.65,1.2,3.9));
#13997 = VECTOR('',#13998,1.);
#13998 = DIRECTION('',(-0.,1.,0.));
#13999 = ORIENTED_EDGE('',*,*,#14000,.F.);
#14000 = EDGE_CURVE('',#13945,#13993,#14001,.T.);
#14001 = LINE('',#14002,#14003);
#14002 = CARTESIAN_POINT('',(12.6,1.26,3.9));
#14003 = VECTOR('',#14004,1.);
#14004 = DIRECTION('',(1.,0.,-0.));
#14005 = PLANE('',#14006);
#14006 = AXIS2_PLACEMENT_3D('',#14007,#14008,#14009);
#14007 = CARTESIAN_POINT('',(12.6,1.2,3.9));
#14008 = DIRECTION('',(0.,0.,1.));
#14009 = DIRECTION('',(1.,0.,-0.));
#14010 = ADVANCED_FACE('',(#14011),#14022,.T.);
#14011 = FACE_BOUND('',#14012,.T.);
#14012 = EDGE_LOOP('',(#14013,#14014,#14015,#14021));
#14013 = ORIENTED_EDGE('',*,*,#3136,.F.);
#14014 = ORIENTED_EDGE('',*,*,#13968,.T.);
#14015 = ORIENTED_EDGE('',*,*,#14016,.T.);
#14016 = EDGE_CURVE('',#13969,#13993,#14017,.T.);
#14017 = LINE('',#14018,#14019);
#14018 = CARTESIAN_POINT('',(13.65,1.26,0.5));
#14019 = VECTOR('',#14020,1.);
#14020 = DIRECTION('',(0.,0.,1.));
#14021 = ORIENTED_EDGE('',*,*,#13992,.F.);
#14022 = PLANE('',#14023);
#14023 = AXIS2_PLACEMENT_3D('',#14024,#14025,#14026);
#14024 = CARTESIAN_POINT('',(13.65,1.2,0.5));
#14025 = DIRECTION('',(1.,0.,-0.));
#14026 = DIRECTION('',(0.,0.,1.));
#14027 = ADVANCED_FACE('',(#14028),#14053,.F.);
#14028 = FACE_BOUND('',#14029,.F.);
#14029 = EDGE_LOOP('',(#14030,#14031,#14039,#14047));
#14030 = ORIENTED_EDGE('',*,*,#3152,.F.);
#14031 = ORIENTED_EDGE('',*,*,#14032,.T.);
#14032 = EDGE_CURVE('',#3153,#14033,#14035,.T.);
#14033 = VERTEX_POINT('',#14034);
#14034 = CARTESIAN_POINT('',(14.32,1.26,0.5));
#14035 = LINE('',#14036,#14037);
#14036 = CARTESIAN_POINT('',(14.32,1.2,0.5));
#14037 = VECTOR('',#14038,1.);
#14038 = DIRECTION('',(-0.,1.,0.));
#14039 = ORIENTED_EDGE('',*,*,#14040,.T.);
#14040 = EDGE_CURVE('',#14033,#14041,#14043,.T.);
#14041 = VERTEX_POINT('',#14042);
#14042 = CARTESIAN_POINT('',(14.32,1.26,3.9));
#14043 = LINE('',#14044,#14045);
#14044 = CARTESIAN_POINT('',(14.32,1.26,0.5));
#14045 = VECTOR('',#14046,1.);
#14046 = DIRECTION('',(0.,0.,1.));
#14047 = ORIENTED_EDGE('',*,*,#14048,.F.);
#14048 = EDGE_CURVE('',#3155,#14041,#14049,.T.);
#14049 = LINE('',#14050,#14051);
#14050 = CARTESIAN_POINT('',(14.32,1.2,3.9));
#14051 = VECTOR('',#14052,1.);
#14052 = DIRECTION('',(-0.,1.,0.));
#14053 = PLANE('',#14054);
#14054 = AXIS2_PLACEMENT_3D('',#14055,#14056,#14057);
#14055 = CARTESIAN_POINT('',(14.32,1.2,0.5));
#14056 = DIRECTION('',(1.,0.,-0.));
#14057 = DIRECTION('',(0.,0.,1.));
#14058 = ADVANCED_FACE('',(#14059),#14077,.F.);
#14059 = FACE_BOUND('',#14060,.F.);
#14060 = EDGE_LOOP('',(#14061,#14062,#14063,#14071));
#14061 = ORIENTED_EDGE('',*,*,#14032,.F.);
#14062 = ORIENTED_EDGE('',*,*,#3162,.T.);
#14063 = ORIENTED_EDGE('',*,*,#14064,.T.);
#14064 = EDGE_CURVE('',#3163,#14065,#14067,.T.);
#14065 = VERTEX_POINT('',#14066);
#14066 = CARTESIAN_POINT('',(15.37,1.26,0.5));
#14067 = LINE('',#14068,#14069);
#14068 = CARTESIAN_POINT('',(15.37,1.2,0.5));
#14069 = VECTOR('',#14070,1.);
#14070 = DIRECTION('',(-0.,1.,0.));
#14071 = ORIENTED_EDGE('',*,*,#14072,.F.);
#14072 = EDGE_CURVE('',#14033,#14065,#14073,.T.);
#14073 = LINE('',#14074,#14075);
#14074 = CARTESIAN_POINT('',(14.32,1.26,0.5));
#14075 = VECTOR('',#14076,1.);
#14076 = DIRECTION('',(1.,0.,-0.));
#14077 = PLANE('',#14078);
#14078 = AXIS2_PLACEMENT_3D('',#14079,#14080,#14081);
#14079 = CARTESIAN_POINT('',(14.32,1.2,0.5));
#14080 = DIRECTION('',(0.,0.,1.));
#14081 = DIRECTION('',(1.,0.,-0.));
#14082 = ADVANCED_FACE('',(#14083),#14101,.T.);
#14083 = FACE_BOUND('',#14084,.T.);
#14084 = EDGE_LOOP('',(#14085,#14086,#14087,#14095));
#14085 = ORIENTED_EDGE('',*,*,#14048,.F.);
#14086 = ORIENTED_EDGE('',*,*,#3178,.T.);
#14087 = ORIENTED_EDGE('',*,*,#14088,.T.);
#14088 = EDGE_CURVE('',#3171,#14089,#14091,.T.);
#14089 = VERTEX_POINT('',#14090);
#14090 = CARTESIAN_POINT('',(15.37,1.26,3.9));
#14091 = LINE('',#14092,#14093);
#14092 = CARTESIAN_POINT('',(15.37,1.2,3.9));
#14093 = VECTOR('',#14094,1.);
#14094 = DIRECTION('',(-0.,1.,0.));
#14095 = ORIENTED_EDGE('',*,*,#14096,.F.);
#14096 = EDGE_CURVE('',#14041,#14089,#14097,.T.);
#14097 = LINE('',#14098,#14099);
#14098 = CARTESIAN_POINT('',(14.32,1.26,3.9));
#14099 = VECTOR('',#14100,1.);
#14100 = DIRECTION('',(1.,0.,-0.));
#14101 = PLANE('',#14102);
#14102 = AXIS2_PLACEMENT_3D('',#14103,#14104,#14105);
#14103 = CARTESIAN_POINT('',(14.32,1.2,3.9));
#14104 = DIRECTION('',(0.,0.,1.));
#14105 = DIRECTION('',(1.,0.,-0.));
#14106 = ADVANCED_FACE('',(#14107),#14118,.T.);
#14107 = FACE_BOUND('',#14108,.T.);
#14108 = EDGE_LOOP('',(#14109,#14110,#14111,#14117));
#14109 = ORIENTED_EDGE('',*,*,#3170,.F.);
#14110 = ORIENTED_EDGE('',*,*,#14064,.T.);
#14111 = ORIENTED_EDGE('',*,*,#14112,.T.);
#14112 = EDGE_CURVE('',#14065,#14089,#14113,.T.);
#14113 = LINE('',#14114,#14115);
#14114 = CARTESIAN_POINT('',(15.37,1.26,0.5));
#14115 = VECTOR('',#14116,1.);
#14116 = DIRECTION('',(0.,0.,1.));
#14117 = ORIENTED_EDGE('',*,*,#14088,.F.);
#14118 = PLANE('',#14119);
#14119 = AXIS2_PLACEMENT_3D('',#14120,#14121,#14122);
#14120 = CARTESIAN_POINT('',(15.37,1.2,0.5));
#14121 = DIRECTION('',(1.,0.,-0.));
#14122 = DIRECTION('',(0.,0.,1.));
#14123 = ADVANCED_FACE('',(#14124),#14149,.F.);
#14124 = FACE_BOUND('',#14125,.F.);
#14125 = EDGE_LOOP('',(#14126,#14127,#14135,#14143));
#14126 = ORIENTED_EDGE('',*,*,#3186,.F.);
#14127 = ORIENTED_EDGE('',*,*,#14128,.T.);
#14128 = EDGE_CURVE('',#3187,#14129,#14131,.T.);
#14129 = VERTEX_POINT('',#14130);
#14130 = CARTESIAN_POINT('',(16.04,1.26,0.5));
#14131 = LINE('',#14132,#14133);
#14132 = CARTESIAN_POINT('',(16.04,1.2,0.5));
#14133 = VECTOR('',#14134,1.);
#14134 = DIRECTION('',(-0.,1.,0.));
#14135 = ORIENTED_EDGE('',*,*,#14136,.T.);
#14136 = EDGE_CURVE('',#14129,#14137,#14139,.T.);
#14137 = VERTEX_POINT('',#14138);
#14138 = CARTESIAN_POINT('',(16.04,1.26,3.9));
#14139 = LINE('',#14140,#14141);
#14140 = CARTESIAN_POINT('',(16.04,1.26,0.5));
#14141 = VECTOR('',#14142,1.);
#14142 = DIRECTION('',(0.,0.,1.));
#14143 = ORIENTED_EDGE('',*,*,#14144,.F.);
#14144 = EDGE_CURVE('',#3189,#14137,#14145,.T.);
#14145 = LINE('',#14146,#14147);
#14146 = CARTESIAN_POINT('',(16.04,1.2,3.9));
#14147 = VECTOR('',#14148,1.);
#14148 = DIRECTION('',(-0.,1.,0.));
#14149 = PLANE('',#14150);
#14150 = AXIS2_PLACEMENT_3D('',#14151,#14152,#14153);
#14151 = CARTESIAN_POINT('',(16.04,1.2,0.5));
#14152 = DIRECTION('',(1.,0.,-0.));
#14153 = DIRECTION('',(0.,0.,1.));
#14154 = ADVANCED_FACE('',(#14155),#14173,.F.);
#14155 = FACE_BOUND('',#14156,.F.);
#14156 = EDGE_LOOP('',(#14157,#14158,#14159,#14167));
#14157 = ORIENTED_EDGE('',*,*,#14128,.F.);
#14158 = ORIENTED_EDGE('',*,*,#3196,.T.);
#14159 = ORIENTED_EDGE('',*,*,#14160,.T.);
#14160 = EDGE_CURVE('',#3197,#14161,#14163,.T.);
#14161 = VERTEX_POINT('',#14162);
#14162 = CARTESIAN_POINT('',(17.09,1.26,0.5));
#14163 = LINE('',#14164,#14165);
#14164 = CARTESIAN_POINT('',(17.09,1.2,0.5));
#14165 = VECTOR('',#14166,1.);
#14166 = DIRECTION('',(-0.,1.,0.));
#14167 = ORIENTED_EDGE('',*,*,#14168,.F.);
#14168 = EDGE_CURVE('',#14129,#14161,#14169,.T.);
#14169 = LINE('',#14170,#14171);
#14170 = CARTESIAN_POINT('',(16.04,1.26,0.5));
#14171 = VECTOR('',#14172,1.);
#14172 = DIRECTION('',(1.,0.,-0.));
#14173 = PLANE('',#14174);
#14174 = AXIS2_PLACEMENT_3D('',#14175,#14176,#14177);
#14175 = CARTESIAN_POINT('',(16.04,1.2,0.5));
#14176 = DIRECTION('',(0.,0.,1.));
#14177 = DIRECTION('',(1.,0.,-0.));
#14178 = ADVANCED_FACE('',(#14179),#14197,.T.);
#14179 = FACE_BOUND('',#14180,.T.);
#14180 = EDGE_LOOP('',(#14181,#14182,#14183,#14191));
#14181 = ORIENTED_EDGE('',*,*,#14144,.F.);
#14182 = ORIENTED_EDGE('',*,*,#3212,.T.);
#14183 = ORIENTED_EDGE('',*,*,#14184,.T.);
#14184 = EDGE_CURVE('',#3205,#14185,#14187,.T.);
#14185 = VERTEX_POINT('',#14186);
#14186 = CARTESIAN_POINT('',(17.09,1.26,3.9));
#14187 = LINE('',#14188,#14189);
#14188 = CARTESIAN_POINT('',(17.09,1.2,3.9));
#14189 = VECTOR('',#14190,1.);
#14190 = DIRECTION('',(-0.,1.,0.));
#14191 = ORIENTED_EDGE('',*,*,#14192,.F.);
#14192 = EDGE_CURVE('',#14137,#14185,#14193,.T.);
#14193 = LINE('',#14194,#14195);
#14194 = CARTESIAN_POINT('',(16.04,1.26,3.9));
#14195 = VECTOR('',#14196,1.);
#14196 = DIRECTION('',(1.,0.,-0.));
#14197 = PLANE('',#14198);
#14198 = AXIS2_PLACEMENT_3D('',#14199,#14200,#14201);
#14199 = CARTESIAN_POINT('',(16.04,1.2,3.9));
#14200 = DIRECTION('',(0.,0.,1.));
#14201 = DIRECTION('',(1.,0.,-0.));
#14202 = ADVANCED_FACE('',(#14203),#14214,.T.);
#14203 = FACE_BOUND('',#14204,.T.);
#14204 = EDGE_LOOP('',(#14205,#14206,#14207,#14213));
#14205 = ORIENTED_EDGE('',*,*,#3204,.F.);
#14206 = ORIENTED_EDGE('',*,*,#14160,.T.);
#14207 = ORIENTED_EDGE('',*,*,#14208,.T.);
#14208 = EDGE_CURVE('',#14161,#14185,#14209,.T.);
#14209 = LINE('',#14210,#14211);
#14210 = CARTESIAN_POINT('',(17.09,1.26,0.5));
#14211 = VECTOR('',#14212,1.);
#14212 = DIRECTION('',(0.,0.,1.));
#14213 = ORIENTED_EDGE('',*,*,#14184,.F.);
#14214 = PLANE('',#14215);
#14215 = AXIS2_PLACEMENT_3D('',#14216,#14217,#14218);
#14216 = CARTESIAN_POINT('',(17.09,1.2,0.5));
#14217 = DIRECTION('',(1.,0.,-0.));
#14218 = DIRECTION('',(0.,0.,1.));
#14219 = ADVANCED_FACE('',(#14220),#14245,.F.);
#14220 = FACE_BOUND('',#14221,.F.);
#14221 = EDGE_LOOP('',(#14222,#14223,#14231,#14239));
#14222 = ORIENTED_EDGE('',*,*,#3220,.F.);
#14223 = ORIENTED_EDGE('',*,*,#14224,.T.);
#14224 = EDGE_CURVE('',#3221,#14225,#14227,.T.);
#14225 = VERTEX_POINT('',#14226);
#14226 = CARTESIAN_POINT('',(17.76,1.26,0.5));
#14227 = LINE('',#14228,#14229);
#14228 = CARTESIAN_POINT('',(17.76,1.2,0.5));
#14229 = VECTOR('',#14230,1.);
#14230 = DIRECTION('',(-0.,1.,0.));
#14231 = ORIENTED_EDGE('',*,*,#14232,.T.);
#14232 = EDGE_CURVE('',#14225,#14233,#14235,.T.);
#14233 = VERTEX_POINT('',#14234);
#14234 = CARTESIAN_POINT('',(17.76,1.26,3.9));
#14235 = LINE('',#14236,#14237);
#14236 = CARTESIAN_POINT('',(17.76,1.26,0.5));
#14237 = VECTOR('',#14238,1.);
#14238 = DIRECTION('',(0.,0.,1.));
#14239 = ORIENTED_EDGE('',*,*,#14240,.F.);
#14240 = EDGE_CURVE('',#3223,#14233,#14241,.T.);
#14241 = LINE('',#14242,#14243);
#14242 = CARTESIAN_POINT('',(17.76,1.2,3.9));
#14243 = VECTOR('',#14244,1.);
#14244 = DIRECTION('',(-0.,1.,0.));
#14245 = PLANE('',#14246);
#14246 = AXIS2_PLACEMENT_3D('',#14247,#14248,#14249);
#14247 = CARTESIAN_POINT('',(17.76,1.2,0.5));
#14248 = DIRECTION('',(1.,0.,-0.));
#14249 = DIRECTION('',(0.,0.,1.));
#14250 = ADVANCED_FACE('',(#14251),#14269,.F.);
#14251 = FACE_BOUND('',#14252,.F.);
#14252 = EDGE_LOOP('',(#14253,#14254,#14255,#14263));
#14253 = ORIENTED_EDGE('',*,*,#14224,.F.);
#14254 = ORIENTED_EDGE('',*,*,#3230,.T.);
#14255 = ORIENTED_EDGE('',*,*,#14256,.T.);
#14256 = EDGE_CURVE('',#3231,#14257,#14259,.T.);
#14257 = VERTEX_POINT('',#14258);
#14258 = CARTESIAN_POINT('',(18.81,1.26,0.5));
#14259 = LINE('',#14260,#14261);
#14260 = CARTESIAN_POINT('',(18.81,1.2,0.5));
#14261 = VECTOR('',#14262,1.);
#14262 = DIRECTION('',(-0.,1.,0.));
#14263 = ORIENTED_EDGE('',*,*,#14264,.F.);
#14264 = EDGE_CURVE('',#14225,#14257,#14265,.T.);
#14265 = LINE('',#14266,#14267);
#14266 = CARTESIAN_POINT('',(17.76,1.26,0.5));
#14267 = VECTOR('',#14268,1.);
#14268 = DIRECTION('',(1.,0.,-0.));
#14269 = PLANE('',#14270);
#14270 = AXIS2_PLACEMENT_3D('',#14271,#14272,#14273);
#14271 = CARTESIAN_POINT('',(17.76,1.2,0.5));
#14272 = DIRECTION('',(0.,0.,1.));
#14273 = DIRECTION('',(1.,0.,-0.));
#14274 = ADVANCED_FACE('',(#14275),#14293,.T.);
#14275 = FACE_BOUND('',#14276,.T.);
#14276 = EDGE_LOOP('',(#14277,#14278,#14279,#14287));
#14277 = ORIENTED_EDGE('',*,*,#14240,.F.);
#14278 = ORIENTED_EDGE('',*,*,#3246,.T.);
#14279 = ORIENTED_EDGE('',*,*,#14280,.T.);
#14280 = EDGE_CURVE('',#3239,#14281,#14283,.T.);
#14281 = VERTEX_POINT('',#14282);
#14282 = CARTESIAN_POINT('',(18.81,1.26,3.9));
#14283 = LINE('',#14284,#14285);
#14284 = CARTESIAN_POINT('',(18.81,1.2,3.9));
#14285 = VECTOR('',#14286,1.);
#14286 = DIRECTION('',(-0.,1.,0.));
#14287 = ORIENTED_EDGE('',*,*,#14288,.F.);
#14288 = EDGE_CURVE('',#14233,#14281,#14289,.T.);
#14289 = LINE('',#14290,#14291);
#14290 = CARTESIAN_POINT('',(17.76,1.26,3.9));
#14291 = VECTOR('',#14292,1.);
#14292 = DIRECTION('',(1.,0.,-0.));
#14293 = PLANE('',#14294);
#14294 = AXIS2_PLACEMENT_3D('',#14295,#14296,#14297);
#14295 = CARTESIAN_POINT('',(17.76,1.2,3.9));
#14296 = DIRECTION('',(0.,0.,1.));
#14297 = DIRECTION('',(1.,0.,-0.));
#14298 = ADVANCED_FACE('',(#14299),#14310,.T.);
#14299 = FACE_BOUND('',#14300,.T.);
#14300 = EDGE_LOOP('',(#14301,#14302,#14303,#14309));
#14301 = ORIENTED_EDGE('',*,*,#3238,.F.);
#14302 = ORIENTED_EDGE('',*,*,#14256,.T.);
#14303 = ORIENTED_EDGE('',*,*,#14304,.T.);
#14304 = EDGE_CURVE('',#14257,#14281,#14305,.T.);
#14305 = LINE('',#14306,#14307);
#14306 = CARTESIAN_POINT('',(18.81,1.26,0.5));
#14307 = VECTOR('',#14308,1.);
#14308 = DIRECTION('',(0.,0.,1.));
#14309 = ORIENTED_EDGE('',*,*,#14280,.F.);
#14310 = PLANE('',#14311);
#14311 = AXIS2_PLACEMENT_3D('',#14312,#14313,#14314);
#14312 = CARTESIAN_POINT('',(18.81,1.2,0.5));
#14313 = DIRECTION('',(1.,0.,-0.));
#14314 = DIRECTION('',(0.,0.,1.));
#14315 = ADVANCED_FACE('',(#14316),#14341,.F.);
#14316 = FACE_BOUND('',#14317,.F.);
#14317 = EDGE_LOOP('',(#14318,#14319,#14327,#14335));
#14318 = ORIENTED_EDGE('',*,*,#3254,.F.);
#14319 = ORIENTED_EDGE('',*,*,#14320,.T.);
#14320 = EDGE_CURVE('',#3255,#14321,#14323,.T.);
#14321 = VERTEX_POINT('',#14322);
#14322 = CARTESIAN_POINT('',(19.48,1.26,0.5));
#14323 = LINE('',#14324,#14325);
#14324 = CARTESIAN_POINT('',(19.48,1.2,0.5));
#14325 = VECTOR('',#14326,1.);
#14326 = DIRECTION('',(-0.,1.,0.));
#14327 = ORIENTED_EDGE('',*,*,#14328,.T.);
#14328 = EDGE_CURVE('',#14321,#14329,#14331,.T.);
#14329 = VERTEX_POINT('',#14330);
#14330 = CARTESIAN_POINT('',(19.48,1.26,3.9));
#14331 = LINE('',#14332,#14333);
#14332 = CARTESIAN_POINT('',(19.48,1.26,0.5));
#14333 = VECTOR('',#14334,1.);
#14334 = DIRECTION('',(0.,0.,1.));
#14335 = ORIENTED_EDGE('',*,*,#14336,.F.);
#14336 = EDGE_CURVE('',#3257,#14329,#14337,.T.);
#14337 = LINE('',#14338,#14339);
#14338 = CARTESIAN_POINT('',(19.48,1.2,3.9));
#14339 = VECTOR('',#14340,1.);
#14340 = DIRECTION('',(-0.,1.,0.));
#14341 = PLANE('',#14342);
#14342 = AXIS2_PLACEMENT_3D('',#14343,#14344,#14345);
#14343 = CARTESIAN_POINT('',(19.48,1.2,0.5));
#14344 = DIRECTION('',(1.,0.,-0.));
#14345 = DIRECTION('',(0.,0.,1.));
#14346 = ADVANCED_FACE('',(#14347),#14365,.F.);
#14347 = FACE_BOUND('',#14348,.F.);
#14348 = EDGE_LOOP('',(#14349,#14350,#14351,#14359));
#14349 = ORIENTED_EDGE('',*,*,#14320,.F.);
#14350 = ORIENTED_EDGE('',*,*,#3264,.T.);
#14351 = ORIENTED_EDGE('',*,*,#14352,.T.);
#14352 = EDGE_CURVE('',#3265,#14353,#14355,.T.);
#14353 = VERTEX_POINT('',#14354);
#14354 = CARTESIAN_POINT('',(20.53,1.26,0.5));
#14355 = LINE('',#14356,#14357);
#14356 = CARTESIAN_POINT('',(20.53,1.2,0.5));
#14357 = VECTOR('',#14358,1.);
#14358 = DIRECTION('',(-0.,1.,0.));
#14359 = ORIENTED_EDGE('',*,*,#14360,.F.);
#14360 = EDGE_CURVE('',#14321,#14353,#14361,.T.);
#14361 = LINE('',#14362,#14363);
#14362 = CARTESIAN_POINT('',(19.48,1.26,0.5));
#14363 = VECTOR('',#14364,1.);
#14364 = DIRECTION('',(1.,0.,-0.));
#14365 = PLANE('',#14366);
#14366 = AXIS2_PLACEMENT_3D('',#14367,#14368,#14369);
#14367 = CARTESIAN_POINT('',(19.48,1.2,0.5));
#14368 = DIRECTION('',(0.,0.,1.));
#14369 = DIRECTION('',(1.,0.,-0.));
#14370 = ADVANCED_FACE('',(#14371),#14389,.T.);
#14371 = FACE_BOUND('',#14372,.T.);
#14372 = EDGE_LOOP('',(#14373,#14374,#14375,#14383));
#14373 = ORIENTED_EDGE('',*,*,#14336,.F.);
#14374 = ORIENTED_EDGE('',*,*,#3280,.T.);
#14375 = ORIENTED_EDGE('',*,*,#14376,.T.);
#14376 = EDGE_CURVE('',#3273,#14377,#14379,.T.);
#14377 = VERTEX_POINT('',#14378);
#14378 = CARTESIAN_POINT('',(20.53,1.26,3.9));
#14379 = LINE('',#14380,#14381);
#14380 = CARTESIAN_POINT('',(20.53,1.2,3.9));
#14381 = VECTOR('',#14382,1.);
#14382 = DIRECTION('',(-0.,1.,0.));
#14383 = ORIENTED_EDGE('',*,*,#14384,.F.);
#14384 = EDGE_CURVE('',#14329,#14377,#14385,.T.);
#14385 = LINE('',#14386,#14387);
#14386 = CARTESIAN_POINT('',(19.48,1.26,3.9));
#14387 = VECTOR('',#14388,1.);
#14388 = DIRECTION('',(1.,0.,-0.));
#14389 = PLANE('',#14390);
#14390 = AXIS2_PLACEMENT_3D('',#14391,#14392,#14393);
#14391 = CARTESIAN_POINT('',(19.48,1.2,3.9));
#14392 = DIRECTION('',(0.,0.,1.));
#14393 = DIRECTION('',(1.,0.,-0.));
#14394 = ADVANCED_FACE('',(#14395),#14406,.T.);
#14395 = FACE_BOUND('',#14396,.T.);
#14396 = EDGE_LOOP('',(#14397,#14398,#14399,#14405));
#14397 = ORIENTED_EDGE('',*,*,#3272,.F.);
#14398 = ORIENTED_EDGE('',*,*,#14352,.T.);
#14399 = ORIENTED_EDGE('',*,*,#14400,.T.);
#14400 = EDGE_CURVE('',#14353,#14377,#14401,.T.);
#14401 = LINE('',#14402,#14403);
#14402 = CARTESIAN_POINT('',(20.53,1.26,0.5));
#14403 = VECTOR('',#14404,1.);
#14404 = DIRECTION('',(0.,0.,1.));
#14405 = ORIENTED_EDGE('',*,*,#14376,.F.);
#14406 = PLANE('',#14407);
#14407 = AXIS2_PLACEMENT_3D('',#14408,#14409,#14410);
#14408 = CARTESIAN_POINT('',(20.53,1.2,0.5));
#14409 = DIRECTION('',(1.,0.,-0.));
#14410 = DIRECTION('',(0.,0.,1.));
#14411 = ADVANCED_FACE('',(#14412),#14437,.F.);
#14412 = FACE_BOUND('',#14413,.F.);
#14413 = EDGE_LOOP('',(#14414,#14415,#14423,#14431));
#14414 = ORIENTED_EDGE('',*,*,#3288,.F.);
#14415 = ORIENTED_EDGE('',*,*,#14416,.T.);
#14416 = EDGE_CURVE('',#3289,#14417,#14419,.T.);
#14417 = VERTEX_POINT('',#14418);
#14418 = CARTESIAN_POINT('',(21.2,1.26,0.5));
#14419 = LINE('',#14420,#14421);
#14420 = CARTESIAN_POINT('',(21.2,1.2,0.5));
#14421 = VECTOR('',#14422,1.);
#14422 = DIRECTION('',(-0.,1.,0.));
#14423 = ORIENTED_EDGE('',*,*,#14424,.T.);
#14424 = EDGE_CURVE('',#14417,#14425,#14427,.T.);
#14425 = VERTEX_POINT('',#14426);
#14426 = CARTESIAN_POINT('',(21.2,1.26,3.9));
#14427 = LINE('',#14428,#14429);
#14428 = CARTESIAN_POINT('',(21.2,1.26,0.5));
#14429 = VECTOR('',#14430,1.);
#14430 = DIRECTION('',(0.,0.,1.));
#14431 = ORIENTED_EDGE('',*,*,#14432,.F.);
#14432 = EDGE_CURVE('',#3291,#14425,#14433,.T.);
#14433 = LINE('',#14434,#14435);
#14434 = CARTESIAN_POINT('',(21.2,1.2,3.9));
#14435 = VECTOR('',#14436,1.);
#14436 = DIRECTION('',(-0.,1.,0.));
#14437 = PLANE('',#14438);
#14438 = AXIS2_PLACEMENT_3D('',#14439,#14440,#14441);
#14439 = CARTESIAN_POINT('',(21.2,1.2,0.5));
#14440 = DIRECTION('',(1.,0.,-0.));
#14441 = DIRECTION('',(0.,0.,1.));
#14442 = ADVANCED_FACE('',(#14443),#14461,.F.);
#14443 = FACE_BOUND('',#14444,.F.);
#14444 = EDGE_LOOP('',(#14445,#14446,#14447,#14455));
#14445 = ORIENTED_EDGE('',*,*,#14416,.F.);
#14446 = ORIENTED_EDGE('',*,*,#3298,.T.);
#14447 = ORIENTED_EDGE('',*,*,#14448,.T.);
#14448 = EDGE_CURVE('',#3299,#14449,#14451,.T.);
#14449 = VERTEX_POINT('',#14450);
#14450 = CARTESIAN_POINT('',(22.25,1.26,0.5));
#14451 = LINE('',#14452,#14453);
#14452 = CARTESIAN_POINT('',(22.25,1.2,0.5));
#14453 = VECTOR('',#14454,1.);
#14454 = DIRECTION('',(-0.,1.,0.));
#14455 = ORIENTED_EDGE('',*,*,#14456,.F.);
#14456 = EDGE_CURVE('',#14417,#14449,#14457,.T.);
#14457 = LINE('',#14458,#14459);
#14458 = CARTESIAN_POINT('',(21.2,1.26,0.5));
#14459 = VECTOR('',#14460,1.);
#14460 = DIRECTION('',(1.,0.,-0.));
#14461 = PLANE('',#14462);
#14462 = AXIS2_PLACEMENT_3D('',#14463,#14464,#14465);
#14463 = CARTESIAN_POINT('',(21.2,1.2,0.5));
#14464 = DIRECTION('',(0.,0.,1.));
#14465 = DIRECTION('',(1.,0.,-0.));
#14466 = ADVANCED_FACE('',(#14467),#14485,.T.);
#14467 = FACE_BOUND('',#14468,.T.);
#14468 = EDGE_LOOP('',(#14469,#14470,#14471,#14479));
#14469 = ORIENTED_EDGE('',*,*,#14432,.F.);
#14470 = ORIENTED_EDGE('',*,*,#3314,.T.);
#14471 = ORIENTED_EDGE('',*,*,#14472,.T.);
#14472 = EDGE_CURVE('',#3307,#14473,#14475,.T.);
#14473 = VERTEX_POINT('',#14474);
#14474 = CARTESIAN_POINT('',(22.25,1.26,3.9));
#14475 = LINE('',#14476,#14477);
#14476 = CARTESIAN_POINT('',(22.25,1.2,3.9));
#14477 = VECTOR('',#14478,1.);
#14478 = DIRECTION('',(-0.,1.,0.));
#14479 = ORIENTED_EDGE('',*,*,#14480,.F.);
#14480 = EDGE_CURVE('',#14425,#14473,#14481,.T.);
#14481 = LINE('',#14482,#14483);
#14482 = CARTESIAN_POINT('',(21.2,1.26,3.9));
#14483 = VECTOR('',#14484,1.);
#14484 = DIRECTION('',(1.,0.,-0.));
#14485 = PLANE('',#14486);
#14486 = AXIS2_PLACEMENT_3D('',#14487,#14488,#14489);
#14487 = CARTESIAN_POINT('',(21.2,1.2,3.9));
#14488 = DIRECTION('',(0.,0.,1.));
#14489 = DIRECTION('',(1.,0.,-0.));
#14490 = ADVANCED_FACE('',(#14491),#14502,.T.);
#14491 = FACE_BOUND('',#14492,.T.);
#14492 = EDGE_LOOP('',(#14493,#14494,#14495,#14501));
#14493 = ORIENTED_EDGE('',*,*,#3306,.F.);
#14494 = ORIENTED_EDGE('',*,*,#14448,.T.);
#14495 = ORIENTED_EDGE('',*,*,#14496,.T.);
#14496 = EDGE_CURVE('',#14449,#14473,#14497,.T.);
#14497 = LINE('',#14498,#14499);
#14498 = CARTESIAN_POINT('',(22.25,1.26,0.5));
#14499 = VECTOR('',#14500,1.);
#14500 = DIRECTION('',(0.,0.,1.));
#14501 = ORIENTED_EDGE('',*,*,#14472,.F.);
#14502 = PLANE('',#14503);
#14503 = AXIS2_PLACEMENT_3D('',#14504,#14505,#14506);
#14504 = CARTESIAN_POINT('',(22.25,1.2,0.5));
#14505 = DIRECTION('',(1.,0.,-0.));
#14506 = DIRECTION('',(0.,0.,1.));
#14507 = ADVANCED_FACE('',(#14508),#14533,.F.);
#14508 = FACE_BOUND('',#14509,.F.);
#14509 = EDGE_LOOP('',(#14510,#14511,#14519,#14527));
#14510 = ORIENTED_EDGE('',*,*,#3322,.F.);
#14511 = ORIENTED_EDGE('',*,*,#14512,.T.);
#14512 = EDGE_CURVE('',#3323,#14513,#14515,.T.);
#14513 = VERTEX_POINT('',#14514);
#14514 = CARTESIAN_POINT('',(22.92,1.26,0.5));
#14515 = LINE('',#14516,#14517);
#14516 = CARTESIAN_POINT('',(22.92,1.2,0.5));
#14517 = VECTOR('',#14518,1.);
#14518 = DIRECTION('',(-0.,1.,0.));
#14519 = ORIENTED_EDGE('',*,*,#14520,.T.);
#14520 = EDGE_CURVE('',#14513,#14521,#14523,.T.);
#14521 = VERTEX_POINT('',#14522);
#14522 = CARTESIAN_POINT('',(22.92,1.26,3.9));
#14523 = LINE('',#14524,#14525);
#14524 = CARTESIAN_POINT('',(22.92,1.26,0.5));
#14525 = VECTOR('',#14526,1.);
#14526 = DIRECTION('',(0.,0.,1.));
#14527 = ORIENTED_EDGE('',*,*,#14528,.F.);
#14528 = EDGE_CURVE('',#3325,#14521,#14529,.T.);
#14529 = LINE('',#14530,#14531);
#14530 = CARTESIAN_POINT('',(22.92,1.2,3.9));
#14531 = VECTOR('',#14532,1.);
#14532 = DIRECTION('',(-0.,1.,0.));
#14533 = PLANE('',#14534);
#14534 = AXIS2_PLACEMENT_3D('',#14535,#14536,#14537);
#14535 = CARTESIAN_POINT('',(22.92,1.2,0.5));
#14536 = DIRECTION('',(1.,0.,-0.));
#14537 = DIRECTION('',(0.,0.,1.));
#14538 = ADVANCED_FACE('',(#14539),#14557,.F.);
#14539 = FACE_BOUND('',#14540,.F.);
#14540 = EDGE_LOOP('',(#14541,#14542,#14543,#14551));
#14541 = ORIENTED_EDGE('',*,*,#14512,.F.);
#14542 = ORIENTED_EDGE('',*,*,#3332,.T.);
#14543 = ORIENTED_EDGE('',*,*,#14544,.T.);
#14544 = EDGE_CURVE('',#3333,#14545,#14547,.T.);
#14545 = VERTEX_POINT('',#14546);
#14546 = CARTESIAN_POINT('',(23.97,1.26,0.5));
#14547 = LINE('',#14548,#14549);
#14548 = CARTESIAN_POINT('',(23.97,1.2,0.5));
#14549 = VECTOR('',#14550,1.);
#14550 = DIRECTION('',(-0.,1.,0.));
#14551 = ORIENTED_EDGE('',*,*,#14552,.F.);
#14552 = EDGE_CURVE('',#14513,#14545,#14553,.T.);
#14553 = LINE('',#14554,#14555);
#14554 = CARTESIAN_POINT('',(22.92,1.26,0.5));
#14555 = VECTOR('',#14556,1.);
#14556 = DIRECTION('',(1.,0.,-0.));
#14557 = PLANE('',#14558);
#14558 = AXIS2_PLACEMENT_3D('',#14559,#14560,#14561);
#14559 = CARTESIAN_POINT('',(22.92,1.2,0.5));
#14560 = DIRECTION('',(0.,0.,1.));
#14561 = DIRECTION('',(1.,0.,-0.));
#14562 = ADVANCED_FACE('',(#14563),#14581,.T.);
#14563 = FACE_BOUND('',#14564,.T.);
#14564 = EDGE_LOOP('',(#14565,#14566,#14567,#14575));
#14565 = ORIENTED_EDGE('',*,*,#14528,.F.);
#14566 = ORIENTED_EDGE('',*,*,#3348,.T.);
#14567 = ORIENTED_EDGE('',*,*,#14568,.T.);
#14568 = EDGE_CURVE('',#3341,#14569,#14571,.T.);
#14569 = VERTEX_POINT('',#14570);
#14570 = CARTESIAN_POINT('',(23.97,1.26,3.9));
#14571 = LINE('',#14572,#14573);
#14572 = CARTESIAN_POINT('',(23.97,1.2,3.9));
#14573 = VECTOR('',#14574,1.);
#14574 = DIRECTION('',(-0.,1.,0.));
#14575 = ORIENTED_EDGE('',*,*,#14576,.F.);
#14576 = EDGE_CURVE('',#14521,#14569,#14577,.T.);
#14577 = LINE('',#14578,#14579);
#14578 = CARTESIAN_POINT('',(22.92,1.26,3.9));
#14579 = VECTOR('',#14580,1.);
#14580 = DIRECTION('',(1.,0.,-0.));
#14581 = PLANE('',#14582);
#14582 = AXIS2_PLACEMENT_3D('',#14583,#14584,#14585);
#14583 = CARTESIAN_POINT('',(22.92,1.2,3.9));
#14584 = DIRECTION('',(0.,0.,1.));
#14585 = DIRECTION('',(1.,0.,-0.));
#14586 = ADVANCED_FACE('',(#14587),#14598,.T.);
#14587 = FACE_BOUND('',#14588,.T.);
#14588 = EDGE_LOOP('',(#14589,#14590,#14591,#14597));
#14589 = ORIENTED_EDGE('',*,*,#3340,.F.);
#14590 = ORIENTED_EDGE('',*,*,#14544,.T.);
#14591 = ORIENTED_EDGE('',*,*,#14592,.T.);
#14592 = EDGE_CURVE('',#14545,#14569,#14593,.T.);
#14593 = LINE('',#14594,#14595);
#14594 = CARTESIAN_POINT('',(23.97,1.26,0.5));
#14595 = VECTOR('',#14596,1.);
#14596 = DIRECTION('',(0.,0.,1.));
#14597 = ORIENTED_EDGE('',*,*,#14568,.F.);
#14598 = PLANE('',#14599);
#14599 = AXIS2_PLACEMENT_3D('',#14600,#14601,#14602);
#14600 = CARTESIAN_POINT('',(23.97,1.2,0.5));
#14601 = DIRECTION('',(1.,0.,-0.));
#14602 = DIRECTION('',(0.,0.,1.));
#14603 = ADVANCED_FACE('',(#14604),#14629,.F.);
#14604 = FACE_BOUND('',#14605,.F.);
#14605 = EDGE_LOOP('',(#14606,#14607,#14615,#14623));
#14606 = ORIENTED_EDGE('',*,*,#3356,.F.);
#14607 = ORIENTED_EDGE('',*,*,#14608,.T.);
#14608 = EDGE_CURVE('',#3357,#14609,#14611,.T.);
#14609 = VERTEX_POINT('',#14610);
#14610 = CARTESIAN_POINT('',(24.64,1.26,0.5));
#14611 = LINE('',#14612,#14613);
#14612 = CARTESIAN_POINT('',(24.64,1.2,0.5));
#14613 = VECTOR('',#14614,1.);
#14614 = DIRECTION('',(-0.,1.,0.));
#14615 = ORIENTED_EDGE('',*,*,#14616,.T.);
#14616 = EDGE_CURVE('',#14609,#14617,#14619,.T.);
#14617 = VERTEX_POINT('',#14618);
#14618 = CARTESIAN_POINT('',(24.64,1.26,3.9));
#14619 = LINE('',#14620,#14621);
#14620 = CARTESIAN_POINT('',(24.64,1.26,0.5));
#14621 = VECTOR('',#14622,1.);
#14622 = DIRECTION('',(0.,0.,1.));
#14623 = ORIENTED_EDGE('',*,*,#14624,.F.);
#14624 = EDGE_CURVE('',#3359,#14617,#14625,.T.);
#14625 = LINE('',#14626,#14627);
#14626 = CARTESIAN_POINT('',(24.64,1.2,3.9));
#14627 = VECTOR('',#14628,1.);
#14628 = DIRECTION('',(-0.,1.,0.));
#14629 = PLANE('',#14630);
#14630 = AXIS2_PLACEMENT_3D('',#14631,#14632,#14633);
#14631 = CARTESIAN_POINT('',(24.64,1.2,0.5));
#14632 = DIRECTION('',(1.,0.,-0.));
#14633 = DIRECTION('',(0.,0.,1.));
#14634 = ADVANCED_FACE('',(#14635),#14653,.F.);
#14635 = FACE_BOUND('',#14636,.F.);
#14636 = EDGE_LOOP('',(#14637,#14638,#14639,#14647));
#14637 = ORIENTED_EDGE('',*,*,#14608,.F.);
#14638 = ORIENTED_EDGE('',*,*,#3366,.T.);
#14639 = ORIENTED_EDGE('',*,*,#14640,.T.);
#14640 = EDGE_CURVE('',#3367,#14641,#14643,.T.);
#14641 = VERTEX_POINT('',#14642);
#14642 = CARTESIAN_POINT('',(25.69,1.26,0.5));
#14643 = LINE('',#14644,#14645);
#14644 = CARTESIAN_POINT('',(25.69,1.2,0.5));
#14645 = VECTOR('',#14646,1.);
#14646 = DIRECTION('',(-0.,1.,0.));
#14647 = ORIENTED_EDGE('',*,*,#14648,.F.);
#14648 = EDGE_CURVE('',#14609,#14641,#14649,.T.);
#14649 = LINE('',#14650,#14651);
#14650 = CARTESIAN_POINT('',(24.64,1.26,0.5));
#14651 = VECTOR('',#14652,1.);
#14652 = DIRECTION('',(1.,0.,-0.));
#14653 = PLANE('',#14654);
#14654 = AXIS2_PLACEMENT_3D('',#14655,#14656,#14657);
#14655 = CARTESIAN_POINT('',(24.64,1.2,0.5));
#14656 = DIRECTION('',(0.,0.,1.));
#14657 = DIRECTION('',(1.,0.,-0.));
#14658 = ADVANCED_FACE('',(#14659),#14677,.T.);
#14659 = FACE_BOUND('',#14660,.T.);
#14660 = EDGE_LOOP('',(#14661,#14662,#14663,#14671));
#14661 = ORIENTED_EDGE('',*,*,#14624,.F.);
#14662 = ORIENTED_EDGE('',*,*,#3382,.T.);
#14663 = ORIENTED_EDGE('',*,*,#14664,.T.);
#14664 = EDGE_CURVE('',#3375,#14665,#14667,.T.);
#14665 = VERTEX_POINT('',#14666);
#14666 = CARTESIAN_POINT('',(25.69,1.26,3.9));
#14667 = LINE('',#14668,#14669);
#14668 = CARTESIAN_POINT('',(25.69,1.2,3.9));
#14669 = VECTOR('',#14670,1.);
#14670 = DIRECTION('',(-0.,1.,0.));
#14671 = ORIENTED_EDGE('',*,*,#14672,.F.);
#14672 = EDGE_CURVE('',#14617,#14665,#14673,.T.);
#14673 = LINE('',#14674,#14675);
#14674 = CARTESIAN_POINT('',(24.64,1.26,3.9));
#14675 = VECTOR('',#14676,1.);
#14676 = DIRECTION('',(1.,0.,-0.));
#14677 = PLANE('',#14678);
#14678 = AXIS2_PLACEMENT_3D('',#14679,#14680,#14681);
#14679 = CARTESIAN_POINT('',(24.64,1.2,3.9));
#14680 = DIRECTION('',(0.,0.,1.));
#14681 = DIRECTION('',(1.,0.,-0.));
#14682 = ADVANCED_FACE('',(#14683),#14694,.T.);
#14683 = FACE_BOUND('',#14684,.T.);
#14684 = EDGE_LOOP('',(#14685,#14686,#14687,#14693));
#14685 = ORIENTED_EDGE('',*,*,#3374,.F.);
#14686 = ORIENTED_EDGE('',*,*,#14640,.T.);
#14687 = ORIENTED_EDGE('',*,*,#14688,.T.);
#14688 = EDGE_CURVE('',#14641,#14665,#14689,.T.);
#14689 = LINE('',#14690,#14691);
#14690 = CARTESIAN_POINT('',(25.69,1.26,0.5));
#14691 = VECTOR('',#14692,1.);
#14692 = DIRECTION('',(0.,0.,1.));
#14693 = ORIENTED_EDGE('',*,*,#14664,.F.);
#14694 = PLANE('',#14695);
#14695 = AXIS2_PLACEMENT_3D('',#14696,#14697,#14698);
#14696 = CARTESIAN_POINT('',(25.69,1.2,0.5));
#14697 = DIRECTION('',(1.,0.,-0.));
#14698 = DIRECTION('',(0.,0.,1.));
#14699 = ADVANCED_FACE('',(#14700),#14725,.F.);
#14700 = FACE_BOUND('',#14701,.F.);
#14701 = EDGE_LOOP('',(#14702,#14703,#14711,#14719));
#14702 = ORIENTED_EDGE('',*,*,#3390,.F.);
#14703 = ORIENTED_EDGE('',*,*,#14704,.T.);
#14704 = EDGE_CURVE('',#3391,#14705,#14707,.T.);
#14705 = VERTEX_POINT('',#14706);
#14706 = CARTESIAN_POINT('',(26.36,1.26,0.5));
#14707 = LINE('',#14708,#14709);
#14708 = CARTESIAN_POINT('',(26.36,1.2,0.5));
#14709 = VECTOR('',#14710,1.);
#14710 = DIRECTION('',(-0.,1.,0.));
#14711 = ORIENTED_EDGE('',*,*,#14712,.T.);
#14712 = EDGE_CURVE('',#14705,#14713,#14715,.T.);
#14713 = VERTEX_POINT('',#14714);
#14714 = CARTESIAN_POINT('',(26.36,1.26,3.9));
#14715 = LINE('',#14716,#14717);
#14716 = CARTESIAN_POINT('',(26.36,1.26,0.5));
#14717 = VECTOR('',#14718,1.);
#14718 = DIRECTION('',(0.,0.,1.));
#14719 = ORIENTED_EDGE('',*,*,#14720,.F.);
#14720 = EDGE_CURVE('',#3393,#14713,#14721,.T.);
#14721 = LINE('',#14722,#14723);
#14722 = CARTESIAN_POINT('',(26.36,1.2,3.9));
#14723 = VECTOR('',#14724,1.);
#14724 = DIRECTION('',(-0.,1.,0.));
#14725 = PLANE('',#14726);
#14726 = AXIS2_PLACEMENT_3D('',#14727,#14728,#14729);
#14727 = CARTESIAN_POINT('',(26.36,1.2,0.5));
#14728 = DIRECTION('',(1.,0.,-0.));
#14729 = DIRECTION('',(0.,0.,1.));
#14730 = ADVANCED_FACE('',(#14731),#14749,.F.);
#14731 = FACE_BOUND('',#14732,.F.);
#14732 = EDGE_LOOP('',(#14733,#14734,#14735,#14743));
#14733 = ORIENTED_EDGE('',*,*,#14704,.F.);
#14734 = ORIENTED_EDGE('',*,*,#3400,.T.);
#14735 = ORIENTED_EDGE('',*,*,#14736,.T.);
#14736 = EDGE_CURVE('',#3401,#14737,#14739,.T.);
#14737 = VERTEX_POINT('',#14738);
#14738 = CARTESIAN_POINT('',(27.41,1.26,0.5));
#14739 = LINE('',#14740,#14741);
#14740 = CARTESIAN_POINT('',(27.41,1.2,0.5));
#14741 = VECTOR('',#14742,1.);
#14742 = DIRECTION('',(-0.,1.,0.));
#14743 = ORIENTED_EDGE('',*,*,#14744,.F.);
#14744 = EDGE_CURVE('',#14705,#14737,#14745,.T.);
#14745 = LINE('',#14746,#14747);
#14746 = CARTESIAN_POINT('',(26.36,1.26,0.5));
#14747 = VECTOR('',#14748,1.);
#14748 = DIRECTION('',(1.,0.,-0.));
#14749 = PLANE('',#14750);
#14750 = AXIS2_PLACEMENT_3D('',#14751,#14752,#14753);
#14751 = CARTESIAN_POINT('',(26.36,1.2,0.5));
#14752 = DIRECTION('',(0.,0.,1.));
#14753 = DIRECTION('',(1.,0.,-0.));
#14754 = ADVANCED_FACE('',(#14755),#14773,.T.);
#14755 = FACE_BOUND('',#14756,.T.);
#14756 = EDGE_LOOP('',(#14757,#14758,#14759,#14767));
#14757 = ORIENTED_EDGE('',*,*,#14720,.F.);
#14758 = ORIENTED_EDGE('',*,*,#3416,.T.);
#14759 = ORIENTED_EDGE('',*,*,#14760,.T.);
#14760 = EDGE_CURVE('',#3409,#14761,#14763,.T.);
#14761 = VERTEX_POINT('',#14762);
#14762 = CARTESIAN_POINT('',(27.41,1.26,3.9));
#14763 = LINE('',#14764,#14765);
#14764 = CARTESIAN_POINT('',(27.41,1.2,3.9));
#14765 = VECTOR('',#14766,1.);
#14766 = DIRECTION('',(-0.,1.,0.));
#14767 = ORIENTED_EDGE('',*,*,#14768,.F.);
#14768 = EDGE_CURVE('',#14713,#14761,#14769,.T.);
#14769 = LINE('',#14770,#14771);
#14770 = CARTESIAN_POINT('',(26.36,1.26,3.9));
#14771 = VECTOR('',#14772,1.);
#14772 = DIRECTION('',(1.,0.,-0.));
#14773 = PLANE('',#14774);
#14774 = AXIS2_PLACEMENT_3D('',#14775,#14776,#14777);
#14775 = CARTESIAN_POINT('',(26.36,1.2,3.9));
#14776 = DIRECTION('',(0.,0.,1.));
#14777 = DIRECTION('',(1.,0.,-0.));
#14778 = ADVANCED_FACE('',(#14779),#14790,.T.);
#14779 = FACE_BOUND('',#14780,.T.);
#14780 = EDGE_LOOP('',(#14781,#14782,#14783,#14789));
#14781 = ORIENTED_EDGE('',*,*,#3408,.F.);
#14782 = ORIENTED_EDGE('',*,*,#14736,.T.);
#14783 = ORIENTED_EDGE('',*,*,#14784,.T.);
#14784 = EDGE_CURVE('',#14737,#14761,#14785,.T.);
#14785 = LINE('',#14786,#14787);
#14786 = CARTESIAN_POINT('',(27.41,1.26,0.5));
#14787 = VECTOR('',#14788,1.);
#14788 = DIRECTION('',(0.,0.,1.));
#14789 = ORIENTED_EDGE('',*,*,#14760,.F.);
#14790 = PLANE('',#14791);
#14791 = AXIS2_PLACEMENT_3D('',#14792,#14793,#14794);
#14792 = CARTESIAN_POINT('',(27.41,1.2,0.5));
#14793 = DIRECTION('',(1.,0.,-0.));
#14794 = DIRECTION('',(0.,0.,1.));
#14795 = ADVANCED_FACE('',(#14796),#14821,.F.);
#14796 = FACE_BOUND('',#14797,.F.);
#14797 = EDGE_LOOP('',(#14798,#14799,#14807,#14815));
#14798 = ORIENTED_EDGE('',*,*,#3424,.F.);
#14799 = ORIENTED_EDGE('',*,*,#14800,.T.);
#14800 = EDGE_CURVE('',#3425,#14801,#14803,.T.);
#14801 = VERTEX_POINT('',#14802);
#14802 = CARTESIAN_POINT('',(28.08,1.26,0.5));
#14803 = LINE('',#14804,#14805);
#14804 = CARTESIAN_POINT('',(28.08,1.2,0.5));
#14805 = VECTOR('',#14806,1.);
#14806 = DIRECTION('',(-0.,1.,0.));
#14807 = ORIENTED_EDGE('',*,*,#14808,.T.);
#14808 = EDGE_CURVE('',#14801,#14809,#14811,.T.);
#14809 = VERTEX_POINT('',#14810);
#14810 = CARTESIAN_POINT('',(28.08,1.26,3.9));
#14811 = LINE('',#14812,#14813);
#14812 = CARTESIAN_POINT('',(28.08,1.26,0.5));
#14813 = VECTOR('',#14814,1.);
#14814 = DIRECTION('',(0.,0.,1.));
#14815 = ORIENTED_EDGE('',*,*,#14816,.F.);
#14816 = EDGE_CURVE('',#3427,#14809,#14817,.T.);
#14817 = LINE('',#14818,#14819);
#14818 = CARTESIAN_POINT('',(28.08,1.2,3.9));
#14819 = VECTOR('',#14820,1.);
#14820 = DIRECTION('',(-0.,1.,0.));
#14821 = PLANE('',#14822);
#14822 = AXIS2_PLACEMENT_3D('',#14823,#14824,#14825);
#14823 = CARTESIAN_POINT('',(28.08,1.2,0.5));
#14824 = DIRECTION('',(1.,0.,-0.));
#14825 = DIRECTION('',(0.,0.,1.));
#14826 = ADVANCED_FACE('',(#14827),#14845,.F.);
#14827 = FACE_BOUND('',#14828,.F.);
#14828 = EDGE_LOOP('',(#14829,#14830,#14831,#14839));
#14829 = ORIENTED_EDGE('',*,*,#14800,.F.);
#14830 = ORIENTED_EDGE('',*,*,#3434,.T.);
#14831 = ORIENTED_EDGE('',*,*,#14832,.T.);
#14832 = EDGE_CURVE('',#3435,#14833,#14835,.T.);
#14833 = VERTEX_POINT('',#14834);
#14834 = CARTESIAN_POINT('',(29.13,1.26,0.5));
#14835 = LINE('',#14836,#14837);
#14836 = CARTESIAN_POINT('',(29.13,1.2,0.5));
#14837 = VECTOR('',#14838,1.);
#14838 = DIRECTION('',(-0.,1.,0.));
#14839 = ORIENTED_EDGE('',*,*,#14840,.F.);
#14840 = EDGE_CURVE('',#14801,#14833,#14841,.T.);
#14841 = LINE('',#14842,#14843);
#14842 = CARTESIAN_POINT('',(28.08,1.26,0.5));
#14843 = VECTOR('',#14844,1.);
#14844 = DIRECTION('',(1.,0.,-0.));
#14845 = PLANE('',#14846);
#14846 = AXIS2_PLACEMENT_3D('',#14847,#14848,#14849);
#14847 = CARTESIAN_POINT('',(28.08,1.2,0.5));
#14848 = DIRECTION('',(0.,0.,1.));
#14849 = DIRECTION('',(1.,0.,-0.));
#14850 = ADVANCED_FACE('',(#14851),#14869,.T.);
#14851 = FACE_BOUND('',#14852,.T.);
#14852 = EDGE_LOOP('',(#14853,#14854,#14855,#14863));
#14853 = ORIENTED_EDGE('',*,*,#14816,.F.);
#14854 = ORIENTED_EDGE('',*,*,#3450,.T.);
#14855 = ORIENTED_EDGE('',*,*,#14856,.T.);
#14856 = EDGE_CURVE('',#3443,#14857,#14859,.T.);
#14857 = VERTEX_POINT('',#14858);
#14858 = CARTESIAN_POINT('',(29.13,1.26,3.9));
#14859 = LINE('',#14860,#14861);
#14860 = CARTESIAN_POINT('',(29.13,1.2,3.9));
#14861 = VECTOR('',#14862,1.);
#14862 = DIRECTION('',(-0.,1.,0.));
#14863 = ORIENTED_EDGE('',*,*,#14864,.F.);
#14864 = EDGE_CURVE('',#14809,#14857,#14865,.T.);
#14865 = LINE('',#14866,#14867);
#14866 = CARTESIAN_POINT('',(28.08,1.26,3.9));
#14867 = VECTOR('',#14868,1.);
#14868 = DIRECTION('',(1.,0.,-0.));
#14869 = PLANE('',#14870);
#14870 = AXIS2_PLACEMENT_3D('',#14871,#14872,#14873);
#14871 = CARTESIAN_POINT('',(28.08,1.2,3.9));
#14872 = DIRECTION('',(0.,0.,1.));
#14873 = DIRECTION('',(1.,0.,-0.));
#14874 = ADVANCED_FACE('',(#14875),#14886,.T.);
#14875 = FACE_BOUND('',#14876,.T.);
#14876 = EDGE_LOOP('',(#14877,#14878,#14879,#14885));
#14877 = ORIENTED_EDGE('',*,*,#3442,.F.);
#14878 = ORIENTED_EDGE('',*,*,#14832,.T.);
#14879 = ORIENTED_EDGE('',*,*,#14880,.T.);
#14880 = EDGE_CURVE('',#14833,#14857,#14881,.T.);
#14881 = LINE('',#14882,#14883);
#14882 = CARTESIAN_POINT('',(29.13,1.26,0.5));
#14883 = VECTOR('',#14884,1.);
#14884 = DIRECTION('',(0.,0.,1.));
#14885 = ORIENTED_EDGE('',*,*,#14856,.F.);
#14886 = PLANE('',#14887);
#14887 = AXIS2_PLACEMENT_3D('',#14888,#14889,#14890);
#14888 = CARTESIAN_POINT('',(29.13,1.2,0.5));
#14889 = DIRECTION('',(1.,0.,-0.));
#14890 = DIRECTION('',(0.,0.,1.));
#14891 = ADVANCED_FACE('',(#14892),#14917,.F.);
#14892 = FACE_BOUND('',#14893,.F.);
#14893 = EDGE_LOOP('',(#14894,#14895,#14903,#14911));
#14894 = ORIENTED_EDGE('',*,*,#3458,.F.);
#14895 = ORIENTED_EDGE('',*,*,#14896,.T.);
#14896 = EDGE_CURVE('',#3459,#14897,#14899,.T.);
#14897 = VERTEX_POINT('',#14898);
#14898 = CARTESIAN_POINT('',(29.8,1.26,0.5));
#14899 = LINE('',#14900,#14901);
#14900 = CARTESIAN_POINT('',(29.8,1.2,0.5));
#14901 = VECTOR('',#14902,1.);
#14902 = DIRECTION('',(-0.,1.,0.));
#14903 = ORIENTED_EDGE('',*,*,#14904,.T.);
#14904 = EDGE_CURVE('',#14897,#14905,#14907,.T.);
#14905 = VERTEX_POINT('',#14906);
#14906 = CARTESIAN_POINT('',(29.8,1.26,3.9));
#14907 = LINE('',#14908,#14909);
#14908 = CARTESIAN_POINT('',(29.8,1.26,0.5));
#14909 = VECTOR('',#14910,1.);
#14910 = DIRECTION('',(0.,0.,1.));
#14911 = ORIENTED_EDGE('',*,*,#14912,.F.);
#14912 = EDGE_CURVE('',#3461,#14905,#14913,.T.);
#14913 = LINE('',#14914,#14915);
#14914 = CARTESIAN_POINT('',(29.8,1.2,3.9));
#14915 = VECTOR('',#14916,1.);
#14916 = DIRECTION('',(-0.,1.,0.));
#14917 = PLANE('',#14918);
#14918 = AXIS2_PLACEMENT_3D('',#14919,#14920,#14921);
#14919 = CARTESIAN_POINT('',(29.8,1.2,0.5));
#14920 = DIRECTION('',(1.,0.,-0.));
#14921 = DIRECTION('',(0.,0.,1.));
#14922 = ADVANCED_FACE('',(#14923),#14941,.F.);
#14923 = FACE_BOUND('',#14924,.F.);
#14924 = EDGE_LOOP('',(#14925,#14926,#14927,#14935));
#14925 = ORIENTED_EDGE('',*,*,#14896,.F.);
#14926 = ORIENTED_EDGE('',*,*,#3468,.T.);
#14927 = ORIENTED_EDGE('',*,*,#14928,.T.);
#14928 = EDGE_CURVE('',#3469,#14929,#14931,.T.);
#14929 = VERTEX_POINT('',#14930);
#14930 = CARTESIAN_POINT('',(30.85,1.26,0.5));
#14931 = LINE('',#14932,#14933);
#14932 = CARTESIAN_POINT('',(30.85,1.2,0.5));
#14933 = VECTOR('',#14934,1.);
#14934 = DIRECTION('',(-0.,1.,0.));
#14935 = ORIENTED_EDGE('',*,*,#14936,.F.);
#14936 = EDGE_CURVE('',#14897,#14929,#14937,.T.);
#14937 = LINE('',#14938,#14939);
#14938 = CARTESIAN_POINT('',(29.8,1.26,0.5));
#14939 = VECTOR('',#14940,1.);
#14940 = DIRECTION('',(1.,0.,-0.));
#14941 = PLANE('',#14942);
#14942 = AXIS2_PLACEMENT_3D('',#14943,#14944,#14945);
#14943 = CARTESIAN_POINT('',(29.8,1.2,0.5));
#14944 = DIRECTION('',(0.,0.,1.));
#14945 = DIRECTION('',(1.,0.,-0.));
#14946 = ADVANCED_FACE('',(#14947),#14965,.T.);
#14947 = FACE_BOUND('',#14948,.T.);
#14948 = EDGE_LOOP('',(#14949,#14950,#14951,#14959));
#14949 = ORIENTED_EDGE('',*,*,#14912,.F.);
#14950 = ORIENTED_EDGE('',*,*,#3484,.T.);
#14951 = ORIENTED_EDGE('',*,*,#14952,.T.);
#14952 = EDGE_CURVE('',#3477,#14953,#14955,.T.);
#14953 = VERTEX_POINT('',#14954);
#14954 = CARTESIAN_POINT('',(30.85,1.26,3.9));
#14955 = LINE('',#14956,#14957);
#14956 = CARTESIAN_POINT('',(30.85,1.2,3.9));
#14957 = VECTOR('',#14958,1.);
#14958 = DIRECTION('',(-0.,1.,0.));
#14959 = ORIENTED_EDGE('',*,*,#14960,.F.);
#14960 = EDGE_CURVE('',#14905,#14953,#14961,.T.);
#14961 = LINE('',#14962,#14963);
#14962 = CARTESIAN_POINT('',(29.8,1.26,3.9));
#14963 = VECTOR('',#14964,1.);
#14964 = DIRECTION('',(1.,0.,-0.));
#14965 = PLANE('',#14966);
#14966 = AXIS2_PLACEMENT_3D('',#14967,#14968,#14969);
#14967 = CARTESIAN_POINT('',(29.8,1.2,3.9));
#14968 = DIRECTION('',(0.,0.,1.));
#14969 = DIRECTION('',(1.,0.,-0.));
#14970 = ADVANCED_FACE('',(#14971),#14982,.T.);
#14971 = FACE_BOUND('',#14972,.T.);
#14972 = EDGE_LOOP('',(#14973,#14974,#14975,#14981));
#14973 = ORIENTED_EDGE('',*,*,#3476,.F.);
#14974 = ORIENTED_EDGE('',*,*,#14928,.T.);
#14975 = ORIENTED_EDGE('',*,*,#14976,.T.);
#14976 = EDGE_CURVE('',#14929,#14953,#14977,.T.);
#14977 = LINE('',#14978,#14979);
#14978 = CARTESIAN_POINT('',(30.85,1.26,0.5));
#14979 = VECTOR('',#14980,1.);
#14980 = DIRECTION('',(0.,0.,1.));
#14981 = ORIENTED_EDGE('',*,*,#14952,.F.);
#14982 = PLANE('',#14983);
#14983 = AXIS2_PLACEMENT_3D('',#14984,#14985,#14986);
#14984 = CARTESIAN_POINT('',(30.85,1.2,0.5));
#14985 = DIRECTION('',(1.,0.,-0.));
#14986 = DIRECTION('',(0.,0.,1.));
#14987 = ADVANCED_FACE('',(#14988),#15013,.F.);
#14988 = FACE_BOUND('',#14989,.F.);
#14989 = EDGE_LOOP('',(#14990,#14991,#14999,#15007));
#14990 = ORIENTED_EDGE('',*,*,#3492,.F.);
#14991 = ORIENTED_EDGE('',*,*,#14992,.T.);
#14992 = EDGE_CURVE('',#3493,#14993,#14995,.T.);
#14993 = VERTEX_POINT('',#14994);
#14994 = CARTESIAN_POINT('',(31.52,1.26,0.5));
#14995 = LINE('',#14996,#14997);
#14996 = CARTESIAN_POINT('',(31.52,1.2,0.5));
#14997 = VECTOR('',#14998,1.);
#14998 = DIRECTION('',(-0.,1.,0.));
#14999 = ORIENTED_EDGE('',*,*,#15000,.T.);
#15000 = EDGE_CURVE('',#14993,#15001,#15003,.T.);
#15001 = VERTEX_POINT('',#15002);
#15002 = CARTESIAN_POINT('',(31.52,1.26,3.9));
#15003 = LINE('',#15004,#15005);
#15004 = CARTESIAN_POINT('',(31.52,1.26,0.5));
#15005 = VECTOR('',#15006,1.);
#15006 = DIRECTION('',(0.,0.,1.));
#15007 = ORIENTED_EDGE('',*,*,#15008,.F.);
#15008 = EDGE_CURVE('',#3495,#15001,#15009,.T.);
#15009 = LINE('',#15010,#15011);
#15010 = CARTESIAN_POINT('',(31.52,1.2,3.9));
#15011 = VECTOR('',#15012,1.);
#15012 = DIRECTION('',(-0.,1.,0.));
#15013 = PLANE('',#15014);
#15014 = AXIS2_PLACEMENT_3D('',#15015,#15016,#15017);
#15015 = CARTESIAN_POINT('',(31.52,1.2,0.5));
#15016 = DIRECTION('',(1.,0.,-0.));
#15017 = DIRECTION('',(0.,0.,1.));
#15018 = ADVANCED_FACE('',(#15019),#15037,.F.);
#15019 = FACE_BOUND('',#15020,.F.);
#15020 = EDGE_LOOP('',(#15021,#15022,#15023,#15031));
#15021 = ORIENTED_EDGE('',*,*,#14992,.F.);
#15022 = ORIENTED_EDGE('',*,*,#3502,.T.);
#15023 = ORIENTED_EDGE('',*,*,#15024,.T.);
#15024 = EDGE_CURVE('',#3503,#15025,#15027,.T.);
#15025 = VERTEX_POINT('',#15026);
#15026 = CARTESIAN_POINT('',(32.57,1.26,0.5));
#15027 = LINE('',#15028,#15029);
#15028 = CARTESIAN_POINT('',(32.57,1.2,0.5));
#15029 = VECTOR('',#15030,1.);
#15030 = DIRECTION('',(-0.,1.,0.));
#15031 = ORIENTED_EDGE('',*,*,#15032,.F.);
#15032 = EDGE_CURVE('',#14993,#15025,#15033,.T.);
#15033 = LINE('',#15034,#15035);
#15034 = CARTESIAN_POINT('',(31.52,1.26,0.5));
#15035 = VECTOR('',#15036,1.);
#15036 = DIRECTION('',(1.,0.,-0.));
#15037 = PLANE('',#15038);
#15038 = AXIS2_PLACEMENT_3D('',#15039,#15040,#15041);
#15039 = CARTESIAN_POINT('',(31.52,1.2,0.5));
#15040 = DIRECTION('',(0.,0.,1.));
#15041 = DIRECTION('',(1.,0.,-0.));
#15042 = ADVANCED_FACE('',(#15043),#15061,.T.);
#15043 = FACE_BOUND('',#15044,.T.);
#15044 = EDGE_LOOP('',(#15045,#15046,#15047,#15055));
#15045 = ORIENTED_EDGE('',*,*,#15008,.F.);
#15046 = ORIENTED_EDGE('',*,*,#3518,.T.);
#15047 = ORIENTED_EDGE('',*,*,#15048,.T.);
#15048 = EDGE_CURVE('',#3511,#15049,#15051,.T.);
#15049 = VERTEX_POINT('',#15050);
#15050 = CARTESIAN_POINT('',(32.57,1.26,3.9));
#15051 = LINE('',#15052,#15053);
#15052 = CARTESIAN_POINT('',(32.57,1.2,3.9));
#15053 = VECTOR('',#15054,1.);
#15054 = DIRECTION('',(-0.,1.,0.));
#15055 = ORIENTED_EDGE('',*,*,#15056,.F.);
#15056 = EDGE_CURVE('',#15001,#15049,#15057,.T.);
#15057 = LINE('',#15058,#15059);
#15058 = CARTESIAN_POINT('',(31.52,1.26,3.9));
#15059 = VECTOR('',#15060,1.);
#15060 = DIRECTION('',(1.,0.,-0.));
#15061 = PLANE('',#15062);
#15062 = AXIS2_PLACEMENT_3D('',#15063,#15064,#15065);
#15063 = CARTESIAN_POINT('',(31.52,1.2,3.9));
#15064 = DIRECTION('',(0.,0.,1.));
#15065 = DIRECTION('',(1.,0.,-0.));
#15066 = ADVANCED_FACE('',(#15067),#15078,.T.);
#15067 = FACE_BOUND('',#15068,.T.);
#15068 = EDGE_LOOP('',(#15069,#15070,#15071,#15077));
#15069 = ORIENTED_EDGE('',*,*,#3510,.F.);
#15070 = ORIENTED_EDGE('',*,*,#15024,.T.);
#15071 = ORIENTED_EDGE('',*,*,#15072,.T.);
#15072 = EDGE_CURVE('',#15025,#15049,#15073,.T.);
#15073 = LINE('',#15074,#15075);
#15074 = CARTESIAN_POINT('',(32.57,1.26,0.5));
#15075 = VECTOR('',#15076,1.);
#15076 = DIRECTION('',(0.,0.,1.));
#15077 = ORIENTED_EDGE('',*,*,#15048,.F.);
#15078 = PLANE('',#15079);
#15079 = AXIS2_PLACEMENT_3D('',#15080,#15081,#15082);
#15080 = CARTESIAN_POINT('',(32.57,1.2,0.5));
#15081 = DIRECTION('',(1.,0.,-0.));
#15082 = DIRECTION('',(0.,0.,1.));
#15083 = ADVANCED_FACE('',(#15084),#15109,.F.);
#15084 = FACE_BOUND('',#15085,.F.);
#15085 = EDGE_LOOP('',(#15086,#15087,#15095,#15103));
#15086 = ORIENTED_EDGE('',*,*,#3526,.F.);
#15087 = ORIENTED_EDGE('',*,*,#15088,.T.);
#15088 = EDGE_CURVE('',#3527,#15089,#15091,.T.);
#15089 = VERTEX_POINT('',#15090);
#15090 = CARTESIAN_POINT('',(33.24,1.26,0.5));
#15091 = LINE('',#15092,#15093);
#15092 = CARTESIAN_POINT('',(33.24,1.2,0.5));
#15093 = VECTOR('',#15094,1.);
#15094 = DIRECTION('',(-0.,1.,0.));
#15095 = ORIENTED_EDGE('',*,*,#15096,.T.);
#15096 = EDGE_CURVE('',#15089,#15097,#15099,.T.);
#15097 = VERTEX_POINT('',#15098);
#15098 = CARTESIAN_POINT('',(33.24,1.26,3.9));
#15099 = LINE('',#15100,#15101);
#15100 = CARTESIAN_POINT('',(33.24,1.26,0.5));
#15101 = VECTOR('',#15102,1.);
#15102 = DIRECTION('',(0.,0.,1.));
#15103 = ORIENTED_EDGE('',*,*,#15104,.F.);
#15104 = EDGE_CURVE('',#3529,#15097,#15105,.T.);
#15105 = LINE('',#15106,#15107);
#15106 = CARTESIAN_POINT('',(33.24,1.2,3.9));
#15107 = VECTOR('',#15108,1.);
#15108 = DIRECTION('',(-0.,1.,0.));
#15109 = PLANE('',#15110);
#15110 = AXIS2_PLACEMENT_3D('',#15111,#15112,#15113);
#15111 = CARTESIAN_POINT('',(33.24,1.2,0.5));
#15112 = DIRECTION('',(1.,0.,-0.));
#15113 = DIRECTION('',(0.,0.,1.));
#15114 = ADVANCED_FACE('',(#15115),#15133,.F.);
#15115 = FACE_BOUND('',#15116,.F.);
#15116 = EDGE_LOOP('',(#15117,#15118,#15119,#15127));
#15117 = ORIENTED_EDGE('',*,*,#15088,.F.);
#15118 = ORIENTED_EDGE('',*,*,#3536,.T.);
#15119 = ORIENTED_EDGE('',*,*,#15120,.T.);
#15120 = EDGE_CURVE('',#3537,#15121,#15123,.T.);
#15121 = VERTEX_POINT('',#15122);
#15122 = CARTESIAN_POINT('',(34.29,1.26,0.5));
#15123 = LINE('',#15124,#15125);
#15124 = CARTESIAN_POINT('',(34.29,1.2,0.5));
#15125 = VECTOR('',#15126,1.);
#15126 = DIRECTION('',(-0.,1.,0.));
#15127 = ORIENTED_EDGE('',*,*,#15128,.F.);
#15128 = EDGE_CURVE('',#15089,#15121,#15129,.T.);
#15129 = LINE('',#15130,#15131);
#15130 = CARTESIAN_POINT('',(33.24,1.26,0.5));
#15131 = VECTOR('',#15132,1.);
#15132 = DIRECTION('',(1.,0.,-0.));
#15133 = PLANE('',#15134);
#15134 = AXIS2_PLACEMENT_3D('',#15135,#15136,#15137);
#15135 = CARTESIAN_POINT('',(33.24,1.2,0.5));
#15136 = DIRECTION('',(0.,0.,1.));
#15137 = DIRECTION('',(1.,0.,-0.));
#15138 = ADVANCED_FACE('',(#15139),#15157,.T.);
#15139 = FACE_BOUND('',#15140,.T.);
#15140 = EDGE_LOOP('',(#15141,#15142,#15143,#15151));
#15141 = ORIENTED_EDGE('',*,*,#15104,.F.);
#15142 = ORIENTED_EDGE('',*,*,#3552,.T.);
#15143 = ORIENTED_EDGE('',*,*,#15144,.T.);
#15144 = EDGE_CURVE('',#3545,#15145,#15147,.T.);
#15145 = VERTEX_POINT('',#15146);
#15146 = CARTESIAN_POINT('',(34.29,1.26,3.9));
#15147 = LINE('',#15148,#15149);
#15148 = CARTESIAN_POINT('',(34.29,1.2,3.9));
#15149 = VECTOR('',#15150,1.);
#15150 = DIRECTION('',(-0.,1.,0.));
#15151 = ORIENTED_EDGE('',*,*,#15152,.F.);
#15152 = EDGE_CURVE('',#15097,#15145,#15153,.T.);
#15153 = LINE('',#15154,#15155);
#15154 = CARTESIAN_POINT('',(33.24,1.26,3.9));
#15155 = VECTOR('',#15156,1.);
#15156 = DIRECTION('',(1.,0.,-0.));
#15157 = PLANE('',#15158);
#15158 = AXIS2_PLACEMENT_3D('',#15159,#15160,#15161);
#15159 = CARTESIAN_POINT('',(33.24,1.2,3.9));
#15160 = DIRECTION('',(0.,0.,1.));
#15161 = DIRECTION('',(1.,0.,-0.));
#15162 = ADVANCED_FACE('',(#15163),#15174,.T.);
#15163 = FACE_BOUND('',#15164,.T.);
#15164 = EDGE_LOOP('',(#15165,#15166,#15167,#15173));
#15165 = ORIENTED_EDGE('',*,*,#3544,.F.);
#15166 = ORIENTED_EDGE('',*,*,#15120,.T.);
#15167 = ORIENTED_EDGE('',*,*,#15168,.T.);
#15168 = EDGE_CURVE('',#15121,#15145,#15169,.T.);
#15169 = LINE('',#15170,#15171);
#15170 = CARTESIAN_POINT('',(34.29,1.26,0.5));
#15171 = VECTOR('',#15172,1.);
#15172 = DIRECTION('',(0.,0.,1.));
#15173 = ORIENTED_EDGE('',*,*,#15144,.F.);
#15174 = PLANE('',#15175);
#15175 = AXIS2_PLACEMENT_3D('',#15176,#15177,#15178);
#15176 = CARTESIAN_POINT('',(34.29,1.2,0.5));
#15177 = DIRECTION('',(1.,0.,-0.));
#15178 = DIRECTION('',(0.,0.,1.));
#15179 = ADVANCED_FACE('',(#15180),#15205,.F.);
#15180 = FACE_BOUND('',#15181,.F.);
#15181 = EDGE_LOOP('',(#15182,#15183,#15191,#15199));
#15182 = ORIENTED_EDGE('',*,*,#3560,.F.);
#15183 = ORIENTED_EDGE('',*,*,#15184,.T.);
#15184 = EDGE_CURVE('',#3561,#15185,#15187,.T.);
#15185 = VERTEX_POINT('',#15186);
#15186 = CARTESIAN_POINT('',(34.96,1.26,0.5));
#15187 = LINE('',#15188,#15189);
#15188 = CARTESIAN_POINT('',(34.96,1.2,0.5));
#15189 = VECTOR('',#15190,1.);
#15190 = DIRECTION('',(-0.,1.,0.));
#15191 = ORIENTED_EDGE('',*,*,#15192,.T.);
#15192 = EDGE_CURVE('',#15185,#15193,#15195,.T.);
#15193 = VERTEX_POINT('',#15194);
#15194 = CARTESIAN_POINT('',(34.96,1.26,3.9));
#15195 = LINE('',#15196,#15197);
#15196 = CARTESIAN_POINT('',(34.96,1.26,0.5));
#15197 = VECTOR('',#15198,1.);
#15198 = DIRECTION('',(0.,0.,1.));
#15199 = ORIENTED_EDGE('',*,*,#15200,.F.);
#15200 = EDGE_CURVE('',#3563,#15193,#15201,.T.);
#15201 = LINE('',#15202,#15203);
#15202 = CARTESIAN_POINT('',(34.96,1.2,3.9));
#15203 = VECTOR('',#15204,1.);
#15204 = DIRECTION('',(-0.,1.,0.));
#15205 = PLANE('',#15206);
#15206 = AXIS2_PLACEMENT_3D('',#15207,#15208,#15209);
#15207 = CARTESIAN_POINT('',(34.96,1.2,0.5));
#15208 = DIRECTION('',(1.,0.,-0.));
#15209 = DIRECTION('',(0.,0.,1.));
#15210 = ADVANCED_FACE('',(#15211),#15229,.F.);
#15211 = FACE_BOUND('',#15212,.F.);
#15212 = EDGE_LOOP('',(#15213,#15214,#15215,#15223));
#15213 = ORIENTED_EDGE('',*,*,#15184,.F.);
#15214 = ORIENTED_EDGE('',*,*,#3570,.T.);
#15215 = ORIENTED_EDGE('',*,*,#15216,.T.);
#15216 = EDGE_CURVE('',#3571,#15217,#15219,.T.);
#15217 = VERTEX_POINT('',#15218);
#15218 = CARTESIAN_POINT('',(36.01,1.26,0.5));
#15219 = LINE('',#15220,#15221);
#15220 = CARTESIAN_POINT('',(36.01,1.2,0.5));
#15221 = VECTOR('',#15222,1.);
#15222 = DIRECTION('',(-0.,1.,0.));
#15223 = ORIENTED_EDGE('',*,*,#15224,.F.);
#15224 = EDGE_CURVE('',#15185,#15217,#15225,.T.);
#15225 = LINE('',#15226,#15227);
#15226 = CARTESIAN_POINT('',(34.96,1.26,0.5));
#15227 = VECTOR('',#15228,1.);
#15228 = DIRECTION('',(1.,0.,-0.));
#15229 = PLANE('',#15230);
#15230 = AXIS2_PLACEMENT_3D('',#15231,#15232,#15233);
#15231 = CARTESIAN_POINT('',(34.96,1.2,0.5));
#15232 = DIRECTION('',(0.,0.,1.));
#15233 = DIRECTION('',(1.,0.,-0.));
#15234 = ADVANCED_FACE('',(#15235),#15253,.T.);
#15235 = FACE_BOUND('',#15236,.T.);
#15236 = EDGE_LOOP('',(#15237,#15238,#15239,#15247));
#15237 = ORIENTED_EDGE('',*,*,#15200,.F.);
#15238 = ORIENTED_EDGE('',*,*,#3586,.T.);
#15239 = ORIENTED_EDGE('',*,*,#15240,.T.);
#15240 = EDGE_CURVE('',#3579,#15241,#15243,.T.);
#15241 = VERTEX_POINT('',#15242);
#15242 = CARTESIAN_POINT('',(36.01,1.26,3.9));
#15243 = LINE('',#15244,#15245);
#15244 = CARTESIAN_POINT('',(36.01,1.2,3.9));
#15245 = VECTOR('',#15246,1.);
#15246 = DIRECTION('',(-0.,1.,0.));
#15247 = ORIENTED_EDGE('',*,*,#15248,.F.);
#15248 = EDGE_CURVE('',#15193,#15241,#15249,.T.);
#15249 = LINE('',#15250,#15251);
#15250 = CARTESIAN_POINT('',(34.96,1.26,3.9));
#15251 = VECTOR('',#15252,1.);
#15252 = DIRECTION('',(1.,0.,-0.));
#15253 = PLANE('',#15254);
#15254 = AXIS2_PLACEMENT_3D('',#15255,#15256,#15257);
#15255 = CARTESIAN_POINT('',(34.96,1.2,3.9));
#15256 = DIRECTION('',(0.,0.,1.));
#15257 = DIRECTION('',(1.,0.,-0.));
#15258 = ADVANCED_FACE('',(#15259),#15270,.T.);
#15259 = FACE_BOUND('',#15260,.T.);
#15260 = EDGE_LOOP('',(#15261,#15262,#15263,#15269));
#15261 = ORIENTED_EDGE('',*,*,#3578,.F.);
#15262 = ORIENTED_EDGE('',*,*,#15216,.T.);
#15263 = ORIENTED_EDGE('',*,*,#15264,.T.);
#15264 = EDGE_CURVE('',#15217,#15241,#15265,.T.);
#15265 = LINE('',#15266,#15267);
#15266 = CARTESIAN_POINT('',(36.01,1.26,0.5));
#15267 = VECTOR('',#15268,1.);
#15268 = DIRECTION('',(0.,0.,1.));
#15269 = ORIENTED_EDGE('',*,*,#15240,.F.);
#15270 = PLANE('',#15271);
#15271 = AXIS2_PLACEMENT_3D('',#15272,#15273,#15274);
#15272 = CARTESIAN_POINT('',(36.01,1.2,0.5));
#15273 = DIRECTION('',(1.,0.,-0.));
#15274 = DIRECTION('',(0.,0.,1.));
#15275 = ADVANCED_FACE('',(#15276),#15301,.F.);
#15276 = FACE_BOUND('',#15277,.F.);
#15277 = EDGE_LOOP('',(#15278,#15279,#15287,#15295));
#15278 = ORIENTED_EDGE('',*,*,#3594,.F.);
#15279 = ORIENTED_EDGE('',*,*,#15280,.T.);
#15280 = EDGE_CURVE('',#3595,#15281,#15283,.T.);
#15281 = VERTEX_POINT('',#15282);
#15282 = CARTESIAN_POINT('',(36.68,1.26,0.5));
#15283 = LINE('',#15284,#15285);
#15284 = CARTESIAN_POINT('',(36.68,1.2,0.5));
#15285 = VECTOR('',#15286,1.);
#15286 = DIRECTION('',(-0.,1.,0.));
#15287 = ORIENTED_EDGE('',*,*,#15288,.T.);
#15288 = EDGE_CURVE('',#15281,#15289,#15291,.T.);
#15289 = VERTEX_POINT('',#15290);
#15290 = CARTESIAN_POINT('',(36.68,1.26,3.9));
#15291 = LINE('',#15292,#15293);
#15292 = CARTESIAN_POINT('',(36.68,1.26,0.5));
#15293 = VECTOR('',#15294,1.);
#15294 = DIRECTION('',(0.,0.,1.));
#15295 = ORIENTED_EDGE('',*,*,#15296,.F.);
#15296 = EDGE_CURVE('',#3597,#15289,#15297,.T.);
#15297 = LINE('',#15298,#15299);
#15298 = CARTESIAN_POINT('',(36.68,1.2,3.9));
#15299 = VECTOR('',#15300,1.);
#15300 = DIRECTION('',(-0.,1.,0.));
#15301 = PLANE('',#15302);
#15302 = AXIS2_PLACEMENT_3D('',#15303,#15304,#15305);
#15303 = CARTESIAN_POINT('',(36.68,1.2,0.5));
#15304 = DIRECTION('',(1.,0.,-0.));
#15305 = DIRECTION('',(0.,0.,1.));
#15306 = ADVANCED_FACE('',(#15307),#15325,.F.);
#15307 = FACE_BOUND('',#15308,.F.);
#15308 = EDGE_LOOP('',(#15309,#15310,#15311,#15319));
#15309 = ORIENTED_EDGE('',*,*,#15280,.F.);
#15310 = ORIENTED_EDGE('',*,*,#3604,.T.);
#15311 = ORIENTED_EDGE('',*,*,#15312,.T.);
#15312 = EDGE_CURVE('',#3605,#15313,#15315,.T.);
#15313 = VERTEX_POINT('',#15314);
#15314 = CARTESIAN_POINT('',(37.73,1.26,0.5));
#15315 = LINE('',#15316,#15317);
#15316 = CARTESIAN_POINT('',(37.73,1.2,0.5));
#15317 = VECTOR('',#15318,1.);
#15318 = DIRECTION('',(-0.,1.,0.));
#15319 = ORIENTED_EDGE('',*,*,#15320,.F.);
#15320 = EDGE_CURVE('',#15281,#15313,#15321,.T.);
#15321 = LINE('',#15322,#15323);
#15322 = CARTESIAN_POINT('',(36.68,1.26,0.5));
#15323 = VECTOR('',#15324,1.);
#15324 = DIRECTION('',(1.,0.,-0.));
#15325 = PLANE('',#15326);
#15326 = AXIS2_PLACEMENT_3D('',#15327,#15328,#15329);
#15327 = CARTESIAN_POINT('',(36.68,1.2,0.5));
#15328 = DIRECTION('',(0.,0.,1.));
#15329 = DIRECTION('',(1.,0.,-0.));
#15330 = ADVANCED_FACE('',(#15331),#15349,.T.);
#15331 = FACE_BOUND('',#15332,.T.);
#15332 = EDGE_LOOP('',(#15333,#15334,#15335,#15343));
#15333 = ORIENTED_EDGE('',*,*,#15296,.F.);
#15334 = ORIENTED_EDGE('',*,*,#3620,.T.);
#15335 = ORIENTED_EDGE('',*,*,#15336,.T.);
#15336 = EDGE_CURVE('',#3613,#15337,#15339,.T.);
#15337 = VERTEX_POINT('',#15338);
#15338 = CARTESIAN_POINT('',(37.73,1.26,3.9));
#15339 = LINE('',#15340,#15341);
#15340 = CARTESIAN_POINT('',(37.73,1.2,3.9));
#15341 = VECTOR('',#15342,1.);
#15342 = DIRECTION('',(-0.,1.,0.));
#15343 = ORIENTED_EDGE('',*,*,#15344,.F.);
#15344 = EDGE_CURVE('',#15289,#15337,#15345,.T.);
#15345 = LINE('',#15346,#15347);
#15346 = CARTESIAN_POINT('',(36.68,1.26,3.9));
#15347 = VECTOR('',#15348,1.);
#15348 = DIRECTION('',(1.,0.,-0.));
#15349 = PLANE('',#15350);
#15350 = AXIS2_PLACEMENT_3D('',#15351,#15352,#15353);
#15351 = CARTESIAN_POINT('',(36.68,1.2,3.9));
#15352 = DIRECTION('',(0.,0.,1.));
#15353 = DIRECTION('',(1.,0.,-0.));
#15354 = ADVANCED_FACE('',(#15355),#15366,.T.);
#15355 = FACE_BOUND('',#15356,.T.);
#15356 = EDGE_LOOP('',(#15357,#15358,#15359,#15365));
#15357 = ORIENTED_EDGE('',*,*,#3612,.F.);
#15358 = ORIENTED_EDGE('',*,*,#15312,.T.);
#15359 = ORIENTED_EDGE('',*,*,#15360,.T.);
#15360 = EDGE_CURVE('',#15313,#15337,#15361,.T.);
#15361 = LINE('',#15362,#15363);
#15362 = CARTESIAN_POINT('',(37.73,1.26,0.5));
#15363 = VECTOR('',#15364,1.);
#15364 = DIRECTION('',(0.,0.,1.));
#15365 = ORIENTED_EDGE('',*,*,#15336,.F.);
#15366 = PLANE('',#15367);
#15367 = AXIS2_PLACEMENT_3D('',#15368,#15369,#15370);
#15368 = CARTESIAN_POINT('',(37.73,1.2,0.5));
#15369 = DIRECTION('',(1.,0.,-0.));
#15370 = DIRECTION('',(0.,0.,1.));
#15371 = ADVANCED_FACE('',(#15372),#15397,.F.);
#15372 = FACE_BOUND('',#15373,.F.);
#15373 = EDGE_LOOP('',(#15374,#15375,#15383,#15391));
#15374 = ORIENTED_EDGE('',*,*,#3628,.F.);
#15375 = ORIENTED_EDGE('',*,*,#15376,.T.);
#15376 = EDGE_CURVE('',#3629,#15377,#15379,.T.);
#15377 = VERTEX_POINT('',#15378);
#15378 = CARTESIAN_POINT('',(38.4,1.26,0.5));
#15379 = LINE('',#15380,#15381);
#15380 = CARTESIAN_POINT('',(38.4,1.2,0.5));
#15381 = VECTOR('',#15382,1.);
#15382 = DIRECTION('',(-0.,1.,0.));
#15383 = ORIENTED_EDGE('',*,*,#15384,.T.);
#15384 = EDGE_CURVE('',#15377,#15385,#15387,.T.);
#15385 = VERTEX_POINT('',#15386);
#15386 = CARTESIAN_POINT('',(38.4,1.26,3.9));
#15387 = LINE('',#15388,#15389);
#15388 = CARTESIAN_POINT('',(38.4,1.26,0.5));
#15389 = VECTOR('',#15390,1.);
#15390 = DIRECTION('',(0.,0.,1.));
#15391 = ORIENTED_EDGE('',*,*,#15392,.F.);
#15392 = EDGE_CURVE('',#3631,#15385,#15393,.T.);
#15393 = LINE('',#15394,#15395);
#15394 = CARTESIAN_POINT('',(38.4,1.2,3.9));
#15395 = VECTOR('',#15396,1.);
#15396 = DIRECTION('',(-0.,1.,0.));
#15397 = PLANE('',#15398);
#15398 = AXIS2_PLACEMENT_3D('',#15399,#15400,#15401);
#15399 = CARTESIAN_POINT('',(38.4,1.2,0.5));
#15400 = DIRECTION('',(1.,0.,-0.));
#15401 = DIRECTION('',(0.,0.,1.));
#15402 = ADVANCED_FACE('',(#15403),#15421,.F.);
#15403 = FACE_BOUND('',#15404,.F.);
#15404 = EDGE_LOOP('',(#15405,#15406,#15407,#15415));
#15405 = ORIENTED_EDGE('',*,*,#15376,.F.);
#15406 = ORIENTED_EDGE('',*,*,#3638,.T.);
#15407 = ORIENTED_EDGE('',*,*,#15408,.T.);
#15408 = EDGE_CURVE('',#3639,#15409,#15411,.T.);
#15409 = VERTEX_POINT('',#15410);
#15410 = CARTESIAN_POINT('',(39.45,1.26,0.5));
#15411 = LINE('',#15412,#15413);
#15412 = CARTESIAN_POINT('',(39.45,1.2,0.5));
#15413 = VECTOR('',#15414,1.);
#15414 = DIRECTION('',(-0.,1.,0.));
#15415 = ORIENTED_EDGE('',*,*,#15416,.F.);
#15416 = EDGE_CURVE('',#15377,#15409,#15417,.T.);
#15417 = LINE('',#15418,#15419);
#15418 = CARTESIAN_POINT('',(38.4,1.26,0.5));
#15419 = VECTOR('',#15420,1.);
#15420 = DIRECTION('',(1.,0.,-0.));
#15421 = PLANE('',#15422);
#15422 = AXIS2_PLACEMENT_3D('',#15423,#15424,#15425);
#15423 = CARTESIAN_POINT('',(38.4,1.2,0.5));
#15424 = DIRECTION('',(0.,0.,1.));
#15425 = DIRECTION('',(1.,0.,-0.));
#15426 = ADVANCED_FACE('',(#15427),#15445,.T.);
#15427 = FACE_BOUND('',#15428,.T.);
#15428 = EDGE_LOOP('',(#15429,#15430,#15431,#15439));
#15429 = ORIENTED_EDGE('',*,*,#15392,.F.);
#15430 = ORIENTED_EDGE('',*,*,#3654,.T.);
#15431 = ORIENTED_EDGE('',*,*,#15432,.T.);
#15432 = EDGE_CURVE('',#3647,#15433,#15435,.T.);
#15433 = VERTEX_POINT('',#15434);
#15434 = CARTESIAN_POINT('',(39.45,1.26,3.9));
#15435 = LINE('',#15436,#15437);
#15436 = CARTESIAN_POINT('',(39.45,1.2,3.9));
#15437 = VECTOR('',#15438,1.);
#15438 = DIRECTION('',(-0.,1.,0.));
#15439 = ORIENTED_EDGE('',*,*,#15440,.F.);
#15440 = EDGE_CURVE('',#15385,#15433,#15441,.T.);
#15441 = LINE('',#15442,#15443);
#15442 = CARTESIAN_POINT('',(38.4,1.26,3.9));
#15443 = VECTOR('',#15444,1.);
#15444 = DIRECTION('',(1.,0.,-0.));
#15445 = PLANE('',#15446);
#15446 = AXIS2_PLACEMENT_3D('',#15447,#15448,#15449);
#15447 = CARTESIAN_POINT('',(38.4,1.2,3.9));
#15448 = DIRECTION('',(0.,0.,1.));
#15449 = DIRECTION('',(1.,0.,-0.));
#15450 = ADVANCED_FACE('',(#15451),#15462,.T.);
#15451 = FACE_BOUND('',#15452,.T.);
#15452 = EDGE_LOOP('',(#15453,#15454,#15455,#15461));
#15453 = ORIENTED_EDGE('',*,*,#3646,.F.);
#15454 = ORIENTED_EDGE('',*,*,#15408,.T.);
#15455 = ORIENTED_EDGE('',*,*,#15456,.T.);
#15456 = EDGE_CURVE('',#15409,#15433,#15457,.T.);
#15457 = LINE('',#15458,#15459);
#15458 = CARTESIAN_POINT('',(39.45,1.26,0.5));
#15459 = VECTOR('',#15460,1.);
#15460 = DIRECTION('',(0.,0.,1.));
#15461 = ORIENTED_EDGE('',*,*,#15432,.F.);
#15462 = PLANE('',#15463);
#15463 = AXIS2_PLACEMENT_3D('',#15464,#15465,#15466);
#15464 = CARTESIAN_POINT('',(39.45,1.2,0.5));
#15465 = DIRECTION('',(1.,0.,-0.));
#15466 = DIRECTION('',(0.,0.,1.));
#15467 = ADVANCED_FACE('',(#15468),#15493,.F.);
#15468 = FACE_BOUND('',#15469,.F.);
#15469 = EDGE_LOOP('',(#15470,#15471,#15479,#15487));
#15470 = ORIENTED_EDGE('',*,*,#3662,.F.);
#15471 = ORIENTED_EDGE('',*,*,#15472,.T.);
#15472 = EDGE_CURVE('',#3663,#15473,#15475,.T.);
#15473 = VERTEX_POINT('',#15474);
#15474 = CARTESIAN_POINT('',(40.12,1.26,0.5));
#15475 = LINE('',#15476,#15477);
#15476 = CARTESIAN_POINT('',(40.12,1.2,0.5));
#15477 = VECTOR('',#15478,1.);
#15478 = DIRECTION('',(-0.,1.,0.));
#15479 = ORIENTED_EDGE('',*,*,#15480,.T.);
#15480 = EDGE_CURVE('',#15473,#15481,#15483,.T.);
#15481 = VERTEX_POINT('',#15482);
#15482 = CARTESIAN_POINT('',(40.12,1.26,3.9));
#15483 = LINE('',#15484,#15485);
#15484 = CARTESIAN_POINT('',(40.12,1.26,0.5));
#15485 = VECTOR('',#15486,1.);
#15486 = DIRECTION('',(0.,0.,1.));
#15487 = ORIENTED_EDGE('',*,*,#15488,.F.);
#15488 = EDGE_CURVE('',#3665,#15481,#15489,.T.);
#15489 = LINE('',#15490,#15491);
#15490 = CARTESIAN_POINT('',(40.12,1.2,3.9));
#15491 = VECTOR('',#15492,1.);
#15492 = DIRECTION('',(-0.,1.,0.));
#15493 = PLANE('',#15494);
#15494 = AXIS2_PLACEMENT_3D('',#15495,#15496,#15497);
#15495 = CARTESIAN_POINT('',(40.12,1.2,0.5));
#15496 = DIRECTION('',(1.,0.,-0.));
#15497 = DIRECTION('',(0.,0.,1.));
#15498 = ADVANCED_FACE('',(#15499),#15517,.F.);
#15499 = FACE_BOUND('',#15500,.F.);
#15500 = EDGE_LOOP('',(#15501,#15502,#15503,#15511));
#15501 = ORIENTED_EDGE('',*,*,#15472,.F.);
#15502 = ORIENTED_EDGE('',*,*,#3672,.T.);
#15503 = ORIENTED_EDGE('',*,*,#15504,.T.);
#15504 = EDGE_CURVE('',#3673,#15505,#15507,.T.);
#15505 = VERTEX_POINT('',#15506);
#15506 = CARTESIAN_POINT('',(41.17,1.26,0.5));
#15507 = LINE('',#15508,#15509);
#15508 = CARTESIAN_POINT('',(41.17,1.2,0.5));
#15509 = VECTOR('',#15510,1.);
#15510 = DIRECTION('',(-0.,1.,0.));
#15511 = ORIENTED_EDGE('',*,*,#15512,.F.);
#15512 = EDGE_CURVE('',#15473,#15505,#15513,.T.);
#15513 = LINE('',#15514,#15515);
#15514 = CARTESIAN_POINT('',(40.12,1.26,0.5));
#15515 = VECTOR('',#15516,1.);
#15516 = DIRECTION('',(1.,0.,-0.));
#15517 = PLANE('',#15518);
#15518 = AXIS2_PLACEMENT_3D('',#15519,#15520,#15521);
#15519 = CARTESIAN_POINT('',(40.12,1.2,0.5));
#15520 = DIRECTION('',(0.,0.,1.));
#15521 = DIRECTION('',(1.,0.,-0.));
#15522 = ADVANCED_FACE('',(#15523),#15541,.T.);
#15523 = FACE_BOUND('',#15524,.T.);
#15524 = EDGE_LOOP('',(#15525,#15526,#15527,#15535));
#15525 = ORIENTED_EDGE('',*,*,#15488,.F.);
#15526 = ORIENTED_EDGE('',*,*,#3688,.T.);
#15527 = ORIENTED_EDGE('',*,*,#15528,.T.);
#15528 = EDGE_CURVE('',#3681,#15529,#15531,.T.);
#15529 = VERTEX_POINT('',#15530);
#15530 = CARTESIAN_POINT('',(41.17,1.26,3.9));
#15531 = LINE('',#15532,#15533);
#15532 = CARTESIAN_POINT('',(41.17,1.2,3.9));
#15533 = VECTOR('',#15534,1.);
#15534 = DIRECTION('',(-0.,1.,0.));
#15535 = ORIENTED_EDGE('',*,*,#15536,.F.);
#15536 = EDGE_CURVE('',#15481,#15529,#15537,.T.);
#15537 = LINE('',#15538,#15539);
#15538 = CARTESIAN_POINT('',(40.12,1.26,3.9));
#15539 = VECTOR('',#15540,1.);
#15540 = DIRECTION('',(1.,0.,-0.));
#15541 = PLANE('',#15542);
#15542 = AXIS2_PLACEMENT_3D('',#15543,#15544,#15545);
#15543 = CARTESIAN_POINT('',(40.12,1.2,3.9));
#15544 = DIRECTION('',(0.,0.,1.));
#15545 = DIRECTION('',(1.,0.,-0.));
#15546 = ADVANCED_FACE('',(#15547),#15558,.T.);
#15547 = FACE_BOUND('',#15548,.T.);
#15548 = EDGE_LOOP('',(#15549,#15550,#15551,#15557));
#15549 = ORIENTED_EDGE('',*,*,#3680,.F.);
#15550 = ORIENTED_EDGE('',*,*,#15504,.T.);
#15551 = ORIENTED_EDGE('',*,*,#15552,.T.);
#15552 = EDGE_CURVE('',#15505,#15529,#15553,.T.);
#15553 = LINE('',#15554,#15555);
#15554 = CARTESIAN_POINT('',(41.17,1.26,0.5));
#15555 = VECTOR('',#15556,1.);
#15556 = DIRECTION('',(0.,0.,1.));
#15557 = ORIENTED_EDGE('',*,*,#15528,.F.);
#15558 = PLANE('',#15559);
#15559 = AXIS2_PLACEMENT_3D('',#15560,#15561,#15562);
#15560 = CARTESIAN_POINT('',(41.17,1.2,0.5));
#15561 = DIRECTION('',(1.,0.,-0.));
#15562 = DIRECTION('',(0.,0.,1.));
#15563 = ADVANCED_FACE('',(#15564),#15589,.F.);
#15564 = FACE_BOUND('',#15565,.F.);
#15565 = EDGE_LOOP('',(#15566,#15567,#15575,#15583));
#15566 = ORIENTED_EDGE('',*,*,#3696,.F.);
#15567 = ORIENTED_EDGE('',*,*,#15568,.T.);
#15568 = EDGE_CURVE('',#3697,#15569,#15571,.T.);
#15569 = VERTEX_POINT('',#15570);
#15570 = CARTESIAN_POINT('',(41.84,1.26,0.5));
#15571 = LINE('',#15572,#15573);
#15572 = CARTESIAN_POINT('',(41.84,1.2,0.5));
#15573 = VECTOR('',#15574,1.);
#15574 = DIRECTION('',(-0.,1.,0.));
#15575 = ORIENTED_EDGE('',*,*,#15576,.T.);
#15576 = EDGE_CURVE('',#15569,#15577,#15579,.T.);
#15577 = VERTEX_POINT('',#15578);
#15578 = CARTESIAN_POINT('',(41.84,1.26,3.9));
#15579 = LINE('',#15580,#15581);
#15580 = CARTESIAN_POINT('',(41.84,1.26,0.5));
#15581 = VECTOR('',#15582,1.);
#15582 = DIRECTION('',(0.,0.,1.));
#15583 = ORIENTED_EDGE('',*,*,#15584,.F.);
#15584 = EDGE_CURVE('',#3699,#15577,#15585,.T.);
#15585 = LINE('',#15586,#15587);
#15586 = CARTESIAN_POINT('',(41.84,1.2,3.9));
#15587 = VECTOR('',#15588,1.);
#15588 = DIRECTION('',(-0.,1.,0.));
#15589 = PLANE('',#15590);
#15590 = AXIS2_PLACEMENT_3D('',#15591,#15592,#15593);
#15591 = CARTESIAN_POINT('',(41.84,1.2,0.5));
#15592 = DIRECTION('',(1.,0.,-0.));
#15593 = DIRECTION('',(0.,0.,1.));
#15594 = ADVANCED_FACE('',(#15595),#15613,.F.);
#15595 = FACE_BOUND('',#15596,.F.);
#15596 = EDGE_LOOP('',(#15597,#15598,#15599,#15607));
#15597 = ORIENTED_EDGE('',*,*,#15568,.F.);
#15598 = ORIENTED_EDGE('',*,*,#3706,.T.);
#15599 = ORIENTED_EDGE('',*,*,#15600,.T.);
#15600 = EDGE_CURVE('',#3707,#15601,#15603,.T.);
#15601 = VERTEX_POINT('',#15602);
#15602 = CARTESIAN_POINT('',(42.89,1.26,0.5));
#15603 = LINE('',#15604,#15605);
#15604 = CARTESIAN_POINT('',(42.89,1.2,0.5));
#15605 = VECTOR('',#15606,1.);
#15606 = DIRECTION('',(-0.,1.,0.));
#15607 = ORIENTED_EDGE('',*,*,#15608,.F.);
#15608 = EDGE_CURVE('',#15569,#15601,#15609,.T.);
#15609 = LINE('',#15610,#15611);
#15610 = CARTESIAN_POINT('',(41.84,1.26,0.5));
#15611 = VECTOR('',#15612,1.);
#15612 = DIRECTION('',(1.,0.,-0.));
#15613 = PLANE('',#15614);
#15614 = AXIS2_PLACEMENT_3D('',#15615,#15616,#15617);
#15615 = CARTESIAN_POINT('',(41.84,1.2,0.5));
#15616 = DIRECTION('',(0.,0.,1.));
#15617 = DIRECTION('',(1.,0.,-0.));
#15618 = ADVANCED_FACE('',(#15619),#15637,.T.);
#15619 = FACE_BOUND('',#15620,.T.);
#15620 = EDGE_LOOP('',(#15621,#15622,#15623,#15631));
#15621 = ORIENTED_EDGE('',*,*,#15584,.F.);
#15622 = ORIENTED_EDGE('',*,*,#3722,.T.);
#15623 = ORIENTED_EDGE('',*,*,#15624,.T.);
#15624 = EDGE_CURVE('',#3715,#15625,#15627,.T.);
#15625 = VERTEX_POINT('',#15626);
#15626 = CARTESIAN_POINT('',(42.89,1.26,3.9));
#15627 = LINE('',#15628,#15629);
#15628 = CARTESIAN_POINT('',(42.89,1.2,3.9));
#15629 = VECTOR('',#15630,1.);
#15630 = DIRECTION('',(-0.,1.,0.));
#15631 = ORIENTED_EDGE('',*,*,#15632,.F.);
#15632 = EDGE_CURVE('',#15577,#15625,#15633,.T.);
#15633 = LINE('',#15634,#15635);
#15634 = CARTESIAN_POINT('',(41.84,1.26,3.9));
#15635 = VECTOR('',#15636,1.);
#15636 = DIRECTION('',(1.,0.,-0.));
#15637 = PLANE('',#15638);
#15638 = AXIS2_PLACEMENT_3D('',#15639,#15640,#15641);
#15639 = CARTESIAN_POINT('',(41.84,1.2,3.9));
#15640 = DIRECTION('',(0.,0.,1.));
#15641 = DIRECTION('',(1.,0.,-0.));
#15642 = ADVANCED_FACE('',(#15643),#15654,.T.);
#15643 = FACE_BOUND('',#15644,.T.);
#15644 = EDGE_LOOP('',(#15645,#15646,#15647,#15653));
#15645 = ORIENTED_EDGE('',*,*,#3714,.F.);
#15646 = ORIENTED_EDGE('',*,*,#15600,.T.);
#15647 = ORIENTED_EDGE('',*,*,#15648,.T.);
#15648 = EDGE_CURVE('',#15601,#15625,#15649,.T.);
#15649 = LINE('',#15650,#15651);
#15650 = CARTESIAN_POINT('',(42.89,1.26,0.5));
#15651 = VECTOR('',#15652,1.);
#15652 = DIRECTION('',(0.,0.,1.));
#15653 = ORIENTED_EDGE('',*,*,#15624,.F.);
#15654 = PLANE('',#15655);
#15655 = AXIS2_PLACEMENT_3D('',#15656,#15657,#15658);
#15656 = CARTESIAN_POINT('',(42.89,1.2,0.5));
#15657 = DIRECTION('',(1.,0.,-0.));
#15658 = DIRECTION('',(0.,0.,1.));
#15659 = ADVANCED_FACE('',(#15660),#15685,.F.);
#15660 = FACE_BOUND('',#15661,.F.);
#15661 = EDGE_LOOP('',(#15662,#15663,#15671,#15679));
#15662 = ORIENTED_EDGE('',*,*,#3730,.F.);
#15663 = ORIENTED_EDGE('',*,*,#15664,.T.);
#15664 = EDGE_CURVE('',#3731,#15665,#15667,.T.);
#15665 = VERTEX_POINT('',#15666);
#15666 = CARTESIAN_POINT('',(43.56,1.26,0.5));
#15667 = LINE('',#15668,#15669);
#15668 = CARTESIAN_POINT('',(43.56,1.2,0.5));
#15669 = VECTOR('',#15670,1.);
#15670 = DIRECTION('',(-0.,1.,0.));
#15671 = ORIENTED_EDGE('',*,*,#15672,.T.);
#15672 = EDGE_CURVE('',#15665,#15673,#15675,.T.);
#15673 = VERTEX_POINT('',#15674);
#15674 = CARTESIAN_POINT('',(43.56,1.26,3.9));
#15675 = LINE('',#15676,#15677);
#15676 = CARTESIAN_POINT('',(43.56,1.26,0.5));
#15677 = VECTOR('',#15678,1.);
#15678 = DIRECTION('',(0.,0.,1.));
#15679 = ORIENTED_EDGE('',*,*,#15680,.F.);
#15680 = EDGE_CURVE('',#3733,#15673,#15681,.T.);
#15681 = LINE('',#15682,#15683);
#15682 = CARTESIAN_POINT('',(43.56,1.2,3.9));
#15683 = VECTOR('',#15684,1.);
#15684 = DIRECTION('',(-0.,1.,0.));
#15685 = PLANE('',#15686);
#15686 = AXIS2_PLACEMENT_3D('',#15687,#15688,#15689);
#15687 = CARTESIAN_POINT('',(43.56,1.2,0.5));
#15688 = DIRECTION('',(1.,0.,-0.));
#15689 = DIRECTION('',(0.,0.,1.));
#15690 = ADVANCED_FACE('',(#15691),#15709,.F.);
#15691 = FACE_BOUND('',#15692,.F.);
#15692 = EDGE_LOOP('',(#15693,#15694,#15695,#15703));
#15693 = ORIENTED_EDGE('',*,*,#15664,.F.);
#15694 = ORIENTED_EDGE('',*,*,#3740,.T.);
#15695 = ORIENTED_EDGE('',*,*,#15696,.T.);
#15696 = EDGE_CURVE('',#3741,#15697,#15699,.T.);
#15697 = VERTEX_POINT('',#15698);
#15698 = CARTESIAN_POINT('',(44.61,1.26,0.5));
#15699 = LINE('',#15700,#15701);
#15700 = CARTESIAN_POINT('',(44.61,1.2,0.5));
#15701 = VECTOR('',#15702,1.);
#15702 = DIRECTION('',(-0.,1.,0.));
#15703 = ORIENTED_EDGE('',*,*,#15704,.F.);
#15704 = EDGE_CURVE('',#15665,#15697,#15705,.T.);
#15705 = LINE('',#15706,#15707);
#15706 = CARTESIAN_POINT('',(43.56,1.26,0.5));
#15707 = VECTOR('',#15708,1.);
#15708 = DIRECTION('',(1.,0.,-0.));
#15709 = PLANE('',#15710);
#15710 = AXIS2_PLACEMENT_3D('',#15711,#15712,#15713);
#15711 = CARTESIAN_POINT('',(43.56,1.2,0.5));
#15712 = DIRECTION('',(0.,0.,1.));
#15713 = DIRECTION('',(1.,0.,-0.));
#15714 = ADVANCED_FACE('',(#15715),#15733,.T.);
#15715 = FACE_BOUND('',#15716,.T.);
#15716 = EDGE_LOOP('',(#15717,#15718,#15719,#15727));
#15717 = ORIENTED_EDGE('',*,*,#15680,.F.);
#15718 = ORIENTED_EDGE('',*,*,#3756,.T.);
#15719 = ORIENTED_EDGE('',*,*,#15720,.T.);
#15720 = EDGE_CURVE('',#3749,#15721,#15723,.T.);
#15721 = VERTEX_POINT('',#15722);
#15722 = CARTESIAN_POINT('',(44.61,1.26,3.9));
#15723 = LINE('',#15724,#15725);
#15724 = CARTESIAN_POINT('',(44.61,1.2,3.9));
#15725 = VECTOR('',#15726,1.);
#15726 = DIRECTION('',(-0.,1.,0.));
#15727 = ORIENTED_EDGE('',*,*,#15728,.F.);
#15728 = EDGE_CURVE('',#15673,#15721,#15729,.T.);
#15729 = LINE('',#15730,#15731);
#15730 = CARTESIAN_POINT('',(43.56,1.26,3.9));
#15731 = VECTOR('',#15732,1.);
#15732 = DIRECTION('',(1.,0.,-0.));
#15733 = PLANE('',#15734);
#15734 = AXIS2_PLACEMENT_3D('',#15735,#15736,#15737);
#15735 = CARTESIAN_POINT('',(43.56,1.2,3.9));
#15736 = DIRECTION('',(0.,0.,1.));
#15737 = DIRECTION('',(1.,0.,-0.));
#15738 = ADVANCED_FACE('',(#15739),#15750,.T.);
#15739 = FACE_BOUND('',#15740,.T.);
#15740 = EDGE_LOOP('',(#15741,#15742,#15743,#15749));
#15741 = ORIENTED_EDGE('',*,*,#3748,.F.);
#15742 = ORIENTED_EDGE('',*,*,#15696,.T.);
#15743 = ORIENTED_EDGE('',*,*,#15744,.T.);
#15744 = EDGE_CURVE('',#15697,#15721,#15745,.T.);
#15745 = LINE('',#15746,#15747);
#15746 = CARTESIAN_POINT('',(44.61,1.26,0.5));
#15747 = VECTOR('',#15748,1.);
#15748 = DIRECTION('',(0.,0.,1.));
#15749 = ORIENTED_EDGE('',*,*,#15720,.F.);
#15750 = PLANE('',#15751);
#15751 = AXIS2_PLACEMENT_3D('',#15752,#15753,#15754);
#15752 = CARTESIAN_POINT('',(44.61,1.2,0.5));
#15753 = DIRECTION('',(1.,0.,-0.));
#15754 = DIRECTION('',(0.,0.,1.));
#15755 = ADVANCED_FACE('',(#15756),#15781,.F.);
#15756 = FACE_BOUND('',#15757,.F.);
#15757 = EDGE_LOOP('',(#15758,#15759,#15767,#15775));
#15758 = ORIENTED_EDGE('',*,*,#3764,.F.);
#15759 = ORIENTED_EDGE('',*,*,#15760,.T.);
#15760 = EDGE_CURVE('',#3765,#15761,#15763,.T.);
#15761 = VERTEX_POINT('',#15762);
#15762 = CARTESIAN_POINT('',(45.28,1.26,0.5));
#15763 = LINE('',#15764,#15765);
#15764 = CARTESIAN_POINT('',(45.28,1.2,0.5));
#15765 = VECTOR('',#15766,1.);
#15766 = DIRECTION('',(-0.,1.,0.));
#15767 = ORIENTED_EDGE('',*,*,#15768,.T.);
#15768 = EDGE_CURVE('',#15761,#15769,#15771,.T.);
#15769 = VERTEX_POINT('',#15770);
#15770 = CARTESIAN_POINT('',(45.28,1.26,3.9));
#15771 = LINE('',#15772,#15773);
#15772 = CARTESIAN_POINT('',(45.28,1.26,0.5));
#15773 = VECTOR('',#15774,1.);
#15774 = DIRECTION('',(0.,0.,1.));
#15775 = ORIENTED_EDGE('',*,*,#15776,.F.);
#15776 = EDGE_CURVE('',#3767,#15769,#15777,.T.);
#15777 = LINE('',#15778,#15779);
#15778 = CARTESIAN_POINT('',(45.28,1.2,3.9));
#15779 = VECTOR('',#15780,1.);
#15780 = DIRECTION('',(-0.,1.,0.));
#15781 = PLANE('',#15782);
#15782 = AXIS2_PLACEMENT_3D('',#15783,#15784,#15785);
#15783 = CARTESIAN_POINT('',(45.28,1.2,0.5));
#15784 = DIRECTION('',(1.,0.,-0.));
#15785 = DIRECTION('',(0.,0.,1.));
#15786 = ADVANCED_FACE('',(#15787),#15805,.F.);
#15787 = FACE_BOUND('',#15788,.F.);
#15788 = EDGE_LOOP('',(#15789,#15790,#15791,#15799));
#15789 = ORIENTED_EDGE('',*,*,#15760,.F.);
#15790 = ORIENTED_EDGE('',*,*,#3774,.T.);
#15791 = ORIENTED_EDGE('',*,*,#15792,.T.);
#15792 = EDGE_CURVE('',#3775,#15793,#15795,.T.);
#15793 = VERTEX_POINT('',#15794);
#15794 = CARTESIAN_POINT('',(46.33,1.26,0.5));
#15795 = LINE('',#15796,#15797);
#15796 = CARTESIAN_POINT('',(46.33,1.2,0.5));
#15797 = VECTOR('',#15798,1.);
#15798 = DIRECTION('',(-0.,1.,0.));
#15799 = ORIENTED_EDGE('',*,*,#15800,.F.);
#15800 = EDGE_CURVE('',#15761,#15793,#15801,.T.);
#15801 = LINE('',#15802,#15803);
#15802 = CARTESIAN_POINT('',(45.28,1.26,0.5));
#15803 = VECTOR('',#15804,1.);
#15804 = DIRECTION('',(1.,0.,-0.));
#15805 = PLANE('',#15806);
#15806 = AXIS2_PLACEMENT_3D('',#15807,#15808,#15809);
#15807 = CARTESIAN_POINT('',(45.28,1.2,0.5));
#15808 = DIRECTION('',(0.,0.,1.));
#15809 = DIRECTION('',(1.,0.,-0.));
#15810 = ADVANCED_FACE('',(#15811),#15829,.T.);
#15811 = FACE_BOUND('',#15812,.T.);
#15812 = EDGE_LOOP('',(#15813,#15814,#15815,#15823));
#15813 = ORIENTED_EDGE('',*,*,#15776,.F.);
#15814 = ORIENTED_EDGE('',*,*,#3790,.T.);
#15815 = ORIENTED_EDGE('',*,*,#15816,.T.);
#15816 = EDGE_CURVE('',#3783,#15817,#15819,.T.);
#15817 = VERTEX_POINT('',#15818);
#15818 = CARTESIAN_POINT('',(46.33,1.26,3.9));
#15819 = LINE('',#15820,#15821);
#15820 = CARTESIAN_POINT('',(46.33,1.2,3.9));
#15821 = VECTOR('',#15822,1.);
#15822 = DIRECTION('',(-0.,1.,0.));
#15823 = ORIENTED_EDGE('',*,*,#15824,.F.);
#15824 = EDGE_CURVE('',#15769,#15817,#15825,.T.);
#15825 = LINE('',#15826,#15827);
#15826 = CARTESIAN_POINT('',(45.28,1.26,3.9));
#15827 = VECTOR('',#15828,1.);
#15828 = DIRECTION('',(1.,0.,-0.));
#15829 = PLANE('',#15830);
#15830 = AXIS2_PLACEMENT_3D('',#15831,#15832,#15833);
#15831 = CARTESIAN_POINT('',(45.28,1.2,3.9));
#15832 = DIRECTION('',(0.,0.,1.));
#15833 = DIRECTION('',(1.,0.,-0.));
#15834 = ADVANCED_FACE('',(#15835),#15846,.T.);
#15835 = FACE_BOUND('',#15836,.T.);
#15836 = EDGE_LOOP('',(#15837,#15838,#15839,#15845));
#15837 = ORIENTED_EDGE('',*,*,#3782,.F.);
#15838 = ORIENTED_EDGE('',*,*,#15792,.T.);
#15839 = ORIENTED_EDGE('',*,*,#15840,.T.);
#15840 = EDGE_CURVE('',#15793,#15817,#15841,.T.);
#15841 = LINE('',#15842,#15843);
#15842 = CARTESIAN_POINT('',(46.33,1.26,0.5));
#15843 = VECTOR('',#15844,1.);
#15844 = DIRECTION('',(0.,0.,1.));
#15845 = ORIENTED_EDGE('',*,*,#15816,.F.);
#15846 = PLANE('',#15847);
#15847 = AXIS2_PLACEMENT_3D('',#15848,#15849,#15850);
#15848 = CARTESIAN_POINT('',(46.33,1.2,0.5));
#15849 = DIRECTION('',(1.,0.,-0.));
#15850 = DIRECTION('',(0.,0.,1.));
#15851 = ADVANCED_FACE('',(#15852),#15877,.F.);
#15852 = FACE_BOUND('',#15853,.F.);
#15853 = EDGE_LOOP('',(#15854,#15855,#15863,#15871));
#15854 = ORIENTED_EDGE('',*,*,#3798,.F.);
#15855 = ORIENTED_EDGE('',*,*,#15856,.T.);
#15856 = EDGE_CURVE('',#3799,#15857,#15859,.T.);
#15857 = VERTEX_POINT('',#15858);
#15858 = CARTESIAN_POINT('',(47.,1.26,0.5));
#15859 = LINE('',#15860,#15861);
#15860 = CARTESIAN_POINT('',(47.,1.2,0.5));
#15861 = VECTOR('',#15862,1.);
#15862 = DIRECTION('',(-0.,1.,0.));
#15863 = ORIENTED_EDGE('',*,*,#15864,.T.);
#15864 = EDGE_CURVE('',#15857,#15865,#15867,.T.);
#15865 = VERTEX_POINT('',#15866);
#15866 = CARTESIAN_POINT('',(47.,1.26,3.9));
#15867 = LINE('',#15868,#15869);
#15868 = CARTESIAN_POINT('',(47.,1.26,0.5));
#15869 = VECTOR('',#15870,1.);
#15870 = DIRECTION('',(0.,0.,1.));
#15871 = ORIENTED_EDGE('',*,*,#15872,.F.);
#15872 = EDGE_CURVE('',#3801,#15865,#15873,.T.);
#15873 = LINE('',#15874,#15875);
#15874 = CARTESIAN_POINT('',(47.,1.2,3.9));
#15875 = VECTOR('',#15876,1.);
#15876 = DIRECTION('',(-0.,1.,0.));
#15877 = PLANE('',#15878);
#15878 = AXIS2_PLACEMENT_3D('',#15879,#15880,#15881);
#15879 = CARTESIAN_POINT('',(47.,1.2,0.5));
#15880 = DIRECTION('',(1.,0.,-0.));
#15881 = DIRECTION('',(0.,0.,1.));
#15882 = ADVANCED_FACE('',(#15883),#15901,.F.);
#15883 = FACE_BOUND('',#15884,.F.);
#15884 = EDGE_LOOP('',(#15885,#15886,#15887,#15895));
#15885 = ORIENTED_EDGE('',*,*,#15856,.F.);
#15886 = ORIENTED_EDGE('',*,*,#3808,.T.);
#15887 = ORIENTED_EDGE('',*,*,#15888,.T.);
#15888 = EDGE_CURVE('',#3809,#15889,#15891,.T.);
#15889 = VERTEX_POINT('',#15890);
#15890 = CARTESIAN_POINT('',(48.05,1.26,0.5));
#15891 = LINE('',#15892,#15893);
#15892 = CARTESIAN_POINT('',(48.05,1.2,0.5));
#15893 = VECTOR('',#15894,1.);
#15894 = DIRECTION('',(-0.,1.,0.));
#15895 = ORIENTED_EDGE('',*,*,#15896,.F.);
#15896 = EDGE_CURVE('',#15857,#15889,#15897,.T.);
#15897 = LINE('',#15898,#15899);
#15898 = CARTESIAN_POINT('',(47.,1.26,0.5));
#15899 = VECTOR('',#15900,1.);
#15900 = DIRECTION('',(1.,0.,-0.));
#15901 = PLANE('',#15902);
#15902 = AXIS2_PLACEMENT_3D('',#15903,#15904,#15905);
#15903 = CARTESIAN_POINT('',(47.,1.2,0.5));
#15904 = DIRECTION('',(0.,0.,1.));
#15905 = DIRECTION('',(1.,0.,-0.));
#15906 = ADVANCED_FACE('',(#15907),#15925,.T.);
#15907 = FACE_BOUND('',#15908,.T.);
#15908 = EDGE_LOOP('',(#15909,#15910,#15911,#15919));
#15909 = ORIENTED_EDGE('',*,*,#15872,.F.);
#15910 = ORIENTED_EDGE('',*,*,#3824,.T.);
#15911 = ORIENTED_EDGE('',*,*,#15912,.T.);
#15912 = EDGE_CURVE('',#3817,#15913,#15915,.T.);
#15913 = VERTEX_POINT('',#15914);
#15914 = CARTESIAN_POINT('',(48.05,1.26,3.9));
#15915 = LINE('',#15916,#15917);
#15916 = CARTESIAN_POINT('',(48.05,1.2,3.9));
#15917 = VECTOR('',#15918,1.);
#15918 = DIRECTION('',(-0.,1.,0.));
#15919 = ORIENTED_EDGE('',*,*,#15920,.F.);
#15920 = EDGE_CURVE('',#15865,#15913,#15921,.T.);
#15921 = LINE('',#15922,#15923);
#15922 = CARTESIAN_POINT('',(47.,1.26,3.9));
#15923 = VECTOR('',#15924,1.);
#15924 = DIRECTION('',(1.,0.,-0.));
#15925 = PLANE('',#15926);
#15926 = AXIS2_PLACEMENT_3D('',#15927,#15928,#15929);
#15927 = CARTESIAN_POINT('',(47.,1.2,3.9));
#15928 = DIRECTION('',(0.,0.,1.));
#15929 = DIRECTION('',(1.,0.,-0.));
#15930 = ADVANCED_FACE('',(#15931),#15942,.T.);
#15931 = FACE_BOUND('',#15932,.T.);
#15932 = EDGE_LOOP('',(#15933,#15934,#15935,#15941));
#15933 = ORIENTED_EDGE('',*,*,#3816,.F.);
#15934 = ORIENTED_EDGE('',*,*,#15888,.T.);
#15935 = ORIENTED_EDGE('',*,*,#15936,.T.);
#15936 = EDGE_CURVE('',#15889,#15913,#15937,.T.);
#15937 = LINE('',#15938,#15939);
#15938 = CARTESIAN_POINT('',(48.05,1.26,0.5));
#15939 = VECTOR('',#15940,1.);
#15940 = DIRECTION('',(0.,0.,1.));
#15941 = ORIENTED_EDGE('',*,*,#15912,.F.);
#15942 = PLANE('',#15943);
#15943 = AXIS2_PLACEMENT_3D('',#15944,#15945,#15946);
#15944 = CARTESIAN_POINT('',(48.05,1.2,0.5));
#15945 = DIRECTION('',(1.,0.,-0.));
#15946 = DIRECTION('',(0.,0.,1.));
#15947 = ADVANCED_FACE('',(#15948),#15973,.F.);
#15948 = FACE_BOUND('',#15949,.F.);
#15949 = EDGE_LOOP('',(#15950,#15951,#15959,#15967));
#15950 = ORIENTED_EDGE('',*,*,#3832,.F.);
#15951 = ORIENTED_EDGE('',*,*,#15952,.T.);
#15952 = EDGE_CURVE('',#3833,#15953,#15955,.T.);
#15953 = VERTEX_POINT('',#15954);
#15954 = CARTESIAN_POINT('',(48.72,1.26,0.5));
#15955 = LINE('',#15956,#15957);
#15956 = CARTESIAN_POINT('',(48.72,1.2,0.5));
#15957 = VECTOR('',#15958,1.);
#15958 = DIRECTION('',(-0.,1.,0.));
#15959 = ORIENTED_EDGE('',*,*,#15960,.T.);
#15960 = EDGE_CURVE('',#15953,#15961,#15963,.T.);
#15961 = VERTEX_POINT('',#15962);
#15962 = CARTESIAN_POINT('',(48.72,1.26,3.9));
#15963 = LINE('',#15964,#15965);
#15964 = CARTESIAN_POINT('',(48.72,1.26,0.5));
#15965 = VECTOR('',#15966,1.);
#15966 = DIRECTION('',(0.,0.,1.));
#15967 = ORIENTED_EDGE('',*,*,#15968,.F.);
#15968 = EDGE_CURVE('',#3835,#15961,#15969,.T.);
#15969 = LINE('',#15970,#15971);
#15970 = CARTESIAN_POINT('',(48.72,1.2,3.9));
#15971 = VECTOR('',#15972,1.);
#15972 = DIRECTION('',(-0.,1.,0.));
#15973 = PLANE('',#15974);
#15974 = AXIS2_PLACEMENT_3D('',#15975,#15976,#15977);
#15975 = CARTESIAN_POINT('',(48.72,1.2,0.5));
#15976 = DIRECTION('',(1.,0.,-0.));
#15977 = DIRECTION('',(0.,0.,1.));
#15978 = ADVANCED_FACE('',(#15979),#15997,.F.);
#15979 = FACE_BOUND('',#15980,.F.);
#15980 = EDGE_LOOP('',(#15981,#15982,#15983,#15991));
#15981 = ORIENTED_EDGE('',*,*,#15952,.F.);
#15982 = ORIENTED_EDGE('',*,*,#3842,.T.);
#15983 = ORIENTED_EDGE('',*,*,#15984,.T.);
#15984 = EDGE_CURVE('',#3843,#15985,#15987,.T.);
#15985 = VERTEX_POINT('',#15986);
#15986 = CARTESIAN_POINT('',(49.77,1.26,0.5));
#15987 = LINE('',#15988,#15989);
#15988 = CARTESIAN_POINT('',(49.77,1.2,0.5));
#15989 = VECTOR('',#15990,1.);
#15990 = DIRECTION('',(-0.,1.,0.));
#15991 = ORIENTED_EDGE('',*,*,#15992,.F.);
#15992 = EDGE_CURVE('',#15953,#15985,#15993,.T.);
#15993 = LINE('',#15994,#15995);
#15994 = CARTESIAN_POINT('',(48.72,1.26,0.5));
#15995 = VECTOR('',#15996,1.);
#15996 = DIRECTION('',(1.,0.,-0.));
#15997 = PLANE('',#15998);
#15998 = AXIS2_PLACEMENT_3D('',#15999,#16000,#16001);
#15999 = CARTESIAN_POINT('',(48.72,1.2,0.5));
#16000 = DIRECTION('',(0.,0.,1.));
#16001 = DIRECTION('',(1.,0.,-0.));
#16002 = ADVANCED_FACE('',(#16003),#16021,.T.);
#16003 = FACE_BOUND('',#16004,.T.);
#16004 = EDGE_LOOP('',(#16005,#16006,#16007,#16015));
#16005 = ORIENTED_EDGE('',*,*,#15968,.F.);
#16006 = ORIENTED_EDGE('',*,*,#3858,.T.);
#16007 = ORIENTED_EDGE('',*,*,#16008,.T.);
#16008 = EDGE_CURVE('',#3851,#16009,#16011,.T.);
#16009 = VERTEX_POINT('',#16010);
#16010 = CARTESIAN_POINT('',(49.77,1.26,3.9));
#16011 = LINE('',#16012,#16013);
#16012 = CARTESIAN_POINT('',(49.77,1.2,3.9));
#16013 = VECTOR('',#16014,1.);
#16014 = DIRECTION('',(-0.,1.,0.));
#16015 = ORIENTED_EDGE('',*,*,#16016,.F.);
#16016 = EDGE_CURVE('',#15961,#16009,#16017,.T.);
#16017 = LINE('',#16018,#16019);
#16018 = CARTESIAN_POINT('',(48.72,1.26,3.9));
#16019 = VECTOR('',#16020,1.);
#16020 = DIRECTION('',(1.,0.,-0.));
#16021 = PLANE('',#16022);
#16022 = AXIS2_PLACEMENT_3D('',#16023,#16024,#16025);
#16023 = CARTESIAN_POINT('',(48.72,1.2,3.9));
#16024 = DIRECTION('',(0.,0.,1.));
#16025 = DIRECTION('',(1.,0.,-0.));
#16026 = ADVANCED_FACE('',(#16027),#16038,.T.);
#16027 = FACE_BOUND('',#16028,.T.);
#16028 = EDGE_LOOP('',(#16029,#16030,#16031,#16037));
#16029 = ORIENTED_EDGE('',*,*,#3850,.F.);
#16030 = ORIENTED_EDGE('',*,*,#15984,.T.);
#16031 = ORIENTED_EDGE('',*,*,#16032,.T.);
#16032 = EDGE_CURVE('',#15985,#16009,#16033,.T.);
#16033 = LINE('',#16034,#16035);
#16034 = CARTESIAN_POINT('',(49.77,1.26,0.5));
#16035 = VECTOR('',#16036,1.);
#16036 = DIRECTION('',(0.,0.,1.));
#16037 = ORIENTED_EDGE('',*,*,#16008,.F.);
#16038 = PLANE('',#16039);
#16039 = AXIS2_PLACEMENT_3D('',#16040,#16041,#16042);
#16040 = CARTESIAN_POINT('',(49.77,1.2,0.5));
#16041 = DIRECTION('',(1.,0.,-0.));
#16042 = DIRECTION('',(0.,0.,1.));
#16043 = ADVANCED_FACE('',(#16044),#16069,.F.);
#16044 = FACE_BOUND('',#16045,.F.);
#16045 = EDGE_LOOP('',(#16046,#16047,#16055,#16063));
#16046 = ORIENTED_EDGE('',*,*,#3866,.F.);
#16047 = ORIENTED_EDGE('',*,*,#16048,.T.);
#16048 = EDGE_CURVE('',#3867,#16049,#16051,.T.);
#16049 = VERTEX_POINT('',#16050);
#16050 = CARTESIAN_POINT('',(50.44,1.26,0.5));
#16051 = LINE('',#16052,#16053);
#16052 = CARTESIAN_POINT('',(50.44,1.2,0.5));
#16053 = VECTOR('',#16054,1.);
#16054 = DIRECTION('',(-0.,1.,0.));
#16055 = ORIENTED_EDGE('',*,*,#16056,.T.);
#16056 = EDGE_CURVE('',#16049,#16057,#16059,.T.);
#16057 = VERTEX_POINT('',#16058);
#16058 = CARTESIAN_POINT('',(50.44,1.26,3.9));
#16059 = LINE('',#16060,#16061);
#16060 = CARTESIAN_POINT('',(50.44,1.26,0.5));
#16061 = VECTOR('',#16062,1.);
#16062 = DIRECTION('',(0.,0.,1.));
#16063 = ORIENTED_EDGE('',*,*,#16064,.F.);
#16064 = EDGE_CURVE('',#3869,#16057,#16065,.T.);
#16065 = LINE('',#16066,#16067);
#16066 = CARTESIAN_POINT('',(50.44,1.2,3.9));
#16067 = VECTOR('',#16068,1.);
#16068 = DIRECTION('',(-0.,1.,0.));
#16069 = PLANE('',#16070);
#16070 = AXIS2_PLACEMENT_3D('',#16071,#16072,#16073);
#16071 = CARTESIAN_POINT('',(50.44,1.2,0.5));
#16072 = DIRECTION('',(1.,0.,-0.));
#16073 = DIRECTION('',(0.,0.,1.));
#16074 = ADVANCED_FACE('',(#16075),#16093,.F.);
#16075 = FACE_BOUND('',#16076,.F.);
#16076 = EDGE_LOOP('',(#16077,#16078,#16079,#16087));
#16077 = ORIENTED_EDGE('',*,*,#16048,.F.);
#16078 = ORIENTED_EDGE('',*,*,#3876,.T.);
#16079 = ORIENTED_EDGE('',*,*,#16080,.T.);
#16080 = EDGE_CURVE('',#3877,#16081,#16083,.T.);
#16081 = VERTEX_POINT('',#16082);
#16082 = CARTESIAN_POINT('',(51.49,1.26,0.5));
#16083 = LINE('',#16084,#16085);
#16084 = CARTESIAN_POINT('',(51.49,1.2,0.5));
#16085 = VECTOR('',#16086,1.);
#16086 = DIRECTION('',(-0.,1.,0.));
#16087 = ORIENTED_EDGE('',*,*,#16088,.F.);
#16088 = EDGE_CURVE('',#16049,#16081,#16089,.T.);
#16089 = LINE('',#16090,#16091);
#16090 = CARTESIAN_POINT('',(50.44,1.26,0.5));
#16091 = VECTOR('',#16092,1.);
#16092 = DIRECTION('',(1.,0.,-0.));
#16093 = PLANE('',#16094);
#16094 = AXIS2_PLACEMENT_3D('',#16095,#16096,#16097);
#16095 = CARTESIAN_POINT('',(50.44,1.2,0.5));
#16096 = DIRECTION('',(0.,0.,1.));
#16097 = DIRECTION('',(1.,0.,-0.));
#16098 = ADVANCED_FACE('',(#16099),#16117,.T.);
#16099 = FACE_BOUND('',#16100,.T.);
#16100 = EDGE_LOOP('',(#16101,#16102,#16103,#16111));
#16101 = ORIENTED_EDGE('',*,*,#16064,.F.);
#16102 = ORIENTED_EDGE('',*,*,#3892,.T.);
#16103 = ORIENTED_EDGE('',*,*,#16104,.T.);
#16104 = EDGE_CURVE('',#3885,#16105,#16107,.T.);
#16105 = VERTEX_POINT('',#16106);
#16106 = CARTESIAN_POINT('',(51.49,1.26,3.9));
#16107 = LINE('',#16108,#16109);
#16108 = CARTESIAN_POINT('',(51.49,1.2,3.9));
#16109 = VECTOR('',#16110,1.);
#16110 = DIRECTION('',(-0.,1.,0.));
#16111 = ORIENTED_EDGE('',*,*,#16112,.F.);
#16112 = EDGE_CURVE('',#16057,#16105,#16113,.T.);
#16113 = LINE('',#16114,#16115);
#16114 = CARTESIAN_POINT('',(50.44,1.26,3.9));
#16115 = VECTOR('',#16116,1.);
#16116 = DIRECTION('',(1.,0.,-0.));
#16117 = PLANE('',#16118);
#16118 = AXIS2_PLACEMENT_3D('',#16119,#16120,#16121);
#16119 = CARTESIAN_POINT('',(50.44,1.2,3.9));
#16120 = DIRECTION('',(0.,0.,1.));
#16121 = DIRECTION('',(1.,0.,-0.));
#16122 = ADVANCED_FACE('',(#16123),#16134,.T.);
#16123 = FACE_BOUND('',#16124,.T.);
#16124 = EDGE_LOOP('',(#16125,#16126,#16127,#16133));
#16125 = ORIENTED_EDGE('',*,*,#3884,.F.);
#16126 = ORIENTED_EDGE('',*,*,#16080,.T.);
#16127 = ORIENTED_EDGE('',*,*,#16128,.T.);
#16128 = EDGE_CURVE('',#16081,#16105,#16129,.T.);
#16129 = LINE('',#16130,#16131);
#16130 = CARTESIAN_POINT('',(51.49,1.26,0.5));
#16131 = VECTOR('',#16132,1.);
#16132 = DIRECTION('',(0.,0.,1.));
#16133 = ORIENTED_EDGE('',*,*,#16104,.F.);
#16134 = PLANE('',#16135);
#16135 = AXIS2_PLACEMENT_3D('',#16136,#16137,#16138);
#16136 = CARTESIAN_POINT('',(51.49,1.2,0.5));
#16137 = DIRECTION('',(1.,0.,-0.));
#16138 = DIRECTION('',(0.,0.,1.));
#16139 = ADVANCED_FACE('',(#16140),#16165,.F.);
#16140 = FACE_BOUND('',#16141,.F.);
#16141 = EDGE_LOOP('',(#16142,#16143,#16151,#16159));
#16142 = ORIENTED_EDGE('',*,*,#3900,.F.);
#16143 = ORIENTED_EDGE('',*,*,#16144,.T.);
#16144 = EDGE_CURVE('',#3901,#16145,#16147,.T.);
#16145 = VERTEX_POINT('',#16146);
#16146 = CARTESIAN_POINT('',(52.16,1.26,0.5));
#16147 = LINE('',#16148,#16149);
#16148 = CARTESIAN_POINT('',(52.16,1.2,0.5));
#16149 = VECTOR('',#16150,1.);
#16150 = DIRECTION('',(-0.,1.,0.));
#16151 = ORIENTED_EDGE('',*,*,#16152,.T.);
#16152 = EDGE_CURVE('',#16145,#16153,#16155,.T.);
#16153 = VERTEX_POINT('',#16154);
#16154 = CARTESIAN_POINT('',(52.16,1.26,3.9));
#16155 = LINE('',#16156,#16157);
#16156 = CARTESIAN_POINT('',(52.16,1.26,0.5));
#16157 = VECTOR('',#16158,1.);
#16158 = DIRECTION('',(0.,0.,1.));
#16159 = ORIENTED_EDGE('',*,*,#16160,.F.);
#16160 = EDGE_CURVE('',#3903,#16153,#16161,.T.);
#16161 = LINE('',#16162,#16163);
#16162 = CARTESIAN_POINT('',(52.16,1.2,3.9));
#16163 = VECTOR('',#16164,1.);
#16164 = DIRECTION('',(-0.,1.,0.));
#16165 = PLANE('',#16166);
#16166 = AXIS2_PLACEMENT_3D('',#16167,#16168,#16169);
#16167 = CARTESIAN_POINT('',(52.16,1.2,0.5));
#16168 = DIRECTION('',(1.,0.,-0.));
#16169 = DIRECTION('',(0.,0.,1.));
#16170 = ADVANCED_FACE('',(#16171),#16189,.F.);
#16171 = FACE_BOUND('',#16172,.F.);
#16172 = EDGE_LOOP('',(#16173,#16174,#16175,#16183));
#16173 = ORIENTED_EDGE('',*,*,#16144,.F.);
#16174 = ORIENTED_EDGE('',*,*,#3910,.T.);
#16175 = ORIENTED_EDGE('',*,*,#16176,.T.);
#16176 = EDGE_CURVE('',#3911,#16177,#16179,.T.);
#16177 = VERTEX_POINT('',#16178);
#16178 = CARTESIAN_POINT('',(53.21,1.26,0.5));
#16179 = LINE('',#16180,#16181);
#16180 = CARTESIAN_POINT('',(53.21,1.2,0.5));
#16181 = VECTOR('',#16182,1.);
#16182 = DIRECTION('',(-0.,1.,0.));
#16183 = ORIENTED_EDGE('',*,*,#16184,.F.);
#16184 = EDGE_CURVE('',#16145,#16177,#16185,.T.);
#16185 = LINE('',#16186,#16187);
#16186 = CARTESIAN_POINT('',(52.16,1.26,0.5));
#16187 = VECTOR('',#16188,1.);
#16188 = DIRECTION('',(1.,0.,-0.));
#16189 = PLANE('',#16190);
#16190 = AXIS2_PLACEMENT_3D('',#16191,#16192,#16193);
#16191 = CARTESIAN_POINT('',(52.16,1.2,0.5));
#16192 = DIRECTION('',(0.,0.,1.));
#16193 = DIRECTION('',(1.,0.,-0.));
#16194 = ADVANCED_FACE('',(#16195),#16213,.T.);
#16195 = FACE_BOUND('',#16196,.T.);
#16196 = EDGE_LOOP('',(#16197,#16198,#16199,#16207));
#16197 = ORIENTED_EDGE('',*,*,#16160,.F.);
#16198 = ORIENTED_EDGE('',*,*,#3926,.T.);
#16199 = ORIENTED_EDGE('',*,*,#16200,.T.);
#16200 = EDGE_CURVE('',#3919,#16201,#16203,.T.);
#16201 = VERTEX_POINT('',#16202);
#16202 = CARTESIAN_POINT('',(53.21,1.26,3.9));
#16203 = LINE('',#16204,#16205);
#16204 = CARTESIAN_POINT('',(53.21,1.2,3.9));
#16205 = VECTOR('',#16206,1.);
#16206 = DIRECTION('',(-0.,1.,0.));
#16207 = ORIENTED_EDGE('',*,*,#16208,.F.);
#16208 = EDGE_CURVE('',#16153,#16201,#16209,.T.);
#16209 = LINE('',#16210,#16211);
#16210 = CARTESIAN_POINT('',(52.16,1.26,3.9));
#16211 = VECTOR('',#16212,1.);
#16212 = DIRECTION('',(1.,0.,-0.));
#16213 = PLANE('',#16214);
#16214 = AXIS2_PLACEMENT_3D('',#16215,#16216,#16217);
#16215 = CARTESIAN_POINT('',(52.16,1.2,3.9));
#16216 = DIRECTION('',(0.,0.,1.));
#16217 = DIRECTION('',(1.,0.,-0.));
#16218 = ADVANCED_FACE('',(#16219),#16230,.T.);
#16219 = FACE_BOUND('',#16220,.T.);
#16220 = EDGE_LOOP('',(#16221,#16222,#16223,#16229));
#16221 = ORIENTED_EDGE('',*,*,#3918,.F.);
#16222 = ORIENTED_EDGE('',*,*,#16176,.T.);
#16223 = ORIENTED_EDGE('',*,*,#16224,.T.);
#16224 = EDGE_CURVE('',#16177,#16201,#16225,.T.);
#16225 = LINE('',#16226,#16227);
#16226 = CARTESIAN_POINT('',(53.21,1.26,0.5));
#16227 = VECTOR('',#16228,1.);
#16228 = DIRECTION('',(0.,0.,1.));
#16229 = ORIENTED_EDGE('',*,*,#16200,.F.);
#16230 = PLANE('',#16231);
#16231 = AXIS2_PLACEMENT_3D('',#16232,#16233,#16234);
#16232 = CARTESIAN_POINT('',(53.21,1.2,0.5));
#16233 = DIRECTION('',(1.,0.,-0.));
#16234 = DIRECTION('',(0.,0.,1.));
#16235 = ADVANCED_FACE('',(#16236),#16261,.F.);
#16236 = FACE_BOUND('',#16237,.F.);
#16237 = EDGE_LOOP('',(#16238,#16239,#16247,#16255));
#16238 = ORIENTED_EDGE('',*,*,#3934,.F.);
#16239 = ORIENTED_EDGE('',*,*,#16240,.T.);
#16240 = EDGE_CURVE('',#3935,#16241,#16243,.T.);
#16241 = VERTEX_POINT('',#16242);
#16242 = CARTESIAN_POINT('',(53.88,1.26,0.5));
#16243 = LINE('',#16244,#16245);
#16244 = CARTESIAN_POINT('',(53.88,1.2,0.5));
#16245 = VECTOR('',#16246,1.);
#16246 = DIRECTION('',(-0.,1.,0.));
#16247 = ORIENTED_EDGE('',*,*,#16248,.T.);
#16248 = EDGE_CURVE('',#16241,#16249,#16251,.T.);
#16249 = VERTEX_POINT('',#16250);
#16250 = CARTESIAN_POINT('',(53.88,1.26,3.9));
#16251 = LINE('',#16252,#16253);
#16252 = CARTESIAN_POINT('',(53.88,1.26,0.5));
#16253 = VECTOR('',#16254,1.);
#16254 = DIRECTION('',(0.,0.,1.));
#16255 = ORIENTED_EDGE('',*,*,#16256,.F.);
#16256 = EDGE_CURVE('',#3937,#16249,#16257,.T.);
#16257 = LINE('',#16258,#16259);
#16258 = CARTESIAN_POINT('',(53.88,1.2,3.9));
#16259 = VECTOR('',#16260,1.);
#16260 = DIRECTION('',(-0.,1.,0.));
#16261 = PLANE('',#16262);
#16262 = AXIS2_PLACEMENT_3D('',#16263,#16264,#16265);
#16263 = CARTESIAN_POINT('',(53.88,1.2,0.5));
#16264 = DIRECTION('',(1.,0.,-0.));
#16265 = DIRECTION('',(0.,0.,1.));
#16266 = ADVANCED_FACE('',(#16267),#16285,.F.);
#16267 = FACE_BOUND('',#16268,.F.);
#16268 = EDGE_LOOP('',(#16269,#16270,#16271,#16279));
#16269 = ORIENTED_EDGE('',*,*,#16240,.F.);
#16270 = ORIENTED_EDGE('',*,*,#3944,.T.);
#16271 = ORIENTED_EDGE('',*,*,#16272,.T.);
#16272 = EDGE_CURVE('',#3945,#16273,#16275,.T.);
#16273 = VERTEX_POINT('',#16274);
#16274 = CARTESIAN_POINT('',(54.93,1.26,0.5));
#16275 = LINE('',#16276,#16277);
#16276 = CARTESIAN_POINT('',(54.93,1.2,0.5));
#16277 = VECTOR('',#16278,1.);
#16278 = DIRECTION('',(-0.,1.,0.));
#16279 = ORIENTED_EDGE('',*,*,#16280,.F.);
#16280 = EDGE_CURVE('',#16241,#16273,#16281,.T.);
#16281 = LINE('',#16282,#16283);
#16282 = CARTESIAN_POINT('',(53.88,1.26,0.5));
#16283 = VECTOR('',#16284,1.);
#16284 = DIRECTION('',(1.,0.,-0.));
#16285 = PLANE('',#16286);
#16286 = AXIS2_PLACEMENT_3D('',#16287,#16288,#16289);
#16287 = CARTESIAN_POINT('',(53.88,1.2,0.5));
#16288 = DIRECTION('',(0.,0.,1.));
#16289 = DIRECTION('',(1.,0.,-0.));
#16290 = ADVANCED_FACE('',(#16291),#16309,.T.);
#16291 = FACE_BOUND('',#16292,.T.);
#16292 = EDGE_LOOP('',(#16293,#16294,#16295,#16303));
#16293 = ORIENTED_EDGE('',*,*,#16256,.F.);
#16294 = ORIENTED_EDGE('',*,*,#3960,.T.);
#16295 = ORIENTED_EDGE('',*,*,#16296,.T.);
#16296 = EDGE_CURVE('',#3953,#16297,#16299,.T.);
#16297 = VERTEX_POINT('',#16298);
#16298 = CARTESIAN_POINT('',(54.93,1.26,3.9));
#16299 = LINE('',#16300,#16301);
#16300 = CARTESIAN_POINT('',(54.93,1.2,3.9));
#16301 = VECTOR('',#16302,1.);
#16302 = DIRECTION('',(-0.,1.,0.));
#16303 = ORIENTED_EDGE('',*,*,#16304,.F.);
#16304 = EDGE_CURVE('',#16249,#16297,#16305,.T.);
#16305 = LINE('',#16306,#16307);
#16306 = CARTESIAN_POINT('',(53.88,1.26,3.9));
#16307 = VECTOR('',#16308,1.);
#16308 = DIRECTION('',(1.,0.,-0.));
#16309 = PLANE('',#16310);
#16310 = AXIS2_PLACEMENT_3D('',#16311,#16312,#16313);
#16311 = CARTESIAN_POINT('',(53.88,1.2,3.9));
#16312 = DIRECTION('',(0.,0.,1.));
#16313 = DIRECTION('',(1.,0.,-0.));
#16314 = ADVANCED_FACE('',(#16315),#16326,.T.);
#16315 = FACE_BOUND('',#16316,.T.);
#16316 = EDGE_LOOP('',(#16317,#16318,#16319,#16325));
#16317 = ORIENTED_EDGE('',*,*,#3952,.F.);
#16318 = ORIENTED_EDGE('',*,*,#16272,.T.);
#16319 = ORIENTED_EDGE('',*,*,#16320,.T.);
#16320 = EDGE_CURVE('',#16273,#16297,#16321,.T.);
#16321 = LINE('',#16322,#16323);
#16322 = CARTESIAN_POINT('',(54.93,1.26,0.5));
#16323 = VECTOR('',#16324,1.);
#16324 = DIRECTION('',(0.,0.,1.));
#16325 = ORIENTED_EDGE('',*,*,#16296,.F.);
#16326 = PLANE('',#16327);
#16327 = AXIS2_PLACEMENT_3D('',#16328,#16329,#16330);
#16328 = CARTESIAN_POINT('',(54.93,1.2,0.5));
#16329 = DIRECTION('',(1.,0.,-0.));
#16330 = DIRECTION('',(0.,0.,1.));
#16331 = ADVANCED_FACE('',(#16332),#16357,.F.);
#16332 = FACE_BOUND('',#16333,.F.);
#16333 = EDGE_LOOP('',(#16334,#16335,#16343,#16351));
#16334 = ORIENTED_EDGE('',*,*,#3968,.F.);
#16335 = ORIENTED_EDGE('',*,*,#16336,.T.);
#16336 = EDGE_CURVE('',#3969,#16337,#16339,.T.);
#16337 = VERTEX_POINT('',#16338);
#16338 = CARTESIAN_POINT('',(55.6,1.26,0.5));
#16339 = LINE('',#16340,#16341);
#16340 = CARTESIAN_POINT('',(55.6,1.2,0.5));
#16341 = VECTOR('',#16342,1.);
#16342 = DIRECTION('',(-0.,1.,0.));
#16343 = ORIENTED_EDGE('',*,*,#16344,.T.);
#16344 = EDGE_CURVE('',#16337,#16345,#16347,.T.);
#16345 = VERTEX_POINT('',#16346);
#16346 = CARTESIAN_POINT('',(55.6,1.26,3.9));
#16347 = LINE('',#16348,#16349);
#16348 = CARTESIAN_POINT('',(55.6,1.26,0.5));
#16349 = VECTOR('',#16350,1.);
#16350 = DIRECTION('',(0.,0.,1.));
#16351 = ORIENTED_EDGE('',*,*,#16352,.F.);
#16352 = EDGE_CURVE('',#3971,#16345,#16353,.T.);
#16353 = LINE('',#16354,#16355);
#16354 = CARTESIAN_POINT('',(55.6,1.2,3.9));
#16355 = VECTOR('',#16356,1.);
#16356 = DIRECTION('',(-0.,1.,0.));
#16357 = PLANE('',#16358);
#16358 = AXIS2_PLACEMENT_3D('',#16359,#16360,#16361);
#16359 = CARTESIAN_POINT('',(55.6,1.2,0.5));
#16360 = DIRECTION('',(1.,0.,-0.));
#16361 = DIRECTION('',(0.,0.,1.));
#16362 = ADVANCED_FACE('',(#16363),#16381,.F.);
#16363 = FACE_BOUND('',#16364,.F.);
#16364 = EDGE_LOOP('',(#16365,#16366,#16367,#16375));
#16365 = ORIENTED_EDGE('',*,*,#16336,.F.);
#16366 = ORIENTED_EDGE('',*,*,#3978,.T.);
#16367 = ORIENTED_EDGE('',*,*,#16368,.T.);
#16368 = EDGE_CURVE('',#3979,#16369,#16371,.T.);
#16369 = VERTEX_POINT('',#16370);
#16370 = CARTESIAN_POINT('',(56.65,1.26,0.5));
#16371 = LINE('',#16372,#16373);
#16372 = CARTESIAN_POINT('',(56.65,1.2,0.5));
#16373 = VECTOR('',#16374,1.);
#16374 = DIRECTION('',(-0.,1.,0.));
#16375 = ORIENTED_EDGE('',*,*,#16376,.F.);
#16376 = EDGE_CURVE('',#16337,#16369,#16377,.T.);
#16377 = LINE('',#16378,#16379);
#16378 = CARTESIAN_POINT('',(55.6,1.26,0.5));
#16379 = VECTOR('',#16380,1.);
#16380 = DIRECTION('',(1.,0.,-0.));
#16381 = PLANE('',#16382);
#16382 = AXIS2_PLACEMENT_3D('',#16383,#16384,#16385);
#16383 = CARTESIAN_POINT('',(55.6,1.2,0.5));
#16384 = DIRECTION('',(0.,0.,1.));
#16385 = DIRECTION('',(1.,0.,-0.));
#16386 = ADVANCED_FACE('',(#16387),#16405,.T.);
#16387 = FACE_BOUND('',#16388,.T.);
#16388 = EDGE_LOOP('',(#16389,#16390,#16391,#16399));
#16389 = ORIENTED_EDGE('',*,*,#16352,.F.);
#16390 = ORIENTED_EDGE('',*,*,#3994,.T.);
#16391 = ORIENTED_EDGE('',*,*,#16392,.T.);
#16392 = EDGE_CURVE('',#3987,#16393,#16395,.T.);
#16393 = VERTEX_POINT('',#16394);
#16394 = CARTESIAN_POINT('',(56.65,1.26,3.9));
#16395 = LINE('',#16396,#16397);
#16396 = CARTESIAN_POINT('',(56.65,1.2,3.9));
#16397 = VECTOR('',#16398,1.);
#16398 = DIRECTION('',(-0.,1.,0.));
#16399 = ORIENTED_EDGE('',*,*,#16400,.F.);
#16400 = EDGE_CURVE('',#16345,#16393,#16401,.T.);
#16401 = LINE('',#16402,#16403);
#16402 = CARTESIAN_POINT('',(55.6,1.26,3.9));
#16403 = VECTOR('',#16404,1.);
#16404 = DIRECTION('',(1.,0.,-0.));
#16405 = PLANE('',#16406);
#16406 = AXIS2_PLACEMENT_3D('',#16407,#16408,#16409);
#16407 = CARTESIAN_POINT('',(55.6,1.2,3.9));
#16408 = DIRECTION('',(0.,0.,1.));
#16409 = DIRECTION('',(1.,0.,-0.));
#16410 = ADVANCED_FACE('',(#16411),#16422,.T.);
#16411 = FACE_BOUND('',#16412,.T.);
#16412 = EDGE_LOOP('',(#16413,#16414,#16415,#16421));
#16413 = ORIENTED_EDGE('',*,*,#3986,.F.);
#16414 = ORIENTED_EDGE('',*,*,#16368,.T.);
#16415 = ORIENTED_EDGE('',*,*,#16416,.T.);
#16416 = EDGE_CURVE('',#16369,#16393,#16417,.T.);
#16417 = LINE('',#16418,#16419);
#16418 = CARTESIAN_POINT('',(56.65,1.26,0.5));
#16419 = VECTOR('',#16420,1.);
#16420 = DIRECTION('',(0.,0.,1.));
#16421 = ORIENTED_EDGE('',*,*,#16392,.F.);
#16422 = PLANE('',#16423);
#16423 = AXIS2_PLACEMENT_3D('',#16424,#16425,#16426);
#16424 = CARTESIAN_POINT('',(56.65,1.2,0.5));
#16425 = DIRECTION('',(1.,0.,-0.));
#16426 = DIRECTION('',(0.,0.,1.));
#16427 = ADVANCED_FACE('',(#16428),#16453,.F.);
#16428 = FACE_BOUND('',#16429,.F.);
#16429 = EDGE_LOOP('',(#16430,#16431,#16439,#16447));
#16430 = ORIENTED_EDGE('',*,*,#4002,.F.);
#16431 = ORIENTED_EDGE('',*,*,#16432,.T.);
#16432 = EDGE_CURVE('',#4003,#16433,#16435,.T.);
#16433 = VERTEX_POINT('',#16434);
#16434 = CARTESIAN_POINT('',(57.32,1.26,0.5));
#16435 = LINE('',#16436,#16437);
#16436 = CARTESIAN_POINT('',(57.32,1.2,0.5));
#16437 = VECTOR('',#16438,1.);
#16438 = DIRECTION('',(-0.,1.,0.));
#16439 = ORIENTED_EDGE('',*,*,#16440,.T.);
#16440 = EDGE_CURVE('',#16433,#16441,#16443,.T.);
#16441 = VERTEX_POINT('',#16442);
#16442 = CARTESIAN_POINT('',(57.32,1.26,3.9));
#16443 = LINE('',#16444,#16445);
#16444 = CARTESIAN_POINT('',(57.32,1.26,0.5));
#16445 = VECTOR('',#16446,1.);
#16446 = DIRECTION('',(0.,0.,1.));
#16447 = ORIENTED_EDGE('',*,*,#16448,.F.);
#16448 = EDGE_CURVE('',#4005,#16441,#16449,.T.);
#16449 = LINE('',#16450,#16451);
#16450 = CARTESIAN_POINT('',(57.32,1.2,3.9));
#16451 = VECTOR('',#16452,1.);
#16452 = DIRECTION('',(-0.,1.,0.));
#16453 = PLANE('',#16454);
#16454 = AXIS2_PLACEMENT_3D('',#16455,#16456,#16457);
#16455 = CARTESIAN_POINT('',(57.32,1.2,0.5));
#16456 = DIRECTION('',(1.,0.,-0.));
#16457 = DIRECTION('',(0.,0.,1.));
#16458 = ADVANCED_FACE('',(#16459),#16477,.F.);
#16459 = FACE_BOUND('',#16460,.F.);
#16460 = EDGE_LOOP('',(#16461,#16462,#16463,#16471));
#16461 = ORIENTED_EDGE('',*,*,#16432,.F.);
#16462 = ORIENTED_EDGE('',*,*,#4012,.T.);
#16463 = ORIENTED_EDGE('',*,*,#16464,.T.);
#16464 = EDGE_CURVE('',#4013,#16465,#16467,.T.);
#16465 = VERTEX_POINT('',#16466);
#16466 = CARTESIAN_POINT('',(58.37,1.26,0.5));
#16467 = LINE('',#16468,#16469);
#16468 = CARTESIAN_POINT('',(58.37,1.2,0.5));
#16469 = VECTOR('',#16470,1.);
#16470 = DIRECTION('',(-0.,1.,0.));
#16471 = ORIENTED_EDGE('',*,*,#16472,.F.);
#16472 = EDGE_CURVE('',#16433,#16465,#16473,.T.);
#16473 = LINE('',#16474,#16475);
#16474 = CARTESIAN_POINT('',(57.32,1.26,0.5));
#16475 = VECTOR('',#16476,1.);
#16476 = DIRECTION('',(1.,0.,-0.));
#16477 = PLANE('',#16478);
#16478 = AXIS2_PLACEMENT_3D('',#16479,#16480,#16481);
#16479 = CARTESIAN_POINT('',(57.32,1.2,0.5));
#16480 = DIRECTION('',(0.,0.,1.));
#16481 = DIRECTION('',(1.,0.,-0.));
#16482 = ADVANCED_FACE('',(#16483),#16501,.T.);
#16483 = FACE_BOUND('',#16484,.T.);
#16484 = EDGE_LOOP('',(#16485,#16486,#16487,#16495));
#16485 = ORIENTED_EDGE('',*,*,#16448,.F.);
#16486 = ORIENTED_EDGE('',*,*,#4028,.T.);
#16487 = ORIENTED_EDGE('',*,*,#16488,.T.);
#16488 = EDGE_CURVE('',#4021,#16489,#16491,.T.);
#16489 = VERTEX_POINT('',#16490);
#16490 = CARTESIAN_POINT('',(58.37,1.26,3.9));
#16491 = LINE('',#16492,#16493);
#16492 = CARTESIAN_POINT('',(58.37,1.2,3.9));
#16493 = VECTOR('',#16494,1.);
#16494 = DIRECTION('',(-0.,1.,0.));
#16495 = ORIENTED_EDGE('',*,*,#16496,.F.);
#16496 = EDGE_CURVE('',#16441,#16489,#16497,.T.);
#16497 = LINE('',#16498,#16499);
#16498 = CARTESIAN_POINT('',(57.32,1.26,3.9));
#16499 = VECTOR('',#16500,1.);
#16500 = DIRECTION('',(1.,0.,-0.));
#16501 = PLANE('',#16502);
#16502 = AXIS2_PLACEMENT_3D('',#16503,#16504,#16505);
#16503 = CARTESIAN_POINT('',(57.32,1.2,3.9));
#16504 = DIRECTION('',(0.,0.,1.));
#16505 = DIRECTION('',(1.,0.,-0.));
#16506 = ADVANCED_FACE('',(#16507),#16518,.T.);
#16507 = FACE_BOUND('',#16508,.T.);
#16508 = EDGE_LOOP('',(#16509,#16510,#16511,#16517));
#16509 = ORIENTED_EDGE('',*,*,#4020,.F.);
#16510 = ORIENTED_EDGE('',*,*,#16464,.T.);
#16511 = ORIENTED_EDGE('',*,*,#16512,.T.);
#16512 = EDGE_CURVE('',#16465,#16489,#16513,.T.);
#16513 = LINE('',#16514,#16515);
#16514 = CARTESIAN_POINT('',(58.37,1.26,0.5));
#16515 = VECTOR('',#16516,1.);
#16516 = DIRECTION('',(0.,0.,1.));
#16517 = ORIENTED_EDGE('',*,*,#16488,.F.);
#16518 = PLANE('',#16519);
#16519 = AXIS2_PLACEMENT_3D('',#16520,#16521,#16522);
#16520 = CARTESIAN_POINT('',(58.37,1.2,0.5));
#16521 = DIRECTION('',(1.,0.,-0.));
#16522 = DIRECTION('',(0.,0.,1.));
#16523 = ADVANCED_FACE('',(#16524),#16549,.F.);
#16524 = FACE_BOUND('',#16525,.F.);
#16525 = EDGE_LOOP('',(#16526,#16527,#16535,#16543));
#16526 = ORIENTED_EDGE('',*,*,#4036,.F.);
#16527 = ORIENTED_EDGE('',*,*,#16528,.T.);
#16528 = EDGE_CURVE('',#4037,#16529,#16531,.T.);
#16529 = VERTEX_POINT('',#16530);
#16530 = CARTESIAN_POINT('',(59.04,1.26,0.5));
#16531 = LINE('',#16532,#16533);
#16532 = CARTESIAN_POINT('',(59.04,1.2,0.5));
#16533 = VECTOR('',#16534,1.);
#16534 = DIRECTION('',(-0.,1.,0.));
#16535 = ORIENTED_EDGE('',*,*,#16536,.T.);
#16536 = EDGE_CURVE('',#16529,#16537,#16539,.T.);
#16537 = VERTEX_POINT('',#16538);
#16538 = CARTESIAN_POINT('',(59.04,1.26,3.9));
#16539 = LINE('',#16540,#16541);
#16540 = CARTESIAN_POINT('',(59.04,1.26,0.5));
#16541 = VECTOR('',#16542,1.);
#16542 = DIRECTION('',(0.,0.,1.));
#16543 = ORIENTED_EDGE('',*,*,#16544,.F.);
#16544 = EDGE_CURVE('',#4039,#16537,#16545,.T.);
#16545 = LINE('',#16546,#16547);
#16546 = CARTESIAN_POINT('',(59.04,1.2,3.9));
#16547 = VECTOR('',#16548,1.);
#16548 = DIRECTION('',(-0.,1.,0.));
#16549 = PLANE('',#16550);
#16550 = AXIS2_PLACEMENT_3D('',#16551,#16552,#16553);
#16551 = CARTESIAN_POINT('',(59.04,1.2,0.5));
#16552 = DIRECTION('',(1.,0.,-0.));
#16553 = DIRECTION('',(0.,0.,1.));
#16554 = ADVANCED_FACE('',(#16555),#16573,.F.);
#16555 = FACE_BOUND('',#16556,.F.);
#16556 = EDGE_LOOP('',(#16557,#16558,#16559,#16567));
#16557 = ORIENTED_EDGE('',*,*,#16528,.F.);
#16558 = ORIENTED_EDGE('',*,*,#4046,.T.);
#16559 = ORIENTED_EDGE('',*,*,#16560,.T.);
#16560 = EDGE_CURVE('',#4047,#16561,#16563,.T.);
#16561 = VERTEX_POINT('',#16562);
#16562 = CARTESIAN_POINT('',(60.09,1.26,0.5));
#16563 = LINE('',#16564,#16565);
#16564 = CARTESIAN_POINT('',(60.09,1.2,0.5));
#16565 = VECTOR('',#16566,1.);
#16566 = DIRECTION('',(-0.,1.,0.));
#16567 = ORIENTED_EDGE('',*,*,#16568,.F.);
#16568 = EDGE_CURVE('',#16529,#16561,#16569,.T.);
#16569 = LINE('',#16570,#16571);
#16570 = CARTESIAN_POINT('',(59.04,1.26,0.5));
#16571 = VECTOR('',#16572,1.);
#16572 = DIRECTION('',(1.,0.,-0.));
#16573 = PLANE('',#16574);
#16574 = AXIS2_PLACEMENT_3D('',#16575,#16576,#16577);
#16575 = CARTESIAN_POINT('',(59.04,1.2,0.5));
#16576 = DIRECTION('',(0.,0.,1.));
#16577 = DIRECTION('',(1.,0.,-0.));
#16578 = ADVANCED_FACE('',(#16579),#16597,.T.);
#16579 = FACE_BOUND('',#16580,.T.);
#16580 = EDGE_LOOP('',(#16581,#16582,#16583,#16591));
#16581 = ORIENTED_EDGE('',*,*,#16544,.F.);
#16582 = ORIENTED_EDGE('',*,*,#4062,.T.);
#16583 = ORIENTED_EDGE('',*,*,#16584,.T.);
#16584 = EDGE_CURVE('',#4055,#16585,#16587,.T.);
#16585 = VERTEX_POINT('',#16586);
#16586 = CARTESIAN_POINT('',(60.09,1.26,3.9));
#16587 = LINE('',#16588,#16589);
#16588 = CARTESIAN_POINT('',(60.09,1.2,3.9));
#16589 = VECTOR('',#16590,1.);
#16590 = DIRECTION('',(-0.,1.,0.));
#16591 = ORIENTED_EDGE('',*,*,#16592,.F.);
#16592 = EDGE_CURVE('',#16537,#16585,#16593,.T.);
#16593 = LINE('',#16594,#16595);
#16594 = CARTESIAN_POINT('',(59.04,1.26,3.9));
#16595 = VECTOR('',#16596,1.);
#16596 = DIRECTION('',(1.,0.,-0.));
#16597 = PLANE('',#16598);
#16598 = AXIS2_PLACEMENT_3D('',#16599,#16600,#16601);
#16599 = CARTESIAN_POINT('',(59.04,1.2,3.9));
#16600 = DIRECTION('',(0.,0.,1.));
#16601 = DIRECTION('',(1.,0.,-0.));
#16602 = ADVANCED_FACE('',(#16603),#16614,.T.);
#16603 = FACE_BOUND('',#16604,.T.);
#16604 = EDGE_LOOP('',(#16605,#16606,#16607,#16613));
#16605 = ORIENTED_EDGE('',*,*,#4054,.F.);
#16606 = ORIENTED_EDGE('',*,*,#16560,.T.);
#16607 = ORIENTED_EDGE('',*,*,#16608,.T.);
#16608 = EDGE_CURVE('',#16561,#16585,#16609,.T.);
#16609 = LINE('',#16610,#16611);
#16610 = CARTESIAN_POINT('',(60.09,1.26,0.5));
#16611 = VECTOR('',#16612,1.);
#16612 = DIRECTION('',(0.,0.,1.));
#16613 = ORIENTED_EDGE('',*,*,#16584,.F.);
#16614 = PLANE('',#16615);
#16615 = AXIS2_PLACEMENT_3D('',#16616,#16617,#16618);
#16616 = CARTESIAN_POINT('',(60.09,1.2,0.5));
#16617 = DIRECTION('',(1.,0.,-0.));
#16618 = DIRECTION('',(0.,0.,1.));
#16619 = ADVANCED_FACE('',(#16620),#16645,.F.);
#16620 = FACE_BOUND('',#16621,.F.);
#16621 = EDGE_LOOP('',(#16622,#16623,#16631,#16639));
#16622 = ORIENTED_EDGE('',*,*,#4070,.F.);
#16623 = ORIENTED_EDGE('',*,*,#16624,.T.);
#16624 = EDGE_CURVE('',#4071,#16625,#16627,.T.);
#16625 = VERTEX_POINT('',#16626);
#16626 = CARTESIAN_POINT('',(65.92,1.26,0.5));
#16627 = LINE('',#16628,#16629);
#16628 = CARTESIAN_POINT('',(65.92,1.2,0.5));
#16629 = VECTOR('',#16630,1.);
#16630 = DIRECTION('',(-0.,1.,0.));
#16631 = ORIENTED_EDGE('',*,*,#16632,.T.);
#16632 = EDGE_CURVE('',#16625,#16633,#16635,.T.);
#16633 = VERTEX_POINT('',#16634);
#16634 = CARTESIAN_POINT('',(65.92,1.26,3.9));
#16635 = LINE('',#16636,#16637);
#16636 = CARTESIAN_POINT('',(65.92,1.26,0.5));
#16637 = VECTOR('',#16638,1.);
#16638 = DIRECTION('',(0.,0.,1.));
#16639 = ORIENTED_EDGE('',*,*,#16640,.F.);
#16640 = EDGE_CURVE('',#4073,#16633,#16641,.T.);
#16641 = LINE('',#16642,#16643);
#16642 = CARTESIAN_POINT('',(65.92,1.2,3.9));
#16643 = VECTOR('',#16644,1.);
#16644 = DIRECTION('',(-0.,1.,0.));
#16645 = PLANE('',#16646);
#16646 = AXIS2_PLACEMENT_3D('',#16647,#16648,#16649);
#16647 = CARTESIAN_POINT('',(65.92,1.2,0.5));
#16648 = DIRECTION('',(1.,0.,-0.));
#16649 = DIRECTION('',(0.,0.,1.));
#16650 = ADVANCED_FACE('',(#16651),#16669,.F.);
#16651 = FACE_BOUND('',#16652,.F.);
#16652 = EDGE_LOOP('',(#16653,#16654,#16655,#16663));
#16653 = ORIENTED_EDGE('',*,*,#16624,.F.);
#16654 = ORIENTED_EDGE('',*,*,#4080,.T.);
#16655 = ORIENTED_EDGE('',*,*,#16656,.T.);
#16656 = EDGE_CURVE('',#4081,#16657,#16659,.T.);
#16657 = VERTEX_POINT('',#16658);
#16658 = CARTESIAN_POINT('',(66.97,1.26,0.5));
#16659 = LINE('',#16660,#16661);
#16660 = CARTESIAN_POINT('',(66.97,1.2,0.5));
#16661 = VECTOR('',#16662,1.);
#16662 = DIRECTION('',(-0.,1.,0.));
#16663 = ORIENTED_EDGE('',*,*,#16664,.F.);
#16664 = EDGE_CURVE('',#16625,#16657,#16665,.T.);
#16665 = LINE('',#16666,#16667);
#16666 = CARTESIAN_POINT('',(65.92,1.26,0.5));
#16667 = VECTOR('',#16668,1.);
#16668 = DIRECTION('',(1.,0.,-0.));
#16669 = PLANE('',#16670);
#16670 = AXIS2_PLACEMENT_3D('',#16671,#16672,#16673);
#16671 = CARTESIAN_POINT('',(65.92,1.2,0.5));
#16672 = DIRECTION('',(0.,0.,1.));
#16673 = DIRECTION('',(1.,0.,-0.));
#16674 = ADVANCED_FACE('',(#16675),#16693,.T.);
#16675 = FACE_BOUND('',#16676,.T.);
#16676 = EDGE_LOOP('',(#16677,#16678,#16679,#16687));
#16677 = ORIENTED_EDGE('',*,*,#16640,.F.);
#16678 = ORIENTED_EDGE('',*,*,#4096,.T.);
#16679 = ORIENTED_EDGE('',*,*,#16680,.T.);
#16680 = EDGE_CURVE('',#4089,#16681,#16683,.T.);
#16681 = VERTEX_POINT('',#16682);
#16682 = CARTESIAN_POINT('',(66.97,1.26,3.9));
#16683 = LINE('',#16684,#16685);
#16684 = CARTESIAN_POINT('',(66.97,1.2,3.9));
#16685 = VECTOR('',#16686,1.);
#16686 = DIRECTION('',(-0.,1.,0.));
#16687 = ORIENTED_EDGE('',*,*,#16688,.F.);
#16688 = EDGE_CURVE('',#16633,#16681,#16689,.T.);
#16689 = LINE('',#16690,#16691);
#16690 = CARTESIAN_POINT('',(65.92,1.26,3.9));
#16691 = VECTOR('',#16692,1.);
#16692 = DIRECTION('',(1.,0.,-0.));
#16693 = PLANE('',#16694);
#16694 = AXIS2_PLACEMENT_3D('',#16695,#16696,#16697);
#16695 = CARTESIAN_POINT('',(65.92,1.2,3.9));
#16696 = DIRECTION('',(0.,0.,1.));
#16697 = DIRECTION('',(1.,0.,-0.));
#16698 = ADVANCED_FACE('',(#16699),#16710,.T.);
#16699 = FACE_BOUND('',#16700,.T.);
#16700 = EDGE_LOOP('',(#16701,#16702,#16703,#16709));
#16701 = ORIENTED_EDGE('',*,*,#4088,.F.);
#16702 = ORIENTED_EDGE('',*,*,#16656,.T.);
#16703 = ORIENTED_EDGE('',*,*,#16704,.T.);
#16704 = EDGE_CURVE('',#16657,#16681,#16705,.T.);
#16705 = LINE('',#16706,#16707);
#16706 = CARTESIAN_POINT('',(66.97,1.26,0.5));
#16707 = VECTOR('',#16708,1.);
#16708 = DIRECTION('',(0.,0.,1.));
#16709 = ORIENTED_EDGE('',*,*,#16680,.F.);
#16710 = PLANE('',#16711);
#16711 = AXIS2_PLACEMENT_3D('',#16712,#16713,#16714);
#16712 = CARTESIAN_POINT('',(66.97,1.2,0.5));
#16713 = DIRECTION('',(1.,0.,-0.));
#16714 = DIRECTION('',(0.,0.,1.));
#16715 = ADVANCED_FACE('',(#16716),#16741,.F.);
#16716 = FACE_BOUND('',#16717,.F.);
#16717 = EDGE_LOOP('',(#16718,#16719,#16727,#16735));
#16718 = ORIENTED_EDGE('',*,*,#4104,.F.);
#16719 = ORIENTED_EDGE('',*,*,#16720,.T.);
#16720 = EDGE_CURVE('',#4105,#16721,#16723,.T.);
#16721 = VERTEX_POINT('',#16722);
#16722 = CARTESIAN_POINT('',(6.5,2.25,11.));
#16723 = LINE('',#16724,#16725);
#16724 = CARTESIAN_POINT('',(6.5,1.2,11.));
#16725 = VECTOR('',#16726,1.);
#16726 = DIRECTION('',(-0.,1.,0.));
#16727 = ORIENTED_EDGE('',*,*,#16728,.T.);
#16728 = EDGE_CURVE('',#16721,#16729,#16731,.T.);
#16729 = VERTEX_POINT('',#16730);
#16730 = CARTESIAN_POINT('',(6.5,2.25,22.5));
#16731 = LINE('',#16732,#16733);
#16732 = CARTESIAN_POINT('',(6.5,2.25,11.));
#16733 = VECTOR('',#16734,1.);
#16734 = DIRECTION('',(0.,0.,1.));
#16735 = ORIENTED_EDGE('',*,*,#16736,.F.);
#16736 = EDGE_CURVE('',#4107,#16729,#16737,.T.);
#16737 = LINE('',#16738,#16739);
#16738 = CARTESIAN_POINT('',(6.5,1.2,22.5));
#16739 = VECTOR('',#16740,1.);
#16740 = DIRECTION('',(-0.,1.,0.));
#16741 = PLANE('',#16742);
#16742 = AXIS2_PLACEMENT_3D('',#16743,#16744,#16745);
#16743 = CARTESIAN_POINT('',(6.5,1.2,11.));
#16744 = DIRECTION('',(1.,0.,-0.));
#16745 = DIRECTION('',(0.,0.,1.));
#16746 = ADVANCED_FACE('',(#16747),#16765,.F.);
#16747 = FACE_BOUND('',#16748,.F.);
#16748 = EDGE_LOOP('',(#16749,#16750,#16751,#16759));
#16749 = ORIENTED_EDGE('',*,*,#16720,.F.);
#16750 = ORIENTED_EDGE('',*,*,#4114,.T.);
#16751 = ORIENTED_EDGE('',*,*,#16752,.T.);
#16752 = EDGE_CURVE('',#4115,#16753,#16755,.T.);
#16753 = VERTEX_POINT('',#16754);
#16754 = CARTESIAN_POINT('',(16.1,2.25,11.));
#16755 = LINE('',#16756,#16757);
#16756 = CARTESIAN_POINT('',(16.1,1.2,11.));
#16757 = VECTOR('',#16758,1.);
#16758 = DIRECTION('',(-0.,1.,0.));
#16759 = ORIENTED_EDGE('',*,*,#16760,.F.);
#16760 = EDGE_CURVE('',#16721,#16753,#16761,.T.);
#16761 = LINE('',#16762,#16763);
#16762 = CARTESIAN_POINT('',(6.5,2.25,11.));
#16763 = VECTOR('',#16764,1.);
#16764 = DIRECTION('',(1.,0.,-0.));
#16765 = PLANE('',#16766);
#16766 = AXIS2_PLACEMENT_3D('',#16767,#16768,#16769);
#16767 = CARTESIAN_POINT('',(6.5,1.2,11.));
#16768 = DIRECTION('',(0.,0.,1.));
#16769 = DIRECTION('',(1.,0.,-0.));
#16770 = ADVANCED_FACE('',(#16771),#16789,.T.);
#16771 = FACE_BOUND('',#16772,.T.);
#16772 = EDGE_LOOP('',(#16773,#16774,#16775,#16783));
#16773 = ORIENTED_EDGE('',*,*,#16736,.F.);
#16774 = ORIENTED_EDGE('',*,*,#4130,.T.);
#16775 = ORIENTED_EDGE('',*,*,#16776,.T.);
#16776 = EDGE_CURVE('',#4123,#16777,#16779,.T.);
#16777 = VERTEX_POINT('',#16778);
#16778 = CARTESIAN_POINT('',(16.1,2.25,22.5));
#16779 = LINE('',#16780,#16781);
#16780 = CARTESIAN_POINT('',(16.1,1.2,22.5));
#16781 = VECTOR('',#16782,1.);
#16782 = DIRECTION('',(-0.,1.,0.));
#16783 = ORIENTED_EDGE('',*,*,#16784,.F.);
#16784 = EDGE_CURVE('',#16729,#16777,#16785,.T.);
#16785 = LINE('',#16786,#16787);
#16786 = CARTESIAN_POINT('',(6.5,2.25,22.5));
#16787 = VECTOR('',#16788,1.);
#16788 = DIRECTION('',(1.,0.,-0.));
#16789 = PLANE('',#16790);
#16790 = AXIS2_PLACEMENT_3D('',#16791,#16792,#16793);
#16791 = CARTESIAN_POINT('',(6.5,1.2,22.5));
#16792 = DIRECTION('',(0.,0.,1.));
#16793 = DIRECTION('',(1.,0.,-0.));
#16794 = ADVANCED_FACE('',(#16795),#16806,.T.);
#16795 = FACE_BOUND('',#16796,.T.);
#16796 = EDGE_LOOP('',(#16797,#16798,#16799,#16805));
#16797 = ORIENTED_EDGE('',*,*,#4122,.F.);
#16798 = ORIENTED_EDGE('',*,*,#16752,.T.);
#16799 = ORIENTED_EDGE('',*,*,#16800,.T.);
#16800 = EDGE_CURVE('',#16753,#16777,#16801,.T.);
#16801 = LINE('',#16802,#16803);
#16802 = CARTESIAN_POINT('',(16.1,2.25,11.));
#16803 = VECTOR('',#16804,1.);
#16804 = DIRECTION('',(0.,0.,1.));
#16805 = ORIENTED_EDGE('',*,*,#16776,.F.);
#16806 = PLANE('',#16807);
#16807 = AXIS2_PLACEMENT_3D('',#16808,#16809,#16810);
#16808 = CARTESIAN_POINT('',(16.1,1.2,11.));
#16809 = DIRECTION('',(1.,0.,-0.));
#16810 = DIRECTION('',(0.,0.,1.));
#16811 = ADVANCED_FACE('',(#16812),#16837,.F.);
#16812 = FACE_BOUND('',#16813,.F.);
#16813 = EDGE_LOOP('',(#16814,#16815,#16823,#16831));
#16814 = ORIENTED_EDGE('',*,*,#4138,.F.);
#16815 = ORIENTED_EDGE('',*,*,#16816,.T.);
#16816 = EDGE_CURVE('',#4139,#16817,#16819,.T.);
#16817 = VERTEX_POINT('',#16818);
#16818 = CARTESIAN_POINT('',(19.1,2.25,11.));
#16819 = LINE('',#16820,#16821);
#16820 = CARTESIAN_POINT('',(19.1,1.2,11.));
#16821 = VECTOR('',#16822,1.);
#16822 = DIRECTION('',(-0.,1.,0.));
#16823 = ORIENTED_EDGE('',*,*,#16824,.T.);
#16824 = EDGE_CURVE('',#16817,#16825,#16827,.T.);
#16825 = VERTEX_POINT('',#16826);
#16826 = CARTESIAN_POINT('',(19.1,2.25,22.5));
#16827 = LINE('',#16828,#16829);
#16828 = CARTESIAN_POINT('',(19.1,2.25,11.));
#16829 = VECTOR('',#16830,1.);
#16830 = DIRECTION('',(0.,0.,1.));
#16831 = ORIENTED_EDGE('',*,*,#16832,.F.);
#16832 = EDGE_CURVE('',#4141,#16825,#16833,.T.);
#16833 = LINE('',#16834,#16835);
#16834 = CARTESIAN_POINT('',(19.1,1.2,22.5));
#16835 = VECTOR('',#16836,1.);
#16836 = DIRECTION('',(-0.,1.,0.));
#16837 = PLANE('',#16838);
#16838 = AXIS2_PLACEMENT_3D('',#16839,#16840,#16841);
#16839 = CARTESIAN_POINT('',(19.1,1.2,11.));
#16840 = DIRECTION('',(1.,0.,-0.));
#16841 = DIRECTION('',(0.,0.,1.));
#16842 = ADVANCED_FACE('',(#16843),#16861,.F.);
#16843 = FACE_BOUND('',#16844,.F.);
#16844 = EDGE_LOOP('',(#16845,#16846,#16847,#16855));
#16845 = ORIENTED_EDGE('',*,*,#16816,.F.);
#16846 = ORIENTED_EDGE('',*,*,#4148,.T.);
#16847 = ORIENTED_EDGE('',*,*,#16848,.T.);
#16848 = EDGE_CURVE('',#4149,#16849,#16851,.T.);
#16849 = VERTEX_POINT('',#16850);
#16850 = CARTESIAN_POINT('',(28.7,2.25,11.));
#16851 = LINE('',#16852,#16853);
#16852 = CARTESIAN_POINT('',(28.7,1.2,11.));
#16853 = VECTOR('',#16854,1.);
#16854 = DIRECTION('',(-0.,1.,0.));
#16855 = ORIENTED_EDGE('',*,*,#16856,.F.);
#16856 = EDGE_CURVE('',#16817,#16849,#16857,.T.);
#16857 = LINE('',#16858,#16859);
#16858 = CARTESIAN_POINT('',(19.1,2.25,11.));
#16859 = VECTOR('',#16860,1.);
#16860 = DIRECTION('',(1.,0.,-0.));
#16861 = PLANE('',#16862);
#16862 = AXIS2_PLACEMENT_3D('',#16863,#16864,#16865);
#16863 = CARTESIAN_POINT('',(19.1,1.2,11.));
#16864 = DIRECTION('',(0.,0.,1.));
#16865 = DIRECTION('',(1.,0.,-0.));
#16866 = ADVANCED_FACE('',(#16867),#16885,.T.);
#16867 = FACE_BOUND('',#16868,.T.);
#16868 = EDGE_LOOP('',(#16869,#16870,#16871,#16879));
#16869 = ORIENTED_EDGE('',*,*,#16832,.F.);
#16870 = ORIENTED_EDGE('',*,*,#4164,.T.);
#16871 = ORIENTED_EDGE('',*,*,#16872,.T.);
#16872 = EDGE_CURVE('',#4157,#16873,#16875,.T.);
#16873 = VERTEX_POINT('',#16874);
#16874 = CARTESIAN_POINT('',(28.7,2.25,22.5));
#16875 = LINE('',#16876,#16877);
#16876 = CARTESIAN_POINT('',(28.7,1.2,22.5));
#16877 = VECTOR('',#16878,1.);
#16878 = DIRECTION('',(-0.,1.,0.));
#16879 = ORIENTED_EDGE('',*,*,#16880,.F.);
#16880 = EDGE_CURVE('',#16825,#16873,#16881,.T.);
#16881 = LINE('',#16882,#16883);
#16882 = CARTESIAN_POINT('',(19.1,2.25,22.5));
#16883 = VECTOR('',#16884,1.);
#16884 = DIRECTION('',(1.,0.,-0.));
#16885 = PLANE('',#16886);
#16886 = AXIS2_PLACEMENT_3D('',#16887,#16888,#16889);
#16887 = CARTESIAN_POINT('',(19.1,1.2,22.5));
#16888 = DIRECTION('',(0.,0.,1.));
#16889 = DIRECTION('',(1.,0.,-0.));
#16890 = ADVANCED_FACE('',(#16891),#16902,.T.);
#16891 = FACE_BOUND('',#16892,.T.);
#16892 = EDGE_LOOP('',(#16893,#16894,#16895,#16901));
#16893 = ORIENTED_EDGE('',*,*,#4156,.F.);
#16894 = ORIENTED_EDGE('',*,*,#16848,.T.);
#16895 = ORIENTED_EDGE('',*,*,#16896,.T.);
#16896 = EDGE_CURVE('',#16849,#16873,#16897,.T.);
#16897 = LINE('',#16898,#16899);
#16898 = CARTESIAN_POINT('',(28.7,2.25,11.));
#16899 = VECTOR('',#16900,1.);
#16900 = DIRECTION('',(0.,0.,1.));
#16901 = ORIENTED_EDGE('',*,*,#16872,.F.);
#16902 = PLANE('',#16903);
#16903 = AXIS2_PLACEMENT_3D('',#16904,#16905,#16906);
#16904 = CARTESIAN_POINT('',(28.7,1.2,11.));
#16905 = DIRECTION('',(1.,0.,-0.));
#16906 = DIRECTION('',(0.,0.,1.));
#16907 = ADVANCED_FACE('',(#16908),#16933,.F.);
#16908 = FACE_BOUND('',#16909,.F.);
#16909 = EDGE_LOOP('',(#16910,#16911,#16919,#16927));
#16910 = ORIENTED_EDGE('',*,*,#4172,.F.);
#16911 = ORIENTED_EDGE('',*,*,#16912,.T.);
#16912 = EDGE_CURVE('',#4173,#16913,#16915,.T.);
#16913 = VERTEX_POINT('',#16914);
#16914 = CARTESIAN_POINT('',(31.7,2.25,11.));
#16915 = LINE('',#16916,#16917);
#16916 = CARTESIAN_POINT('',(31.7,1.2,11.));
#16917 = VECTOR('',#16918,1.);
#16918 = DIRECTION('',(-0.,1.,0.));
#16919 = ORIENTED_EDGE('',*,*,#16920,.T.);
#16920 = EDGE_CURVE('',#16913,#16921,#16923,.T.);
#16921 = VERTEX_POINT('',#16922);
#16922 = CARTESIAN_POINT('',(31.7,2.25,22.5));
#16923 = LINE('',#16924,#16925);
#16924 = CARTESIAN_POINT('',(31.7,2.25,11.));
#16925 = VECTOR('',#16926,1.);
#16926 = DIRECTION('',(0.,0.,1.));
#16927 = ORIENTED_EDGE('',*,*,#16928,.F.);
#16928 = EDGE_CURVE('',#4175,#16921,#16929,.T.);
#16929 = LINE('',#16930,#16931);
#16930 = CARTESIAN_POINT('',(31.7,1.2,22.5));
#16931 = VECTOR('',#16932,1.);
#16932 = DIRECTION('',(-0.,1.,0.));
#16933 = PLANE('',#16934);
#16934 = AXIS2_PLACEMENT_3D('',#16935,#16936,#16937);
#16935 = CARTESIAN_POINT('',(31.7,1.2,11.));
#16936 = DIRECTION('',(1.,0.,-0.));
#16937 = DIRECTION('',(0.,0.,1.));
#16938 = ADVANCED_FACE('',(#16939),#16957,.F.);
#16939 = FACE_BOUND('',#16940,.F.);
#16940 = EDGE_LOOP('',(#16941,#16942,#16943,#16951));
#16941 = ORIENTED_EDGE('',*,*,#16912,.F.);
#16942 = ORIENTED_EDGE('',*,*,#4182,.T.);
#16943 = ORIENTED_EDGE('',*,*,#16944,.T.);
#16944 = EDGE_CURVE('',#4183,#16945,#16947,.T.);
#16945 = VERTEX_POINT('',#16946);
#16946 = CARTESIAN_POINT('',(41.3,2.25,11.));
#16947 = LINE('',#16948,#16949);
#16948 = CARTESIAN_POINT('',(41.3,1.2,11.));
#16949 = VECTOR('',#16950,1.);
#16950 = DIRECTION('',(-0.,1.,0.));
#16951 = ORIENTED_EDGE('',*,*,#16952,.F.);
#16952 = EDGE_CURVE('',#16913,#16945,#16953,.T.);
#16953 = LINE('',#16954,#16955);
#16954 = CARTESIAN_POINT('',(31.7,2.25,11.));
#16955 = VECTOR('',#16956,1.);
#16956 = DIRECTION('',(1.,0.,-0.));
#16957 = PLANE('',#16958);
#16958 = AXIS2_PLACEMENT_3D('',#16959,#16960,#16961);
#16959 = CARTESIAN_POINT('',(31.7,1.2,11.));
#16960 = DIRECTION('',(0.,0.,1.));
#16961 = DIRECTION('',(1.,0.,-0.));
#16962 = ADVANCED_FACE('',(#16963),#16981,.T.);
#16963 = FACE_BOUND('',#16964,.T.);
#16964 = EDGE_LOOP('',(#16965,#16966,#16967,#16975));
#16965 = ORIENTED_EDGE('',*,*,#16928,.F.);
#16966 = ORIENTED_EDGE('',*,*,#4198,.T.);
#16967 = ORIENTED_EDGE('',*,*,#16968,.T.);
#16968 = EDGE_CURVE('',#4191,#16969,#16971,.T.);
#16969 = VERTEX_POINT('',#16970);
#16970 = CARTESIAN_POINT('',(41.3,2.25,22.5));
#16971 = LINE('',#16972,#16973);
#16972 = CARTESIAN_POINT('',(41.3,1.2,22.5));
#16973 = VECTOR('',#16974,1.);
#16974 = DIRECTION('',(-0.,1.,0.));
#16975 = ORIENTED_EDGE('',*,*,#16976,.F.);
#16976 = EDGE_CURVE('',#16921,#16969,#16977,.T.);
#16977 = LINE('',#16978,#16979);
#16978 = CARTESIAN_POINT('',(31.7,2.25,22.5));
#16979 = VECTOR('',#16980,1.);
#16980 = DIRECTION('',(1.,0.,-0.));
#16981 = PLANE('',#16982);
#16982 = AXIS2_PLACEMENT_3D('',#16983,#16984,#16985);
#16983 = CARTESIAN_POINT('',(31.7,1.2,22.5));
#16984 = DIRECTION('',(0.,0.,1.));
#16985 = DIRECTION('',(1.,0.,-0.));
#16986 = ADVANCED_FACE('',(#16987),#16998,.T.);
#16987 = FACE_BOUND('',#16988,.T.);
#16988 = EDGE_LOOP('',(#16989,#16990,#16991,#16997));
#16989 = ORIENTED_EDGE('',*,*,#4190,.F.);
#16990 = ORIENTED_EDGE('',*,*,#16944,.T.);
#16991 = ORIENTED_EDGE('',*,*,#16992,.T.);
#16992 = EDGE_CURVE('',#16945,#16969,#16993,.T.);
#16993 = LINE('',#16994,#16995);
#16994 = CARTESIAN_POINT('',(41.3,2.25,11.));
#16995 = VECTOR('',#16996,1.);
#16996 = DIRECTION('',(0.,0.,1.));
#16997 = ORIENTED_EDGE('',*,*,#16968,.F.);
#16998 = PLANE('',#16999);
#16999 = AXIS2_PLACEMENT_3D('',#17000,#17001,#17002);
#17000 = CARTESIAN_POINT('',(41.3,1.2,11.));
#17001 = DIRECTION('',(1.,0.,-0.));
#17002 = DIRECTION('',(0.,0.,1.));
#17003 = ADVANCED_FACE('',(#17004),#17029,.F.);
#17004 = FACE_BOUND('',#17005,.F.);
#17005 = EDGE_LOOP('',(#17006,#17007,#17015,#17023));
#17006 = ORIENTED_EDGE('',*,*,#4206,.F.);
#17007 = ORIENTED_EDGE('',*,*,#17008,.T.);
#17008 = EDGE_CURVE('',#4207,#17009,#17011,.T.);
#17009 = VERTEX_POINT('',#17010);
#17010 = CARTESIAN_POINT('',(44.3,2.25,11.));
#17011 = LINE('',#17012,#17013);
#17012 = CARTESIAN_POINT('',(44.3,1.2,11.));
#17013 = VECTOR('',#17014,1.);
#17014 = DIRECTION('',(-0.,1.,0.));
#17015 = ORIENTED_EDGE('',*,*,#17016,.T.);
#17016 = EDGE_CURVE('',#17009,#17017,#17019,.T.);
#17017 = VERTEX_POINT('',#17018);
#17018 = CARTESIAN_POINT('',(44.3,2.25,22.5));
#17019 = LINE('',#17020,#17021);
#17020 = CARTESIAN_POINT('',(44.3,2.25,11.));
#17021 = VECTOR('',#17022,1.);
#17022 = DIRECTION('',(0.,0.,1.));
#17023 = ORIENTED_EDGE('',*,*,#17024,.F.);
#17024 = EDGE_CURVE('',#4209,#17017,#17025,.T.);
#17025 = LINE('',#17026,#17027);
#17026 = CARTESIAN_POINT('',(44.3,1.2,22.5));
#17027 = VECTOR('',#17028,1.);
#17028 = DIRECTION('',(-0.,1.,0.));
#17029 = PLANE('',#17030);
#17030 = AXIS2_PLACEMENT_3D('',#17031,#17032,#17033);
#17031 = CARTESIAN_POINT('',(44.3,1.2,11.));
#17032 = DIRECTION('',(1.,0.,-0.));
#17033 = DIRECTION('',(0.,0.,1.));
#17034 = ADVANCED_FACE('',(#17035),#17053,.F.);
#17035 = FACE_BOUND('',#17036,.F.);
#17036 = EDGE_LOOP('',(#17037,#17038,#17039,#17047));
#17037 = ORIENTED_EDGE('',*,*,#17008,.F.);
#17038 = ORIENTED_EDGE('',*,*,#4216,.T.);
#17039 = ORIENTED_EDGE('',*,*,#17040,.T.);
#17040 = EDGE_CURVE('',#4217,#17041,#17043,.T.);
#17041 = VERTEX_POINT('',#17042);
#17042 = CARTESIAN_POINT('',(53.9,2.25,11.));
#17043 = LINE('',#17044,#17045);
#17044 = CARTESIAN_POINT('',(53.9,1.2,11.));
#17045 = VECTOR('',#17046,1.);
#17046 = DIRECTION('',(-0.,1.,0.));
#17047 = ORIENTED_EDGE('',*,*,#17048,.F.);
#17048 = EDGE_CURVE('',#17009,#17041,#17049,.T.);
#17049 = LINE('',#17050,#17051);
#17050 = CARTESIAN_POINT('',(44.3,2.25,11.));
#17051 = VECTOR('',#17052,1.);
#17052 = DIRECTION('',(1.,0.,-0.));
#17053 = PLANE('',#17054);
#17054 = AXIS2_PLACEMENT_3D('',#17055,#17056,#17057);
#17055 = CARTESIAN_POINT('',(44.3,1.2,11.));
#17056 = DIRECTION('',(0.,0.,1.));
#17057 = DIRECTION('',(1.,0.,-0.));
#17058 = ADVANCED_FACE('',(#17059),#17077,.T.);
#17059 = FACE_BOUND('',#17060,.T.);
#17060 = EDGE_LOOP('',(#17061,#17062,#17063,#17071));
#17061 = ORIENTED_EDGE('',*,*,#17024,.F.);
#17062 = ORIENTED_EDGE('',*,*,#4232,.T.);
#17063 = ORIENTED_EDGE('',*,*,#17064,.T.);
#17064 = EDGE_CURVE('',#4225,#17065,#17067,.T.);
#17065 = VERTEX_POINT('',#17066);
#17066 = CARTESIAN_POINT('',(53.9,2.25,22.5));
#17067 = LINE('',#17068,#17069);
#17068 = CARTESIAN_POINT('',(53.9,1.2,22.5));
#17069 = VECTOR('',#17070,1.);
#17070 = DIRECTION('',(-0.,1.,0.));
#17071 = ORIENTED_EDGE('',*,*,#17072,.F.);
#17072 = EDGE_CURVE('',#17017,#17065,#17073,.T.);
#17073 = LINE('',#17074,#17075);
#17074 = CARTESIAN_POINT('',(44.3,2.25,22.5));
#17075 = VECTOR('',#17076,1.);
#17076 = DIRECTION('',(1.,0.,-0.));
#17077 = PLANE('',#17078);
#17078 = AXIS2_PLACEMENT_3D('',#17079,#17080,#17081);
#17079 = CARTESIAN_POINT('',(44.3,1.2,22.5));
#17080 = DIRECTION('',(0.,0.,1.));
#17081 = DIRECTION('',(1.,0.,-0.));
#17082 = ADVANCED_FACE('',(#17083),#17094,.T.);
#17083 = FACE_BOUND('',#17084,.T.);
#17084 = EDGE_LOOP('',(#17085,#17086,#17087,#17093));
#17085 = ORIENTED_EDGE('',*,*,#4224,.F.);
#17086 = ORIENTED_EDGE('',*,*,#17040,.T.);
#17087 = ORIENTED_EDGE('',*,*,#17088,.T.);
#17088 = EDGE_CURVE('',#17041,#17065,#17089,.T.);
#17089 = LINE('',#17090,#17091);
#17090 = CARTESIAN_POINT('',(53.9,2.25,11.));
#17091 = VECTOR('',#17092,1.);
#17092 = DIRECTION('',(0.,0.,1.));
#17093 = ORIENTED_EDGE('',*,*,#17064,.F.);
#17094 = PLANE('',#17095);
#17095 = AXIS2_PLACEMENT_3D('',#17096,#17097,#17098);
#17096 = CARTESIAN_POINT('',(53.9,1.2,11.));
#17097 = DIRECTION('',(1.,0.,-0.));
#17098 = DIRECTION('',(0.,0.,1.));
#17099 = ADVANCED_FACE('',(#17100),#17125,.F.);
#17100 = FACE_BOUND('',#17101,.F.);
#17101 = EDGE_LOOP('',(#17102,#17103,#17111,#17119));
#17102 = ORIENTED_EDGE('',*,*,#4240,.F.);
#17103 = ORIENTED_EDGE('',*,*,#17104,.F.);
#17104 = EDGE_CURVE('',#17105,#4241,#17107,.T.);
#17105 = VERTEX_POINT('',#17106);
#17106 = CARTESIAN_POINT('',(56.9,2.25,22.));
#17107 = LINE('',#17108,#17109);
#17108 = CARTESIAN_POINT('',(56.9,1.2,22.));
#17109 = VECTOR('',#17110,1.);
#17110 = DIRECTION('',(0.,-1.,0.));
#17111 = ORIENTED_EDGE('',*,*,#17112,.T.);
#17112 = EDGE_CURVE('',#17105,#17113,#17115,.T.);
#17113 = VERTEX_POINT('',#17114);
#17114 = CARTESIAN_POINT('',(56.9,2.25,22.5));
#17115 = LINE('',#17116,#17117);
#17116 = CARTESIAN_POINT('',(56.9,2.25,11.));
#17117 = VECTOR('',#17118,1.);
#17118 = DIRECTION('',(0.,0.,1.));
#17119 = ORIENTED_EDGE('',*,*,#17120,.F.);
#17120 = EDGE_CURVE('',#4243,#17113,#17121,.T.);
#17121 = LINE('',#17122,#17123);
#17122 = CARTESIAN_POINT('',(56.9,1.2,22.5));
#17123 = VECTOR('',#17124,1.);
#17124 = DIRECTION('',(-0.,1.,0.));
#17125 = PLANE('',#17126);
#17126 = AXIS2_PLACEMENT_3D('',#17127,#17128,#17129);
#17127 = CARTESIAN_POINT('',(56.9,1.2,11.));
#17128 = DIRECTION('',(1.,0.,-0.));
#17129 = DIRECTION('',(0.,0.,1.));
#17130 = ADVANCED_FACE('',(#17131),#17149,.T.);
#17131 = FACE_BOUND('',#17132,.T.);
#17132 = EDGE_LOOP('',(#17133,#17141,#17142,#17143));
#17133 = ORIENTED_EDGE('',*,*,#17134,.F.);
#17134 = EDGE_CURVE('',#4251,#17135,#17137,.T.);
#17135 = VERTEX_POINT('',#17136);
#17136 = CARTESIAN_POINT('',(54.841,2.25,22.));
#17137 = LINE('',#17138,#17139);
#17138 = CARTESIAN_POINT('',(54.841,1.2,22.));
#17139 = VECTOR('',#17140,1.);
#17140 = DIRECTION('',(-0.,1.,0.));
#17141 = ORIENTED_EDGE('',*,*,#4250,.T.);
#17142 = ORIENTED_EDGE('',*,*,#17104,.F.);
#17143 = ORIENTED_EDGE('',*,*,#17144,.F.);
#17144 = EDGE_CURVE('',#17135,#17105,#17145,.T.);
#17145 = LINE('',#17146,#17147);
#17146 = CARTESIAN_POINT('',(54.841,2.25,22.));
#17147 = VECTOR('',#17148,1.);
#17148 = DIRECTION('',(1.,0.,-0.));
#17149 = PLANE('',#17150);
#17150 = AXIS2_PLACEMENT_3D('',#17151,#17152,#17153);
#17151 = CARTESIAN_POINT('',(54.841,1.2,22.));
#17152 = DIRECTION('',(0.,0.,1.));
#17153 = DIRECTION('',(1.,0.,-0.));
#17154 = ADVANCED_FACE('',(#17155),#17173,.T.);
#17155 = FACE_BOUND('',#17156,.T.);
#17156 = EDGE_LOOP('',(#17157,#17158,#17159,#17167));
#17157 = ORIENTED_EDGE('',*,*,#17120,.F.);
#17158 = ORIENTED_EDGE('',*,*,#4298,.T.);
#17159 = ORIENTED_EDGE('',*,*,#17160,.T.);
#17160 = EDGE_CURVE('',#4291,#17161,#17163,.T.);
#17161 = VERTEX_POINT('',#17162);
#17162 = CARTESIAN_POINT('',(66.5,2.25,22.5));
#17163 = LINE('',#17164,#17165);
#17164 = CARTESIAN_POINT('',(66.5,1.2,22.5));
#17165 = VECTOR('',#17166,1.);
#17166 = DIRECTION('',(-0.,1.,0.));
#17167 = ORIENTED_EDGE('',*,*,#17168,.F.);
#17168 = EDGE_CURVE('',#17113,#17161,#17169,.T.);
#17169 = LINE('',#17170,#17171);
#17170 = CARTESIAN_POINT('',(56.9,2.25,22.5));
#17171 = VECTOR('',#17172,1.);
#17172 = DIRECTION('',(1.,0.,-0.));
#17173 = PLANE('',#17174);
#17174 = AXIS2_PLACEMENT_3D('',#17175,#17176,#17177);
#17175 = CARTESIAN_POINT('',(56.9,1.2,22.5));
#17176 = DIRECTION('',(0.,0.,1.));
#17177 = DIRECTION('',(1.,0.,-0.));
#17178 = ADVANCED_FACE('',(#17179),#17197,.F.);
#17179 = FACE_BOUND('',#17180,.F.);
#17180 = EDGE_LOOP('',(#17181,#17182,#17190,#17196));
#17181 = ORIENTED_EDGE('',*,*,#4258,.F.);
#17182 = ORIENTED_EDGE('',*,*,#17183,.T.);
#17183 = EDGE_CURVE('',#4259,#17184,#17186,.T.);
#17184 = VERTEX_POINT('',#17185);
#17185 = CARTESIAN_POINT('',(54.841,2.25,9.));
#17186 = LINE('',#17187,#17188);
#17187 = CARTESIAN_POINT('',(54.841,1.2,9.));
#17188 = VECTOR('',#17189,1.);
#17189 = DIRECTION('',(-0.,1.,0.));
#17190 = ORIENTED_EDGE('',*,*,#17191,.T.);
#17191 = EDGE_CURVE('',#17184,#17135,#17192,.T.);
#17192 = LINE('',#17193,#17194);
#17193 = CARTESIAN_POINT('',(54.841,2.25,9.));
#17194 = VECTOR('',#17195,1.);
#17195 = DIRECTION('',(0.,0.,1.));
#17196 = ORIENTED_EDGE('',*,*,#17134,.F.);
#17197 = PLANE('',#17198);
#17198 = AXIS2_PLACEMENT_3D('',#17199,#17200,#17201);
#17199 = CARTESIAN_POINT('',(54.841,1.2,9.));
#17200 = DIRECTION('',(1.,0.,-0.));
#17201 = DIRECTION('',(0.,0.,1.));
#17202 = ADVANCED_FACE('',(#17203),#17221,.T.);
#17203 = FACE_BOUND('',#17204,.T.);
#17204 = EDGE_LOOP('',(#17205,#17206,#17214,#17220));
#17205 = ORIENTED_EDGE('',*,*,#4290,.F.);
#17206 = ORIENTED_EDGE('',*,*,#17207,.F.);
#17207 = EDGE_CURVE('',#17208,#4283,#17210,.T.);
#17208 = VERTEX_POINT('',#17209);
#17209 = CARTESIAN_POINT('',(66.5,2.25,22.));
#17210 = LINE('',#17211,#17212);
#17211 = CARTESIAN_POINT('',(66.5,1.2,22.));
#17212 = VECTOR('',#17213,1.);
#17213 = DIRECTION('',(0.,-1.,0.));
#17214 = ORIENTED_EDGE('',*,*,#17215,.T.);
#17215 = EDGE_CURVE('',#17208,#17161,#17216,.T.);
#17216 = LINE('',#17217,#17218);
#17217 = CARTESIAN_POINT('',(66.5,2.25,11.));
#17218 = VECTOR('',#17219,1.);
#17219 = DIRECTION('',(0.,0.,1.));
#17220 = ORIENTED_EDGE('',*,*,#17160,.F.);
#17221 = PLANE('',#17222);
#17222 = AXIS2_PLACEMENT_3D('',#17223,#17224,#17225);
#17223 = CARTESIAN_POINT('',(66.5,1.2,11.));
#17224 = DIRECTION('',(1.,0.,-0.));
#17225 = DIRECTION('',(0.,0.,1.));
#17226 = ADVANCED_FACE('',(#17227),#17245,.F.);
#17227 = FACE_BOUND('',#17228,.F.);
#17228 = EDGE_LOOP('',(#17229,#17230,#17231,#17239));
#17229 = ORIENTED_EDGE('',*,*,#17183,.F.);
#17230 = ORIENTED_EDGE('',*,*,#4266,.T.);
#17231 = ORIENTED_EDGE('',*,*,#17232,.T.);
#17232 = EDGE_CURVE('',#4267,#17233,#17235,.T.);
#17233 = VERTEX_POINT('',#17234);
#17234 = CARTESIAN_POINT('',(67.841,2.25,9.));
#17235 = LINE('',#17236,#17237);
#17236 = CARTESIAN_POINT('',(67.841,1.2,9.));
#17237 = VECTOR('',#17238,1.);
#17238 = DIRECTION('',(-0.,1.,0.));
#17239 = ORIENTED_EDGE('',*,*,#17240,.F.);
#17240 = EDGE_CURVE('',#17184,#17233,#17241,.T.);
#17241 = LINE('',#17242,#17243);
#17242 = CARTESIAN_POINT('',(54.841,2.25,9.));
#17243 = VECTOR('',#17244,1.);
#17244 = DIRECTION('',(1.,0.,-0.));
#17245 = PLANE('',#17246);
#17246 = AXIS2_PLACEMENT_3D('',#17247,#17248,#17249);
#17247 = CARTESIAN_POINT('',(54.841,1.2,9.));
#17248 = DIRECTION('',(0.,0.,1.));
#17249 = DIRECTION('',(1.,0.,-0.));
#17250 = ADVANCED_FACE('',(#17251),#17269,.T.);
#17251 = FACE_BOUND('',#17252,.T.);
#17252 = EDGE_LOOP('',(#17253,#17254,#17255,#17263));
#17253 = ORIENTED_EDGE('',*,*,#17207,.T.);
#17254 = ORIENTED_EDGE('',*,*,#4282,.T.);
#17255 = ORIENTED_EDGE('',*,*,#17256,.T.);
#17256 = EDGE_CURVE('',#4275,#17257,#17259,.T.);
#17257 = VERTEX_POINT('',#17258);
#17258 = CARTESIAN_POINT('',(67.841,2.25,22.));
#17259 = LINE('',#17260,#17261);
#17260 = CARTESIAN_POINT('',(67.841,1.2,22.));
#17261 = VECTOR('',#17262,1.);
#17262 = DIRECTION('',(-0.,1.,0.));
#17263 = ORIENTED_EDGE('',*,*,#17264,.F.);
#17264 = EDGE_CURVE('',#17208,#17257,#17265,.T.);
#17265 = LINE('',#17266,#17267);
#17266 = CARTESIAN_POINT('',(54.841,2.25,22.));
#17267 = VECTOR('',#17268,1.);
#17268 = DIRECTION('',(1.,0.,-0.));
#17269 = PLANE('',#17270);
#17270 = AXIS2_PLACEMENT_3D('',#17271,#17272,#17273);
#17271 = CARTESIAN_POINT('',(54.841,1.2,22.));
#17272 = DIRECTION('',(0.,0.,1.));
#17273 = DIRECTION('',(1.,0.,-0.));
#17274 = ADVANCED_FACE('',(#17275),#17286,.T.);
#17275 = FACE_BOUND('',#17276,.T.);
#17276 = EDGE_LOOP('',(#17277,#17278,#17279,#17285));
#17277 = ORIENTED_EDGE('',*,*,#4274,.F.);
#17278 = ORIENTED_EDGE('',*,*,#17232,.T.);
#17279 = ORIENTED_EDGE('',*,*,#17280,.T.);
#17280 = EDGE_CURVE('',#17233,#17257,#17281,.T.);
#17281 = LINE('',#17282,#17283);
#17282 = CARTESIAN_POINT('',(67.841,2.25,9.));
#17283 = VECTOR('',#17284,1.);
#17284 = DIRECTION('',(0.,0.,1.));
#17285 = ORIENTED_EDGE('',*,*,#17256,.F.);
#17286 = PLANE('',#17287);
#17287 = AXIS2_PLACEMENT_3D('',#17288,#17289,#17290);
#17288 = CARTESIAN_POINT('',(67.841,1.2,9.));
#17289 = DIRECTION('',(1.,0.,-0.));
#17290 = DIRECTION('',(0.,0.,1.));
#17291 = ADVANCED_FACE('',(#17292),#17317,.F.);
#17292 = FACE_BOUND('',#17293,.F.);
#17293 = EDGE_LOOP('',(#17294,#17295,#17303,#17311));
#17294 = ORIENTED_EDGE('',*,*,#4306,.F.);
#17295 = ORIENTED_EDGE('',*,*,#17296,.T.);
#17296 = EDGE_CURVE('',#4307,#17297,#17299,.T.);
#17297 = VERTEX_POINT('',#17298);
#17298 = CARTESIAN_POINT('',(67.64,1.26,0.5));
#17299 = LINE('',#17300,#17301);
#17300 = CARTESIAN_POINT('',(67.64,1.2,0.5));
#17301 = VECTOR('',#17302,1.);
#17302 = DIRECTION('',(-0.,1.,0.));
#17303 = ORIENTED_EDGE('',*,*,#17304,.T.);
#17304 = EDGE_CURVE('',#17297,#17305,#17307,.T.);
#17305 = VERTEX_POINT('',#17306);
#17306 = CARTESIAN_POINT('',(67.64,1.26,3.9));
#17307 = LINE('',#17308,#17309);
#17308 = CARTESIAN_POINT('',(67.64,1.26,0.5));
#17309 = VECTOR('',#17310,1.);
#17310 = DIRECTION('',(0.,0.,1.));
#17311 = ORIENTED_EDGE('',*,*,#17312,.F.);
#17312 = EDGE_CURVE('',#4309,#17305,#17313,.T.);
#17313 = LINE('',#17314,#17315);
#17314 = CARTESIAN_POINT('',(67.64,1.2,3.9));
#17315 = VECTOR('',#17316,1.);
#17316 = DIRECTION('',(-0.,1.,0.));
#17317 = PLANE('',#17318);
#17318 = AXIS2_PLACEMENT_3D('',#17319,#17320,#17321);
#17319 = CARTESIAN_POINT('',(67.64,1.2,0.5));
#17320 = DIRECTION('',(1.,0.,-0.));
#17321 = DIRECTION('',(0.,0.,1.));
#17322 = ADVANCED_FACE('',(#17323),#17341,.F.);
#17323 = FACE_BOUND('',#17324,.F.);
#17324 = EDGE_LOOP('',(#17325,#17326,#17327,#17335));
#17325 = ORIENTED_EDGE('',*,*,#17296,.F.);
#17326 = ORIENTED_EDGE('',*,*,#4316,.T.);
#17327 = ORIENTED_EDGE('',*,*,#17328,.T.);
#17328 = EDGE_CURVE('',#4317,#17329,#17331,.T.);
#17329 = VERTEX_POINT('',#17330);
#17330 = CARTESIAN_POINT('',(68.69,1.26,0.5));
#17331 = LINE('',#17332,#17333);
#17332 = CARTESIAN_POINT('',(68.69,1.2,0.5));
#17333 = VECTOR('',#17334,1.);
#17334 = DIRECTION('',(-0.,1.,0.));
#17335 = ORIENTED_EDGE('',*,*,#17336,.F.);
#17336 = EDGE_CURVE('',#17297,#17329,#17337,.T.);
#17337 = LINE('',#17338,#17339);
#17338 = CARTESIAN_POINT('',(67.64,1.26,0.5));
#17339 = VECTOR('',#17340,1.);
#17340 = DIRECTION('',(1.,0.,-0.));
#17341 = PLANE('',#17342);
#17342 = AXIS2_PLACEMENT_3D('',#17343,#17344,#17345);
#17343 = CARTESIAN_POINT('',(67.64,1.2,0.5));
#17344 = DIRECTION('',(0.,0.,1.));
#17345 = DIRECTION('',(1.,0.,-0.));
#17346 = ADVANCED_FACE('',(#17347),#17365,.T.);
#17347 = FACE_BOUND('',#17348,.T.);
#17348 = EDGE_LOOP('',(#17349,#17350,#17351,#17359));
#17349 = ORIENTED_EDGE('',*,*,#17312,.F.);
#17350 = ORIENTED_EDGE('',*,*,#4332,.T.);
#17351 = ORIENTED_EDGE('',*,*,#17352,.T.);
#17352 = EDGE_CURVE('',#4325,#17353,#17355,.T.);
#17353 = VERTEX_POINT('',#17354);
#17354 = CARTESIAN_POINT('',(68.69,1.26,3.9));
#17355 = LINE('',#17356,#17357);
#17356 = CARTESIAN_POINT('',(68.69,1.2,3.9));
#17357 = VECTOR('',#17358,1.);
#17358 = DIRECTION('',(-0.,1.,0.));
#17359 = ORIENTED_EDGE('',*,*,#17360,.F.);
#17360 = EDGE_CURVE('',#17305,#17353,#17361,.T.);
#17361 = LINE('',#17362,#17363);
#17362 = CARTESIAN_POINT('',(67.64,1.26,3.9));
#17363 = VECTOR('',#17364,1.);
#17364 = DIRECTION('',(1.,0.,-0.));
#17365 = PLANE('',#17366);
#17366 = AXIS2_PLACEMENT_3D('',#17367,#17368,#17369);
#17367 = CARTESIAN_POINT('',(67.64,1.2,3.9));
#17368 = DIRECTION('',(0.,0.,1.));
#17369 = DIRECTION('',(1.,0.,-0.));
#17370 = ADVANCED_FACE('',(#17371),#17382,.T.);
#17371 = FACE_BOUND('',#17372,.T.);
#17372 = EDGE_LOOP('',(#17373,#17374,#17375,#17381));
#17373 = ORIENTED_EDGE('',*,*,#4324,.F.);
#17374 = ORIENTED_EDGE('',*,*,#17328,.T.);
#17375 = ORIENTED_EDGE('',*,*,#17376,.T.);
#17376 = EDGE_CURVE('',#17329,#17353,#17377,.T.);
#17377 = LINE('',#17378,#17379);
#17378 = CARTESIAN_POINT('',(68.69,1.26,0.5));
#17379 = VECTOR('',#17380,1.);
#17380 = DIRECTION('',(0.,0.,1.));
#17381 = ORIENTED_EDGE('',*,*,#17352,.F.);
#17382 = PLANE('',#17383);
#17383 = AXIS2_PLACEMENT_3D('',#17384,#17385,#17386);
#17384 = CARTESIAN_POINT('',(68.69,1.2,0.5));
#17385 = DIRECTION('',(1.,0.,-0.));
#17386 = DIRECTION('',(0.,0.,1.));
#17387 = ADVANCED_FACE('',(#17388),#17413,.F.);
#17388 = FACE_BOUND('',#17389,.F.);
#17389 = EDGE_LOOP('',(#17390,#17391,#17399,#17407));
#17390 = ORIENTED_EDGE('',*,*,#4340,.F.);
#17391 = ORIENTED_EDGE('',*,*,#17392,.T.);
#17392 = EDGE_CURVE('',#4341,#17393,#17395,.T.);
#17393 = VERTEX_POINT('',#17394);
#17394 = CARTESIAN_POINT('',(69.36,1.26,0.5));
#17395 = LINE('',#17396,#17397);
#17396 = CARTESIAN_POINT('',(69.36,1.2,0.5));
#17397 = VECTOR('',#17398,1.);
#17398 = DIRECTION('',(-0.,1.,0.));
#17399 = ORIENTED_EDGE('',*,*,#17400,.T.);
#17400 = EDGE_CURVE('',#17393,#17401,#17403,.T.);
#17401 = VERTEX_POINT('',#17402);
#17402 = CARTESIAN_POINT('',(69.36,1.26,3.9));
#17403 = LINE('',#17404,#17405);
#17404 = CARTESIAN_POINT('',(69.36,1.26,0.5));
#17405 = VECTOR('',#17406,1.);
#17406 = DIRECTION('',(0.,0.,1.));
#17407 = ORIENTED_EDGE('',*,*,#17408,.F.);
#17408 = EDGE_CURVE('',#4343,#17401,#17409,.T.);
#17409 = LINE('',#17410,#17411);
#17410 = CARTESIAN_POINT('',(69.36,1.2,3.9));
#17411 = VECTOR('',#17412,1.);
#17412 = DIRECTION('',(-0.,1.,0.));
#17413 = PLANE('',#17414);
#17414 = AXIS2_PLACEMENT_3D('',#17415,#17416,#17417);
#17415 = CARTESIAN_POINT('',(69.36,1.2,0.5));
#17416 = DIRECTION('',(1.,0.,-0.));
#17417 = DIRECTION('',(0.,0.,1.));
#17418 = ADVANCED_FACE('',(#17419),#17437,.F.);
#17419 = FACE_BOUND('',#17420,.F.);
#17420 = EDGE_LOOP('',(#17421,#17422,#17423,#17431));
#17421 = ORIENTED_EDGE('',*,*,#17392,.F.);
#17422 = ORIENTED_EDGE('',*,*,#4350,.T.);
#17423 = ORIENTED_EDGE('',*,*,#17424,.T.);
#17424 = EDGE_CURVE('',#4351,#17425,#17427,.T.);
#17425 = VERTEX_POINT('',#17426);
#17426 = CARTESIAN_POINT('',(70.41,1.26,0.5));
#17427 = LINE('',#17428,#17429);
#17428 = CARTESIAN_POINT('',(70.41,1.2,0.5));
#17429 = VECTOR('',#17430,1.);
#17430 = DIRECTION('',(-0.,1.,0.));
#17431 = ORIENTED_EDGE('',*,*,#17432,.F.);
#17432 = EDGE_CURVE('',#17393,#17425,#17433,.T.);
#17433 = LINE('',#17434,#17435);
#17434 = CARTESIAN_POINT('',(69.36,1.26,0.5));
#17435 = VECTOR('',#17436,1.);
#17436 = DIRECTION('',(1.,0.,-0.));
#17437 = PLANE('',#17438);
#17438 = AXIS2_PLACEMENT_3D('',#17439,#17440,#17441);
#17439 = CARTESIAN_POINT('',(69.36,1.2,0.5));
#17440 = DIRECTION('',(0.,0.,1.));
#17441 = DIRECTION('',(1.,0.,-0.));
#17442 = ADVANCED_FACE('',(#17443),#17461,.T.);
#17443 = FACE_BOUND('',#17444,.T.);
#17444 = EDGE_LOOP('',(#17445,#17446,#17447,#17455));
#17445 = ORIENTED_EDGE('',*,*,#17408,.F.);
#17446 = ORIENTED_EDGE('',*,*,#4366,.T.);
#17447 = ORIENTED_EDGE('',*,*,#17448,.T.);
#17448 = EDGE_CURVE('',#4359,#17449,#17451,.T.);
#17449 = VERTEX_POINT('',#17450);
#17450 = CARTESIAN_POINT('',(70.41,1.26,3.9));
#17451 = LINE('',#17452,#17453);
#17452 = CARTESIAN_POINT('',(70.41,1.2,3.9));
#17453 = VECTOR('',#17454,1.);
#17454 = DIRECTION('',(-0.,1.,0.));
#17455 = ORIENTED_EDGE('',*,*,#17456,.F.);
#17456 = EDGE_CURVE('',#17401,#17449,#17457,.T.);
#17457 = LINE('',#17458,#17459);
#17458 = CARTESIAN_POINT('',(69.36,1.26,3.9));
#17459 = VECTOR('',#17460,1.);
#17460 = DIRECTION('',(1.,0.,-0.));
#17461 = PLANE('',#17462);
#17462 = AXIS2_PLACEMENT_3D('',#17463,#17464,#17465);
#17463 = CARTESIAN_POINT('',(69.36,1.2,3.9));
#17464 = DIRECTION('',(0.,0.,1.));
#17465 = DIRECTION('',(1.,0.,-0.));
#17466 = ADVANCED_FACE('',(#17467),#17478,.T.);
#17467 = FACE_BOUND('',#17468,.T.);
#17468 = EDGE_LOOP('',(#17469,#17470,#17471,#17477));
#17469 = ORIENTED_EDGE('',*,*,#4358,.F.);
#17470 = ORIENTED_EDGE('',*,*,#17424,.T.);
#17471 = ORIENTED_EDGE('',*,*,#17472,.T.);
#17472 = EDGE_CURVE('',#17425,#17449,#17473,.T.);
#17473 = LINE('',#17474,#17475);
#17474 = CARTESIAN_POINT('',(70.41,1.26,0.5));
#17475 = VECTOR('',#17476,1.);
#17476 = DIRECTION('',(0.,0.,1.));
#17477 = ORIENTED_EDGE('',*,*,#17448,.F.);
#17478 = PLANE('',#17479);
#17479 = AXIS2_PLACEMENT_3D('',#17480,#17481,#17482);
#17480 = CARTESIAN_POINT('',(70.41,1.2,0.5));
#17481 = DIRECTION('',(1.,0.,-0.));
#17482 = DIRECTION('',(0.,0.,1.));
#17483 = ADVANCED_FACE('',(#17484),#17509,.F.);
#17484 = FACE_BOUND('',#17485,.F.);
#17485 = EDGE_LOOP('',(#17486,#17487,#17495,#17503));
#17486 = ORIENTED_EDGE('',*,*,#4374,.F.);
#17487 = ORIENTED_EDGE('',*,*,#17488,.T.);
#17488 = EDGE_CURVE('',#4375,#17489,#17491,.T.);
#17489 = VERTEX_POINT('',#17490);
#17490 = CARTESIAN_POINT('',(71.08,1.26,0.5));
#17491 = LINE('',#17492,#17493);
#17492 = CARTESIAN_POINT('',(71.08,1.2,0.5));
#17493 = VECTOR('',#17494,1.);
#17494 = DIRECTION('',(-0.,1.,0.));
#17495 = ORIENTED_EDGE('',*,*,#17496,.T.);
#17496 = EDGE_CURVE('',#17489,#17497,#17499,.T.);
#17497 = VERTEX_POINT('',#17498);
#17498 = CARTESIAN_POINT('',(71.08,1.26,3.9));
#17499 = LINE('',#17500,#17501);
#17500 = CARTESIAN_POINT('',(71.08,1.26,0.5));
#17501 = VECTOR('',#17502,1.);
#17502 = DIRECTION('',(0.,0.,1.));
#17503 = ORIENTED_EDGE('',*,*,#17504,.F.);
#17504 = EDGE_CURVE('',#4377,#17497,#17505,.T.);
#17505 = LINE('',#17506,#17507);
#17506 = CARTESIAN_POINT('',(71.08,1.2,3.9));
#17507 = VECTOR('',#17508,1.);
#17508 = DIRECTION('',(-0.,1.,0.));
#17509 = PLANE('',#17510);
#17510 = AXIS2_PLACEMENT_3D('',#17511,#17512,#17513);
#17511 = CARTESIAN_POINT('',(71.08,1.2,0.5));
#17512 = DIRECTION('',(1.,0.,-0.));
#17513 = DIRECTION('',(0.,0.,1.));
#17514 = ADVANCED_FACE('',(#17515),#17533,.F.);
#17515 = FACE_BOUND('',#17516,.F.);
#17516 = EDGE_LOOP('',(#17517,#17518,#17519,#17527));
#17517 = ORIENTED_EDGE('',*,*,#17488,.F.);
#17518 = ORIENTED_EDGE('',*,*,#4384,.T.);
#17519 = ORIENTED_EDGE('',*,*,#17520,.T.);
#17520 = EDGE_CURVE('',#4385,#17521,#17523,.T.);
#17521 = VERTEX_POINT('',#17522);
#17522 = CARTESIAN_POINT('',(72.13,1.26,0.5));
#17523 = LINE('',#17524,#17525);
#17524 = CARTESIAN_POINT('',(72.13,1.2,0.5));
#17525 = VECTOR('',#17526,1.);
#17526 = DIRECTION('',(-0.,1.,0.));
#17527 = ORIENTED_EDGE('',*,*,#17528,.F.);
#17528 = EDGE_CURVE('',#17489,#17521,#17529,.T.);
#17529 = LINE('',#17530,#17531);
#17530 = CARTESIAN_POINT('',(71.08,1.26,0.5));
#17531 = VECTOR('',#17532,1.);
#17532 = DIRECTION('',(1.,0.,-0.));
#17533 = PLANE('',#17534);
#17534 = AXIS2_PLACEMENT_3D('',#17535,#17536,#17537);
#17535 = CARTESIAN_POINT('',(71.08,1.2,0.5));
#17536 = DIRECTION('',(0.,0.,1.));
#17537 = DIRECTION('',(1.,0.,-0.));
#17538 = ADVANCED_FACE('',(#17539),#17557,.T.);
#17539 = FACE_BOUND('',#17540,.T.);
#17540 = EDGE_LOOP('',(#17541,#17542,#17543,#17551));
#17541 = ORIENTED_EDGE('',*,*,#17504,.F.);
#17542 = ORIENTED_EDGE('',*,*,#4400,.T.);
#17543 = ORIENTED_EDGE('',*,*,#17544,.T.);
#17544 = EDGE_CURVE('',#4393,#17545,#17547,.T.);
#17545 = VERTEX_POINT('',#17546);
#17546 = CARTESIAN_POINT('',(72.13,1.26,3.9));
#17547 = LINE('',#17548,#17549);
#17548 = CARTESIAN_POINT('',(72.13,1.2,3.9));
#17549 = VECTOR('',#17550,1.);
#17550 = DIRECTION('',(-0.,1.,0.));
#17551 = ORIENTED_EDGE('',*,*,#17552,.F.);
#17552 = EDGE_CURVE('',#17497,#17545,#17553,.T.);
#17553 = LINE('',#17554,#17555);
#17554 = CARTESIAN_POINT('',(71.08,1.26,3.9));
#17555 = VECTOR('',#17556,1.);
#17556 = DIRECTION('',(1.,0.,-0.));
#17557 = PLANE('',#17558);
#17558 = AXIS2_PLACEMENT_3D('',#17559,#17560,#17561);
#17559 = CARTESIAN_POINT('',(71.08,1.2,3.9));
#17560 = DIRECTION('',(0.,0.,1.));
#17561 = DIRECTION('',(1.,0.,-0.));
#17562 = ADVANCED_FACE('',(#17563),#17574,.T.);
#17563 = FACE_BOUND('',#17564,.T.);
#17564 = EDGE_LOOP('',(#17565,#17566,#17567,#17573));
#17565 = ORIENTED_EDGE('',*,*,#4392,.F.);
#17566 = ORIENTED_EDGE('',*,*,#17520,.T.);
#17567 = ORIENTED_EDGE('',*,*,#17568,.T.);
#17568 = EDGE_CURVE('',#17521,#17545,#17569,.T.);
#17569 = LINE('',#17570,#17571);
#17570 = CARTESIAN_POINT('',(72.13,1.26,0.5));
#17571 = VECTOR('',#17572,1.);
#17572 = DIRECTION('',(0.,0.,1.));
#17573 = ORIENTED_EDGE('',*,*,#17544,.F.);
#17574 = PLANE('',#17575);
#17575 = AXIS2_PLACEMENT_3D('',#17576,#17577,#17578);
#17576 = CARTESIAN_POINT('',(72.13,1.2,0.5));
#17577 = DIRECTION('',(1.,0.,-0.));
#17578 = DIRECTION('',(0.,0.,1.));
#17579 = ADVANCED_FACE('',(#17580),#17605,.F.);
#17580 = FACE_BOUND('',#17581,.F.);
#17581 = EDGE_LOOP('',(#17582,#17583,#17591,#17599));
#17582 = ORIENTED_EDGE('',*,*,#4408,.F.);
#17583 = ORIENTED_EDGE('',*,*,#17584,.T.);
#17584 = EDGE_CURVE('',#4409,#17585,#17587,.T.);
#17585 = VERTEX_POINT('',#17586);
#17586 = CARTESIAN_POINT('',(72.8,1.26,0.5));
#17587 = LINE('',#17588,#17589);
#17588 = CARTESIAN_POINT('',(72.8,1.2,0.5));
#17589 = VECTOR('',#17590,1.);
#17590 = DIRECTION('',(-0.,1.,0.));
#17591 = ORIENTED_EDGE('',*,*,#17592,.T.);
#17592 = EDGE_CURVE('',#17585,#17593,#17595,.T.);
#17593 = VERTEX_POINT('',#17594);
#17594 = CARTESIAN_POINT('',(72.8,1.26,3.9));
#17595 = LINE('',#17596,#17597);
#17596 = CARTESIAN_POINT('',(72.8,1.26,0.5));
#17597 = VECTOR('',#17598,1.);
#17598 = DIRECTION('',(0.,0.,1.));
#17599 = ORIENTED_EDGE('',*,*,#17600,.F.);
#17600 = EDGE_CURVE('',#4411,#17593,#17601,.T.);
#17601 = LINE('',#17602,#17603);
#17602 = CARTESIAN_POINT('',(72.8,1.2,3.9));
#17603 = VECTOR('',#17604,1.);
#17604 = DIRECTION('',(-0.,1.,0.));
#17605 = PLANE('',#17606);
#17606 = AXIS2_PLACEMENT_3D('',#17607,#17608,#17609);
#17607 = CARTESIAN_POINT('',(72.8,1.2,0.5));
#17608 = DIRECTION('',(1.,0.,-0.));
#17609 = DIRECTION('',(0.,0.,1.));
#17610 = ADVANCED_FACE('',(#17611),#17629,.F.);
#17611 = FACE_BOUND('',#17612,.F.);
#17612 = EDGE_LOOP('',(#17613,#17614,#17615,#17623));
#17613 = ORIENTED_EDGE('',*,*,#17584,.F.);
#17614 = ORIENTED_EDGE('',*,*,#4418,.T.);
#17615 = ORIENTED_EDGE('',*,*,#17616,.T.);
#17616 = EDGE_CURVE('',#4419,#17617,#17619,.T.);
#17617 = VERTEX_POINT('',#17618);
#17618 = CARTESIAN_POINT('',(73.85,1.26,0.5));
#17619 = LINE('',#17620,#17621);
#17620 = CARTESIAN_POINT('',(73.85,1.2,0.5));
#17621 = VECTOR('',#17622,1.);
#17622 = DIRECTION('',(-0.,1.,0.));
#17623 = ORIENTED_EDGE('',*,*,#17624,.F.);
#17624 = EDGE_CURVE('',#17585,#17617,#17625,.T.);
#17625 = LINE('',#17626,#17627);
#17626 = CARTESIAN_POINT('',(72.8,1.26,0.5));
#17627 = VECTOR('',#17628,1.);
#17628 = DIRECTION('',(1.,0.,-0.));
#17629 = PLANE('',#17630);
#17630 = AXIS2_PLACEMENT_3D('',#17631,#17632,#17633);
#17631 = CARTESIAN_POINT('',(72.8,1.2,0.5));
#17632 = DIRECTION('',(0.,0.,1.));
#17633 = DIRECTION('',(1.,0.,-0.));
#17634 = ADVANCED_FACE('',(#17635),#17653,.T.);
#17635 = FACE_BOUND('',#17636,.T.);
#17636 = EDGE_LOOP('',(#17637,#17638,#17639,#17647));
#17637 = ORIENTED_EDGE('',*,*,#17600,.F.);
#17638 = ORIENTED_EDGE('',*,*,#4434,.T.);
#17639 = ORIENTED_EDGE('',*,*,#17640,.T.);
#17640 = EDGE_CURVE('',#4427,#17641,#17643,.T.);
#17641 = VERTEX_POINT('',#17642);
#17642 = CARTESIAN_POINT('',(73.85,1.26,3.9));
#17643 = LINE('',#17644,#17645);
#17644 = CARTESIAN_POINT('',(73.85,1.2,3.9));
#17645 = VECTOR('',#17646,1.);
#17646 = DIRECTION('',(-0.,1.,0.));
#17647 = ORIENTED_EDGE('',*,*,#17648,.F.);
#17648 = EDGE_CURVE('',#17593,#17641,#17649,.T.);
#17649 = LINE('',#17650,#17651);
#17650 = CARTESIAN_POINT('',(72.8,1.26,3.9));
#17651 = VECTOR('',#17652,1.);
#17652 = DIRECTION('',(1.,0.,-0.));
#17653 = PLANE('',#17654);
#17654 = AXIS2_PLACEMENT_3D('',#17655,#17656,#17657);
#17655 = CARTESIAN_POINT('',(72.8,1.2,3.9));
#17656 = DIRECTION('',(0.,0.,1.));
#17657 = DIRECTION('',(1.,0.,-0.));
#17658 = ADVANCED_FACE('',(#17659),#17670,.T.);
#17659 = FACE_BOUND('',#17660,.T.);
#17660 = EDGE_LOOP('',(#17661,#17662,#17663,#17669));
#17661 = ORIENTED_EDGE('',*,*,#4426,.F.);
#17662 = ORIENTED_EDGE('',*,*,#17616,.T.);
#17663 = ORIENTED_EDGE('',*,*,#17664,.T.);
#17664 = EDGE_CURVE('',#17617,#17641,#17665,.T.);
#17665 = LINE('',#17666,#17667);
#17666 = CARTESIAN_POINT('',(73.85,1.26,0.5));
#17667 = VECTOR('',#17668,1.);
#17668 = DIRECTION('',(0.,0.,1.));
#17669 = ORIENTED_EDGE('',*,*,#17640,.F.);
#17670 = PLANE('',#17671);
#17671 = AXIS2_PLACEMENT_3D('',#17672,#17673,#17674);
#17672 = CARTESIAN_POINT('',(73.85,1.2,0.5));
#17673 = DIRECTION('',(1.,0.,-0.));
#17674 = DIRECTION('',(0.,0.,1.));
#17675 = ADVANCED_FACE('',(#17676),#17701,.F.);
#17676 = FACE_BOUND('',#17677,.F.);
#17677 = EDGE_LOOP('',(#17678,#17679,#17687,#17695));
#17678 = ORIENTED_EDGE('',*,*,#4442,.F.);
#17679 = ORIENTED_EDGE('',*,*,#17680,.T.);
#17680 = EDGE_CURVE('',#4443,#17681,#17683,.T.);
#17681 = VERTEX_POINT('',#17682);
#17682 = CARTESIAN_POINT('',(74.52,1.26,0.5));
#17683 = LINE('',#17684,#17685);
#17684 = CARTESIAN_POINT('',(74.52,1.2,0.5));
#17685 = VECTOR('',#17686,1.);
#17686 = DIRECTION('',(-0.,1.,0.));
#17687 = ORIENTED_EDGE('',*,*,#17688,.T.);
#17688 = EDGE_CURVE('',#17681,#17689,#17691,.T.);
#17689 = VERTEX_POINT('',#17690);
#17690 = CARTESIAN_POINT('',(74.52,1.26,3.9));
#17691 = LINE('',#17692,#17693);
#17692 = CARTESIAN_POINT('',(74.52,1.26,0.5));
#17693 = VECTOR('',#17694,1.);
#17694 = DIRECTION('',(0.,0.,1.));
#17695 = ORIENTED_EDGE('',*,*,#17696,.F.);
#17696 = EDGE_CURVE('',#4445,#17689,#17697,.T.);
#17697 = LINE('',#17698,#17699);
#17698 = CARTESIAN_POINT('',(74.52,1.2,3.9));
#17699 = VECTOR('',#17700,1.);
#17700 = DIRECTION('',(-0.,1.,0.));
#17701 = PLANE('',#17702);
#17702 = AXIS2_PLACEMENT_3D('',#17703,#17704,#17705);
#17703 = CARTESIAN_POINT('',(74.52,1.2,0.5));
#17704 = DIRECTION('',(1.,0.,-0.));
#17705 = DIRECTION('',(0.,0.,1.));
#17706 = ADVANCED_FACE('',(#17707),#17725,.F.);
#17707 = FACE_BOUND('',#17708,.F.);
#17708 = EDGE_LOOP('',(#17709,#17710,#17711,#17719));
#17709 = ORIENTED_EDGE('',*,*,#17680,.F.);
#17710 = ORIENTED_EDGE('',*,*,#4452,.T.);
#17711 = ORIENTED_EDGE('',*,*,#17712,.T.);
#17712 = EDGE_CURVE('',#4453,#17713,#17715,.T.);
#17713 = VERTEX_POINT('',#17714);
#17714 = CARTESIAN_POINT('',(75.57,1.26,0.5));
#17715 = LINE('',#17716,#17717);
#17716 = CARTESIAN_POINT('',(75.57,1.2,0.5));
#17717 = VECTOR('',#17718,1.);
#17718 = DIRECTION('',(-0.,1.,0.));
#17719 = ORIENTED_EDGE('',*,*,#17720,.F.);
#17720 = EDGE_CURVE('',#17681,#17713,#17721,.T.);
#17721 = LINE('',#17722,#17723);
#17722 = CARTESIAN_POINT('',(74.52,1.26,0.5));
#17723 = VECTOR('',#17724,1.);
#17724 = DIRECTION('',(1.,0.,-0.));
#17725 = PLANE('',#17726);
#17726 = AXIS2_PLACEMENT_3D('',#17727,#17728,#17729);
#17727 = CARTESIAN_POINT('',(74.52,1.2,0.5));
#17728 = DIRECTION('',(0.,0.,1.));
#17729 = DIRECTION('',(1.,0.,-0.));
#17730 = ADVANCED_FACE('',(#17731),#17749,.T.);
#17731 = FACE_BOUND('',#17732,.T.);
#17732 = EDGE_LOOP('',(#17733,#17734,#17735,#17743));
#17733 = ORIENTED_EDGE('',*,*,#17696,.F.);
#17734 = ORIENTED_EDGE('',*,*,#4468,.T.);
#17735 = ORIENTED_EDGE('',*,*,#17736,.T.);
#17736 = EDGE_CURVE('',#4461,#17737,#17739,.T.);
#17737 = VERTEX_POINT('',#17738);
#17738 = CARTESIAN_POINT('',(75.57,1.26,3.9));
#17739 = LINE('',#17740,#17741);
#17740 = CARTESIAN_POINT('',(75.57,1.2,3.9));
#17741 = VECTOR('',#17742,1.);
#17742 = DIRECTION('',(-0.,1.,0.));
#17743 = ORIENTED_EDGE('',*,*,#17744,.F.);
#17744 = EDGE_CURVE('',#17689,#17737,#17745,.T.);
#17745 = LINE('',#17746,#17747);
#17746 = CARTESIAN_POINT('',(74.52,1.26,3.9));
#17747 = VECTOR('',#17748,1.);
#17748 = DIRECTION('',(1.,0.,-0.));
#17749 = PLANE('',#17750);
#17750 = AXIS2_PLACEMENT_3D('',#17751,#17752,#17753);
#17751 = CARTESIAN_POINT('',(74.52,1.2,3.9));
#17752 = DIRECTION('',(0.,0.,1.));
#17753 = DIRECTION('',(1.,0.,-0.));
#17754 = ADVANCED_FACE('',(#17755),#17766,.T.);
#17755 = FACE_BOUND('',#17756,.T.);
#17756 = EDGE_LOOP('',(#17757,#17758,#17759,#17765));
#17757 = ORIENTED_EDGE('',*,*,#4460,.F.);
#17758 = ORIENTED_EDGE('',*,*,#17712,.T.);
#17759 = ORIENTED_EDGE('',*,*,#17760,.T.);
#17760 = EDGE_CURVE('',#17713,#17737,#17761,.T.);
#17761 = LINE('',#17762,#17763);
#17762 = CARTESIAN_POINT('',(75.57,1.26,0.5));
#17763 = VECTOR('',#17764,1.);
#17764 = DIRECTION('',(0.,0.,1.));
#17765 = ORIENTED_EDGE('',*,*,#17736,.F.);
#17766 = PLANE('',#17767);
#17767 = AXIS2_PLACEMENT_3D('',#17768,#17769,#17770);
#17768 = CARTESIAN_POINT('',(75.57,1.2,0.5));
#17769 = DIRECTION('',(1.,0.,-0.));
#17770 = DIRECTION('',(0.,0.,1.));
#17771 = ADVANCED_FACE('',(#17772),#17797,.F.);
#17772 = FACE_BOUND('',#17773,.F.);
#17773 = EDGE_LOOP('',(#17774,#17775,#17783,#17791));
#17774 = ORIENTED_EDGE('',*,*,#4476,.F.);
#17775 = ORIENTED_EDGE('',*,*,#17776,.T.);
#17776 = EDGE_CURVE('',#4477,#17777,#17779,.T.);
#17777 = VERTEX_POINT('',#17778);
#17778 = CARTESIAN_POINT('',(76.24,1.26,0.5));
#17779 = LINE('',#17780,#17781);
#17780 = CARTESIAN_POINT('',(76.24,1.2,0.5));
#17781 = VECTOR('',#17782,1.);
#17782 = DIRECTION('',(-0.,1.,0.));
#17783 = ORIENTED_EDGE('',*,*,#17784,.T.);
#17784 = EDGE_CURVE('',#17777,#17785,#17787,.T.);
#17785 = VERTEX_POINT('',#17786);
#17786 = CARTESIAN_POINT('',(76.24,1.26,3.9));
#17787 = LINE('',#17788,#17789);
#17788 = CARTESIAN_POINT('',(76.24,1.26,0.5));
#17789 = VECTOR('',#17790,1.);
#17790 = DIRECTION('',(0.,0.,1.));
#17791 = ORIENTED_EDGE('',*,*,#17792,.F.);
#17792 = EDGE_CURVE('',#4479,#17785,#17793,.T.);
#17793 = LINE('',#17794,#17795);
#17794 = CARTESIAN_POINT('',(76.24,1.2,3.9));
#17795 = VECTOR('',#17796,1.);
#17796 = DIRECTION('',(-0.,1.,0.));
#17797 = PLANE('',#17798);
#17798 = AXIS2_PLACEMENT_3D('',#17799,#17800,#17801);
#17799 = CARTESIAN_POINT('',(76.24,1.2,0.5));
#17800 = DIRECTION('',(1.,0.,-0.));
#17801 = DIRECTION('',(0.,0.,1.));
#17802 = ADVANCED_FACE('',(#17803),#17821,.F.);
#17803 = FACE_BOUND('',#17804,.F.);
#17804 = EDGE_LOOP('',(#17805,#17806,#17807,#17815));
#17805 = ORIENTED_EDGE('',*,*,#17776,.F.);
#17806 = ORIENTED_EDGE('',*,*,#4486,.T.);
#17807 = ORIENTED_EDGE('',*,*,#17808,.T.);
#17808 = EDGE_CURVE('',#4487,#17809,#17811,.T.);
#17809 = VERTEX_POINT('',#17810);
#17810 = CARTESIAN_POINT('',(77.29,1.26,0.5));
#17811 = LINE('',#17812,#17813);
#17812 = CARTESIAN_POINT('',(77.29,1.2,0.5));
#17813 = VECTOR('',#17814,1.);
#17814 = DIRECTION('',(-0.,1.,0.));
#17815 = ORIENTED_EDGE('',*,*,#17816,.F.);
#17816 = EDGE_CURVE('',#17777,#17809,#17817,.T.);
#17817 = LINE('',#17818,#17819);
#17818 = CARTESIAN_POINT('',(76.24,1.26,0.5));
#17819 = VECTOR('',#17820,1.);
#17820 = DIRECTION('',(1.,0.,-0.));
#17821 = PLANE('',#17822);
#17822 = AXIS2_PLACEMENT_3D('',#17823,#17824,#17825);
#17823 = CARTESIAN_POINT('',(76.24,1.2,0.5));
#17824 = DIRECTION('',(0.,0.,1.));
#17825 = DIRECTION('',(1.,0.,-0.));
#17826 = ADVANCED_FACE('',(#17827),#17845,.T.);
#17827 = FACE_BOUND('',#17828,.T.);
#17828 = EDGE_LOOP('',(#17829,#17830,#17831,#17839));
#17829 = ORIENTED_EDGE('',*,*,#17792,.F.);
#17830 = ORIENTED_EDGE('',*,*,#4502,.T.);
#17831 = ORIENTED_EDGE('',*,*,#17832,.T.);
#17832 = EDGE_CURVE('',#4495,#17833,#17835,.T.);
#17833 = VERTEX_POINT('',#17834);
#17834 = CARTESIAN_POINT('',(77.29,1.26,3.9));
#17835 = LINE('',#17836,#17837);
#17836 = CARTESIAN_POINT('',(77.29,1.2,3.9));
#17837 = VECTOR('',#17838,1.);
#17838 = DIRECTION('',(-0.,1.,0.));
#17839 = ORIENTED_EDGE('',*,*,#17840,.F.);
#17840 = EDGE_CURVE('',#17785,#17833,#17841,.T.);
#17841 = LINE('',#17842,#17843);
#17842 = CARTESIAN_POINT('',(76.24,1.26,3.9));
#17843 = VECTOR('',#17844,1.);
#17844 = DIRECTION('',(1.,0.,-0.));
#17845 = PLANE('',#17846);
#17846 = AXIS2_PLACEMENT_3D('',#17847,#17848,#17849);
#17847 = CARTESIAN_POINT('',(76.24,1.2,3.9));
#17848 = DIRECTION('',(0.,0.,1.));
#17849 = DIRECTION('',(1.,0.,-0.));
#17850 = ADVANCED_FACE('',(#17851),#17862,.T.);
#17851 = FACE_BOUND('',#17852,.T.);
#17852 = EDGE_LOOP('',(#17853,#17854,#17855,#17861));
#17853 = ORIENTED_EDGE('',*,*,#4494,.F.);
#17854 = ORIENTED_EDGE('',*,*,#17808,.T.);
#17855 = ORIENTED_EDGE('',*,*,#17856,.T.);
#17856 = EDGE_CURVE('',#17809,#17833,#17857,.T.);
#17857 = LINE('',#17858,#17859);
#17858 = CARTESIAN_POINT('',(77.29,1.26,0.5));
#17859 = VECTOR('',#17860,1.);
#17860 = DIRECTION('',(0.,0.,1.));
#17861 = ORIENTED_EDGE('',*,*,#17832,.F.);
#17862 = PLANE('',#17863);
#17863 = AXIS2_PLACEMENT_3D('',#17864,#17865,#17866);
#17864 = CARTESIAN_POINT('',(77.29,1.2,0.5));
#17865 = DIRECTION('',(1.,0.,-0.));
#17866 = DIRECTION('',(0.,0.,1.));
#17867 = ADVANCED_FACE('',(#17868),#17893,.F.);
#17868 = FACE_BOUND('',#17869,.F.);
#17869 = EDGE_LOOP('',(#17870,#17871,#17879,#17887));
#17870 = ORIENTED_EDGE('',*,*,#4510,.F.);
#17871 = ORIENTED_EDGE('',*,*,#17872,.T.);
#17872 = EDGE_CURVE('',#4511,#17873,#17875,.T.);
#17873 = VERTEX_POINT('',#17874);
#17874 = CARTESIAN_POINT('',(77.96,1.26,0.5));
#17875 = LINE('',#17876,#17877);
#17876 = CARTESIAN_POINT('',(77.96,1.2,0.5));
#17877 = VECTOR('',#17878,1.);
#17878 = DIRECTION('',(-0.,1.,0.));
#17879 = ORIENTED_EDGE('',*,*,#17880,.T.);
#17880 = EDGE_CURVE('',#17873,#17881,#17883,.T.);
#17881 = VERTEX_POINT('',#17882);
#17882 = CARTESIAN_POINT('',(77.96,1.26,3.9));
#17883 = LINE('',#17884,#17885);
#17884 = CARTESIAN_POINT('',(77.96,1.26,0.5));
#17885 = VECTOR('',#17886,1.);
#17886 = DIRECTION('',(0.,0.,1.));
#17887 = ORIENTED_EDGE('',*,*,#17888,.F.);
#17888 = EDGE_CURVE('',#4513,#17881,#17889,.T.);
#17889 = LINE('',#17890,#17891);
#17890 = CARTESIAN_POINT('',(77.96,1.2,3.9));
#17891 = VECTOR('',#17892,1.);
#17892 = DIRECTION('',(-0.,1.,0.));
#17893 = PLANE('',#17894);
#17894 = AXIS2_PLACEMENT_3D('',#17895,#17896,#17897);
#17895 = CARTESIAN_POINT('',(77.96,1.2,0.5));
#17896 = DIRECTION('',(1.,0.,-0.));
#17897 = DIRECTION('',(0.,0.,1.));
#17898 = ADVANCED_FACE('',(#17899),#17917,.F.);
#17899 = FACE_BOUND('',#17900,.F.);
#17900 = EDGE_LOOP('',(#17901,#17902,#17903,#17911));
#17901 = ORIENTED_EDGE('',*,*,#17872,.F.);
#17902 = ORIENTED_EDGE('',*,*,#4520,.T.);
#17903 = ORIENTED_EDGE('',*,*,#17904,.T.);
#17904 = EDGE_CURVE('',#4521,#17905,#17907,.T.);
#17905 = VERTEX_POINT('',#17906);
#17906 = CARTESIAN_POINT('',(79.01,1.26,0.5));
#17907 = LINE('',#17908,#17909);
#17908 = CARTESIAN_POINT('',(79.01,1.2,0.5));
#17909 = VECTOR('',#17910,1.);
#17910 = DIRECTION('',(-0.,1.,0.));
#17911 = ORIENTED_EDGE('',*,*,#17912,.F.);
#17912 = EDGE_CURVE('',#17873,#17905,#17913,.T.);
#17913 = LINE('',#17914,#17915);
#17914 = CARTESIAN_POINT('',(77.96,1.26,0.5));
#17915 = VECTOR('',#17916,1.);
#17916 = DIRECTION('',(1.,0.,-0.));
#17917 = PLANE('',#17918);
#17918 = AXIS2_PLACEMENT_3D('',#17919,#17920,#17921);
#17919 = CARTESIAN_POINT('',(77.96,1.2,0.5));
#17920 = DIRECTION('',(0.,0.,1.));
#17921 = DIRECTION('',(1.,0.,-0.));
#17922 = ADVANCED_FACE('',(#17923),#17941,.T.);
#17923 = FACE_BOUND('',#17924,.T.);
#17924 = EDGE_LOOP('',(#17925,#17926,#17927,#17935));
#17925 = ORIENTED_EDGE('',*,*,#17888,.F.);
#17926 = ORIENTED_EDGE('',*,*,#4536,.T.);
#17927 = ORIENTED_EDGE('',*,*,#17928,.T.);
#17928 = EDGE_CURVE('',#4529,#17929,#17931,.T.);
#17929 = VERTEX_POINT('',#17930);
#17930 = CARTESIAN_POINT('',(79.01,1.26,3.9));
#17931 = LINE('',#17932,#17933);
#17932 = CARTESIAN_POINT('',(79.01,1.2,3.9));
#17933 = VECTOR('',#17934,1.);
#17934 = DIRECTION('',(-0.,1.,0.));
#17935 = ORIENTED_EDGE('',*,*,#17936,.F.);
#17936 = EDGE_CURVE('',#17881,#17929,#17937,.T.);
#17937 = LINE('',#17938,#17939);
#17938 = CARTESIAN_POINT('',(77.96,1.26,3.9));
#17939 = VECTOR('',#17940,1.);
#17940 = DIRECTION('',(1.,0.,-0.));
#17941 = PLANE('',#17942);
#17942 = AXIS2_PLACEMENT_3D('',#17943,#17944,#17945);
#17943 = CARTESIAN_POINT('',(77.96,1.2,3.9));
#17944 = DIRECTION('',(0.,0.,1.));
#17945 = DIRECTION('',(1.,0.,-0.));
#17946 = ADVANCED_FACE('',(#17947),#17958,.T.);
#17947 = FACE_BOUND('',#17948,.T.);
#17948 = EDGE_LOOP('',(#17949,#17950,#17951,#17957));
#17949 = ORIENTED_EDGE('',*,*,#4528,.F.);
#17950 = ORIENTED_EDGE('',*,*,#17904,.T.);
#17951 = ORIENTED_EDGE('',*,*,#17952,.T.);
#17952 = EDGE_CURVE('',#17905,#17929,#17953,.T.);
#17953 = LINE('',#17954,#17955);
#17954 = CARTESIAN_POINT('',(79.01,1.26,0.5));
#17955 = VECTOR('',#17956,1.);
#17956 = DIRECTION('',(0.,0.,1.));
#17957 = ORIENTED_EDGE('',*,*,#17928,.F.);
#17958 = PLANE('',#17959);
#17959 = AXIS2_PLACEMENT_3D('',#17960,#17961,#17962);
#17960 = CARTESIAN_POINT('',(79.01,1.2,0.5));
#17961 = DIRECTION('',(1.,0.,-0.));
#17962 = DIRECTION('',(0.,0.,1.));
#17963 = ADVANCED_FACE('',(#17964),#17989,.F.);
#17964 = FACE_BOUND('',#17965,.F.);
#17965 = EDGE_LOOP('',(#17966,#17967,#17975,#17983));
#17966 = ORIENTED_EDGE('',*,*,#4544,.F.);
#17967 = ORIENTED_EDGE('',*,*,#17968,.T.);
#17968 = EDGE_CURVE('',#4545,#17969,#17971,.T.);
#17969 = VERTEX_POINT('',#17970);
#17970 = CARTESIAN_POINT('',(79.68,1.26,0.5));
#17971 = LINE('',#17972,#17973);
#17972 = CARTESIAN_POINT('',(79.68,1.2,0.5));
#17973 = VECTOR('',#17974,1.);
#17974 = DIRECTION('',(-0.,1.,0.));
#17975 = ORIENTED_EDGE('',*,*,#17976,.T.);
#17976 = EDGE_CURVE('',#17969,#17977,#17979,.T.);
#17977 = VERTEX_POINT('',#17978);
#17978 = CARTESIAN_POINT('',(79.68,1.26,3.9));
#17979 = LINE('',#17980,#17981);
#17980 = CARTESIAN_POINT('',(79.68,1.26,0.5));
#17981 = VECTOR('',#17982,1.);
#17982 = DIRECTION('',(0.,0.,1.));
#17983 = ORIENTED_EDGE('',*,*,#17984,.F.);
#17984 = EDGE_CURVE('',#4547,#17977,#17985,.T.);
#17985 = LINE('',#17986,#17987);
#17986 = CARTESIAN_POINT('',(79.68,1.2,3.9));
#17987 = VECTOR('',#17988,1.);
#17988 = DIRECTION('',(-0.,1.,0.));
#17989 = PLANE('',#17990);
#17990 = AXIS2_PLACEMENT_3D('',#17991,#17992,#17993);
#17991 = CARTESIAN_POINT('',(79.68,1.2,0.5));
#17992 = DIRECTION('',(1.,0.,-0.));
#17993 = DIRECTION('',(0.,0.,1.));
#17994 = ADVANCED_FACE('',(#17995),#18013,.F.);
#17995 = FACE_BOUND('',#17996,.F.);
#17996 = EDGE_LOOP('',(#17997,#17998,#17999,#18007));
#17997 = ORIENTED_EDGE('',*,*,#17968,.F.);
#17998 = ORIENTED_EDGE('',*,*,#4554,.T.);
#17999 = ORIENTED_EDGE('',*,*,#18000,.T.);
#18000 = EDGE_CURVE('',#4555,#18001,#18003,.T.);
#18001 = VERTEX_POINT('',#18002);
#18002 = CARTESIAN_POINT('',(80.73,1.26,0.5));
#18003 = LINE('',#18004,#18005);
#18004 = CARTESIAN_POINT('',(80.73,1.2,0.5));
#18005 = VECTOR('',#18006,1.);
#18006 = DIRECTION('',(-0.,1.,0.));
#18007 = ORIENTED_EDGE('',*,*,#18008,.F.);
#18008 = EDGE_CURVE('',#17969,#18001,#18009,.T.);
#18009 = LINE('',#18010,#18011);
#18010 = CARTESIAN_POINT('',(79.68,1.26,0.5));
#18011 = VECTOR('',#18012,1.);
#18012 = DIRECTION('',(1.,0.,-0.));
#18013 = PLANE('',#18014);
#18014 = AXIS2_PLACEMENT_3D('',#18015,#18016,#18017);
#18015 = CARTESIAN_POINT('',(79.68,1.2,0.5));
#18016 = DIRECTION('',(0.,0.,1.));
#18017 = DIRECTION('',(1.,0.,-0.));
#18018 = ADVANCED_FACE('',(#18019),#18037,.T.);
#18019 = FACE_BOUND('',#18020,.T.);
#18020 = EDGE_LOOP('',(#18021,#18022,#18023,#18031));
#18021 = ORIENTED_EDGE('',*,*,#17984,.F.);
#18022 = ORIENTED_EDGE('',*,*,#4570,.T.);
#18023 = ORIENTED_EDGE('',*,*,#18024,.T.);
#18024 = EDGE_CURVE('',#4563,#18025,#18027,.T.);
#18025 = VERTEX_POINT('',#18026);
#18026 = CARTESIAN_POINT('',(80.73,1.26,3.9));
#18027 = LINE('',#18028,#18029);
#18028 = CARTESIAN_POINT('',(80.73,1.2,3.9));
#18029 = VECTOR('',#18030,1.);
#18030 = DIRECTION('',(-0.,1.,0.));
#18031 = ORIENTED_EDGE('',*,*,#18032,.F.);
#18032 = EDGE_CURVE('',#17977,#18025,#18033,.T.);
#18033 = LINE('',#18034,#18035);
#18034 = CARTESIAN_POINT('',(79.68,1.26,3.9));
#18035 = VECTOR('',#18036,1.);
#18036 = DIRECTION('',(1.,0.,-0.));
#18037 = PLANE('',#18038);
#18038 = AXIS2_PLACEMENT_3D('',#18039,#18040,#18041);
#18039 = CARTESIAN_POINT('',(79.68,1.2,3.9));
#18040 = DIRECTION('',(0.,0.,1.));
#18041 = DIRECTION('',(1.,0.,-0.));
#18042 = ADVANCED_FACE('',(#18043),#18054,.T.);
#18043 = FACE_BOUND('',#18044,.T.);
#18044 = EDGE_LOOP('',(#18045,#18046,#18047,#18053));
#18045 = ORIENTED_EDGE('',*,*,#4562,.F.);
#18046 = ORIENTED_EDGE('',*,*,#18000,.T.);
#18047 = ORIENTED_EDGE('',*,*,#18048,.T.);
#18048 = EDGE_CURVE('',#18001,#18025,#18049,.T.);
#18049 = LINE('',#18050,#18051);
#18050 = CARTESIAN_POINT('',(80.73,1.26,0.5));
#18051 = VECTOR('',#18052,1.);
#18052 = DIRECTION('',(0.,0.,1.));
#18053 = ORIENTED_EDGE('',*,*,#18024,.F.);
#18054 = PLANE('',#18055);
#18055 = AXIS2_PLACEMENT_3D('',#18056,#18057,#18058);
#18056 = CARTESIAN_POINT('',(80.73,1.2,0.5));
#18057 = DIRECTION('',(1.,0.,-0.));
#18058 = DIRECTION('',(0.,0.,1.));
#18059 = ADVANCED_FACE('',(#18060),#18085,.F.);
#18060 = FACE_BOUND('',#18061,.F.);
#18061 = EDGE_LOOP('',(#18062,#18063,#18071,#18079));
#18062 = ORIENTED_EDGE('',*,*,#4578,.F.);
#18063 = ORIENTED_EDGE('',*,*,#18064,.T.);
#18064 = EDGE_CURVE('',#4579,#18065,#18067,.T.);
#18065 = VERTEX_POINT('',#18066);
#18066 = CARTESIAN_POINT('',(81.4,1.26,0.5));
#18067 = LINE('',#18068,#18069);
#18068 = CARTESIAN_POINT('',(81.4,1.2,0.5));
#18069 = VECTOR('',#18070,1.);
#18070 = DIRECTION('',(-0.,1.,0.));
#18071 = ORIENTED_EDGE('',*,*,#18072,.T.);
#18072 = EDGE_CURVE('',#18065,#18073,#18075,.T.);
#18073 = VERTEX_POINT('',#18074);
#18074 = CARTESIAN_POINT('',(81.4,1.26,3.9));
#18075 = LINE('',#18076,#18077);
#18076 = CARTESIAN_POINT('',(81.4,1.26,0.5));
#18077 = VECTOR('',#18078,1.);
#18078 = DIRECTION('',(0.,0.,1.));
#18079 = ORIENTED_EDGE('',*,*,#18080,.F.);
#18080 = EDGE_CURVE('',#4581,#18073,#18081,.T.);
#18081 = LINE('',#18082,#18083);
#18082 = CARTESIAN_POINT('',(81.4,1.2,3.9));
#18083 = VECTOR('',#18084,1.);
#18084 = DIRECTION('',(-0.,1.,0.));
#18085 = PLANE('',#18086);
#18086 = AXIS2_PLACEMENT_3D('',#18087,#18088,#18089);
#18087 = CARTESIAN_POINT('',(81.4,1.2,0.5));
#18088 = DIRECTION('',(1.,0.,-0.));
#18089 = DIRECTION('',(0.,0.,1.));
#18090 = ADVANCED_FACE('',(#18091),#18109,.F.);
#18091 = FACE_BOUND('',#18092,.F.);
#18092 = EDGE_LOOP('',(#18093,#18094,#18095,#18103));
#18093 = ORIENTED_EDGE('',*,*,#18064,.F.);
#18094 = ORIENTED_EDGE('',*,*,#4588,.T.);
#18095 = ORIENTED_EDGE('',*,*,#18096,.T.);
#18096 = EDGE_CURVE('',#4589,#18097,#18099,.T.);
#18097 = VERTEX_POINT('',#18098);
#18098 = CARTESIAN_POINT('',(82.45,1.26,0.5));
#18099 = LINE('',#18100,#18101);
#18100 = CARTESIAN_POINT('',(82.45,1.2,0.5));
#18101 = VECTOR('',#18102,1.);
#18102 = DIRECTION('',(-0.,1.,0.));
#18103 = ORIENTED_EDGE('',*,*,#18104,.F.);
#18104 = EDGE_CURVE('',#18065,#18097,#18105,.T.);
#18105 = LINE('',#18106,#18107);
#18106 = CARTESIAN_POINT('',(81.4,1.26,0.5));
#18107 = VECTOR('',#18108,1.);
#18108 = DIRECTION('',(1.,0.,-0.));
#18109 = PLANE('',#18110);
#18110 = AXIS2_PLACEMENT_3D('',#18111,#18112,#18113);
#18111 = CARTESIAN_POINT('',(81.4,1.2,0.5));
#18112 = DIRECTION('',(0.,0.,1.));
#18113 = DIRECTION('',(1.,0.,-0.));
#18114 = ADVANCED_FACE('',(#18115),#18133,.T.);
#18115 = FACE_BOUND('',#18116,.T.);
#18116 = EDGE_LOOP('',(#18117,#18118,#18119,#18127));
#18117 = ORIENTED_EDGE('',*,*,#18080,.F.);
#18118 = ORIENTED_EDGE('',*,*,#4604,.T.);
#18119 = ORIENTED_EDGE('',*,*,#18120,.T.);
#18120 = EDGE_CURVE('',#4597,#18121,#18123,.T.);
#18121 = VERTEX_POINT('',#18122);
#18122 = CARTESIAN_POINT('',(82.45,1.26,3.9));
#18123 = LINE('',#18124,#18125);
#18124 = CARTESIAN_POINT('',(82.45,1.2,3.9));
#18125 = VECTOR('',#18126,1.);
#18126 = DIRECTION('',(-0.,1.,0.));
#18127 = ORIENTED_EDGE('',*,*,#18128,.F.);
#18128 = EDGE_CURVE('',#18073,#18121,#18129,.T.);
#18129 = LINE('',#18130,#18131);
#18130 = CARTESIAN_POINT('',(81.4,1.26,3.9));
#18131 = VECTOR('',#18132,1.);
#18132 = DIRECTION('',(1.,0.,-0.));
#18133 = PLANE('',#18134);
#18134 = AXIS2_PLACEMENT_3D('',#18135,#18136,#18137);
#18135 = CARTESIAN_POINT('',(81.4,1.2,3.9));
#18136 = DIRECTION('',(0.,0.,1.));
#18137 = DIRECTION('',(1.,0.,-0.));
#18138 = ADVANCED_FACE('',(#18139),#18150,.T.);
#18139 = FACE_BOUND('',#18140,.T.);
#18140 = EDGE_LOOP('',(#18141,#18142,#18143,#18149));
#18141 = ORIENTED_EDGE('',*,*,#4596,.F.);
#18142 = ORIENTED_EDGE('',*,*,#18096,.T.);
#18143 = ORIENTED_EDGE('',*,*,#18144,.T.);
#18144 = EDGE_CURVE('',#18097,#18121,#18145,.T.);
#18145 = LINE('',#18146,#18147);
#18146 = CARTESIAN_POINT('',(82.45,1.26,0.5));
#18147 = VECTOR('',#18148,1.);
#18148 = DIRECTION('',(0.,0.,1.));
#18149 = ORIENTED_EDGE('',*,*,#18120,.F.);
#18150 = PLANE('',#18151);
#18151 = AXIS2_PLACEMENT_3D('',#18152,#18153,#18154);
#18152 = CARTESIAN_POINT('',(82.45,1.2,0.5));
#18153 = DIRECTION('',(1.,0.,-0.));
#18154 = DIRECTION('',(0.,0.,1.));
#18155 = ADVANCED_FACE('',(#18156),#18181,.F.);
#18156 = FACE_BOUND('',#18157,.F.);
#18157 = EDGE_LOOP('',(#18158,#18159,#18167,#18175));
#18158 = ORIENTED_EDGE('',*,*,#4612,.F.);
#18159 = ORIENTED_EDGE('',*,*,#18160,.T.);
#18160 = EDGE_CURVE('',#4613,#18161,#18163,.T.);
#18161 = VERTEX_POINT('',#18162);
#18162 = CARTESIAN_POINT('',(83.12,1.26,0.5));
#18163 = LINE('',#18164,#18165);
#18164 = CARTESIAN_POINT('',(83.12,1.2,0.5));
#18165 = VECTOR('',#18166,1.);
#18166 = DIRECTION('',(-0.,1.,0.));
#18167 = ORIENTED_EDGE('',*,*,#18168,.T.);
#18168 = EDGE_CURVE('',#18161,#18169,#18171,.T.);
#18169 = VERTEX_POINT('',#18170);
#18170 = CARTESIAN_POINT('',(83.12,1.26,3.9));
#18171 = LINE('',#18172,#18173);
#18172 = CARTESIAN_POINT('',(83.12,1.26,0.5));
#18173 = VECTOR('',#18174,1.);
#18174 = DIRECTION('',(0.,0.,1.));
#18175 = ORIENTED_EDGE('',*,*,#18176,.F.);
#18176 = EDGE_CURVE('',#4615,#18169,#18177,.T.);
#18177 = LINE('',#18178,#18179);
#18178 = CARTESIAN_POINT('',(83.12,1.2,3.9));
#18179 = VECTOR('',#18180,1.);
#18180 = DIRECTION('',(-0.,1.,0.));
#18181 = PLANE('',#18182);
#18182 = AXIS2_PLACEMENT_3D('',#18183,#18184,#18185);
#18183 = CARTESIAN_POINT('',(83.12,1.2,0.5));
#18184 = DIRECTION('',(1.,0.,-0.));
#18185 = DIRECTION('',(0.,0.,1.));
#18186 = ADVANCED_FACE('',(#18187),#18205,.F.);
#18187 = FACE_BOUND('',#18188,.F.);
#18188 = EDGE_LOOP('',(#18189,#18190,#18191,#18199));
#18189 = ORIENTED_EDGE('',*,*,#18160,.F.);
#18190 = ORIENTED_EDGE('',*,*,#4622,.T.);
#18191 = ORIENTED_EDGE('',*,*,#18192,.T.);
#18192 = EDGE_CURVE('',#4623,#18193,#18195,.T.);
#18193 = VERTEX_POINT('',#18194);
#18194 = CARTESIAN_POINT('',(84.17,1.26,0.5));
#18195 = LINE('',#18196,#18197);
#18196 = CARTESIAN_POINT('',(84.17,1.2,0.5));
#18197 = VECTOR('',#18198,1.);
#18198 = DIRECTION('',(-0.,1.,0.));
#18199 = ORIENTED_EDGE('',*,*,#18200,.F.);
#18200 = EDGE_CURVE('',#18161,#18193,#18201,.T.);
#18201 = LINE('',#18202,#18203);
#18202 = CARTESIAN_POINT('',(83.12,1.26,0.5));
#18203 = VECTOR('',#18204,1.);
#18204 = DIRECTION('',(1.,0.,-0.));
#18205 = PLANE('',#18206);
#18206 = AXIS2_PLACEMENT_3D('',#18207,#18208,#18209);
#18207 = CARTESIAN_POINT('',(83.12,1.2,0.5));
#18208 = DIRECTION('',(0.,0.,1.));
#18209 = DIRECTION('',(1.,0.,-0.));
#18210 = ADVANCED_FACE('',(#18211),#18229,.T.);
#18211 = FACE_BOUND('',#18212,.T.);
#18212 = EDGE_LOOP('',(#18213,#18214,#18215,#18223));
#18213 = ORIENTED_EDGE('',*,*,#18176,.F.);
#18214 = ORIENTED_EDGE('',*,*,#4638,.T.);
#18215 = ORIENTED_EDGE('',*,*,#18216,.T.);
#18216 = EDGE_CURVE('',#4631,#18217,#18219,.T.);
#18217 = VERTEX_POINT('',#18218);
#18218 = CARTESIAN_POINT('',(84.17,1.26,3.9));
#18219 = LINE('',#18220,#18221);
#18220 = CARTESIAN_POINT('',(84.17,1.2,3.9));
#18221 = VECTOR('',#18222,1.);
#18222 = DIRECTION('',(-0.,1.,0.));
#18223 = ORIENTED_EDGE('',*,*,#18224,.F.);
#18224 = EDGE_CURVE('',#18169,#18217,#18225,.T.);
#18225 = LINE('',#18226,#18227);
#18226 = CARTESIAN_POINT('',(83.12,1.26,3.9));
#18227 = VECTOR('',#18228,1.);
#18228 = DIRECTION('',(1.,0.,-0.));
#18229 = PLANE('',#18230);
#18230 = AXIS2_PLACEMENT_3D('',#18231,#18232,#18233);
#18231 = CARTESIAN_POINT('',(83.12,1.2,3.9));
#18232 = DIRECTION('',(0.,0.,1.));
#18233 = DIRECTION('',(1.,0.,-0.));
#18234 = ADVANCED_FACE('',(#18235),#18246,.T.);
#18235 = FACE_BOUND('',#18236,.T.);
#18236 = EDGE_LOOP('',(#18237,#18238,#18239,#18245));
#18237 = ORIENTED_EDGE('',*,*,#4630,.F.);
#18238 = ORIENTED_EDGE('',*,*,#18192,.T.);
#18239 = ORIENTED_EDGE('',*,*,#18240,.T.);
#18240 = EDGE_CURVE('',#18193,#18217,#18241,.T.);
#18241 = LINE('',#18242,#18243);
#18242 = CARTESIAN_POINT('',(84.17,1.26,0.5));
#18243 = VECTOR('',#18244,1.);
#18244 = DIRECTION('',(0.,0.,1.));
#18245 = ORIENTED_EDGE('',*,*,#18216,.F.);
#18246 = PLANE('',#18247);
#18247 = AXIS2_PLACEMENT_3D('',#18248,#18249,#18250);
#18248 = CARTESIAN_POINT('',(84.17,1.2,0.5));
#18249 = DIRECTION('',(1.,0.,-0.));
#18250 = DIRECTION('',(0.,0.,1.));
#18251 = ADVANCED_FACE('',(#18252),#18277,.F.);
#18252 = FACE_BOUND('',#18253,.F.);
#18253 = EDGE_LOOP('',(#18254,#18255,#18263,#18271));
#18254 = ORIENTED_EDGE('',*,*,#4646,.F.);
#18255 = ORIENTED_EDGE('',*,*,#18256,.T.);
#18256 = EDGE_CURVE('',#4647,#18257,#18259,.T.);
#18257 = VERTEX_POINT('',#18258);
#18258 = CARTESIAN_POINT('',(84.84,1.26,0.5));
#18259 = LINE('',#18260,#18261);
#18260 = CARTESIAN_POINT('',(84.84,1.2,0.5));
#18261 = VECTOR('',#18262,1.);
#18262 = DIRECTION('',(-0.,1.,0.));
#18263 = ORIENTED_EDGE('',*,*,#18264,.T.);
#18264 = EDGE_CURVE('',#18257,#18265,#18267,.T.);
#18265 = VERTEX_POINT('',#18266);
#18266 = CARTESIAN_POINT('',(84.84,1.26,3.9));
#18267 = LINE('',#18268,#18269);
#18268 = CARTESIAN_POINT('',(84.84,1.26,0.5));
#18269 = VECTOR('',#18270,1.);
#18270 = DIRECTION('',(0.,0.,1.));
#18271 = ORIENTED_EDGE('',*,*,#18272,.F.);
#18272 = EDGE_CURVE('',#4649,#18265,#18273,.T.);
#18273 = LINE('',#18274,#18275);
#18274 = CARTESIAN_POINT('',(84.84,1.2,3.9));
#18275 = VECTOR('',#18276,1.);
#18276 = DIRECTION('',(-0.,1.,0.));
#18277 = PLANE('',#18278);
#18278 = AXIS2_PLACEMENT_3D('',#18279,#18280,#18281);
#18279 = CARTESIAN_POINT('',(84.84,1.2,0.5));
#18280 = DIRECTION('',(1.,0.,-0.));
#18281 = DIRECTION('',(0.,0.,1.));
#18282 = ADVANCED_FACE('',(#18283),#18301,.F.);
#18283 = FACE_BOUND('',#18284,.F.);
#18284 = EDGE_LOOP('',(#18285,#18286,#18287,#18295));
#18285 = ORIENTED_EDGE('',*,*,#18256,.F.);
#18286 = ORIENTED_EDGE('',*,*,#4656,.T.);
#18287 = ORIENTED_EDGE('',*,*,#18288,.T.);
#18288 = EDGE_CURVE('',#4657,#18289,#18291,.T.);
#18289 = VERTEX_POINT('',#18290);
#18290 = CARTESIAN_POINT('',(85.89,1.26,0.5));
#18291 = LINE('',#18292,#18293);
#18292 = CARTESIAN_POINT('',(85.89,1.2,0.5));
#18293 = VECTOR('',#18294,1.);
#18294 = DIRECTION('',(-0.,1.,0.));
#18295 = ORIENTED_EDGE('',*,*,#18296,.F.);
#18296 = EDGE_CURVE('',#18257,#18289,#18297,.T.);
#18297 = LINE('',#18298,#18299);
#18298 = CARTESIAN_POINT('',(84.84,1.26,0.5));
#18299 = VECTOR('',#18300,1.);
#18300 = DIRECTION('',(1.,0.,-0.));
#18301 = PLANE('',#18302);
#18302 = AXIS2_PLACEMENT_3D('',#18303,#18304,#18305);
#18303 = CARTESIAN_POINT('',(84.84,1.2,0.5));
#18304 = DIRECTION('',(0.,0.,1.));
#18305 = DIRECTION('',(1.,0.,-0.));
#18306 = ADVANCED_FACE('',(#18307),#18325,.T.);
#18307 = FACE_BOUND('',#18308,.T.);
#18308 = EDGE_LOOP('',(#18309,#18310,#18311,#18319));
#18309 = ORIENTED_EDGE('',*,*,#18272,.F.);
#18310 = ORIENTED_EDGE('',*,*,#4672,.T.);
#18311 = ORIENTED_EDGE('',*,*,#18312,.T.);
#18312 = EDGE_CURVE('',#4665,#18313,#18315,.T.);
#18313 = VERTEX_POINT('',#18314);
#18314 = CARTESIAN_POINT('',(85.89,1.26,3.9));
#18315 = LINE('',#18316,#18317);
#18316 = CARTESIAN_POINT('',(85.89,1.2,3.9));
#18317 = VECTOR('',#18318,1.);
#18318 = DIRECTION('',(-0.,1.,0.));
#18319 = ORIENTED_EDGE('',*,*,#18320,.F.);
#18320 = EDGE_CURVE('',#18265,#18313,#18321,.T.);
#18321 = LINE('',#18322,#18323);
#18322 = CARTESIAN_POINT('',(84.84,1.26,3.9));
#18323 = VECTOR('',#18324,1.);
#18324 = DIRECTION('',(1.,0.,-0.));
#18325 = PLANE('',#18326);
#18326 = AXIS2_PLACEMENT_3D('',#18327,#18328,#18329);
#18327 = CARTESIAN_POINT('',(84.84,1.2,3.9));
#18328 = DIRECTION('',(0.,0.,1.));
#18329 = DIRECTION('',(1.,0.,-0.));
#18330 = ADVANCED_FACE('',(#18331),#18342,.T.);
#18331 = FACE_BOUND('',#18332,.T.);
#18332 = EDGE_LOOP('',(#18333,#18334,#18335,#18341));
#18333 = ORIENTED_EDGE('',*,*,#4664,.F.);
#18334 = ORIENTED_EDGE('',*,*,#18288,.T.);
#18335 = ORIENTED_EDGE('',*,*,#18336,.T.);
#18336 = EDGE_CURVE('',#18289,#18313,#18337,.T.);
#18337 = LINE('',#18338,#18339);
#18338 = CARTESIAN_POINT('',(85.89,1.26,0.5));
#18339 = VECTOR('',#18340,1.);
#18340 = DIRECTION('',(0.,0.,1.));
#18341 = ORIENTED_EDGE('',*,*,#18312,.F.);
#18342 = PLANE('',#18343);
#18343 = AXIS2_PLACEMENT_3D('',#18344,#18345,#18346);
#18344 = CARTESIAN_POINT('',(85.89,1.2,0.5));
#18345 = DIRECTION('',(1.,0.,-0.));
#18346 = DIRECTION('',(0.,0.,1.));
#18347 = ADVANCED_FACE('',(#18348),#18373,.F.);
#18348 = FACE_BOUND('',#18349,.F.);
#18349 = EDGE_LOOP('',(#18350,#18351,#18359,#18367));
#18350 = ORIENTED_EDGE('',*,*,#4680,.F.);
#18351 = ORIENTED_EDGE('',*,*,#18352,.T.);
#18352 = EDGE_CURVE('',#4681,#18353,#18355,.T.);
#18353 = VERTEX_POINT('',#18354);
#18354 = CARTESIAN_POINT('',(86.56,1.26,0.5));
#18355 = LINE('',#18356,#18357);
#18356 = CARTESIAN_POINT('',(86.56,1.2,0.5));
#18357 = VECTOR('',#18358,1.);
#18358 = DIRECTION('',(-0.,1.,0.));
#18359 = ORIENTED_EDGE('',*,*,#18360,.T.);
#18360 = EDGE_CURVE('',#18353,#18361,#18363,.T.);
#18361 = VERTEX_POINT('',#18362);
#18362 = CARTESIAN_POINT('',(86.56,1.26,3.9));
#18363 = LINE('',#18364,#18365);
#18364 = CARTESIAN_POINT('',(86.56,1.26,0.5));
#18365 = VECTOR('',#18366,1.);
#18366 = DIRECTION('',(0.,0.,1.));
#18367 = ORIENTED_EDGE('',*,*,#18368,.F.);
#18368 = EDGE_CURVE('',#4683,#18361,#18369,.T.);
#18369 = LINE('',#18370,#18371);
#18370 = CARTESIAN_POINT('',(86.56,1.2,3.9));
#18371 = VECTOR('',#18372,1.);
#18372 = DIRECTION('',(-0.,1.,0.));
#18373 = PLANE('',#18374);
#18374 = AXIS2_PLACEMENT_3D('',#18375,#18376,#18377);
#18375 = CARTESIAN_POINT('',(86.56,1.2,0.5));
#18376 = DIRECTION('',(1.,0.,-0.));
#18377 = DIRECTION('',(0.,0.,1.));
#18378 = ADVANCED_FACE('',(#18379),#18397,.F.);
#18379 = FACE_BOUND('',#18380,.F.);
#18380 = EDGE_LOOP('',(#18381,#18382,#18383,#18391));
#18381 = ORIENTED_EDGE('',*,*,#18352,.F.);
#18382 = ORIENTED_EDGE('',*,*,#4690,.T.);
#18383 = ORIENTED_EDGE('',*,*,#18384,.T.);
#18384 = EDGE_CURVE('',#4691,#18385,#18387,.T.);
#18385 = VERTEX_POINT('',#18386);
#18386 = CARTESIAN_POINT('',(87.61,1.26,0.5));
#18387 = LINE('',#18388,#18389);
#18388 = CARTESIAN_POINT('',(87.61,1.2,0.5));
#18389 = VECTOR('',#18390,1.);
#18390 = DIRECTION('',(-0.,1.,0.));
#18391 = ORIENTED_EDGE('',*,*,#18392,.F.);
#18392 = EDGE_CURVE('',#18353,#18385,#18393,.T.);
#18393 = LINE('',#18394,#18395);
#18394 = CARTESIAN_POINT('',(86.56,1.26,0.5));
#18395 = VECTOR('',#18396,1.);
#18396 = DIRECTION('',(1.,0.,-0.));
#18397 = PLANE('',#18398);
#18398 = AXIS2_PLACEMENT_3D('',#18399,#18400,#18401);
#18399 = CARTESIAN_POINT('',(86.56,1.2,0.5));
#18400 = DIRECTION('',(0.,0.,1.));
#18401 = DIRECTION('',(1.,0.,-0.));
#18402 = ADVANCED_FACE('',(#18403),#18421,.T.);
#18403 = FACE_BOUND('',#18404,.T.);
#18404 = EDGE_LOOP('',(#18405,#18406,#18407,#18415));
#18405 = ORIENTED_EDGE('',*,*,#18368,.F.);
#18406 = ORIENTED_EDGE('',*,*,#4706,.T.);
#18407 = ORIENTED_EDGE('',*,*,#18408,.T.);
#18408 = EDGE_CURVE('',#4699,#18409,#18411,.T.);
#18409 = VERTEX_POINT('',#18410);
#18410 = CARTESIAN_POINT('',(87.61,1.26,3.9));
#18411 = LINE('',#18412,#18413);
#18412 = CARTESIAN_POINT('',(87.61,1.2,3.9));
#18413 = VECTOR('',#18414,1.);
#18414 = DIRECTION('',(-0.,1.,0.));
#18415 = ORIENTED_EDGE('',*,*,#18416,.F.);
#18416 = EDGE_CURVE('',#18361,#18409,#18417,.T.);
#18417 = LINE('',#18418,#18419);
#18418 = CARTESIAN_POINT('',(86.56,1.26,3.9));
#18419 = VECTOR('',#18420,1.);
#18420 = DIRECTION('',(1.,0.,-0.));
#18421 = PLANE('',#18422);
#18422 = AXIS2_PLACEMENT_3D('',#18423,#18424,#18425);
#18423 = CARTESIAN_POINT('',(86.56,1.2,3.9));
#18424 = DIRECTION('',(0.,0.,1.));
#18425 = DIRECTION('',(1.,0.,-0.));
#18426 = ADVANCED_FACE('',(#18427),#18438,.T.);
#18427 = FACE_BOUND('',#18428,.T.);
#18428 = EDGE_LOOP('',(#18429,#18430,#18431,#18437));
#18429 = ORIENTED_EDGE('',*,*,#4698,.F.);
#18430 = ORIENTED_EDGE('',*,*,#18384,.T.);
#18431 = ORIENTED_EDGE('',*,*,#18432,.T.);
#18432 = EDGE_CURVE('',#18385,#18409,#18433,.T.);
#18433 = LINE('',#18434,#18435);
#18434 = CARTESIAN_POINT('',(87.61,1.26,0.5));
#18435 = VECTOR('',#18436,1.);
#18436 = DIRECTION('',(0.,0.,1.));
#18437 = ORIENTED_EDGE('',*,*,#18408,.F.);
#18438 = PLANE('',#18439);
#18439 = AXIS2_PLACEMENT_3D('',#18440,#18441,#18442);
#18440 = CARTESIAN_POINT('',(87.61,1.2,0.5));
#18441 = DIRECTION('',(1.,0.,-0.));
#18442 = DIRECTION('',(0.,0.,1.));
#18443 = ADVANCED_FACE('',(#18444),#18469,.F.);
#18444 = FACE_BOUND('',#18445,.F.);
#18445 = EDGE_LOOP('',(#18446,#18447,#18455,#18463));
#18446 = ORIENTED_EDGE('',*,*,#4714,.F.);
#18447 = ORIENTED_EDGE('',*,*,#18448,.T.);
#18448 = EDGE_CURVE('',#4715,#18449,#18451,.T.);
#18449 = VERTEX_POINT('',#18450);
#18450 = CARTESIAN_POINT('',(88.28,1.26,0.5));
#18451 = LINE('',#18452,#18453);
#18452 = CARTESIAN_POINT('',(88.28,1.2,0.5));
#18453 = VECTOR('',#18454,1.);
#18454 = DIRECTION('',(-0.,1.,0.));
#18455 = ORIENTED_EDGE('',*,*,#18456,.T.);
#18456 = EDGE_CURVE('',#18449,#18457,#18459,.T.);
#18457 = VERTEX_POINT('',#18458);
#18458 = CARTESIAN_POINT('',(88.28,1.26,3.9));
#18459 = LINE('',#18460,#18461);
#18460 = CARTESIAN_POINT('',(88.28,1.26,0.5));
#18461 = VECTOR('',#18462,1.);
#18462 = DIRECTION('',(0.,0.,1.));
#18463 = ORIENTED_EDGE('',*,*,#18464,.F.);
#18464 = EDGE_CURVE('',#4717,#18457,#18465,.T.);
#18465 = LINE('',#18466,#18467);
#18466 = CARTESIAN_POINT('',(88.28,1.2,3.9));
#18467 = VECTOR('',#18468,1.);
#18468 = DIRECTION('',(-0.,1.,0.));
#18469 = PLANE('',#18470);
#18470 = AXIS2_PLACEMENT_3D('',#18471,#18472,#18473);
#18471 = CARTESIAN_POINT('',(88.28,1.2,0.5));
#18472 = DIRECTION('',(1.,0.,-0.));
#18473 = DIRECTION('',(0.,0.,1.));
#18474 = ADVANCED_FACE('',(#18475),#18493,.F.);
#18475 = FACE_BOUND('',#18476,.F.);
#18476 = EDGE_LOOP('',(#18477,#18478,#18479,#18487));
#18477 = ORIENTED_EDGE('',*,*,#18448,.F.);
#18478 = ORIENTED_EDGE('',*,*,#4724,.T.);
#18479 = ORIENTED_EDGE('',*,*,#18480,.T.);
#18480 = EDGE_CURVE('',#4725,#18481,#18483,.T.);
#18481 = VERTEX_POINT('',#18482);
#18482 = CARTESIAN_POINT('',(89.33,1.26,0.5));
#18483 = LINE('',#18484,#18485);
#18484 = CARTESIAN_POINT('',(89.33,1.2,0.5));
#18485 = VECTOR('',#18486,1.);
#18486 = DIRECTION('',(-0.,1.,0.));
#18487 = ORIENTED_EDGE('',*,*,#18488,.F.);
#18488 = EDGE_CURVE('',#18449,#18481,#18489,.T.);
#18489 = LINE('',#18490,#18491);
#18490 = CARTESIAN_POINT('',(88.28,1.26,0.5));
#18491 = VECTOR('',#18492,1.);
#18492 = DIRECTION('',(1.,0.,-0.));
#18493 = PLANE('',#18494);
#18494 = AXIS2_PLACEMENT_3D('',#18495,#18496,#18497);
#18495 = CARTESIAN_POINT('',(88.28,1.2,0.5));
#18496 = DIRECTION('',(0.,0.,1.));
#18497 = DIRECTION('',(1.,0.,-0.));
#18498 = ADVANCED_FACE('',(#18499),#18517,.T.);
#18499 = FACE_BOUND('',#18500,.T.);
#18500 = EDGE_LOOP('',(#18501,#18502,#18503,#18511));
#18501 = ORIENTED_EDGE('',*,*,#18464,.F.);
#18502 = ORIENTED_EDGE('',*,*,#4740,.T.);
#18503 = ORIENTED_EDGE('',*,*,#18504,.T.);
#18504 = EDGE_CURVE('',#4733,#18505,#18507,.T.);
#18505 = VERTEX_POINT('',#18506);
#18506 = CARTESIAN_POINT('',(89.33,1.26,3.9));
#18507 = LINE('',#18508,#18509);
#18508 = CARTESIAN_POINT('',(89.33,1.2,3.9));
#18509 = VECTOR('',#18510,1.);
#18510 = DIRECTION('',(-0.,1.,0.));
#18511 = ORIENTED_EDGE('',*,*,#18512,.F.);
#18512 = EDGE_CURVE('',#18457,#18505,#18513,.T.);
#18513 = LINE('',#18514,#18515);
#18514 = CARTESIAN_POINT('',(88.28,1.26,3.9));
#18515 = VECTOR('',#18516,1.);
#18516 = DIRECTION('',(1.,0.,-0.));
#18517 = PLANE('',#18518);
#18518 = AXIS2_PLACEMENT_3D('',#18519,#18520,#18521);
#18519 = CARTESIAN_POINT('',(88.28,1.2,3.9));
#18520 = DIRECTION('',(0.,0.,1.));
#18521 = DIRECTION('',(1.,0.,-0.));
#18522 = ADVANCED_FACE('',(#18523),#18534,.T.);
#18523 = FACE_BOUND('',#18524,.T.);
#18524 = EDGE_LOOP('',(#18525,#18526,#18527,#18533));
#18525 = ORIENTED_EDGE('',*,*,#4732,.F.);
#18526 = ORIENTED_EDGE('',*,*,#18480,.T.);
#18527 = ORIENTED_EDGE('',*,*,#18528,.T.);
#18528 = EDGE_CURVE('',#18481,#18505,#18529,.T.);
#18529 = LINE('',#18530,#18531);
#18530 = CARTESIAN_POINT('',(89.33,1.26,0.5));
#18531 = VECTOR('',#18532,1.);
#18532 = DIRECTION('',(0.,0.,1.));
#18533 = ORIENTED_EDGE('',*,*,#18504,.F.);
#18534 = PLANE('',#18535);
#18535 = AXIS2_PLACEMENT_3D('',#18536,#18537,#18538);
#18536 = CARTESIAN_POINT('',(89.33,1.2,0.5));
#18537 = DIRECTION('',(1.,0.,-0.));
#18538 = DIRECTION('',(0.,0.,1.));
#18539 = ADVANCED_FACE('',(#18540),#18565,.F.);
#18540 = FACE_BOUND('',#18541,.F.);
#18541 = EDGE_LOOP('',(#18542,#18543,#18551,#18559));
#18542 = ORIENTED_EDGE('',*,*,#4748,.F.);
#18543 = ORIENTED_EDGE('',*,*,#18544,.T.);
#18544 = EDGE_CURVE('',#4749,#18545,#18547,.T.);
#18545 = VERTEX_POINT('',#18546);
#18546 = CARTESIAN_POINT('',(90.,1.26,0.5));
#18547 = LINE('',#18548,#18549);
#18548 = CARTESIAN_POINT('',(90.,1.2,0.5));
#18549 = VECTOR('',#18550,1.);
#18550 = DIRECTION('',(-0.,1.,0.));
#18551 = ORIENTED_EDGE('',*,*,#18552,.T.);
#18552 = EDGE_CURVE('',#18545,#18553,#18555,.T.);
#18553 = VERTEX_POINT('',#18554);
#18554 = CARTESIAN_POINT('',(90.,1.26,3.9));
#18555 = LINE('',#18556,#18557);
#18556 = CARTESIAN_POINT('',(90.,1.26,0.5));
#18557 = VECTOR('',#18558,1.);
#18558 = DIRECTION('',(0.,0.,1.));
#18559 = ORIENTED_EDGE('',*,*,#18560,.F.);
#18560 = EDGE_CURVE('',#4751,#18553,#18561,.T.);
#18561 = LINE('',#18562,#18563);
#18562 = CARTESIAN_POINT('',(90.,1.2,3.9));
#18563 = VECTOR('',#18564,1.);
#18564 = DIRECTION('',(-0.,1.,0.));
#18565 = PLANE('',#18566);
#18566 = AXIS2_PLACEMENT_3D('',#18567,#18568,#18569);
#18567 = CARTESIAN_POINT('',(90.,1.2,0.5));
#18568 = DIRECTION('',(1.,0.,-0.));
#18569 = DIRECTION('',(0.,0.,1.));
#18570 = ADVANCED_FACE('',(#18571),#18589,.F.);
#18571 = FACE_BOUND('',#18572,.F.);
#18572 = EDGE_LOOP('',(#18573,#18574,#18575,#18583));
#18573 = ORIENTED_EDGE('',*,*,#18544,.F.);
#18574 = ORIENTED_EDGE('',*,*,#4758,.T.);
#18575 = ORIENTED_EDGE('',*,*,#18576,.T.);
#18576 = EDGE_CURVE('',#4759,#18577,#18579,.T.);
#18577 = VERTEX_POINT('',#18578);
#18578 = CARTESIAN_POINT('',(91.05,1.26,0.5));
#18579 = LINE('',#18580,#18581);
#18580 = CARTESIAN_POINT('',(91.05,1.2,0.5));
#18581 = VECTOR('',#18582,1.);
#18582 = DIRECTION('',(-0.,1.,0.));
#18583 = ORIENTED_EDGE('',*,*,#18584,.F.);
#18584 = EDGE_CURVE('',#18545,#18577,#18585,.T.);
#18585 = LINE('',#18586,#18587);
#18586 = CARTESIAN_POINT('',(90.,1.26,0.5));
#18587 = VECTOR('',#18588,1.);
#18588 = DIRECTION('',(1.,0.,-0.));
#18589 = PLANE('',#18590);
#18590 = AXIS2_PLACEMENT_3D('',#18591,#18592,#18593);
#18591 = CARTESIAN_POINT('',(90.,1.2,0.5));
#18592 = DIRECTION('',(0.,0.,1.));
#18593 = DIRECTION('',(1.,0.,-0.));
#18594 = ADVANCED_FACE('',(#18595),#18613,.T.);
#18595 = FACE_BOUND('',#18596,.T.);
#18596 = EDGE_LOOP('',(#18597,#18598,#18599,#18607));
#18597 = ORIENTED_EDGE('',*,*,#18560,.F.);
#18598 = ORIENTED_EDGE('',*,*,#4774,.T.);
#18599 = ORIENTED_EDGE('',*,*,#18600,.T.);
#18600 = EDGE_CURVE('',#4767,#18601,#18603,.T.);
#18601 = VERTEX_POINT('',#18602);
#18602 = CARTESIAN_POINT('',(91.05,1.26,3.9));
#18603 = LINE('',#18604,#18605);
#18604 = CARTESIAN_POINT('',(91.05,1.2,3.9));
#18605 = VECTOR('',#18606,1.);
#18606 = DIRECTION('',(-0.,1.,0.));
#18607 = ORIENTED_EDGE('',*,*,#18608,.F.);
#18608 = EDGE_CURVE('',#18553,#18601,#18609,.T.);
#18609 = LINE('',#18610,#18611);
#18610 = CARTESIAN_POINT('',(90.,1.26,3.9));
#18611 = VECTOR('',#18612,1.);
#18612 = DIRECTION('',(1.,0.,-0.));
#18613 = PLANE('',#18614);
#18614 = AXIS2_PLACEMENT_3D('',#18615,#18616,#18617);
#18615 = CARTESIAN_POINT('',(90.,1.2,3.9));
#18616 = DIRECTION('',(0.,0.,1.));
#18617 = DIRECTION('',(1.,0.,-0.));
#18618 = ADVANCED_FACE('',(#18619),#18630,.T.);
#18619 = FACE_BOUND('',#18620,.T.);
#18620 = EDGE_LOOP('',(#18621,#18622,#18623,#18629));
#18621 = ORIENTED_EDGE('',*,*,#4766,.F.);
#18622 = ORIENTED_EDGE('',*,*,#18576,.T.);
#18623 = ORIENTED_EDGE('',*,*,#18624,.T.);
#18624 = EDGE_CURVE('',#18577,#18601,#18625,.T.);
#18625 = LINE('',#18626,#18627);
#18626 = CARTESIAN_POINT('',(91.05,1.26,0.5));
#18627 = VECTOR('',#18628,1.);
#18628 = DIRECTION('',(0.,0.,1.));
#18629 = ORIENTED_EDGE('',*,*,#18600,.F.);
#18630 = PLANE('',#18631);
#18631 = AXIS2_PLACEMENT_3D('',#18632,#18633,#18634);
#18632 = CARTESIAN_POINT('',(91.05,1.2,0.5));
#18633 = DIRECTION('',(1.,0.,-0.));
#18634 = DIRECTION('',(0.,0.,1.));
#18635 = ADVANCED_FACE('',(#18636),#18661,.F.);
#18636 = FACE_BOUND('',#18637,.F.);
#18637 = EDGE_LOOP('',(#18638,#18639,#18647,#18655));
#18638 = ORIENTED_EDGE('',*,*,#4782,.F.);
#18639 = ORIENTED_EDGE('',*,*,#18640,.T.);
#18640 = EDGE_CURVE('',#4783,#18641,#18643,.T.);
#18641 = VERTEX_POINT('',#18642);
#18642 = CARTESIAN_POINT('',(91.72,1.26,0.5));
#18643 = LINE('',#18644,#18645);
#18644 = CARTESIAN_POINT('',(91.72,1.2,0.5));
#18645 = VECTOR('',#18646,1.);
#18646 = DIRECTION('',(-0.,1.,0.));
#18647 = ORIENTED_EDGE('',*,*,#18648,.T.);
#18648 = EDGE_CURVE('',#18641,#18649,#18651,.T.);
#18649 = VERTEX_POINT('',#18650);
#18650 = CARTESIAN_POINT('',(91.72,1.26,3.9));
#18651 = LINE('',#18652,#18653);
#18652 = CARTESIAN_POINT('',(91.72,1.26,0.5));
#18653 = VECTOR('',#18654,1.);
#18654 = DIRECTION('',(0.,0.,1.));
#18655 = ORIENTED_EDGE('',*,*,#18656,.F.);
#18656 = EDGE_CURVE('',#4785,#18649,#18657,.T.);
#18657 = LINE('',#18658,#18659);
#18658 = CARTESIAN_POINT('',(91.72,1.2,3.9));
#18659 = VECTOR('',#18660,1.);
#18660 = DIRECTION('',(-0.,1.,0.));
#18661 = PLANE('',#18662);
#18662 = AXIS2_PLACEMENT_3D('',#18663,#18664,#18665);
#18663 = CARTESIAN_POINT('',(91.72,1.2,0.5));
#18664 = DIRECTION('',(1.,0.,-0.));
#18665 = DIRECTION('',(0.,0.,1.));
#18666 = ADVANCED_FACE('',(#18667),#18685,.F.);
#18667 = FACE_BOUND('',#18668,.F.);
#18668 = EDGE_LOOP('',(#18669,#18670,#18671,#18679));
#18669 = ORIENTED_EDGE('',*,*,#18640,.F.);
#18670 = ORIENTED_EDGE('',*,*,#4792,.T.);
#18671 = ORIENTED_EDGE('',*,*,#18672,.T.);
#18672 = EDGE_CURVE('',#4793,#18673,#18675,.T.);
#18673 = VERTEX_POINT('',#18674);
#18674 = CARTESIAN_POINT('',(92.77,1.26,0.5));
#18675 = LINE('',#18676,#18677);
#18676 = CARTESIAN_POINT('',(92.77,1.2,0.5));
#18677 = VECTOR('',#18678,1.);
#18678 = DIRECTION('',(-0.,1.,0.));
#18679 = ORIENTED_EDGE('',*,*,#18680,.F.);
#18680 = EDGE_CURVE('',#18641,#18673,#18681,.T.);
#18681 = LINE('',#18682,#18683);
#18682 = CARTESIAN_POINT('',(91.72,1.26,0.5));
#18683 = VECTOR('',#18684,1.);
#18684 = DIRECTION('',(1.,0.,-0.));
#18685 = PLANE('',#18686);
#18686 = AXIS2_PLACEMENT_3D('',#18687,#18688,#18689);
#18687 = CARTESIAN_POINT('',(91.72,1.2,0.5));
#18688 = DIRECTION('',(0.,0.,1.));
#18689 = DIRECTION('',(1.,0.,-0.));
#18690 = ADVANCED_FACE('',(#18691),#18709,.T.);
#18691 = FACE_BOUND('',#18692,.T.);
#18692 = EDGE_LOOP('',(#18693,#18694,#18695,#18703));
#18693 = ORIENTED_EDGE('',*,*,#18656,.F.);
#18694 = ORIENTED_EDGE('',*,*,#4808,.T.);
#18695 = ORIENTED_EDGE('',*,*,#18696,.T.);
#18696 = EDGE_CURVE('',#4801,#18697,#18699,.T.);
#18697 = VERTEX_POINT('',#18698);
#18698 = CARTESIAN_POINT('',(92.77,1.26,3.9));
#18699 = LINE('',#18700,#18701);
#18700 = CARTESIAN_POINT('',(92.77,1.2,3.9));
#18701 = VECTOR('',#18702,1.);
#18702 = DIRECTION('',(-0.,1.,0.));
#18703 = ORIENTED_EDGE('',*,*,#18704,.F.);
#18704 = EDGE_CURVE('',#18649,#18697,#18705,.T.);
#18705 = LINE('',#18706,#18707);
#18706 = CARTESIAN_POINT('',(91.72,1.26,3.9));
#18707 = VECTOR('',#18708,1.);
#18708 = DIRECTION('',(1.,0.,-0.));
#18709 = PLANE('',#18710);
#18710 = AXIS2_PLACEMENT_3D('',#18711,#18712,#18713);
#18711 = CARTESIAN_POINT('',(91.72,1.2,3.9));
#18712 = DIRECTION('',(0.,0.,1.));
#18713 = DIRECTION('',(1.,0.,-0.));
#18714 = ADVANCED_FACE('',(#18715),#18726,.T.);
#18715 = FACE_BOUND('',#18716,.T.);
#18716 = EDGE_LOOP('',(#18717,#18718,#18719,#18725));
#18717 = ORIENTED_EDGE('',*,*,#4800,.F.);
#18718 = ORIENTED_EDGE('',*,*,#18672,.T.);
#18719 = ORIENTED_EDGE('',*,*,#18720,.T.);
#18720 = EDGE_CURVE('',#18673,#18697,#18721,.T.);
#18721 = LINE('',#18722,#18723);
#18722 = CARTESIAN_POINT('',(92.77,1.26,0.5));
#18723 = VECTOR('',#18724,1.);
#18724 = DIRECTION('',(0.,0.,1.));
#18725 = ORIENTED_EDGE('',*,*,#18696,.F.);
#18726 = PLANE('',#18727);
#18727 = AXIS2_PLACEMENT_3D('',#18728,#18729,#18730);
#18728 = CARTESIAN_POINT('',(92.77,1.2,0.5));
#18729 = DIRECTION('',(1.,0.,-0.));
#18730 = DIRECTION('',(0.,0.,1.));
#18731 = ADVANCED_FACE('',(#18732),#18757,.F.);
#18732 = FACE_BOUND('',#18733,.F.);
#18733 = EDGE_LOOP('',(#18734,#18735,#18743,#18751));
#18734 = ORIENTED_EDGE('',*,*,#4816,.F.);
#18735 = ORIENTED_EDGE('',*,*,#18736,.T.);
#18736 = EDGE_CURVE('',#4817,#18737,#18739,.T.);
#18737 = VERTEX_POINT('',#18738);
#18738 = CARTESIAN_POINT('',(93.44,1.26,0.5));
#18739 = LINE('',#18740,#18741);
#18740 = CARTESIAN_POINT('',(93.44,1.2,0.5));
#18741 = VECTOR('',#18742,1.);
#18742 = DIRECTION('',(-0.,1.,0.));
#18743 = ORIENTED_EDGE('',*,*,#18744,.T.);
#18744 = EDGE_CURVE('',#18737,#18745,#18747,.T.);
#18745 = VERTEX_POINT('',#18746);
#18746 = CARTESIAN_POINT('',(93.44,1.26,3.9));
#18747 = LINE('',#18748,#18749);
#18748 = CARTESIAN_POINT('',(93.44,1.26,0.5));
#18749 = VECTOR('',#18750,1.);
#18750 = DIRECTION('',(0.,0.,1.));
#18751 = ORIENTED_EDGE('',*,*,#18752,.F.);
#18752 = EDGE_CURVE('',#4819,#18745,#18753,.T.);
#18753 = LINE('',#18754,#18755);
#18754 = CARTESIAN_POINT('',(93.44,1.2,3.9));
#18755 = VECTOR('',#18756,1.);
#18756 = DIRECTION('',(-0.,1.,0.));
#18757 = PLANE('',#18758);
#18758 = AXIS2_PLACEMENT_3D('',#18759,#18760,#18761);
#18759 = CARTESIAN_POINT('',(93.44,1.2,0.5));
#18760 = DIRECTION('',(1.,0.,-0.));
#18761 = DIRECTION('',(0.,0.,1.));
#18762 = ADVANCED_FACE('',(#18763),#18781,.F.);
#18763 = FACE_BOUND('',#18764,.F.);
#18764 = EDGE_LOOP('',(#18765,#18766,#18767,#18775));
#18765 = ORIENTED_EDGE('',*,*,#18736,.F.);
#18766 = ORIENTED_EDGE('',*,*,#4826,.T.);
#18767 = ORIENTED_EDGE('',*,*,#18768,.T.);
#18768 = EDGE_CURVE('',#4827,#18769,#18771,.T.);
#18769 = VERTEX_POINT('',#18770);
#18770 = CARTESIAN_POINT('',(94.49,1.26,0.5));
#18771 = LINE('',#18772,#18773);
#18772 = CARTESIAN_POINT('',(94.49,1.2,0.5));
#18773 = VECTOR('',#18774,1.);
#18774 = DIRECTION('',(-0.,1.,0.));
#18775 = ORIENTED_EDGE('',*,*,#18776,.F.);
#18776 = EDGE_CURVE('',#18737,#18769,#18777,.T.);
#18777 = LINE('',#18778,#18779);
#18778 = CARTESIAN_POINT('',(93.44,1.26,0.5));
#18779 = VECTOR('',#18780,1.);
#18780 = DIRECTION('',(1.,0.,-0.));
#18781 = PLANE('',#18782);
#18782 = AXIS2_PLACEMENT_3D('',#18783,#18784,#18785);
#18783 = CARTESIAN_POINT('',(93.44,1.2,0.5));
#18784 = DIRECTION('',(0.,0.,1.));
#18785 = DIRECTION('',(1.,0.,-0.));
#18786 = ADVANCED_FACE('',(#18787),#18805,.T.);
#18787 = FACE_BOUND('',#18788,.T.);
#18788 = EDGE_LOOP('',(#18789,#18790,#18791,#18799));
#18789 = ORIENTED_EDGE('',*,*,#18752,.F.);
#18790 = ORIENTED_EDGE('',*,*,#4842,.T.);
#18791 = ORIENTED_EDGE('',*,*,#18792,.T.);
#18792 = EDGE_CURVE('',#4835,#18793,#18795,.T.);
#18793 = VERTEX_POINT('',#18794);
#18794 = CARTESIAN_POINT('',(94.49,1.26,3.9));
#18795 = LINE('',#18796,#18797);
#18796 = CARTESIAN_POINT('',(94.49,1.2,3.9));
#18797 = VECTOR('',#18798,1.);
#18798 = DIRECTION('',(-0.,1.,0.));
#18799 = ORIENTED_EDGE('',*,*,#18800,.F.);
#18800 = EDGE_CURVE('',#18745,#18793,#18801,.T.);
#18801 = LINE('',#18802,#18803);
#18802 = CARTESIAN_POINT('',(93.44,1.26,3.9));
#18803 = VECTOR('',#18804,1.);
#18804 = DIRECTION('',(1.,0.,-0.));
#18805 = PLANE('',#18806);
#18806 = AXIS2_PLACEMENT_3D('',#18807,#18808,#18809);
#18807 = CARTESIAN_POINT('',(93.44,1.2,3.9));
#18808 = DIRECTION('',(0.,0.,1.));
#18809 = DIRECTION('',(1.,0.,-0.));
#18810 = ADVANCED_FACE('',(#18811),#18822,.T.);
#18811 = FACE_BOUND('',#18812,.T.);
#18812 = EDGE_LOOP('',(#18813,#18814,#18815,#18821));
#18813 = ORIENTED_EDGE('',*,*,#4834,.F.);
#18814 = ORIENTED_EDGE('',*,*,#18768,.T.);
#18815 = ORIENTED_EDGE('',*,*,#18816,.T.);
#18816 = EDGE_CURVE('',#18769,#18793,#18817,.T.);
#18817 = LINE('',#18818,#18819);
#18818 = CARTESIAN_POINT('',(94.49,1.26,0.5));
#18819 = VECTOR('',#18820,1.);
#18820 = DIRECTION('',(0.,0.,1.));
#18821 = ORIENTED_EDGE('',*,*,#18792,.F.);
#18822 = PLANE('',#18823);
#18823 = AXIS2_PLACEMENT_3D('',#18824,#18825,#18826);
#18824 = CARTESIAN_POINT('',(94.49,1.2,0.5));
#18825 = DIRECTION('',(1.,0.,-0.));
#18826 = DIRECTION('',(0.,0.,1.));
#18827 = ADVANCED_FACE('',(#18828),#18853,.F.);
#18828 = FACE_BOUND('',#18829,.F.);
#18829 = EDGE_LOOP('',(#18830,#18831,#18839,#18847));
#18830 = ORIENTED_EDGE('',*,*,#4850,.F.);
#18831 = ORIENTED_EDGE('',*,*,#18832,.T.);
#18832 = EDGE_CURVE('',#4851,#18833,#18835,.T.);
#18833 = VERTEX_POINT('',#18834);
#18834 = CARTESIAN_POINT('',(95.16,1.26,0.5));
#18835 = LINE('',#18836,#18837);
#18836 = CARTESIAN_POINT('',(95.16,1.2,0.5));
#18837 = VECTOR('',#18838,1.);
#18838 = DIRECTION('',(-0.,1.,0.));
#18839 = ORIENTED_EDGE('',*,*,#18840,.T.);
#18840 = EDGE_CURVE('',#18833,#18841,#18843,.T.);
#18841 = VERTEX_POINT('',#18842);
#18842 = CARTESIAN_POINT('',(95.16,1.26,3.9));
#18843 = LINE('',#18844,#18845);
#18844 = CARTESIAN_POINT('',(95.16,1.26,0.5));
#18845 = VECTOR('',#18846,1.);
#18846 = DIRECTION('',(0.,0.,1.));
#18847 = ORIENTED_EDGE('',*,*,#18848,.F.);
#18848 = EDGE_CURVE('',#4853,#18841,#18849,.T.);
#18849 = LINE('',#18850,#18851);
#18850 = CARTESIAN_POINT('',(95.16,1.2,3.9));
#18851 = VECTOR('',#18852,1.);
#18852 = DIRECTION('',(-0.,1.,0.));
#18853 = PLANE('',#18854);
#18854 = AXIS2_PLACEMENT_3D('',#18855,#18856,#18857);
#18855 = CARTESIAN_POINT('',(95.16,1.2,0.5));
#18856 = DIRECTION('',(1.,0.,-0.));
#18857 = DIRECTION('',(0.,0.,1.));
#18858 = ADVANCED_FACE('',(#18859),#18877,.F.);
#18859 = FACE_BOUND('',#18860,.F.);
#18860 = EDGE_LOOP('',(#18861,#18862,#18863,#18871));
#18861 = ORIENTED_EDGE('',*,*,#18832,.F.);
#18862 = ORIENTED_EDGE('',*,*,#4860,.T.);
#18863 = ORIENTED_EDGE('',*,*,#18864,.T.);
#18864 = EDGE_CURVE('',#4861,#18865,#18867,.T.);
#18865 = VERTEX_POINT('',#18866);
#18866 = CARTESIAN_POINT('',(96.21,1.26,0.5));
#18867 = LINE('',#18868,#18869);
#18868 = CARTESIAN_POINT('',(96.21,1.2,0.5));
#18869 = VECTOR('',#18870,1.);
#18870 = DIRECTION('',(-0.,1.,0.));
#18871 = ORIENTED_EDGE('',*,*,#18872,.F.);
#18872 = EDGE_CURVE('',#18833,#18865,#18873,.T.);
#18873 = LINE('',#18874,#18875);
#18874 = CARTESIAN_POINT('',(95.16,1.26,0.5));
#18875 = VECTOR('',#18876,1.);
#18876 = DIRECTION('',(1.,0.,-0.));
#18877 = PLANE('',#18878);
#18878 = AXIS2_PLACEMENT_3D('',#18879,#18880,#18881);
#18879 = CARTESIAN_POINT('',(95.16,1.2,0.5));
#18880 = DIRECTION('',(0.,0.,1.));
#18881 = DIRECTION('',(1.,0.,-0.));
#18882 = ADVANCED_FACE('',(#18883),#18901,.T.);
#18883 = FACE_BOUND('',#18884,.T.);
#18884 = EDGE_LOOP('',(#18885,#18886,#18887,#18895));
#18885 = ORIENTED_EDGE('',*,*,#18848,.F.);
#18886 = ORIENTED_EDGE('',*,*,#4876,.T.);
#18887 = ORIENTED_EDGE('',*,*,#18888,.T.);
#18888 = EDGE_CURVE('',#4869,#18889,#18891,.T.);
#18889 = VERTEX_POINT('',#18890);
#18890 = CARTESIAN_POINT('',(96.21,1.26,3.9));
#18891 = LINE('',#18892,#18893);
#18892 = CARTESIAN_POINT('',(96.21,1.2,3.9));
#18893 = VECTOR('',#18894,1.);
#18894 = DIRECTION('',(-0.,1.,0.));
#18895 = ORIENTED_EDGE('',*,*,#18896,.F.);
#18896 = EDGE_CURVE('',#18841,#18889,#18897,.T.);
#18897 = LINE('',#18898,#18899);
#18898 = CARTESIAN_POINT('',(95.16,1.26,3.9));
#18899 = VECTOR('',#18900,1.);
#18900 = DIRECTION('',(1.,0.,-0.));
#18901 = PLANE('',#18902);
#18902 = AXIS2_PLACEMENT_3D('',#18903,#18904,#18905);
#18903 = CARTESIAN_POINT('',(95.16,1.2,3.9));
#18904 = DIRECTION('',(0.,0.,1.));
#18905 = DIRECTION('',(1.,0.,-0.));
#18906 = ADVANCED_FACE('',(#18907),#18918,.T.);
#18907 = FACE_BOUND('',#18908,.T.);
#18908 = EDGE_LOOP('',(#18909,#18910,#18911,#18917));
#18909 = ORIENTED_EDGE('',*,*,#4868,.F.);
#18910 = ORIENTED_EDGE('',*,*,#18864,.T.);
#18911 = ORIENTED_EDGE('',*,*,#18912,.T.);
#18912 = EDGE_CURVE('',#18865,#18889,#18913,.T.);
#18913 = LINE('',#18914,#18915);
#18914 = CARTESIAN_POINT('',(96.21,1.26,0.5));
#18915 = VECTOR('',#18916,1.);
#18916 = DIRECTION('',(0.,0.,1.));
#18917 = ORIENTED_EDGE('',*,*,#18888,.F.);
#18918 = PLANE('',#18919);
#18919 = AXIS2_PLACEMENT_3D('',#18920,#18921,#18922);
#18920 = CARTESIAN_POINT('',(96.21,1.2,0.5));
#18921 = DIRECTION('',(1.,0.,-0.));
#18922 = DIRECTION('',(0.,0.,1.));
#18923 = ADVANCED_FACE('',(#18924),#18949,.F.);
#18924 = FACE_BOUND('',#18925,.F.);
#18925 = EDGE_LOOP('',(#18926,#18927,#18935,#18943));
#18926 = ORIENTED_EDGE('',*,*,#4884,.F.);
#18927 = ORIENTED_EDGE('',*,*,#18928,.T.);
#18928 = EDGE_CURVE('',#4885,#18929,#18931,.T.);
#18929 = VERTEX_POINT('',#18930);
#18930 = CARTESIAN_POINT('',(96.88,1.26,0.5));
#18931 = LINE('',#18932,#18933);
#18932 = CARTESIAN_POINT('',(96.88,1.2,0.5));
#18933 = VECTOR('',#18934,1.);
#18934 = DIRECTION('',(-0.,1.,0.));
#18935 = ORIENTED_EDGE('',*,*,#18936,.T.);
#18936 = EDGE_CURVE('',#18929,#18937,#18939,.T.);
#18937 = VERTEX_POINT('',#18938);
#18938 = CARTESIAN_POINT('',(96.88,1.26,3.9));
#18939 = LINE('',#18940,#18941);
#18940 = CARTESIAN_POINT('',(96.88,1.26,0.5));
#18941 = VECTOR('',#18942,1.);
#18942 = DIRECTION('',(0.,0.,1.));
#18943 = ORIENTED_EDGE('',*,*,#18944,.F.);
#18944 = EDGE_CURVE('',#4887,#18937,#18945,.T.);
#18945 = LINE('',#18946,#18947);
#18946 = CARTESIAN_POINT('',(96.88,1.2,3.9));
#18947 = VECTOR('',#18948,1.);
#18948 = DIRECTION('',(-0.,1.,0.));
#18949 = PLANE('',#18950);
#18950 = AXIS2_PLACEMENT_3D('',#18951,#18952,#18953);
#18951 = CARTESIAN_POINT('',(96.88,1.2,0.5));
#18952 = DIRECTION('',(1.,0.,-0.));
#18953 = DIRECTION('',(0.,0.,1.));
#18954 = ADVANCED_FACE('',(#18955),#18973,.F.);
#18955 = FACE_BOUND('',#18956,.F.);
#18956 = EDGE_LOOP('',(#18957,#18958,#18959,#18967));
#18957 = ORIENTED_EDGE('',*,*,#18928,.F.);
#18958 = ORIENTED_EDGE('',*,*,#4894,.T.);
#18959 = ORIENTED_EDGE('',*,*,#18960,.T.);
#18960 = EDGE_CURVE('',#4895,#18961,#18963,.T.);
#18961 = VERTEX_POINT('',#18962);
#18962 = CARTESIAN_POINT('',(97.93,1.26,0.5));
#18963 = LINE('',#18964,#18965);
#18964 = CARTESIAN_POINT('',(97.93,1.2,0.5));
#18965 = VECTOR('',#18966,1.);
#18966 = DIRECTION('',(-0.,1.,0.));
#18967 = ORIENTED_EDGE('',*,*,#18968,.F.);
#18968 = EDGE_CURVE('',#18929,#18961,#18969,.T.);
#18969 = LINE('',#18970,#18971);
#18970 = CARTESIAN_POINT('',(96.88,1.26,0.5));
#18971 = VECTOR('',#18972,1.);
#18972 = DIRECTION('',(1.,0.,-0.));
#18973 = PLANE('',#18974);
#18974 = AXIS2_PLACEMENT_3D('',#18975,#18976,#18977);
#18975 = CARTESIAN_POINT('',(96.88,1.2,0.5));
#18976 = DIRECTION('',(0.,0.,1.));
#18977 = DIRECTION('',(1.,0.,-0.));
#18978 = ADVANCED_FACE('',(#18979),#18997,.T.);
#18979 = FACE_BOUND('',#18980,.T.);
#18980 = EDGE_LOOP('',(#18981,#18982,#18983,#18991));
#18981 = ORIENTED_EDGE('',*,*,#18944,.F.);
#18982 = ORIENTED_EDGE('',*,*,#4910,.T.);
#18983 = ORIENTED_EDGE('',*,*,#18984,.T.);
#18984 = EDGE_CURVE('',#4903,#18985,#18987,.T.);
#18985 = VERTEX_POINT('',#18986);
#18986 = CARTESIAN_POINT('',(97.93,1.26,3.9));
#18987 = LINE('',#18988,#18989);
#18988 = CARTESIAN_POINT('',(97.93,1.2,3.9));
#18989 = VECTOR('',#18990,1.);
#18990 = DIRECTION('',(-0.,1.,0.));
#18991 = ORIENTED_EDGE('',*,*,#18992,.F.);
#18992 = EDGE_CURVE('',#18937,#18985,#18993,.T.);
#18993 = LINE('',#18994,#18995);
#18994 = CARTESIAN_POINT('',(96.88,1.26,3.9));
#18995 = VECTOR('',#18996,1.);
#18996 = DIRECTION('',(1.,0.,-0.));
#18997 = PLANE('',#18998);
#18998 = AXIS2_PLACEMENT_3D('',#18999,#19000,#19001);
#18999 = CARTESIAN_POINT('',(96.88,1.2,3.9));
#19000 = DIRECTION('',(0.,0.,1.));
#19001 = DIRECTION('',(1.,0.,-0.));
#19002 = ADVANCED_FACE('',(#19003),#19014,.T.);
#19003 = FACE_BOUND('',#19004,.T.);
#19004 = EDGE_LOOP('',(#19005,#19006,#19007,#19013));
#19005 = ORIENTED_EDGE('',*,*,#4902,.F.);
#19006 = ORIENTED_EDGE('',*,*,#18960,.T.);
#19007 = ORIENTED_EDGE('',*,*,#19008,.T.);
#19008 = EDGE_CURVE('',#18961,#18985,#19009,.T.);
#19009 = LINE('',#19010,#19011);
#19010 = CARTESIAN_POINT('',(97.93,1.26,0.5));
#19011 = VECTOR('',#19012,1.);
#19012 = DIRECTION('',(0.,0.,1.));
#19013 = ORIENTED_EDGE('',*,*,#18984,.F.);
#19014 = PLANE('',#19015);
#19015 = AXIS2_PLACEMENT_3D('',#19016,#19017,#19018);
#19016 = CARTESIAN_POINT('',(97.93,1.2,0.5));
#19017 = DIRECTION('',(1.,0.,-0.));
#19018 = DIRECTION('',(0.,0.,1.));
#19019 = ADVANCED_FACE('',(#19020),#19045,.F.);
#19020 = FACE_BOUND('',#19021,.F.);
#19021 = EDGE_LOOP('',(#19022,#19023,#19031,#19039));
#19022 = ORIENTED_EDGE('',*,*,#4918,.F.);
#19023 = ORIENTED_EDGE('',*,*,#19024,.T.);
#19024 = EDGE_CURVE('',#4919,#19025,#19027,.T.);
#19025 = VERTEX_POINT('',#19026);
#19026 = CARTESIAN_POINT('',(98.6,1.26,0.5));
#19027 = LINE('',#19028,#19029);
#19028 = CARTESIAN_POINT('',(98.6,1.2,0.5));
#19029 = VECTOR('',#19030,1.);
#19030 = DIRECTION('',(-0.,1.,0.));
#19031 = ORIENTED_EDGE('',*,*,#19032,.T.);
#19032 = EDGE_CURVE('',#19025,#19033,#19035,.T.);
#19033 = VERTEX_POINT('',#19034);
#19034 = CARTESIAN_POINT('',(98.6,1.26,3.9));
#19035 = LINE('',#19036,#19037);
#19036 = CARTESIAN_POINT('',(98.6,1.26,0.5));
#19037 = VECTOR('',#19038,1.);
#19038 = DIRECTION('',(0.,0.,1.));
#19039 = ORIENTED_EDGE('',*,*,#19040,.F.);
#19040 = EDGE_CURVE('',#4921,#19033,#19041,.T.);
#19041 = LINE('',#19042,#19043);
#19042 = CARTESIAN_POINT('',(98.6,1.2,3.9));
#19043 = VECTOR('',#19044,1.);
#19044 = DIRECTION('',(-0.,1.,0.));
#19045 = PLANE('',#19046);
#19046 = AXIS2_PLACEMENT_3D('',#19047,#19048,#19049);
#19047 = CARTESIAN_POINT('',(98.6,1.2,0.5));
#19048 = DIRECTION('',(1.,0.,-0.));
#19049 = DIRECTION('',(0.,0.,1.));
#19050 = ADVANCED_FACE('',(#19051),#19069,.F.);
#19051 = FACE_BOUND('',#19052,.F.);
#19052 = EDGE_LOOP('',(#19053,#19054,#19055,#19063));
#19053 = ORIENTED_EDGE('',*,*,#19024,.F.);
#19054 = ORIENTED_EDGE('',*,*,#4928,.T.);
#19055 = ORIENTED_EDGE('',*,*,#19056,.T.);
#19056 = EDGE_CURVE('',#4929,#19057,#19059,.T.);
#19057 = VERTEX_POINT('',#19058);
#19058 = CARTESIAN_POINT('',(99.65,1.26,0.5));
#19059 = LINE('',#19060,#19061);
#19060 = CARTESIAN_POINT('',(99.65,1.2,0.5));
#19061 = VECTOR('',#19062,1.);
#19062 = DIRECTION('',(-0.,1.,0.));
#19063 = ORIENTED_EDGE('',*,*,#19064,.F.);
#19064 = EDGE_CURVE('',#19025,#19057,#19065,.T.);
#19065 = LINE('',#19066,#19067);
#19066 = CARTESIAN_POINT('',(98.6,1.26,0.5));
#19067 = VECTOR('',#19068,1.);
#19068 = DIRECTION('',(1.,0.,-0.));
#19069 = PLANE('',#19070);
#19070 = AXIS2_PLACEMENT_3D('',#19071,#19072,#19073);
#19071 = CARTESIAN_POINT('',(98.6,1.2,0.5));
#19072 = DIRECTION('',(0.,0.,1.));
#19073 = DIRECTION('',(1.,0.,-0.));
#19074 = ADVANCED_FACE('',(#19075),#19093,.T.);
#19075 = FACE_BOUND('',#19076,.T.);
#19076 = EDGE_LOOP('',(#19077,#19078,#19079,#19087));
#19077 = ORIENTED_EDGE('',*,*,#19040,.F.);
#19078 = ORIENTED_EDGE('',*,*,#4944,.T.);
#19079 = ORIENTED_EDGE('',*,*,#19080,.T.);
#19080 = EDGE_CURVE('',#4937,#19081,#19083,.T.);
#19081 = VERTEX_POINT('',#19082);
#19082 = CARTESIAN_POINT('',(99.65,1.26,3.9));
#19083 = LINE('',#19084,#19085);
#19084 = CARTESIAN_POINT('',(99.65,1.2,3.9));
#19085 = VECTOR('',#19086,1.);
#19086 = DIRECTION('',(-0.,1.,0.));
#19087 = ORIENTED_EDGE('',*,*,#19088,.F.);
#19088 = EDGE_CURVE('',#19033,#19081,#19089,.T.);
#19089 = LINE('',#19090,#19091);
#19090 = CARTESIAN_POINT('',(98.6,1.26,3.9));
#19091 = VECTOR('',#19092,1.);
#19092 = DIRECTION('',(1.,0.,-0.));
#19093 = PLANE('',#19094);
#19094 = AXIS2_PLACEMENT_3D('',#19095,#19096,#19097);
#19095 = CARTESIAN_POINT('',(98.6,1.2,3.9));
#19096 = DIRECTION('',(0.,0.,1.));
#19097 = DIRECTION('',(1.,0.,-0.));
#19098 = ADVANCED_FACE('',(#19099),#19110,.T.);
#19099 = FACE_BOUND('',#19100,.T.);
#19100 = EDGE_LOOP('',(#19101,#19102,#19103,#19109));
#19101 = ORIENTED_EDGE('',*,*,#4936,.F.);
#19102 = ORIENTED_EDGE('',*,*,#19056,.T.);
#19103 = ORIENTED_EDGE('',*,*,#19104,.T.);
#19104 = EDGE_CURVE('',#19057,#19081,#19105,.T.);
#19105 = LINE('',#19106,#19107);
#19106 = CARTESIAN_POINT('',(99.65,1.26,0.5));
#19107 = VECTOR('',#19108,1.);
#19108 = DIRECTION('',(0.,0.,1.));
#19109 = ORIENTED_EDGE('',*,*,#19080,.F.);
#19110 = PLANE('',#19111);
#19111 = AXIS2_PLACEMENT_3D('',#19112,#19113,#19114);
#19112 = CARTESIAN_POINT('',(99.65,1.2,0.5));
#19113 = DIRECTION('',(1.,0.,-0.));
#19114 = DIRECTION('',(0.,0.,1.));
#19115 = ADVANCED_FACE('',(#19116),#19141,.F.);
#19116 = FACE_BOUND('',#19117,.F.);
#19117 = EDGE_LOOP('',(#19118,#19119,#19127,#19135));
#19118 = ORIENTED_EDGE('',*,*,#4952,.F.);
#19119 = ORIENTED_EDGE('',*,*,#19120,.T.);
#19120 = EDGE_CURVE('',#4953,#19121,#19123,.T.);
#19121 = VERTEX_POINT('',#19122);
#19122 = CARTESIAN_POINT('',(100.32,1.26,0.5));
#19123 = LINE('',#19124,#19125);
#19124 = CARTESIAN_POINT('',(100.32,1.2,0.5));
#19125 = VECTOR('',#19126,1.);
#19126 = DIRECTION('',(-0.,1.,0.));
#19127 = ORIENTED_EDGE('',*,*,#19128,.T.);
#19128 = EDGE_CURVE('',#19121,#19129,#19131,.T.);
#19129 = VERTEX_POINT('',#19130);
#19130 = CARTESIAN_POINT('',(100.32,1.26,3.9));
#19131 = LINE('',#19132,#19133);
#19132 = CARTESIAN_POINT('',(100.32,1.26,0.5));
#19133 = VECTOR('',#19134,1.);
#19134 = DIRECTION('',(0.,0.,1.));
#19135 = ORIENTED_EDGE('',*,*,#19136,.F.);
#19136 = EDGE_CURVE('',#4955,#19129,#19137,.T.);
#19137 = LINE('',#19138,#19139);
#19138 = CARTESIAN_POINT('',(100.32,1.2,3.9));
#19139 = VECTOR('',#19140,1.);
#19140 = DIRECTION('',(-0.,1.,0.));
#19141 = PLANE('',#19142);
#19142 = AXIS2_PLACEMENT_3D('',#19143,#19144,#19145);
#19143 = CARTESIAN_POINT('',(100.32,1.2,0.5));
#19144 = DIRECTION('',(1.,0.,-0.));
#19145 = DIRECTION('',(0.,0.,1.));
#19146 = ADVANCED_FACE('',(#19147),#19165,.F.);
#19147 = FACE_BOUND('',#19148,.F.);
#19148 = EDGE_LOOP('',(#19149,#19150,#19151,#19159));
#19149 = ORIENTED_EDGE('',*,*,#19120,.F.);
#19150 = ORIENTED_EDGE('',*,*,#4962,.T.);
#19151 = ORIENTED_EDGE('',*,*,#19152,.T.);
#19152 = EDGE_CURVE('',#4963,#19153,#19155,.T.);
#19153 = VERTEX_POINT('',#19154);
#19154 = CARTESIAN_POINT('',(101.37,1.26,0.5));
#19155 = LINE('',#19156,#19157);
#19156 = CARTESIAN_POINT('',(101.37,1.2,0.5));
#19157 = VECTOR('',#19158,1.);
#19158 = DIRECTION('',(-0.,1.,0.));
#19159 = ORIENTED_EDGE('',*,*,#19160,.F.);
#19160 = EDGE_CURVE('',#19121,#19153,#19161,.T.);
#19161 = LINE('',#19162,#19163);
#19162 = CARTESIAN_POINT('',(100.32,1.26,0.5));
#19163 = VECTOR('',#19164,1.);
#19164 = DIRECTION('',(1.,0.,-0.));
#19165 = PLANE('',#19166);
#19166 = AXIS2_PLACEMENT_3D('',#19167,#19168,#19169);
#19167 = CARTESIAN_POINT('',(100.32,1.2,0.5));
#19168 = DIRECTION('',(0.,0.,1.));
#19169 = DIRECTION('',(1.,0.,-0.));
#19170 = ADVANCED_FACE('',(#19171),#19189,.T.);
#19171 = FACE_BOUND('',#19172,.T.);
#19172 = EDGE_LOOP('',(#19173,#19174,#19175,#19183));
#19173 = ORIENTED_EDGE('',*,*,#19136,.F.);
#19174 = ORIENTED_EDGE('',*,*,#4978,.T.);
#19175 = ORIENTED_EDGE('',*,*,#19176,.T.);
#19176 = EDGE_CURVE('',#4971,#19177,#19179,.T.);
#19177 = VERTEX_POINT('',#19178);
#19178 = CARTESIAN_POINT('',(101.37,1.26,3.9));
#19179 = LINE('',#19180,#19181);
#19180 = CARTESIAN_POINT('',(101.37,1.2,3.9));
#19181 = VECTOR('',#19182,1.);
#19182 = DIRECTION('',(-0.,1.,0.));
#19183 = ORIENTED_EDGE('',*,*,#19184,.F.);
#19184 = EDGE_CURVE('',#19129,#19177,#19185,.T.);
#19185 = LINE('',#19186,#19187);
#19186 = CARTESIAN_POINT('',(100.32,1.26,3.9));
#19187 = VECTOR('',#19188,1.);
#19188 = DIRECTION('',(1.,0.,-0.));
#19189 = PLANE('',#19190);
#19190 = AXIS2_PLACEMENT_3D('',#19191,#19192,#19193);
#19191 = CARTESIAN_POINT('',(100.32,1.2,3.9));
#19192 = DIRECTION('',(0.,0.,1.));
#19193 = DIRECTION('',(1.,0.,-0.));
#19194 = ADVANCED_FACE('',(#19195),#19206,.T.);
#19195 = FACE_BOUND('',#19196,.T.);
#19196 = EDGE_LOOP('',(#19197,#19198,#19199,#19205));
#19197 = ORIENTED_EDGE('',*,*,#4970,.F.);
#19198 = ORIENTED_EDGE('',*,*,#19152,.T.);
#19199 = ORIENTED_EDGE('',*,*,#19200,.T.);
#19200 = EDGE_CURVE('',#19153,#19177,#19201,.T.);
#19201 = LINE('',#19202,#19203);
#19202 = CARTESIAN_POINT('',(101.37,1.26,0.5));
#19203 = VECTOR('',#19204,1.);
#19204 = DIRECTION('',(0.,0.,1.));
#19205 = ORIENTED_EDGE('',*,*,#19176,.F.);
#19206 = PLANE('',#19207);
#19207 = AXIS2_PLACEMENT_3D('',#19208,#19209,#19210);
#19208 = CARTESIAN_POINT('',(101.37,1.2,0.5));
#19209 = DIRECTION('',(1.,0.,-0.));
#19210 = DIRECTION('',(0.,0.,1.));
#19211 = ADVANCED_FACE('',(#19212),#19237,.F.);
#19212 = FACE_BOUND('',#19213,.F.);
#19213 = EDGE_LOOP('',(#19214,#19215,#19223,#19231));
#19214 = ORIENTED_EDGE('',*,*,#4986,.F.);
#19215 = ORIENTED_EDGE('',*,*,#19216,.T.);
#19216 = EDGE_CURVE('',#4987,#19217,#19219,.T.);
#19217 = VERTEX_POINT('',#19218);
#19218 = CARTESIAN_POINT('',(102.04,1.26,0.5));
#19219 = LINE('',#19220,#19221);
#19220 = CARTESIAN_POINT('',(102.04,1.2,0.5));
#19221 = VECTOR('',#19222,1.);
#19222 = DIRECTION('',(-0.,1.,0.));
#19223 = ORIENTED_EDGE('',*,*,#19224,.T.);
#19224 = EDGE_CURVE('',#19217,#19225,#19227,.T.);
#19225 = VERTEX_POINT('',#19226);
#19226 = CARTESIAN_POINT('',(102.04,1.26,3.9));
#19227 = LINE('',#19228,#19229);
#19228 = CARTESIAN_POINT('',(102.04,1.26,0.5));
#19229 = VECTOR('',#19230,1.);
#19230 = DIRECTION('',(0.,0.,1.));
#19231 = ORIENTED_EDGE('',*,*,#19232,.F.);
#19232 = EDGE_CURVE('',#4989,#19225,#19233,.T.);
#19233 = LINE('',#19234,#19235);
#19234 = CARTESIAN_POINT('',(102.04,1.2,3.9));
#19235 = VECTOR('',#19236,1.);
#19236 = DIRECTION('',(-0.,1.,0.));
#19237 = PLANE('',#19238);
#19238 = AXIS2_PLACEMENT_3D('',#19239,#19240,#19241);
#19239 = CARTESIAN_POINT('',(102.04,1.2,0.5));
#19240 = DIRECTION('',(1.,0.,-0.));
#19241 = DIRECTION('',(0.,0.,1.));
#19242 = ADVANCED_FACE('',(#19243),#19261,.F.);
#19243 = FACE_BOUND('',#19244,.F.);
#19244 = EDGE_LOOP('',(#19245,#19246,#19247,#19255));
#19245 = ORIENTED_EDGE('',*,*,#19216,.F.);
#19246 = ORIENTED_EDGE('',*,*,#4996,.T.);
#19247 = ORIENTED_EDGE('',*,*,#19248,.T.);
#19248 = EDGE_CURVE('',#4997,#19249,#19251,.T.);
#19249 = VERTEX_POINT('',#19250);
#19250 = CARTESIAN_POINT('',(103.09,1.26,0.5));
#19251 = LINE('',#19252,#19253);
#19252 = CARTESIAN_POINT('',(103.09,1.2,0.5));
#19253 = VECTOR('',#19254,1.);
#19254 = DIRECTION('',(-0.,1.,0.));
#19255 = ORIENTED_EDGE('',*,*,#19256,.F.);
#19256 = EDGE_CURVE('',#19217,#19249,#19257,.T.);
#19257 = LINE('',#19258,#19259);
#19258 = CARTESIAN_POINT('',(102.04,1.26,0.5));
#19259 = VECTOR('',#19260,1.);
#19260 = DIRECTION('',(1.,0.,-0.));
#19261 = PLANE('',#19262);
#19262 = AXIS2_PLACEMENT_3D('',#19263,#19264,#19265);
#19263 = CARTESIAN_POINT('',(102.04,1.2,0.5));
#19264 = DIRECTION('',(0.,0.,1.));
#19265 = DIRECTION('',(1.,0.,-0.));
#19266 = ADVANCED_FACE('',(#19267),#19285,.T.);
#19267 = FACE_BOUND('',#19268,.T.);
#19268 = EDGE_LOOP('',(#19269,#19270,#19271,#19279));
#19269 = ORIENTED_EDGE('',*,*,#19232,.F.);
#19270 = ORIENTED_EDGE('',*,*,#5012,.T.);
#19271 = ORIENTED_EDGE('',*,*,#19272,.T.);
#19272 = EDGE_CURVE('',#5005,#19273,#19275,.T.);
#19273 = VERTEX_POINT('',#19274);
#19274 = CARTESIAN_POINT('',(103.09,1.26,3.9));
#19275 = LINE('',#19276,#19277);
#19276 = CARTESIAN_POINT('',(103.09,1.2,3.9));
#19277 = VECTOR('',#19278,1.);
#19278 = DIRECTION('',(-0.,1.,0.));
#19279 = ORIENTED_EDGE('',*,*,#19280,.F.);
#19280 = EDGE_CURVE('',#19225,#19273,#19281,.T.);
#19281 = LINE('',#19282,#19283);
#19282 = CARTESIAN_POINT('',(102.04,1.26,3.9));
#19283 = VECTOR('',#19284,1.);
#19284 = DIRECTION('',(1.,0.,-0.));
#19285 = PLANE('',#19286);
#19286 = AXIS2_PLACEMENT_3D('',#19287,#19288,#19289);
#19287 = CARTESIAN_POINT('',(102.04,1.2,3.9));
#19288 = DIRECTION('',(0.,0.,1.));
#19289 = DIRECTION('',(1.,0.,-0.));
#19290 = ADVANCED_FACE('',(#19291),#19302,.T.);
#19291 = FACE_BOUND('',#19292,.T.);
#19292 = EDGE_LOOP('',(#19293,#19294,#19295,#19301));
#19293 = ORIENTED_EDGE('',*,*,#5004,.F.);
#19294 = ORIENTED_EDGE('',*,*,#19248,.T.);
#19295 = ORIENTED_EDGE('',*,*,#19296,.T.);
#19296 = EDGE_CURVE('',#19249,#19273,#19297,.T.);
#19297 = LINE('',#19298,#19299);
#19298 = CARTESIAN_POINT('',(103.09,1.26,0.5));
#19299 = VECTOR('',#19300,1.);
#19300 = DIRECTION('',(0.,0.,1.));
#19301 = ORIENTED_EDGE('',*,*,#19272,.F.);
#19302 = PLANE('',#19303);
#19303 = AXIS2_PLACEMENT_3D('',#19304,#19305,#19306);
#19304 = CARTESIAN_POINT('',(103.09,1.2,0.5));
#19305 = DIRECTION('',(1.,0.,-0.));
#19306 = DIRECTION('',(0.,0.,1.));
#19307 = ADVANCED_FACE('',(#19308),#19333,.F.);
#19308 = FACE_BOUND('',#19309,.F.);
#19309 = EDGE_LOOP('',(#19310,#19311,#19319,#19327));
#19310 = ORIENTED_EDGE('',*,*,#5020,.F.);
#19311 = ORIENTED_EDGE('',*,*,#19312,.T.);
#19312 = EDGE_CURVE('',#5021,#19313,#19315,.T.);
#19313 = VERTEX_POINT('',#19314);
#19314 = CARTESIAN_POINT('',(103.76,1.26,0.5));
#19315 = LINE('',#19316,#19317);
#19316 = CARTESIAN_POINT('',(103.76,1.2,0.5));
#19317 = VECTOR('',#19318,1.);
#19318 = DIRECTION('',(-0.,1.,0.));
#19319 = ORIENTED_EDGE('',*,*,#19320,.T.);
#19320 = EDGE_CURVE('',#19313,#19321,#19323,.T.);
#19321 = VERTEX_POINT('',#19322);
#19322 = CARTESIAN_POINT('',(103.76,1.26,3.9));
#19323 = LINE('',#19324,#19325);
#19324 = CARTESIAN_POINT('',(103.76,1.26,0.5));
#19325 = VECTOR('',#19326,1.);
#19326 = DIRECTION('',(0.,0.,1.));
#19327 = ORIENTED_EDGE('',*,*,#19328,.F.);
#19328 = EDGE_CURVE('',#5023,#19321,#19329,.T.);
#19329 = LINE('',#19330,#19331);
#19330 = CARTESIAN_POINT('',(103.76,1.2,3.9));
#19331 = VECTOR('',#19332,1.);
#19332 = DIRECTION('',(-0.,1.,0.));
#19333 = PLANE('',#19334);
#19334 = AXIS2_PLACEMENT_3D('',#19335,#19336,#19337);
#19335 = CARTESIAN_POINT('',(103.76,1.2,0.5));
#19336 = DIRECTION('',(1.,0.,-0.));
#19337 = DIRECTION('',(0.,0.,1.));
#19338 = ADVANCED_FACE('',(#19339),#19357,.F.);
#19339 = FACE_BOUND('',#19340,.F.);
#19340 = EDGE_LOOP('',(#19341,#19342,#19343,#19351));
#19341 = ORIENTED_EDGE('',*,*,#19312,.F.);
#19342 = ORIENTED_EDGE('',*,*,#5030,.T.);
#19343 = ORIENTED_EDGE('',*,*,#19344,.T.);
#19344 = EDGE_CURVE('',#5031,#19345,#19347,.T.);
#19345 = VERTEX_POINT('',#19346);
#19346 = CARTESIAN_POINT('',(104.81,1.26,0.5));
#19347 = LINE('',#19348,#19349);
#19348 = CARTESIAN_POINT('',(104.81,1.2,0.5));
#19349 = VECTOR('',#19350,1.);
#19350 = DIRECTION('',(-0.,1.,0.));
#19351 = ORIENTED_EDGE('',*,*,#19352,.F.);
#19352 = EDGE_CURVE('',#19313,#19345,#19353,.T.);
#19353 = LINE('',#19354,#19355);
#19354 = CARTESIAN_POINT('',(103.76,1.26,0.5));
#19355 = VECTOR('',#19356,1.);
#19356 = DIRECTION('',(1.,0.,-0.));
#19357 = PLANE('',#19358);
#19358 = AXIS2_PLACEMENT_3D('',#19359,#19360,#19361);
#19359 = CARTESIAN_POINT('',(103.76,1.2,0.5));
#19360 = DIRECTION('',(0.,0.,1.));
#19361 = DIRECTION('',(1.,0.,-0.));
#19362 = ADVANCED_FACE('',(#19363),#19381,.T.);
#19363 = FACE_BOUND('',#19364,.T.);
#19364 = EDGE_LOOP('',(#19365,#19366,#19367,#19375));
#19365 = ORIENTED_EDGE('',*,*,#19328,.F.);
#19366 = ORIENTED_EDGE('',*,*,#5046,.T.);
#19367 = ORIENTED_EDGE('',*,*,#19368,.T.);
#19368 = EDGE_CURVE('',#5039,#19369,#19371,.T.);
#19369 = VERTEX_POINT('',#19370);
#19370 = CARTESIAN_POINT('',(104.81,1.26,3.9));
#19371 = LINE('',#19372,#19373);
#19372 = CARTESIAN_POINT('',(104.81,1.2,3.9));
#19373 = VECTOR('',#19374,1.);
#19374 = DIRECTION('',(-0.,1.,0.));
#19375 = ORIENTED_EDGE('',*,*,#19376,.F.);
#19376 = EDGE_CURVE('',#19321,#19369,#19377,.T.);
#19377 = LINE('',#19378,#19379);
#19378 = CARTESIAN_POINT('',(103.76,1.26,3.9));
#19379 = VECTOR('',#19380,1.);
#19380 = DIRECTION('',(1.,0.,-0.));
#19381 = PLANE('',#19382);
#19382 = AXIS2_PLACEMENT_3D('',#19383,#19384,#19385);
#19383 = CARTESIAN_POINT('',(103.76,1.2,3.9));
#19384 = DIRECTION('',(0.,0.,1.));
#19385 = DIRECTION('',(1.,0.,-0.));
#19386 = ADVANCED_FACE('',(#19387),#19398,.T.);
#19387 = FACE_BOUND('',#19388,.T.);
#19388 = EDGE_LOOP('',(#19389,#19390,#19391,#19397));
#19389 = ORIENTED_EDGE('',*,*,#5038,.F.);
#19390 = ORIENTED_EDGE('',*,*,#19344,.T.);
#19391 = ORIENTED_EDGE('',*,*,#19392,.T.);
#19392 = EDGE_CURVE('',#19345,#19369,#19393,.T.);
#19393 = LINE('',#19394,#19395);
#19394 = CARTESIAN_POINT('',(104.81,1.26,0.5));
#19395 = VECTOR('',#19396,1.);
#19396 = DIRECTION('',(0.,0.,1.));
#19397 = ORIENTED_EDGE('',*,*,#19368,.F.);
#19398 = PLANE('',#19399);
#19399 = AXIS2_PLACEMENT_3D('',#19400,#19401,#19402);
#19400 = CARTESIAN_POINT('',(104.81,1.2,0.5));
#19401 = DIRECTION('',(1.,0.,-0.));
#19402 = DIRECTION('',(0.,0.,1.));
#19403 = ADVANCED_FACE('',(#19404),#19429,.F.);
#19404 = FACE_BOUND('',#19405,.F.);
#19405 = EDGE_LOOP('',(#19406,#19407,#19415,#19423));
#19406 = ORIENTED_EDGE('',*,*,#5054,.F.);
#19407 = ORIENTED_EDGE('',*,*,#19408,.T.);
#19408 = EDGE_CURVE('',#5055,#19409,#19411,.T.);
#19409 = VERTEX_POINT('',#19410);
#19410 = CARTESIAN_POINT('',(105.48,1.26,0.5));
#19411 = LINE('',#19412,#19413);
#19412 = CARTESIAN_POINT('',(105.48,1.2,0.5));
#19413 = VECTOR('',#19414,1.);
#19414 = DIRECTION('',(-0.,1.,0.));
#19415 = ORIENTED_EDGE('',*,*,#19416,.T.);
#19416 = EDGE_CURVE('',#19409,#19417,#19419,.T.);
#19417 = VERTEX_POINT('',#19418);
#19418 = CARTESIAN_POINT('',(105.48,1.26,3.9));
#19419 = LINE('',#19420,#19421);
#19420 = CARTESIAN_POINT('',(105.48,1.26,0.5));
#19421 = VECTOR('',#19422,1.);
#19422 = DIRECTION('',(0.,0.,1.));
#19423 = ORIENTED_EDGE('',*,*,#19424,.F.);
#19424 = EDGE_CURVE('',#5057,#19417,#19425,.T.);
#19425 = LINE('',#19426,#19427);
#19426 = CARTESIAN_POINT('',(105.48,1.2,3.9));
#19427 = VECTOR('',#19428,1.);
#19428 = DIRECTION('',(-0.,1.,0.));
#19429 = PLANE('',#19430);
#19430 = AXIS2_PLACEMENT_3D('',#19431,#19432,#19433);
#19431 = CARTESIAN_POINT('',(105.48,1.2,0.5));
#19432 = DIRECTION('',(1.,0.,-0.));
#19433 = DIRECTION('',(0.,0.,1.));
#19434 = ADVANCED_FACE('',(#19435),#19453,.F.);
#19435 = FACE_BOUND('',#19436,.F.);
#19436 = EDGE_LOOP('',(#19437,#19438,#19439,#19447));
#19437 = ORIENTED_EDGE('',*,*,#19408,.F.);
#19438 = ORIENTED_EDGE('',*,*,#5064,.T.);
#19439 = ORIENTED_EDGE('',*,*,#19440,.T.);
#19440 = EDGE_CURVE('',#5065,#19441,#19443,.T.);
#19441 = VERTEX_POINT('',#19442);
#19442 = CARTESIAN_POINT('',(106.53,1.26,0.5));
#19443 = LINE('',#19444,#19445);
#19444 = CARTESIAN_POINT('',(106.53,1.2,0.5));
#19445 = VECTOR('',#19446,1.);
#19446 = DIRECTION('',(-0.,1.,0.));
#19447 = ORIENTED_EDGE('',*,*,#19448,.F.);
#19448 = EDGE_CURVE('',#19409,#19441,#19449,.T.);
#19449 = LINE('',#19450,#19451);
#19450 = CARTESIAN_POINT('',(105.48,1.26,0.5));
#19451 = VECTOR('',#19452,1.);
#19452 = DIRECTION('',(1.,0.,-0.));
#19453 = PLANE('',#19454);
#19454 = AXIS2_PLACEMENT_3D('',#19455,#19456,#19457);
#19455 = CARTESIAN_POINT('',(105.48,1.2,0.5));
#19456 = DIRECTION('',(0.,0.,1.));
#19457 = DIRECTION('',(1.,0.,-0.));
#19458 = ADVANCED_FACE('',(#19459),#19477,.T.);
#19459 = FACE_BOUND('',#19460,.T.);
#19460 = EDGE_LOOP('',(#19461,#19462,#19463,#19471));
#19461 = ORIENTED_EDGE('',*,*,#19424,.F.);
#19462 = ORIENTED_EDGE('',*,*,#5080,.T.);
#19463 = ORIENTED_EDGE('',*,*,#19464,.T.);
#19464 = EDGE_CURVE('',#5073,#19465,#19467,.T.);
#19465 = VERTEX_POINT('',#19466);
#19466 = CARTESIAN_POINT('',(106.53,1.26,3.9));
#19467 = LINE('',#19468,#19469);
#19468 = CARTESIAN_POINT('',(106.53,1.2,3.9));
#19469 = VECTOR('',#19470,1.);
#19470 = DIRECTION('',(-0.,1.,0.));
#19471 = ORIENTED_EDGE('',*,*,#19472,.F.);
#19472 = EDGE_CURVE('',#19417,#19465,#19473,.T.);
#19473 = LINE('',#19474,#19475);
#19474 = CARTESIAN_POINT('',(105.48,1.26,3.9));
#19475 = VECTOR('',#19476,1.);
#19476 = DIRECTION('',(1.,0.,-0.));
#19477 = PLANE('',#19478);
#19478 = AXIS2_PLACEMENT_3D('',#19479,#19480,#19481);
#19479 = CARTESIAN_POINT('',(105.48,1.2,3.9));
#19480 = DIRECTION('',(0.,0.,1.));
#19481 = DIRECTION('',(1.,0.,-0.));
#19482 = ADVANCED_FACE('',(#19483),#19494,.T.);
#19483 = FACE_BOUND('',#19484,.T.);
#19484 = EDGE_LOOP('',(#19485,#19486,#19487,#19493));
#19485 = ORIENTED_EDGE('',*,*,#5072,.F.);
#19486 = ORIENTED_EDGE('',*,*,#19440,.T.);
#19487 = ORIENTED_EDGE('',*,*,#19488,.T.);
#19488 = EDGE_CURVE('',#19441,#19465,#19489,.T.);
#19489 = LINE('',#19490,#19491);
#19490 = CARTESIAN_POINT('',(106.53,1.26,0.5));
#19491 = VECTOR('',#19492,1.);
#19492 = DIRECTION('',(0.,0.,1.));
#19493 = ORIENTED_EDGE('',*,*,#19464,.F.);
#19494 = PLANE('',#19495);
#19495 = AXIS2_PLACEMENT_3D('',#19496,#19497,#19498);
#19496 = CARTESIAN_POINT('',(106.53,1.2,0.5));
#19497 = DIRECTION('',(1.,0.,-0.));
#19498 = DIRECTION('',(0.,0.,1.));
#19499 = ADVANCED_FACE('',(#19500),#19525,.F.);
#19500 = FACE_BOUND('',#19501,.F.);
#19501 = EDGE_LOOP('',(#19502,#19503,#19511,#19519));
#19502 = ORIENTED_EDGE('',*,*,#5088,.F.);
#19503 = ORIENTED_EDGE('',*,*,#19504,.T.);
#19504 = EDGE_CURVE('',#5089,#19505,#19507,.T.);
#19505 = VERTEX_POINT('',#19506);
#19506 = CARTESIAN_POINT('',(107.2,1.26,0.5));
#19507 = LINE('',#19508,#19509);
#19508 = CARTESIAN_POINT('',(107.2,1.2,0.5));
#19509 = VECTOR('',#19510,1.);
#19510 = DIRECTION('',(-0.,1.,0.));
#19511 = ORIENTED_EDGE('',*,*,#19512,.T.);
#19512 = EDGE_CURVE('',#19505,#19513,#19515,.T.);
#19513 = VERTEX_POINT('',#19514);
#19514 = CARTESIAN_POINT('',(107.2,1.26,3.9));
#19515 = LINE('',#19516,#19517);
#19516 = CARTESIAN_POINT('',(107.2,1.26,0.5));
#19517 = VECTOR('',#19518,1.);
#19518 = DIRECTION('',(0.,0.,1.));
#19519 = ORIENTED_EDGE('',*,*,#19520,.F.);
#19520 = EDGE_CURVE('',#5091,#19513,#19521,.T.);
#19521 = LINE('',#19522,#19523);
#19522 = CARTESIAN_POINT('',(107.2,1.2,3.9));
#19523 = VECTOR('',#19524,1.);
#19524 = DIRECTION('',(-0.,1.,0.));
#19525 = PLANE('',#19526);
#19526 = AXIS2_PLACEMENT_3D('',#19527,#19528,#19529);
#19527 = CARTESIAN_POINT('',(107.2,1.2,0.5));
#19528 = DIRECTION('',(1.,0.,-0.));
#19529 = DIRECTION('',(0.,0.,1.));
#19530 = ADVANCED_FACE('',(#19531),#19549,.F.);
#19531 = FACE_BOUND('',#19532,.F.);
#19532 = EDGE_LOOP('',(#19533,#19534,#19535,#19543));
#19533 = ORIENTED_EDGE('',*,*,#19504,.F.);
#19534 = ORIENTED_EDGE('',*,*,#5098,.T.);
#19535 = ORIENTED_EDGE('',*,*,#19536,.T.);
#19536 = EDGE_CURVE('',#5099,#19537,#19539,.T.);
#19537 = VERTEX_POINT('',#19538);
#19538 = CARTESIAN_POINT('',(108.25,1.26,0.5));
#19539 = LINE('',#19540,#19541);
#19540 = CARTESIAN_POINT('',(108.25,1.2,0.5));
#19541 = VECTOR('',#19542,1.);
#19542 = DIRECTION('',(-0.,1.,0.));
#19543 = ORIENTED_EDGE('',*,*,#19544,.F.);
#19544 = EDGE_CURVE('',#19505,#19537,#19545,.T.);
#19545 = LINE('',#19546,#19547);
#19546 = CARTESIAN_POINT('',(107.2,1.26,0.5));
#19547 = VECTOR('',#19548,1.);
#19548 = DIRECTION('',(1.,0.,-0.));
#19549 = PLANE('',#19550);
#19550 = AXIS2_PLACEMENT_3D('',#19551,#19552,#19553);
#19551 = CARTESIAN_POINT('',(107.2,1.2,0.5));
#19552 = DIRECTION('',(0.,0.,1.));
#19553 = DIRECTION('',(1.,0.,-0.));
#19554 = ADVANCED_FACE('',(#19555),#19573,.T.);
#19555 = FACE_BOUND('',#19556,.T.);
#19556 = EDGE_LOOP('',(#19557,#19558,#19559,#19567));
#19557 = ORIENTED_EDGE('',*,*,#19520,.F.);
#19558 = ORIENTED_EDGE('',*,*,#5114,.T.);
#19559 = ORIENTED_EDGE('',*,*,#19560,.T.);
#19560 = EDGE_CURVE('',#5107,#19561,#19563,.T.);
#19561 = VERTEX_POINT('',#19562);
#19562 = CARTESIAN_POINT('',(108.25,1.26,3.9));
#19563 = LINE('',#19564,#19565);
#19564 = CARTESIAN_POINT('',(108.25,1.2,3.9));
#19565 = VECTOR('',#19566,1.);
#19566 = DIRECTION('',(-0.,1.,0.));
#19567 = ORIENTED_EDGE('',*,*,#19568,.F.);
#19568 = EDGE_CURVE('',#19513,#19561,#19569,.T.);
#19569 = LINE('',#19570,#19571);
#19570 = CARTESIAN_POINT('',(107.2,1.26,3.9));
#19571 = VECTOR('',#19572,1.);
#19572 = DIRECTION('',(1.,0.,-0.));
#19573 = PLANE('',#19574);
#19574 = AXIS2_PLACEMENT_3D('',#19575,#19576,#19577);
#19575 = CARTESIAN_POINT('',(107.2,1.2,3.9));
#19576 = DIRECTION('',(0.,0.,1.));
#19577 = DIRECTION('',(1.,0.,-0.));
#19578 = ADVANCED_FACE('',(#19579),#19590,.T.);
#19579 = FACE_BOUND('',#19580,.T.);
#19580 = EDGE_LOOP('',(#19581,#19582,#19583,#19589));
#19581 = ORIENTED_EDGE('',*,*,#5106,.F.);
#19582 = ORIENTED_EDGE('',*,*,#19536,.T.);
#19583 = ORIENTED_EDGE('',*,*,#19584,.T.);
#19584 = EDGE_CURVE('',#19537,#19561,#19585,.T.);
#19585 = LINE('',#19586,#19587);
#19586 = CARTESIAN_POINT('',(108.25,1.26,0.5));
#19587 = VECTOR('',#19588,1.);
#19588 = DIRECTION('',(0.,0.,1.));
#19589 = ORIENTED_EDGE('',*,*,#19560,.F.);
#19590 = PLANE('',#19591);
#19591 = AXIS2_PLACEMENT_3D('',#19592,#19593,#19594);
#19592 = CARTESIAN_POINT('',(108.25,1.2,0.5));
#19593 = DIRECTION('',(1.,0.,-0.));
#19594 = DIRECTION('',(0.,0.,1.));
#19595 = ADVANCED_FACE('',(#19596),#19621,.F.);
#19596 = FACE_BOUND('',#19597,.F.);
#19597 = EDGE_LOOP('',(#19598,#19599,#19607,#19615));
#19598 = ORIENTED_EDGE('',*,*,#5122,.F.);
#19599 = ORIENTED_EDGE('',*,*,#19600,.T.);
#19600 = EDGE_CURVE('',#5123,#19601,#19603,.T.);
#19601 = VERTEX_POINT('',#19602);
#19602 = CARTESIAN_POINT('',(108.92,1.26,0.5));
#19603 = LINE('',#19604,#19605);
#19604 = CARTESIAN_POINT('',(108.92,1.2,0.5));
#19605 = VECTOR('',#19606,1.);
#19606 = DIRECTION('',(-0.,1.,0.));
#19607 = ORIENTED_EDGE('',*,*,#19608,.T.);
#19608 = EDGE_CURVE('',#19601,#19609,#19611,.T.);
#19609 = VERTEX_POINT('',#19610);
#19610 = CARTESIAN_POINT('',(108.92,1.26,3.9));
#19611 = LINE('',#19612,#19613);
#19612 = CARTESIAN_POINT('',(108.92,1.26,0.5));
#19613 = VECTOR('',#19614,1.);
#19614 = DIRECTION('',(0.,0.,1.));
#19615 = ORIENTED_EDGE('',*,*,#19616,.F.);
#19616 = EDGE_CURVE('',#5125,#19609,#19617,.T.);
#19617 = LINE('',#19618,#19619);
#19618 = CARTESIAN_POINT('',(108.92,1.2,3.9));
#19619 = VECTOR('',#19620,1.);
#19620 = DIRECTION('',(-0.,1.,0.));
#19621 = PLANE('',#19622);
#19622 = AXIS2_PLACEMENT_3D('',#19623,#19624,#19625);
#19623 = CARTESIAN_POINT('',(108.92,1.2,0.5));
#19624 = DIRECTION('',(1.,0.,-0.));
#19625 = DIRECTION('',(0.,0.,1.));
#19626 = ADVANCED_FACE('',(#19627),#19645,.F.);
#19627 = FACE_BOUND('',#19628,.F.);
#19628 = EDGE_LOOP('',(#19629,#19630,#19631,#19639));
#19629 = ORIENTED_EDGE('',*,*,#19600,.F.);
#19630 = ORIENTED_EDGE('',*,*,#5132,.T.);
#19631 = ORIENTED_EDGE('',*,*,#19632,.T.);
#19632 = EDGE_CURVE('',#5133,#19633,#19635,.T.);
#19633 = VERTEX_POINT('',#19634);
#19634 = CARTESIAN_POINT('',(109.97,1.26,0.5));
#19635 = LINE('',#19636,#19637);
#19636 = CARTESIAN_POINT('',(109.97,1.2,0.5));
#19637 = VECTOR('',#19638,1.);
#19638 = DIRECTION('',(-0.,1.,0.));
#19639 = ORIENTED_EDGE('',*,*,#19640,.F.);
#19640 = EDGE_CURVE('',#19601,#19633,#19641,.T.);
#19641 = LINE('',#19642,#19643);
#19642 = CARTESIAN_POINT('',(108.92,1.26,0.5));
#19643 = VECTOR('',#19644,1.);
#19644 = DIRECTION('',(1.,0.,-0.));
#19645 = PLANE('',#19646);
#19646 = AXIS2_PLACEMENT_3D('',#19647,#19648,#19649);
#19647 = CARTESIAN_POINT('',(108.92,1.2,0.5));
#19648 = DIRECTION('',(0.,0.,1.));
#19649 = DIRECTION('',(1.,0.,-0.));
#19650 = ADVANCED_FACE('',(#19651),#19669,.T.);
#19651 = FACE_BOUND('',#19652,.T.);
#19652 = EDGE_LOOP('',(#19653,#19654,#19655,#19663));
#19653 = ORIENTED_EDGE('',*,*,#19616,.F.);
#19654 = ORIENTED_EDGE('',*,*,#5148,.T.);
#19655 = ORIENTED_EDGE('',*,*,#19656,.T.);
#19656 = EDGE_CURVE('',#5141,#19657,#19659,.T.);
#19657 = VERTEX_POINT('',#19658);
#19658 = CARTESIAN_POINT('',(109.97,1.26,3.9));
#19659 = LINE('',#19660,#19661);
#19660 = CARTESIAN_POINT('',(109.97,1.2,3.9));
#19661 = VECTOR('',#19662,1.);
#19662 = DIRECTION('',(-0.,1.,0.));
#19663 = ORIENTED_EDGE('',*,*,#19664,.F.);
#19664 = EDGE_CURVE('',#19609,#19657,#19665,.T.);
#19665 = LINE('',#19666,#19667);
#19666 = CARTESIAN_POINT('',(108.92,1.26,3.9));
#19667 = VECTOR('',#19668,1.);
#19668 = DIRECTION('',(1.,0.,-0.));
#19669 = PLANE('',#19670);
#19670 = AXIS2_PLACEMENT_3D('',#19671,#19672,#19673);
#19671 = CARTESIAN_POINT('',(108.92,1.2,3.9));
#19672 = DIRECTION('',(0.,0.,1.));
#19673 = DIRECTION('',(1.,0.,-0.));
#19674 = ADVANCED_FACE('',(#19675),#19686,.T.);
#19675 = FACE_BOUND('',#19676,.T.);
#19676 = EDGE_LOOP('',(#19677,#19678,#19679,#19685));
#19677 = ORIENTED_EDGE('',*,*,#5140,.F.);
#19678 = ORIENTED_EDGE('',*,*,#19632,.T.);
#19679 = ORIENTED_EDGE('',*,*,#19680,.T.);
#19680 = EDGE_CURVE('',#19633,#19657,#19681,.T.);
#19681 = LINE('',#19682,#19683);
#19682 = CARTESIAN_POINT('',(109.97,1.26,0.5));
#19683 = VECTOR('',#19684,1.);
#19684 = DIRECTION('',(0.,0.,1.));
#19685 = ORIENTED_EDGE('',*,*,#19656,.F.);
#19686 = PLANE('',#19687);
#19687 = AXIS2_PLACEMENT_3D('',#19688,#19689,#19690);
#19688 = CARTESIAN_POINT('',(109.97,1.2,0.5));
#19689 = DIRECTION('',(1.,0.,-0.));
#19690 = DIRECTION('',(0.,0.,1.));
#19691 = ADVANCED_FACE('',(#19692),#19717,.F.);
#19692 = FACE_BOUND('',#19693,.F.);
#19693 = EDGE_LOOP('',(#19694,#19695,#19703,#19711));
#19694 = ORIENTED_EDGE('',*,*,#5156,.F.);
#19695 = ORIENTED_EDGE('',*,*,#19696,.T.);
#19696 = EDGE_CURVE('',#5157,#19697,#19699,.T.);
#19697 = VERTEX_POINT('',#19698);
#19698 = CARTESIAN_POINT('',(110.64,1.26,0.5));
#19699 = LINE('',#19700,#19701);
#19700 = CARTESIAN_POINT('',(110.64,1.2,0.5));
#19701 = VECTOR('',#19702,1.);
#19702 = DIRECTION('',(-0.,1.,0.));
#19703 = ORIENTED_EDGE('',*,*,#19704,.T.);
#19704 = EDGE_CURVE('',#19697,#19705,#19707,.T.);
#19705 = VERTEX_POINT('',#19706);
#19706 = CARTESIAN_POINT('',(110.64,1.26,3.9));
#19707 = LINE('',#19708,#19709);
#19708 = CARTESIAN_POINT('',(110.64,1.26,0.5));
#19709 = VECTOR('',#19710,1.);
#19710 = DIRECTION('',(0.,0.,1.));
#19711 = ORIENTED_EDGE('',*,*,#19712,.F.);
#19712 = EDGE_CURVE('',#5159,#19705,#19713,.T.);
#19713 = LINE('',#19714,#19715);
#19714 = CARTESIAN_POINT('',(110.64,1.2,3.9));
#19715 = VECTOR('',#19716,1.);
#19716 = DIRECTION('',(-0.,1.,0.));
#19717 = PLANE('',#19718);
#19718 = AXIS2_PLACEMENT_3D('',#19719,#19720,#19721);
#19719 = CARTESIAN_POINT('',(110.64,1.2,0.5));
#19720 = DIRECTION('',(1.,0.,-0.));
#19721 = DIRECTION('',(0.,0.,1.));
#19722 = ADVANCED_FACE('',(#19723),#19741,.F.);
#19723 = FACE_BOUND('',#19724,.F.);
#19724 = EDGE_LOOP('',(#19725,#19726,#19727,#19735));
#19725 = ORIENTED_EDGE('',*,*,#19696,.F.);
#19726 = ORIENTED_EDGE('',*,*,#5166,.T.);
#19727 = ORIENTED_EDGE('',*,*,#19728,.T.);
#19728 = EDGE_CURVE('',#5167,#19729,#19731,.T.);
#19729 = VERTEX_POINT('',#19730);
#19730 = CARTESIAN_POINT('',(111.69,1.26,0.5));
#19731 = LINE('',#19732,#19733);
#19732 = CARTESIAN_POINT('',(111.69,1.2,0.5));
#19733 = VECTOR('',#19734,1.);
#19734 = DIRECTION('',(-0.,1.,0.));
#19735 = ORIENTED_EDGE('',*,*,#19736,.F.);
#19736 = EDGE_CURVE('',#19697,#19729,#19737,.T.);
#19737 = LINE('',#19738,#19739);
#19738 = CARTESIAN_POINT('',(110.64,1.26,0.5));
#19739 = VECTOR('',#19740,1.);
#19740 = DIRECTION('',(1.,0.,-0.));
#19741 = PLANE('',#19742);
#19742 = AXIS2_PLACEMENT_3D('',#19743,#19744,#19745);
#19743 = CARTESIAN_POINT('',(110.64,1.2,0.5));
#19744 = DIRECTION('',(0.,0.,1.));
#19745 = DIRECTION('',(1.,0.,-0.));
#19746 = ADVANCED_FACE('',(#19747),#19765,.T.);
#19747 = FACE_BOUND('',#19748,.T.);
#19748 = EDGE_LOOP('',(#19749,#19750,#19751,#19759));
#19749 = ORIENTED_EDGE('',*,*,#19712,.F.);
#19750 = ORIENTED_EDGE('',*,*,#5182,.T.);
#19751 = ORIENTED_EDGE('',*,*,#19752,.T.);
#19752 = EDGE_CURVE('',#5175,#19753,#19755,.T.);
#19753 = VERTEX_POINT('',#19754);
#19754 = CARTESIAN_POINT('',(111.69,1.26,3.9));
#19755 = LINE('',#19756,#19757);
#19756 = CARTESIAN_POINT('',(111.69,1.2,3.9));
#19757 = VECTOR('',#19758,1.);
#19758 = DIRECTION('',(-0.,1.,0.));
#19759 = ORIENTED_EDGE('',*,*,#19760,.F.);
#19760 = EDGE_CURVE('',#19705,#19753,#19761,.T.);
#19761 = LINE('',#19762,#19763);
#19762 = CARTESIAN_POINT('',(110.64,1.26,3.9));
#19763 = VECTOR('',#19764,1.);
#19764 = DIRECTION('',(1.,0.,-0.));
#19765 = PLANE('',#19766);
#19766 = AXIS2_PLACEMENT_3D('',#19767,#19768,#19769);
#19767 = CARTESIAN_POINT('',(110.64,1.2,3.9));
#19768 = DIRECTION('',(0.,0.,1.));
#19769 = DIRECTION('',(1.,0.,-0.));
#19770 = ADVANCED_FACE('',(#19771),#19782,.T.);
#19771 = FACE_BOUND('',#19772,.T.);
#19772 = EDGE_LOOP('',(#19773,#19774,#19775,#19781));
#19773 = ORIENTED_EDGE('',*,*,#5174,.F.);
#19774 = ORIENTED_EDGE('',*,*,#19728,.T.);
#19775 = ORIENTED_EDGE('',*,*,#19776,.T.);
#19776 = EDGE_CURVE('',#19729,#19753,#19777,.T.);
#19777 = LINE('',#19778,#19779);
#19778 = CARTESIAN_POINT('',(111.69,1.26,0.5));
#19779 = VECTOR('',#19780,1.);
#19780 = DIRECTION('',(0.,0.,1.));
#19781 = ORIENTED_EDGE('',*,*,#19752,.F.);
#19782 = PLANE('',#19783);
#19783 = AXIS2_PLACEMENT_3D('',#19784,#19785,#19786);
#19784 = CARTESIAN_POINT('',(111.69,1.2,0.5));
#19785 = DIRECTION('',(1.,0.,-0.));
#19786 = DIRECTION('',(0.,0.,1.));
#19787 = ADVANCED_FACE('',(#19788),#19813,.F.);
#19788 = FACE_BOUND('',#19789,.F.);
#19789 = EDGE_LOOP('',(#19790,#19791,#19799,#19807));
#19790 = ORIENTED_EDGE('',*,*,#5190,.F.);
#19791 = ORIENTED_EDGE('',*,*,#19792,.T.);
#19792 = EDGE_CURVE('',#5191,#19793,#19795,.T.);
#19793 = VERTEX_POINT('',#19794);
#19794 = CARTESIAN_POINT('',(112.36,1.26,0.5));
#19795 = LINE('',#19796,#19797);
#19796 = CARTESIAN_POINT('',(112.36,1.2,0.5));
#19797 = VECTOR('',#19798,1.);
#19798 = DIRECTION('',(-0.,1.,0.));
#19799 = ORIENTED_EDGE('',*,*,#19800,.T.);
#19800 = EDGE_CURVE('',#19793,#19801,#19803,.T.);
#19801 = VERTEX_POINT('',#19802);
#19802 = CARTESIAN_POINT('',(112.36,1.26,3.9));
#19803 = LINE('',#19804,#19805);
#19804 = CARTESIAN_POINT('',(112.36,1.26,0.5));
#19805 = VECTOR('',#19806,1.);
#19806 = DIRECTION('',(0.,0.,1.));
#19807 = ORIENTED_EDGE('',*,*,#19808,.F.);
#19808 = EDGE_CURVE('',#5193,#19801,#19809,.T.);
#19809 = LINE('',#19810,#19811);
#19810 = CARTESIAN_POINT('',(112.36,1.2,3.9));
#19811 = VECTOR('',#19812,1.);
#19812 = DIRECTION('',(-0.,1.,0.));
#19813 = PLANE('',#19814);
#19814 = AXIS2_PLACEMENT_3D('',#19815,#19816,#19817);
#19815 = CARTESIAN_POINT('',(112.36,1.2,0.5));
#19816 = DIRECTION('',(1.,0.,-0.));
#19817 = DIRECTION('',(0.,0.,1.));
#19818 = ADVANCED_FACE('',(#19819),#19837,.F.);
#19819 = FACE_BOUND('',#19820,.F.);
#19820 = EDGE_LOOP('',(#19821,#19822,#19823,#19831));
#19821 = ORIENTED_EDGE('',*,*,#19792,.F.);
#19822 = ORIENTED_EDGE('',*,*,#5200,.T.);
#19823 = ORIENTED_EDGE('',*,*,#19824,.T.);
#19824 = EDGE_CURVE('',#5201,#19825,#19827,.T.);
#19825 = VERTEX_POINT('',#19826);
#19826 = CARTESIAN_POINT('',(113.41,1.26,0.5));
#19827 = LINE('',#19828,#19829);
#19828 = CARTESIAN_POINT('',(113.41,1.2,0.5));
#19829 = VECTOR('',#19830,1.);
#19830 = DIRECTION('',(-0.,1.,0.));
#19831 = ORIENTED_EDGE('',*,*,#19832,.F.);
#19832 = EDGE_CURVE('',#19793,#19825,#19833,.T.);
#19833 = LINE('',#19834,#19835);
#19834 = CARTESIAN_POINT('',(112.36,1.26,0.5));
#19835 = VECTOR('',#19836,1.);
#19836 = DIRECTION('',(1.,0.,-0.));
#19837 = PLANE('',#19838);
#19838 = AXIS2_PLACEMENT_3D('',#19839,#19840,#19841);
#19839 = CARTESIAN_POINT('',(112.36,1.2,0.5));
#19840 = DIRECTION('',(0.,0.,1.));
#19841 = DIRECTION('',(1.,0.,-0.));
#19842 = ADVANCED_FACE('',(#19843),#19861,.T.);
#19843 = FACE_BOUND('',#19844,.T.);
#19844 = EDGE_LOOP('',(#19845,#19846,#19847,#19855));
#19845 = ORIENTED_EDGE('',*,*,#19808,.F.);
#19846 = ORIENTED_EDGE('',*,*,#5216,.T.);
#19847 = ORIENTED_EDGE('',*,*,#19848,.T.);
#19848 = EDGE_CURVE('',#5209,#19849,#19851,.T.);
#19849 = VERTEX_POINT('',#19850);
#19850 = CARTESIAN_POINT('',(113.41,1.26,3.9));
#19851 = LINE('',#19852,#19853);
#19852 = CARTESIAN_POINT('',(113.41,1.2,3.9));
#19853 = VECTOR('',#19854,1.);
#19854 = DIRECTION('',(-0.,1.,0.));
#19855 = ORIENTED_EDGE('',*,*,#19856,.F.);
#19856 = EDGE_CURVE('',#19801,#19849,#19857,.T.);
#19857 = LINE('',#19858,#19859);
#19858 = CARTESIAN_POINT('',(112.36,1.26,3.9));
#19859 = VECTOR('',#19860,1.);
#19860 = DIRECTION('',(1.,0.,-0.));
#19861 = PLANE('',#19862);
#19862 = AXIS2_PLACEMENT_3D('',#19863,#19864,#19865);
#19863 = CARTESIAN_POINT('',(112.36,1.2,3.9));
#19864 = DIRECTION('',(0.,0.,1.));
#19865 = DIRECTION('',(1.,0.,-0.));
#19866 = ADVANCED_FACE('',(#19867),#19878,.T.);
#19867 = FACE_BOUND('',#19868,.T.);
#19868 = EDGE_LOOP('',(#19869,#19870,#19871,#19877));
#19869 = ORIENTED_EDGE('',*,*,#5208,.F.);
#19870 = ORIENTED_EDGE('',*,*,#19824,.T.);
#19871 = ORIENTED_EDGE('',*,*,#19872,.T.);
#19872 = EDGE_CURVE('',#19825,#19849,#19873,.T.);
#19873 = LINE('',#19874,#19875);
#19874 = CARTESIAN_POINT('',(113.41,1.26,0.5));
#19875 = VECTOR('',#19876,1.);
#19876 = DIRECTION('',(0.,0.,1.));
#19877 = ORIENTED_EDGE('',*,*,#19848,.F.);
#19878 = PLANE('',#19879);
#19879 = AXIS2_PLACEMENT_3D('',#19880,#19881,#19882);
#19880 = CARTESIAN_POINT('',(113.41,1.2,0.5));
#19881 = DIRECTION('',(1.,0.,-0.));
#19882 = DIRECTION('',(0.,0.,1.));
#19883 = ADVANCED_FACE('',(#19884),#19909,.F.);
#19884 = FACE_BOUND('',#19885,.F.);
#19885 = EDGE_LOOP('',(#19886,#19887,#19895,#19903));
#19886 = ORIENTED_EDGE('',*,*,#5224,.F.);
#19887 = ORIENTED_EDGE('',*,*,#19888,.T.);
#19888 = EDGE_CURVE('',#5225,#19889,#19891,.T.);
#19889 = VERTEX_POINT('',#19890);
#19890 = CARTESIAN_POINT('',(114.08,1.26,0.5));
#19891 = LINE('',#19892,#19893);
#19892 = CARTESIAN_POINT('',(114.08,1.2,0.5));
#19893 = VECTOR('',#19894,1.);
#19894 = DIRECTION('',(-0.,1.,0.));
#19895 = ORIENTED_EDGE('',*,*,#19896,.T.);
#19896 = EDGE_CURVE('',#19889,#19897,#19899,.T.);
#19897 = VERTEX_POINT('',#19898);
#19898 = CARTESIAN_POINT('',(114.08,1.26,3.9));
#19899 = LINE('',#19900,#19901);
#19900 = CARTESIAN_POINT('',(114.08,1.26,0.5));
#19901 = VECTOR('',#19902,1.);
#19902 = DIRECTION('',(0.,0.,1.));
#19903 = ORIENTED_EDGE('',*,*,#19904,.F.);
#19904 = EDGE_CURVE('',#5227,#19897,#19905,.T.);
#19905 = LINE('',#19906,#19907);
#19906 = CARTESIAN_POINT('',(114.08,1.2,3.9));
#19907 = VECTOR('',#19908,1.);
#19908 = DIRECTION('',(-0.,1.,0.));
#19909 = PLANE('',#19910);
#19910 = AXIS2_PLACEMENT_3D('',#19911,#19912,#19913);
#19911 = CARTESIAN_POINT('',(114.08,1.2,0.5));
#19912 = DIRECTION('',(1.,0.,-0.));
#19913 = DIRECTION('',(0.,0.,1.));
#19914 = ADVANCED_FACE('',(#19915),#19933,.F.);
#19915 = FACE_BOUND('',#19916,.F.);
#19916 = EDGE_LOOP('',(#19917,#19918,#19919,#19927));
#19917 = ORIENTED_EDGE('',*,*,#19888,.F.);
#19918 = ORIENTED_EDGE('',*,*,#5234,.T.);
#19919 = ORIENTED_EDGE('',*,*,#19920,.T.);
#19920 = EDGE_CURVE('',#5235,#19921,#19923,.T.);
#19921 = VERTEX_POINT('',#19922);
#19922 = CARTESIAN_POINT('',(115.13,1.26,0.5));
#19923 = LINE('',#19924,#19925);
#19924 = CARTESIAN_POINT('',(115.13,1.2,0.5));
#19925 = VECTOR('',#19926,1.);
#19926 = DIRECTION('',(-0.,1.,0.));
#19927 = ORIENTED_EDGE('',*,*,#19928,.F.);
#19928 = EDGE_CURVE('',#19889,#19921,#19929,.T.);
#19929 = LINE('',#19930,#19931);
#19930 = CARTESIAN_POINT('',(114.08,1.26,0.5));
#19931 = VECTOR('',#19932,1.);
#19932 = DIRECTION('',(1.,0.,-0.));
#19933 = PLANE('',#19934);
#19934 = AXIS2_PLACEMENT_3D('',#19935,#19936,#19937);
#19935 = CARTESIAN_POINT('',(114.08,1.2,0.5));
#19936 = DIRECTION('',(0.,0.,1.));
#19937 = DIRECTION('',(1.,0.,-0.));
#19938 = ADVANCED_FACE('',(#19939),#19957,.T.);
#19939 = FACE_BOUND('',#19940,.T.);
#19940 = EDGE_LOOP('',(#19941,#19942,#19943,#19951));
#19941 = ORIENTED_EDGE('',*,*,#19904,.F.);
#19942 = ORIENTED_EDGE('',*,*,#5250,.T.);
#19943 = ORIENTED_EDGE('',*,*,#19944,.T.);
#19944 = EDGE_CURVE('',#5243,#19945,#19947,.T.);
#19945 = VERTEX_POINT('',#19946);
#19946 = CARTESIAN_POINT('',(115.13,1.26,3.9));
#19947 = LINE('',#19948,#19949);
#19948 = CARTESIAN_POINT('',(115.13,1.2,3.9));
#19949 = VECTOR('',#19950,1.);
#19950 = DIRECTION('',(-0.,1.,0.));
#19951 = ORIENTED_EDGE('',*,*,#19952,.F.);
#19952 = EDGE_CURVE('',#19897,#19945,#19953,.T.);
#19953 = LINE('',#19954,#19955);
#19954 = CARTESIAN_POINT('',(114.08,1.26,3.9));
#19955 = VECTOR('',#19956,1.);
#19956 = DIRECTION('',(1.,0.,-0.));
#19957 = PLANE('',#19958);
#19958 = AXIS2_PLACEMENT_3D('',#19959,#19960,#19961);
#19959 = CARTESIAN_POINT('',(114.08,1.2,3.9));
#19960 = DIRECTION('',(0.,0.,1.));
#19961 = DIRECTION('',(1.,0.,-0.));
#19962 = ADVANCED_FACE('',(#19963),#19974,.T.);
#19963 = FACE_BOUND('',#19964,.T.);
#19964 = EDGE_LOOP('',(#19965,#19966,#19967,#19973));
#19965 = ORIENTED_EDGE('',*,*,#5242,.F.);
#19966 = ORIENTED_EDGE('',*,*,#19920,.T.);
#19967 = ORIENTED_EDGE('',*,*,#19968,.T.);
#19968 = EDGE_CURVE('',#19921,#19945,#19969,.T.);
#19969 = LINE('',#19970,#19971);
#19970 = CARTESIAN_POINT('',(115.13,1.26,0.5));
#19971 = VECTOR('',#19972,1.);
#19972 = DIRECTION('',(0.,0.,1.));
#19973 = ORIENTED_EDGE('',*,*,#19944,.F.);
#19974 = PLANE('',#19975);
#19975 = AXIS2_PLACEMENT_3D('',#19976,#19977,#19978);
#19976 = CARTESIAN_POINT('',(115.13,1.2,0.5));
#19977 = DIRECTION('',(1.,0.,-0.));
#19978 = DIRECTION('',(0.,0.,1.));
#19979 = ADVANCED_FACE('',(#19980),#20005,.F.);
#19980 = FACE_BOUND('',#19981,.F.);
#19981 = EDGE_LOOP('',(#19982,#19983,#19991,#19999));
#19982 = ORIENTED_EDGE('',*,*,#5258,.F.);
#19983 = ORIENTED_EDGE('',*,*,#19984,.T.);
#19984 = EDGE_CURVE('',#5259,#19985,#19987,.T.);
#19985 = VERTEX_POINT('',#19986);
#19986 = CARTESIAN_POINT('',(115.8,1.26,0.5));
#19987 = LINE('',#19988,#19989);
#19988 = CARTESIAN_POINT('',(115.8,1.2,0.5));
#19989 = VECTOR('',#19990,1.);
#19990 = DIRECTION('',(-0.,1.,0.));
#19991 = ORIENTED_EDGE('',*,*,#19992,.T.);
#19992 = EDGE_CURVE('',#19985,#19993,#19995,.T.);
#19993 = VERTEX_POINT('',#19994);
#19994 = CARTESIAN_POINT('',(115.8,1.26,3.9));
#19995 = LINE('',#19996,#19997);
#19996 = CARTESIAN_POINT('',(115.8,1.26,0.5));
#19997 = VECTOR('',#19998,1.);
#19998 = DIRECTION('',(0.,0.,1.));
#19999 = ORIENTED_EDGE('',*,*,#20000,.F.);
#20000 = EDGE_CURVE('',#5261,#19993,#20001,.T.);
#20001 = LINE('',#20002,#20003);
#20002 = CARTESIAN_POINT('',(115.8,1.2,3.9));
#20003 = VECTOR('',#20004,1.);
#20004 = DIRECTION('',(-0.,1.,0.));
#20005 = PLANE('',#20006);
#20006 = AXIS2_PLACEMENT_3D('',#20007,#20008,#20009);
#20007 = CARTESIAN_POINT('',(115.8,1.2,0.5));
#20008 = DIRECTION('',(1.,0.,-0.));
#20009 = DIRECTION('',(0.,0.,1.));
#20010 = ADVANCED_FACE('',(#20011),#20029,.F.);
#20011 = FACE_BOUND('',#20012,.F.);
#20012 = EDGE_LOOP('',(#20013,#20014,#20015,#20023));
#20013 = ORIENTED_EDGE('',*,*,#19984,.F.);
#20014 = ORIENTED_EDGE('',*,*,#5268,.T.);
#20015 = ORIENTED_EDGE('',*,*,#20016,.T.);
#20016 = EDGE_CURVE('',#5269,#20017,#20019,.T.);
#20017 = VERTEX_POINT('',#20018);
#20018 = CARTESIAN_POINT('',(116.85,1.26,0.5));
#20019 = LINE('',#20020,#20021);
#20020 = CARTESIAN_POINT('',(116.85,1.2,0.5));
#20021 = VECTOR('',#20022,1.);
#20022 = DIRECTION('',(-0.,1.,0.));
#20023 = ORIENTED_EDGE('',*,*,#20024,.F.);
#20024 = EDGE_CURVE('',#19985,#20017,#20025,.T.);
#20025 = LINE('',#20026,#20027);
#20026 = CARTESIAN_POINT('',(115.8,1.26,0.5));
#20027 = VECTOR('',#20028,1.);
#20028 = DIRECTION('',(1.,0.,-0.));
#20029 = PLANE('',#20030);
#20030 = AXIS2_PLACEMENT_3D('',#20031,#20032,#20033);
#20031 = CARTESIAN_POINT('',(115.8,1.2,0.5));
#20032 = DIRECTION('',(0.,0.,1.));
#20033 = DIRECTION('',(1.,0.,-0.));
#20034 = ADVANCED_FACE('',(#20035),#20053,.T.);
#20035 = FACE_BOUND('',#20036,.T.);
#20036 = EDGE_LOOP('',(#20037,#20038,#20039,#20047));
#20037 = ORIENTED_EDGE('',*,*,#20000,.F.);
#20038 = ORIENTED_EDGE('',*,*,#5284,.T.);
#20039 = ORIENTED_EDGE('',*,*,#20040,.T.);
#20040 = EDGE_CURVE('',#5277,#20041,#20043,.T.);
#20041 = VERTEX_POINT('',#20042);
#20042 = CARTESIAN_POINT('',(116.85,1.26,3.9));
#20043 = LINE('',#20044,#20045);
#20044 = CARTESIAN_POINT('',(116.85,1.2,3.9));
#20045 = VECTOR('',#20046,1.);
#20046 = DIRECTION('',(-0.,1.,0.));
#20047 = ORIENTED_EDGE('',*,*,#20048,.F.);
#20048 = EDGE_CURVE('',#19993,#20041,#20049,.T.);
#20049 = LINE('',#20050,#20051);
#20050 = CARTESIAN_POINT('',(115.8,1.26,3.9));
#20051 = VECTOR('',#20052,1.);
#20052 = DIRECTION('',(1.,0.,-0.));
#20053 = PLANE('',#20054);
#20054 = AXIS2_PLACEMENT_3D('',#20055,#20056,#20057);
#20055 = CARTESIAN_POINT('',(115.8,1.2,3.9));
#20056 = DIRECTION('',(0.,0.,1.));
#20057 = DIRECTION('',(1.,0.,-0.));
#20058 = ADVANCED_FACE('',(#20059),#20070,.T.);
#20059 = FACE_BOUND('',#20060,.T.);
#20060 = EDGE_LOOP('',(#20061,#20062,#20063,#20069));
#20061 = ORIENTED_EDGE('',*,*,#5276,.F.);
#20062 = ORIENTED_EDGE('',*,*,#20016,.T.);
#20063 = ORIENTED_EDGE('',*,*,#20064,.T.);
#20064 = EDGE_CURVE('',#20017,#20041,#20065,.T.);
#20065 = LINE('',#20066,#20067);
#20066 = CARTESIAN_POINT('',(116.85,1.26,0.5));
#20067 = VECTOR('',#20068,1.);
#20068 = DIRECTION('',(0.,0.,1.));
#20069 = ORIENTED_EDGE('',*,*,#20040,.F.);
#20070 = PLANE('',#20071);
#20071 = AXIS2_PLACEMENT_3D('',#20072,#20073,#20074);
#20072 = CARTESIAN_POINT('',(116.85,1.2,0.5));
#20073 = DIRECTION('',(1.,0.,-0.));
#20074 = DIRECTION('',(0.,0.,1.));
#20075 = ADVANCED_FACE('',(#20076),#20101,.F.);
#20076 = FACE_BOUND('',#20077,.F.);
#20077 = EDGE_LOOP('',(#20078,#20079,#20087,#20095));
#20078 = ORIENTED_EDGE('',*,*,#5292,.F.);
#20079 = ORIENTED_EDGE('',*,*,#20080,.T.);
#20080 = EDGE_CURVE('',#5293,#20081,#20083,.T.);
#20081 = VERTEX_POINT('',#20082);
#20082 = CARTESIAN_POINT('',(117.52,1.26,0.5));
#20083 = LINE('',#20084,#20085);
#20084 = CARTESIAN_POINT('',(117.52,1.2,0.5));
#20085 = VECTOR('',#20086,1.);
#20086 = DIRECTION('',(-0.,1.,0.));
#20087 = ORIENTED_EDGE('',*,*,#20088,.T.);
#20088 = EDGE_CURVE('',#20081,#20089,#20091,.T.);
#20089 = VERTEX_POINT('',#20090);
#20090 = CARTESIAN_POINT('',(117.52,1.26,3.9));
#20091 = LINE('',#20092,#20093);
#20092 = CARTESIAN_POINT('',(117.52,1.26,0.5));
#20093 = VECTOR('',#20094,1.);
#20094 = DIRECTION('',(0.,0.,1.));
#20095 = ORIENTED_EDGE('',*,*,#20096,.F.);
#20096 = EDGE_CURVE('',#5295,#20089,#20097,.T.);
#20097 = LINE('',#20098,#20099);
#20098 = CARTESIAN_POINT('',(117.52,1.2,3.9));
#20099 = VECTOR('',#20100,1.);
#20100 = DIRECTION('',(-0.,1.,0.));
#20101 = PLANE('',#20102);
#20102 = AXIS2_PLACEMENT_3D('',#20103,#20104,#20105);
#20103 = CARTESIAN_POINT('',(117.52,1.2,0.5));
#20104 = DIRECTION('',(1.,0.,-0.));
#20105 = DIRECTION('',(0.,0.,1.));
#20106 = ADVANCED_FACE('',(#20107),#20125,.F.);
#20107 = FACE_BOUND('',#20108,.F.);
#20108 = EDGE_LOOP('',(#20109,#20110,#20111,#20119));
#20109 = ORIENTED_EDGE('',*,*,#20080,.F.);
#20110 = ORIENTED_EDGE('',*,*,#5302,.T.);
#20111 = ORIENTED_EDGE('',*,*,#20112,.T.);
#20112 = EDGE_CURVE('',#5303,#20113,#20115,.T.);
#20113 = VERTEX_POINT('',#20114);
#20114 = CARTESIAN_POINT('',(118.57,1.26,0.5));
#20115 = LINE('',#20116,#20117);
#20116 = CARTESIAN_POINT('',(118.57,1.2,0.5));
#20117 = VECTOR('',#20118,1.);
#20118 = DIRECTION('',(-0.,1.,0.));
#20119 = ORIENTED_EDGE('',*,*,#20120,.F.);
#20120 = EDGE_CURVE('',#20081,#20113,#20121,.T.);
#20121 = LINE('',#20122,#20123);
#20122 = CARTESIAN_POINT('',(117.52,1.26,0.5));
#20123 = VECTOR('',#20124,1.);
#20124 = DIRECTION('',(1.,0.,-0.));
#20125 = PLANE('',#20126);
#20126 = AXIS2_PLACEMENT_3D('',#20127,#20128,#20129);
#20127 = CARTESIAN_POINT('',(117.52,1.2,0.5));
#20128 = DIRECTION('',(0.,0.,1.));
#20129 = DIRECTION('',(1.,0.,-0.));
#20130 = ADVANCED_FACE('',(#20131),#20149,.T.);
#20131 = FACE_BOUND('',#20132,.T.);
#20132 = EDGE_LOOP('',(#20133,#20134,#20135,#20143));
#20133 = ORIENTED_EDGE('',*,*,#20096,.F.);
#20134 = ORIENTED_EDGE('',*,*,#5318,.T.);
#20135 = ORIENTED_EDGE('',*,*,#20136,.T.);
#20136 = EDGE_CURVE('',#5311,#20137,#20139,.T.);
#20137 = VERTEX_POINT('',#20138);
#20138 = CARTESIAN_POINT('',(118.57,1.26,3.9));
#20139 = LINE('',#20140,#20141);
#20140 = CARTESIAN_POINT('',(118.57,1.2,3.9));
#20141 = VECTOR('',#20142,1.);
#20142 = DIRECTION('',(-0.,1.,0.));
#20143 = ORIENTED_EDGE('',*,*,#20144,.F.);
#20144 = EDGE_CURVE('',#20089,#20137,#20145,.T.);
#20145 = LINE('',#20146,#20147);
#20146 = CARTESIAN_POINT('',(117.52,1.26,3.9));
#20147 = VECTOR('',#20148,1.);
#20148 = DIRECTION('',(1.,0.,-0.));
#20149 = PLANE('',#20150);
#20150 = AXIS2_PLACEMENT_3D('',#20151,#20152,#20153);
#20151 = CARTESIAN_POINT('',(117.52,1.2,3.9));
#20152 = DIRECTION('',(0.,0.,1.));
#20153 = DIRECTION('',(1.,0.,-0.));
#20154 = ADVANCED_FACE('',(#20155),#20166,.T.);
#20155 = FACE_BOUND('',#20156,.T.);
#20156 = EDGE_LOOP('',(#20157,#20158,#20159,#20165));
#20157 = ORIENTED_EDGE('',*,*,#5310,.F.);
#20158 = ORIENTED_EDGE('',*,*,#20112,.T.);
#20159 = ORIENTED_EDGE('',*,*,#20160,.T.);
#20160 = EDGE_CURVE('',#20113,#20137,#20161,.T.);
#20161 = LINE('',#20162,#20163);
#20162 = CARTESIAN_POINT('',(118.57,1.26,0.5));
#20163 = VECTOR('',#20164,1.);
#20164 = DIRECTION('',(0.,0.,1.));
#20165 = ORIENTED_EDGE('',*,*,#20136,.F.);
#20166 = PLANE('',#20167);
#20167 = AXIS2_PLACEMENT_3D('',#20168,#20169,#20170);
#20168 = CARTESIAN_POINT('',(118.57,1.2,0.5));
#20169 = DIRECTION('',(1.,0.,-0.));
#20170 = DIRECTION('',(0.,0.,1.));
#20171 = ADVANCED_FACE('',(#20172),#20197,.F.);
#20172 = FACE_BOUND('',#20173,.F.);
#20173 = EDGE_LOOP('',(#20174,#20175,#20183,#20191));
#20174 = ORIENTED_EDGE('',*,*,#5326,.F.);
#20175 = ORIENTED_EDGE('',*,*,#20176,.T.);
#20176 = EDGE_CURVE('',#5327,#20177,#20179,.T.);
#20177 = VERTEX_POINT('',#20178);
#20178 = CARTESIAN_POINT('',(119.24,1.26,0.5));
#20179 = LINE('',#20180,#20181);
#20180 = CARTESIAN_POINT('',(119.24,1.2,0.5));
#20181 = VECTOR('',#20182,1.);
#20182 = DIRECTION('',(-0.,1.,0.));
#20183 = ORIENTED_EDGE('',*,*,#20184,.T.);
#20184 = EDGE_CURVE('',#20177,#20185,#20187,.T.);
#20185 = VERTEX_POINT('',#20186);
#20186 = CARTESIAN_POINT('',(119.24,1.26,3.9));
#20187 = LINE('',#20188,#20189);
#20188 = CARTESIAN_POINT('',(119.24,1.26,0.5));
#20189 = VECTOR('',#20190,1.);
#20190 = DIRECTION('',(0.,0.,1.));
#20191 = ORIENTED_EDGE('',*,*,#20192,.F.);
#20192 = EDGE_CURVE('',#5329,#20185,#20193,.T.);
#20193 = LINE('',#20194,#20195);
#20194 = CARTESIAN_POINT('',(119.24,1.2,3.9));
#20195 = VECTOR('',#20196,1.);
#20196 = DIRECTION('',(-0.,1.,0.));
#20197 = PLANE('',#20198);
#20198 = AXIS2_PLACEMENT_3D('',#20199,#20200,#20201);
#20199 = CARTESIAN_POINT('',(119.24,1.2,0.5));
#20200 = DIRECTION('',(1.,0.,-0.));
#20201 = DIRECTION('',(0.,0.,1.));
#20202 = ADVANCED_FACE('',(#20203),#20221,.F.);
#20203 = FACE_BOUND('',#20204,.F.);
#20204 = EDGE_LOOP('',(#20205,#20206,#20207,#20215));
#20205 = ORIENTED_EDGE('',*,*,#20176,.F.);
#20206 = ORIENTED_EDGE('',*,*,#5336,.T.);
#20207 = ORIENTED_EDGE('',*,*,#20208,.T.);
#20208 = EDGE_CURVE('',#5337,#20209,#20211,.T.);
#20209 = VERTEX_POINT('',#20210);
#20210 = CARTESIAN_POINT('',(120.29,1.26,0.5));
#20211 = LINE('',#20212,#20213);
#20212 = CARTESIAN_POINT('',(120.29,1.2,0.5));
#20213 = VECTOR('',#20214,1.);
#20214 = DIRECTION('',(-0.,1.,0.));
#20215 = ORIENTED_EDGE('',*,*,#20216,.F.);
#20216 = EDGE_CURVE('',#20177,#20209,#20217,.T.);
#20217 = LINE('',#20218,#20219);
#20218 = CARTESIAN_POINT('',(119.24,1.26,0.5));
#20219 = VECTOR('',#20220,1.);
#20220 = DIRECTION('',(1.,0.,-0.));
#20221 = PLANE('',#20222);
#20222 = AXIS2_PLACEMENT_3D('',#20223,#20224,#20225);
#20223 = CARTESIAN_POINT('',(119.24,1.2,0.5));
#20224 = DIRECTION('',(0.,0.,1.));
#20225 = DIRECTION('',(1.,0.,-0.));
#20226 = ADVANCED_FACE('',(#20227),#20245,.T.);
#20227 = FACE_BOUND('',#20228,.T.);
#20228 = EDGE_LOOP('',(#20229,#20230,#20231,#20239));
#20229 = ORIENTED_EDGE('',*,*,#20192,.F.);
#20230 = ORIENTED_EDGE('',*,*,#5352,.T.);
#20231 = ORIENTED_EDGE('',*,*,#20232,.T.);
#20232 = EDGE_CURVE('',#5345,#20233,#20235,.T.);
#20233 = VERTEX_POINT('',#20234);
#20234 = CARTESIAN_POINT('',(120.29,1.26,3.9));
#20235 = LINE('',#20236,#20237);
#20236 = CARTESIAN_POINT('',(120.29,1.2,3.9));
#20237 = VECTOR('',#20238,1.);
#20238 = DIRECTION('',(-0.,1.,0.));
#20239 = ORIENTED_EDGE('',*,*,#20240,.F.);
#20240 = EDGE_CURVE('',#20185,#20233,#20241,.T.);
#20241 = LINE('',#20242,#20243);
#20242 = CARTESIAN_POINT('',(119.24,1.26,3.9));
#20243 = VECTOR('',#20244,1.);
#20244 = DIRECTION('',(1.,0.,-0.));
#20245 = PLANE('',#20246);
#20246 = AXIS2_PLACEMENT_3D('',#20247,#20248,#20249);
#20247 = CARTESIAN_POINT('',(119.24,1.2,3.9));
#20248 = DIRECTION('',(0.,0.,1.));
#20249 = DIRECTION('',(1.,0.,-0.));
#20250 = ADVANCED_FACE('',(#20251),#20262,.T.);
#20251 = FACE_BOUND('',#20252,.T.);
#20252 = EDGE_LOOP('',(#20253,#20254,#20255,#20261));
#20253 = ORIENTED_EDGE('',*,*,#5344,.F.);
#20254 = ORIENTED_EDGE('',*,*,#20208,.T.);
#20255 = ORIENTED_EDGE('',*,*,#20256,.T.);
#20256 = EDGE_CURVE('',#20209,#20233,#20257,.T.);
#20257 = LINE('',#20258,#20259);
#20258 = CARTESIAN_POINT('',(120.29,1.26,0.5));
#20259 = VECTOR('',#20260,1.);
#20260 = DIRECTION('',(0.,0.,1.));
#20261 = ORIENTED_EDGE('',*,*,#20232,.F.);
#20262 = PLANE('',#20263);
#20263 = AXIS2_PLACEMENT_3D('',#20264,#20265,#20266);
#20264 = CARTESIAN_POINT('',(120.29,1.2,0.5));
#20265 = DIRECTION('',(1.,0.,-0.));
#20266 = DIRECTION('',(0.,0.,1.));
#20267 = ADVANCED_FACE('',(#20268),#20293,.F.);
#20268 = FACE_BOUND('',#20269,.F.);
#20269 = EDGE_LOOP('',(#20270,#20271,#20279,#20287));
#20270 = ORIENTED_EDGE('',*,*,#5360,.F.);
#20271 = ORIENTED_EDGE('',*,*,#20272,.T.);
#20272 = EDGE_CURVE('',#5361,#20273,#20275,.T.);
#20273 = VERTEX_POINT('',#20274);
#20274 = CARTESIAN_POINT('',(120.96,1.26,0.5));
#20275 = LINE('',#20276,#20277);
#20276 = CARTESIAN_POINT('',(120.96,1.2,0.5));
#20277 = VECTOR('',#20278,1.);
#20278 = DIRECTION('',(-0.,1.,0.));
#20279 = ORIENTED_EDGE('',*,*,#20280,.T.);
#20280 = EDGE_CURVE('',#20273,#20281,#20283,.T.);
#20281 = VERTEX_POINT('',#20282);
#20282 = CARTESIAN_POINT('',(120.96,1.26,3.9));
#20283 = LINE('',#20284,#20285);
#20284 = CARTESIAN_POINT('',(120.96,1.26,0.5));
#20285 = VECTOR('',#20286,1.);
#20286 = DIRECTION('',(0.,0.,1.));
#20287 = ORIENTED_EDGE('',*,*,#20288,.F.);
#20288 = EDGE_CURVE('',#5363,#20281,#20289,.T.);
#20289 = LINE('',#20290,#20291);
#20290 = CARTESIAN_POINT('',(120.96,1.2,3.9));
#20291 = VECTOR('',#20292,1.);
#20292 = DIRECTION('',(-0.,1.,0.));
#20293 = PLANE('',#20294);
#20294 = AXIS2_PLACEMENT_3D('',#20295,#20296,#20297);
#20295 = CARTESIAN_POINT('',(120.96,1.2,0.5));
#20296 = DIRECTION('',(1.,0.,-0.));
#20297 = DIRECTION('',(0.,0.,1.));
#20298 = ADVANCED_FACE('',(#20299),#20317,.F.);
#20299 = FACE_BOUND('',#20300,.F.);
#20300 = EDGE_LOOP('',(#20301,#20302,#20303,#20311));
#20301 = ORIENTED_EDGE('',*,*,#20272,.F.);
#20302 = ORIENTED_EDGE('',*,*,#5370,.T.);
#20303 = ORIENTED_EDGE('',*,*,#20304,.T.);
#20304 = EDGE_CURVE('',#5371,#20305,#20307,.T.);
#20305 = VERTEX_POINT('',#20306);
#20306 = CARTESIAN_POINT('',(122.01,1.26,0.5));
#20307 = LINE('',#20308,#20309);
#20308 = CARTESIAN_POINT('',(122.01,1.2,0.5));
#20309 = VECTOR('',#20310,1.);
#20310 = DIRECTION('',(-0.,1.,0.));
#20311 = ORIENTED_EDGE('',*,*,#20312,.F.);
#20312 = EDGE_CURVE('',#20273,#20305,#20313,.T.);
#20313 = LINE('',#20314,#20315);
#20314 = CARTESIAN_POINT('',(120.96,1.26,0.5));
#20315 = VECTOR('',#20316,1.);
#20316 = DIRECTION('',(1.,0.,-0.));
#20317 = PLANE('',#20318);
#20318 = AXIS2_PLACEMENT_3D('',#20319,#20320,#20321);
#20319 = CARTESIAN_POINT('',(120.96,1.2,0.5));
#20320 = DIRECTION('',(0.,0.,1.));
#20321 = DIRECTION('',(1.,0.,-0.));
#20322 = ADVANCED_FACE('',(#20323),#20341,.T.);
#20323 = FACE_BOUND('',#20324,.T.);
#20324 = EDGE_LOOP('',(#20325,#20326,#20327,#20335));
#20325 = ORIENTED_EDGE('',*,*,#20288,.F.);
#20326 = ORIENTED_EDGE('',*,*,#5386,.T.);
#20327 = ORIENTED_EDGE('',*,*,#20328,.T.);
#20328 = EDGE_CURVE('',#5379,#20329,#20331,.T.);
#20329 = VERTEX_POINT('',#20330);
#20330 = CARTESIAN_POINT('',(122.01,1.26,3.9));
#20331 = LINE('',#20332,#20333);
#20332 = CARTESIAN_POINT('',(122.01,1.2,3.9));
#20333 = VECTOR('',#20334,1.);
#20334 = DIRECTION('',(-0.,1.,0.));
#20335 = ORIENTED_EDGE('',*,*,#20336,.F.);
#20336 = EDGE_CURVE('',#20281,#20329,#20337,.T.);
#20337 = LINE('',#20338,#20339);
#20338 = CARTESIAN_POINT('',(120.96,1.26,3.9));
#20339 = VECTOR('',#20340,1.);
#20340 = DIRECTION('',(1.,0.,-0.));
#20341 = PLANE('',#20342);
#20342 = AXIS2_PLACEMENT_3D('',#20343,#20344,#20345);
#20343 = CARTESIAN_POINT('',(120.96,1.2,3.9));
#20344 = DIRECTION('',(0.,0.,1.));
#20345 = DIRECTION('',(1.,0.,-0.));
#20346 = ADVANCED_FACE('',(#20347),#20358,.T.);
#20347 = FACE_BOUND('',#20348,.T.);
#20348 = EDGE_LOOP('',(#20349,#20350,#20351,#20357));
#20349 = ORIENTED_EDGE('',*,*,#5378,.F.);
#20350 = ORIENTED_EDGE('',*,*,#20304,.T.);
#20351 = ORIENTED_EDGE('',*,*,#20352,.T.);
#20352 = EDGE_CURVE('',#20305,#20329,#20353,.T.);
#20353 = LINE('',#20354,#20355);
#20354 = CARTESIAN_POINT('',(122.01,1.26,0.5));
#20355 = VECTOR('',#20356,1.);
#20356 = DIRECTION('',(0.,0.,1.));
#20357 = ORIENTED_EDGE('',*,*,#20328,.F.);
#20358 = PLANE('',#20359);
#20359 = AXIS2_PLACEMENT_3D('',#20360,#20361,#20362);
#20360 = CARTESIAN_POINT('',(122.01,1.2,0.5));
#20361 = DIRECTION('',(1.,0.,-0.));
#20362 = DIRECTION('',(0.,0.,1.));
#20363 = ADVANCED_FACE('',(#20364),#20389,.F.);
#20364 = FACE_BOUND('',#20365,.F.);
#20365 = EDGE_LOOP('',(#20366,#20367,#20375,#20383));
#20366 = ORIENTED_EDGE('',*,*,#5394,.F.);
#20367 = ORIENTED_EDGE('',*,*,#20368,.T.);
#20368 = EDGE_CURVE('',#5395,#20369,#20371,.T.);
#20369 = VERTEX_POINT('',#20370);
#20370 = CARTESIAN_POINT('',(122.68,1.26,0.5));
#20371 = LINE('',#20372,#20373);
#20372 = CARTESIAN_POINT('',(122.68,1.2,0.5));
#20373 = VECTOR('',#20374,1.);
#20374 = DIRECTION('',(-0.,1.,0.));
#20375 = ORIENTED_EDGE('',*,*,#20376,.T.);
#20376 = EDGE_CURVE('',#20369,#20377,#20379,.T.);
#20377 = VERTEX_POINT('',#20378);
#20378 = CARTESIAN_POINT('',(122.68,1.26,3.9));
#20379 = LINE('',#20380,#20381);
#20380 = CARTESIAN_POINT('',(122.68,1.26,0.5));
#20381 = VECTOR('',#20382,1.);
#20382 = DIRECTION('',(0.,0.,1.));
#20383 = ORIENTED_EDGE('',*,*,#20384,.F.);
#20384 = EDGE_CURVE('',#5397,#20377,#20385,.T.);
#20385 = LINE('',#20386,#20387);
#20386 = CARTESIAN_POINT('',(122.68,1.2,3.9));
#20387 = VECTOR('',#20388,1.);
#20388 = DIRECTION('',(-0.,1.,0.));
#20389 = PLANE('',#20390);
#20390 = AXIS2_PLACEMENT_3D('',#20391,#20392,#20393);
#20391 = CARTESIAN_POINT('',(122.68,1.2,0.5));
#20392 = DIRECTION('',(1.,0.,-0.));
#20393 = DIRECTION('',(0.,0.,1.));
#20394 = ADVANCED_FACE('',(#20395),#20413,.F.);
#20395 = FACE_BOUND('',#20396,.F.);
#20396 = EDGE_LOOP('',(#20397,#20398,#20399,#20407));
#20397 = ORIENTED_EDGE('',*,*,#20368,.F.);
#20398 = ORIENTED_EDGE('',*,*,#5404,.T.);
#20399 = ORIENTED_EDGE('',*,*,#20400,.T.);
#20400 = EDGE_CURVE('',#5405,#20401,#20403,.T.);
#20401 = VERTEX_POINT('',#20402);
#20402 = CARTESIAN_POINT('',(123.73,1.26,0.5));
#20403 = LINE('',#20404,#20405);
#20404 = CARTESIAN_POINT('',(123.73,1.2,0.5));
#20405 = VECTOR('',#20406,1.);
#20406 = DIRECTION('',(-0.,1.,0.));
#20407 = ORIENTED_EDGE('',*,*,#20408,.F.);
#20408 = EDGE_CURVE('',#20369,#20401,#20409,.T.);
#20409 = LINE('',#20410,#20411);
#20410 = CARTESIAN_POINT('',(122.68,1.26,0.5));
#20411 = VECTOR('',#20412,1.);
#20412 = DIRECTION('',(1.,0.,-0.));
#20413 = PLANE('',#20414);
#20414 = AXIS2_PLACEMENT_3D('',#20415,#20416,#20417);
#20415 = CARTESIAN_POINT('',(122.68,1.2,0.5));
#20416 = DIRECTION('',(0.,0.,1.));
#20417 = DIRECTION('',(1.,0.,-0.));
#20418 = ADVANCED_FACE('',(#20419),#20437,.T.);
#20419 = FACE_BOUND('',#20420,.T.);
#20420 = EDGE_LOOP('',(#20421,#20422,#20423,#20431));
#20421 = ORIENTED_EDGE('',*,*,#20384,.F.);
#20422 = ORIENTED_EDGE('',*,*,#5420,.T.);
#20423 = ORIENTED_EDGE('',*,*,#20424,.T.);
#20424 = EDGE_CURVE('',#5413,#20425,#20427,.T.);
#20425 = VERTEX_POINT('',#20426);
#20426 = CARTESIAN_POINT('',(123.73,1.26,3.9));
#20427 = LINE('',#20428,#20429);
#20428 = CARTESIAN_POINT('',(123.73,1.2,3.9));
#20429 = VECTOR('',#20430,1.);
#20430 = DIRECTION('',(-0.,1.,0.));
#20431 = ORIENTED_EDGE('',*,*,#20432,.F.);
#20432 = EDGE_CURVE('',#20377,#20425,#20433,.T.);
#20433 = LINE('',#20434,#20435);
#20434 = CARTESIAN_POINT('',(122.68,1.26,3.9));
#20435 = VECTOR('',#20436,1.);
#20436 = DIRECTION('',(1.,0.,-0.));
#20437 = PLANE('',#20438);
#20438 = AXIS2_PLACEMENT_3D('',#20439,#20440,#20441);
#20439 = CARTESIAN_POINT('',(122.68,1.2,3.9));
#20440 = DIRECTION('',(0.,0.,1.));
#20441 = DIRECTION('',(1.,0.,-0.));
#20442 = ADVANCED_FACE('',(#20443),#20454,.T.);
#20443 = FACE_BOUND('',#20444,.T.);
#20444 = EDGE_LOOP('',(#20445,#20446,#20447,#20453));
#20445 = ORIENTED_EDGE('',*,*,#5412,.F.);
#20446 = ORIENTED_EDGE('',*,*,#20400,.T.);
#20447 = ORIENTED_EDGE('',*,*,#20448,.T.);
#20448 = EDGE_CURVE('',#20401,#20425,#20449,.T.);
#20449 = LINE('',#20450,#20451);
#20450 = CARTESIAN_POINT('',(123.73,1.26,0.5));
#20451 = VECTOR('',#20452,1.);
#20452 = DIRECTION('',(0.,0.,1.));
#20453 = ORIENTED_EDGE('',*,*,#20424,.F.);
#20454 = PLANE('',#20455);
#20455 = AXIS2_PLACEMENT_3D('',#20456,#20457,#20458);
#20456 = CARTESIAN_POINT('',(123.73,1.2,0.5));
#20457 = DIRECTION('',(1.,0.,-0.));
#20458 = DIRECTION('',(0.,0.,1.));
#20459 = ADVANCED_FACE('',(#20460),#20485,.F.);
#20460 = FACE_BOUND('',#20461,.F.);
#20461 = EDGE_LOOP('',(#20462,#20463,#20471,#20479));
#20462 = ORIENTED_EDGE('',*,*,#5428,.F.);
#20463 = ORIENTED_EDGE('',*,*,#20464,.T.);
#20464 = EDGE_CURVE('',#5429,#20465,#20467,.T.);
#20465 = VERTEX_POINT('',#20466);
#20466 = CARTESIAN_POINT('',(124.4,1.26,0.5));
#20467 = LINE('',#20468,#20469);
#20468 = CARTESIAN_POINT('',(124.4,1.2,0.5));
#20469 = VECTOR('',#20470,1.);
#20470 = DIRECTION('',(-0.,1.,0.));
#20471 = ORIENTED_EDGE('',*,*,#20472,.T.);
#20472 = EDGE_CURVE('',#20465,#20473,#20475,.T.);
#20473 = VERTEX_POINT('',#20474);
#20474 = CARTESIAN_POINT('',(124.4,1.26,3.9));
#20475 = LINE('',#20476,#20477);
#20476 = CARTESIAN_POINT('',(124.4,1.26,0.5));
#20477 = VECTOR('',#20478,1.);
#20478 = DIRECTION('',(0.,0.,1.));
#20479 = ORIENTED_EDGE('',*,*,#20480,.F.);
#20480 = EDGE_CURVE('',#5431,#20473,#20481,.T.);
#20481 = LINE('',#20482,#20483);
#20482 = CARTESIAN_POINT('',(124.4,1.2,3.9));
#20483 = VECTOR('',#20484,1.);
#20484 = DIRECTION('',(-0.,1.,0.));
#20485 = PLANE('',#20486);
#20486 = AXIS2_PLACEMENT_3D('',#20487,#20488,#20489);
#20487 = CARTESIAN_POINT('',(124.4,1.2,0.5));
#20488 = DIRECTION('',(1.,0.,-0.));
#20489 = DIRECTION('',(0.,0.,1.));
#20490 = ADVANCED_FACE('',(#20491),#20509,.F.);
#20491 = FACE_BOUND('',#20492,.F.);
#20492 = EDGE_LOOP('',(#20493,#20494,#20495,#20503));
#20493 = ORIENTED_EDGE('',*,*,#20464,.F.);
#20494 = ORIENTED_EDGE('',*,*,#5438,.T.);
#20495 = ORIENTED_EDGE('',*,*,#20496,.T.);
#20496 = EDGE_CURVE('',#5439,#20497,#20499,.T.);
#20497 = VERTEX_POINT('',#20498);
#20498 = CARTESIAN_POINT('',(125.45,1.26,0.5));
#20499 = LINE('',#20500,#20501);
#20500 = CARTESIAN_POINT('',(125.45,1.2,0.5));
#20501 = VECTOR('',#20502,1.);
#20502 = DIRECTION('',(-0.,1.,0.));
#20503 = ORIENTED_EDGE('',*,*,#20504,.F.);
#20504 = EDGE_CURVE('',#20465,#20497,#20505,.T.);
#20505 = LINE('',#20506,#20507);
#20506 = CARTESIAN_POINT('',(124.4,1.26,0.5));
#20507 = VECTOR('',#20508,1.);
#20508 = DIRECTION('',(1.,0.,-0.));
#20509 = PLANE('',#20510);
#20510 = AXIS2_PLACEMENT_3D('',#20511,#20512,#20513);
#20511 = CARTESIAN_POINT('',(124.4,1.2,0.5));
#20512 = DIRECTION('',(0.,0.,1.));
#20513 = DIRECTION('',(1.,0.,-0.));
#20514 = ADVANCED_FACE('',(#20515),#20533,.T.);
#20515 = FACE_BOUND('',#20516,.T.);
#20516 = EDGE_LOOP('',(#20517,#20518,#20519,#20527));
#20517 = ORIENTED_EDGE('',*,*,#20480,.F.);
#20518 = ORIENTED_EDGE('',*,*,#5454,.T.);
#20519 = ORIENTED_EDGE('',*,*,#20520,.T.);
#20520 = EDGE_CURVE('',#5447,#20521,#20523,.T.);
#20521 = VERTEX_POINT('',#20522);
#20522 = CARTESIAN_POINT('',(125.45,1.26,3.9));
#20523 = LINE('',#20524,#20525);
#20524 = CARTESIAN_POINT('',(125.45,1.2,3.9));
#20525 = VECTOR('',#20526,1.);
#20526 = DIRECTION('',(-0.,1.,0.));
#20527 = ORIENTED_EDGE('',*,*,#20528,.F.);
#20528 = EDGE_CURVE('',#20473,#20521,#20529,.T.);
#20529 = LINE('',#20530,#20531);
#20530 = CARTESIAN_POINT('',(124.4,1.26,3.9));
#20531 = VECTOR('',#20532,1.);
#20532 = DIRECTION('',(1.,0.,-0.));
#20533 = PLANE('',#20534);
#20534 = AXIS2_PLACEMENT_3D('',#20535,#20536,#20537);
#20535 = CARTESIAN_POINT('',(124.4,1.2,3.9));
#20536 = DIRECTION('',(0.,0.,1.));
#20537 = DIRECTION('',(1.,0.,-0.));
#20538 = ADVANCED_FACE('',(#20539),#20550,.T.);
#20539 = FACE_BOUND('',#20540,.T.);
#20540 = EDGE_LOOP('',(#20541,#20542,#20543,#20549));
#20541 = ORIENTED_EDGE('',*,*,#5446,.F.);
#20542 = ORIENTED_EDGE('',*,*,#20496,.T.);
#20543 = ORIENTED_EDGE('',*,*,#20544,.T.);
#20544 = EDGE_CURVE('',#20497,#20521,#20545,.T.);
#20545 = LINE('',#20546,#20547);
#20546 = CARTESIAN_POINT('',(125.45,1.26,0.5));
#20547 = VECTOR('',#20548,1.);
#20548 = DIRECTION('',(0.,0.,1.));
#20549 = ORIENTED_EDGE('',*,*,#20520,.F.);
#20550 = PLANE('',#20551);
#20551 = AXIS2_PLACEMENT_3D('',#20552,#20553,#20554);
#20552 = CARTESIAN_POINT('',(125.45,1.2,0.5));
#20553 = DIRECTION('',(1.,0.,-0.));
#20554 = DIRECTION('',(0.,0.,1.));
#20555 = ADVANCED_FACE('',(#20556),#20581,.F.);
#20556 = FACE_BOUND('',#20557,.F.);
#20557 = EDGE_LOOP('',(#20558,#20559,#20567,#20575));
#20558 = ORIENTED_EDGE('',*,*,#5462,.F.);
#20559 = ORIENTED_EDGE('',*,*,#20560,.T.);
#20560 = EDGE_CURVE('',#5463,#20561,#20563,.T.);
#20561 = VERTEX_POINT('',#20562);
#20562 = CARTESIAN_POINT('',(126.12,1.26,0.5));
#20563 = LINE('',#20564,#20565);
#20564 = CARTESIAN_POINT('',(126.12,1.2,0.5));
#20565 = VECTOR('',#20566,1.);
#20566 = DIRECTION('',(-0.,1.,0.));
#20567 = ORIENTED_EDGE('',*,*,#20568,.T.);
#20568 = EDGE_CURVE('',#20561,#20569,#20571,.T.);
#20569 = VERTEX_POINT('',#20570);
#20570 = CARTESIAN_POINT('',(126.12,1.26,3.9));
#20571 = LINE('',#20572,#20573);
#20572 = CARTESIAN_POINT('',(126.12,1.26,0.5));
#20573 = VECTOR('',#20574,1.);
#20574 = DIRECTION('',(0.,0.,1.));
#20575 = ORIENTED_EDGE('',*,*,#20576,.F.);
#20576 = EDGE_CURVE('',#5465,#20569,#20577,.T.);
#20577 = LINE('',#20578,#20579);
#20578 = CARTESIAN_POINT('',(126.12,1.2,3.9));
#20579 = VECTOR('',#20580,1.);
#20580 = DIRECTION('',(-0.,1.,0.));
#20581 = PLANE('',#20582);
#20582 = AXIS2_PLACEMENT_3D('',#20583,#20584,#20585);
#20583 = CARTESIAN_POINT('',(126.12,1.2,0.5));
#20584 = DIRECTION('',(1.,0.,-0.));
#20585 = DIRECTION('',(0.,0.,1.));
#20586 = ADVANCED_FACE('',(#20587),#20605,.F.);
#20587 = FACE_BOUND('',#20588,.F.);
#20588 = EDGE_LOOP('',(#20589,#20590,#20591,#20599));
#20589 = ORIENTED_EDGE('',*,*,#20560,.F.);
#20590 = ORIENTED_EDGE('',*,*,#5472,.T.);
#20591 = ORIENTED_EDGE('',*,*,#20592,.T.);
#20592 = EDGE_CURVE('',#5473,#20593,#20595,.T.);
#20593 = VERTEX_POINT('',#20594);
#20594 = CARTESIAN_POINT('',(127.17,1.26,0.5));
#20595 = LINE('',#20596,#20597);
#20596 = CARTESIAN_POINT('',(127.17,1.2,0.5));
#20597 = VECTOR('',#20598,1.);
#20598 = DIRECTION('',(-0.,1.,0.));
#20599 = ORIENTED_EDGE('',*,*,#20600,.F.);
#20600 = EDGE_CURVE('',#20561,#20593,#20601,.T.);
#20601 = LINE('',#20602,#20603);
#20602 = CARTESIAN_POINT('',(126.12,1.26,0.5));
#20603 = VECTOR('',#20604,1.);
#20604 = DIRECTION('',(1.,0.,-0.));
#20605 = PLANE('',#20606);
#20606 = AXIS2_PLACEMENT_3D('',#20607,#20608,#20609);
#20607 = CARTESIAN_POINT('',(126.12,1.2,0.5));
#20608 = DIRECTION('',(0.,0.,1.));
#20609 = DIRECTION('',(1.,0.,-0.));
#20610 = ADVANCED_FACE('',(#20611),#20629,.T.);
#20611 = FACE_BOUND('',#20612,.T.);
#20612 = EDGE_LOOP('',(#20613,#20614,#20615,#20623));
#20613 = ORIENTED_EDGE('',*,*,#20576,.F.);
#20614 = ORIENTED_EDGE('',*,*,#5488,.T.);
#20615 = ORIENTED_EDGE('',*,*,#20616,.T.);
#20616 = EDGE_CURVE('',#5481,#20617,#20619,.T.);
#20617 = VERTEX_POINT('',#20618);
#20618 = CARTESIAN_POINT('',(127.17,1.26,3.9));
#20619 = LINE('',#20620,#20621);
#20620 = CARTESIAN_POINT('',(127.17,1.2,3.9));
#20621 = VECTOR('',#20622,1.);
#20622 = DIRECTION('',(-0.,1.,0.));
#20623 = ORIENTED_EDGE('',*,*,#20624,.F.);
#20624 = EDGE_CURVE('',#20569,#20617,#20625,.T.);
#20625 = LINE('',#20626,#20627);
#20626 = CARTESIAN_POINT('',(126.12,1.26,3.9));
#20627 = VECTOR('',#20628,1.);
#20628 = DIRECTION('',(1.,0.,-0.));
#20629 = PLANE('',#20630);
#20630 = AXIS2_PLACEMENT_3D('',#20631,#20632,#20633);
#20631 = CARTESIAN_POINT('',(126.12,1.2,3.9));
#20632 = DIRECTION('',(0.,0.,1.));
#20633 = DIRECTION('',(1.,0.,-0.));
#20634 = ADVANCED_FACE('',(#20635),#20646,.T.);
#20635 = FACE_BOUND('',#20636,.T.);
#20636 = EDGE_LOOP('',(#20637,#20638,#20639,#20645));
#20637 = ORIENTED_EDGE('',*,*,#5480,.F.);
#20638 = ORIENTED_EDGE('',*,*,#20592,.T.);
#20639 = ORIENTED_EDGE('',*,*,#20640,.T.);
#20640 = EDGE_CURVE('',#20593,#20617,#20641,.T.);
#20641 = LINE('',#20642,#20643);
#20642 = CARTESIAN_POINT('',(127.17,1.26,0.5));
#20643 = VECTOR('',#20644,1.);
#20644 = DIRECTION('',(0.,0.,1.));
#20645 = ORIENTED_EDGE('',*,*,#20616,.F.);
#20646 = PLANE('',#20647);
#20647 = AXIS2_PLACEMENT_3D('',#20648,#20649,#20650);
#20648 = CARTESIAN_POINT('',(127.17,1.2,0.5));
#20649 = DIRECTION('',(1.,0.,-0.));
#20650 = DIRECTION('',(0.,0.,1.));
#20651 = ADVANCED_FACE('',(#20652),#20677,.F.);
#20652 = FACE_BOUND('',#20653,.F.);
#20653 = EDGE_LOOP('',(#20654,#20655,#20663,#20671));
#20654 = ORIENTED_EDGE('',*,*,#5496,.F.);
#20655 = ORIENTED_EDGE('',*,*,#20656,.T.);
#20656 = EDGE_CURVE('',#5497,#20657,#20659,.T.);
#20657 = VERTEX_POINT('',#20658);
#20658 = CARTESIAN_POINT('',(106.68,1.9,6.));
#20659 = LINE('',#20660,#20661);
#20660 = CARTESIAN_POINT('',(106.68,1.2,6.));
#20661 = VECTOR('',#20662,1.);
#20662 = DIRECTION('',(-0.,1.,0.));
#20663 = ORIENTED_EDGE('',*,*,#20664,.T.);
#20664 = EDGE_CURVE('',#20657,#20665,#20667,.T.);
#20665 = VERTEX_POINT('',#20666);
#20666 = CARTESIAN_POINT('',(106.68,1.9,9.2));
#20667 = LINE('',#20668,#20669);
#20668 = CARTESIAN_POINT('',(106.68,1.9,6.));
#20669 = VECTOR('',#20670,1.);
#20670 = DIRECTION('',(0.,0.,1.));
#20671 = ORIENTED_EDGE('',*,*,#20672,.F.);
#20672 = EDGE_CURVE('',#5499,#20665,#20673,.T.);
#20673 = LINE('',#20674,#20675);
#20674 = CARTESIAN_POINT('',(106.68,1.2,9.2));
#20675 = VECTOR('',#20676,1.);
#20676 = DIRECTION('',(-0.,1.,0.));
#20677 = PLANE('',#20678);
#20678 = AXIS2_PLACEMENT_3D('',#20679,#20680,#20681);
#20679 = CARTESIAN_POINT('',(106.68,1.2,6.));
#20680 = DIRECTION('',(1.,0.,-0.));
#20681 = DIRECTION('',(0.,0.,1.));
#20682 = ADVANCED_FACE('',(#20683),#20701,.T.);
#20683 = FACE_BOUND('',#20684,.T.);
#20684 = EDGE_LOOP('',(#20685,#20686,#20687,#20695));
#20685 = ORIENTED_EDGE('',*,*,#20672,.F.);
#20686 = ORIENTED_EDGE('',*,*,#5522,.T.);
#20687 = ORIENTED_EDGE('',*,*,#20688,.T.);
#20688 = EDGE_CURVE('',#5515,#20689,#20691,.T.);
#20689 = VERTEX_POINT('',#20690);
#20690 = CARTESIAN_POINT('',(109.88,1.9,9.2));
#20691 = LINE('',#20692,#20693);
#20692 = CARTESIAN_POINT('',(109.88,1.2,9.2));
#20693 = VECTOR('',#20694,1.);
#20694 = DIRECTION('',(-0.,1.,0.));
#20695 = ORIENTED_EDGE('',*,*,#20696,.F.);
#20696 = EDGE_CURVE('',#20665,#20689,#20697,.T.);
#20697 = LINE('',#20698,#20699);
#20698 = CARTESIAN_POINT('',(106.68,1.9,9.2));
#20699 = VECTOR('',#20700,1.);
#20700 = DIRECTION('',(1.,0.,-0.));
#20701 = PLANE('',#20702);
#20702 = AXIS2_PLACEMENT_3D('',#20703,#20704,#20705);
#20703 = CARTESIAN_POINT('',(106.68,1.2,9.2));
#20704 = DIRECTION('',(0.,0.,1.));
#20705 = DIRECTION('',(1.,0.,-0.));
#20706 = ADVANCED_FACE('',(#20707),#20725,.T.);
#20707 = FACE_BOUND('',#20708,.T.);
#20708 = EDGE_LOOP('',(#20709,#20710,#20718,#20724));
#20709 = ORIENTED_EDGE('',*,*,#5514,.F.);
#20710 = ORIENTED_EDGE('',*,*,#20711,.T.);
#20711 = EDGE_CURVE('',#5507,#20712,#20714,.T.);
#20712 = VERTEX_POINT('',#20713);
#20713 = CARTESIAN_POINT('',(109.88,1.9,6.));
#20714 = LINE('',#20715,#20716);
#20715 = CARTESIAN_POINT('',(109.88,1.2,6.));
#20716 = VECTOR('',#20717,1.);
#20717 = DIRECTION('',(-0.,1.,0.));
#20718 = ORIENTED_EDGE('',*,*,#20719,.T.);
#20719 = EDGE_CURVE('',#20712,#20689,#20720,.T.);
#20720 = LINE('',#20721,#20722);
#20721 = CARTESIAN_POINT('',(109.88,1.9,6.));
#20722 = VECTOR('',#20723,1.);
#20723 = DIRECTION('',(0.,0.,1.));
#20724 = ORIENTED_EDGE('',*,*,#20688,.F.);
#20725 = PLANE('',#20726);
#20726 = AXIS2_PLACEMENT_3D('',#20727,#20728,#20729);
#20727 = CARTESIAN_POINT('',(109.88,1.2,6.));
#20728 = DIRECTION('',(1.,0.,-0.));
#20729 = DIRECTION('',(0.,0.,1.));
#20730 = ADVANCED_FACE('',(#20731),#20742,.F.);
#20731 = FACE_BOUND('',#20732,.F.);
#20732 = EDGE_LOOP('',(#20733,#20734,#20735,#20736));
#20733 = ORIENTED_EDGE('',*,*,#20656,.F.);
#20734 = ORIENTED_EDGE('',*,*,#5506,.T.);
#20735 = ORIENTED_EDGE('',*,*,#20711,.T.);
#20736 = ORIENTED_EDGE('',*,*,#20737,.F.);
#20737 = EDGE_CURVE('',#20657,#20712,#20738,.T.);
#20738 = LINE('',#20739,#20740);
#20739 = CARTESIAN_POINT('',(106.68,1.9,6.));
#20740 = VECTOR('',#20741,1.);
#20741 = DIRECTION('',(1.,0.,-0.));
#20742 = PLANE('',#20743);
#20743 = AXIS2_PLACEMENT_3D('',#20744,#20745,#20746);
#20744 = CARTESIAN_POINT('',(106.68,1.2,6.));
#20745 = DIRECTION('',(0.,0.,1.));
#20746 = DIRECTION('',(1.,0.,-0.));
#20747 = ADVANCED_FACE('',(#20748),#20773,.F.);
#20748 = FACE_BOUND('',#20749,.F.);
#20749 = EDGE_LOOP('',(#20750,#20751,#20759,#20767));
#20750 = ORIENTED_EDGE('',*,*,#5530,.F.);
#20751 = ORIENTED_EDGE('',*,*,#20752,.T.);
#20752 = EDGE_CURVE('',#5531,#20753,#20755,.T.);
#20753 = VERTEX_POINT('',#20754);
#20754 = CARTESIAN_POINT('',(69.5,2.25,11.));
#20755 = LINE('',#20756,#20757);
#20756 = CARTESIAN_POINT('',(69.5,1.2,11.));
#20757 = VECTOR('',#20758,1.);
#20758 = DIRECTION('',(-0.,1.,0.));
#20759 = ORIENTED_EDGE('',*,*,#20760,.T.);
#20760 = EDGE_CURVE('',#20753,#20761,#20763,.T.);
#20761 = VERTEX_POINT('',#20762);
#20762 = CARTESIAN_POINT('',(69.5,2.25,22.5));
#20763 = LINE('',#20764,#20765);
#20764 = CARTESIAN_POINT('',(69.5,2.25,11.));
#20765 = VECTOR('',#20766,1.);
#20766 = DIRECTION('',(0.,0.,1.));
#20767 = ORIENTED_EDGE('',*,*,#20768,.F.);
#20768 = EDGE_CURVE('',#5533,#20761,#20769,.T.);
#20769 = LINE('',#20770,#20771);
#20770 = CARTESIAN_POINT('',(69.5,1.2,22.5));
#20771 = VECTOR('',#20772,1.);
#20772 = DIRECTION('',(-0.,1.,0.));
#20773 = PLANE('',#20774);
#20774 = AXIS2_PLACEMENT_3D('',#20775,#20776,#20777);
#20775 = CARTESIAN_POINT('',(69.5,1.2,11.));
#20776 = DIRECTION('',(1.,0.,-0.));
#20777 = DIRECTION('',(0.,0.,1.));
#20778 = ADVANCED_FACE('',(#20779),#20797,.F.);
#20779 = FACE_BOUND('',#20780,.F.);
#20780 = EDGE_LOOP('',(#20781,#20782,#20783,#20791));
#20781 = ORIENTED_EDGE('',*,*,#20752,.F.);
#20782 = ORIENTED_EDGE('',*,*,#5540,.T.);
#20783 = ORIENTED_EDGE('',*,*,#20784,.T.);
#20784 = EDGE_CURVE('',#5541,#20785,#20787,.T.);
#20785 = VERTEX_POINT('',#20786);
#20786 = CARTESIAN_POINT('',(79.1,2.25,11.));
#20787 = LINE('',#20788,#20789);
#20788 = CARTESIAN_POINT('',(79.1,1.2,11.));
#20789 = VECTOR('',#20790,1.);
#20790 = DIRECTION('',(-0.,1.,0.));
#20791 = ORIENTED_EDGE('',*,*,#20792,.F.);
#20792 = EDGE_CURVE('',#20753,#20785,#20793,.T.);
#20793 = LINE('',#20794,#20795);
#20794 = CARTESIAN_POINT('',(69.5,2.25,11.));
#20795 = VECTOR('',#20796,1.);
#20796 = DIRECTION('',(1.,0.,-0.));
#20797 = PLANE('',#20798);
#20798 = AXIS2_PLACEMENT_3D('',#20799,#20800,#20801);
#20799 = CARTESIAN_POINT('',(69.5,1.2,11.));
#20800 = DIRECTION('',(0.,0.,1.));
#20801 = DIRECTION('',(1.,0.,-0.));
#20802 = ADVANCED_FACE('',(#20803),#20821,.T.);
#20803 = FACE_BOUND('',#20804,.T.);
#20804 = EDGE_LOOP('',(#20805,#20806,#20807,#20815));
#20805 = ORIENTED_EDGE('',*,*,#20768,.F.);
#20806 = ORIENTED_EDGE('',*,*,#5556,.T.);
#20807 = ORIENTED_EDGE('',*,*,#20808,.T.);
#20808 = EDGE_CURVE('',#5549,#20809,#20811,.T.);
#20809 = VERTEX_POINT('',#20810);
#20810 = CARTESIAN_POINT('',(79.1,2.25,22.5));
#20811 = LINE('',#20812,#20813);
#20812 = CARTESIAN_POINT('',(79.1,1.2,22.5));
#20813 = VECTOR('',#20814,1.);
#20814 = DIRECTION('',(-0.,1.,0.));
#20815 = ORIENTED_EDGE('',*,*,#20816,.F.);
#20816 = EDGE_CURVE('',#20761,#20809,#20817,.T.);
#20817 = LINE('',#20818,#20819);
#20818 = CARTESIAN_POINT('',(69.5,2.25,22.5));
#20819 = VECTOR('',#20820,1.);
#20820 = DIRECTION('',(1.,0.,-0.));
#20821 = PLANE('',#20822);
#20822 = AXIS2_PLACEMENT_3D('',#20823,#20824,#20825);
#20823 = CARTESIAN_POINT('',(69.5,1.2,22.5));
#20824 = DIRECTION('',(0.,0.,1.));
#20825 = DIRECTION('',(1.,0.,-0.));
#20826 = ADVANCED_FACE('',(#20827),#20838,.T.);
#20827 = FACE_BOUND('',#20828,.T.);
#20828 = EDGE_LOOP('',(#20829,#20830,#20831,#20837));
#20829 = ORIENTED_EDGE('',*,*,#5548,.F.);
#20830 = ORIENTED_EDGE('',*,*,#20784,.T.);
#20831 = ORIENTED_EDGE('',*,*,#20832,.T.);
#20832 = EDGE_CURVE('',#20785,#20809,#20833,.T.);
#20833 = LINE('',#20834,#20835);
#20834 = CARTESIAN_POINT('',(79.1,2.25,11.));
#20835 = VECTOR('',#20836,1.);
#20836 = DIRECTION('',(0.,0.,1.));
#20837 = ORIENTED_EDGE('',*,*,#20808,.F.);
#20838 = PLANE('',#20839);
#20839 = AXIS2_PLACEMENT_3D('',#20840,#20841,#20842);
#20840 = CARTESIAN_POINT('',(79.1,1.2,11.));
#20841 = DIRECTION('',(1.,0.,-0.));
#20842 = DIRECTION('',(0.,0.,1.));
#20843 = ADVANCED_FACE('',(#20844),#20869,.F.);
#20844 = FACE_BOUND('',#20845,.F.);
#20845 = EDGE_LOOP('',(#20846,#20847,#20855,#20863));
#20846 = ORIENTED_EDGE('',*,*,#5564,.F.);
#20847 = ORIENTED_EDGE('',*,*,#20848,.T.);
#20848 = EDGE_CURVE('',#5565,#20849,#20851,.T.);
#20849 = VERTEX_POINT('',#20850);
#20850 = CARTESIAN_POINT('',(82.1,2.25,11.));
#20851 = LINE('',#20852,#20853);
#20852 = CARTESIAN_POINT('',(82.1,1.2,11.));
#20853 = VECTOR('',#20854,1.);
#20854 = DIRECTION('',(-0.,1.,0.));
#20855 = ORIENTED_EDGE('',*,*,#20856,.T.);
#20856 = EDGE_CURVE('',#20849,#20857,#20859,.T.);
#20857 = VERTEX_POINT('',#20858);
#20858 = CARTESIAN_POINT('',(82.1,2.25,22.5));
#20859 = LINE('',#20860,#20861);
#20860 = CARTESIAN_POINT('',(82.1,2.25,11.));
#20861 = VECTOR('',#20862,1.);
#20862 = DIRECTION('',(0.,0.,1.));
#20863 = ORIENTED_EDGE('',*,*,#20864,.F.);
#20864 = EDGE_CURVE('',#5567,#20857,#20865,.T.);
#20865 = LINE('',#20866,#20867);
#20866 = CARTESIAN_POINT('',(82.1,1.2,22.5));
#20867 = VECTOR('',#20868,1.);
#20868 = DIRECTION('',(-0.,1.,0.));
#20869 = PLANE('',#20870);
#20870 = AXIS2_PLACEMENT_3D('',#20871,#20872,#20873);
#20871 = CARTESIAN_POINT('',(82.1,1.2,11.));
#20872 = DIRECTION('',(1.,0.,-0.));
#20873 = DIRECTION('',(0.,0.,1.));
#20874 = ADVANCED_FACE('',(#20875),#20893,.F.);
#20875 = FACE_BOUND('',#20876,.F.);
#20876 = EDGE_LOOP('',(#20877,#20878,#20879,#20887));
#20877 = ORIENTED_EDGE('',*,*,#20848,.F.);
#20878 = ORIENTED_EDGE('',*,*,#5574,.T.);
#20879 = ORIENTED_EDGE('',*,*,#20880,.T.);
#20880 = EDGE_CURVE('',#5575,#20881,#20883,.T.);
#20881 = VERTEX_POINT('',#20882);
#20882 = CARTESIAN_POINT('',(91.7,2.25,11.));
#20883 = LINE('',#20884,#20885);
#20884 = CARTESIAN_POINT('',(91.7,1.2,11.));
#20885 = VECTOR('',#20886,1.);
#20886 = DIRECTION('',(-0.,1.,0.));
#20887 = ORIENTED_EDGE('',*,*,#20888,.F.);
#20888 = EDGE_CURVE('',#20849,#20881,#20889,.T.);
#20889 = LINE('',#20890,#20891);
#20890 = CARTESIAN_POINT('',(82.1,2.25,11.));
#20891 = VECTOR('',#20892,1.);
#20892 = DIRECTION('',(1.,0.,-0.));
#20893 = PLANE('',#20894);
#20894 = AXIS2_PLACEMENT_3D('',#20895,#20896,#20897);
#20895 = CARTESIAN_POINT('',(82.1,1.2,11.));
#20896 = DIRECTION('',(0.,0.,1.));
#20897 = DIRECTION('',(1.,0.,-0.));
#20898 = ADVANCED_FACE('',(#20899),#20917,.T.);
#20899 = FACE_BOUND('',#20900,.T.);
#20900 = EDGE_LOOP('',(#20901,#20902,#20903,#20911));
#20901 = ORIENTED_EDGE('',*,*,#20864,.F.);
#20902 = ORIENTED_EDGE('',*,*,#5590,.T.);
#20903 = ORIENTED_EDGE('',*,*,#20904,.T.);
#20904 = EDGE_CURVE('',#5583,#20905,#20907,.T.);
#20905 = VERTEX_POINT('',#20906);
#20906 = CARTESIAN_POINT('',(91.7,2.25,22.5));
#20907 = LINE('',#20908,#20909);
#20908 = CARTESIAN_POINT('',(91.7,1.2,22.5));
#20909 = VECTOR('',#20910,1.);
#20910 = DIRECTION('',(-0.,1.,0.));
#20911 = ORIENTED_EDGE('',*,*,#20912,.F.);
#20912 = EDGE_CURVE('',#20857,#20905,#20913,.T.);
#20913 = LINE('',#20914,#20915);
#20914 = CARTESIAN_POINT('',(82.1,2.25,22.5));
#20915 = VECTOR('',#20916,1.);
#20916 = DIRECTION('',(1.,0.,-0.));
#20917 = PLANE('',#20918);
#20918 = AXIS2_PLACEMENT_3D('',#20919,#20920,#20921);
#20919 = CARTESIAN_POINT('',(82.1,1.2,22.5));
#20920 = DIRECTION('',(0.,0.,1.));
#20921 = DIRECTION('',(1.,0.,-0.));
#20922 = ADVANCED_FACE('',(#20923),#20934,.T.);
#20923 = FACE_BOUND('',#20924,.T.);
#20924 = EDGE_LOOP('',(#20925,#20926,#20927,#20933));
#20925 = ORIENTED_EDGE('',*,*,#5582,.F.);
#20926 = ORIENTED_EDGE('',*,*,#20880,.T.);
#20927 = ORIENTED_EDGE('',*,*,#20928,.T.);
#20928 = EDGE_CURVE('',#20881,#20905,#20929,.T.);
#20929 = LINE('',#20930,#20931);
#20930 = CARTESIAN_POINT('',(91.7,2.25,11.));
#20931 = VECTOR('',#20932,1.);
#20932 = DIRECTION('',(0.,0.,1.));
#20933 = ORIENTED_EDGE('',*,*,#20904,.F.);
#20934 = PLANE('',#20935);
#20935 = AXIS2_PLACEMENT_3D('',#20936,#20937,#20938);
#20936 = CARTESIAN_POINT('',(91.7,1.2,11.));
#20937 = DIRECTION('',(1.,0.,-0.));
#20938 = DIRECTION('',(0.,0.,1.));
#20939 = ADVANCED_FACE('',(#20940),#20965,.F.);
#20940 = FACE_BOUND('',#20941,.F.);
#20941 = EDGE_LOOP('',(#20942,#20943,#20951,#20959));
#20942 = ORIENTED_EDGE('',*,*,#5598,.F.);
#20943 = ORIENTED_EDGE('',*,*,#20944,.T.);
#20944 = EDGE_CURVE('',#5599,#20945,#20947,.T.);
#20945 = VERTEX_POINT('',#20946);
#20946 = CARTESIAN_POINT('',(94.7,2.25,11.));
#20947 = LINE('',#20948,#20949);
#20948 = CARTESIAN_POINT('',(94.7,1.2,11.));
#20949 = VECTOR('',#20950,1.);
#20950 = DIRECTION('',(-0.,1.,0.));
#20951 = ORIENTED_EDGE('',*,*,#20952,.T.);
#20952 = EDGE_CURVE('',#20945,#20953,#20955,.T.);
#20953 = VERTEX_POINT('',#20954);
#20954 = CARTESIAN_POINT('',(94.7,2.25,22.5));
#20955 = LINE('',#20956,#20957);
#20956 = CARTESIAN_POINT('',(94.7,2.25,11.));
#20957 = VECTOR('',#20958,1.);
#20958 = DIRECTION('',(0.,0.,1.));
#20959 = ORIENTED_EDGE('',*,*,#20960,.F.);
#20960 = EDGE_CURVE('',#5601,#20953,#20961,.T.);
#20961 = LINE('',#20962,#20963);
#20962 = CARTESIAN_POINT('',(94.7,1.2,22.5));
#20963 = VECTOR('',#20964,1.);
#20964 = DIRECTION('',(-0.,1.,0.));
#20965 = PLANE('',#20966);
#20966 = AXIS2_PLACEMENT_3D('',#20967,#20968,#20969);
#20967 = CARTESIAN_POINT('',(94.7,1.2,11.));
#20968 = DIRECTION('',(1.,0.,-0.));
#20969 = DIRECTION('',(0.,0.,1.));
#20970 = ADVANCED_FACE('',(#20971),#20989,.F.);
#20971 = FACE_BOUND('',#20972,.F.);
#20972 = EDGE_LOOP('',(#20973,#20974,#20975,#20983));
#20973 = ORIENTED_EDGE('',*,*,#20944,.F.);
#20974 = ORIENTED_EDGE('',*,*,#5608,.T.);
#20975 = ORIENTED_EDGE('',*,*,#20976,.T.);
#20976 = EDGE_CURVE('',#5609,#20977,#20979,.T.);
#20977 = VERTEX_POINT('',#20978);
#20978 = CARTESIAN_POINT('',(104.3,2.25,11.));
#20979 = LINE('',#20980,#20981);
#20980 = CARTESIAN_POINT('',(104.3,1.2,11.));
#20981 = VECTOR('',#20982,1.);
#20982 = DIRECTION('',(-0.,1.,0.));
#20983 = ORIENTED_EDGE('',*,*,#20984,.F.);
#20984 = EDGE_CURVE('',#20945,#20977,#20985,.T.);
#20985 = LINE('',#20986,#20987);
#20986 = CARTESIAN_POINT('',(94.7,2.25,11.));
#20987 = VECTOR('',#20988,1.);
#20988 = DIRECTION('',(1.,0.,-0.));
#20989 = PLANE('',#20990);
#20990 = AXIS2_PLACEMENT_3D('',#20991,#20992,#20993);
#20991 = CARTESIAN_POINT('',(94.7,1.2,11.));
#20992 = DIRECTION('',(0.,0.,1.));
#20993 = DIRECTION('',(1.,0.,-0.));
#20994 = ADVANCED_FACE('',(#20995),#21013,.T.);
#20995 = FACE_BOUND('',#20996,.T.);
#20996 = EDGE_LOOP('',(#20997,#20998,#20999,#21007));
#20997 = ORIENTED_EDGE('',*,*,#20960,.F.);
#20998 = ORIENTED_EDGE('',*,*,#5624,.T.);
#20999 = ORIENTED_EDGE('',*,*,#21000,.T.);
#21000 = EDGE_CURVE('',#5617,#21001,#21003,.T.);
#21001 = VERTEX_POINT('',#21002);
#21002 = CARTESIAN_POINT('',(104.3,2.25,22.5));
#21003 = LINE('',#21004,#21005);
#21004 = CARTESIAN_POINT('',(104.3,1.2,22.5));
#21005 = VECTOR('',#21006,1.);
#21006 = DIRECTION('',(-0.,1.,0.));
#21007 = ORIENTED_EDGE('',*,*,#21008,.F.);
#21008 = EDGE_CURVE('',#20953,#21001,#21009,.T.);
#21009 = LINE('',#21010,#21011);
#21010 = CARTESIAN_POINT('',(94.7,2.25,22.5));
#21011 = VECTOR('',#21012,1.);
#21012 = DIRECTION('',(1.,0.,-0.));
#21013 = PLANE('',#21014);
#21014 = AXIS2_PLACEMENT_3D('',#21015,#21016,#21017);
#21015 = CARTESIAN_POINT('',(94.7,1.2,22.5));
#21016 = DIRECTION('',(0.,0.,1.));
#21017 = DIRECTION('',(1.,0.,-0.));
#21018 = ADVANCED_FACE('',(#21019),#21030,.T.);
#21019 = FACE_BOUND('',#21020,.T.);
#21020 = EDGE_LOOP('',(#21021,#21022,#21023,#21029));
#21021 = ORIENTED_EDGE('',*,*,#5616,.F.);
#21022 = ORIENTED_EDGE('',*,*,#20976,.T.);
#21023 = ORIENTED_EDGE('',*,*,#21024,.T.);
#21024 = EDGE_CURVE('',#20977,#21001,#21025,.T.);
#21025 = LINE('',#21026,#21027);
#21026 = CARTESIAN_POINT('',(104.3,2.25,11.));
#21027 = VECTOR('',#21028,1.);
#21028 = DIRECTION('',(0.,0.,1.));
#21029 = ORIENTED_EDGE('',*,*,#21000,.F.);
#21030 = PLANE('',#21031);
#21031 = AXIS2_PLACEMENT_3D('',#21032,#21033,#21034);
#21032 = CARTESIAN_POINT('',(104.3,1.2,11.));
#21033 = DIRECTION('',(1.,0.,-0.));
#21034 = DIRECTION('',(0.,0.,1.));
#21035 = ADVANCED_FACE('',(#21036),#21061,.F.);
#21036 = FACE_BOUND('',#21037,.F.);
#21037 = EDGE_LOOP('',(#21038,#21039,#21047,#21055));
#21038 = ORIENTED_EDGE('',*,*,#5632,.F.);
#21039 = ORIENTED_EDGE('',*,*,#21040,.T.);
#21040 = EDGE_CURVE('',#5633,#21041,#21043,.T.);
#21041 = VERTEX_POINT('',#21042);
#21042 = CARTESIAN_POINT('',(107.3,2.25,11.));
#21043 = LINE('',#21044,#21045);
#21044 = CARTESIAN_POINT('',(107.3,1.2,11.));
#21045 = VECTOR('',#21046,1.);
#21046 = DIRECTION('',(-0.,1.,0.));
#21047 = ORIENTED_EDGE('',*,*,#21048,.T.);
#21048 = EDGE_CURVE('',#21041,#21049,#21051,.T.);
#21049 = VERTEX_POINT('',#21050);
#21050 = CARTESIAN_POINT('',(107.3,2.25,22.5));
#21051 = LINE('',#21052,#21053);
#21052 = CARTESIAN_POINT('',(107.3,2.25,11.));
#21053 = VECTOR('',#21054,1.);
#21054 = DIRECTION('',(0.,0.,1.));
#21055 = ORIENTED_EDGE('',*,*,#21056,.F.);
#21056 = EDGE_CURVE('',#5635,#21049,#21057,.T.);
#21057 = LINE('',#21058,#21059);
#21058 = CARTESIAN_POINT('',(107.3,1.2,22.5));
#21059 = VECTOR('',#21060,1.);
#21060 = DIRECTION('',(-0.,1.,0.));
#21061 = PLANE('',#21062);
#21062 = AXIS2_PLACEMENT_3D('',#21063,#21064,#21065);
#21063 = CARTESIAN_POINT('',(107.3,1.2,11.));
#21064 = DIRECTION('',(1.,0.,-0.));
#21065 = DIRECTION('',(0.,0.,1.));
#21066 = ADVANCED_FACE('',(#21067),#21085,.F.);
#21067 = FACE_BOUND('',#21068,.F.);
#21068 = EDGE_LOOP('',(#21069,#21070,#21071,#21079));
#21069 = ORIENTED_EDGE('',*,*,#21040,.F.);
#21070 = ORIENTED_EDGE('',*,*,#5642,.T.);
#21071 = ORIENTED_EDGE('',*,*,#21072,.T.);
#21072 = EDGE_CURVE('',#5643,#21073,#21075,.T.);
#21073 = VERTEX_POINT('',#21074);
#21074 = CARTESIAN_POINT('',(116.9,2.25,11.));
#21075 = LINE('',#21076,#21077);
#21076 = CARTESIAN_POINT('',(116.9,1.2,11.));
#21077 = VECTOR('',#21078,1.);
#21078 = DIRECTION('',(-0.,1.,0.));
#21079 = ORIENTED_EDGE('',*,*,#21080,.F.);
#21080 = EDGE_CURVE('',#21041,#21073,#21081,.T.);
#21081 = LINE('',#21082,#21083);
#21082 = CARTESIAN_POINT('',(107.3,2.25,11.));
#21083 = VECTOR('',#21084,1.);
#21084 = DIRECTION('',(1.,0.,-0.));
#21085 = PLANE('',#21086);
#21086 = AXIS2_PLACEMENT_3D('',#21087,#21088,#21089);
#21087 = CARTESIAN_POINT('',(107.3,1.2,11.));
#21088 = DIRECTION('',(0.,0.,1.));
#21089 = DIRECTION('',(1.,0.,-0.));
#21090 = ADVANCED_FACE('',(#21091),#21109,.T.);
#21091 = FACE_BOUND('',#21092,.T.);
#21092 = EDGE_LOOP('',(#21093,#21094,#21095,#21103));
#21093 = ORIENTED_EDGE('',*,*,#21056,.F.);
#21094 = ORIENTED_EDGE('',*,*,#5658,.T.);
#21095 = ORIENTED_EDGE('',*,*,#21096,.T.);
#21096 = EDGE_CURVE('',#5651,#21097,#21099,.T.);
#21097 = VERTEX_POINT('',#21098);
#21098 = CARTESIAN_POINT('',(116.9,2.25,22.5));
#21099 = LINE('',#21100,#21101);
#21100 = CARTESIAN_POINT('',(116.9,1.2,22.5));
#21101 = VECTOR('',#21102,1.);
#21102 = DIRECTION('',(-0.,1.,0.));
#21103 = ORIENTED_EDGE('',*,*,#21104,.F.);
#21104 = EDGE_CURVE('',#21049,#21097,#21105,.T.);
#21105 = LINE('',#21106,#21107);
#21106 = CARTESIAN_POINT('',(107.3,2.25,22.5));
#21107 = VECTOR('',#21108,1.);
#21108 = DIRECTION('',(1.,0.,-0.));
#21109 = PLANE('',#21110);
#21110 = AXIS2_PLACEMENT_3D('',#21111,#21112,#21113);
#21111 = CARTESIAN_POINT('',(107.3,1.2,22.5));
#21112 = DIRECTION('',(0.,0.,1.));
#21113 = DIRECTION('',(1.,0.,-0.));
#21114 = ADVANCED_FACE('',(#21115),#21126,.T.);
#21115 = FACE_BOUND('',#21116,.T.);
#21116 = EDGE_LOOP('',(#21117,#21118,#21119,#21125));
#21117 = ORIENTED_EDGE('',*,*,#5650,.F.);
#21118 = ORIENTED_EDGE('',*,*,#21072,.T.);
#21119 = ORIENTED_EDGE('',*,*,#21120,.T.);
#21120 = EDGE_CURVE('',#21073,#21097,#21121,.T.);
#21121 = LINE('',#21122,#21123);
#21122 = CARTESIAN_POINT('',(116.9,2.25,11.));
#21123 = VECTOR('',#21124,1.);
#21124 = DIRECTION('',(0.,0.,1.));
#21125 = ORIENTED_EDGE('',*,*,#21096,.F.);
#21126 = PLANE('',#21127);
#21127 = AXIS2_PLACEMENT_3D('',#21128,#21129,#21130);
#21128 = CARTESIAN_POINT('',(116.9,1.2,11.));
#21129 = DIRECTION('',(1.,0.,-0.));
#21130 = DIRECTION('',(0.,0.,1.));
#21131 = ADVANCED_FACE('',(#21132),#21157,.F.);
#21132 = FACE_BOUND('',#21133,.F.);
#21133 = EDGE_LOOP('',(#21134,#21135,#21143,#21151));
#21134 = ORIENTED_EDGE('',*,*,#5666,.F.);
#21135 = ORIENTED_EDGE('',*,*,#21136,.T.);
#21136 = EDGE_CURVE('',#5667,#21137,#21139,.T.);
#21137 = VERTEX_POINT('',#21138);
#21138 = CARTESIAN_POINT('',(119.9,2.25,11.));
#21139 = LINE('',#21140,#21141);
#21140 = CARTESIAN_POINT('',(119.9,1.2,11.));
#21141 = VECTOR('',#21142,1.);
#21142 = DIRECTION('',(-0.,1.,0.));
#21143 = ORIENTED_EDGE('',*,*,#21144,.T.);
#21144 = EDGE_CURVE('',#21137,#21145,#21147,.T.);
#21145 = VERTEX_POINT('',#21146);
#21146 = CARTESIAN_POINT('',(119.9,2.25,22.5));
#21147 = LINE('',#21148,#21149);
#21148 = CARTESIAN_POINT('',(119.9,2.25,11.));
#21149 = VECTOR('',#21150,1.);
#21150 = DIRECTION('',(0.,0.,1.));
#21151 = ORIENTED_EDGE('',*,*,#21152,.F.);
#21152 = EDGE_CURVE('',#5669,#21145,#21153,.T.);
#21153 = LINE('',#21154,#21155);
#21154 = CARTESIAN_POINT('',(119.9,1.2,22.5));
#21155 = VECTOR('',#21156,1.);
#21156 = DIRECTION('',(-0.,1.,0.));
#21157 = PLANE('',#21158);
#21158 = AXIS2_PLACEMENT_3D('',#21159,#21160,#21161);
#21159 = CARTESIAN_POINT('',(119.9,1.2,11.));
#21160 = DIRECTION('',(1.,0.,-0.));
#21161 = DIRECTION('',(0.,0.,1.));
#21162 = ADVANCED_FACE('',(#21163),#21181,.F.);
#21163 = FACE_BOUND('',#21164,.F.);
#21164 = EDGE_LOOP('',(#21165,#21166,#21167,#21175));
#21165 = ORIENTED_EDGE('',*,*,#21136,.F.);
#21166 = ORIENTED_EDGE('',*,*,#5676,.T.);
#21167 = ORIENTED_EDGE('',*,*,#21168,.T.);
#21168 = EDGE_CURVE('',#5677,#21169,#21171,.T.);
#21169 = VERTEX_POINT('',#21170);
#21170 = CARTESIAN_POINT('',(129.5,2.25,11.));
#21171 = LINE('',#21172,#21173);
#21172 = CARTESIAN_POINT('',(129.5,1.2,11.));
#21173 = VECTOR('',#21174,1.);
#21174 = DIRECTION('',(-0.,1.,0.));
#21175 = ORIENTED_EDGE('',*,*,#21176,.F.);
#21176 = EDGE_CURVE('',#21137,#21169,#21177,.T.);
#21177 = LINE('',#21178,#21179);
#21178 = CARTESIAN_POINT('',(119.9,2.25,11.));
#21179 = VECTOR('',#21180,1.);
#21180 = DIRECTION('',(1.,0.,-0.));
#21181 = PLANE('',#21182);
#21182 = AXIS2_PLACEMENT_3D('',#21183,#21184,#21185);
#21183 = CARTESIAN_POINT('',(119.9,1.2,11.));
#21184 = DIRECTION('',(0.,0.,1.));
#21185 = DIRECTION('',(1.,0.,-0.));
#21186 = ADVANCED_FACE('',(#21187),#21205,.T.);
#21187 = FACE_BOUND('',#21188,.T.);
#21188 = EDGE_LOOP('',(#21189,#21190,#21191,#21199));
#21189 = ORIENTED_EDGE('',*,*,#21152,.F.);
#21190 = ORIENTED_EDGE('',*,*,#5692,.T.);
#21191 = ORIENTED_EDGE('',*,*,#21192,.T.);
#21192 = EDGE_CURVE('',#5685,#21193,#21195,.T.);
#21193 = VERTEX_POINT('',#21194);
#21194 = CARTESIAN_POINT('',(129.5,2.25,22.5));
#21195 = LINE('',#21196,#21197);
#21196 = CARTESIAN_POINT('',(129.5,1.2,22.5));
#21197 = VECTOR('',#21198,1.);
#21198 = DIRECTION('',(-0.,1.,0.));
#21199 = ORIENTED_EDGE('',*,*,#21200,.F.);
#21200 = EDGE_CURVE('',#21145,#21193,#21201,.T.);
#21201 = LINE('',#21202,#21203);
#21202 = CARTESIAN_POINT('',(119.9,2.25,22.5));
#21203 = VECTOR('',#21204,1.);
#21204 = DIRECTION('',(1.,0.,-0.));
#21205 = PLANE('',#21206);
#21206 = AXIS2_PLACEMENT_3D('',#21207,#21208,#21209);
#21207 = CARTESIAN_POINT('',(119.9,1.2,22.5));
#21208 = DIRECTION('',(0.,0.,1.));
#21209 = DIRECTION('',(1.,0.,-0.));
#21210 = ADVANCED_FACE('',(#21211),#21222,.T.);
#21211 = FACE_BOUND('',#21212,.T.);
#21212 = EDGE_LOOP('',(#21213,#21214,#21215,#21221));
#21213 = ORIENTED_EDGE('',*,*,#5684,.F.);
#21214 = ORIENTED_EDGE('',*,*,#21168,.T.);
#21215 = ORIENTED_EDGE('',*,*,#21216,.T.);
#21216 = EDGE_CURVE('',#21169,#21193,#21217,.T.);
#21217 = LINE('',#21218,#21219);
#21218 = CARTESIAN_POINT('',(129.5,2.25,11.));
#21219 = VECTOR('',#21220,1.);
#21220 = DIRECTION('',(0.,0.,1.));
#21221 = ORIENTED_EDGE('',*,*,#21192,.F.);
#21222 = PLANE('',#21223);
#21223 = AXIS2_PLACEMENT_3D('',#21224,#21225,#21226);
#21224 = CARTESIAN_POINT('',(129.5,1.2,11.));
#21225 = DIRECTION('',(1.,0.,-0.));
#21226 = DIRECTION('',(0.,0.,1.));
#21227 = ADVANCED_FACE('',(#21228),#21234,.F.);
#21228 = FACE_BOUND('',#21229,.F.);
#21229 = EDGE_LOOP('',(#21230,#21231,#21232,#21233));
#21230 = ORIENTED_EDGE('',*,*,#5903,.F.);
#21231 = ORIENTED_EDGE('',*,*,#5871,.T.);
#21232 = ORIENTED_EDGE('',*,*,#5927,.T.);
#21233 = ORIENTED_EDGE('',*,*,#5950,.F.);
#21234 = PLANE('',#21235);
#21235 = AXIS2_PLACEMENT_3D('',#21236,#21237,#21238);
#21236 = CARTESIAN_POINT('',(4.,-6.E-02,0.5));
#21237 = DIRECTION('',(-0.,1.,0.));
#21238 = DIRECTION('',(0.,0.,1.));
#21239 = ADVANCED_FACE('',(#21240),#21246,.F.);
#21240 = FACE_BOUND('',#21241,.F.);
#21241 = EDGE_LOOP('',(#21242,#21243,#21244,#21245));
#21242 = ORIENTED_EDGE('',*,*,#5999,.F.);
#21243 = ORIENTED_EDGE('',*,*,#5967,.T.);
#21244 = ORIENTED_EDGE('',*,*,#6023,.T.);
#21245 = ORIENTED_EDGE('',*,*,#6046,.F.);
#21246 = PLANE('',#21247);
#21247 = AXIS2_PLACEMENT_3D('',#21248,#21249,#21250);
#21248 = CARTESIAN_POINT('',(5.72,-6.E-02,0.5));
#21249 = DIRECTION('',(-0.,1.,0.));
#21250 = DIRECTION('',(0.,0.,1.));
#21251 = ADVANCED_FACE('',(#21252),#21258,.F.);
#21252 = FACE_BOUND('',#21253,.F.);
#21253 = EDGE_LOOP('',(#21254,#21255,#21256,#21257));
#21254 = ORIENTED_EDGE('',*,*,#6095,.F.);
#21255 = ORIENTED_EDGE('',*,*,#6063,.T.);
#21256 = ORIENTED_EDGE('',*,*,#6119,.T.);
#21257 = ORIENTED_EDGE('',*,*,#6142,.F.);
#21258 = PLANE('',#21259);
#21259 = AXIS2_PLACEMENT_3D('',#21260,#21261,#21262);
#21260 = CARTESIAN_POINT('',(7.44,-6.E-02,0.5));
#21261 = DIRECTION('',(-0.,1.,0.));
#21262 = DIRECTION('',(0.,0.,1.));
#21263 = ADVANCED_FACE('',(#21264),#21270,.F.);
#21264 = FACE_BOUND('',#21265,.F.);
#21265 = EDGE_LOOP('',(#21266,#21267,#21268,#21269));
#21266 = ORIENTED_EDGE('',*,*,#6191,.F.);
#21267 = ORIENTED_EDGE('',*,*,#6159,.T.);
#21268 = ORIENTED_EDGE('',*,*,#6215,.T.);
#21269 = ORIENTED_EDGE('',*,*,#6238,.F.);
#21270 = PLANE('',#21271);
#21271 = AXIS2_PLACEMENT_3D('',#21272,#21273,#21274);
#21272 = CARTESIAN_POINT('',(9.16,-6.E-02,0.5));
#21273 = DIRECTION('',(-0.,1.,0.));
#21274 = DIRECTION('',(0.,0.,1.));
#21275 = ADVANCED_FACE('',(#21276),#21282,.F.);
#21276 = FACE_BOUND('',#21277,.F.);
#21277 = EDGE_LOOP('',(#21278,#21279,#21280,#21281));
#21278 = ORIENTED_EDGE('',*,*,#6287,.F.);
#21279 = ORIENTED_EDGE('',*,*,#6255,.T.);
#21280 = ORIENTED_EDGE('',*,*,#6311,.T.);
#21281 = ORIENTED_EDGE('',*,*,#6334,.F.);
#21282 = PLANE('',#21283);
#21283 = AXIS2_PLACEMENT_3D('',#21284,#21285,#21286);
#21284 = CARTESIAN_POINT('',(10.88,-6.E-02,0.5));
#21285 = DIRECTION('',(-0.,1.,0.));
#21286 = DIRECTION('',(0.,0.,1.));
#21287 = ADVANCED_FACE('',(#21288),#21294,.F.);
#21288 = FACE_BOUND('',#21289,.F.);
#21289 = EDGE_LOOP('',(#21290,#21291,#21292,#21293));
#21290 = ORIENTED_EDGE('',*,*,#6383,.F.);
#21291 = ORIENTED_EDGE('',*,*,#6351,.T.);
#21292 = ORIENTED_EDGE('',*,*,#6407,.T.);
#21293 = ORIENTED_EDGE('',*,*,#6430,.F.);
#21294 = PLANE('',#21295);
#21295 = AXIS2_PLACEMENT_3D('',#21296,#21297,#21298);
#21296 = CARTESIAN_POINT('',(12.6,-6.E-02,0.5));
#21297 = DIRECTION('',(-0.,1.,0.));
#21298 = DIRECTION('',(0.,0.,1.));
#21299 = ADVANCED_FACE('',(#21300),#21306,.F.);
#21300 = FACE_BOUND('',#21301,.F.);
#21301 = EDGE_LOOP('',(#21302,#21303,#21304,#21305));
#21302 = ORIENTED_EDGE('',*,*,#6479,.F.);
#21303 = ORIENTED_EDGE('',*,*,#6447,.T.);
#21304 = ORIENTED_EDGE('',*,*,#6503,.T.);
#21305 = ORIENTED_EDGE('',*,*,#6526,.F.);
#21306 = PLANE('',#21307);
#21307 = AXIS2_PLACEMENT_3D('',#21308,#21309,#21310);
#21308 = CARTESIAN_POINT('',(14.32,-6.E-02,0.5));
#21309 = DIRECTION('',(-0.,1.,0.));
#21310 = DIRECTION('',(0.,0.,1.));
#21311 = ADVANCED_FACE('',(#21312),#21318,.F.);
#21312 = FACE_BOUND('',#21313,.F.);
#21313 = EDGE_LOOP('',(#21314,#21315,#21316,#21317));
#21314 = ORIENTED_EDGE('',*,*,#6575,.F.);
#21315 = ORIENTED_EDGE('',*,*,#6543,.T.);
#21316 = ORIENTED_EDGE('',*,*,#6599,.T.);
#21317 = ORIENTED_EDGE('',*,*,#6622,.F.);
#21318 = PLANE('',#21319);
#21319 = AXIS2_PLACEMENT_3D('',#21320,#21321,#21322);
#21320 = CARTESIAN_POINT('',(16.04,-6.E-02,0.5));
#21321 = DIRECTION('',(-0.,1.,0.));
#21322 = DIRECTION('',(0.,0.,1.));
#21323 = ADVANCED_FACE('',(#21324),#21330,.F.);
#21324 = FACE_BOUND('',#21325,.F.);
#21325 = EDGE_LOOP('',(#21326,#21327,#21328,#21329));
#21326 = ORIENTED_EDGE('',*,*,#6671,.F.);
#21327 = ORIENTED_EDGE('',*,*,#6639,.T.);
#21328 = ORIENTED_EDGE('',*,*,#6695,.T.);
#21329 = ORIENTED_EDGE('',*,*,#6718,.F.);
#21330 = PLANE('',#21331);
#21331 = AXIS2_PLACEMENT_3D('',#21332,#21333,#21334);
#21332 = CARTESIAN_POINT('',(17.76,-6.E-02,0.5));
#21333 = DIRECTION('',(-0.,1.,0.));
#21334 = DIRECTION('',(0.,0.,1.));
#21335 = ADVANCED_FACE('',(#21336),#21342,.F.);
#21336 = FACE_BOUND('',#21337,.F.);
#21337 = EDGE_LOOP('',(#21338,#21339,#21340,#21341));
#21338 = ORIENTED_EDGE('',*,*,#6767,.F.);
#21339 = ORIENTED_EDGE('',*,*,#6735,.T.);
#21340 = ORIENTED_EDGE('',*,*,#6791,.T.);
#21341 = ORIENTED_EDGE('',*,*,#6814,.F.);
#21342 = PLANE('',#21343);
#21343 = AXIS2_PLACEMENT_3D('',#21344,#21345,#21346);
#21344 = CARTESIAN_POINT('',(19.48,-6.E-02,0.5));
#21345 = DIRECTION('',(-0.,1.,0.));
#21346 = DIRECTION('',(0.,0.,1.));
#21347 = ADVANCED_FACE('',(#21348),#21354,.F.);
#21348 = FACE_BOUND('',#21349,.F.);
#21349 = EDGE_LOOP('',(#21350,#21351,#21352,#21353));
#21350 = ORIENTED_EDGE('',*,*,#6863,.F.);
#21351 = ORIENTED_EDGE('',*,*,#6831,.T.);
#21352 = ORIENTED_EDGE('',*,*,#6887,.T.);
#21353 = ORIENTED_EDGE('',*,*,#6910,.F.);
#21354 = PLANE('',#21355);
#21355 = AXIS2_PLACEMENT_3D('',#21356,#21357,#21358);
#21356 = CARTESIAN_POINT('',(21.2,-6.E-02,0.5));
#21357 = DIRECTION('',(-0.,1.,0.));
#21358 = DIRECTION('',(0.,0.,1.));
#21359 = ADVANCED_FACE('',(#21360),#21366,.F.);
#21360 = FACE_BOUND('',#21361,.F.);
#21361 = EDGE_LOOP('',(#21362,#21363,#21364,#21365));
#21362 = ORIENTED_EDGE('',*,*,#6959,.F.);
#21363 = ORIENTED_EDGE('',*,*,#6927,.T.);
#21364 = ORIENTED_EDGE('',*,*,#6983,.T.);
#21365 = ORIENTED_EDGE('',*,*,#7006,.F.);
#21366 = PLANE('',#21367);
#21367 = AXIS2_PLACEMENT_3D('',#21368,#21369,#21370);
#21368 = CARTESIAN_POINT('',(22.92,-6.E-02,0.5));
#21369 = DIRECTION('',(-0.,1.,0.));
#21370 = DIRECTION('',(0.,0.,1.));
#21371 = ADVANCED_FACE('',(#21372),#21378,.F.);
#21372 = FACE_BOUND('',#21373,.F.);
#21373 = EDGE_LOOP('',(#21374,#21375,#21376,#21377));
#21374 = ORIENTED_EDGE('',*,*,#7055,.F.);
#21375 = ORIENTED_EDGE('',*,*,#7023,.T.);
#21376 = ORIENTED_EDGE('',*,*,#7079,.T.);
#21377 = ORIENTED_EDGE('',*,*,#7102,.F.);
#21378 = PLANE('',#21379);
#21379 = AXIS2_PLACEMENT_3D('',#21380,#21381,#21382);
#21380 = CARTESIAN_POINT('',(24.64,-6.E-02,0.5));
#21381 = DIRECTION('',(-0.,1.,0.));
#21382 = DIRECTION('',(0.,0.,1.));
#21383 = ADVANCED_FACE('',(#21384),#21390,.F.);
#21384 = FACE_BOUND('',#21385,.F.);
#21385 = EDGE_LOOP('',(#21386,#21387,#21388,#21389));
#21386 = ORIENTED_EDGE('',*,*,#7151,.F.);
#21387 = ORIENTED_EDGE('',*,*,#7119,.T.);
#21388 = ORIENTED_EDGE('',*,*,#7175,.T.);
#21389 = ORIENTED_EDGE('',*,*,#7198,.F.);
#21390 = PLANE('',#21391);
#21391 = AXIS2_PLACEMENT_3D('',#21392,#21393,#21394);
#21392 = CARTESIAN_POINT('',(26.36,-6.E-02,0.5));
#21393 = DIRECTION('',(-0.,1.,0.));
#21394 = DIRECTION('',(0.,0.,1.));
#21395 = ADVANCED_FACE('',(#21396),#21402,.F.);
#21396 = FACE_BOUND('',#21397,.F.);
#21397 = EDGE_LOOP('',(#21398,#21399,#21400,#21401));
#21398 = ORIENTED_EDGE('',*,*,#7247,.F.);
#21399 = ORIENTED_EDGE('',*,*,#7215,.T.);
#21400 = ORIENTED_EDGE('',*,*,#7271,.T.);
#21401 = ORIENTED_EDGE('',*,*,#7294,.F.);
#21402 = PLANE('',#21403);
#21403 = AXIS2_PLACEMENT_3D('',#21404,#21405,#21406);
#21404 = CARTESIAN_POINT('',(28.08,-6.E-02,0.5));
#21405 = DIRECTION('',(-0.,1.,0.));
#21406 = DIRECTION('',(0.,0.,1.));
#21407 = ADVANCED_FACE('',(#21408),#21414,.F.);
#21408 = FACE_BOUND('',#21409,.F.);
#21409 = EDGE_LOOP('',(#21410,#21411,#21412,#21413));
#21410 = ORIENTED_EDGE('',*,*,#7343,.F.);
#21411 = ORIENTED_EDGE('',*,*,#7311,.T.);
#21412 = ORIENTED_EDGE('',*,*,#7367,.T.);
#21413 = ORIENTED_EDGE('',*,*,#7390,.F.);
#21414 = PLANE('',#21415);
#21415 = AXIS2_PLACEMENT_3D('',#21416,#21417,#21418);
#21416 = CARTESIAN_POINT('',(29.8,-6.E-02,0.5));
#21417 = DIRECTION('',(-0.,1.,0.));
#21418 = DIRECTION('',(0.,0.,1.));
#21419 = ADVANCED_FACE('',(#21420),#21426,.F.);
#21420 = FACE_BOUND('',#21421,.F.);
#21421 = EDGE_LOOP('',(#21422,#21423,#21424,#21425));
#21422 = ORIENTED_EDGE('',*,*,#7439,.F.);
#21423 = ORIENTED_EDGE('',*,*,#7407,.T.);
#21424 = ORIENTED_EDGE('',*,*,#7463,.T.);
#21425 = ORIENTED_EDGE('',*,*,#7486,.F.);
#21426 = PLANE('',#21427);
#21427 = AXIS2_PLACEMENT_3D('',#21428,#21429,#21430);
#21428 = CARTESIAN_POINT('',(31.52,-6.E-02,0.5));
#21429 = DIRECTION('',(-0.,1.,0.));
#21430 = DIRECTION('',(0.,0.,1.));
#21431 = ADVANCED_FACE('',(#21432),#21438,.F.);
#21432 = FACE_BOUND('',#21433,.F.);
#21433 = EDGE_LOOP('',(#21434,#21435,#21436,#21437));
#21434 = ORIENTED_EDGE('',*,*,#7535,.F.);
#21435 = ORIENTED_EDGE('',*,*,#7503,.T.);
#21436 = ORIENTED_EDGE('',*,*,#7559,.T.);
#21437 = ORIENTED_EDGE('',*,*,#7582,.F.);
#21438 = PLANE('',#21439);
#21439 = AXIS2_PLACEMENT_3D('',#21440,#21441,#21442);
#21440 = CARTESIAN_POINT('',(33.24,-6.E-02,0.5));
#21441 = DIRECTION('',(-0.,1.,0.));
#21442 = DIRECTION('',(0.,0.,1.));
#21443 = ADVANCED_FACE('',(#21444),#21450,.F.);
#21444 = FACE_BOUND('',#21445,.F.);
#21445 = EDGE_LOOP('',(#21446,#21447,#21448,#21449));
#21446 = ORIENTED_EDGE('',*,*,#7631,.F.);
#21447 = ORIENTED_EDGE('',*,*,#7599,.T.);
#21448 = ORIENTED_EDGE('',*,*,#7655,.T.);
#21449 = ORIENTED_EDGE('',*,*,#7678,.F.);
#21450 = PLANE('',#21451);
#21451 = AXIS2_PLACEMENT_3D('',#21452,#21453,#21454);
#21452 = CARTESIAN_POINT('',(34.96,-6.E-02,0.5));
#21453 = DIRECTION('',(-0.,1.,0.));
#21454 = DIRECTION('',(0.,0.,1.));
#21455 = ADVANCED_FACE('',(#21456),#21462,.F.);
#21456 = FACE_BOUND('',#21457,.F.);
#21457 = EDGE_LOOP('',(#21458,#21459,#21460,#21461));
#21458 = ORIENTED_EDGE('',*,*,#7727,.F.);
#21459 = ORIENTED_EDGE('',*,*,#7695,.T.);
#21460 = ORIENTED_EDGE('',*,*,#7751,.T.);
#21461 = ORIENTED_EDGE('',*,*,#7774,.F.);
#21462 = PLANE('',#21463);
#21463 = AXIS2_PLACEMENT_3D('',#21464,#21465,#21466);
#21464 = CARTESIAN_POINT('',(36.68,-6.E-02,0.5));
#21465 = DIRECTION('',(-0.,1.,0.));
#21466 = DIRECTION('',(0.,0.,1.));
#21467 = ADVANCED_FACE('',(#21468),#21474,.F.);
#21468 = FACE_BOUND('',#21469,.F.);
#21469 = EDGE_LOOP('',(#21470,#21471,#21472,#21473));
#21470 = ORIENTED_EDGE('',*,*,#7823,.F.);
#21471 = ORIENTED_EDGE('',*,*,#7791,.T.);
#21472 = ORIENTED_EDGE('',*,*,#7847,.T.);
#21473 = ORIENTED_EDGE('',*,*,#7870,.F.);
#21474 = PLANE('',#21475);
#21475 = AXIS2_PLACEMENT_3D('',#21476,#21477,#21478);
#21476 = CARTESIAN_POINT('',(38.4,-6.E-02,0.5));
#21477 = DIRECTION('',(-0.,1.,0.));
#21478 = DIRECTION('',(0.,0.,1.));
#21479 = ADVANCED_FACE('',(#21480),#21486,.F.);
#21480 = FACE_BOUND('',#21481,.F.);
#21481 = EDGE_LOOP('',(#21482,#21483,#21484,#21485));
#21482 = ORIENTED_EDGE('',*,*,#7919,.F.);
#21483 = ORIENTED_EDGE('',*,*,#7887,.T.);
#21484 = ORIENTED_EDGE('',*,*,#7943,.T.);
#21485 = ORIENTED_EDGE('',*,*,#7966,.F.);
#21486 = PLANE('',#21487);
#21487 = AXIS2_PLACEMENT_3D('',#21488,#21489,#21490);
#21488 = CARTESIAN_POINT('',(40.12,-6.E-02,0.5));
#21489 = DIRECTION('',(-0.,1.,0.));
#21490 = DIRECTION('',(0.,0.,1.));
#21491 = ADVANCED_FACE('',(#21492),#21498,.F.);
#21492 = FACE_BOUND('',#21493,.F.);
#21493 = EDGE_LOOP('',(#21494,#21495,#21496,#21497));
#21494 = ORIENTED_EDGE('',*,*,#8015,.F.);
#21495 = ORIENTED_EDGE('',*,*,#7983,.T.);
#21496 = ORIENTED_EDGE('',*,*,#8039,.T.);
#21497 = ORIENTED_EDGE('',*,*,#8062,.F.);
#21498 = PLANE('',#21499);
#21499 = AXIS2_PLACEMENT_3D('',#21500,#21501,#21502);
#21500 = CARTESIAN_POINT('',(41.84,-6.E-02,0.5));
#21501 = DIRECTION('',(-0.,1.,0.));
#21502 = DIRECTION('',(0.,0.,1.));
#21503 = ADVANCED_FACE('',(#21504),#21510,.F.);
#21504 = FACE_BOUND('',#21505,.F.);
#21505 = EDGE_LOOP('',(#21506,#21507,#21508,#21509));
#21506 = ORIENTED_EDGE('',*,*,#8111,.F.);
#21507 = ORIENTED_EDGE('',*,*,#8079,.T.);
#21508 = ORIENTED_EDGE('',*,*,#8135,.T.);
#21509 = ORIENTED_EDGE('',*,*,#8158,.F.);
#21510 = PLANE('',#21511);
#21511 = AXIS2_PLACEMENT_3D('',#21512,#21513,#21514);
#21512 = CARTESIAN_POINT('',(43.56,-6.E-02,0.5));
#21513 = DIRECTION('',(-0.,1.,0.));
#21514 = DIRECTION('',(0.,0.,1.));
#21515 = ADVANCED_FACE('',(#21516),#21522,.F.);
#21516 = FACE_BOUND('',#21517,.F.);
#21517 = EDGE_LOOP('',(#21518,#21519,#21520,#21521));
#21518 = ORIENTED_EDGE('',*,*,#8207,.F.);
#21519 = ORIENTED_EDGE('',*,*,#8175,.T.);
#21520 = ORIENTED_EDGE('',*,*,#8231,.T.);
#21521 = ORIENTED_EDGE('',*,*,#8254,.F.);
#21522 = PLANE('',#21523);
#21523 = AXIS2_PLACEMENT_3D('',#21524,#21525,#21526);
#21524 = CARTESIAN_POINT('',(45.28,-6.E-02,0.5));
#21525 = DIRECTION('',(-0.,1.,0.));
#21526 = DIRECTION('',(0.,0.,1.));
#21527 = ADVANCED_FACE('',(#21528),#21534,.F.);
#21528 = FACE_BOUND('',#21529,.F.);
#21529 = EDGE_LOOP('',(#21530,#21531,#21532,#21533));
#21530 = ORIENTED_EDGE('',*,*,#8303,.F.);
#21531 = ORIENTED_EDGE('',*,*,#8271,.T.);
#21532 = ORIENTED_EDGE('',*,*,#8327,.T.);
#21533 = ORIENTED_EDGE('',*,*,#8350,.F.);
#21534 = PLANE('',#21535);
#21535 = AXIS2_PLACEMENT_3D('',#21536,#21537,#21538);
#21536 = CARTESIAN_POINT('',(47.,-6.E-02,0.5));
#21537 = DIRECTION('',(-0.,1.,0.));
#21538 = DIRECTION('',(0.,0.,1.));
#21539 = ADVANCED_FACE('',(#21540),#21546,.F.);
#21540 = FACE_BOUND('',#21541,.F.);
#21541 = EDGE_LOOP('',(#21542,#21543,#21544,#21545));
#21542 = ORIENTED_EDGE('',*,*,#8399,.F.);
#21543 = ORIENTED_EDGE('',*,*,#8367,.T.);
#21544 = ORIENTED_EDGE('',*,*,#8423,.T.);
#21545 = ORIENTED_EDGE('',*,*,#8446,.F.);
#21546 = PLANE('',#21547);
#21547 = AXIS2_PLACEMENT_3D('',#21548,#21549,#21550);
#21548 = CARTESIAN_POINT('',(48.72,-6.E-02,0.5));
#21549 = DIRECTION('',(-0.,1.,0.));
#21550 = DIRECTION('',(0.,0.,1.));
#21551 = ADVANCED_FACE('',(#21552),#21558,.F.);
#21552 = FACE_BOUND('',#21553,.F.);
#21553 = EDGE_LOOP('',(#21554,#21555,#21556,#21557));
#21554 = ORIENTED_EDGE('',*,*,#8495,.F.);
#21555 = ORIENTED_EDGE('',*,*,#8463,.T.);
#21556 = ORIENTED_EDGE('',*,*,#8519,.T.);
#21557 = ORIENTED_EDGE('',*,*,#8542,.F.);
#21558 = PLANE('',#21559);
#21559 = AXIS2_PLACEMENT_3D('',#21560,#21561,#21562);
#21560 = CARTESIAN_POINT('',(50.44,-6.E-02,0.5));
#21561 = DIRECTION('',(-0.,1.,0.));
#21562 = DIRECTION('',(0.,0.,1.));
#21563 = ADVANCED_FACE('',(#21564),#21570,.F.);
#21564 = FACE_BOUND('',#21565,.F.);
#21565 = EDGE_LOOP('',(#21566,#21567,#21568,#21569));
#21566 = ORIENTED_EDGE('',*,*,#8591,.F.);
#21567 = ORIENTED_EDGE('',*,*,#8559,.T.);
#21568 = ORIENTED_EDGE('',*,*,#8615,.T.);
#21569 = ORIENTED_EDGE('',*,*,#8638,.F.);
#21570 = PLANE('',#21571);
#21571 = AXIS2_PLACEMENT_3D('',#21572,#21573,#21574);
#21572 = CARTESIAN_POINT('',(52.16,-6.E-02,0.5));
#21573 = DIRECTION('',(-0.,1.,0.));
#21574 = DIRECTION('',(0.,0.,1.));
#21575 = ADVANCED_FACE('',(#21576),#21582,.F.);
#21576 = FACE_BOUND('',#21577,.F.);
#21577 = EDGE_LOOP('',(#21578,#21579,#21580,#21581));
#21578 = ORIENTED_EDGE('',*,*,#8687,.F.);
#21579 = ORIENTED_EDGE('',*,*,#8655,.T.);
#21580 = ORIENTED_EDGE('',*,*,#8711,.T.);
#21581 = ORIENTED_EDGE('',*,*,#8734,.F.);
#21582 = PLANE('',#21583);
#21583 = AXIS2_PLACEMENT_3D('',#21584,#21585,#21586);
#21584 = CARTESIAN_POINT('',(53.88,-6.E-02,0.5));
#21585 = DIRECTION('',(-0.,1.,0.));
#21586 = DIRECTION('',(0.,0.,1.));
#21587 = ADVANCED_FACE('',(#21588),#21594,.F.);
#21588 = FACE_BOUND('',#21589,.F.);
#21589 = EDGE_LOOP('',(#21590,#21591,#21592,#21593));
#21590 = ORIENTED_EDGE('',*,*,#8783,.F.);
#21591 = ORIENTED_EDGE('',*,*,#8751,.T.);
#21592 = ORIENTED_EDGE('',*,*,#8807,.T.);
#21593 = ORIENTED_EDGE('',*,*,#8830,.F.);
#21594 = PLANE('',#21595);
#21595 = AXIS2_PLACEMENT_3D('',#21596,#21597,#21598);
#21596 = CARTESIAN_POINT('',(55.6,-6.E-02,0.5));
#21597 = DIRECTION('',(-0.,1.,0.));
#21598 = DIRECTION('',(0.,0.,1.));
#21599 = ADVANCED_FACE('',(#21600),#21606,.F.);
#21600 = FACE_BOUND('',#21601,.F.);
#21601 = EDGE_LOOP('',(#21602,#21603,#21604,#21605));
#21602 = ORIENTED_EDGE('',*,*,#8879,.F.);
#21603 = ORIENTED_EDGE('',*,*,#8847,.T.);
#21604 = ORIENTED_EDGE('',*,*,#8903,.T.);
#21605 = ORIENTED_EDGE('',*,*,#8926,.F.);
#21606 = PLANE('',#21607);
#21607 = AXIS2_PLACEMENT_3D('',#21608,#21609,#21610);
#21608 = CARTESIAN_POINT('',(57.32,-6.E-02,0.5));
#21609 = DIRECTION('',(-0.,1.,0.));
#21610 = DIRECTION('',(0.,0.,1.));
#21611 = ADVANCED_FACE('',(#21612),#21618,.F.);
#21612 = FACE_BOUND('',#21613,.F.);
#21613 = EDGE_LOOP('',(#21614,#21615,#21616,#21617));
#21614 = ORIENTED_EDGE('',*,*,#8975,.F.);
#21615 = ORIENTED_EDGE('',*,*,#8943,.T.);
#21616 = ORIENTED_EDGE('',*,*,#8999,.T.);
#21617 = ORIENTED_EDGE('',*,*,#9022,.F.);
#21618 = PLANE('',#21619);
#21619 = AXIS2_PLACEMENT_3D('',#21620,#21621,#21622);
#21620 = CARTESIAN_POINT('',(59.04,-6.E-02,0.5));
#21621 = DIRECTION('',(-0.,1.,0.));
#21622 = DIRECTION('',(0.,0.,1.));
#21623 = ADVANCED_FACE('',(#21624),#21630,.F.);
#21624 = FACE_BOUND('',#21625,.F.);
#21625 = EDGE_LOOP('',(#21626,#21627,#21628,#21629));
#21626 = ORIENTED_EDGE('',*,*,#9071,.F.);
#21627 = ORIENTED_EDGE('',*,*,#9039,.T.);
#21628 = ORIENTED_EDGE('',*,*,#9095,.T.);
#21629 = ORIENTED_EDGE('',*,*,#9118,.F.);
#21630 = PLANE('',#21631);
#21631 = AXIS2_PLACEMENT_3D('',#21632,#21633,#21634);
#21632 = CARTESIAN_POINT('',(65.92,-6.E-02,0.5));
#21633 = DIRECTION('',(-0.,1.,0.));
#21634 = DIRECTION('',(0.,0.,1.));
#21635 = ADVANCED_FACE('',(#21636),#21642,.F.);
#21636 = FACE_BOUND('',#21637,.F.);
#21637 = EDGE_LOOP('',(#21638,#21639,#21640,#21641));
#21638 = ORIENTED_EDGE('',*,*,#9167,.F.);
#21639 = ORIENTED_EDGE('',*,*,#9135,.T.);
#21640 = ORIENTED_EDGE('',*,*,#9191,.T.);
#21641 = ORIENTED_EDGE('',*,*,#9214,.F.);
#21642 = PLANE('',#21643);
#21643 = AXIS2_PLACEMENT_3D('',#21644,#21645,#21646);
#21644 = CARTESIAN_POINT('',(6.5,-1.05,11.));
#21645 = DIRECTION('',(-0.,1.,0.));
#21646 = DIRECTION('',(0.,0.,1.));
#21647 = ADVANCED_FACE('',(#21648),#21654,.F.);
#21648 = FACE_BOUND('',#21649,.F.);
#21649 = EDGE_LOOP('',(#21650,#21651,#21652,#21653));
#21650 = ORIENTED_EDGE('',*,*,#9263,.F.);
#21651 = ORIENTED_EDGE('',*,*,#9231,.T.);
#21652 = ORIENTED_EDGE('',*,*,#9287,.T.);
#21653 = ORIENTED_EDGE('',*,*,#9310,.F.);
#21654 = PLANE('',#21655);
#21655 = AXIS2_PLACEMENT_3D('',#21656,#21657,#21658);
#21656 = CARTESIAN_POINT('',(19.1,-1.05,11.));
#21657 = DIRECTION('',(-0.,1.,0.));
#21658 = DIRECTION('',(0.,0.,1.));
#21659 = ADVANCED_FACE('',(#21660),#21666,.F.);
#21660 = FACE_BOUND('',#21661,.F.);
#21661 = EDGE_LOOP('',(#21662,#21663,#21664,#21665));
#21662 = ORIENTED_EDGE('',*,*,#9359,.F.);
#21663 = ORIENTED_EDGE('',*,*,#9327,.T.);
#21664 = ORIENTED_EDGE('',*,*,#9383,.T.);
#21665 = ORIENTED_EDGE('',*,*,#9406,.F.);
#21666 = PLANE('',#21667);
#21667 = AXIS2_PLACEMENT_3D('',#21668,#21669,#21670);
#21668 = CARTESIAN_POINT('',(31.7,-1.05,11.));
#21669 = DIRECTION('',(-0.,1.,0.));
#21670 = DIRECTION('',(0.,0.,1.));
#21671 = ADVANCED_FACE('',(#21672),#21678,.F.);
#21672 = FACE_BOUND('',#21673,.F.);
#21673 = EDGE_LOOP('',(#21674,#21675,#21676,#21677));
#21674 = ORIENTED_EDGE('',*,*,#9455,.F.);
#21675 = ORIENTED_EDGE('',*,*,#9423,.T.);
#21676 = ORIENTED_EDGE('',*,*,#9479,.T.);
#21677 = ORIENTED_EDGE('',*,*,#9502,.F.);
#21678 = PLANE('',#21679);
#21679 = AXIS2_PLACEMENT_3D('',#21680,#21681,#21682);
#21680 = CARTESIAN_POINT('',(44.3,-1.05,11.));
#21681 = DIRECTION('',(-0.,1.,0.));
#21682 = DIRECTION('',(0.,0.,1.));
#21683 = ADVANCED_FACE('',(#21684),#21690,.F.);
#21684 = FACE_BOUND('',#21685,.F.);
#21685 = EDGE_LOOP('',(#21686,#21687,#21688,#21689));
#21686 = ORIENTED_EDGE('',*,*,#9551,.F.);
#21687 = ORIENTED_EDGE('',*,*,#9519,.T.);
#21688 = ORIENTED_EDGE('',*,*,#9575,.T.);
#21689 = ORIENTED_EDGE('',*,*,#9598,.F.);
#21690 = PLANE('',#21691);
#21691 = AXIS2_PLACEMENT_3D('',#21692,#21693,#21694);
#21692 = CARTESIAN_POINT('',(56.9,-1.05,11.));
#21693 = DIRECTION('',(-0.,1.,0.));
#21694 = DIRECTION('',(0.,0.,1.));
#21695 = ADVANCED_FACE('',(#21696),#21702,.F.);
#21696 = FACE_BOUND('',#21697,.F.);
#21697 = EDGE_LOOP('',(#21698,#21699,#21700,#21701));
#21698 = ORIENTED_EDGE('',*,*,#9647,.F.);
#21699 = ORIENTED_EDGE('',*,*,#9615,.T.);
#21700 = ORIENTED_EDGE('',*,*,#9671,.T.);
#21701 = ORIENTED_EDGE('',*,*,#9694,.F.);
#21702 = PLANE('',#21703);
#21703 = AXIS2_PLACEMENT_3D('',#21704,#21705,#21706);
#21704 = CARTESIAN_POINT('',(67.64,-6.E-02,0.5));
#21705 = DIRECTION('',(-0.,1.,0.));
#21706 = DIRECTION('',(0.,0.,1.));
#21707 = ADVANCED_FACE('',(#21708),#21714,.F.);
#21708 = FACE_BOUND('',#21709,.F.);
#21709 = EDGE_LOOP('',(#21710,#21711,#21712,#21713));
#21710 = ORIENTED_EDGE('',*,*,#9743,.F.);
#21711 = ORIENTED_EDGE('',*,*,#9711,.T.);
#21712 = ORIENTED_EDGE('',*,*,#9767,.T.);
#21713 = ORIENTED_EDGE('',*,*,#9790,.F.);
#21714 = PLANE('',#21715);
#21715 = AXIS2_PLACEMENT_3D('',#21716,#21717,#21718);
#21716 = CARTESIAN_POINT('',(69.36,-6.E-02,0.5));
#21717 = DIRECTION('',(-0.,1.,0.));
#21718 = DIRECTION('',(0.,0.,1.));
#21719 = ADVANCED_FACE('',(#21720),#21726,.F.);
#21720 = FACE_BOUND('',#21721,.F.);
#21721 = EDGE_LOOP('',(#21722,#21723,#21724,#21725));
#21722 = ORIENTED_EDGE('',*,*,#9839,.F.);
#21723 = ORIENTED_EDGE('',*,*,#9807,.T.);
#21724 = ORIENTED_EDGE('',*,*,#9863,.T.);
#21725 = ORIENTED_EDGE('',*,*,#9886,.F.);
#21726 = PLANE('',#21727);
#21727 = AXIS2_PLACEMENT_3D('',#21728,#21729,#21730);
#21728 = CARTESIAN_POINT('',(71.08,-6.E-02,0.5));
#21729 = DIRECTION('',(-0.,1.,0.));
#21730 = DIRECTION('',(0.,0.,1.));
#21731 = ADVANCED_FACE('',(#21732),#21738,.F.);
#21732 = FACE_BOUND('',#21733,.F.);
#21733 = EDGE_LOOP('',(#21734,#21735,#21736,#21737));
#21734 = ORIENTED_EDGE('',*,*,#9935,.F.);
#21735 = ORIENTED_EDGE('',*,*,#9903,.T.);
#21736 = ORIENTED_EDGE('',*,*,#9959,.T.);
#21737 = ORIENTED_EDGE('',*,*,#9982,.F.);
#21738 = PLANE('',#21739);
#21739 = AXIS2_PLACEMENT_3D('',#21740,#21741,#21742);
#21740 = CARTESIAN_POINT('',(72.8,-6.E-02,0.5));
#21741 = DIRECTION('',(-0.,1.,0.));
#21742 = DIRECTION('',(0.,0.,1.));
#21743 = ADVANCED_FACE('',(#21744),#21750,.F.);
#21744 = FACE_BOUND('',#21745,.F.);
#21745 = EDGE_LOOP('',(#21746,#21747,#21748,#21749));
#21746 = ORIENTED_EDGE('',*,*,#10031,.F.);
#21747 = ORIENTED_EDGE('',*,*,#9999,.T.);
#21748 = ORIENTED_EDGE('',*,*,#10055,.T.);
#21749 = ORIENTED_EDGE('',*,*,#10078,.F.);
#21750 = PLANE('',#21751);
#21751 = AXIS2_PLACEMENT_3D('',#21752,#21753,#21754);
#21752 = CARTESIAN_POINT('',(74.52,-6.E-02,0.5));
#21753 = DIRECTION('',(-0.,1.,0.));
#21754 = DIRECTION('',(0.,0.,1.));
#21755 = ADVANCED_FACE('',(#21756),#21762,.F.);
#21756 = FACE_BOUND('',#21757,.F.);
#21757 = EDGE_LOOP('',(#21758,#21759,#21760,#21761));
#21758 = ORIENTED_EDGE('',*,*,#10127,.F.);
#21759 = ORIENTED_EDGE('',*,*,#10095,.T.);
#21760 = ORIENTED_EDGE('',*,*,#10151,.T.);
#21761 = ORIENTED_EDGE('',*,*,#10174,.F.);
#21762 = PLANE('',#21763);
#21763 = AXIS2_PLACEMENT_3D('',#21764,#21765,#21766);
#21764 = CARTESIAN_POINT('',(76.24,-6.E-02,0.5));
#21765 = DIRECTION('',(-0.,1.,0.));
#21766 = DIRECTION('',(0.,0.,1.));
#21767 = ADVANCED_FACE('',(#21768),#21774,.F.);
#21768 = FACE_BOUND('',#21769,.F.);
#21769 = EDGE_LOOP('',(#21770,#21771,#21772,#21773));
#21770 = ORIENTED_EDGE('',*,*,#10223,.F.);
#21771 = ORIENTED_EDGE('',*,*,#10191,.T.);
#21772 = ORIENTED_EDGE('',*,*,#10247,.T.);
#21773 = ORIENTED_EDGE('',*,*,#10270,.F.);
#21774 = PLANE('',#21775);
#21775 = AXIS2_PLACEMENT_3D('',#21776,#21777,#21778);
#21776 = CARTESIAN_POINT('',(77.96,-6.E-02,0.5));
#21777 = DIRECTION('',(-0.,1.,0.));
#21778 = DIRECTION('',(0.,0.,1.));
#21779 = ADVANCED_FACE('',(#21780),#21786,.F.);
#21780 = FACE_BOUND('',#21781,.F.);
#21781 = EDGE_LOOP('',(#21782,#21783,#21784,#21785));
#21782 = ORIENTED_EDGE('',*,*,#10319,.F.);
#21783 = ORIENTED_EDGE('',*,*,#10287,.T.);
#21784 = ORIENTED_EDGE('',*,*,#10343,.T.);
#21785 = ORIENTED_EDGE('',*,*,#10366,.F.);
#21786 = PLANE('',#21787);
#21787 = AXIS2_PLACEMENT_3D('',#21788,#21789,#21790);
#21788 = CARTESIAN_POINT('',(79.68,-6.E-02,0.5));
#21789 = DIRECTION('',(-0.,1.,0.));
#21790 = DIRECTION('',(0.,0.,1.));
#21791 = ADVANCED_FACE('',(#21792),#21798,.F.);
#21792 = FACE_BOUND('',#21793,.F.);
#21793 = EDGE_LOOP('',(#21794,#21795,#21796,#21797));
#21794 = ORIENTED_EDGE('',*,*,#10415,.F.);
#21795 = ORIENTED_EDGE('',*,*,#10383,.T.);
#21796 = ORIENTED_EDGE('',*,*,#10439,.T.);
#21797 = ORIENTED_EDGE('',*,*,#10462,.F.);
#21798 = PLANE('',#21799);
#21799 = AXIS2_PLACEMENT_3D('',#21800,#21801,#21802);
#21800 = CARTESIAN_POINT('',(81.4,-6.E-02,0.5));
#21801 = DIRECTION('',(-0.,1.,0.));
#21802 = DIRECTION('',(0.,0.,1.));
#21803 = ADVANCED_FACE('',(#21804),#21810,.F.);
#21804 = FACE_BOUND('',#21805,.F.);
#21805 = EDGE_LOOP('',(#21806,#21807,#21808,#21809));
#21806 = ORIENTED_EDGE('',*,*,#10511,.F.);
#21807 = ORIENTED_EDGE('',*,*,#10479,.T.);
#21808 = ORIENTED_EDGE('',*,*,#10535,.T.);
#21809 = ORIENTED_EDGE('',*,*,#10558,.F.);
#21810 = PLANE('',#21811);
#21811 = AXIS2_PLACEMENT_3D('',#21812,#21813,#21814);
#21812 = CARTESIAN_POINT('',(83.12,-6.E-02,0.5));
#21813 = DIRECTION('',(-0.,1.,0.));
#21814 = DIRECTION('',(0.,0.,1.));
#21815 = ADVANCED_FACE('',(#21816),#21822,.F.);
#21816 = FACE_BOUND('',#21817,.F.);
#21817 = EDGE_LOOP('',(#21818,#21819,#21820,#21821));
#21818 = ORIENTED_EDGE('',*,*,#10607,.F.);
#21819 = ORIENTED_EDGE('',*,*,#10575,.T.);
#21820 = ORIENTED_EDGE('',*,*,#10631,.T.);
#21821 = ORIENTED_EDGE('',*,*,#10654,.F.);
#21822 = PLANE('',#21823);
#21823 = AXIS2_PLACEMENT_3D('',#21824,#21825,#21826);
#21824 = CARTESIAN_POINT('',(84.84,-6.E-02,0.5));
#21825 = DIRECTION('',(-0.,1.,0.));
#21826 = DIRECTION('',(0.,0.,1.));
#21827 = ADVANCED_FACE('',(#21828),#21834,.F.);
#21828 = FACE_BOUND('',#21829,.F.);
#21829 = EDGE_LOOP('',(#21830,#21831,#21832,#21833));
#21830 = ORIENTED_EDGE('',*,*,#10703,.F.);
#21831 = ORIENTED_EDGE('',*,*,#10671,.T.);
#21832 = ORIENTED_EDGE('',*,*,#10727,.T.);
#21833 = ORIENTED_EDGE('',*,*,#10750,.F.);
#21834 = PLANE('',#21835);
#21835 = AXIS2_PLACEMENT_3D('',#21836,#21837,#21838);
#21836 = CARTESIAN_POINT('',(86.56,-6.E-02,0.5));
#21837 = DIRECTION('',(-0.,1.,0.));
#21838 = DIRECTION('',(0.,0.,1.));
#21839 = ADVANCED_FACE('',(#21840),#21846,.F.);
#21840 = FACE_BOUND('',#21841,.F.);
#21841 = EDGE_LOOP('',(#21842,#21843,#21844,#21845));
#21842 = ORIENTED_EDGE('',*,*,#10799,.F.);
#21843 = ORIENTED_EDGE('',*,*,#10767,.T.);
#21844 = ORIENTED_EDGE('',*,*,#10823,.T.);
#21845 = ORIENTED_EDGE('',*,*,#10846,.F.);
#21846 = PLANE('',#21847);
#21847 = AXIS2_PLACEMENT_3D('',#21848,#21849,#21850);
#21848 = CARTESIAN_POINT('',(88.28,-6.E-02,0.5));
#21849 = DIRECTION('',(-0.,1.,0.));
#21850 = DIRECTION('',(0.,0.,1.));
#21851 = ADVANCED_FACE('',(#21852),#21858,.F.);
#21852 = FACE_BOUND('',#21853,.F.);
#21853 = EDGE_LOOP('',(#21854,#21855,#21856,#21857));
#21854 = ORIENTED_EDGE('',*,*,#10895,.F.);
#21855 = ORIENTED_EDGE('',*,*,#10863,.T.);
#21856 = ORIENTED_EDGE('',*,*,#10919,.T.);
#21857 = ORIENTED_EDGE('',*,*,#10942,.F.);
#21858 = PLANE('',#21859);
#21859 = AXIS2_PLACEMENT_3D('',#21860,#21861,#21862);
#21860 = CARTESIAN_POINT('',(90.,-6.E-02,0.5));
#21861 = DIRECTION('',(-0.,1.,0.));
#21862 = DIRECTION('',(0.,0.,1.));
#21863 = ADVANCED_FACE('',(#21864),#21870,.F.);
#21864 = FACE_BOUND('',#21865,.F.);
#21865 = EDGE_LOOP('',(#21866,#21867,#21868,#21869));
#21866 = ORIENTED_EDGE('',*,*,#10991,.F.);
#21867 = ORIENTED_EDGE('',*,*,#10959,.T.);
#21868 = ORIENTED_EDGE('',*,*,#11015,.T.);
#21869 = ORIENTED_EDGE('',*,*,#11038,.F.);
#21870 = PLANE('',#21871);
#21871 = AXIS2_PLACEMENT_3D('',#21872,#21873,#21874);
#21872 = CARTESIAN_POINT('',(91.72,-6.E-02,0.5));
#21873 = DIRECTION('',(-0.,1.,0.));
#21874 = DIRECTION('',(0.,0.,1.));
#21875 = ADVANCED_FACE('',(#21876),#21882,.F.);
#21876 = FACE_BOUND('',#21877,.F.);
#21877 = EDGE_LOOP('',(#21878,#21879,#21880,#21881));
#21878 = ORIENTED_EDGE('',*,*,#11087,.F.);
#21879 = ORIENTED_EDGE('',*,*,#11055,.T.);
#21880 = ORIENTED_EDGE('',*,*,#11111,.T.);
#21881 = ORIENTED_EDGE('',*,*,#11134,.F.);
#21882 = PLANE('',#21883);
#21883 = AXIS2_PLACEMENT_3D('',#21884,#21885,#21886);
#21884 = CARTESIAN_POINT('',(93.44,-6.E-02,0.5));
#21885 = DIRECTION('',(-0.,1.,0.));
#21886 = DIRECTION('',(0.,0.,1.));
#21887 = ADVANCED_FACE('',(#21888),#21894,.F.);
#21888 = FACE_BOUND('',#21889,.F.);
#21889 = EDGE_LOOP('',(#21890,#21891,#21892,#21893));
#21890 = ORIENTED_EDGE('',*,*,#11183,.F.);
#21891 = ORIENTED_EDGE('',*,*,#11151,.T.);
#21892 = ORIENTED_EDGE('',*,*,#11207,.T.);
#21893 = ORIENTED_EDGE('',*,*,#11230,.F.);
#21894 = PLANE('',#21895);
#21895 = AXIS2_PLACEMENT_3D('',#21896,#21897,#21898);
#21896 = CARTESIAN_POINT('',(95.16,-6.E-02,0.5));
#21897 = DIRECTION('',(-0.,1.,0.));
#21898 = DIRECTION('',(0.,0.,1.));
#21899 = ADVANCED_FACE('',(#21900),#21906,.F.);
#21900 = FACE_BOUND('',#21901,.F.);
#21901 = EDGE_LOOP('',(#21902,#21903,#21904,#21905));
#21902 = ORIENTED_EDGE('',*,*,#11279,.F.);
#21903 = ORIENTED_EDGE('',*,*,#11247,.T.);
#21904 = ORIENTED_EDGE('',*,*,#11303,.T.);
#21905 = ORIENTED_EDGE('',*,*,#11326,.F.);
#21906 = PLANE('',#21907);
#21907 = AXIS2_PLACEMENT_3D('',#21908,#21909,#21910);
#21908 = CARTESIAN_POINT('',(96.88,-6.E-02,0.5));
#21909 = DIRECTION('',(-0.,1.,0.));
#21910 = DIRECTION('',(0.,0.,1.));
#21911 = ADVANCED_FACE('',(#21912),#21918,.F.);
#21912 = FACE_BOUND('',#21913,.F.);
#21913 = EDGE_LOOP('',(#21914,#21915,#21916,#21917));
#21914 = ORIENTED_EDGE('',*,*,#11375,.F.);
#21915 = ORIENTED_EDGE('',*,*,#11343,.T.);
#21916 = ORIENTED_EDGE('',*,*,#11399,.T.);
#21917 = ORIENTED_EDGE('',*,*,#11422,.F.);
#21918 = PLANE('',#21919);
#21919 = AXIS2_PLACEMENT_3D('',#21920,#21921,#21922);
#21920 = CARTESIAN_POINT('',(98.6,-6.E-02,0.5));
#21921 = DIRECTION('',(-0.,1.,0.));
#21922 = DIRECTION('',(0.,0.,1.));
#21923 = ADVANCED_FACE('',(#21924),#21930,.F.);
#21924 = FACE_BOUND('',#21925,.F.);
#21925 = EDGE_LOOP('',(#21926,#21927,#21928,#21929));
#21926 = ORIENTED_EDGE('',*,*,#11471,.F.);
#21927 = ORIENTED_EDGE('',*,*,#11439,.T.);
#21928 = ORIENTED_EDGE('',*,*,#11495,.T.);
#21929 = ORIENTED_EDGE('',*,*,#11518,.F.);
#21930 = PLANE('',#21931);
#21931 = AXIS2_PLACEMENT_3D('',#21932,#21933,#21934);
#21932 = CARTESIAN_POINT('',(100.32,-6.E-02,0.5));
#21933 = DIRECTION('',(-0.,1.,0.));
#21934 = DIRECTION('',(0.,0.,1.));
#21935 = ADVANCED_FACE('',(#21936),#21942,.F.);
#21936 = FACE_BOUND('',#21937,.F.);
#21937 = EDGE_LOOP('',(#21938,#21939,#21940,#21941));
#21938 = ORIENTED_EDGE('',*,*,#11567,.F.);
#21939 = ORIENTED_EDGE('',*,*,#11535,.T.);
#21940 = ORIENTED_EDGE('',*,*,#11591,.T.);
#21941 = ORIENTED_EDGE('',*,*,#11614,.F.);
#21942 = PLANE('',#21943);
#21943 = AXIS2_PLACEMENT_3D('',#21944,#21945,#21946);
#21944 = CARTESIAN_POINT('',(102.04,-6.E-02,0.5));
#21945 = DIRECTION('',(-0.,1.,0.));
#21946 = DIRECTION('',(0.,0.,1.));
#21947 = ADVANCED_FACE('',(#21948),#21954,.F.);
#21948 = FACE_BOUND('',#21949,.F.);
#21949 = EDGE_LOOP('',(#21950,#21951,#21952,#21953));
#21950 = ORIENTED_EDGE('',*,*,#11663,.F.);
#21951 = ORIENTED_EDGE('',*,*,#11631,.T.);
#21952 = ORIENTED_EDGE('',*,*,#11687,.T.);
#21953 = ORIENTED_EDGE('',*,*,#11710,.F.);
#21954 = PLANE('',#21955);
#21955 = AXIS2_PLACEMENT_3D('',#21956,#21957,#21958);
#21956 = CARTESIAN_POINT('',(103.76,-6.E-02,0.5));
#21957 = DIRECTION('',(-0.,1.,0.));
#21958 = DIRECTION('',(0.,0.,1.));
#21959 = ADVANCED_FACE('',(#21960),#21966,.F.);
#21960 = FACE_BOUND('',#21961,.F.);
#21961 = EDGE_LOOP('',(#21962,#21963,#21964,#21965));
#21962 = ORIENTED_EDGE('',*,*,#11759,.F.);
#21963 = ORIENTED_EDGE('',*,*,#11727,.T.);
#21964 = ORIENTED_EDGE('',*,*,#11783,.T.);
#21965 = ORIENTED_EDGE('',*,*,#11806,.F.);
#21966 = PLANE('',#21967);
#21967 = AXIS2_PLACEMENT_3D('',#21968,#21969,#21970);
#21968 = CARTESIAN_POINT('',(105.48,-6.E-02,0.5));
#21969 = DIRECTION('',(-0.,1.,0.));
#21970 = DIRECTION('',(0.,0.,1.));
#21971 = ADVANCED_FACE('',(#21972),#21978,.F.);
#21972 = FACE_BOUND('',#21973,.F.);
#21973 = EDGE_LOOP('',(#21974,#21975,#21976,#21977));
#21974 = ORIENTED_EDGE('',*,*,#11855,.F.);
#21975 = ORIENTED_EDGE('',*,*,#11823,.T.);
#21976 = ORIENTED_EDGE('',*,*,#11879,.T.);
#21977 = ORIENTED_EDGE('',*,*,#11902,.F.);
#21978 = PLANE('',#21979);
#21979 = AXIS2_PLACEMENT_3D('',#21980,#21981,#21982);
#21980 = CARTESIAN_POINT('',(107.2,-6.E-02,0.5));
#21981 = DIRECTION('',(-0.,1.,0.));
#21982 = DIRECTION('',(0.,0.,1.));
#21983 = ADVANCED_FACE('',(#21984),#21990,.F.);
#21984 = FACE_BOUND('',#21985,.F.);
#21985 = EDGE_LOOP('',(#21986,#21987,#21988,#21989));
#21986 = ORIENTED_EDGE('',*,*,#11951,.F.);
#21987 = ORIENTED_EDGE('',*,*,#11919,.T.);
#21988 = ORIENTED_EDGE('',*,*,#11975,.T.);
#21989 = ORIENTED_EDGE('',*,*,#11998,.F.);
#21990 = PLANE('',#21991);
#21991 = AXIS2_PLACEMENT_3D('',#21992,#21993,#21994);
#21992 = CARTESIAN_POINT('',(108.92,-6.E-02,0.5));
#21993 = DIRECTION('',(-0.,1.,0.));
#21994 = DIRECTION('',(0.,0.,1.));
#21995 = ADVANCED_FACE('',(#21996),#22002,.F.);
#21996 = FACE_BOUND('',#21997,.F.);
#21997 = EDGE_LOOP('',(#21998,#21999,#22000,#22001));
#21998 = ORIENTED_EDGE('',*,*,#12047,.F.);
#21999 = ORIENTED_EDGE('',*,*,#12015,.T.);
#22000 = ORIENTED_EDGE('',*,*,#12071,.T.);
#22001 = ORIENTED_EDGE('',*,*,#12094,.F.);
#22002 = PLANE('',#22003);
#22003 = AXIS2_PLACEMENT_3D('',#22004,#22005,#22006);
#22004 = CARTESIAN_POINT('',(110.64,-6.E-02,0.5));
#22005 = DIRECTION('',(-0.,1.,0.));
#22006 = DIRECTION('',(0.,0.,1.));
#22007 = ADVANCED_FACE('',(#22008),#22014,.F.);
#22008 = FACE_BOUND('',#22009,.F.);
#22009 = EDGE_LOOP('',(#22010,#22011,#22012,#22013));
#22010 = ORIENTED_EDGE('',*,*,#12143,.F.);
#22011 = ORIENTED_EDGE('',*,*,#12111,.T.);
#22012 = ORIENTED_EDGE('',*,*,#12167,.T.);
#22013 = ORIENTED_EDGE('',*,*,#12190,.F.);
#22014 = PLANE('',#22015);
#22015 = AXIS2_PLACEMENT_3D('',#22016,#22017,#22018);
#22016 = CARTESIAN_POINT('',(112.36,-6.E-02,0.5));
#22017 = DIRECTION('',(-0.,1.,0.));
#22018 = DIRECTION('',(0.,0.,1.));
#22019 = ADVANCED_FACE('',(#22020),#22026,.F.);
#22020 = FACE_BOUND('',#22021,.F.);
#22021 = EDGE_LOOP('',(#22022,#22023,#22024,#22025));
#22022 = ORIENTED_EDGE('',*,*,#12239,.F.);
#22023 = ORIENTED_EDGE('',*,*,#12207,.T.);
#22024 = ORIENTED_EDGE('',*,*,#12263,.T.);
#22025 = ORIENTED_EDGE('',*,*,#12286,.F.);
#22026 = PLANE('',#22027);
#22027 = AXIS2_PLACEMENT_3D('',#22028,#22029,#22030);
#22028 = CARTESIAN_POINT('',(114.08,-6.E-02,0.5));
#22029 = DIRECTION('',(-0.,1.,0.));
#22030 = DIRECTION('',(0.,0.,1.));
#22031 = ADVANCED_FACE('',(#22032),#22038,.F.);
#22032 = FACE_BOUND('',#22033,.F.);
#22033 = EDGE_LOOP('',(#22034,#22035,#22036,#22037));
#22034 = ORIENTED_EDGE('',*,*,#12335,.F.);
#22035 = ORIENTED_EDGE('',*,*,#12303,.T.);
#22036 = ORIENTED_EDGE('',*,*,#12359,.T.);
#22037 = ORIENTED_EDGE('',*,*,#12382,.F.);
#22038 = PLANE('',#22039);
#22039 = AXIS2_PLACEMENT_3D('',#22040,#22041,#22042);
#22040 = CARTESIAN_POINT('',(115.8,-6.E-02,0.5));
#22041 = DIRECTION('',(-0.,1.,0.));
#22042 = DIRECTION('',(0.,0.,1.));
#22043 = ADVANCED_FACE('',(#22044),#22050,.F.);
#22044 = FACE_BOUND('',#22045,.F.);
#22045 = EDGE_LOOP('',(#22046,#22047,#22048,#22049));
#22046 = ORIENTED_EDGE('',*,*,#12431,.F.);
#22047 = ORIENTED_EDGE('',*,*,#12399,.T.);
#22048 = ORIENTED_EDGE('',*,*,#12455,.T.);
#22049 = ORIENTED_EDGE('',*,*,#12478,.F.);
#22050 = PLANE('',#22051);
#22051 = AXIS2_PLACEMENT_3D('',#22052,#22053,#22054);
#22052 = CARTESIAN_POINT('',(117.52,-6.E-02,0.5));
#22053 = DIRECTION('',(-0.,1.,0.));
#22054 = DIRECTION('',(0.,0.,1.));
#22055 = ADVANCED_FACE('',(#22056),#22062,.F.);
#22056 = FACE_BOUND('',#22057,.F.);
#22057 = EDGE_LOOP('',(#22058,#22059,#22060,#22061));
#22058 = ORIENTED_EDGE('',*,*,#12527,.F.);
#22059 = ORIENTED_EDGE('',*,*,#12495,.T.);
#22060 = ORIENTED_EDGE('',*,*,#12551,.T.);
#22061 = ORIENTED_EDGE('',*,*,#12574,.F.);
#22062 = PLANE('',#22063);
#22063 = AXIS2_PLACEMENT_3D('',#22064,#22065,#22066);
#22064 = CARTESIAN_POINT('',(119.24,-6.E-02,0.5));
#22065 = DIRECTION('',(-0.,1.,0.));
#22066 = DIRECTION('',(0.,0.,1.));
#22067 = ADVANCED_FACE('',(#22068),#22074,.F.);
#22068 = FACE_BOUND('',#22069,.F.);
#22069 = EDGE_LOOP('',(#22070,#22071,#22072,#22073));
#22070 = ORIENTED_EDGE('',*,*,#12623,.F.);
#22071 = ORIENTED_EDGE('',*,*,#12591,.T.);
#22072 = ORIENTED_EDGE('',*,*,#12647,.T.);
#22073 = ORIENTED_EDGE('',*,*,#12670,.F.);
#22074 = PLANE('',#22075);
#22075 = AXIS2_PLACEMENT_3D('',#22076,#22077,#22078);
#22076 = CARTESIAN_POINT('',(120.96,-6.E-02,0.5));
#22077 = DIRECTION('',(-0.,1.,0.));
#22078 = DIRECTION('',(0.,0.,1.));
#22079 = ADVANCED_FACE('',(#22080),#22086,.F.);
#22080 = FACE_BOUND('',#22081,.F.);
#22081 = EDGE_LOOP('',(#22082,#22083,#22084,#22085));
#22082 = ORIENTED_EDGE('',*,*,#12719,.F.);
#22083 = ORIENTED_EDGE('',*,*,#12687,.T.);
#22084 = ORIENTED_EDGE('',*,*,#12743,.T.);
#22085 = ORIENTED_EDGE('',*,*,#12766,.F.);
#22086 = PLANE('',#22087);
#22087 = AXIS2_PLACEMENT_3D('',#22088,#22089,#22090);
#22088 = CARTESIAN_POINT('',(122.68,-6.E-02,0.5));
#22089 = DIRECTION('',(-0.,1.,0.));
#22090 = DIRECTION('',(0.,0.,1.));
#22091 = ADVANCED_FACE('',(#22092),#22098,.F.);
#22092 = FACE_BOUND('',#22093,.F.);
#22093 = EDGE_LOOP('',(#22094,#22095,#22096,#22097));
#22094 = ORIENTED_EDGE('',*,*,#12815,.F.);
#22095 = ORIENTED_EDGE('',*,*,#12783,.T.);
#22096 = ORIENTED_EDGE('',*,*,#12839,.T.);
#22097 = ORIENTED_EDGE('',*,*,#12862,.F.);
#22098 = PLANE('',#22099);
#22099 = AXIS2_PLACEMENT_3D('',#22100,#22101,#22102);
#22100 = CARTESIAN_POINT('',(124.4,-6.E-02,0.5));
#22101 = DIRECTION('',(-0.,1.,0.));
#22102 = DIRECTION('',(0.,0.,1.));
#22103 = ADVANCED_FACE('',(#22104),#22110,.F.);
#22104 = FACE_BOUND('',#22105,.F.);
#22105 = EDGE_LOOP('',(#22106,#22107,#22108,#22109));
#22106 = ORIENTED_EDGE('',*,*,#12911,.F.);
#22107 = ORIENTED_EDGE('',*,*,#12879,.T.);
#22108 = ORIENTED_EDGE('',*,*,#12935,.T.);
#22109 = ORIENTED_EDGE('',*,*,#12958,.F.);
#22110 = PLANE('',#22111);
#22111 = AXIS2_PLACEMENT_3D('',#22112,#22113,#22114);
#22112 = CARTESIAN_POINT('',(126.12,-6.E-02,0.5));
#22113 = DIRECTION('',(-0.,1.,0.));
#22114 = DIRECTION('',(0.,0.,1.));
#22115 = ADVANCED_FACE('',(#22116),#22122,.F.);
#22116 = FACE_BOUND('',#22117,.F.);
#22117 = EDGE_LOOP('',(#22118,#22119,#22120,#22121));
#22118 = ORIENTED_EDGE('',*,*,#13007,.F.);
#22119 = ORIENTED_EDGE('',*,*,#12975,.T.);
#22120 = ORIENTED_EDGE('',*,*,#13031,.T.);
#22121 = ORIENTED_EDGE('',*,*,#13054,.F.);
#22122 = PLANE('',#22123);
#22123 = AXIS2_PLACEMENT_3D('',#22124,#22125,#22126);
#22124 = CARTESIAN_POINT('',(69.5,-1.05,11.));
#22125 = DIRECTION('',(-0.,1.,0.));
#22126 = DIRECTION('',(0.,0.,1.));
#22127 = ADVANCED_FACE('',(#22128),#22134,.F.);
#22128 = FACE_BOUND('',#22129,.F.);
#22129 = EDGE_LOOP('',(#22130,#22131,#22132,#22133));
#22130 = ORIENTED_EDGE('',*,*,#13103,.F.);
#22131 = ORIENTED_EDGE('',*,*,#13071,.T.);
#22132 = ORIENTED_EDGE('',*,*,#13127,.T.);
#22133 = ORIENTED_EDGE('',*,*,#13150,.F.);
#22134 = PLANE('',#22135);
#22135 = AXIS2_PLACEMENT_3D('',#22136,#22137,#22138);
#22136 = CARTESIAN_POINT('',(82.1,-1.05,11.));
#22137 = DIRECTION('',(-0.,1.,0.));
#22138 = DIRECTION('',(0.,0.,1.));
#22139 = ADVANCED_FACE('',(#22140),#22146,.F.);
#22140 = FACE_BOUND('',#22141,.F.);
#22141 = EDGE_LOOP('',(#22142,#22143,#22144,#22145));
#22142 = ORIENTED_EDGE('',*,*,#13199,.F.);
#22143 = ORIENTED_EDGE('',*,*,#13167,.T.);
#22144 = ORIENTED_EDGE('',*,*,#13223,.T.);
#22145 = ORIENTED_EDGE('',*,*,#13246,.F.);
#22146 = PLANE('',#22147);
#22147 = AXIS2_PLACEMENT_3D('',#22148,#22149,#22150);
#22148 = CARTESIAN_POINT('',(94.7,-1.05,11.));
#22149 = DIRECTION('',(-0.,1.,0.));
#22150 = DIRECTION('',(0.,0.,1.));
#22151 = ADVANCED_FACE('',(#22152),#22158,.F.);
#22152 = FACE_BOUND('',#22153,.F.);
#22153 = EDGE_LOOP('',(#22154,#22155,#22156,#22157));
#22154 = ORIENTED_EDGE('',*,*,#13295,.F.);
#22155 = ORIENTED_EDGE('',*,*,#13263,.T.);
#22156 = ORIENTED_EDGE('',*,*,#13319,.T.);
#22157 = ORIENTED_EDGE('',*,*,#13342,.F.);
#22158 = PLANE('',#22159);
#22159 = AXIS2_PLACEMENT_3D('',#22160,#22161,#22162);
#22160 = CARTESIAN_POINT('',(107.3,-1.05,11.));
#22161 = DIRECTION('',(-0.,1.,0.));
#22162 = DIRECTION('',(0.,0.,1.));
#22163 = ADVANCED_FACE('',(#22164),#22170,.F.);
#22164 = FACE_BOUND('',#22165,.F.);
#22165 = EDGE_LOOP('',(#22166,#22167,#22168,#22169));
#22166 = ORIENTED_EDGE('',*,*,#13439,.F.);
#22167 = ORIENTED_EDGE('',*,*,#13359,.T.);
#22168 = ORIENTED_EDGE('',*,*,#13391,.T.);
#22169 = ORIENTED_EDGE('',*,*,#13414,.F.);
#22170 = PLANE('',#22171);
#22171 = AXIS2_PLACEMENT_3D('',#22172,#22173,#22174);
#22172 = CARTESIAN_POINT('',(119.9,-1.05,11.));
#22173 = DIRECTION('',(-0.,1.,0.));
#22174 = DIRECTION('',(0.,0.,1.));
#22175 = ADVANCED_FACE('',(#22176),#22182,.T.);
#22176 = FACE_BOUND('',#22177,.T.);
#22177 = EDGE_LOOP('',(#22178,#22179,#22180,#22181));
#22178 = ORIENTED_EDGE('',*,*,#13496,.F.);
#22179 = ORIENTED_EDGE('',*,*,#13464,.T.);
#22180 = ORIENTED_EDGE('',*,*,#13520,.T.);
#22181 = ORIENTED_EDGE('',*,*,#13536,.F.);
#22182 = PLANE('',#22183);
#22183 = AXIS2_PLACEMENT_3D('',#22184,#22185,#22186);
#22184 = CARTESIAN_POINT('',(4.,1.26,0.5));
#22185 = DIRECTION('',(-0.,1.,0.));
#22186 = DIRECTION('',(0.,0.,1.));
#22187 = ADVANCED_FACE('',(#22188),#22194,.T.);
#22188 = FACE_BOUND('',#22189,.T.);
#22189 = EDGE_LOOP('',(#22190,#22191,#22192,#22193));
#22190 = ORIENTED_EDGE('',*,*,#13592,.F.);
#22191 = ORIENTED_EDGE('',*,*,#13560,.T.);
#22192 = ORIENTED_EDGE('',*,*,#13616,.T.);
#22193 = ORIENTED_EDGE('',*,*,#13632,.F.);
#22194 = PLANE('',#22195);
#22195 = AXIS2_PLACEMENT_3D('',#22196,#22197,#22198);
#22196 = CARTESIAN_POINT('',(5.72,1.26,0.5));
#22197 = DIRECTION('',(-0.,1.,0.));
#22198 = DIRECTION('',(0.,0.,1.));
#22199 = ADVANCED_FACE('',(#22200),#22206,.T.);
#22200 = FACE_BOUND('',#22201,.T.);
#22201 = EDGE_LOOP('',(#22202,#22203,#22204,#22205));
#22202 = ORIENTED_EDGE('',*,*,#13688,.F.);
#22203 = ORIENTED_EDGE('',*,*,#13656,.T.);
#22204 = ORIENTED_EDGE('',*,*,#13712,.T.);
#22205 = ORIENTED_EDGE('',*,*,#13728,.F.);
#22206 = PLANE('',#22207);
#22207 = AXIS2_PLACEMENT_3D('',#22208,#22209,#22210);
#22208 = CARTESIAN_POINT('',(7.44,1.26,0.5));
#22209 = DIRECTION('',(-0.,1.,0.));
#22210 = DIRECTION('',(0.,0.,1.));
#22211 = ADVANCED_FACE('',(#22212),#22218,.T.);
#22212 = FACE_BOUND('',#22213,.T.);
#22213 = EDGE_LOOP('',(#22214,#22215,#22216,#22217));
#22214 = ORIENTED_EDGE('',*,*,#13784,.F.);
#22215 = ORIENTED_EDGE('',*,*,#13752,.T.);
#22216 = ORIENTED_EDGE('',*,*,#13808,.T.);
#22217 = ORIENTED_EDGE('',*,*,#13824,.F.);
#22218 = PLANE('',#22219);
#22219 = AXIS2_PLACEMENT_3D('',#22220,#22221,#22222);
#22220 = CARTESIAN_POINT('',(9.16,1.26,0.5));
#22221 = DIRECTION('',(-0.,1.,0.));
#22222 = DIRECTION('',(0.,0.,1.));
#22223 = ADVANCED_FACE('',(#22224),#22230,.T.);
#22224 = FACE_BOUND('',#22225,.T.);
#22225 = EDGE_LOOP('',(#22226,#22227,#22228,#22229));
#22226 = ORIENTED_EDGE('',*,*,#13880,.F.);
#22227 = ORIENTED_EDGE('',*,*,#13848,.T.);
#22228 = ORIENTED_EDGE('',*,*,#13904,.T.);
#22229 = ORIENTED_EDGE('',*,*,#13920,.F.);
#22230 = PLANE('',#22231);
#22231 = AXIS2_PLACEMENT_3D('',#22232,#22233,#22234);
#22232 = CARTESIAN_POINT('',(10.88,1.26,0.5));
#22233 = DIRECTION('',(-0.,1.,0.));
#22234 = DIRECTION('',(0.,0.,1.));
#22235 = ADVANCED_FACE('',(#22236),#22242,.T.);
#22236 = FACE_BOUND('',#22237,.T.);
#22237 = EDGE_LOOP('',(#22238,#22239,#22240,#22241));
#22238 = ORIENTED_EDGE('',*,*,#13976,.F.);
#22239 = ORIENTED_EDGE('',*,*,#13944,.T.);
#22240 = ORIENTED_EDGE('',*,*,#14000,.T.);
#22241 = ORIENTED_EDGE('',*,*,#14016,.F.);
#22242 = PLANE('',#22243);
#22243 = AXIS2_PLACEMENT_3D('',#22244,#22245,#22246);
#22244 = CARTESIAN_POINT('',(12.6,1.26,0.5));
#22245 = DIRECTION('',(-0.,1.,0.));
#22246 = DIRECTION('',(0.,0.,1.));
#22247 = ADVANCED_FACE('',(#22248),#22254,.T.);
#22248 = FACE_BOUND('',#22249,.T.);
#22249 = EDGE_LOOP('',(#22250,#22251,#22252,#22253));
#22250 = ORIENTED_EDGE('',*,*,#14072,.F.);
#22251 = ORIENTED_EDGE('',*,*,#14040,.T.);
#22252 = ORIENTED_EDGE('',*,*,#14096,.T.);
#22253 = ORIENTED_EDGE('',*,*,#14112,.F.);
#22254 = PLANE('',#22255);
#22255 = AXIS2_PLACEMENT_3D('',#22256,#22257,#22258);
#22256 = CARTESIAN_POINT('',(14.32,1.26,0.5));
#22257 = DIRECTION('',(-0.,1.,0.));
#22258 = DIRECTION('',(0.,0.,1.));
#22259 = ADVANCED_FACE('',(#22260),#22266,.T.);
#22260 = FACE_BOUND('',#22261,.T.);
#22261 = EDGE_LOOP('',(#22262,#22263,#22264,#22265));
#22262 = ORIENTED_EDGE('',*,*,#14168,.F.);
#22263 = ORIENTED_EDGE('',*,*,#14136,.T.);
#22264 = ORIENTED_EDGE('',*,*,#14192,.T.);
#22265 = ORIENTED_EDGE('',*,*,#14208,.F.);
#22266 = PLANE('',#22267);
#22267 = AXIS2_PLACEMENT_3D('',#22268,#22269,#22270);
#22268 = CARTESIAN_POINT('',(16.04,1.26,0.5));
#22269 = DIRECTION('',(-0.,1.,0.));
#22270 = DIRECTION('',(0.,0.,1.));
#22271 = ADVANCED_FACE('',(#22272),#22278,.T.);
#22272 = FACE_BOUND('',#22273,.T.);
#22273 = EDGE_LOOP('',(#22274,#22275,#22276,#22277));
#22274 = ORIENTED_EDGE('',*,*,#14264,.F.);
#22275 = ORIENTED_EDGE('',*,*,#14232,.T.);
#22276 = ORIENTED_EDGE('',*,*,#14288,.T.);
#22277 = ORIENTED_EDGE('',*,*,#14304,.F.);
#22278 = PLANE('',#22279);
#22279 = AXIS2_PLACEMENT_3D('',#22280,#22281,#22282);
#22280 = CARTESIAN_POINT('',(17.76,1.26,0.5));
#22281 = DIRECTION('',(-0.,1.,0.));
#22282 = DIRECTION('',(0.,0.,1.));
#22283 = ADVANCED_FACE('',(#22284),#22290,.T.);
#22284 = FACE_BOUND('',#22285,.T.);
#22285 = EDGE_LOOP('',(#22286,#22287,#22288,#22289));
#22286 = ORIENTED_EDGE('',*,*,#14360,.F.);
#22287 = ORIENTED_EDGE('',*,*,#14328,.T.);
#22288 = ORIENTED_EDGE('',*,*,#14384,.T.);
#22289 = ORIENTED_EDGE('',*,*,#14400,.F.);
#22290 = PLANE('',#22291);
#22291 = AXIS2_PLACEMENT_3D('',#22292,#22293,#22294);
#22292 = CARTESIAN_POINT('',(19.48,1.26,0.5));
#22293 = DIRECTION('',(-0.,1.,0.));
#22294 = DIRECTION('',(0.,0.,1.));
#22295 = ADVANCED_FACE('',(#22296),#22302,.T.);
#22296 = FACE_BOUND('',#22297,.T.);
#22297 = EDGE_LOOP('',(#22298,#22299,#22300,#22301));
#22298 = ORIENTED_EDGE('',*,*,#14456,.F.);
#22299 = ORIENTED_EDGE('',*,*,#14424,.T.);
#22300 = ORIENTED_EDGE('',*,*,#14480,.T.);
#22301 = ORIENTED_EDGE('',*,*,#14496,.F.);
#22302 = PLANE('',#22303);
#22303 = AXIS2_PLACEMENT_3D('',#22304,#22305,#22306);
#22304 = CARTESIAN_POINT('',(21.2,1.26,0.5));
#22305 = DIRECTION('',(-0.,1.,0.));
#22306 = DIRECTION('',(0.,0.,1.));
#22307 = ADVANCED_FACE('',(#22308),#22314,.T.);
#22308 = FACE_BOUND('',#22309,.T.);
#22309 = EDGE_LOOP('',(#22310,#22311,#22312,#22313));
#22310 = ORIENTED_EDGE('',*,*,#14552,.F.);
#22311 = ORIENTED_EDGE('',*,*,#14520,.T.);
#22312 = ORIENTED_EDGE('',*,*,#14576,.T.);
#22313 = ORIENTED_EDGE('',*,*,#14592,.F.);
#22314 = PLANE('',#22315);
#22315 = AXIS2_PLACEMENT_3D('',#22316,#22317,#22318);
#22316 = CARTESIAN_POINT('',(22.92,1.26,0.5));
#22317 = DIRECTION('',(-0.,1.,0.));
#22318 = DIRECTION('',(0.,0.,1.));
#22319 = ADVANCED_FACE('',(#22320),#22326,.T.);
#22320 = FACE_BOUND('',#22321,.T.);
#22321 = EDGE_LOOP('',(#22322,#22323,#22324,#22325));
#22322 = ORIENTED_EDGE('',*,*,#14648,.F.);
#22323 = ORIENTED_EDGE('',*,*,#14616,.T.);
#22324 = ORIENTED_EDGE('',*,*,#14672,.T.);
#22325 = ORIENTED_EDGE('',*,*,#14688,.F.);
#22326 = PLANE('',#22327);
#22327 = AXIS2_PLACEMENT_3D('',#22328,#22329,#22330);
#22328 = CARTESIAN_POINT('',(24.64,1.26,0.5));
#22329 = DIRECTION('',(-0.,1.,0.));
#22330 = DIRECTION('',(0.,0.,1.));
#22331 = ADVANCED_FACE('',(#22332),#22338,.T.);
#22332 = FACE_BOUND('',#22333,.T.);
#22333 = EDGE_LOOP('',(#22334,#22335,#22336,#22337));
#22334 = ORIENTED_EDGE('',*,*,#14744,.F.);
#22335 = ORIENTED_EDGE('',*,*,#14712,.T.);
#22336 = ORIENTED_EDGE('',*,*,#14768,.T.);
#22337 = ORIENTED_EDGE('',*,*,#14784,.F.);
#22338 = PLANE('',#22339);
#22339 = AXIS2_PLACEMENT_3D('',#22340,#22341,#22342);
#22340 = CARTESIAN_POINT('',(26.36,1.26,0.5));
#22341 = DIRECTION('',(-0.,1.,0.));
#22342 = DIRECTION('',(0.,0.,1.));
#22343 = ADVANCED_FACE('',(#22344),#22350,.T.);
#22344 = FACE_BOUND('',#22345,.T.);
#22345 = EDGE_LOOP('',(#22346,#22347,#22348,#22349));
#22346 = ORIENTED_EDGE('',*,*,#14840,.F.);
#22347 = ORIENTED_EDGE('',*,*,#14808,.T.);
#22348 = ORIENTED_EDGE('',*,*,#14864,.T.);
#22349 = ORIENTED_EDGE('',*,*,#14880,.F.);
#22350 = PLANE('',#22351);
#22351 = AXIS2_PLACEMENT_3D('',#22352,#22353,#22354);
#22352 = CARTESIAN_POINT('',(28.08,1.26,0.5));
#22353 = DIRECTION('',(-0.,1.,0.));
#22354 = DIRECTION('',(0.,0.,1.));
#22355 = ADVANCED_FACE('',(#22356),#22362,.T.);
#22356 = FACE_BOUND('',#22357,.T.);
#22357 = EDGE_LOOP('',(#22358,#22359,#22360,#22361));
#22358 = ORIENTED_EDGE('',*,*,#14936,.F.);
#22359 = ORIENTED_EDGE('',*,*,#14904,.T.);
#22360 = ORIENTED_EDGE('',*,*,#14960,.T.);
#22361 = ORIENTED_EDGE('',*,*,#14976,.F.);
#22362 = PLANE('',#22363);
#22363 = AXIS2_PLACEMENT_3D('',#22364,#22365,#22366);
#22364 = CARTESIAN_POINT('',(29.8,1.26,0.5));
#22365 = DIRECTION('',(-0.,1.,0.));
#22366 = DIRECTION('',(0.,0.,1.));
#22367 = ADVANCED_FACE('',(#22368),#22374,.T.);
#22368 = FACE_BOUND('',#22369,.T.);
#22369 = EDGE_LOOP('',(#22370,#22371,#22372,#22373));
#22370 = ORIENTED_EDGE('',*,*,#15032,.F.);
#22371 = ORIENTED_EDGE('',*,*,#15000,.T.);
#22372 = ORIENTED_EDGE('',*,*,#15056,.T.);
#22373 = ORIENTED_EDGE('',*,*,#15072,.F.);
#22374 = PLANE('',#22375);
#22375 = AXIS2_PLACEMENT_3D('',#22376,#22377,#22378);
#22376 = CARTESIAN_POINT('',(31.52,1.26,0.5));
#22377 = DIRECTION('',(-0.,1.,0.));
#22378 = DIRECTION('',(0.,0.,1.));
#22379 = ADVANCED_FACE('',(#22380),#22386,.T.);
#22380 = FACE_BOUND('',#22381,.T.);
#22381 = EDGE_LOOP('',(#22382,#22383,#22384,#22385));
#22382 = ORIENTED_EDGE('',*,*,#15128,.F.);
#22383 = ORIENTED_EDGE('',*,*,#15096,.T.);
#22384 = ORIENTED_EDGE('',*,*,#15152,.T.);
#22385 = ORIENTED_EDGE('',*,*,#15168,.F.);
#22386 = PLANE('',#22387);
#22387 = AXIS2_PLACEMENT_3D('',#22388,#22389,#22390);
#22388 = CARTESIAN_POINT('',(33.24,1.26,0.5));
#22389 = DIRECTION('',(-0.,1.,0.));
#22390 = DIRECTION('',(0.,0.,1.));
#22391 = ADVANCED_FACE('',(#22392),#22398,.T.);
#22392 = FACE_BOUND('',#22393,.T.);
#22393 = EDGE_LOOP('',(#22394,#22395,#22396,#22397));
#22394 = ORIENTED_EDGE('',*,*,#15224,.F.);
#22395 = ORIENTED_EDGE('',*,*,#15192,.T.);
#22396 = ORIENTED_EDGE('',*,*,#15248,.T.);
#22397 = ORIENTED_EDGE('',*,*,#15264,.F.);
#22398 = PLANE('',#22399);
#22399 = AXIS2_PLACEMENT_3D('',#22400,#22401,#22402);
#22400 = CARTESIAN_POINT('',(34.96,1.26,0.5));
#22401 = DIRECTION('',(-0.,1.,0.));
#22402 = DIRECTION('',(0.,0.,1.));
#22403 = ADVANCED_FACE('',(#22404),#22410,.T.);
#22404 = FACE_BOUND('',#22405,.T.);
#22405 = EDGE_LOOP('',(#22406,#22407,#22408,#22409));
#22406 = ORIENTED_EDGE('',*,*,#15320,.F.);
#22407 = ORIENTED_EDGE('',*,*,#15288,.T.);
#22408 = ORIENTED_EDGE('',*,*,#15344,.T.);
#22409 = ORIENTED_EDGE('',*,*,#15360,.F.);
#22410 = PLANE('',#22411);
#22411 = AXIS2_PLACEMENT_3D('',#22412,#22413,#22414);
#22412 = CARTESIAN_POINT('',(36.68,1.26,0.5));
#22413 = DIRECTION('',(-0.,1.,0.));
#22414 = DIRECTION('',(0.,0.,1.));
#22415 = ADVANCED_FACE('',(#22416),#22422,.T.);
#22416 = FACE_BOUND('',#22417,.T.);
#22417 = EDGE_LOOP('',(#22418,#22419,#22420,#22421));
#22418 = ORIENTED_EDGE('',*,*,#15416,.F.);
#22419 = ORIENTED_EDGE('',*,*,#15384,.T.);
#22420 = ORIENTED_EDGE('',*,*,#15440,.T.);
#22421 = ORIENTED_EDGE('',*,*,#15456,.F.);
#22422 = PLANE('',#22423);
#22423 = AXIS2_PLACEMENT_3D('',#22424,#22425,#22426);
#22424 = CARTESIAN_POINT('',(38.4,1.26,0.5));
#22425 = DIRECTION('',(-0.,1.,0.));
#22426 = DIRECTION('',(0.,0.,1.));
#22427 = ADVANCED_FACE('',(#22428),#22434,.T.);
#22428 = FACE_BOUND('',#22429,.T.);
#22429 = EDGE_LOOP('',(#22430,#22431,#22432,#22433));
#22430 = ORIENTED_EDGE('',*,*,#15512,.F.);
#22431 = ORIENTED_EDGE('',*,*,#15480,.T.);
#22432 = ORIENTED_EDGE('',*,*,#15536,.T.);
#22433 = ORIENTED_EDGE('',*,*,#15552,.F.);
#22434 = PLANE('',#22435);
#22435 = AXIS2_PLACEMENT_3D('',#22436,#22437,#22438);
#22436 = CARTESIAN_POINT('',(40.12,1.26,0.5));
#22437 = DIRECTION('',(-0.,1.,0.));
#22438 = DIRECTION('',(0.,0.,1.));
#22439 = ADVANCED_FACE('',(#22440),#22446,.T.);
#22440 = FACE_BOUND('',#22441,.T.);
#22441 = EDGE_LOOP('',(#22442,#22443,#22444,#22445));
#22442 = ORIENTED_EDGE('',*,*,#15608,.F.);
#22443 = ORIENTED_EDGE('',*,*,#15576,.T.);
#22444 = ORIENTED_EDGE('',*,*,#15632,.T.);
#22445 = ORIENTED_EDGE('',*,*,#15648,.F.);
#22446 = PLANE('',#22447);
#22447 = AXIS2_PLACEMENT_3D('',#22448,#22449,#22450);
#22448 = CARTESIAN_POINT('',(41.84,1.26,0.5));
#22449 = DIRECTION('',(-0.,1.,0.));
#22450 = DIRECTION('',(0.,0.,1.));
#22451 = ADVANCED_FACE('',(#22452),#22458,.T.);
#22452 = FACE_BOUND('',#22453,.T.);
#22453 = EDGE_LOOP('',(#22454,#22455,#22456,#22457));
#22454 = ORIENTED_EDGE('',*,*,#15704,.F.);
#22455 = ORIENTED_EDGE('',*,*,#15672,.T.);
#22456 = ORIENTED_EDGE('',*,*,#15728,.T.);
#22457 = ORIENTED_EDGE('',*,*,#15744,.F.);
#22458 = PLANE('',#22459);
#22459 = AXIS2_PLACEMENT_3D('',#22460,#22461,#22462);
#22460 = CARTESIAN_POINT('',(43.56,1.26,0.5));
#22461 = DIRECTION('',(-0.,1.,0.));
#22462 = DIRECTION('',(0.,0.,1.));
#22463 = ADVANCED_FACE('',(#22464),#22470,.T.);
#22464 = FACE_BOUND('',#22465,.T.);
#22465 = EDGE_LOOP('',(#22466,#22467,#22468,#22469));
#22466 = ORIENTED_EDGE('',*,*,#15800,.F.);
#22467 = ORIENTED_EDGE('',*,*,#15768,.T.);
#22468 = ORIENTED_EDGE('',*,*,#15824,.T.);
#22469 = ORIENTED_EDGE('',*,*,#15840,.F.);
#22470 = PLANE('',#22471);
#22471 = AXIS2_PLACEMENT_3D('',#22472,#22473,#22474);
#22472 = CARTESIAN_POINT('',(45.28,1.26,0.5));
#22473 = DIRECTION('',(-0.,1.,0.));
#22474 = DIRECTION('',(0.,0.,1.));
#22475 = ADVANCED_FACE('',(#22476),#22482,.T.);
#22476 = FACE_BOUND('',#22477,.T.);
#22477 = EDGE_LOOP('',(#22478,#22479,#22480,#22481));
#22478 = ORIENTED_EDGE('',*,*,#15896,.F.);
#22479 = ORIENTED_EDGE('',*,*,#15864,.T.);
#22480 = ORIENTED_EDGE('',*,*,#15920,.T.);
#22481 = ORIENTED_EDGE('',*,*,#15936,.F.);
#22482 = PLANE('',#22483);
#22483 = AXIS2_PLACEMENT_3D('',#22484,#22485,#22486);
#22484 = CARTESIAN_POINT('',(47.,1.26,0.5));
#22485 = DIRECTION('',(-0.,1.,0.));
#22486 = DIRECTION('',(0.,0.,1.));
#22487 = ADVANCED_FACE('',(#22488),#22494,.T.);
#22488 = FACE_BOUND('',#22489,.T.);
#22489 = EDGE_LOOP('',(#22490,#22491,#22492,#22493));
#22490 = ORIENTED_EDGE('',*,*,#15992,.F.);
#22491 = ORIENTED_EDGE('',*,*,#15960,.T.);
#22492 = ORIENTED_EDGE('',*,*,#16016,.T.);
#22493 = ORIENTED_EDGE('',*,*,#16032,.F.);
#22494 = PLANE('',#22495);
#22495 = AXIS2_PLACEMENT_3D('',#22496,#22497,#22498);
#22496 = CARTESIAN_POINT('',(48.72,1.26,0.5));
#22497 = DIRECTION('',(-0.,1.,0.));
#22498 = DIRECTION('',(0.,0.,1.));
#22499 = ADVANCED_FACE('',(#22500),#22506,.T.);
#22500 = FACE_BOUND('',#22501,.T.);
#22501 = EDGE_LOOP('',(#22502,#22503,#22504,#22505));
#22502 = ORIENTED_EDGE('',*,*,#16088,.F.);
#22503 = ORIENTED_EDGE('',*,*,#16056,.T.);
#22504 = ORIENTED_EDGE('',*,*,#16112,.T.);
#22505 = ORIENTED_EDGE('',*,*,#16128,.F.);
#22506 = PLANE('',#22507);
#22507 = AXIS2_PLACEMENT_3D('',#22508,#22509,#22510);
#22508 = CARTESIAN_POINT('',(50.44,1.26,0.5));
#22509 = DIRECTION('',(-0.,1.,0.));
#22510 = DIRECTION('',(0.,0.,1.));
#22511 = ADVANCED_FACE('',(#22512),#22518,.T.);
#22512 = FACE_BOUND('',#22513,.T.);
#22513 = EDGE_LOOP('',(#22514,#22515,#22516,#22517));
#22514 = ORIENTED_EDGE('',*,*,#16184,.F.);
#22515 = ORIENTED_EDGE('',*,*,#16152,.T.);
#22516 = ORIENTED_EDGE('',*,*,#16208,.T.);
#22517 = ORIENTED_EDGE('',*,*,#16224,.F.);
#22518 = PLANE('',#22519);
#22519 = AXIS2_PLACEMENT_3D('',#22520,#22521,#22522);
#22520 = CARTESIAN_POINT('',(52.16,1.26,0.5));
#22521 = DIRECTION('',(-0.,1.,0.));
#22522 = DIRECTION('',(0.,0.,1.));
#22523 = ADVANCED_FACE('',(#22524),#22530,.T.);
#22524 = FACE_BOUND('',#22525,.T.);
#22525 = EDGE_LOOP('',(#22526,#22527,#22528,#22529));
#22526 = ORIENTED_EDGE('',*,*,#16280,.F.);
#22527 = ORIENTED_EDGE('',*,*,#16248,.T.);
#22528 = ORIENTED_EDGE('',*,*,#16304,.T.);
#22529 = ORIENTED_EDGE('',*,*,#16320,.F.);
#22530 = PLANE('',#22531);
#22531 = AXIS2_PLACEMENT_3D('',#22532,#22533,#22534);
#22532 = CARTESIAN_POINT('',(53.88,1.26,0.5));
#22533 = DIRECTION('',(-0.,1.,0.));
#22534 = DIRECTION('',(0.,0.,1.));
#22535 = ADVANCED_FACE('',(#22536),#22542,.T.);
#22536 = FACE_BOUND('',#22537,.T.);
#22537 = EDGE_LOOP('',(#22538,#22539,#22540,#22541));
#22538 = ORIENTED_EDGE('',*,*,#16376,.F.);
#22539 = ORIENTED_EDGE('',*,*,#16344,.T.);
#22540 = ORIENTED_EDGE('',*,*,#16400,.T.);
#22541 = ORIENTED_EDGE('',*,*,#16416,.F.);
#22542 = PLANE('',#22543);
#22543 = AXIS2_PLACEMENT_3D('',#22544,#22545,#22546);
#22544 = CARTESIAN_POINT('',(55.6,1.26,0.5));
#22545 = DIRECTION('',(-0.,1.,0.));
#22546 = DIRECTION('',(0.,0.,1.));
#22547 = ADVANCED_FACE('',(#22548),#22554,.T.);
#22548 = FACE_BOUND('',#22549,.T.);
#22549 = EDGE_LOOP('',(#22550,#22551,#22552,#22553));
#22550 = ORIENTED_EDGE('',*,*,#16472,.F.);
#22551 = ORIENTED_EDGE('',*,*,#16440,.T.);
#22552 = ORIENTED_EDGE('',*,*,#16496,.T.);
#22553 = ORIENTED_EDGE('',*,*,#16512,.F.);
#22554 = PLANE('',#22555);
#22555 = AXIS2_PLACEMENT_3D('',#22556,#22557,#22558);
#22556 = CARTESIAN_POINT('',(57.32,1.26,0.5));
#22557 = DIRECTION('',(-0.,1.,0.));
#22558 = DIRECTION('',(0.,0.,1.));
#22559 = ADVANCED_FACE('',(#22560),#22566,.T.);
#22560 = FACE_BOUND('',#22561,.T.);
#22561 = EDGE_LOOP('',(#22562,#22563,#22564,#22565));
#22562 = ORIENTED_EDGE('',*,*,#16568,.F.);
#22563 = ORIENTED_EDGE('',*,*,#16536,.T.);
#22564 = ORIENTED_EDGE('',*,*,#16592,.T.);
#22565 = ORIENTED_EDGE('',*,*,#16608,.F.);
#22566 = PLANE('',#22567);
#22567 = AXIS2_PLACEMENT_3D('',#22568,#22569,#22570);
#22568 = CARTESIAN_POINT('',(59.04,1.26,0.5));
#22569 = DIRECTION('',(-0.,1.,0.));
#22570 = DIRECTION('',(0.,0.,1.));
#22571 = ADVANCED_FACE('',(#22572),#22578,.T.);
#22572 = FACE_BOUND('',#22573,.T.);
#22573 = EDGE_LOOP('',(#22574,#22575,#22576,#22577));
#22574 = ORIENTED_EDGE('',*,*,#16664,.F.);
#22575 = ORIENTED_EDGE('',*,*,#16632,.T.);
#22576 = ORIENTED_EDGE('',*,*,#16688,.T.);
#22577 = ORIENTED_EDGE('',*,*,#16704,.F.);
#22578 = PLANE('',#22579);
#22579 = AXIS2_PLACEMENT_3D('',#22580,#22581,#22582);
#22580 = CARTESIAN_POINT('',(65.92,1.26,0.5));
#22581 = DIRECTION('',(-0.,1.,0.));
#22582 = DIRECTION('',(0.,0.,1.));
#22583 = ADVANCED_FACE('',(#22584),#22590,.T.);
#22584 = FACE_BOUND('',#22585,.T.);
#22585 = EDGE_LOOP('',(#22586,#22587,#22588,#22589));
#22586 = ORIENTED_EDGE('',*,*,#16760,.F.);
#22587 = ORIENTED_EDGE('',*,*,#16728,.T.);
#22588 = ORIENTED_EDGE('',*,*,#16784,.T.);
#22589 = ORIENTED_EDGE('',*,*,#16800,.F.);
#22590 = PLANE('',#22591);
#22591 = AXIS2_PLACEMENT_3D('',#22592,#22593,#22594);
#22592 = CARTESIAN_POINT('',(6.5,2.25,11.));
#22593 = DIRECTION('',(-0.,1.,0.));
#22594 = DIRECTION('',(0.,0.,1.));
#22595 = ADVANCED_FACE('',(#22596),#22602,.T.);
#22596 = FACE_BOUND('',#22597,.T.);
#22597 = EDGE_LOOP('',(#22598,#22599,#22600,#22601));
#22598 = ORIENTED_EDGE('',*,*,#16856,.F.);
#22599 = ORIENTED_EDGE('',*,*,#16824,.T.);
#22600 = ORIENTED_EDGE('',*,*,#16880,.T.);
#22601 = ORIENTED_EDGE('',*,*,#16896,.F.);
#22602 = PLANE('',#22603);
#22603 = AXIS2_PLACEMENT_3D('',#22604,#22605,#22606);
#22604 = CARTESIAN_POINT('',(19.1,2.25,11.));
#22605 = DIRECTION('',(-0.,1.,0.));
#22606 = DIRECTION('',(0.,0.,1.));
#22607 = ADVANCED_FACE('',(#22608),#22614,.T.);
#22608 = FACE_BOUND('',#22609,.T.);
#22609 = EDGE_LOOP('',(#22610,#22611,#22612,#22613));
#22610 = ORIENTED_EDGE('',*,*,#16952,.F.);
#22611 = ORIENTED_EDGE('',*,*,#16920,.T.);
#22612 = ORIENTED_EDGE('',*,*,#16976,.T.);
#22613 = ORIENTED_EDGE('',*,*,#16992,.F.);
#22614 = PLANE('',#22615);
#22615 = AXIS2_PLACEMENT_3D('',#22616,#22617,#22618);
#22616 = CARTESIAN_POINT('',(31.7,2.25,11.));
#22617 = DIRECTION('',(-0.,1.,0.));
#22618 = DIRECTION('',(0.,0.,1.));
#22619 = ADVANCED_FACE('',(#22620),#22626,.T.);
#22620 = FACE_BOUND('',#22621,.T.);
#22621 = EDGE_LOOP('',(#22622,#22623,#22624,#22625));
#22622 = ORIENTED_EDGE('',*,*,#17048,.F.);
#22623 = ORIENTED_EDGE('',*,*,#17016,.T.);
#22624 = ORIENTED_EDGE('',*,*,#17072,.T.);
#22625 = ORIENTED_EDGE('',*,*,#17088,.F.);
#22626 = PLANE('',#22627);
#22627 = AXIS2_PLACEMENT_3D('',#22628,#22629,#22630);
#22628 = CARTESIAN_POINT('',(44.3,2.25,11.));
#22629 = DIRECTION('',(-0.,1.,0.));
#22630 = DIRECTION('',(0.,0.,1.));
#22631 = ADVANCED_FACE('',(#22632),#22638,.T.);
#22632 = FACE_BOUND('',#22633,.T.);
#22633 = EDGE_LOOP('',(#22634,#22635,#22636,#22637));
#22634 = ORIENTED_EDGE('',*,*,#17336,.F.);
#22635 = ORIENTED_EDGE('',*,*,#17304,.T.);
#22636 = ORIENTED_EDGE('',*,*,#17360,.T.);
#22637 = ORIENTED_EDGE('',*,*,#17376,.F.);
#22638 = PLANE('',#22639);
#22639 = AXIS2_PLACEMENT_3D('',#22640,#22641,#22642);
#22640 = CARTESIAN_POINT('',(67.64,1.26,0.5));
#22641 = DIRECTION('',(-0.,1.,0.));
#22642 = DIRECTION('',(0.,0.,1.));
#22643 = ADVANCED_FACE('',(#22644),#22650,.T.);
#22644 = FACE_BOUND('',#22645,.T.);
#22645 = EDGE_LOOP('',(#22646,#22647,#22648,#22649));
#22646 = ORIENTED_EDGE('',*,*,#17432,.F.);
#22647 = ORIENTED_EDGE('',*,*,#17400,.T.);
#22648 = ORIENTED_EDGE('',*,*,#17456,.T.);
#22649 = ORIENTED_EDGE('',*,*,#17472,.F.);
#22650 = PLANE('',#22651);
#22651 = AXIS2_PLACEMENT_3D('',#22652,#22653,#22654);
#22652 = CARTESIAN_POINT('',(69.36,1.26,0.5));
#22653 = DIRECTION('',(-0.,1.,0.));
#22654 = DIRECTION('',(0.,0.,1.));
#22655 = ADVANCED_FACE('',(#22656),#22662,.T.);
#22656 = FACE_BOUND('',#22657,.T.);
#22657 = EDGE_LOOP('',(#22658,#22659,#22660,#22661));
#22658 = ORIENTED_EDGE('',*,*,#17528,.F.);
#22659 = ORIENTED_EDGE('',*,*,#17496,.T.);
#22660 = ORIENTED_EDGE('',*,*,#17552,.T.);
#22661 = ORIENTED_EDGE('',*,*,#17568,.F.);
#22662 = PLANE('',#22663);
#22663 = AXIS2_PLACEMENT_3D('',#22664,#22665,#22666);
#22664 = CARTESIAN_POINT('',(71.08,1.26,0.5));
#22665 = DIRECTION('',(-0.,1.,0.));
#22666 = DIRECTION('',(0.,0.,1.));
#22667 = ADVANCED_FACE('',(#22668),#22674,.T.);
#22668 = FACE_BOUND('',#22669,.T.);
#22669 = EDGE_LOOP('',(#22670,#22671,#22672,#22673));
#22670 = ORIENTED_EDGE('',*,*,#17624,.F.);
#22671 = ORIENTED_EDGE('',*,*,#17592,.T.);
#22672 = ORIENTED_EDGE('',*,*,#17648,.T.);
#22673 = ORIENTED_EDGE('',*,*,#17664,.F.);
#22674 = PLANE('',#22675);
#22675 = AXIS2_PLACEMENT_3D('',#22676,#22677,#22678);
#22676 = CARTESIAN_POINT('',(72.8,1.26,0.5));
#22677 = DIRECTION('',(-0.,1.,0.));
#22678 = DIRECTION('',(0.,0.,1.));
#22679 = ADVANCED_FACE('',(#22680),#22686,.T.);
#22680 = FACE_BOUND('',#22681,.T.);
#22681 = EDGE_LOOP('',(#22682,#22683,#22684,#22685));
#22682 = ORIENTED_EDGE('',*,*,#17720,.F.);
#22683 = ORIENTED_EDGE('',*,*,#17688,.T.);
#22684 = ORIENTED_EDGE('',*,*,#17744,.T.);
#22685 = ORIENTED_EDGE('',*,*,#17760,.F.);
#22686 = PLANE('',#22687);
#22687 = AXIS2_PLACEMENT_3D('',#22688,#22689,#22690);
#22688 = CARTESIAN_POINT('',(74.52,1.26,0.5));
#22689 = DIRECTION('',(-0.,1.,0.));
#22690 = DIRECTION('',(0.,0.,1.));
#22691 = ADVANCED_FACE('',(#22692),#22698,.T.);
#22692 = FACE_BOUND('',#22693,.T.);
#22693 = EDGE_LOOP('',(#22694,#22695,#22696,#22697));
#22694 = ORIENTED_EDGE('',*,*,#17816,.F.);
#22695 = ORIENTED_EDGE('',*,*,#17784,.T.);
#22696 = ORIENTED_EDGE('',*,*,#17840,.T.);
#22697 = ORIENTED_EDGE('',*,*,#17856,.F.);
#22698 = PLANE('',#22699);
#22699 = AXIS2_PLACEMENT_3D('',#22700,#22701,#22702);
#22700 = CARTESIAN_POINT('',(76.24,1.26,0.5));
#22701 = DIRECTION('',(-0.,1.,0.));
#22702 = DIRECTION('',(0.,0.,1.));
#22703 = ADVANCED_FACE('',(#22704),#22710,.T.);
#22704 = FACE_BOUND('',#22705,.T.);
#22705 = EDGE_LOOP('',(#22706,#22707,#22708,#22709));
#22706 = ORIENTED_EDGE('',*,*,#17912,.F.);
#22707 = ORIENTED_EDGE('',*,*,#17880,.T.);
#22708 = ORIENTED_EDGE('',*,*,#17936,.T.);
#22709 = ORIENTED_EDGE('',*,*,#17952,.F.);
#22710 = PLANE('',#22711);
#22711 = AXIS2_PLACEMENT_3D('',#22712,#22713,#22714);
#22712 = CARTESIAN_POINT('',(77.96,1.26,0.5));
#22713 = DIRECTION('',(-0.,1.,0.));
#22714 = DIRECTION('',(0.,0.,1.));
#22715 = ADVANCED_FACE('',(#22716),#22722,.T.);
#22716 = FACE_BOUND('',#22717,.T.);
#22717 = EDGE_LOOP('',(#22718,#22719,#22720,#22721));
#22718 = ORIENTED_EDGE('',*,*,#18008,.F.);
#22719 = ORIENTED_EDGE('',*,*,#17976,.T.);
#22720 = ORIENTED_EDGE('',*,*,#18032,.T.);
#22721 = ORIENTED_EDGE('',*,*,#18048,.F.);
#22722 = PLANE('',#22723);
#22723 = AXIS2_PLACEMENT_3D('',#22724,#22725,#22726);
#22724 = CARTESIAN_POINT('',(79.68,1.26,0.5));
#22725 = DIRECTION('',(-0.,1.,0.));
#22726 = DIRECTION('',(0.,0.,1.));
#22727 = ADVANCED_FACE('',(#22728),#22734,.T.);
#22728 = FACE_BOUND('',#22729,.T.);
#22729 = EDGE_LOOP('',(#22730,#22731,#22732,#22733));
#22730 = ORIENTED_EDGE('',*,*,#18104,.F.);
#22731 = ORIENTED_EDGE('',*,*,#18072,.T.);
#22732 = ORIENTED_EDGE('',*,*,#18128,.T.);
#22733 = ORIENTED_EDGE('',*,*,#18144,.F.);
#22734 = PLANE('',#22735);
#22735 = AXIS2_PLACEMENT_3D('',#22736,#22737,#22738);
#22736 = CARTESIAN_POINT('',(81.4,1.26,0.5));
#22737 = DIRECTION('',(-0.,1.,0.));
#22738 = DIRECTION('',(0.,0.,1.));
#22739 = ADVANCED_FACE('',(#22740),#22746,.T.);
#22740 = FACE_BOUND('',#22741,.T.);
#22741 = EDGE_LOOP('',(#22742,#22743,#22744,#22745));
#22742 = ORIENTED_EDGE('',*,*,#18200,.F.);
#22743 = ORIENTED_EDGE('',*,*,#18168,.T.);
#22744 = ORIENTED_EDGE('',*,*,#18224,.T.);
#22745 = ORIENTED_EDGE('',*,*,#18240,.F.);
#22746 = PLANE('',#22747);
#22747 = AXIS2_PLACEMENT_3D('',#22748,#22749,#22750);
#22748 = CARTESIAN_POINT('',(83.12,1.26,0.5));
#22749 = DIRECTION('',(-0.,1.,0.));
#22750 = DIRECTION('',(0.,0.,1.));
#22751 = ADVANCED_FACE('',(#22752),#22758,.T.);
#22752 = FACE_BOUND('',#22753,.T.);
#22753 = EDGE_LOOP('',(#22754,#22755,#22756,#22757));
#22754 = ORIENTED_EDGE('',*,*,#18296,.F.);
#22755 = ORIENTED_EDGE('',*,*,#18264,.T.);
#22756 = ORIENTED_EDGE('',*,*,#18320,.T.);
#22757 = ORIENTED_EDGE('',*,*,#18336,.F.);
#22758 = PLANE('',#22759);
#22759 = AXIS2_PLACEMENT_3D('',#22760,#22761,#22762);
#22760 = CARTESIAN_POINT('',(84.84,1.26,0.5));
#22761 = DIRECTION('',(-0.,1.,0.));
#22762 = DIRECTION('',(0.,0.,1.));
#22763 = ADVANCED_FACE('',(#22764),#22770,.T.);
#22764 = FACE_BOUND('',#22765,.T.);
#22765 = EDGE_LOOP('',(#22766,#22767,#22768,#22769));
#22766 = ORIENTED_EDGE('',*,*,#18392,.F.);
#22767 = ORIENTED_EDGE('',*,*,#18360,.T.);
#22768 = ORIENTED_EDGE('',*,*,#18416,.T.);
#22769 = ORIENTED_EDGE('',*,*,#18432,.F.);
#22770 = PLANE('',#22771);
#22771 = AXIS2_PLACEMENT_3D('',#22772,#22773,#22774);
#22772 = CARTESIAN_POINT('',(86.56,1.26,0.5));
#22773 = DIRECTION('',(-0.,1.,0.));
#22774 = DIRECTION('',(0.,0.,1.));
#22775 = ADVANCED_FACE('',(#22776),#22782,.T.);
#22776 = FACE_BOUND('',#22777,.T.);
#22777 = EDGE_LOOP('',(#22778,#22779,#22780,#22781));
#22778 = ORIENTED_EDGE('',*,*,#18488,.F.);
#22779 = ORIENTED_EDGE('',*,*,#18456,.T.);
#22780 = ORIENTED_EDGE('',*,*,#18512,.T.);
#22781 = ORIENTED_EDGE('',*,*,#18528,.F.);
#22782 = PLANE('',#22783);
#22783 = AXIS2_PLACEMENT_3D('',#22784,#22785,#22786);
#22784 = CARTESIAN_POINT('',(88.28,1.26,0.5));
#22785 = DIRECTION('',(-0.,1.,0.));
#22786 = DIRECTION('',(0.,0.,1.));
#22787 = ADVANCED_FACE('',(#22788),#22794,.T.);
#22788 = FACE_BOUND('',#22789,.T.);
#22789 = EDGE_LOOP('',(#22790,#22791,#22792,#22793));
#22790 = ORIENTED_EDGE('',*,*,#18584,.F.);
#22791 = ORIENTED_EDGE('',*,*,#18552,.T.);
#22792 = ORIENTED_EDGE('',*,*,#18608,.T.);
#22793 = ORIENTED_EDGE('',*,*,#18624,.F.);
#22794 = PLANE('',#22795);
#22795 = AXIS2_PLACEMENT_3D('',#22796,#22797,#22798);
#22796 = CARTESIAN_POINT('',(90.,1.26,0.5));
#22797 = DIRECTION('',(-0.,1.,0.));
#22798 = DIRECTION('',(0.,0.,1.));
#22799 = ADVANCED_FACE('',(#22800),#22806,.T.);
#22800 = FACE_BOUND('',#22801,.T.);
#22801 = EDGE_LOOP('',(#22802,#22803,#22804,#22805));
#22802 = ORIENTED_EDGE('',*,*,#18680,.F.);
#22803 = ORIENTED_EDGE('',*,*,#18648,.T.);
#22804 = ORIENTED_EDGE('',*,*,#18704,.T.);
#22805 = ORIENTED_EDGE('',*,*,#18720,.F.);
#22806 = PLANE('',#22807);
#22807 = AXIS2_PLACEMENT_3D('',#22808,#22809,#22810);
#22808 = CARTESIAN_POINT('',(91.72,1.26,0.5));
#22809 = DIRECTION('',(-0.,1.,0.));
#22810 = DIRECTION('',(0.,0.,1.));
#22811 = ADVANCED_FACE('',(#22812),#22818,.T.);
#22812 = FACE_BOUND('',#22813,.T.);
#22813 = EDGE_LOOP('',(#22814,#22815,#22816,#22817));
#22814 = ORIENTED_EDGE('',*,*,#18776,.F.);
#22815 = ORIENTED_EDGE('',*,*,#18744,.T.);
#22816 = ORIENTED_EDGE('',*,*,#18800,.T.);
#22817 = ORIENTED_EDGE('',*,*,#18816,.F.);
#22818 = PLANE('',#22819);
#22819 = AXIS2_PLACEMENT_3D('',#22820,#22821,#22822);
#22820 = CARTESIAN_POINT('',(93.44,1.26,0.5));
#22821 = DIRECTION('',(-0.,1.,0.));
#22822 = DIRECTION('',(0.,0.,1.));
#22823 = ADVANCED_FACE('',(#22824),#22830,.T.);
#22824 = FACE_BOUND('',#22825,.T.);
#22825 = EDGE_LOOP('',(#22826,#22827,#22828,#22829));
#22826 = ORIENTED_EDGE('',*,*,#18872,.F.);
#22827 = ORIENTED_EDGE('',*,*,#18840,.T.);
#22828 = ORIENTED_EDGE('',*,*,#18896,.T.);
#22829 = ORIENTED_EDGE('',*,*,#18912,.F.);
#22830 = PLANE('',#22831);
#22831 = AXIS2_PLACEMENT_3D('',#22832,#22833,#22834);
#22832 = CARTESIAN_POINT('',(95.16,1.26,0.5));
#22833 = DIRECTION('',(-0.,1.,0.));
#22834 = DIRECTION('',(0.,0.,1.));
#22835 = ADVANCED_FACE('',(#22836),#22842,.T.);
#22836 = FACE_BOUND('',#22837,.T.);
#22837 = EDGE_LOOP('',(#22838,#22839,#22840,#22841));
#22838 = ORIENTED_EDGE('',*,*,#18968,.F.);
#22839 = ORIENTED_EDGE('',*,*,#18936,.T.);
#22840 = ORIENTED_EDGE('',*,*,#18992,.T.);
#22841 = ORIENTED_EDGE('',*,*,#19008,.F.);
#22842 = PLANE('',#22843);
#22843 = AXIS2_PLACEMENT_3D('',#22844,#22845,#22846);
#22844 = CARTESIAN_POINT('',(96.88,1.26,0.5));
#22845 = DIRECTION('',(-0.,1.,0.));
#22846 = DIRECTION('',(0.,0.,1.));
#22847 = ADVANCED_FACE('',(#22848),#22854,.T.);
#22848 = FACE_BOUND('',#22849,.T.);
#22849 = EDGE_LOOP('',(#22850,#22851,#22852,#22853));
#22850 = ORIENTED_EDGE('',*,*,#19064,.F.);
#22851 = ORIENTED_EDGE('',*,*,#19032,.T.);
#22852 = ORIENTED_EDGE('',*,*,#19088,.T.);
#22853 = ORIENTED_EDGE('',*,*,#19104,.F.);
#22854 = PLANE('',#22855);
#22855 = AXIS2_PLACEMENT_3D('',#22856,#22857,#22858);
#22856 = CARTESIAN_POINT('',(98.6,1.26,0.5));
#22857 = DIRECTION('',(-0.,1.,0.));
#22858 = DIRECTION('',(0.,0.,1.));
#22859 = ADVANCED_FACE('',(#22860),#22866,.T.);
#22860 = FACE_BOUND('',#22861,.T.);
#22861 = EDGE_LOOP('',(#22862,#22863,#22864,#22865));
#22862 = ORIENTED_EDGE('',*,*,#19160,.F.);
#22863 = ORIENTED_EDGE('',*,*,#19128,.T.);
#22864 = ORIENTED_EDGE('',*,*,#19184,.T.);
#22865 = ORIENTED_EDGE('',*,*,#19200,.F.);
#22866 = PLANE('',#22867);
#22867 = AXIS2_PLACEMENT_3D('',#22868,#22869,#22870);
#22868 = CARTESIAN_POINT('',(100.32,1.26,0.5));
#22869 = DIRECTION('',(-0.,1.,0.));
#22870 = DIRECTION('',(0.,0.,1.));
#22871 = ADVANCED_FACE('',(#22872),#22878,.T.);
#22872 = FACE_BOUND('',#22873,.T.);
#22873 = EDGE_LOOP('',(#22874,#22875,#22876,#22877));
#22874 = ORIENTED_EDGE('',*,*,#19256,.F.);
#22875 = ORIENTED_EDGE('',*,*,#19224,.T.);
#22876 = ORIENTED_EDGE('',*,*,#19280,.T.);
#22877 = ORIENTED_EDGE('',*,*,#19296,.F.);
#22878 = PLANE('',#22879);
#22879 = AXIS2_PLACEMENT_3D('',#22880,#22881,#22882);
#22880 = CARTESIAN_POINT('',(102.04,1.26,0.5));
#22881 = DIRECTION('',(-0.,1.,0.));
#22882 = DIRECTION('',(0.,0.,1.));
#22883 = ADVANCED_FACE('',(#22884),#22890,.T.);
#22884 = FACE_BOUND('',#22885,.T.);
#22885 = EDGE_LOOP('',(#22886,#22887,#22888,#22889));
#22886 = ORIENTED_EDGE('',*,*,#19352,.F.);
#22887 = ORIENTED_EDGE('',*,*,#19320,.T.);
#22888 = ORIENTED_EDGE('',*,*,#19376,.T.);
#22889 = ORIENTED_EDGE('',*,*,#19392,.F.);
#22890 = PLANE('',#22891);
#22891 = AXIS2_PLACEMENT_3D('',#22892,#22893,#22894);
#22892 = CARTESIAN_POINT('',(103.76,1.26,0.5));
#22893 = DIRECTION('',(-0.,1.,0.));
#22894 = DIRECTION('',(0.,0.,1.));
#22895 = ADVANCED_FACE('',(#22896),#22902,.T.);
#22896 = FACE_BOUND('',#22897,.T.);
#22897 = EDGE_LOOP('',(#22898,#22899,#22900,#22901));
#22898 = ORIENTED_EDGE('',*,*,#19448,.F.);
#22899 = ORIENTED_EDGE('',*,*,#19416,.T.);
#22900 = ORIENTED_EDGE('',*,*,#19472,.T.);
#22901 = ORIENTED_EDGE('',*,*,#19488,.F.);
#22902 = PLANE('',#22903);
#22903 = AXIS2_PLACEMENT_3D('',#22904,#22905,#22906);
#22904 = CARTESIAN_POINT('',(105.48,1.26,0.5));
#22905 = DIRECTION('',(-0.,1.,0.));
#22906 = DIRECTION('',(0.,0.,1.));
#22907 = ADVANCED_FACE('',(#22908),#22914,.T.);
#22908 = FACE_BOUND('',#22909,.T.);
#22909 = EDGE_LOOP('',(#22910,#22911,#22912,#22913));
#22910 = ORIENTED_EDGE('',*,*,#19544,.F.);
#22911 = ORIENTED_EDGE('',*,*,#19512,.T.);
#22912 = ORIENTED_EDGE('',*,*,#19568,.T.);
#22913 = ORIENTED_EDGE('',*,*,#19584,.F.);
#22914 = PLANE('',#22915);
#22915 = AXIS2_PLACEMENT_3D('',#22916,#22917,#22918);
#22916 = CARTESIAN_POINT('',(107.2,1.26,0.5));
#22917 = DIRECTION('',(-0.,1.,0.));
#22918 = DIRECTION('',(0.,0.,1.));
#22919 = ADVANCED_FACE('',(#22920),#22926,.T.);
#22920 = FACE_BOUND('',#22921,.T.);
#22921 = EDGE_LOOP('',(#22922,#22923,#22924,#22925));
#22922 = ORIENTED_EDGE('',*,*,#19640,.F.);
#22923 = ORIENTED_EDGE('',*,*,#19608,.T.);
#22924 = ORIENTED_EDGE('',*,*,#19664,.T.);
#22925 = ORIENTED_EDGE('',*,*,#19680,.F.);
#22926 = PLANE('',#22927);
#22927 = AXIS2_PLACEMENT_3D('',#22928,#22929,#22930);
#22928 = CARTESIAN_POINT('',(108.92,1.26,0.5));
#22929 = DIRECTION('',(-0.,1.,0.));
#22930 = DIRECTION('',(0.,0.,1.));
#22931 = ADVANCED_FACE('',(#22932),#22938,.T.);
#22932 = FACE_BOUND('',#22933,.T.);
#22933 = EDGE_LOOP('',(#22934,#22935,#22936,#22937));
#22934 = ORIENTED_EDGE('',*,*,#19736,.F.);
#22935 = ORIENTED_EDGE('',*,*,#19704,.T.);
#22936 = ORIENTED_EDGE('',*,*,#19760,.T.);
#22937 = ORIENTED_EDGE('',*,*,#19776,.F.);
#22938 = PLANE('',#22939);
#22939 = AXIS2_PLACEMENT_3D('',#22940,#22941,#22942);
#22940 = CARTESIAN_POINT('',(110.64,1.26,0.5));
#22941 = DIRECTION('',(-0.,1.,0.));
#22942 = DIRECTION('',(0.,0.,1.));
#22943 = ADVANCED_FACE('',(#22944),#22950,.T.);
#22944 = FACE_BOUND('',#22945,.T.);
#22945 = EDGE_LOOP('',(#22946,#22947,#22948,#22949));
#22946 = ORIENTED_EDGE('',*,*,#19832,.F.);
#22947 = ORIENTED_EDGE('',*,*,#19800,.T.);
#22948 = ORIENTED_EDGE('',*,*,#19856,.T.);
#22949 = ORIENTED_EDGE('',*,*,#19872,.F.);
#22950 = PLANE('',#22951);
#22951 = AXIS2_PLACEMENT_3D('',#22952,#22953,#22954);
#22952 = CARTESIAN_POINT('',(112.36,1.26,0.5));
#22953 = DIRECTION('',(-0.,1.,0.));
#22954 = DIRECTION('',(0.,0.,1.));
#22955 = ADVANCED_FACE('',(#22956),#22962,.T.);
#22956 = FACE_BOUND('',#22957,.T.);
#22957 = EDGE_LOOP('',(#22958,#22959,#22960,#22961));
#22958 = ORIENTED_EDGE('',*,*,#19928,.F.);
#22959 = ORIENTED_EDGE('',*,*,#19896,.T.);
#22960 = ORIENTED_EDGE('',*,*,#19952,.T.);
#22961 = ORIENTED_EDGE('',*,*,#19968,.F.);
#22962 = PLANE('',#22963);
#22963 = AXIS2_PLACEMENT_3D('',#22964,#22965,#22966);
#22964 = CARTESIAN_POINT('',(114.08,1.26,0.5));
#22965 = DIRECTION('',(-0.,1.,0.));
#22966 = DIRECTION('',(0.,0.,1.));
#22967 = ADVANCED_FACE('',(#22968),#22974,.T.);
#22968 = FACE_BOUND('',#22969,.T.);
#22969 = EDGE_LOOP('',(#22970,#22971,#22972,#22973));
#22970 = ORIENTED_EDGE('',*,*,#20024,.F.);
#22971 = ORIENTED_EDGE('',*,*,#19992,.T.);
#22972 = ORIENTED_EDGE('',*,*,#20048,.T.);
#22973 = ORIENTED_EDGE('',*,*,#20064,.F.);
#22974 = PLANE('',#22975);
#22975 = AXIS2_PLACEMENT_3D('',#22976,#22977,#22978);
#22976 = CARTESIAN_POINT('',(115.8,1.26,0.5));
#22977 = DIRECTION('',(-0.,1.,0.));
#22978 = DIRECTION('',(0.,0.,1.));
#22979 = ADVANCED_FACE('',(#22980),#22986,.T.);
#22980 = FACE_BOUND('',#22981,.T.);
#22981 = EDGE_LOOP('',(#22982,#22983,#22984,#22985));
#22982 = ORIENTED_EDGE('',*,*,#20120,.F.);
#22983 = ORIENTED_EDGE('',*,*,#20088,.T.);
#22984 = ORIENTED_EDGE('',*,*,#20144,.T.);
#22985 = ORIENTED_EDGE('',*,*,#20160,.F.);
#22986 = PLANE('',#22987);
#22987 = AXIS2_PLACEMENT_3D('',#22988,#22989,#22990);
#22988 = CARTESIAN_POINT('',(117.52,1.26,0.5));
#22989 = DIRECTION('',(-0.,1.,0.));
#22990 = DIRECTION('',(0.,0.,1.));
#22991 = ADVANCED_FACE('',(#22992),#22998,.T.);
#22992 = FACE_BOUND('',#22993,.T.);
#22993 = EDGE_LOOP('',(#22994,#22995,#22996,#22997));
#22994 = ORIENTED_EDGE('',*,*,#20216,.F.);
#22995 = ORIENTED_EDGE('',*,*,#20184,.T.);
#22996 = ORIENTED_EDGE('',*,*,#20240,.T.);
#22997 = ORIENTED_EDGE('',*,*,#20256,.F.);
#22998 = PLANE('',#22999);
#22999 = AXIS2_PLACEMENT_3D('',#23000,#23001,#23002);
#23000 = CARTESIAN_POINT('',(119.24,1.26,0.5));
#23001 = DIRECTION('',(-0.,1.,0.));
#23002 = DIRECTION('',(0.,0.,1.));
#23003 = ADVANCED_FACE('',(#23004),#23010,.T.);
#23004 = FACE_BOUND('',#23005,.T.);
#23005 = EDGE_LOOP('',(#23006,#23007,#23008,#23009));
#23006 = ORIENTED_EDGE('',*,*,#20312,.F.);
#23007 = ORIENTED_EDGE('',*,*,#20280,.T.);
#23008 = ORIENTED_EDGE('',*,*,#20336,.T.);
#23009 = ORIENTED_EDGE('',*,*,#20352,.F.);
#23010 = PLANE('',#23011);
#23011 = AXIS2_PLACEMENT_3D('',#23012,#23013,#23014);
#23012 = CARTESIAN_POINT('',(120.96,1.26,0.5));
#23013 = DIRECTION('',(-0.,1.,0.));
#23014 = DIRECTION('',(0.,0.,1.));
#23015 = ADVANCED_FACE('',(#23016),#23022,.T.);
#23016 = FACE_BOUND('',#23017,.T.);
#23017 = EDGE_LOOP('',(#23018,#23019,#23020,#23021));
#23018 = ORIENTED_EDGE('',*,*,#20408,.F.);
#23019 = ORIENTED_EDGE('',*,*,#20376,.T.);
#23020 = ORIENTED_EDGE('',*,*,#20432,.T.);
#23021 = ORIENTED_EDGE('',*,*,#20448,.F.);
#23022 = PLANE('',#23023);
#23023 = AXIS2_PLACEMENT_3D('',#23024,#23025,#23026);
#23024 = CARTESIAN_POINT('',(122.68,1.26,0.5));
#23025 = DIRECTION('',(-0.,1.,0.));
#23026 = DIRECTION('',(0.,0.,1.));
#23027 = ADVANCED_FACE('',(#23028),#23034,.T.);
#23028 = FACE_BOUND('',#23029,.T.);
#23029 = EDGE_LOOP('',(#23030,#23031,#23032,#23033));
#23030 = ORIENTED_EDGE('',*,*,#20504,.F.);
#23031 = ORIENTED_EDGE('',*,*,#20472,.T.);
#23032 = ORIENTED_EDGE('',*,*,#20528,.T.);
#23033 = ORIENTED_EDGE('',*,*,#20544,.F.);
#23034 = PLANE('',#23035);
#23035 = AXIS2_PLACEMENT_3D('',#23036,#23037,#23038);
#23036 = CARTESIAN_POINT('',(124.4,1.26,0.5));
#23037 = DIRECTION('',(-0.,1.,0.));
#23038 = DIRECTION('',(0.,0.,1.));
#23039 = ADVANCED_FACE('',(#23040),#23046,.T.);
#23040 = FACE_BOUND('',#23041,.T.);
#23041 = EDGE_LOOP('',(#23042,#23043,#23044,#23045));
#23042 = ORIENTED_EDGE('',*,*,#20600,.F.);
#23043 = ORIENTED_EDGE('',*,*,#20568,.T.);
#23044 = ORIENTED_EDGE('',*,*,#20624,.T.);
#23045 = ORIENTED_EDGE('',*,*,#20640,.F.);
#23046 = PLANE('',#23047);
#23047 = AXIS2_PLACEMENT_3D('',#23048,#23049,#23050);
#23048 = CARTESIAN_POINT('',(126.12,1.26,0.5));
#23049 = DIRECTION('',(-0.,1.,0.));
#23050 = DIRECTION('',(0.,0.,1.));
#23051 = ADVANCED_FACE('',(#23052),#23058,.T.);
#23052 = FACE_BOUND('',#23053,.T.);
#23053 = EDGE_LOOP('',(#23054,#23055,#23056,#23057));
#23054 = ORIENTED_EDGE('',*,*,#20737,.F.);
#23055 = ORIENTED_EDGE('',*,*,#20664,.T.);
#23056 = ORIENTED_EDGE('',*,*,#20696,.T.);
#23057 = ORIENTED_EDGE('',*,*,#20719,.F.);
#23058 = PLANE('',#23059);
#23059 = AXIS2_PLACEMENT_3D('',#23060,#23061,#23062);
#23060 = CARTESIAN_POINT('',(106.68,1.9,6.));
#23061 = DIRECTION('',(-0.,1.,0.));
#23062 = DIRECTION('',(0.,0.,1.));
#23063 = ADVANCED_FACE('',(#23064),#23070,.T.);
#23064 = FACE_BOUND('',#23065,.T.);
#23065 = EDGE_LOOP('',(#23066,#23067,#23068,#23069));
#23066 = ORIENTED_EDGE('',*,*,#20792,.F.);
#23067 = ORIENTED_EDGE('',*,*,#20760,.T.);
#23068 = ORIENTED_EDGE('',*,*,#20816,.T.);
#23069 = ORIENTED_EDGE('',*,*,#20832,.F.);
#23070 = PLANE('',#23071);
#23071 = AXIS2_PLACEMENT_3D('',#23072,#23073,#23074);
#23072 = CARTESIAN_POINT('',(69.5,2.25,11.));
#23073 = DIRECTION('',(-0.,1.,0.));
#23074 = DIRECTION('',(0.,0.,1.));
#23075 = ADVANCED_FACE('',(#23076),#23082,.T.);
#23076 = FACE_BOUND('',#23077,.T.);
#23077 = EDGE_LOOP('',(#23078,#23079,#23080,#23081));
#23078 = ORIENTED_EDGE('',*,*,#20888,.F.);
#23079 = ORIENTED_EDGE('',*,*,#20856,.T.);
#23080 = ORIENTED_EDGE('',*,*,#20912,.T.);
#23081 = ORIENTED_EDGE('',*,*,#20928,.F.);
#23082 = PLANE('',#23083);
#23083 = AXIS2_PLACEMENT_3D('',#23084,#23085,#23086);
#23084 = CARTESIAN_POINT('',(82.1,2.25,11.));
#23085 = DIRECTION('',(-0.,1.,0.));
#23086 = DIRECTION('',(0.,0.,1.));
#23087 = ADVANCED_FACE('',(#23088),#23094,.T.);
#23088 = FACE_BOUND('',#23089,.T.);
#23089 = EDGE_LOOP('',(#23090,#23091,#23092,#23093));
#23090 = ORIENTED_EDGE('',*,*,#20984,.F.);
#23091 = ORIENTED_EDGE('',*,*,#20952,.T.);
#23092 = ORIENTED_EDGE('',*,*,#21008,.T.);
#23093 = ORIENTED_EDGE('',*,*,#21024,.F.);
#23094 = PLANE('',#23095);
#23095 = AXIS2_PLACEMENT_3D('',#23096,#23097,#23098);
#23096 = CARTESIAN_POINT('',(94.7,2.25,11.));
#23097 = DIRECTION('',(-0.,1.,0.));
#23098 = DIRECTION('',(0.,0.,1.));
#23099 = ADVANCED_FACE('',(#23100),#23106,.T.);
#23100 = FACE_BOUND('',#23101,.T.);
#23101 = EDGE_LOOP('',(#23102,#23103,#23104,#23105));
#23102 = ORIENTED_EDGE('',*,*,#21080,.F.);
#23103 = ORIENTED_EDGE('',*,*,#21048,.T.);
#23104 = ORIENTED_EDGE('',*,*,#21104,.T.);
#23105 = ORIENTED_EDGE('',*,*,#21120,.F.);
#23106 = PLANE('',#23107);
#23107 = AXIS2_PLACEMENT_3D('',#23108,#23109,#23110);
#23108 = CARTESIAN_POINT('',(107.3,2.25,11.));
#23109 = DIRECTION('',(-0.,1.,0.));
#23110 = DIRECTION('',(0.,0.,1.));
#23111 = ADVANCED_FACE('',(#23112),#23118,.T.);
#23112 = FACE_BOUND('',#23113,.T.);
#23113 = EDGE_LOOP('',(#23114,#23115,#23116,#23117));
#23114 = ORIENTED_EDGE('',*,*,#21176,.F.);
#23115 = ORIENTED_EDGE('',*,*,#21144,.T.);
#23116 = ORIENTED_EDGE('',*,*,#21200,.T.);
#23117 = ORIENTED_EDGE('',*,*,#21216,.F.);
#23118 = PLANE('',#23119);
#23119 = AXIS2_PLACEMENT_3D('',#23120,#23121,#23122);
#23120 = CARTESIAN_POINT('',(119.9,2.25,11.));
#23121 = DIRECTION('',(-0.,1.,0.));
#23122 = DIRECTION('',(0.,0.,1.));
#23123 = ADVANCED_FACE('',(#23124),#23134,.T.);
#23124 = FACE_BOUND('',#23125,.T.);
#23125 = EDGE_LOOP('',(#23126,#23127,#23128,#23129,#23130,#23131,#23132,
    #23133));
#23126 = ORIENTED_EDGE('',*,*,#17215,.F.);
#23127 = ORIENTED_EDGE('',*,*,#17264,.T.);
#23128 = ORIENTED_EDGE('',*,*,#17280,.F.);
#23129 = ORIENTED_EDGE('',*,*,#17240,.F.);
#23130 = ORIENTED_EDGE('',*,*,#17191,.T.);
#23131 = ORIENTED_EDGE('',*,*,#17144,.T.);
#23132 = ORIENTED_EDGE('',*,*,#17112,.T.);
#23133 = ORIENTED_EDGE('',*,*,#17168,.T.);
#23134 = PLANE('',#23135);
#23135 = AXIS2_PLACEMENT_3D('',#23136,#23137,#23138);
#23136 = CARTESIAN_POINT('',(61.347773584906,2.25,15.717924528302));
#23137 = DIRECTION('',(0.,1.,0.));
#23138 = DIRECTION('',(0.,-0.,1.));
#23139 = ( GEOMETRIC_REPRESENTATION_CONTEXT(3) 
GLOBAL_UNCERTAINTY_ASSIGNED_CONTEXT((#23143)) 
GLOBAL_UNIT_ASSIGNED_CONTEXT((#23140,#23141,#23142)) 
REPRESENTATION_CONTEXT('Context #1',
  '3D Context with UNIT and UNCERTAINTY') );
#23140 = ( LENGTH_UNIT() NAMED_UNIT(*) SI_UNIT(.MILLI.,.METRE.) );
#23141 = ( NAMED_UNIT(*) PLANE_ANGLE_UNIT() SI_UNIT($,.RADIAN.) );
#23142 = ( NAMED_UNIT(*) SI_UNIT($,.STERADIAN.) SOLID_ANGLE_UNIT() );
#23143 = UNCERTAINTY_MEASURE_WITH_UNIT(LENGTH_MEASURE(1.E-07),#23140,
  'distance_accuracy_value','confusion accuracy');
#23144 = PRODUCT_RELATED_PRODUCT_CATEGORY('part',$,(#7));
ENDSEC;
END-ISO-10303-21;
